date,parkinson_volatility
2011-01-03,0.00013495905517953494
2011-01-04,0.0003558621613340237
2011-01-05,4.7063646694214983e-05
2011-01-06,5.5794638039414625e-05
2011-01-07,0.0001385403637021967
2011-01-10,0.00012342048060708116
2011-01-11,3.110403506983012e-05
2011-01-12,0.00021711496928513487
2011-01-13,5.9962098619464604e-05
2011-01-14,8.164244314483744e-05
2011-01-18,4.0190562371080645e-05
2011-01-19,0.0002445645313719663
2011-01-20,0.00011917736322762979
2011-01-21,0.00012218175754407748
2011-01-24,0.0001216214741808458
2011-01-25,0.00013086460632663895
2011-01-26,0.0002321097183135261
2011-01-27,7.303261320886277e-05
2011-01-28,0.00025259101478039884
2011-01-31,8.176676319989341e-05
2011-02-01,0.00015585713781562696
2011-02-02,2.502254060229121e-05
2011-02-03,0.0001306059970194057
2011-02-04,5.9754483451764574e-05
2011-02-07,4.080934191502591e-05
2011-02-08,2.260614050908517e-05
2011-02-09,6.28347130780679e-05
2011-02-10,6.780159963819498e-05
2011-02-11,0.00013961030858130436
2011-02-14,1.719698626559246e-05
2011-02-15,4.8466915395357916e-05
2011-02-16,0.00023141407829513618
2011-02-17,0.0004853424682161207
2011-02-18,0.0006198376695519714
2011-02-22,0.00021556837165659804
2011-02-23,0.00016648827644591272
2011-02-24,0.00012326266227516747
2011-02-25,0.00019570417871215285
2011-02-28,0.00019931239845287992
2011-03-01,0.0001798339264000237
2011-03-02,3.730408733336e-05
2011-03-03,7.044942678210053e-05
2011-03-04,6.788256182939979e-05
2011-03-07,0.0002830037721956053
2011-03-08,0.00033624371556220976
2011-03-09,6.21327685673075e-05
2011-03-10,4.850828320801678e-05
2011-03-11,7.288402714452819e-05
2011-03-14,0.00012167046747849384
2011-03-15,0.00021958960266469608
2011-03-16,8.00550130241676e-05
2011-03-17,7.594186543686271e-05
2011-03-18,0.00027024379096586847
2011-03-21,1.528603300278397e-05
2011-03-22,1.872405615545965e-05
2011-03-23,0.00013900052536343233
2011-03-24,9.808525873381635e-05
2011-03-25,1.7154654902962137e-05
2011-03-28,0.00012412022813971214
2011-03-29,5.227307493331303e-05
2011-03-30,3.080402529065423e-05
2011-03-31,2.605419323485745e-05
2011-04-01,3.893757391252978e-05
2011-04-04,4.4037862078486246e-05
2011-04-05,4.017576666294397e-05
2011-04-06,3.65270920331151e-05
2011-04-07,8.017303382070734e-05
2011-04-08,0.00020316960070351368
2011-04-11,3.0175030677411354e-05
2011-04-12,1.4076339436002218e-05
2011-04-13,4.506774251292123e-05
2011-04-14,0.00017376353517393518
2011-04-15,8.410872220351515e-05
2011-04-18,7.71455574773351e-05
2011-04-19,0.00014302283415078008
2011-04-20,3.295509916182203e-05
2011-04-21,3.876598319283094e-05
2011-04-22,3.876598319283094e-05
2011-04-25,8.258150809631701e-05
2011-04-26,0.00028084665461638385
2011-04-27,0.00010095519306247506
2011-04-28,0.0005757448028140312
2011-04-29,0.00011261010512527506
2011-05-02,3.5574283150270065e-05
2011-05-03,2.7082578291672106e-05
2011-05-04,0.0001049469683111773
2011-05-05,0.0001049469683111773
2011-05-06,0.00011405779425824036
2011-05-09,0.00019558692573779204
2011-05-10,7.2908146592836e-05
2011-05-11,5.820936196239962e-05
2011-05-12,7.732599566532383e-05
2011-05-13,0.00017246047992657877
2011-05-16,4.313597257257799e-05
2011-05-17,3.8950130277547666e-05
2011-05-18,4.215407286154362e-05
2011-05-19,6.0362563271664035e-05
2011-05-20,6.569451772918901e-05
2011-05-23,4.2585178441664534e-05
2011-05-24,0.00015170577324176508
2011-05-25,3.797522488040532e-05
2011-05-26,8.723888560002e-05
2011-05-27,4.3364423145561864e-05
2011-05-31,0.00013458320968201716
2011-06-01,0.0002429314968009765
2011-06-02,8.747194625816392e-05
2011-06-03,4.8095902932137756e-05
2011-06-06,2.423258525888412e-05
2011-06-07,9.445304019782979e-05
2011-06-08,5.527666564341167e-05
2011-06-09,4.862292906650022e-05
2011-06-10,6.906410074598805e-05
2011-06-13,3.5545281236157646e-05
2011-06-14,7.99264220331178e-05
2011-06-15,0.0001471404259890402
2011-06-16,0.00013141352940144476
2011-06-17,0.00015071755028180545
2011-06-20,8.332609517224656e-05
2011-06-21,5.61485869602652e-05
2011-06-22,4.6457018934139934e-05
2011-06-23,9.334404353707468e-05
2011-06-24,9.347668732229955e-05
2011-06-27,0.00015889926973057037
2011-06-28,0.0001220016676415376
2011-06-29,0.00015327122454435982
2011-06-30,6.168826250810395e-05
2011-07-01,0.00013710864845833116
2011-07-05,3.056929919487775e-05
2011-07-06,5.430130008250038e-05
2011-07-07,7.180303698445744e-05
2011-07-08,5.3297818995113245e-05
2011-07-11,3.4299564201070525e-05
2011-07-12,0.00012138189309034008
2011-07-13,0.0001540771191843364
2011-07-14,0.0001332769549388801
2011-07-15,0.0002941467220028794
2011-07-18,0.0001944352550152003
2011-07-19,8.909982228800029e-05
2011-07-20,6.450179546294504e-05
2011-07-21,0.00018485718774237275
2011-07-22,9.769075812691648e-05
2011-07-25,5.5248663072030256e-05
2011-07-26,0.0002556073035584574
2011-07-27,0.00012658745088553377
2011-07-28,0.00019472644193211364
2011-07-29,0.0002747597465293048
2011-08-01,0.0006200180551226563
2011-08-02,0.00031902782162951713
2011-08-03,0.00020954034553683285
2011-08-04,0.00011832990611117456
2011-08-05,0.0010523113091548178
2011-08-08,0.0010053243716176136
2011-08-09,0.002078102415415735
2011-08-10,0.0008585767158993226
2011-08-11,0.001146353717872389
2011-08-12,0.0005388426456573311
2011-08-15,9.376405838922085e-05
2011-08-16,0.0001977556889416966
2011-08-17,0.00036391007609914175
2011-08-18,0.0004128165759482738
2011-08-19,0.0005836928126604114
2011-08-22,0.000385196155881093
2011-08-23,0.0010026308430192952
2011-08-24,0.0003228887322607218
2011-08-25,0.0005817613197457256
2011-08-26,0.0004588428590867053
2011-08-29,0.00039437090217744815
2011-08-30,0.00011926726994105807
2011-08-31,0.0001007675267995433
2011-09-01,0.0003517540836937002
2011-09-02,0.0006019665355497716
2011-09-06,0.00046246300581231724
2011-09-07,0.00022205478855565514
2011-09-08,0.0002879976241872864
2011-09-09,0.000324339230886939
2011-09-12,0.0001827300997931568
2011-09-13,0.00020157150375809375
2011-09-14,0.000851636019979301
2011-09-15,0.00016522525199177263
2011-09-16,7.034220420032364e-05
2011-09-19,0.00012404082587646776
2011-09-20,0.00035459785261872894
2011-09-21,0.00033693534674829307
2011-09-22,0.00018706403865011555
2011-09-23,0.00018940538890519735
2011-09-26,0.00017954742887906573
2011-09-27,0.00018583417468011172
2011-09-28,0.0008823616094354969
2011-09-29,0.00017874681356944963
2011-09-30,0.00019884772759858895
2011-10-03,0.0009174587803328142
2011-10-04,0.0011912897481942636
2011-10-05,0.0004211429462221558
2011-10-06,0.00013162963630670743
2011-10-07,0.0002908497301657687
2011-10-10,0.00011328917220208917
2011-10-11,9.311638261344553e-05
2011-10-12,4.1408274702163435e-05
2011-10-13,0.0001132292594057124
2011-10-14,0.00011029317203314951
2011-10-17,0.00034572637988751503
2011-10-18,0.00027922780792006185
2011-10-19,0.00011293040715182631
2011-10-20,0.00018303118178910176
2011-10-21,0.00023715534961444258
2011-10-24,0.00029982667275806025
2011-10-25,0.0002912348160827764
2011-10-26,0.00022678708833593231
2011-10-27,0.0006458790650239375
2011-10-28,0.00014013116662814188
2011-10-31,0.00046480623372908183
2011-11-01,0.0020107356684718487
2011-11-02,7.605887675324583e-05
2011-11-03,0.0008581287799402319
2011-11-04,8.363807435696793e-05
2011-11-07,0.00028341374923613786
2011-11-08,0.000300900644039088
2011-11-09,0.0006076582194878741
2011-11-10,0.00020769577667841585
2011-11-11,6.402314156107634e-05
2011-11-14,0.00013578536652389346
2011-11-15,0.0002892124163242851
2011-11-16,0.0002293889937047943
2011-11-17,0.0001914310984077984
2011-11-18,8.559684385746803e-05
2011-11-21,6.836115954090164e-05
2011-11-22,6.04733442649223e-05
2011-11-23,0.0002480817144718678
2011-11-25,5.7004124710025806e-05
2011-11-28,0.00020543766723103303
2011-11-29,0.00014074795718890262
2011-11-30,0.00020496531449163753
2011-12-01,6.111927692754393e-05
2011-12-02,0.0004848066728944203
2011-12-05,0.00012118130634116919
2011-12-06,4.206529069896341e-05
2011-12-07,0.00033789367074484636
2011-12-08,0.0003043717687641446
2011-12-09,0.0001349751721419897
2011-12-12,6.92180214582978e-05
2011-12-13,0.00018136422368097486
2011-12-14,6.0382506307999296e-05
2011-12-15,4.5597284132553386e-05
2011-12-16,0.00013464833302495772
2011-12-19,0.00017905737805550998
2011-12-20,4.277610706803707e-05
2011-12-21,0.00023144074838861418
2011-12-22,3.356162761508526e-05
2011-12-23,3.536674736769125e-05
2011-12-27,0.00020611565022094936
2011-12-28,2.751117220696575e-05
2011-12-29,1.566453588012455e-05
2011-12-30,3.2490798456026945e-05
2012-01-03,0.00025187834344712385
2012-01-04,3.250793747011958e-05
2012-01-05,0.00017010317413244732
2012-01-06,9.724190768602248e-05
2012-01-09,6.7576580105812e-05
2012-01-10,4.516819867024862e-05
2012-01-11,0.00011612625011632378
2012-01-12,0.0001287728409728909
2012-01-13,8.875073946405637e-05
2012-01-17,5.146281064652463e-05
2012-01-18,0.0001655284393362448
2012-01-19,0.00014893390624817906
2012-01-20,2.4852146168917802e-05
2012-01-23,2.044111153154896e-05
2012-01-24,6.616417079753852e-05
2012-01-25,0.00016002572739909636
2012-01-26,5.486534042528954e-05
2012-01-27,7.408307376654652e-05
2012-01-30,4.1052711430641394e-05
2012-01-31,2.861097597144236e-05
2012-02-01,0.0002542649257192305
2012-02-02,1.8866152811654527e-05
2012-02-03,4.866316670418766e-05
2012-02-06,7.664828735915556e-05
2012-02-07,7.528497225404369e-05
2012-02-08,6.077536876859013e-05
2012-02-09,0.00022675101252918862
2012-02-10,4.2112673509074825e-05
2012-02-13,7.735718273880493e-05
2012-02-14,6.06999088197878e-05
2012-02-15,4.522498350431987e-05
2012-02-16,0.00046123865065741493
2012-02-17,4.553482507053567e-05
2012-02-21,0.0001116685046070678
2012-02-22,2.7343104105060722e-05
2012-02-23,2.708752942241303e-05
2012-02-24,4.954761992897475e-05
2012-02-27,0.0002298691335505946
2012-02-28,9.981118133878222e-05
2012-02-29,0.00010925008789632384
2012-03-01,0.00013086460632663895
2012-03-02,0.0003027708675785424
2012-03-05,0.00036090261812083085
2012-03-06,0.00016202718005655379
2012-03-07,5.199024649134447e-05
2012-03-08,0.00010871548261654902
2012-03-09,0.0003443513479322038
2012-03-12,0.00010524169636852855
2012-03-13,0.00019025403713883375
2012-03-14,0.0001084120195491892
2012-03-15,9.47190141172904e-05
2012-03-16,4.598445025647906e-05
2012-03-19,0.00011098971690988236
2012-03-20,3.0008841658765528e-05
2012-03-21,7.798438992929568e-05
2012-03-22,4.3311638425168626e-05
2012-03-23,6.148275868746575e-05
2012-03-26,0.00013844717383120844
2012-03-27,2.2739641801063474e-05
2012-03-28,4.761897320666875e-05
2012-03-29,7.411189209179853e-05
2012-03-30,5.3365392304413504e-05
2012-04-02,0.0001149628450306236
2012-04-03,8.083854357695695e-05
2012-04-04,0.00013180444228116678
2012-04-05,7.151568501837923e-05
2012-04-09,3.871269525168191e-05
2012-04-10,0.00021174874458482364
2012-04-11,5.8854118767781406e-05
2012-04-12,9.362258103898412e-05
2012-04-13,0.00015898930950944808
2012-04-16,0.00013579084144916122
2012-04-17,0.0023746265387935314
2012-04-18,0.00023861517417397133
2012-04-19,8.477603884384481e-05
2012-04-20,5.4756719467207526e-05
2012-04-23,0.00017365645026414306
2012-04-24,0.00010765288175065522
2012-04-25,5.902226407961926e-05
2012-04-26,0.000231834551338027
2012-04-27,0.0002771960892911363
2012-04-30,6.92969367360484e-05
2012-05-01,0.00017122302206993683
2012-05-02,0.0001170459697981064
2012-05-03,4.947265559786933e-05
2012-05-04,0.0002559207885022368
2012-05-07,0.00020905265390706005
2012-05-08,0.0003004335746594244
2012-05-09,0.00010234723632715926
2012-05-10,5.145171795587013e-05
2012-05-11,6.448550056390802e-05
2012-05-14,0.00012504684148792225
2012-05-15,0.00020626924182357234
2012-05-16,5.910092403202456e-05
2012-05-17,5.2644206327878346e-05
2012-05-18,0.0004838727495270524
2012-05-21,0.000289254359438434
2012-05-22,0.0001967461325954632
2012-05-23,0.00013097929360525597
2012-05-24,0.0002803668644785854
2012-05-25,3.3325464210331914e-05
2012-05-29,0.00012428904688900768
2012-05-30,8.393101406462837e-05
2012-05-31,3.939853933481905e-05
2012-06-01,0.00017460033015544927
2012-06-04,8.149289758954105e-05
2012-06-05,0.0001777522872614919
2012-06-06,3.876393099624355e-05
2012-06-07,5.115909805625182e-05
2012-06-08,2.4860274979519304e-05
2012-06-11,0.00011782969322010343
2012-06-12,8.075036767755477e-05
2012-06-13,0.0003362567538270369
2012-06-14,0.00012020702568769913
2012-06-15,2.1376457159306033e-05
2012-06-18,6.856460794529024e-05
2012-06-19,0.0001315495259706059
2012-06-20,1.6791673347677287e-05
2012-06-21,0.00020944036432362812
2012-06-22,3.1877641108377425e-05
2012-06-25,8.365674787369513e-05
2012-06-26,3.521186822864653e-05
2012-06-27,0.00017060410057062958
2012-06-28,0.00011647777311885182
2012-06-29,7.440447610165127e-05
2012-07-02,8.120805893668858e-05
2012-07-03,5.924889998140382e-05
2012-07-05,6.107397480311459e-05
2012-07-06,4.048556617283664e-05
2012-07-09,6.807481970921316e-05
2012-07-10,1.1747056053103832e-05
2012-07-11,4.0404456320724454e-05
2012-07-12,8.120805893668858e-05
2012-07-13,0.00024013171788348446
2012-07-16,4.655736421088945e-05
2012-07-17,0.00010798137424286742
2012-07-18,0.000120915727129106
2012-07-19,7.804909835717193e-05
2012-07-20,3.876269449492967e-05
2012-07-23,0.00011522486584845556
2012-07-24,2.0683526058016865e-05
2012-07-25,5.2408035036562766e-05
2012-07-26,0.0003113699589822746
2012-07-27,0.00019130442489312884
2012-07-30,6.932881857210139e-05
2012-07-31,6.837399900386478e-05
2012-08-01,0.0003254903909906319
2012-08-02,0.00022928148019939182
2012-08-03,0.00035569023975456487
2012-08-06,5.277938038762299e-05
2012-08-07,8.057648252643386e-05
2012-08-08,2.421273446603396e-05
2012-08-09,6.132590783083622e-05
2012-08-10,7.058265047364678e-05
2012-08-13,0.00012883879077172692
2012-08-14,0.0002291535887838916
2012-08-15,0.00011380394844546565
2012-08-16,8.510069269530771e-05
2012-08-17,0.0001896785063452621
2012-08-20,7.572717397925036e-05
2012-08-21,0.00011420911853342692
2012-08-22,3.0484609056075564e-05
2012-08-23,5.35734822903942e-05
2012-08-24,4.1361208830404574e-05
2012-08-27,8.506488956658996e-05
2012-08-28,8.994133720313832e-05
2012-08-29,3.6279301310409975e-05
2012-08-30,4.865393928399036e-05
2012-08-31,0.00011071195108553503
2012-09-04,0.00020689589059626158
2012-09-05,1.7151070346558015e-05
2012-09-06,6.919391118618832e-06
2012-09-07,2.8902916559335934e-05
2012-09-10,2.5088876656941343e-05
2012-09-11,1.2283230117607231e-05
2012-09-12,3.596300682011559e-05
2012-09-13,0.00023539954209602658
2012-09-14,0.00017628728722512472
2012-09-17,6.218070044656173e-05
2012-09-18,4.712833210933949e-05
2012-09-19,3.434366710914036e-05
2012-09-20,5.6524850593635514e-05
2012-09-21,4.294631694930054e-05
2012-09-24,0.00018834057472358397
2012-09-25,0.0001502572300955731
2012-09-26,5.746146134923159e-05
2012-09-27,0.00020174505828175746
2012-09-28,7.031376590673154e-05
2012-10-01,0.00027988641371715924
2012-10-02,3.9868815761507835e-05
2012-10-03,1.0392572860748521e-05
2012-10-04,4.02987930125627e-05
2012-10-05,0.0001305746645655157
2012-10-08,3.394677079927943e-05
2012-10-09,0.00010039851063521767
2012-10-10,2.9483394844273815e-05
2012-10-11,5.3853067000268846e-05
2012-10-12,5.6485048174364785e-05
2012-10-15,0.000131957379607999
2012-10-16,9.95754609645828e-05
2012-10-17,8.786246138780137e-05
2012-10-18,5.833426250464125e-05
2012-10-19,7.265029157318249e-05
2012-10-22,5.679032685906214e-05
2012-10-23,9.334096215794485e-05
2012-10-24,0.00013366788767140867
2012-10-25,9.372628684594488e-05
2012-10-26,8.77775495905839e-05
2012-10-30,8.77775495905839e-05
2012-10-31,0.0001667553179265984
2012-11-01,0.0002465478079205536
2012-11-02,0.00026984680016638526
2012-11-05,0.0004031472157425906
2012-11-06,6.183644776803503e-05
2012-11-07,0.0008105449625253953
2012-11-08,0.00019362639756618038
2012-11-09,0.00023461984084582104
2012-11-12,9.600870061769722e-05
2012-11-13,0.00020967531737045429
2012-11-14,0.0002779605321636471
2012-11-15,0.00019891849212294954
2012-11-16,0.00011423093613552897
2012-11-19,5.2580847638148685e-05
2012-11-20,0.0002480716425114878
2012-11-21,7.541298880114669e-05
2012-11-23,6.569372326399025e-05
2012-11-26,0.00010893267108617103
2012-11-27,7.25957008816774e-05
2012-11-28,9.465479226365592e-05
2012-11-29,0.00010722105544915683
2012-11-30,0.00013862493596937997
2012-12-03,0.00017062265208742843
2012-12-04,0.00016737581317691818
2012-12-05,0.00012059322286000988
2012-12-06,4.596699297197484e-05
2012-12-07,2.324368392511765e-05
2012-12-10,5.241368451871466e-05
2012-12-11,8.464829323855465e-05
2012-12-12,9.461015623120949e-05
2012-12-13,6.489108590368985e-05
2012-12-14,0.00019693819479137592
2012-12-17,2.3982933014089265e-05
2012-12-18,2.642967214327632e-05
2012-12-19,6.120273632804537e-05
2012-12-20,0.0001809488266844065
2012-12-21,8.807489053329974e-05
2012-12-24,3.8774841267761134e-05
2012-12-26,8.724534692333515e-05
2012-12-27,8.750438964528772e-05
2012-12-28,8.024556760717913e-05
2012-12-31,0.00025415054732044295
2013-01-02,0.0001641145756344882
2013-01-03,6.123081885677855e-05
2013-01-04,8.945096876668572e-05
2013-01-07,0.0001296387521071079
2013-01-08,7.222704216593604e-05
2013-01-09,4.682020575004146e-05
2013-01-10,3.32321778204715e-05
2013-01-11,2.1986032186900995e-05
2013-01-14,2.529391699749297e-05
2013-01-15,6.897793837380628e-06
2013-01-16,1.152721923494358e-05
2013-01-17,4.278387234195282e-05
2013-01-18,5.5234199494354975e-05
2013-01-21,5.5234199494354975e-05
2013-01-22,0.00011246135241346494
2013-01-23,1.1121995213605574e-05
2013-01-24,0.0006970333992732229
2013-01-25,6.717634562656024e-05
2013-01-28,7.806916203064398e-05
2013-01-29,4.6967238693887206e-05
2013-01-30,6.331763033212196e-05
2013-01-31,4.055193497203776e-05
2013-02-01,8.429764485798694e-05
2013-02-04,0.00013068830255344967
2013-02-05,4.698300646830959e-05
2013-02-06,2.4301644957428447e-05
2013-02-07,1.6957269550492885e-05
2013-02-08,7.928528713624457e-06
2013-02-11,1.7833298451442183e-05
2013-02-12,1.6957269550492885e-05
2013-02-13,2.6281917234078923e-05
2013-02-14,2.8270011589867865e-05
2013-02-15,8.071417670093665e-05
2013-02-18,8.071417670093665e-05
2013-02-19,4.631601015425076e-05
2013-02-20,0.00023479684510160174
2013-02-21,0.0007741918880885438
2013-02-22,2.959742084001402e-05
2013-02-25,7.288116847878001e-05
2013-02-26,5.271238968907913e-05
2013-02-27,6.474900940023368e-05
2013-02-28,3.9065230652958314e-05
2013-03-01,9.294870669220023e-05
2013-03-04,3.185205354249994e-05
2013-03-05,5.6153367038614016e-05
2013-03-06,1.713776611170837e-05
2013-03-07,0.00012735084105747695
2013-03-08,8.10841134687846e-05
2013-03-11,2.8618184547739452e-05
2013-03-12,3.2847090933277265e-05
2013-03-13,2.7211080893951525e-05
2013-03-14,8.803062601071582e-05
2013-03-15,3.690508695932186e-05
2013-03-18,2.2776222631048146e-05
2013-03-19,5.6526556797690915e-05
2013-03-20,4.106319872568048e-05
2013-03-21,4.844689036590105e-05
2013-03-22,8.278953749596313e-05
2013-03-25,0.00011604173745247159
2013-03-26,2.9539008898299916e-05
2013-03-27,5.928396464885262e-05
2013-03-28,0.00014060820408737514
2013-03-29,0.00014060820408737514
2013-04-01,0.0005082691630540242
2013-04-02,5.1584707781958496e-05
2013-04-03,0.00018995476476319978
2013-04-04,5.6158568036934005e-05
2013-04-05,2.0570507383006003e-05
2013-04-08,1.4863531596476418e-05
2013-04-09,4.5229387519092326e-05
2013-04-10,0.0002599439209080453
2013-04-11,4.638506773624283e-05
2013-04-12,4.26336697052752e-05
2013-04-15,0.0002482070511218491
2013-04-16,0.00019754322151838187
2013-04-17,6.725423458649518e-05
2013-04-18,2.4603491003371718e-05
2013-04-19,0.0001353119287260273
2013-04-22,0.00012059474367114932
2013-04-23,0.00010779477343984604
2013-04-24,5.9675195448231845e-05
2013-04-25,5.241368451871466e-05
2013-04-26,8.639770875563166e-05
2013-04-29,6.603237603486047e-05
2013-04-30,2.993941254471853e-05
2013-05-01,3.7667457446550065e-05
2013-05-02,0.00015740283863866002
2013-05-03,3.0230559265394832e-05
2013-05-06,6.467850306612892e-05
2013-05-07,0.00018925852145801263
2013-05-08,8.637697184492643e-05
2013-05-09,3.0572273900215833e-05
2013-05-10,0.00011385707906346232
2013-05-13,4.57847542223085e-05
2013-05-14,6.0815480825703776e-05
2013-05-15,0.00010035748899948495
2013-05-16,8.921222859356209e-05
2013-05-17,9.106380519170677e-05
2013-05-20,7.863164853137709e-05
2013-05-21,2.8547953857304055e-05
2013-05-22,0.0002389126343588331
2013-05-23,4.976563653757758e-05
2013-05-24,2.069694898734558e-05
2013-05-28,0.00010314525121960155
2013-05-29,4.713741657693815e-05
2013-05-30,0.0001147288442887744
2013-05-31,0.00016357294293979283
2013-06-03,0.00014798208108095294
2013-06-04,0.00018114487023718337
2013-06-05,0.0001649656638383059
2013-06-06,7.051121250209166e-05
2013-06-07,0.0012000339680793468
2013-06-10,7.304808200631581e-05
2013-06-11,0.00011670959029309207
2013-06-12,0.00015068048524909531
2013-06-13,0.0002647932431996855
2013-06-14,1.2782853553014859e-05
2013-06-17,4.0952453059593636e-05
2013-06-18,9.101023599581277e-05
2013-06-19,4.405084137653227e-05
2013-06-20,3.018032855675369e-05
2013-06-21,0.00023486043240101203
2013-06-24,0.000138819462340882
2013-06-25,0.00010298408391513449
2013-06-26,5.802604171103913e-05
2013-06-27,4.789005388149952e-05
2013-06-28,6.565148683891105e-05
2013-07-01,7.885128717814102e-05
2013-07-02,7.11490062903276e-05
2013-07-03,2.6507495194683824e-05
2013-07-04,2.6507495194683824e-05
2013-07-05,0.00014025997663596527
2013-07-08,2.710385123894423e-05
2013-07-09,4.848485155999002e-05
2013-07-10,2.7664364777357278e-05
2013-07-11,5.2002804715293514e-05
2013-07-12,9.573280936010685e-05
2013-07-15,9.554802709012357e-05
2013-07-16,3.65621470987857e-05
2013-07-17,3.252136007301385e-05
2013-07-18,7.88167531405352e-05
2013-07-19,6.72176660105972e-05
2013-07-22,5.829389321185339e-05
2013-07-23,1.1524917196850591e-05
2013-07-24,0.00012329165028136335
2013-07-25,9.959222501226677e-05
2013-07-26,7.330698285538611e-05
2013-07-29,6.748718711182067e-05
2013-07-30,6.478789424641352e-05
2013-07-31,0.0001848436127852385
2013-08-01,0.00011471541588112282
2013-08-02,0.0009591579278264983
2013-08-05,0.00025763687580950917
2013-08-06,5.598478956976054e-05
2013-08-07,3.838725159224454e-05
2013-08-08,0.0008509688104903642
2013-08-09,2.249326428267034e-05
2013-08-12,7.064297863254184e-05
2013-08-13,7.175970204990126e-05
2013-08-14,5.3396614599535756e-05
2013-08-15,0.00020286948088553075
2013-08-16,8.453818452632724e-05
2013-08-19,4.6014524613412435e-05
2013-08-20,5.702304104714247e-05
2013-08-21,9.769478783223332e-05
2013-08-22,0.00010578212076835968
2013-08-23,3.330354188279964e-05
2013-08-26,0.00014705734225820393
2013-08-27,6.653915562474101e-05
2013-08-28,1.4169976893983163e-05
2013-08-29,9.874966703491573e-05
2013-08-30,0.0002737366824978535
2013-09-03,0.00013519854999731614
2013-09-04,3.3687885759980477e-05
2013-09-05,4.400270607334389e-05
2013-09-06,0.0003568669136445019
2013-09-09,0.00026147156889949396
2013-09-10,6.458834397107551e-05
2013-09-11,0.00011982284812595181
2013-09-12,0.00013736973632221233
2013-09-13,5.783648334449561e-05
2013-09-16,0.00011507475862681496
2013-09-17,0.00016732238285310398
2013-09-18,0.00016839587151448363
2013-09-19,6.678204938452927e-05
2013-09-20,0.00020984881892403189
2013-09-23,9.056178281615406e-05
2013-09-24,0.00010123124680624548
2013-09-25,6.530658838626284e-05
2013-09-26,5.993237312270365e-05
2013-09-27,8.914360240901076e-05
2013-09-30,0.00014967598516475288
2013-10-01,6.918834334863503e-05
2013-10-02,8.443944623601447e-05
2013-10-03,0.0001395642496056413
2013-10-04,3.520027374700337e-05
2013-10-07,0.00013021106187649582
2013-10-08,0.0007372734105914795
2013-10-09,0.0003012022386347431
2013-10-10,0.0001941229282922049
2013-10-11,0.00023666301703073624
2013-10-14,0.00023118877891545173
2013-10-15,0.00012330473358356143
2013-10-16,0.0003453602168372792
2013-10-17,0.00018263335785647243
2013-10-18,6.624132691208622e-05
2013-10-21,5.5780317491709306e-05
2013-10-22,8.863483431865096e-05
2013-10-23,0.00010126299750944892
2013-10-24,5.296991729741663e-05
2013-10-25,0.00010871548261654902
2013-10-28,0.00015746563605784726
2013-10-29,0.0001284620478965775
2013-10-30,7.188753879796673e-05
2013-10-31,0.0005266742183558588
2013-11-01,0.00044770199476227966
2013-11-04,0.00016568676518385157
2013-11-05,3.03900259593566e-05
2013-11-06,0.00011054285162001936
2013-11-07,0.00013942632375727658
2013-11-08,0.0003096308519956282
2013-11-11,4.7896867484739434e-05
2013-11-12,8.367518095226631e-05
2013-11-13,5.542115425174589e-05
2013-11-14,0.00014023903370258324
2013-11-15,8.315208214136938e-05
2013-11-18,9.67301813829253e-05
2013-11-19,0.00012943611858461145
2013-11-20,9.078042623611684e-05
2013-11-21,0.0006203895967154767
2013-11-22,0.00012962704878129058
2013-11-25,0.0002024239242379915
2013-11-26,7.909800049609479e-05
2013-11-27,0.00023352922081092093
2013-11-29,0.00023352922081092093
2013-12-02,0.0001323465207430869
2013-12-03,0.0001335286129644695
2013-12-04,0.0002493448484831052
2013-12-05,5.812437295428359e-05
2013-12-06,0.0001400032855918797
2013-12-09,4.432235522177443e-05
2013-12-10,0.00017536126036259982
2013-12-11,0.0006751163473156496
2013-12-12,6.931384103073416e-05
2013-12-13,6.460532526257948e-05
2013-12-16,0.00030432498793148664
2013-12-17,0.0002390301002489808
2013-12-18,0.0003640049811172647
2013-12-19,0.00011454069166965802
2013-12-20,0.0004571327996584195
2013-12-23,0.00010935920498033785
2013-12-24,0.00011639069273747019
2013-12-26,0.00015117409172980367
2013-12-27,0.0002703200486668469
2013-12-30,5.084539230572141e-05
2013-12-31,0.00012407338339019867
2014-01-02,0.00011541928380633709
2014-01-03,9.826156760275354e-05
2014-01-06,9.404288298392006e-05
2014-01-07,0.00012648005809065592
2014-01-08,0.00015645879569361072
2014-01-09,0.0005971708683937068
2014-01-10,9.910106452254212e-05
2014-01-13,0.00029832998544265565
2014-01-14,9.031309122129365e-05
2014-01-15,0.0001786920322942089
2014-01-16,0.00011388421215999221
2014-01-17,0.00017699947689023862
2014-01-21,0.00013039355994807567
2014-01-22,5.7618773450697284e-05
2014-01-23,8.5716631464347e-05
2014-01-24,0.0002603112398077491
2014-01-27,0.00022009604998785248
2014-01-28,0.00020654857107965283
2014-01-29,0.0001432818952870801
2014-01-30,0.00013239526714907917
2014-01-31,0.00011279985399639139
2014-02-03,0.0003425442722775063
2014-02-04,0.0001516260607280727
2014-02-05,0.00014044542831556374
2014-02-06,7.864821809642107e-05
2014-02-07,9.052664383648812e-05
2014-02-10,0.00019175334543090064
2014-02-11,0.00010420499805395209
2014-02-12,0.00012454870046419794
2014-02-13,0.0003400947218523496
2014-02-14,7.338131659455066e-05
2014-02-18,8.37256605433816e-05
2014-02-19,0.00023455639348203295
2014-02-20,0.002355597864063093
2014-02-21,0.00010986603330085043
2014-02-24,0.0001070859103795749
2014-02-25,0.0002096191422113803
2014-02-26,9.935130545396113e-05
2014-02-27,7.021519502047369e-05
2014-02-28,0.00018574570797202743
2014-03-03,6.344312809550105e-05
2014-03-04,0.0004622400334270042
2014-03-05,7.486518116557487e-05
2014-03-06,3.3482628313140674e-05
2014-03-07,0.00016767351069266165
2014-03-10,3.1009148200077746e-05
2014-03-11,0.00017392858067845953
2014-03-12,0.00011418461485525315
2014-03-13,0.00015174031868971127
2014-03-14,0.0002897909208251351
2014-03-17,2.4313312061626264e-05
2014-03-18,2.6668511183397813e-05
2014-03-19,9.919729523154133e-05
2014-03-20,4.2472080744363814e-05
2014-03-21,0.00028001121203498553
2014-03-24,0.00035581480817482077
2014-03-25,7.392757013790295e-05
2014-03-26,0.00029365500266846124
2014-03-27,0.00014645089113553243
2014-03-28,0.00034985296530807154
2014-03-31,0.00124380238211018
2014-04-01,0.00016900660658449512
2014-04-02,0.00014168817085473002
2014-04-03,8.425784039616309e-05
2014-04-04,0.0002677440083288636
2014-04-07,0.0001238067374037325
2014-04-08,0.0002622868822892731
2014-04-09,0.00033864441259767996
2014-04-10,0.0007006084779900395
2014-04-11,0.0004640898166293103
2014-04-14,0.00011241337323475974
2014-04-15,0.0003714293194542003
2014-04-16,0.00017455445608174986
2014-04-17,0.00023279349578628032
2014-04-21,9.023186985221388e-05
2014-04-22,7.549778460934603e-05
2014-04-23,0.00014686751465385744
2014-04-24,0.0001750491870346156
2014-04-25,4.28765432577519e-05
2014-04-28,0.0002826056343401976
2014-04-29,0.00011215269112140068
2014-04-30,0.00021980942450383758
2014-05-01,0.0005835324215936119
2014-05-02,0.00015971936765135173
2014-05-05,0.00010578660609197276
2014-05-06,8.09987917266456e-05
2014-05-07,0.00015593257509
2014-05-08,0.0004892628993079675
2014-05-09,0.00020727998055801845
2014-05-12,0.0002815297676075532
2014-05-13,0.00027865324835514127
2014-05-14,0.00026642501785591915
2014-05-15,0.0001689913634393035
2014-05-16,5.34492033796461e-05
2014-05-19,0.00023436468047800381
2014-05-20,0.00040763754510743545
2014-05-21,0.00012404809825180548
2014-05-22,0.00015722307490501994
2014-05-23,0.00013708468219934225
2014-05-27,0.00011910046313101417
2014-05-28,0.00012295376112309099
2014-05-29,8.812034346607821e-05
2014-05-30,0.0001101268604580581
2014-06-02,0.0002304176091037056
2014-06-03,0.00013167854690867515
2014-06-04,0.00012021344281784589
2014-06-05,0.0003165746389634812
2014-06-06,4.9201005068123207e-05
2014-06-09,4.1819238029155645e-05
2014-06-10,8.426932744888111e-05
2014-06-11,1.8073355009245763e-05
2014-06-12,0.0001154838646523133
2014-06-13,0.00011152508541782726
2014-06-16,0.00012528688937062834
2014-06-17,3.0197009718375172e-05
2014-06-18,8.294204997303302e-05
2014-06-19,4.316252797180558e-05
2014-06-20,3.7087261507512746e-05
2014-06-23,8.510785603351307e-05
2014-06-24,0.0001922595241687925
2014-06-25,8.820706933704654e-05
2014-06-26,0.00011179422346400989
2014-06-27,0.00016002031970470962
2014-06-30,8.109670063466516e-05
2014-07-01,0.0004340569766095428
2014-07-02,0.00010292287002565758
2014-07-03,5.432645184838842e-05
2014-07-07,9.772175354355764e-05
2014-07-08,6.276937571729443e-05
2014-07-09,5.8586411364531785e-05
2014-07-10,0.0003872301699270693
2014-07-11,0.00013625440308235356
2014-07-14,0.00013818609006678923
2014-07-15,0.00020306402817655788
2014-07-16,0.00036355188080544783
2014-07-17,0.00010460555432726157
2014-07-18,0.00027075915751201886
2014-07-21,0.00019205971214584423
2014-07-22,6.906182529138271e-05
2014-07-23,6.346183101783254e-05
2014-07-24,8.674137579320869e-05
2014-07-25,0.000145968273656558
2014-07-28,0.00011733027786777747
2014-07-29,3.5727751737324494e-05
2014-07-30,0.00013525457760297878
2014-07-31,0.0002945395558324991
2014-08-01,0.0003018680640649685
2014-08-04,9.698177130618962e-05
2014-08-05,0.00014395901480334977
2014-08-06,0.0001510818312636468
2014-08-07,0.00019402423697704673
2014-08-08,8.298789062911786e-05
2014-08-11,6.324355841746315e-05
2014-08-12,0.00016287415548437605
2014-08-13,0.00034271957899439194
2014-08-14,0.00024597645644652274
2014-08-15,0.0001225427643565831
2014-08-18,8.710746554098249e-05
2014-08-19,0.00017544718112116393
2014-08-20,0.0002070574439561429
2014-08-21,0.0001264788022238538
2014-08-22,0.00010785632496896864
2014-08-25,3.2714667816711536e-05
2014-08-26,9.24614036382844e-05
2014-08-27,0.00021773601337821786
2014-08-28,6.356516840023053e-05
2014-08-29,2.478248568161385e-05
2014-09-01,7.032725252064759e-05
2014-09-02,7.032725252064759e-05
2014-09-03,3.9207312280484226e-05
2014-09-04,9.334342146232942e-05
2014-09-05,4.5089135320800905e-05
2014-09-08,3.766614143798638e-05
2014-09-09,8.729478078502783e-05
2014-09-10,1.9357672127910225e-05
2014-09-11,7.736190347890273e-05
2014-09-12,5.299285104081153e-05
2014-09-15,6.890509009346594e-05
2014-09-16,5.991327554569101e-05
2014-09-17,0.0001001689221773116
2014-09-18,0.00012562151563955435
2014-09-19,8.592465050950554e-05
2014-09-22,3.684165340190791e-05
2014-09-23,4.4277175645649504e-05
2014-09-24,7.077653729405331e-05
2014-09-25,6.918228033545667e-05
2014-09-26,4.974116958382742e-05
2014-09-29,0.00013441353649896285
2014-09-30,0.00017868066833466145
2014-10-01,0.00029340201617744774
2014-10-02,0.00013581233054771335
2014-10-03,3.6350155551737705e-05
2014-10-06,4.1055682422967255e-05
2014-10-07,0.00014621135876006567
2014-10-08,0.00032728321239433686
2014-10-09,6.518930593967748e-05
2014-10-10,0.00019907430710934881
2014-10-13,0.00024840399634618786
2014-10-14,0.0003210061585339963
2014-10-15,0.00047573854624402654
2014-10-16,0.0001834678571371141
2014-10-17,0.00015114244193971518
2014-10-20,0.00017150044183445137
2014-10-21,6.59394814133108e-05
2014-10-22,0.00010548961929388155
2014-10-23,0.00026284361933451934
2014-10-24,0.00026284361933451934
2014-10-27,6.67656787240244e-05
2014-10-28,0.0005517324648714454
2014-10-29,0.00023885934242825493
2014-10-30,0.002013133909866443
2014-10-31,0.00012705484634141325
2014-11-03,0.00022700607125518798
2014-11-04,0.00010448015808776003
2014-11-05,8.676678824199575e-05
2014-11-06,5.5505481197891596e-05
2014-11-07,0.0001946559387669668
2014-11-10,5.7181996400366594e-05
2014-11-11,0.0003683857938354452
2014-11-12,0.00031403579371399947
2014-11-13,3.836281702228934e-05
2014-11-14,0.00019076995253679402
2014-11-17,0.00016571425865146515
2014-11-18,5.859898403111351e-05
2014-11-19,0.00014082794000292692
2014-11-20,7.490842423964833e-05
2014-11-21,0.00010160465331576395
2014-11-24,0.0002323549368465399
2014-11-25,8.91767258778094e-05
2014-11-26,4.7872345315908604e-05
2014-11-27,4.7872345315908604e-05
2014-11-28,0.00022698976471220876
2014-12-01,0.0001482910512417467
2014-12-02,0.00024279909060494868
2014-12-03,0.0002470354906930754
2014-12-04,6.221121659532508e-05
2014-12-05,9.302746120473924e-05
2014-12-08,0.00017153704271973485
2014-12-09,0.0006552431515682163
2014-12-10,0.0003673394968743391
2014-12-11,0.0001683615586856155
2014-12-12,7.273176365348487e-05
2014-12-15,0.0005881180600152207
2014-12-16,0.0001567318221814935
2014-12-17,0.0007310545674263778
2014-12-18,0.00016541602188277794
2014-12-19,0.00011535295687981841
2014-12-22,7.748952698523348e-05
2014-12-23,0.00035672364189763924
2014-12-24,5.2658441931661814e-05
2014-12-26,8.945096876668572e-05
2014-12-29,0.00019388948824780881
2014-12-30,7.836748452328284e-05
2014-12-31,0.00021366428804703262
2015-01-02,0.0005655351346991433
2015-01-05,0.0002454294709656935
2015-01-06,0.00032826937798424044
2015-01-07,0.00012186339228573793
2015-01-08,0.00037973901780538003
2015-01-09,8.703154787674012e-05
2015-01-12,0.00013334219486313284
2015-01-13,0.00023374336426710003
2015-01-14,0.00019432780773697488
2015-01-15,0.0001749113007505296
2015-01-16,0.0004046796967293945
2015-01-20,0.00013599639042359077
2015-01-21,0.00019002970307511915
2015-01-22,0.00011485904216394197
2015-01-23,0.00012464073064839422
2015-01-26,0.00043575254552669996
2015-01-27,0.00019812914566646103
2015-01-28,0.00035039189282256173
2015-01-29,0.00017655218984812337
2015-01-30,0.00012954865248679281
2015-02-02,0.0001238208794208861
2015-02-03,8.666378214844786e-05
2015-02-04,0.00014149266904628
2015-02-05,0.00016207133393664932
2015-02-06,9.946881533287087e-05
2015-02-09,0.00033639192233215625
2015-02-10,0.00010788284640714234
2015-02-11,0.00014322773919070358
2015-02-12,4.6593866260949175e-05
2015-02-13,0.00010021144340761975
2015-02-17,5.379718769591249e-05
2015-02-18,0.0001804686284780276
2015-02-19,0.0006239844657193234
2015-02-20,0.00011574779547463591
2015-02-23,0.0001748171619030794
2015-02-24,0.0014097998039593073
2015-02-25,2.2235645276530698e-05
2015-02-26,2.7611560823556947e-05
2015-02-27,2.9982350792908334e-05
2015-03-02,0.00013669010265294362
2015-03-03,3.6378186337263805e-05
2015-03-04,4.517629346393638e-05
2015-03-05,4.7800638628143745e-05
2015-03-06,0.00017410286369772836
2015-03-09,8.905453095739568e-05
2015-03-10,9.850590582327943e-05
2015-03-11,6.047427648941457e-05
2015-03-12,0.00016449170944904498
2015-03-13,4.890245451193961e-05
2015-03-16,0.00016839657446042033
2015-03-17,7.301401799665724e-05
2015-03-18,0.00012923381326145642
2015-03-19,9.997894998471676e-05
2015-03-20,0.00010506580869338206
2015-03-23,3.6406147637066394e-05
2015-03-24,8.231984666504987e-05
2015-03-25,0.00010431243105823818
2015-03-26,6.639455433074537e-05
2015-03-27,8.314570581417713e-05
2015-03-30,0.00019700282371454587
2015-03-31,0.00016603563563384783
2015-04-01,0.0013260559955883008
2015-04-02,9.214190219612106e-05
2015-04-06,9.994354190444631e-05
2015-04-07,9.144647972324631e-05
2015-04-08,5.94108465648918e-05
2015-04-09,0.00013180149874087905
2015-04-10,2.73938628458222e-05
2015-04-13,1.7218537566025924e-05
2015-04-14,4.185681587265205e-05
2015-04-15,7.139949493230725e-05
2015-04-16,0.00020408673823364164
2015-04-17,8.779044651444027e-05
2015-04-20,0.000281763175891708
2015-04-21,3.0336201835355167e-05
2015-04-22,7.662282743806438e-05
2015-04-23,8.632905337394443e-05
2015-04-24,0.0003052071299180157
2015-04-27,0.0003754421771472664
2015-04-28,0.00017870119756742812
2015-04-29,0.000179473605175073
2015-04-30,0.00047879546047782266
2015-05-01,0.00011328538682932119
2015-05-04,0.00011601860280583566
2015-05-05,0.00011024551807923122
2015-05-06,7.565881677124794e-05
2015-05-07,0.00016243695524512574
2015-05-08,0.00027075915751201886
2015-05-11,5.188397387708399e-05
2015-05-12,7.110905046114156e-05
2015-05-13,2.848750306084566e-05
2015-05-14,0.00013086460632663895
2015-05-15,6.009571118545416e-05
2015-05-18,8.749484559913994e-05
2015-05-19,4.056606003228305e-05
2015-05-20,3.513789084555826e-05
2015-05-21,7.743276646729962e-05
2015-05-22,0.0002858143391522637
2015-05-26,0.00020538478657627462
2015-05-27,0.00034289245585327334
2015-05-28,0.00011863281387887192
2015-05-29,0.0001360961007892788
2015-06-01,0.00013905822951625562
2015-06-02,0.00017936461698116155
2015-06-03,0.00029979798478493185
2015-06-04,0.0001843316203134753
2015-06-05,0.0001959353288561015
2015-06-08,3.1857103590681914e-05
2015-06-09,3.326831994799062e-05
2015-06-10,0.00016982278368048818
2015-06-11,2.6631798993344475e-05
2015-06-12,6.293676391120606e-05
2015-06-15,0.00013565470032638865
2015-06-16,0.00027133818751327296
2015-06-17,3.483795896747911e-05
2015-06-18,0.00023974781655983687
2015-06-19,7.859343347031659e-05
2015-06-22,4.8008898821171874e-05
2015-06-23,5.204670578424051e-05
2015-06-24,0.0001362748037685474
2015-06-25,6.724515835759398e-05
2015-06-26,6.362041811279778e-05
2015-06-29,0.0001358096185972163
2015-06-30,8.456401600835835e-05
2015-07-01,5.659877896121264e-05
2015-07-02,0.00023206730983094096
2015-07-06,0.00014035172858556388
2015-07-07,0.0005733698554982031
2015-07-08,0.00022849893586415944
2015-07-09,0.00023967018018241593
2015-07-10,5.947196073968676e-05
2015-07-13,2.9901994012675092e-05
2015-07-14,7.96869607947357e-05
2015-07-15,0.00010525750275362696
2015-07-16,3.044733545221782e-05
2015-07-17,5.5969433918243045e-05
2015-07-20,5.295814629525467e-05
2015-07-21,3.440827677811846e-05
2015-07-22,2.5861173629359373e-05
2015-07-23,8.333112388960148e-05
2015-07-24,0.00014774655789192794
2015-07-27,4.1786218584467505e-05
2015-07-28,9.58451919867568e-05
2015-07-29,0.00013419323073329972
2015-07-30,0.0001548441850201563
2015-07-31,8.265101971993255e-05
2015-08-03,7.948033642442498e-05
2015-08-04,0.00010761320548729806
2015-08-05,4.670628645211908e-05
2015-08-06,0.0003526294684240658
2015-08-07,5.906455482437574e-05
2015-08-10,8.075036767755477e-05
2015-08-11,6.489814390536602e-05
2015-08-12,0.00012325475218707003
2015-08-13,0.00011056827279050354
2015-08-14,4.6144147601999624e-05
2015-08-17,0.00020314275439632757
2015-08-18,3.020124069856226e-05
2015-08-19,0.00015581981703845373
2015-08-20,0.0003702206738699828
2015-08-21,0.0005793935780074801
2015-08-24,0.00040940975482889254
2015-08-25,0.0001126236427319709
2015-08-26,0.0009117960505267964
2015-08-27,0.0005604392086671709
2015-08-28,0.00022524762599392402
2015-08-31,0.00036975248743809357
2015-09-01,0.00019256979581484595
2015-09-02,7.001799990198821e-05
2015-09-03,7.62899761302282e-05
2015-09-04,0.00014184810728419824
2015-09-08,0.0001118672486098465
2015-09-09,0.0002090697360690534
2015-09-10,0.00015727493335380104
2015-09-11,0.0001869676875065925
2015-09-14,7.435888256038807e-05
2015-09-15,8.982781798350511e-05
2015-09-16,8.657661368593152e-05
2015-09-17,0.0001521699976564287
2015-09-18,0.00011461519180719041
2015-09-21,0.00024140292463578029
2015-09-22,9.475326316147001e-05
2015-09-23,8.55059731356186e-05
2015-09-24,0.00033014806466404696
2015-09-25,0.0010892919749090637
2015-09-28,0.000704820949043386
2015-09-29,0.00022610919159245124
2015-09-30,0.00031489899729698835
2015-10-01,0.00039024082608780323
2015-10-02,0.00032951950303860953
2015-10-05,0.00018355670718047415
2015-10-06,0.0003605997851859009
2015-10-07,0.00023403472557756208
2015-10-08,0.00012573850096705448
2015-10-09,0.00010655548053663595
2015-10-12,7.930633958431992e-05
2015-10-13,0.0001016255527720811
2015-10-14,8.616348929181194e-05
2015-10-15,0.0003791250994743289
2015-10-16,0.0001691954426065142
2015-10-19,0.00012444723896739415
2015-10-20,7.106196631966578e-05
2015-10-21,0.000284778925884931
2015-10-22,0.0001488150771741622
2015-10-23,0.0001468962063906932
2015-10-26,5.9294377960917716e-05
2015-10-27,0.00018856519422675403
2015-10-28,0.0008588697867869611
2015-10-29,0.0008012480069060757
2015-10-30,0.0001203090605494387
2015-11-02,0.00010235454617818439
2015-11-03,0.0001508735325591076
2015-11-04,7.360939357491931e-05
2015-11-05,0.00010512452711178325
2015-11-06,0.00028268950929813045
2015-11-09,7.455443542039655e-05
2015-11-10,0.00011113932715046469
2015-11-11,0.00010373206676917076
2015-11-12,0.00013957212631107683
2015-11-13,0.00012459620331598163
2015-11-16,4.172209865935151e-05
2015-11-17,8.603731377904156e-05
2015-11-18,8.221135537881802e-05
2015-11-19,9.432825489974367e-05
2015-11-20,3.105115566786597e-05
2015-11-23,0.00016538122925547347
2015-11-24,0.000348191830778249
2015-11-25,2.227776906119497e-05
2015-11-27,0.00019380057764890836
2015-11-30,0.00018734088050278023
2015-12-01,0.00010410666353603297
2015-12-02,0.0001322651845082857
2015-12-03,0.0005268942695066274
2015-12-04,8.18235485779784e-05
2015-12-07,8.177112920685535e-05
2015-12-08,0.0003046166443811333
2015-12-09,0.0001136356706058017
2015-12-10,4.5599749940281826e-05
2015-12-11,0.00024187069366601266
2015-12-14,0.00017879161697958933
2015-12-15,0.00013648184623749686
2015-12-16,0.0001504460895910159
2015-12-17,0.00023266842403953304
2015-12-18,0.00016254121701848179
2015-12-21,7.578349577511243e-05
2015-12-22,5.471227639833114e-05
2015-12-23,8.550983702639736e-05
2015-12-24,0.00010739567699278438
2015-12-28,8.754496926848598e-05
2015-12-29,0.00011085574437139897
2015-12-30,3.14929514862298e-05
2015-12-31,0.00029625478501581925
2016-01-04,0.0006654767766152799
2016-01-05,0.0002658801146186124
2016-01-06,0.00016156353418078054
2016-01-07,0.00034600814472175636
2016-01-08,0.0002445728405178206
2016-01-11,0.0002896724739185127
2016-01-12,0.0001990552664581596
2016-01-13,0.0001481077362610812
2016-01-14,0.00031293313658879924
2016-01-15,0.0005636202730929047
2016-01-19,0.00010109434097057669
2016-01-20,0.0007859872053627268
2016-01-21,0.00029929092281336177
2016-01-22,0.00013495557081045576
2016-01-25,0.00016652873710586052
2016-01-26,9.788730336035068e-05
2016-01-27,0.00011101639368941265
2016-01-28,0.0006036195173937697
2016-01-29,0.0005857038485712911
2016-02-01,0.00011101639368941265
2016-02-02,8.341861449946406e-05
2016-02-03,0.00020217704976797923
2016-02-04,0.00013287243486342207
2016-02-05,0.00019089891973081405
2016-02-08,0.0005725154179630508
2016-02-09,0.00016915473618111843
2016-02-10,0.00022304813201033804
2016-02-11,0.0004058538505398615
2016-02-12,6.199132571722069e-05
2016-02-16,0.00017113443567792283
2016-02-17,5.6605619450365085e-05
2016-02-18,0.00046539322174332605
2016-02-19,0.0011406074170586418
2016-02-22,0.00021036106969371418
2016-02-23,0.0001429192911842457
2016-02-24,0.0008301199081979648
2016-02-25,8.447831739842545e-05
2016-02-26,9.148543157033963e-05
2016-02-29,7.168804714683642e-05
2016-03-01,0.0002831397465026843
2016-03-02,8.914185058467918e-05
2016-03-03,3.739650711632947e-05
2016-03-04,6.921971157308408e-05
2016-03-07,3.220482249473211e-05
2016-03-08,0.00010707131540846307
2016-03-09,8.412392020179762e-05
2016-03-10,0.00014928957979359677
2016-03-11,0.0005652797619553429
2016-03-14,5.037448383325898e-05
2016-03-15,7.587547780279546e-05
2016-03-16,8.75027831123755e-05
2016-03-17,0.00022432145802153767
2016-03-18,0.00011070949107675694
2016-03-21,1.6370570649551142e-05
2016-03-22,0.0001468516353427247
2016-03-23,0.000128055971402238
2016-03-24,3.709494868143061e-05
2016-03-28,0.00010587592868985628
2016-03-29,0.00045309999422044164
2016-03-30,9.622803232640052e-05
2016-03-31,0.00014258794918009792
2016-04-01,0.00027122587442738493
2016-04-04,0.00010142004840801988
2016-04-05,6.0154858509631624e-05
2016-04-06,0.00016943119303796438
2016-04-07,4.958233918466476e-05
2016-04-08,4.2459542152139136e-05
2016-04-11,0.00015007646860423115
2016-04-12,0.00018000430096775118
2016-04-13,9.168614030649466e-05
2016-04-14,1.7123309847722575e-05
2016-04-15,5.673062022939956e-05
2016-04-18,8.021351309486245e-05
2016-04-19,5.08248260221678e-05
2016-04-20,8.788695536767812e-05
2016-04-21,7.815492321991092e-05
2016-04-22,7.096533011942924e-05
2016-04-25,2.496379584096458e-05
2016-04-26,8.43991898802437e-05
2016-04-27,6.545545447188611e-05
2016-04-28,0.0003340029795138971
2016-04-29,0.00024328759756258328
2016-05-02,6.656012467440504e-05
2016-05-03,0.00012044747560251891
2016-05-04,2.8367758129449546e-05
2016-05-05,9.476806951614306e-05
2016-05-06,5.410042252853087e-05
2016-05-09,0.00015156965205024995
2016-05-10,5.3558475341389674e-05
2016-05-11,9.7095407827992e-05
2016-05-12,0.00016583716648032137
2016-05-13,6.94888815337029e-05
2016-05-16,0.0004633946889180432
2016-05-17,0.0004699299045218196
2016-05-18,8.927513655560351e-05
2016-05-19,9.402951210963378e-05
2016-05-20,0.00015423743423099032
2016-05-23,9.792105207847954e-05
2016-05-24,0.00018454147274970408
2016-05-25,0.00014645319425174208
2016-05-26,3.6293236914007834e-05
2016-05-27,4.517329771867823e-05
2016-05-31,5.580780857045765e-05
2016-06-01,9.888492792986567e-05
2016-06-02,5.993972582648864e-05
2016-06-03,6.986284067556288e-05
2016-06-06,6.512369608810863e-05
2016-06-07,8.422663421262417e-05
2016-06-08,0.000125886230963928
2016-06-09,2.5446777581864237e-05
2016-06-10,4.2110181520060066e-05
2016-06-13,7.775795476598326e-05
2016-06-14,3.6634578797047564e-05
2016-06-15,8.264860760726287e-05
2016-06-16,5.848407503715489e-05
2016-06-17,0.00023925979365364012
2016-06-20,8.739817681102567e-05
2016-06-21,0.00018356387917490953
2016-06-22,9.720548574264098e-05
2016-06-23,6.096304724505856e-05
2016-06-24,0.0001961207445567963
2016-06-27,0.0001891438167724127
2016-06-28,0.0003424563118640055
2016-06-29,6.111993313010365e-05
2016-06-30,0.00018069754553250432
2016-07-01,5.8103030115654696e-05
2016-07-05,7.899731401731451e-05
2016-07-06,4.876715631545536e-05
2016-07-07,3.3123940021105336e-05
2016-07-08,0.00015378069057618901
2016-07-11,0.0003406349790838246
2016-07-12,8.910836221766529e-05
2016-07-13,7.353433684275565e-05
2016-07-14,6.720934539965931e-05
2016-07-15,4.883577590024452e-05
2016-07-18,6.098275067168828e-05
2016-07-19,1.689643462618466e-05
2016-07-20,5.519132222535515e-05
2016-07-21,0.00018984149810857088
2016-07-22,7.354312133416035e-05
2016-07-25,4.4356446600827934e-05
2016-07-26,7.256895631188127e-05
2016-07-27,4.89609103843652e-05
2016-07-28,0.0007528491467746627
2016-07-29,8.008989315786143e-05
2016-08-01,3.905877800635801e-05
2016-08-02,5.209067291754174e-05
2016-08-03,1.6141466911303366e-05
2016-08-04,6.72263431819134e-05
2016-08-05,1.4049282627577348e-05
2016-08-08,7.397335796349983e-05
2016-08-09,2.174084803684769e-05
2016-08-10,8.6379518080922e-05
2016-08-11,2.8820009446482298e-05
2016-08-12,5.9872988403735715e-05
2016-08-15,1.2034759647067345e-05
2016-08-16,4.599367817049389e-05
2016-08-17,3.6979950138333895e-05
2016-08-18,6.966301419870035e-05
2016-08-19,6.366497722826511e-05
2016-08-22,5.344997661292419e-05
2016-08-23,4.7617547713611534e-05
2016-08-24,4.129779198513885e-05
2016-08-25,3.1674252925755815e-05
2016-08-26,7.99442763130108e-05
2016-08-29,0.00010608938725435404
2016-08-30,2.383726424951035e-05
2016-08-31,8.45420809819971e-05
2016-09-01,3.033905557009148e-05
2016-09-02,0.0002008068702596384
2016-09-06,4.754995490579031e-05
2016-09-07,9.114828272327441e-05
2016-09-08,6.448523723654768e-05
2016-09-09,0.00023215792804441953
2016-09-12,0.00024019610926008113
2016-09-13,0.0002241664397281073
2016-09-14,4.1144536547079056e-05
2016-09-15,0.0004413134642835165
2016-09-16,5.7123677000436825e-05
2016-09-19,6.645577640572041e-05
2016-09-20,3.457411236730121e-05
2016-09-21,0.001507403539743878
2016-09-22,6.862025150729511e-05
2016-09-23,0.00028003861796033913
2016-09-26,5.686106429857965e-05
2016-09-27,0.00028733468200095965
2016-09-28,0.00015408895148368755
2016-09-29,0.00010259895506369261
2016-09-30,0.00012143556928007672
2016-10-03,0.000119963554986704
2016-10-04,0.00019513458290324801
2016-10-05,0.00015045217858141967
2016-10-06,0.0001617706509351313
2016-10-07,5.047366484734621e-05
2016-10-10,7.264526691904056e-05
2016-10-11,0.00021034054366641017
2016-10-12,4.648752173966532e-05
2016-10-13,5.654096988561934e-05
2016-10-14,6.185046757385003e-05
2016-10-17,2.0657320675269598e-05
2016-10-18,2.5875035675835684e-05
2016-10-19,1.9784808058687405e-05
2016-10-20,0.00011077332408196334
2016-10-21,1.8179685088721375e-05
2016-10-24,0.00011020799266621631
2016-10-25,6.09955848234141e-05
2016-10-26,4.75108003506824e-05
2016-10-27,0.0003193793471008064
2016-10-28,7.20916124962444e-05
2016-10-31,0.000832055441776864
2016-11-01,0.0003262412894018572
2016-11-02,0.00013170538358090594
2016-11-03,4.763975510039232e-05
2016-11-04,0.0002458783531388293
2016-11-07,0.00014610215591356066
2016-11-08,0.00011095912891356014
2016-11-09,0.001144392707270547
2016-11-10,0.00011991221216640562
2016-11-11,4.337001776477525e-05
2016-11-14,5.671430532700712e-05
2016-11-15,0.0003868939102420938
2016-11-16,6.891374923509619e-05
2016-11-17,0.00014525802514477265
2016-11-18,3.40822888499671e-05
2016-11-21,0.0001335094214965309
2016-11-22,0.00013575817341566454
2016-11-23,0.00020034401220948375
2016-11-25,3.281074754129748e-05
2016-11-28,3.279470488427299e-05
2016-11-29,7.803164166370234e-05
2016-11-30,0.00023793547986180726
2016-12-01,0.00029122439730556066
2016-12-02,0.00016298264589522591
2016-12-05,0.00016661287045694086
2016-12-06,0.00022984386658977067
2016-12-07,0.00013553826895261071
2016-12-08,8.523773018060654e-05
2016-12-09,7.666824727766531e-05
2016-12-12,0.0001038754739612018
2016-12-13,8.731294012493139e-05
2016-12-14,0.00028555927719588073
2016-12-15,0.00010989318525388352
2016-12-16,0.00016557000558877906
2016-12-19,3.693902343617804e-05
2016-12-20,0.00010210025645872301
2016-12-21,9.303563718914797e-05
2016-12-22,6.46929336676801e-05
2016-12-23,6.730608089572882e-05
2016-12-27,0.0001098672672622163
2016-12-28,5.1901624209593895e-05
2016-12-29,6.370755509907016e-05
2016-12-30,6.232810338665966e-05
2017-01-03,8.555208940839732e-05
2017-01-04,4.992139522263971e-05
2017-01-05,0.00011101639368941265
2017-01-06,0.00021725945650711415
2017-01-09,0.00013952291606109885
2017-01-10,0.0001798633495285766
2017-01-11,0.00018130967750526288
2017-01-12,7.333433771804766e-05
2017-01-13,7.455120572053789e-05
2017-01-17,0.00013861072711184272
2017-01-18,6.608563060463614e-05
2017-01-19,2.8158791151593315e-05
2017-01-20,3.8041109175633876e-05
2017-01-23,0.0001857301857592724
2017-01-24,0.00025934249630338454
2017-01-25,7.339260120245809e-05
2017-01-26,7.771487558092727e-05
2017-01-27,1.7277701431845418e-05
2017-01-30,4.610621459625263e-05
2017-01-31,7.577653834604198e-05
2017-02-01,7.998863768113024e-05
2017-02-02,0.00010632151504409093
2017-02-03,8.014337815946207e-05
2017-02-06,6.14880682073414e-05
2017-02-07,2.397920833654226e-05
2017-02-08,5.8668194538269325e-05
2017-02-09,0.00011513779587152123
2017-02-10,0.0001360282137493885
2017-02-13,3.916350807595204e-05
2017-02-14,5.402577967218075e-05
2017-02-15,2.6106245610285857e-05
2017-02-16,0.0011506480881493875
2017-02-17,0.00037753323163016003
2017-02-21,0.00019864326724764556
2017-02-22,5.257557598292099e-05
2017-02-23,0.0001392284095361089
2017-02-24,4.165223347350692e-05
2017-02-27,1.1822160623127174e-05
2017-02-28,8.427400887038122e-05
2017-03-01,0.00015130387988072854
2017-03-02,0.00011307120472707019
2017-03-03,8.185951033554371e-05
2017-03-06,2.3688177170775505e-05
2017-03-07,5.0031700950883866e-05
2017-03-08,6.54843206669279e-05
2017-03-09,6.060126011851943e-05
2017-03-10,6.466635167823495e-05
2017-03-13,5.760126924617333e-05
2017-03-14,3.302037778666089e-05
2017-03-15,0.00013444846078975017
2017-03-16,0.00010885553158625013
2017-03-17,0.00010838099132597972
2017-03-20,2.6606836723446147e-05
2017-03-21,0.0005751124592740069
2017-03-22,5.926906409262036e-05
2017-03-23,3.187138758629286e-05
2017-03-24,0.00024729803479183734
2017-03-27,0.0001195182868544329
2017-03-28,2.5250903433331347e-05
2017-03-29,1.7041137824856967e-05
2017-03-30,3.7311669516319164e-05
2017-03-31,4.878506880859977e-05
2017-04-03,4.945965829055673e-05
2017-04-04,0.00013286880188865806
2017-04-05,7.839993485752458e-05
2017-04-06,3.7912904888744256e-05
2017-04-07,9.706717508729812e-05
2017-04-10,0.00010964602356762299
2017-04-11,6.936628367144788e-05
2017-04-12,3.6054284128333116e-05
2017-04-13,9.268920281929113e-05
2017-04-17,8.643485346129284e-05
2017-04-18,0.0001058211790393407
2017-04-19,7.255090035891129e-05
2017-04-20,0.00016034066798362517
2017-04-21,2.7096288751736456e-05
2017-04-24,3.7301003087036195e-05
2017-04-25,3.6124536543692744e-05
2017-04-26,0.00010466387959429113
2017-04-27,0.001459589964664502
2017-04-28,0.0003285916440513215
2017-05-01,9.291423324476371e-05
2017-05-02,9.233642232946107e-05
2017-05-03,3.68198880096708e-05
2017-05-04,0.00014563326148340098
2017-05-05,8.433407393377244e-05
2017-05-08,6.268539489437165e-05
2017-05-09,3.548661367107395e-05
2017-05-10,3.039285975574294e-05
2017-05-11,4.705962221266581e-05
2017-05-12,2.701402120569089e-05
2017-05-15,0.0001239295337005667
2017-05-16,5.375870090337791e-05
2017-05-17,0.00010825304349397323
2017-05-18,0.00012699193888550205
2017-05-19,3.228957756723383e-05
2017-05-22,5.595047389308921e-05
2017-05-23,3.720602427011571e-05
2017-05-24,7.924636252519733e-05
2017-05-25,8.79670404552279e-05
2017-05-26,7.580561390014377e-05
2017-05-30,2.6318207339920465e-05
2017-05-31,3.723594932151003e-05
2017-06-01,0.00019202646239887286
2017-06-02,3.533586030891503e-05
2017-06-05,6.675222291224698e-05
2017-06-06,0.00022852136167332308
2017-06-07,6.482816318932473e-05
2017-06-08,3.538587902098147e-05
2017-06-09,0.00021050925796710192
2017-06-12,0.00029599792989533206
2017-06-13,0.00016023082105892278
2017-06-14,0.00016296855174184345
2017-06-15,7.4532418150929e-05
2017-06-16,0.00010941279238613837
2017-06-19,4.6894809069629396e-05
2017-06-20,0.00011392605759842974
2017-06-21,4.373643100776271e-05
2017-06-22,2.2274267745203003e-05
2017-06-23,2.734034666655985e-05
2017-06-26,4.2901719685062726e-05
2017-06-27,5.510518624989708e-05
2017-06-28,5.856782772072739e-05
2017-06-29,0.0003851827690385882
2017-06-30,4.130091024838211e-05
2017-07-03,0.00014789630862433535
2017-07-05,7.9315213571271e-05
2017-07-06,6.391016891372234e-05
2017-07-07,0.00011670484442385269
2017-07-10,0.00020842130875694455
2017-07-11,5.834361506809187e-05
2017-07-12,3.495792147363241e-05
2017-07-13,0.000141194139333583
2017-07-14,1.1958701080774956e-05
2017-07-17,6.488769847185687e-05
2017-07-18,1.8466790803074658e-05
2017-07-19,0.0001555831234380444
2017-07-20,3.774753451319082e-05
2017-07-21,8.03922664620853e-05
2017-07-24,7.327057724136602e-05
2017-07-25,2.5386030841812584e-05
2017-07-26,0.00019360572404327595
2017-07-27,0.009737463516665632
2017-07-28,0.0006143800114069508
2017-07-31,0.00021518461383488187
2017-08-01,0.0001580632368259186
2017-08-02,0.00020370887421069532
2017-08-03,6.671990036595505e-05
2017-08-04,0.00011351134159590788
2017-08-07,5.2018267238322626e-05
2017-08-08,0.00010603186343267688
2017-08-09,6.186047382103351e-05
2017-08-10,0.00013660294903491987
2017-08-11,0.00010763728453284253
2017-08-14,4.185842289178104e-05
2017-08-15,0.00010081360262182581
2017-08-16,7.285668590945745e-05
2017-08-17,6.825275334650082e-05
2017-08-18,0.0001323452109570597
2017-08-21,7.260299742123554e-05
2017-08-22,6.40317761487529e-05
2017-08-23,3.525747348228899e-05
2017-08-24,8.181166789875538e-05
2017-08-25,2.4029564799705723e-05
2017-08-28,6.934790716229983e-05
2017-08-29,5.657001859790204e-05
2017-08-30,9.716101773275866e-05
2017-08-31,0.0001383710124250954
2017-09-01,8.570417615611689e-05
2017-09-05,6.13078739716073e-05
2017-09-06,0.0001761721865941527
2017-09-07,5.293342391088588e-05
2017-09-08,0.0003661306911146086
2017-09-11,6.897939357119312e-05
2017-09-12,2.1886178592515976e-05
2017-09-13,7.304648156663672e-06
2017-09-14,8.040204511051113e-05
2017-09-15,0.00022615677596229828
2017-09-18,0.00011320213807113548
2017-09-19,0.00018752472230779705
2017-09-20,5.896489760312897e-05
2017-09-21,6.025517180494182e-05
2017-09-22,5.129528615282651e-05
2017-09-25,7.991707554971225e-05
2017-09-26,1.5717499135576297e-05
2017-09-27,3.646955696365014e-05
2017-09-28,9.737031150692323e-05
2017-09-29,2.6779229130943947e-05
2017-10-02,4.926779421606875e-05
2017-10-03,0.00014028111593129266
2017-10-04,6.530239873770599e-05
2017-10-05,4.186072959863527e-05
2017-10-06,6.60116023376906e-05
2017-10-09,0.000104661228013185
2017-10-10,3.0138586568841406e-05
2017-10-11,3.5181024602390065e-05
2017-10-12,8.38224733007625e-05
2017-10-13,8.668040059063041e-05
2017-10-16,5.071557849179001e-05
2017-10-17,0.0011694367550873586
2017-10-18,0.00014616467161081818
2017-10-19,9.698623958003007e-05
2017-10-20,7.999652806215944e-05
2017-10-23,0.00013860196117786652
2017-10-24,3.18270786962359e-05
2017-10-25,0.00012703158791253517
2017-10-26,0.0009686342149787927
2017-10-27,8.861871363792712e-05
2017-10-30,8.791952651444147e-05
2017-10-31,5.934247497378878e-05
2017-11-01,5.230462286415596e-05
2017-11-02,0.00017860115096310578
2017-11-03,6.993698284558834e-05
2017-11-06,4.873324658127374e-05
2017-11-07,4.2229431682378224e-05
2017-11-08,2.095696882714629e-05
2017-11-09,8.616690424371134e-05
2017-11-10,9.961774569570713e-05
2017-11-13,8.321132593825038e-05
2017-11-14,7.606570791317114e-05
2017-11-15,0.0001434374950015302
2017-11-16,0.0001044796657596133
2017-11-17,5.971118182374171e-05
2017-11-20,4.2222301905589135e-05
2017-11-21,2.0937273456203163e-05
2017-11-22,0.0001668512316123289
2017-11-24,0.0001259921697215785
2017-11-27,8.73389465176522e-05
2017-11-28,0.00018510219221358137
2017-11-29,0.0004786765770609906
2017-11-30,0.0001111049810335943
2017-12-01,0.00030932346655405946
2017-12-04,8.105733773132872e-05
2017-12-05,5.489109705113059e-05
2017-12-06,6.990456447107322e-05
2017-12-07,4.025058042221921e-05
2017-12-08,0.00016129390456339344
2017-12-11,1.641488155724276e-05
2017-12-12,2.358063206125703e-05
2017-12-13,6.003930227798577e-05
2017-12-14,5.689460175066544e-05
2017-12-15,9.977812463906063e-05
2017-12-18,0.00023151561542368186
2017-12-19,7.717908759405641e-05
2017-12-20,6.968105278993045e-05
2017-12-21,3.4729902897058543e-05
2017-12-22,9.526812916925035e-05
2017-12-26,2.3962664707610567e-05
2017-12-27,9.822543733543905e-05
2017-12-28,5.38199493216553e-05
2017-12-29,4.0445669142371385e-05
2018-01-02,6.991400227765877e-05
2018-01-03,2.883690897058679e-05
2018-01-04,6.251437254450923e-05
2018-01-05,7.387299911647651e-05
2018-01-08,6.550146685742572e-05
2018-01-09,5.424803607264544e-05
2018-01-10,0.0001967847182375148
2018-01-11,8.120095719031167e-05
2018-01-12,0.0001275858220277534
2018-01-16,0.00012617167763045127
2018-01-17,0.0002799431298798233
2018-01-18,0.00017426681848838497
2018-01-19,0.0002543037303315018
2018-01-22,1.5179316204638311e-05
2018-01-23,9.776216452104424e-05
2018-01-24,0.00015031879092514543
2018-01-25,8.487217267430271e-05
2018-01-26,0.00010489494617742558
2018-01-29,0.00011003808705757943
2018-01-30,0.0001380193444245807
2018-01-31,0.00023804669973014978
2018-02-01,5.4279638586984995e-05
2018-02-02,6.64973334327057e-05
2018-02-05,0.0005230941670659151
2018-02-06,0.00014549295202123956
2018-02-07,9.266999332860244e-05
2018-02-08,0.000766045595047676
2018-02-09,0.0004557453013120598
2018-02-12,0.00017358553108186167
2018-02-13,0.00017712035991540137
2018-02-14,0.00040197808156674955
2018-02-15,0.0021625578946115886
2018-02-16,0.0001770987155042004
2018-02-20,0.0005528042941420621
2018-02-21,0.0005354781742985721
2018-02-22,9.856512675033999e-05
2018-02-23,8.907923103727997e-05
2018-02-26,7.62313030080591e-05
2018-02-27,0.00016647103540069712
2018-02-28,6.743686057200615e-05
2018-03-01,0.00020244559471767874
2018-03-02,6.899072583007473e-05
2018-03-05,0.00021909826910866597
2018-03-06,0.0003529545137205301
2018-03-07,6.090201734559123e-05
2018-03-08,5.1789082021475795e-05
2018-03-09,0.00036275709891003273
2018-03-12,8.846140186536318e-05
2018-03-13,0.0001149667973817072
2018-03-14,4.9672175698559375e-05
2018-03-15,8.904149894580498e-05
2018-03-16,7.626009771579197e-05
2018-03-19,0.00013112587234571178
2018-03-20,0.0006492170249495274
2018-03-21,0.00011299008287264832
2018-03-22,0.0001280778518492719
2018-03-23,0.0003831873816172021
2018-03-26,0.00021747323923953677
2018-03-27,0.0002655541163441226
2018-03-28,0.00010087475915880313
2018-03-29,0.0002632196463151272
2018-04-02,0.0005371316846124062
2018-04-03,0.0003021319492351154
2018-04-04,0.0004279364713292545
2018-04-05,0.00017192016645935422
2018-04-06,0.00044857536947751834
2018-04-09,0.00022971190555919727
2018-04-10,0.0002468618718945726
2018-04-11,7.825473741683281e-05
2018-04-12,9.42381206919748e-05
2018-04-13,6.811105329485608e-05
2018-04-16,0.00012757454999558245
2018-04-17,0.00024839412201581545
2018-04-18,0.00029347073818003727
2018-04-19,6.188760744502386e-05
2018-04-20,3.199493155733455e-05
2018-04-23,7.188753879796451e-05
2018-04-24,0.00010370719834816542
2018-04-25,0.0005472095929479181
2018-04-26,0.0004677042794694448
2018-04-27,0.00010332690443012893
2018-04-30,0.00012855130670313592
2018-05-01,5.278741244663298e-05
2018-05-02,0.0002855702550443546
2018-05-03,8.58294976497695e-05
2018-05-04,0.00039673900498252704
2018-05-07,0.00016719800168256651
2018-05-08,4.6809369190426994e-05
2018-05-09,0.00020370887421069532
2018-05-10,0.00013398051409726632
2018-05-11,6.811517023579346e-05
2018-05-14,0.000190961752769308
2018-05-15,6.17282033097485e-05
2018-05-16,0.00011857121175805314
2018-05-17,4.600920676041123e-05
2018-05-18,7.460525957114144e-05
2018-05-21,3.06176540151304e-05
2018-05-22,2.1056847943181903e-05
2018-05-23,9.17848635509087e-05
2018-05-24,7.36255746811964e-05
2018-05-25,0.00015730393045486568
2018-05-29,0.00012311410929469023
2018-05-30,0.00021579687780896376
2018-05-31,0.00010247062551995646
2018-06-01,6.32886932263976e-05
2018-06-04,0.0002757346446773763
2018-06-05,3.666901484762652e-05
2018-06-06,0.00013508737387780671
2018-06-07,0.00018752472230779705
2018-06-08,7.114160452233597e-05
2018-06-11,7.442562361203913e-05
2018-06-12,0.00010161190861833346
2018-06-13,6.983837801271509e-05
2018-06-14,8.005818380446111e-05
2018-06-15,9.986261926114005e-05
2018-06-18,9.436329123526114e-05
2018-06-19,8.373909499885222e-05
2018-06-20,4.3063564770306033e-05
2018-06-21,5.2222113347155476e-05
2018-06-22,4.02849675515956e-05
2018-06-25,0.0002566124241547651
2018-06-26,7.118208873359062e-05
2018-06-27,0.00015170444044364372
2018-06-28,0.0001194326870482269
2018-06-29,4.510007481084174e-05
2018-07-02,3.0197332886885885e-05
2018-07-03,2.4044861948782808e-05
2018-07-05,9.103292036077775e-05
2018-07-06,5.889398731934911e-05
2018-07-09,2.1972697709585703e-05
2018-07-10,4.2757055810981756e-05
2018-07-11,2.5895591825193065e-05
2018-07-12,2.009671519299794e-05
2018-07-13,5.495188548245234e-05
2018-07-16,0.00030355636358039546
2018-07-17,8.040624860287885e-05
2018-07-18,0.00014883623776902879
2018-07-19,0.0001292533152410676
2018-07-20,6.463255805266297e-05
2018-07-23,7.152163840626064e-05
2018-07-24,0.00017279991943433347
2018-07-25,9.520985916433583e-05
2018-07-26,0.005132923106222117
2018-07-27,0.0005087101090000273
2018-07-30,0.00015018733131953954
2018-07-31,0.00023458254250287904
2018-08-01,0.00014187191554664437
2018-08-02,0.0004399700261820266
2018-08-03,0.00011646622697882989
2018-08-06,0.00012143556928007672
2018-08-07,5.9544982172175165e-05
2018-08-08,0.00010563295013481805
2018-08-09,2.801745013188597e-05
2018-08-10,7.040631540158628e-05
2018-08-13,0.0001370351784926535
2018-08-14,0.00023699217017502413
2018-08-15,0.00019472809104340244
2018-08-16,5.532917848922818e-05
2018-08-17,0.00010086137746570103
2018-08-20,7.314633715155973e-05
2018-08-21,8.464001904398209e-05
2018-08-22,4.713391751829814e-05
2018-08-23,3.020057705443235e-05
2018-08-24,5.9999782673721534e-05
2018-08-27,1.8956909706296223e-05
2018-08-28,0.00010424654791400702
2018-08-29,5.683419932116263e-05
2018-08-30,3.743631697684951e-05
2018-08-31,7.03719170807723e-05
2018-09-04,0.00011105459483869644
2018-09-05,9.774571862636289e-05
2018-09-06,2.4976218926641812e-05
2018-09-07,6.479558443784219e-05
2018-09-10,2.2774743600814047e-05
2018-09-11,3.205630859770511e-05
2018-09-12,8.653553124079624e-05
2018-09-13,3.9274765945051224e-05
2018-09-14,0.0001313667861560208
2018-09-17,0.00022710715665939855
2018-09-18,7.568876927411729e-05
2018-09-19,4.4547147217336594e-05
2018-09-20,0.00011617079687042182
2018-09-21,9.462440420725093e-05
2018-09-24,0.0001759619781206418
2018-09-25,0.00012640970902919163
2018-09-26,0.00016990822921517362
2018-09-27,5.288018515866561e-05
2018-09-28,5.422196179018147e-05
2018-10-01,0.00012861430154409304
2018-10-02,0.00013189332323317875
2018-10-03,0.0003233180598443443
2018-10-04,0.0003681892265681272
2018-10-05,0.00012255232223351494
2018-10-08,0.00019387965638423198
2018-10-09,0.0001711791041849096
2018-10-10,0.00035267028877386015
2018-10-11,0.00023821747137096907
2018-10-12,0.00017595626242436968
2018-10-15,6.903623417405337e-05
2018-10-16,0.00039694504194664706
2018-10-17,9.758062680366783e-05
2018-10-18,0.00033045970341698423
2018-10-19,0.0003842929320733619
2018-10-22,5.691757929876496e-05
2018-10-23,0.0004120975347541571
2018-10-24,0.0007574537721585233
2018-10-25,0.002874989808642071
2018-10-26,0.00037264189227521286
2018-10-29,0.0003067198376954207
2018-10-30,0.0004073118604312377
2018-10-31,0.00029976267735590305
2018-11-01,0.0005150896156256125
2018-11-02,0.000168800667211337
2018-11-05,0.00013518355079014573
2018-11-06,8.592650317851332e-05
2018-11-07,0.0002362274493777742
2018-11-08,0.00019457477892670985
2018-11-09,0.0001125627427190555
2018-11-12,0.0005650499448368228
2018-11-13,0.00029414005947791985
2018-11-14,0.00011557518938147368
2018-11-15,0.00043203505060850696
2018-11-16,0.0003680248248291157
2018-11-19,0.0008806119409214644
2018-11-20,0.0003750179307113947
2018-11-21,0.00011825004036678445
2018-11-23,0.0004009370910975799
2018-11-26,0.00018061899754952506
2018-11-27,7.892308428016705e-05
2018-11-28,0.000382850115063653
2018-11-29,0.00023770123403407876
2018-11-30,0.00011346578969460047
2018-12-03,0.00016047567103704818
2018-12-04,0.0002911145002884467
2018-12-06,0.0006261742169498939
2018-12-07,0.0004843527272533159
2018-12-10,0.00032782461547291487
2018-12-11,0.0006196587130189634
2018-12-12,8.95169109300352e-05
2018-12-13,0.00021490032609200216
2018-12-14,0.00021419388333865868
2018-12-17,0.0004388134165032341
2018-12-18,0.0011385243374327522
2018-12-19,0.0006248547713897585
2018-12-20,0.000508462128104167
2018-12-21,0.0008696198189004235
2018-12-24,0.00035401876063658036
2018-12-26,0.0005781471053121336
2018-12-27,0.0005930264645530572
2018-12-28,0.00025608248745518893
2018-12-31,0.00010461881265980935
2019-01-02,0.00039994458553312487
2019-01-03,0.00047773396618219164
2019-01-04,0.0005294368936520248
2019-01-07,6.933042229485848e-05
2019-01-08,0.0003445233106465114
2019-01-09,0.00017860806340970972
2019-01-10,0.0001949489934106904
2019-01-11,7.936279889384186e-05
2019-01-14,9.224694524322455e-05
2019-01-15,0.0001400730115361375
2019-01-16,6.35655870947253e-05
2019-01-17,0.000145356984057763
2019-01-18,0.00011288205613233886
2019-01-22,0.00016720449349104955
2019-01-23,0.00016716595232077317
2019-01-24,8.691350015099835e-05
2019-01-25,0.00011615439934339552
2019-01-28,0.00011243599915991917
2019-01-29,5.804452124123638e-05
2019-01-30,0.00010122814685195598
2019-01-31,0.0003586691882209371
2019-02-01,0.00129294357029974
2019-02-04,0.00025730165357037884
2019-02-05,0.00019335688094678318
2019-02-06,7.432743303757945e-05
2019-02-07,8.747194625816392e-05
2019-02-08,0.00011204580071753256
2019-02-11,8.611356880734825e-05
2019-02-12,5.668621953406896e-05
2019-02-13,6.94048753637882e-05
2019-02-14,0.0016270800910913531
2019-02-15,0.00012676116481689969
2019-02-19,9.700931537757717e-05
2019-02-20,5.5517531739829526e-05
2019-02-21,0.00013026237539133148
2019-02-22,4.254392393039205e-05
2019-02-25,5.845331470544955e-05
2019-02-26,8.14215136578067e-05
2019-02-27,7.041727254570522e-05
2019-02-28,0.00010368656599218
2019-03-01,0.00011701037500697439
2019-03-04,0.00022138122405214523
2019-03-05,3.994165286328298e-05
2019-03-06,0.00025918799631517134
2019-03-07,4.765249072932598e-05
2019-03-08,4.4515408319248946e-05
2019-03-11,6.258554431063408e-05
2019-03-12,3.5938758668137136e-05
2019-03-13,0.00016189672363872313
2019-03-14,6.353940272641137e-05
2019-03-15,6.47280458480162e-05
2019-03-18,0.00013326657817857015
2019-03-19,4.710943501327508e-05
2019-03-20,9.307517771496059e-05
2019-03-21,0.0002322806436358715
2019-03-22,0.00036154965047636897
2019-03-25,0.00016385188277343268
2019-03-26,6.80751936251684e-05
2019-03-27,0.00014620856347737594
2019-03-28,0.00021612101338556607
2019-03-29,0.0001570988034308997
2019-04-01,0.00015419816446662787
2019-04-02,8.266820907967857e-05
2019-04-03,7.350434629063948e-05
2019-04-04,7.618050770305766e-05
2019-04-05,0.00014736543007866124
2019-04-08,0.00012529965942061717
2019-04-09,6.281644298017465e-05
2019-04-10,0.00010393630944857676
2019-04-11,5.600123360892729e-05
2019-04-12,7.209136966132446e-05
2019-04-15,4.630414312862994e-05
2019-04-16,0.0004468335632743296
2019-04-17,0.0003584682593707283
2019-04-18,0.000231604480957501
2019-04-22,0.00016759776810066932
2019-04-23,0.00026390662919718286
2019-04-24,7.668188110494521e-05
2019-04-25,0.0006432514713473385
2019-04-26,0.000312557092255709
2019-04-29,0.00010555056437442373
2019-04-30,7.633223647297822e-05
2019-05-01,0.00020895886565484924
2019-05-02,0.00013177581384699155
2019-05-03,3.341214267249072e-05
2019-05-06,0.00010582832181569351
2019-05-07,0.00012275940164053402
2019-05-08,5.8280175150931605e-05
2019-05-09,0.0001795120666191465
2019-05-10,0.0002499704929205582
2019-05-13,7.937801435834168e-05
2019-05-14,0.00011780185321984552
2019-05-15,8.550952401991004e-05
2019-05-16,7.972909271573065e-05
2019-05-17,4.89847034016397e-05
2019-05-20,0.00015876933761710337
2019-05-21,8.945096876668572e-05
2019-05-22,5.496447651941483e-05
2019-05-23,0.00010684494363769208
2019-05-24,0.00011291283057157447
2019-05-28,0.00014199547673181617
2019-05-29,5.2064960734050916e-05
2019-05-30,4.599524671004851e-05
2019-05-31,0.0001233590422409292
2019-06-03,6.002000625448274e-05
2019-06-04,8.711840586622432e-05
2019-06-05,5.916254003060076e-05
2019-06-06,6.271655715381939e-05
2019-06-07,5.966834348810837e-05
2019-06-10,4.402323065437609e-05
2019-06-11,5.895955715988337e-05
2019-06-12,0.00014940031584512382
2019-06-13,9.917136710019752e-05
2019-06-14,0.00011466745820101243
2019-06-17,0.000119513981246482
2019-06-18,6.173315236559009e-05
2019-06-19,2.955846031755804e-05
2019-06-20,5.858853876211381e-05
2019-06-21,5.7077265343720374e-05
2019-06-24,0.00010500052429701325
2019-06-25,7.693130674568429e-05
2019-06-26,0.00021376920984876856
2019-06-27,7.392107950736299e-05
2019-06-28,0.00012376436312893217
2019-07-01,0.0002574925488883992
2019-07-02,0.0001375658788634806
2019-07-03,4.633459290455085e-05
2019-07-05,8.772996344485264e-05
2019-07-08,4.9604775450815513e-05
2019-07-09,0.00013056683053653542
2019-07-10,9.035883992945947e-05
2019-07-11,4.4066291375353513e-05
2019-07-12,9.150633451076707e-05
2019-07-15,5.4047947730004046e-05
2019-07-16,5.355887279515301e-05
2019-07-17,6.0779228164378926e-05
2019-07-18,0.00011395920159627129
2019-07-19,5.203802148552831e-05
2019-07-22,5.338299076670504e-05
2019-07-23,5.611052775569327e-05
2019-07-24,0.00020525743672605452
2019-07-25,0.0012120823014056166
2019-07-26,0.0009235188688370403
2019-07-29,0.00012821073638247382
2019-07-30,7.356648995004041e-05
2019-07-31,0.0001815938581047065
2019-08-01,0.00017139136012723957
2019-08-02,5.1822474346213736e-05
2019-08-05,0.00018988479927581036
2019-08-06,0.0003145902160577815
2019-08-07,0.0003085320534802312
2019-08-08,0.00018576333216645344
2019-08-09,8.069045536224848e-05
2019-08-12,0.00010419042118794866
2019-08-13,0.00017476597562327857
2019-08-14,9.069250965509488e-05
2019-08-15,6.496711800253165e-05
2019-08-16,7.511860589896718e-05
2019-08-19,2.7825446457513126e-05
2019-08-20,2.7856022162517504e-05
2019-08-21,7.667925647058513e-05
2019-08-22,8.254759242595104e-05
2019-08-26,6.909596892225345e-05
2019-08-27,5.295657852452654e-05
2019-08-28,3.809750306823248e-05
2019-08-29,2.4005765611946136e-05
2019-08-30,0.0001013675934095432
2019-09-03,9.560177774122828e-05
2019-09-04,0.0001719563032492229
2019-09-05,8.947495205483081e-05
2019-09-06,0.00011057504224257455
2019-09-09,0.000474960313909131
2019-09-10,0.0007773566099527318
2019-09-11,0.00031616894375029354
2019-09-12,8.70686343514404e-05
2019-09-13,0.00017572032816220244
2019-09-16,0.0001001076485152989
2019-09-18,0.00027709801956347555
2019-09-19,8.593391234817058e-05
2019-09-20,5.392255561891907e-05
2019-09-23,7.076969561005269e-05
2019-09-24,0.0006311206101205429
2019-09-25,0.00015523568335174069
2019-09-26,0.00017705041249415108
2019-09-27,0.00022417613147909747
2019-09-30,8.79032534162198e-05
2019-10-01,0.00025723497747945936
2019-10-02,0.00015995978834654255
2019-10-03,0.0002179817815293748
2019-10-04,0.0001584215814166651
2019-10-07,3.95527968043794e-05
2019-10-08,0.00010826420182293638
2019-10-09,0.00015754140424943327
2019-10-10,9.29907365997977e-05
2019-10-11,0.00015904018931848048
2019-10-14,4.8191401367146346e-05
2019-10-15,3.5414458047455796e-05
2019-10-16,7.520448565600476e-05
2019-10-17,9.461311736956205e-05
2019-10-18,6.701238659346804e-05
2019-10-21,7.423810461783913e-05
2019-10-22,0.00016453749992665845
2019-10-23,0.00016310060827367194
2019-10-24,0.0012110511634933067
2019-10-25,0.00013255508554794722
2019-10-28,0.0001231198631915233
2019-10-29,0.00014220575698698423
2019-10-30,8.519784749495603e-05
2019-10-31,0.00015509729453308486
2019-11-01,0.00019453422331793018
2019-11-04,7.144829392616047e-05
2019-11-05,4.9999570466847914e-05
2019-11-06,6.756425309656776e-05
2019-11-07,3.094122156208205e-05
2019-11-08,6.313786171792559e-05
2019-11-11,8.582105134808192e-05
2019-11-12,6.0768064490085735e-05
2019-11-13,5.9135447187715774e-05
2019-11-14,4.366410096482279e-05
2019-11-15,5.273825038406354e-05
2019-11-18,8.931979047812502e-05
2019-11-19,3.615469781401912e-05
2019-11-20,0.00011367237864743337
2019-11-21,0.00011233646718904871
2019-11-22,4.013612902050556e-05
2019-11-25,7.098629058370571e-05
2019-11-26,0.00016277594001045322
2019-11-27,7.004359038957178e-05
2019-11-29,0.00026970499458161363
2019-12-02,0.0002489241093678372
2019-12-03,0.00014241283856672132
2019-12-04,0.000151574570373672
2019-12-05,3.0297874020883396e-05
2019-12-06,3.6515081401696986e-05
2019-12-09,0.00014228984179945963
2019-12-10,4.354926693189453e-05
2019-12-11,3.749610196950855e-05
2019-12-12,0.0004583199622631926
2019-12-13,7.758674813751416e-05
2019-12-16,0.0001375022407643723
2019-12-17,8.336542784080796e-05
2019-12-18,5.292155048112319e-05
2019-12-19,4.0849498620569856e-05
2019-12-20,0.00010000502235431479
2019-12-23,8.626188600483885e-05
2019-12-24,6.512301318832075e-05
2019-12-26,1.404218857263769e-05
2019-12-27,4.663721506815862e-05
2019-12-30,3.973658793973457e-05
2019-12-31,4.534469361346642e-05
2020-01-02,0.00015311882590581219
2020-01-03,0.0002120362700498646
2020-01-06,4.107799874909439e-05
2020-01-07,5.089469606511117e-05
2020-01-08,8.022665590864489e-05
2020-01-09,3.500053063929115e-05
2020-01-10,9.784534975767544e-05
2020-01-13,0.00018610953524909147
2020-01-14,6.619518080495589e-05
2020-01-15,8.025223356250967e-05
2020-01-16,3.803281002823664e-05
2020-01-17,6.297946796401217e-05
2020-01-21,2.417571417047619e-05
2020-01-22,4.8529424668972475e-05
2020-01-23,2.358431073632515e-05
2020-01-24,5.3878200177458744e-05
2020-01-27,0.00021968457239966366
2020-01-28,4.2910320763513665e-05
2020-01-29,7.696582826911816e-05
2020-01-30,6.491950248251438e-05
2020-01-31,8.791226318232184e-05
2020-02-03,5.136400408872593e-05
2020-02-04,0.00010677205263520805
2020-02-05,5.029325654813206e-05
2020-02-06,4.332369500383323e-05
2020-02-07,4.7571779034666084e-05
2020-02-10,4.2048288983684145e-05
2020-02-11,4.182599011334324e-05
2020-02-12,4.7080345504908595e-05
2020-02-13,0.0011589078929836697
2020-02-14,0.00011419045967660874
2020-02-18,5.70744367834783e-05
2020-02-19,0.0005441038464101831
2020-02-20,0.00019789713409018887
2020-02-21,4.752976583772423e-05
2020-02-24,0.0001631402874319732
2020-02-25,0.0003777458484928872
2020-02-26,0.0005544679379326848
2020-02-27,0.0004747923874970614
2020-02-28,0.0004391199883749709
2020-03-02,0.0005650449940529197
2020-03-03,0.0009475943193812983
2020-03-04,0.00021353187799891078
2020-03-05,0.0005311843768899924
2020-03-06,0.00030114556588750006
2020-03-09,0.0018321422199589728
2020-03-10,0.001108615912202964
2020-03-11,0.0017502751264175968
2020-03-12,0.0010351340988413499
2020-03-13,0.00289429660973273
2020-03-16,0.0020076564056965944
2020-03-17,0.0046514477846480995
2020-03-18,0.0081144552929656
2020-03-19,0.0023269107315863373
2020-03-20,0.0017749251161480698
2020-03-23,0.0014288452941159783
2020-03-24,0.0015188605576000617
2020-03-25,0.0012392818759867984
2020-03-26,0.0018046522563574762
2020-03-27,0.001061461925758267
2020-03-30,0.0012804849787640183
2020-03-31,0.0009904612631824294
2020-04-01,0.0009172092987674602
2020-04-02,0.0010995468567180787
2020-04-03,0.0006891226575758016
2020-04-06,0.0009274254027429913
2020-04-07,0.0015956944038141704
2020-04-08,0.0015325792604736883
2020-04-09,0.0007239349801982379
2020-04-13,0.00043417594928489583
2020-04-14,0.0005246989018231352
2020-04-15,0.0003340029795138971
2020-04-16,0.00015226024021053466
2020-04-17,0.00010553277653427867
2020-04-20,0.00027161907050951334
2020-04-21,0.0003698703336798828
2020-04-22,0.0006491639331460872
2020-04-23,0.0018469601067733368
2020-04-24,0.0005686824444602253
2020-04-27,0.00018604889290754209
2020-04-28,0.0007923842192676007
2020-04-29,0.00040983977679709464
2020-04-30,0.00034072969969089453
2020-05-01,0.00045471039936915026
2020-05-04,0.00018591040500134888
2020-05-05,0.00046579768414212424
2020-05-06,0.00026552895884387123
2020-05-07,0.00011174404504874499
2020-05-08,0.000276920304935016
2020-05-11,0.0014219635648964565
2020-05-12,0.0005462182338672612
2020-05-13,0.0006412000519239926
2020-05-14,0.000626897718435795
2020-05-15,0.0001877989075005946
2020-05-18,0.00021878984186011368
2020-05-19,0.0002312537113237394
2020-05-20,0.00022168089206297422
2020-05-21,0.00043522396475870244
2020-05-22,0.00013876145223808094
2020-05-26,0.0008487834925948043
2020-05-27,0.0008601226520546244
2020-05-28,0.0003182880545583748
2020-05-29,0.0007260273937810886
2020-06-01,0.00026628718863515104
2020-06-02,0.00016138228648719782
2020-06-03,0.00013310186545985187
2020-06-04,0.0004894997403626732
2020-06-05,0.00019930837309368096
2020-06-08,0.00038664851111312536
2020-06-09,0.00023487845150992867
2020-06-10,0.0003126395610921641
2020-06-11,0.0010727147940823656
2020-06-12,0.0009208455929590763
2020-06-15,0.0012827364299438245
2020-06-16,0.00032462386429185126
2020-06-17,0.00022074011047862408
2020-06-18,8.473690756851324e-05
2020-06-19,0.00013978209806769093
2020-06-22,0.00020463396668301325
2020-06-23,0.00021641470728252896
2020-06-24,0.0003530108123290675
2020-06-25,0.0005302470618077188
2020-06-26,0.0002500151213570881
2020-06-29,0.0006501091941481754
2020-06-30,0.0005972243427848975
2020-07-01,0.0001656502263693457
2020-07-02,0.00025749928298644586
2020-07-06,0.0001981647568315647
2020-07-07,0.00011582397667249256
2020-07-08,0.000153209764895931
2020-07-09,0.00019440675202810087
2020-07-10,0.0002409171599486958
2020-07-13,0.0004856361919763224
2020-07-14,0.0006782064937221028
2020-07-15,0.00042754075727429044
2020-07-16,6.363400400437483e-05
2020-07-17,0.00022643933628105733
2020-07-20,0.00020283155704276123
2020-07-21,0.0001864473386838781
2020-07-22,0.0001450032812069981
2020-07-23,0.0008589624140033361
2020-07-24,0.0004487203042457795
2020-07-27,0.00016931150712476103
2020-07-28,0.00018014812928332524
2020-07-29,0.00018888156763435563
2020-07-30,6.683043406399716e-05
2020-07-31,0.0001862593054527799
2020-08-03,0.00034637662528958163
2020-08-04,0.00011100831215579372
2020-08-05,7.356392565474974e-05
2020-08-06,0.00015804697733395973
2020-08-07,0.00022482869202849893
2020-08-10,0.00029979103186358907
2020-08-11,0.00022458576472928081
2020-08-12,0.00048721400755430736
2020-08-13,9.104881088138722e-05
2020-08-14,0.00015544561732515894
2020-08-17,5.420287044082144e-05
2020-08-18,3.7455828838687496e-05
2020-08-19,0.0001027779709438403
2020-08-20,6.117766560418593e-05
2020-08-21,0.00015264697978644944
2020-08-24,0.00025498140627681464
2020-08-25,0.0002012602674194928
2020-08-26,0.0001117284438317984
2020-08-27,0.00016569302703166875
2020-08-28,0.00012725069626148445
2020-08-31,0.0007861557661298926
2020-09-01,0.0003406761099182821
2020-09-02,0.00040480076710397184
2020-09-03,0.001925123329960219
2020-09-04,0.0011100558507556868
2020-09-08,0.00042176602941888336
2020-09-09,0.0005313160735083735
2020-09-10,0.0002351581887823578
2020-09-11,0.0002579489158789684
2020-09-14,9.142320678946121e-05
2020-09-15,0.0001770218858475293
2020-09-16,0.0002447113174736327
2020-09-17,0.00029130824717727143
2020-09-18,0.0002757935317801438
2020-09-21,0.00028878922429791066
2020-09-22,0.0002641052931376628
2020-09-23,0.0004242877056640039
2020-09-24,0.0002615975786670404
2020-09-25,0.0004170922053011151
2020-09-28,0.00019188089856744936
2020-09-29,6.33947438573004e-05
2020-09-30,0.000130285041784587
2020-10-01,0.00016579732864894906
2020-10-02,0.00016845660871948087
2020-10-05,0.0007486042842071237
2020-10-06,0.00032309129215095584
2020-10-07,5.04622982746192e-05
2020-10-08,0.00011909478794104165
2020-10-09,0.000163358829140265
2020-10-12,6.54018434202522e-05
2020-10-13,6.753963653156481e-05
2020-10-14,0.0005947787685208934
2020-10-15,0.0003847942480357077
2020-10-16,8.869628614333821e-05
2020-10-19,0.0005430844506704477
2020-10-20,0.00018589493364280587
2020-10-21,0.00048404572343125225
2020-10-22,0.0003282286198568704
2020-10-23,0.00013863166137927525
2020-10-26,7.849316459829988e-05
2020-10-27,0.0001399743946509325
2020-10-28,0.000283581172622841
2020-10-29,0.0002162732439449156
2020-10-30,0.0006530060523782221
2020-11-02,0.00048171102488383453
2020-11-03,0.000275360009418073
2020-11-04,0.0005220486241002644
2020-11-05,0.0001859012319546127
2020-11-06,0.0001069358142836681
2020-11-09,0.0014058914114933618
2020-11-10,0.001593901145038737
2020-11-11,0.00014948866086199694
2020-11-12,0.00014441853701761543
2020-11-13,0.00014934830415159263
2020-11-16,9.7253546422568e-05
2020-11-17,9.209971790767494e-05
2020-11-18,0.00018626203746248743
2020-11-19,0.00041940579765840393
2020-11-20,0.00014149578659399504
2020-11-23,0.0006248076610888317
2020-11-24,0.0003366786021084627
2020-11-25,0.00019117960468597404
2020-11-27,0.00019256979581484595
2020-11-30,0.00035221402406103235
2020-12-01,0.00013758984546084367
2020-12-02,0.00028958087570813557
2020-12-03,0.0001412811644252507
2020-12-04,6.398763680615945e-05
2020-12-07,0.0002127517643128248
2020-12-08,4.955378043145678e-05
2020-12-09,0.0003175218684420145
2020-12-10,0.0005471731428142964
2020-12-11,4.8343702988945465e-05
2020-12-14,0.00030277181760690944
2020-12-15,5.8250612601732464e-05
2020-12-16,0.0002292213091283068
2020-12-17,0.0002553466499582469
2020-12-18,0.0003761443786563506
2020-12-21,0.0004720803979814067
2020-12-22,0.00028549283701506374
2020-12-23,0.00019950138800665793
2020-12-24,7.898944339483628e-05
2020-12-28,0.0003925334155800596
2020-12-29,0.0001426412006492801
2020-12-30,0.00012578535833307342
2020-12-31,0.00025234534381037433
2021-01-04,0.00041240523029390604
2021-01-05,0.00023743577894012896
2021-01-06,0.00041053316590743133
2021-01-07,0.00042799004146837653
2021-01-08,0.00021975494313646875
2021-01-11,0.00014051780584695733
2021-01-12,0.00015686113661872152
2021-01-13,9.514628526172319e-05
2021-01-14,7.886148765367729e-05
2021-01-15,0.00010403217786571944
2021-01-19,0.00017270513567025584
2021-01-20,0.00024194296376043572
2021-01-21,0.00022735540320896388
2021-01-22,7.967273458457906e-05
2021-01-25,0.00045295474153817504
2021-01-26,0.00011274805676846464
2021-01-27,0.00027011517925035054
2021-01-28,0.0003428535696178918
2021-01-29,0.0003905934079000524
2021-02-01,0.0003374630832117874
2021-02-02,0.0003055042420321778
2021-02-03,0.00034762642038895045
2021-02-04,0.00016679488288184096
2021-02-05,6.974834422441573e-05
2021-02-08,9.167980982845586e-05
2021-02-09,0.000296149673864456
2021-02-10,0.00016964616296146425
2021-02-11,0.0002109208764636473
2021-02-12,0.00011111536930366744
2021-02-16,5.3197992991649314e-05
2021-02-17,0.0001363950142554443
2021-02-18,0.0006327369019794299
2021-02-19,0.0015491851781277142
2021-02-22,0.00040866669687147114
2021-02-23,0.0005138332741968311
2021-02-24,0.00027431837500267703
2021-02-25,0.00015530844321392135
2021-02-26,0.00023388474082177986
2021-03-01,8.201663569973235e-05
2021-03-02,0.0002720321605551303
2021-03-03,0.00045523405495958105
2021-03-04,0.0008677277663716043
2021-03-05,0.0004512442033298959
2021-03-08,0.0003644638148382979
2021-03-09,0.0003966893539759771
2021-03-10,0.0005052830441237464
2021-03-11,0.00011859678713141673
2021-03-12,9.841981651951596e-05
2021-03-15,0.00011197016159358948
2021-03-16,0.00017742333461486475
2021-03-17,0.0001886084211971108
2021-03-18,0.00019717780470805333
2021-03-19,0.000547108633641168
2021-03-22,0.00026418843613297717
2021-03-23,8.008044203662874e-05
2021-03-24,0.00031682877906246326
2021-03-25,0.0003966656788081768
2021-03-26,0.00021558746013778234
2021-03-29,0.0002708948035278804
2021-03-30,6.304351009995907e-05
2021-03-31,0.00030603776820222514
2021-04-01,0.00016993251709925258
2021-04-05,0.00011947790524689183
2021-04-06,0.0001360522006780154
2021-04-07,4.142226636836076e-05
2021-04-08,0.00010678781071113526
2021-04-09,0.00011419267255591887
2021-04-12,4.983567903606615e-05
2021-04-13,0.00028183944636917717
2021-04-14,0.0002848344422149436
2021-04-15,0.00041493394317857385
2021-04-16,0.0001376063435665836
2021-04-19,0.0001071392396978886
2021-04-20,5.098534462840512e-05
2021-04-21,0.0001684004518839654
2021-04-22,0.00019267156875342966
2021-04-23,0.00014629790882304876
2021-04-26,3.3532591925585414e-05
2021-04-27,8.400343731607516e-05
2021-04-28,9.484897345202698e-05
2021-04-29,0.0003782751623979274
2021-04-30,0.00018150556971733076
2021-05-04,9.097944737583464e-05
2021-05-05,2.987191612022242e-05
2021-05-06,7.967721279538182e-05
2021-05-07,7.944936730477526e-05
2021-05-10,0.00012551195968693414
2021-05-11,0.0003522251314661766
2021-05-12,0.00023351961892565965
2021-05-13,9.295748097449858e-05
2021-05-17,0.0002466373660449785
2021-05-18,6.125605041439117e-05
2021-05-19,7.302464156302226e-05
2021-05-20,0.00027102225895806847
2021-05-21,3.6745388054641834e-05
2021-05-24,0.0001102171618674545
2021-05-25,0.00011665539405124984
2021-05-26,6.46063757685304e-05
2021-05-27,0.00012993195888016414
2021-05-28,5.380811040017644e-05
2021-06-01,0.00029149073242904275
2021-06-02,0.00018723318435807644
2021-06-03,8.807726172032867e-05
2021-06-04,6.38922572464897e-05
2021-06-07,3.5806207577011226e-05
2021-06-08,0.0002090875037387216
2021-06-09,0.000147881792425039
2021-06-10,0.00015344139379755545
2021-06-11,7.980166265016154e-05
2021-06-14,6.953412529869037e-05
2021-06-15,6.226755011110128e-05
2021-06-16,7.833263106603338e-05
2021-06-17,0.00026445172301316704
2021-06-18,4.5627992893058504e-05
2021-06-21,0.00020098720866749162
2021-06-22,5.673751378843443e-05
2021-06-23,2.1192744902343655e-05
2021-06-24,2.3686902176550774e-05
2021-06-25,2.8914804999337437e-05
2021-06-28,6.632752073848817e-05
2021-06-29,5.137445121697359e-05
2021-06-30,2.5044984671297366e-05
2021-07-01,4.4696399510970056e-05
2021-07-02,9.172198972828628e-05
2021-07-06,3.462777231932561e-05
2021-07-09,3.4280358489330334e-05
2021-07-12,7.058709441437137e-05
2021-07-13,8.674969653470033e-05
2021-07-14,3.721884862292375e-05
2021-07-15,9.97036994945527e-05
2021-07-16,7.02661708407121e-05
2021-07-19,9.573848064612252e-05
2021-07-20,7.04815415038433e-05
2021-07-21,0.00035904447742062017
2021-07-22,0.00012769244371190866
2021-07-23,0.00012296953708678068
2021-07-26,0.00010493163315635569
2021-07-27,5.436755796913341e-05
2021-07-28,0.00014314671121123257
2021-07-29,0.0011793052310513817
2021-07-30,0.00020478850236933132
2021-08-02,0.00032586358770854315
2021-08-03,0.00014740583858265137
2021-08-04,0.00020450214998402638
2021-08-05,0.0002019701109460035
2021-08-06,0.00017728586860988734
2021-08-09,4.6562543987517594e-05
2021-08-10,7.9652207243525e-05
2021-08-11,9.520597118412941e-05
2021-08-12,0.00019151109673919256
2021-08-13,8.293307554078078e-05
2021-08-16,0.00012895297748440564
2021-08-17,8.965837625143742e-05
2021-08-18,5.258697300108805e-05
2021-08-19,0.00015920759626094724
2021-08-20,6.883517622571053e-05
2021-08-23,4.377114538942837e-05
2021-08-24,3.1419752393935226e-05
2021-08-25,6.196304766676351e-05
2021-08-26,4.900292227894894e-05
2021-08-27,5.790906745974589e-05
2021-08-30,6.031053634406326e-05
2021-08-31,0.00013814618142748042
2021-09-01,0.00027534340240911655
2021-09-02,7.286806531961284e-05
2021-09-03,0.00015016335586352173
2021-09-07,7.617548174749234e-05
2021-09-08,0.00018061126450755394
2021-09-09,0.0003355497572958659
2021-09-10,0.00010902329579036117
2021-09-13,0.0010668566542572971
2021-09-14,0.00022475728552009033
2021-09-15,0.00011960499450651013
2021-09-16,0.00016216121363210552
2021-09-17,0.00011098688811849343
2021-09-20,0.000151604771248586
2021-09-21,0.00012387472684650714
2021-09-22,0.0001900577749204164
2021-09-23,0.00021990216217938338
2021-09-24,8.313939480305677e-05
2021-09-27,0.0003463599850897454
2021-09-28,0.000490815654641714
2021-09-29,0.00017622765668247055
2021-09-30,0.0004637593607668583
2021-10-01,0.0006878039171484475
2021-10-04,0.00026411757174968803
2021-10-05,0.00013433451215283734
2021-10-06,0.00015686741737943086
2021-10-07,0.00011868605562483897
2021-10-08,0.00036504877341975503
2021-10-11,0.000248651749841012
2021-10-12,7.822849690847229e-05
2021-10-13,0.00025800819165826825
2021-10-14,8.09739997713257e-05
2021-10-15,6.578708682187083e-05
2021-10-18,9.006507745374096e-05
2021-10-19,0.00033958760462734876
2021-10-20,0.00020797017238677898
2021-10-21,0.00018389971783493893
2021-10-22,6.420224201225436e-05
2021-10-25,0.0001141424062122788
2021-10-26,0.00015648675434583065
2021-10-27,0.00013950986926609924
2021-10-28,0.001022051465032051
2021-10-29,0.00044144185623094383
2021-11-01,0.0002718431452926991
2021-11-02,0.0005267066959685412
2021-11-03,0.000257902185617382
2021-11-04,0.00019608338595720898
2021-11-05,0.0020172258844812154
2021-11-08,0.0004275354610819242
2021-11-09,0.00021872294808267056
2021-11-10,0.0001047894110418482
2021-11-11,0.0001659937533688244
2021-11-12,0.00013217385920571422
2021-11-15,5.1445990212632694e-05
2021-11-16,0.0006785249060458961
2021-11-17,0.00017214439089823915
2021-11-18,6.104890591290875e-05
2021-11-19,0.0001703809978569969
2021-11-22,0.0003418738518818206
2021-11-23,0.00027898219233643117
2021-11-24,0.00013836027056951923
2021-11-26,0.0006656368478194102
2021-11-29,0.0006290671112855526
2021-11-30,0.0006461178254109187
2021-12-01,0.0006184857069040533
2021-12-02,0.00017494079603426496
2021-12-03,0.000678851361890409
2021-12-06,0.0008537458062670551
2021-12-07,0.00016102622710814784
2021-12-08,0.00020732620777869619
2021-12-09,0.00016906384766188996
2021-12-10,0.00010360025643826952
2021-12-13,0.00029014196385927896
2021-12-14,0.00036821012754161334
2021-12-15,0.0006353483141357849
2021-12-16,0.00023479385202954545
2021-12-17,0.0004221752674011346
2021-12-20,0.0007996889975391386
2021-12-21,0.0002203217045558281
2021-12-22,0.0002991540726811586
2021-12-23,0.00016696348722998285
2021-12-27,0.00020350387896325386
2021-12-28,0.00015190079816974629
2021-12-29,9.38901048338797e-05
2021-12-30,7.193632838133108e-05
2021-12-31,0.000142186753366103
2022-01-03,0.0011128584119222496
2022-01-04,0.001124127705580389
2022-01-05,0.001158617863151638
2022-01-06,0.0006108498484631721
2022-01-07,0.0005230988062966994
2022-01-10,0.00042517960187668
2022-01-11,0.00041718560605165497
2022-01-12,0.00016473960369059297
2022-01-13,0.0011613306611127359
2022-01-14,0.00020737648132626964
2022-01-18,0.0002319386501001263
2022-01-19,0.000171169681673087
2022-01-20,0.0006443384388480288
2022-01-21,0.0008715223460699209
2022-01-24,0.0015848608187540069
2022-01-25,0.00039577869201125413
2022-01-26,0.00046813922478810974
2022-01-27,0.00023790963088691922
2022-01-28,0.0006633541055491566
2022-01-31,0.00040632920853615864
2022-02-01,0.0002581856065468857
2022-02-02,0.0002965163687486695
2022-02-03,0.00010516100512527642
2022-02-04,0.00015225955475399493
2022-02-07,0.0001455799922078733
2022-02-08,0.00020646114957423113
2022-02-09,3.7158433901174795e-05
2022-02-10,0.00030778620034092364
2022-02-11,0.00040118590024216144
2022-02-14,0.00041750146009374454
2022-02-15,0.0003417322364519806
2022-02-16,0.00033072107357372434
2022-02-17,0.001097588994873134
2022-02-18,0.0012218447052028032
2022-02-22,0.00041821176644572577
2022-02-23,0.0005101965806648338
2022-02-24,0.002561592823788152
2022-02-25,0.00040505170230651906
2022-02-28,0.00022797477613987677
2022-03-01,0.00024522518915617543
2022-03-02,0.00015496986456046171
2022-03-03,0.0002051969330938575
2022-03-04,0.00029557289670275715
2022-03-07,0.0006860046389988795
2022-03-08,0.0005760332378163864
2022-03-09,0.0004346264853330433
2022-03-10,0.0003964339536331151
2022-03-11,0.0004567720794296745
2022-03-14,0.0003752237585504327
2022-03-15,0.0005900755458960881
2022-03-16,0.00034199164582181767
2022-03-17,0.0002562658284837116
2022-03-18,0.00030593682669996996
2022-03-21,0.00012402367646140874
2022-03-22,0.00014578925835923812
2022-03-23,0.0001844217446662442
2022-03-24,0.0002366151671472993
2022-03-25,0.00020762445048226686
2022-03-28,0.00011395035710466653
2022-03-29,0.00012133050143905334
2022-03-30,0.00016735048813282263
2022-03-31,0.00025969920513088874
2022-04-01,0.0001349787988564223
2022-04-04,0.00038685177436774285
2022-04-05,0.0001478607374131664
2022-04-06,0.0003299394615874969
2022-04-07,0.0005323133720173622
2022-04-08,0.00012534756450120128
2022-04-11,0.00043563903590056294
2022-04-12,0.0008375143825985962
2022-04-13,6.920285521083953e-05
2022-04-14,0.00029374160062034895
2022-04-18,0.0004406460880693971
2022-04-19,0.00018977979324239514
2022-04-20,0.0003307940631438832
2022-04-21,0.00044752137829108616
2022-04-22,0.0006939927304024577
2022-04-25,0.0004058240821853414
2022-04-26,0.0008864244996827179
2022-04-27,0.0002875075920473276
2022-04-28,0.0024746779999683254
2022-04-29,0.0007180018293088026
2022-05-02,0.0005120430431454998
2022-05-03,0.000307417888396282
2022-05-04,0.001572535982215626
2022-05-05,0.0003892708570209853
2022-05-06,0.0004199511107536175
2022-05-09,0.000283791141974797
2022-05-10,0.0007491071878386231
2022-05-11,0.00038458770757893754
2022-05-12,0.0003779957877999113
2022-05-13,0.00024836194802731133
2022-05-16,0.00012758636533491413
2022-05-17,0.0003564651381050331
2022-05-18,0.00046679311974952173
2022-05-19,0.0006725534907264119
2022-05-20,0.0005940948326749638
2022-05-23,0.00014569411184310504
2022-05-24,0.0001169739957389172
2022-05-25,0.00023960522487399702
2022-05-26,0.0002700071666333212
2022-05-27,0.0005986748033499812
2022-05-31,0.00032608768052329475
2022-06-01,0.00028785899928023505
2022-06-02,0.0005007437473358492
2022-06-03,0.00010538241513078646
2022-06-06,0.00015296804831064923
2022-06-07,0.00036518481120367076
2022-06-08,0.00019443702201627503
2022-06-09,0.0001993234743799348
2022-06-10,0.0003978696636290818
2022-06-13,0.0002568523672615584
2022-06-14,0.0003042147245249827
2022-06-15,0.0007507929307628965
2022-06-16,8.367794270732521e-05
2022-06-17,0.00037190616757228827
2022-06-21,6.504861010993827e-05
2022-06-22,0.00017070599093267004
2022-06-23,0.00034887242021868354
2022-06-24,8.491491809167356e-05
2022-06-27,0.00015850412196692282
2022-06-28,0.0002918574190158847
2022-06-29,0.0003403208789930718
2022-06-30,0.00042500340563259617
2022-07-01,0.0002826671311864251
2022-07-05,0.00029775811022122333
2022-07-06,0.0005959084837444456
2022-07-07,0.0001978029610787578
2022-07-08,6.8598744831334e-05
2022-07-11,6.73357452069412e-05
2022-07-12,0.002201590476794151
2022-07-13,0.0007177656808709364
2022-07-14,0.0002713646813811836
2022-07-15,0.00028800255093020113
2022-07-18,0.0005622894468008243
2022-07-19,0.0001818447760729606
2022-07-20,0.00017603404716063316
2022-07-21,0.00027483249256795905
2022-07-22,0.0003020248100752663
2022-07-25,9.282196383233984e-05
2022-07-26,0.00031433627333624835
2022-07-27,0.0005688181599534699
2022-07-28,0.0020499860839815094
2022-07-29,0.00014841783336266308
2022-08-01,0.00016653494084340517
2022-08-02,0.00022488726725021998
2022-08-03,0.00012590057848223854
2022-08-04,7.758419062350279e-05
2022-08-05,0.00013045526195695263
2022-08-08,0.00020345324457110637
2022-08-09,0.00035684311983784345
2022-08-10,9.099797680278283e-05
2022-08-11,0.0002817948725432193
2022-08-12,3.582555696670915e-05
2022-08-15,0.00012887331031647287
2022-08-16,0.00014660260949857175
2022-08-17,0.00010397553370000591
2022-08-18,0.00020168433304139214
2022-08-19,9.821506530868646e-05
2022-08-22,0.00021870692645214982
2022-08-23,7.012372171500866e-05
2022-08-24,0.00011953464053383565
2022-08-25,0.00011558112690928922
2022-08-26,0.0005460097833699617
2022-08-29,0.00013631240269778284
2022-08-30,0.0002314670327607025
2022-08-31,0.00011630459887589528
2022-09-01,0.00010427352113275442
2022-09-02,0.0005979155849364519
2022-09-06,0.00022895618627591992
2022-09-07,0.00046296087503029757
2022-09-08,0.0006426877301887192
2022-09-09,0.00020897070685050283
2022-09-12,6.735687028532335e-05
2022-09-13,0.0007581263570835832
2022-09-14,0.0002735044507912528
2022-09-15,0.0013228748046552842
2022-09-16,0.0002489981084944286
2022-09-19,0.00038338959744320595
2022-09-20,0.00024205451146830243
2022-09-21,0.0005503462837859724
2022-09-22,0.00017651195378669997
2022-09-23,0.0001791100704866447
2022-09-26,0.00026185713641126645
2022-09-27,0.0007567780181511044
2022-09-28,0.00026691649288533765
2022-09-29,0.0001384988120220705
2022-09-30,0.0004373410510313931
2022-10-03,0.0009156633879611989
2022-10-04,7.23129875240603e-05
2022-10-05,0.00023896727579255105
2022-10-06,0.00010853582149312394
2022-10-07,0.0001479861645449705
2022-10-10,0.00016730158425247224
2022-10-11,0.0004096896180495623
2022-10-12,6.786925958266757e-05
2022-10-13,0.0021155720972908182
2022-10-14,0.0003355235931978784
2022-10-17,0.00018279211549771782
2022-10-18,0.00025312289679355423
2022-10-19,0.0013934191951353756
2022-10-20,0.0010282658215644803
2022-10-21,0.0007498829498117583
2022-10-24,0.00020392358124858394
2022-10-25,0.000971008959671302
2022-10-26,0.0006059015021852906
2022-10-27,0.004529138747195354
2022-10-28,0.0005759366388512724
2022-10-31,0.0006069402692438956
2022-11-01,0.0003047960399879639
2022-11-02,0.0005704085853455347
2022-11-03,0.0003197356619576551
2022-11-04,0.0006252252028021273
2022-11-07,0.0008884127495214554
2022-11-08,0.0005811218226451564
2022-11-09,0.0002074211198857703
2022-11-10,0.00077083927847352
2022-11-11,0.0006809185250847701
2022-11-14,0.0003475697008207329
2022-11-15,0.00025832423133314366
2022-11-16,0.0006803124481977461
2022-11-17,0.0016324155424268124
2022-11-18,0.0003492940408316966
2022-11-21,0.00012849292606033087
2022-11-22,0.00042705950724692874
2022-11-23,0.00016201739067547933
2022-11-25,0.0001516625396656155
2022-11-28,0.0001241809315251196
2022-11-29,0.00010789781086099646
2022-11-30,0.0010676704167090262
2022-12-01,0.0006459031954240932
2022-12-02,0.0007862460567605049
2022-12-05,0.0001937617901878135
2022-12-06,0.00012859688815491737
2022-12-07,0.00024385577113689014
2022-12-08,0.00011973946875431772
2022-12-09,0.0007242840418670655
2022-12-12,0.0001674161037312107
2022-12-13,0.00020125380624324283
2022-12-14,0.0006586250672843344
2022-12-15,0.00013765846779957062
2022-12-16,0.0007740501611930949
2022-12-19,0.00023139251367795718
2022-12-20,0.00019511619134949474
2022-12-21,0.0002947832636061025
2022-12-22,0.00029694313707978056
2022-12-23,8.492896396786314e-05
2022-12-27,0.00024227818453918925
2022-12-28,0.0005169589946010201
2022-12-29,0.0004509117710694781
2022-12-30,0.00016633276542716582
2023-01-03,0.000537247401186361
2023-01-04,0.0002540995089348533
2023-01-05,0.00023953990355604732
2023-01-06,0.000846290306189843
2023-01-09,0.00029502280406218563
2023-01-10,0.000464670469409205
2023-01-11,0.00013208580587658616
2023-01-12,0.0004479290933836084
2023-01-13,0.0002573758428722686
2023-01-17,0.0001867759507463815
2023-01-18,0.00019059274620175938
2023-01-19,0.0004116139025522818
2023-01-20,0.00015581120860499854
2023-01-23,0.00038734121052369757
2023-01-24,0.000148980756783533
2023-01-25,0.00027382378185135175
2023-01-26,0.0003482175641017776
2023-01-27,0.00013254899651390025
2023-01-30,0.00021415831113049958
2023-01-31,0.00023465718154877874
2023-02-01,0.0004574362746505356
2023-02-02,0.00033499550345699684
2023-02-03,0.00023307266215536024
2023-02-06,8.699530226872579e-05
2023-02-07,0.0003717206000005248
2023-02-08,0.00032774721777261307
2023-02-09,7.235756767754921e-05
2023-02-10,0.00032972010845810034
2023-02-13,0.00011814135443295576
2023-02-14,0.00013041600459471304
2023-02-15,0.00019336778039731888
2023-02-16,0.0010246097983066926
2023-02-17,0.000518551731235878
2023-02-21,0.0001105571808052216
2023-02-22,8.28728177058953e-05
2023-02-23,0.000318339563806141
2023-02-24,0.00018245615095465015
2023-02-27,6.453487095039994e-05
2023-02-28,0.00018110155027680207
2023-03-01,0.00013968954701668498
2023-03-02,0.0003221562053381757
2023-03-03,0.00011635001911912652
2023-03-06,0.00016685853156715762
2023-03-07,6.875658249333234e-05
2023-03-08,9.840741120462506e-05
2023-03-09,0.00033098904447337037
2023-03-10,0.0001573006813149082
2023-03-13,0.0005544975775464855
2023-03-14,0.00013313976805290443
2023-03-15,0.0001800875700054628
2023-03-16,0.0006039562146929456
2023-03-17,0.00029650252074867674
2023-03-20,9.480029815235021e-05
2023-03-21,4.807851694931976e-05
2023-03-22,0.00024889621860252527
2023-03-23,0.0001701920633479215
2023-03-24,0.00021964621749708468
2023-03-27,6.469613001116597e-05
2023-03-28,9.488366418309862e-05
2023-03-29,0.00017002987424976382
2023-03-30,0.00012192749823445626
2023-03-31,9.732647873977412e-05
2023-04-03,0.0001472857196531582
2023-04-04,4.471098233743723e-05
2023-04-05,5.01600420925957e-05
2023-04-06,0.00012783875861765295
2023-04-10,0.0001769899828528575
2023-04-11,0.00012584177675279703
2023-04-12,5.420495205859138e-05
2023-04-13,0.00020062272256665404
2023-04-14,0.0001582623748194945
2023-04-17,5.027178110938669e-05
2023-04-18,9.678880388369662e-05
2023-04-19,0.00021054846760375052
2023-04-20,8.309523120013922e-05
2023-04-21,4.59726005637519e-05
2023-04-24,8.385306062776535e-05
2023-04-25,0.0004181273747683018
2023-04-26,0.00016460813916709113
2023-04-27,0.0010682125262528345
2023-04-28,0.0003852216091741884
2023-05-01,0.00014076933166461917
2023-05-02,0.0001013070844649914
2023-05-03,0.00019009059404894729
2023-05-04,9.521355479517943e-05
2023-05-05,0.00021105062891288665
2023-05-08,5.845441109661889e-05
2023-05-09,6.830332411794615e-05
2023-05-10,8.667009305772476e-05
2023-05-11,0.0001153711705401724
2023-05-12,7.116804471319069e-05
2023-05-15,0.00013001824592138664
2023-05-16,5.7604811012331205e-05
2023-05-17,0.00038173907468580276
2023-05-18,0.00015220764529867324
2023-05-19,7.967395150676588e-05
2023-05-22,7.215730975522235e-05
2023-05-23,0.0003243306231813037
2023-05-24,0.0001790210617734153
2023-05-25,2.637358439928335e-05
2023-05-26,0.00011439748173798908
2023-05-30,0.00023343557521211952
2023-05-31,0.000142149558224984
2023-06-01,0.00019843568617170703
2023-06-02,4.7881305548823986e-05
2023-06-05,9.546301327854625e-05
2023-06-06,0.00010546928952955513
2023-06-07,7.977238429199049e-05
2023-06-08,0.00020988892058131477
2023-06-09,2.9874739197985688e-05
2023-06-12,0.0003327811395261826
2023-06-13,5.968586036080299e-05
2023-06-14,0.0001920021947909103
2023-06-15,0.0002490258839633054
2023-06-16,0.00043632329558895876
2023-06-20,0.0002951762063741845
2023-06-21,0.00011194640213728834
2023-06-22,0.00015402887849366555
2023-06-23,7.332923440799605e-05
2023-06-26,6.400221970355068e-05
2023-06-27,0.00011635828035064609
2023-06-28,9.727747208184857e-05
2023-06-29,0.00032139766299110197
2023-07-03,9.569295291991755e-05
2023-07-05,0.00013487772179886386
2023-07-06,8.298643478617173e-05
2023-07-07,5.1655863216326014e-05
2023-07-10,0.00014343633922644233
2023-07-11,0.00013311046803577342
2023-07-12,0.00018620165864426065
2023-07-13,0.00011868816013810454
2023-07-14,5.00899975991265e-05
2023-07-17,7.061582139328046e-05
2023-07-18,9.491516544833725e-05
2023-07-19,6.555482786753458e-05
2023-07-20,0.00017181698809747573
2023-07-21,0.00018186420128140453
2023-07-24,5.599052650142627e-05
2023-07-26,0.0002865513832272258
2023-07-27,0.0016888131518835105
2023-07-28,0.00034457018330956934
2023-07-31,7.606341531961558e-05
2023-08-01,0.0001678501119135568
2023-08-02,6.906784879873942e-05
2023-08-03,3.761202555425238e-05
2023-08-04,0.0001670057423443376
2023-08-07,7.946977910156466e-05
2023-08-08,0.00035539842552547064
2023-08-09,4.553710925474284e-05
2023-08-10,0.00018708092871454093
2023-08-11,7.99186173693259e-05
2023-08-14,0.00010318654053773355
2023-08-15,7.126182919339813e-05
2023-08-16,6.836330308355155e-05
2023-08-17,0.00020421495363157017
2023-08-18,5.938920464647439e-05
2023-08-21,7.049177648392042e-05
2023-08-22,9.170813899685924e-05
2023-08-23,3.866499223491183e-05
2023-08-24,9.360375596188312e-05
2023-08-25,0.00011859675024381294
2023-08-28,0.0001572916213533471
2023-08-29,0.00024718400374276576
2023-08-30,0.00010191744735977687
2023-08-31,5.048184411600269e-05
2023-09-01,7.180171553190143e-05
2023-09-05,3.4712810441721216e-05
2023-09-06,7.002936362551757e-05
2023-09-07,3.7695693352869616e-05
2023-09-08,0.00029283314867116874
2023-09-11,0.0001390404530270594
2023-09-12,7.566615773345067e-05
2023-09-13,8.484438490361091e-05
2023-09-14,0.00011270451247603036
2023-09-15,0.00012401924965727018
2023-09-18,5.4001198523266375e-05
2023-09-19,9.98020975192633e-05
2023-09-20,0.00030046973533074105
2023-09-21,0.00025170152411029125
2023-09-22,6.528111068036036e-05
2023-09-25,7.668325137200962e-05
2023-09-26,5.640173624464404e-05
2023-09-27,0.0002917711631903207
2023-09-28,5.554693970664969e-05
2023-09-29,7.707227782087508e-05
2023-10-02,0.0001562361214671052
2023-10-03,0.0001388781573497559
2023-10-04,0.0001395946657381345
2023-10-05,0.0002149397563794363
2023-10-06,0.00024940876705740344
2023-10-09,0.00020704598334332267
2023-10-10,0.00023974246887306942
2023-10-11,0.00020951595849170627
2023-10-12,0.00033158906396485514
2023-10-13,0.00011860172429647394
2023-10-16,0.00012451781726935358
2023-10-17,0.00021484728262778418
2023-10-18,0.0002941108751850634
2023-10-19,0.00019355045121185425
2023-10-20,0.00015440871997193475
2023-10-23,0.0005398339896477928
2023-10-24,0.00018941612811650593
2023-10-25,0.0003556063091386319
2023-10-26,0.0008682908106723655
2023-10-27,0.00030608840537526085
2023-10-30,0.0006707963763649261
2023-10-31,0.00038956477473232795
2023-11-01,0.00030840893250113504
2023-11-02,0.00025546027860643317
2023-11-03,0.00020830809689833542
2023-11-06,0.00013971204033266224
2023-11-07,6.702771433911325e-05
2023-11-08,0.0007146161846432769
2023-11-09,0.0002292768409814581
2023-11-10,0.00021071411133179115
2023-11-13,0.0001822693560706316
2023-11-14,0.00019288289874079716
2023-11-15,0.00018027603269313376
2023-11-16,0.00035528330633000235
2023-11-17,7.660939960419202e-05
2023-11-20,0.00012066480904416838
2023-11-21,8.542347363763939e-05
2023-11-22,0.00018510219221358487
2023-11-24,4.765925369404309e-05
2023-11-27,4.8837599228900305e-05
2023-11-28,0.00010549132333369369
2023-11-29,0.00016003973134622645
2023-11-30,6.767567962877683e-05
2023-12-01,0.0001122211109760984
2023-12-04,0.00015270397598448758
2023-12-05,0.00022504576604763879
2023-12-06,9.818786004387947e-05
2023-12-07,0.0001576621128993303
2023-12-08,4.9093026040456066e-05
2023-12-11,0.00011458181296942527
2023-12-12,0.0002237585082474288
2023-12-13,0.0005118954580110182
2023-12-14,0.00043194603359522377
2023-12-15,0.00016362727179213343
2023-12-18,9.311076187773738e-05
2023-12-19,0.0001350952344376568
2023-12-20,0.00046964530069512037
2023-12-21,9.246184571816436e-05
2023-12-22,0.00015824849339628132
2023-12-26,6.857015792803917e-05
2023-12-27,8.485602039028132e-05
2023-12-28,7.450058357140052e-05
2023-12-29,9.367797550802098e-05
2024-01-02,0.0002918654679029757
2024-01-03,0.00032690496027155784
2024-01-04,0.00011036347781796908
2024-01-05,5.57342610670616e-05
2024-01-08,0.0003946222452555803
2024-01-09,0.00023998153035759384
2024-01-10,8.061223887587608e-05
2024-01-11,0.00020646556581870772
2024-01-12,0.0003977567320093115
2024-01-16,9.116888530254337e-05
2024-01-17,0.00011822299225560576
2024-01-18,0.0001138063312932517
2024-01-19,4.1399819730395685e-05
2024-01-22,0.00012291829662215654
2024-01-23,7.321819409463711e-05
2024-01-24,0.00014049772741329372
2024-01-25,8.913592074164908e-05
2024-01-26,0.00011535465140072915
2024-01-29,0.000345903193045799
2024-01-30,0.0002473135841471877
2024-01-31,0.00016323476150584975
2024-02-01,0.0004448211634077009
2024-02-02,0.0001521858315427181
2024-02-05,0.0009679429300619415
2024-02-06,0.00021384823776821198
2024-02-07,0.00020303492857909864
2024-02-08,8.828632634081228e-05
2024-02-09,4.087813201009885e-05
2024-02-12,0.00011336879659764751
2024-02-13,0.00016929182947760503
2024-02-14,0.00020230753973836488
2024-02-15,0.002797661627908966
2024-02-16,0.0009897411456796555
2024-02-20,0.001155344122371628
2024-02-21,0.000252470788647498
2024-02-22,0.00018305248338857925
2024-02-23,0.0001408388853005478
2024-02-26,0.00018459177795272894
2024-02-27,9.443593752781687e-05
2024-02-28,0.00015141155116868277
2024-02-29,6.513061371595485e-05
2024-03-01,0.00017968305282031578
2024-03-04,0.00014407350435090307
2024-03-05,0.0003265643914025564
2024-03-06,0.00011389063692515352
2024-03-07,0.002541317723073057
2024-03-08,0.00014702893605417634
2024-03-11,0.00012533555333135314
2024-03-12,0.0017685742273287678
2024-03-13,0.0002908594888003405
2024-03-14,0.0004303896334418272
2024-03-15,0.00022660855684907417
2024-03-18,0.00014770445859719946
2024-03-19,5.078900483058257e-05
2024-03-20,2.3114956607933315e-05
2024-03-21,0.00010808612988550605
2024-03-22,5.3831607259394205e-05
2024-03-26,4.222795446519138e-05
2024-03-27,4.028788247114428e-05
2024-03-28,4.2024165723149494e-05
2024-04-01,9.001164036966728e-05
2024-04-02,0.00030656986430458084
2024-04-03,8.674775004872072e-05
2024-04-04,0.00021294065423270068
2024-04-05,0.00011680553196081998
2024-04-08,5.478989540542155e-05
2024-04-09,0.00010752021576594683
2024-04-10,0.0003514044301492743
2024-04-11,0.0001559322157198319
2024-04-12,4.852103758230744e-05
2024-04-15,0.00017158053952588193
2024-04-16,8.631850469709648e-05
2024-04-17,4.996619894296117e-05
2024-04-18,0.00017357502598434969
2024-04-19,0.000132992325940893
2024-04-22,0.00017037779858732521
2024-04-23,0.0005429001897348791
2024-04-24,0.0001908768686782303
2024-04-25,0.0016382888797207183
2024-04-26,0.0003352323688462174
2024-04-29,0.00020490024003707094
2024-04-30,0.0006328188900338484
2024-05-01,0.00045160041432346955
2024-05-02,0.0001966749932684259
2024-05-03,0.000336219874131227
2024-05-06,6.979697501889752e-05
2024-05-07,5.600843898911795e-05
2024-05-08,0.00010186060937629682
2024-05-09,0.0005871011146059974
2024-05-10,0.00019124423932270762
2024-05-13,0.0002888414681745285
2024-05-14,0.0007179937054760126
2024-05-15,0.0004513057075411292
2024-05-16,0.0002303389947725087
2024-05-17,0.00014792785038196334
2024-05-20,0.0005833756536112329
2024-05-21,0.00016213497719782163
2024-05-22,0.00039708440845538184
2024-05-23,0.00017380096422946995
2024-05-24,0.0001239582121092086
2024-05-28,0.00017574579233156808
2024-05-29,5.688840052494219e-05
2024-05-30,0.0002538167054730782
2024-05-31,0.00012881304242643124
2024-06-03,0.00027097242559860136
2024-06-04,0.0006840193380991947
2024-06-05,8.667700950421467e-05
2024-06-06,4.6836206683669315e-05
2024-06-07,0.00010970479268194632
2024-06-10,0.00024065169082201064
2024-06-11,0.00040986548995282357
2024-06-12,0.0007031331234020006
2024-06-13,0.00011511605284518371
2024-06-14,0.0002329800229303126
2024-06-17,0.00025998398069095735
2024-06-18,0.0024337378971923075
2024-06-20,0.00047147174994919183
2024-06-21,0.0003109365690949457
2024-06-24,0.0001856694028617698
2024-06-25,0.0003415201719273628
2024-06-26,0.0001664878031639874
2024-06-27,0.00030336181758509797
2024-06-28,0.0002225580166168337
2024-07-01,0.0005471449924873827
2024-07-02,0.00036003103637039836
2024-07-03,7.210310406459042e-05
2024-07-05,4.923780373894884e-05
2024-07-08,0.0002097785554635295
2024-07-09,0.0001452763898641653
2024-07-10,0.00013071737246260959
2024-07-11,0.00034507859635533097
2024-07-12,0.0004421347461090095
2024-07-15,0.0002644916464273508
2024-07-16,0.0003318392465699699
2024-07-17,0.00016545017693191363
2024-07-18,0.000714132094944088
2024-07-19,0.00011197903426747583
2024-07-22,0.00042717709170978413
2024-07-23,0.0004155728130128447
2024-07-24,0.0005394978763797778
2024-07-25,0.004198286085409256
2024-07-26,0.0008812874016337006
2024-07-29,0.0003940529426710852
2024-07-30,0.0007163269731154783
2024-07-31,0.000392856052133219
2024-08-01,0.0005269522006275206
2024-08-02,0.00035472940933516534
2024-08-05,0.00042999741170120475
2024-08-06,0.0002847171001305838
2024-08-07,0.0004923171532801217
2024-08-08,0.00028090358229434647
2024-08-09,0.0005407574635851067
2024-08-12,0.00013433976177965504
2024-08-13,9.6851054182045e-05
2024-08-14,0.00011285892770162423
2024-08-15,0.00013890825335667278
2024-08-16,0.00033848147063173867
2024-08-19,7.490671263999396e-05
2024-08-20,7.029544814366961e-05
2024-08-21,7.801092637100818e-05
2024-08-22,0.00035827491033960514
2024-08-23,8.614414173185278e-05
2024-08-26,9.414763595608526e-05
2024-08-27,4.026602409152193e-05
2024-08-28,0.00019465103767463902
2024-08-29,0.00098277386613128
2024-08-30,0.0002193968964810669
2024-09-03,0.0009170742021435611
2024-09-04,0.00017141697416116577
2024-09-05,0.00011695063549452752
2024-09-06,0.0003282411447172638
2024-09-09,0.0006040151844068788
2024-09-10,0.00020204320241799903
2024-09-11,0.0003978932065365533
2024-09-12,0.0001436479741596518
2024-09-13,6.16728116011505e-05
2024-09-16,0.00020887990681071468
2024-09-17,0.00017268173777300634
2024-09-18,0.0011623840874785863
2024-09-19,0.0003076192237666284
2024-09-20,0.0001222621610779428
2024-09-23,8.423012838823411e-05
2024-09-24,9.584223413669233e-05
2024-09-25,0.0002816745745481975
2024-09-26,5.636594062560933e-05
2024-09-27,0.00016416963735961903
2024-09-30,0.0007514393031965073
2024-10-01,0.0001823706253982534
2024-10-02,0.00014937412599127064
2024-10-03,0.00011221529022818055
2024-10-04,0.00012477091548065937
2024-10-07,0.00018668962628077906
2024-10-08,0.00010002881819481176
2024-10-09,0.00018010526328097958
2024-10-10,9.68630818232941e-05
2024-10-11,0.0005012044498331061
2024-10-14,0.000199618520864404
2024-10-15,0.0002624957934936298
2024-10-16,0.00016579076547281065
2024-10-17,0.00019147959807731273
2024-10-18,0.00020273453522012843
2024-10-21,0.00012480307038490972
2024-10-22,8.804324204404112e-05
2024-10-23,0.00011655870896328686
2024-10-24,0.0023513912220149225
2024-10-25,0.0022202212262144466
2024-10-28,0.00024566241624969574
2024-10-29,0.0003420430061059662
2024-10-30,0.00019154343000393908
2024-10-31,0.0004983417102046699
2024-11-01,0.000227112480820037
2024-11-04,0.00022121651928442995
2024-11-05,0.0011633453314107364
2024-11-06,0.0004438071139591984
2024-11-07,0.0002806025364027688
2024-11-08,0.00012754008292748962
2024-11-11,0.00031224471885045967
2024-11-12,8.936349992540656e-05
2024-11-13,0.0013278822175071285
2024-11-14,9.084173725019818e-05
2024-11-15,0.002085340334615288
2024-11-18,0.00028399759269435526
2024-11-19,0.00048595906867198856
2024-11-20,0.0006735268571273111
2024-11-21,0.0005880480536591251
2024-11-22,0.0002838057998097612
2024-11-25,6.958531837368655e-05
2024-11-26,0.00010143454415997402
2024-11-27,0.00011608867986289164
2024-11-29,4.940610094052984e-05
2024-12-02,8.533302622260111e-05
2024-12-03,0.00022907093806025672
2024-12-04,0.00015967733549130262
2024-12-05,0.0002010596939060605
2024-12-06,0.00011533132424317533
2024-12-09,0.00023424495628130725
2024-12-10,0.00014103050324861232
2024-12-11,0.00017645319751079247
2024-12-12,0.000516802981130512
2024-12-13,0.00012206727763019183
2024-12-16,0.00022513400836676831
2024-12-17,0.00025862629393893724
2024-12-18,0.00045482952089156785
2024-12-19,0.0003393776614032893
2024-12-20,0.00027878786769428845
2024-12-23,9.595783499185164e-05
2024-12-24,7.142272519238944e-05
2024-12-26,2.8434616691701644e-05
2024-12-27,5.225236133684539e-05
2024-12-30,5.1201037415289386e-05
2024-12-31,9.646857625303922e-05
2025-01-02,0.0001097303022679665
2025-01-03,0.0004960234650038526
2025-01-06,0.0003205885763173056
2025-01-07,0.0002571374497275015
2025-01-08,0.00036482321624548784
2025-01-10,5.851009199306133e-05
2025-01-13,0.00024172202524944518
2025-01-14,0.0009148525276052296
2025-01-15,0.00041490829214496704
2025-01-16,0.0006109840117918708
2025-01-17,0.0001069041085849549
2025-01-21,0.00022621217996825544
2025-01-22,0.00014644891328658615
2025-01-23,0.0005565045091506223
2025-01-24,0.00013429944008746096
2025-01-27,5.0115807101627384e-05
2025-01-28,0.00011670618661362641
2025-01-29,0.00012789958406062243
2025-01-30,0.00010772533459807188
2025-01-31,0.00011149116752908467
2025-02-03,0.0001524209864076411
2025-02-04,0.0004321506792360726
2025-02-05,0.00020461856584338056
2025-02-06,0.00021045347400925132
2025-02-07,0.00046290685748582027
2025-02-10,0.00017631035550224653
2025-02-11,8.313633784763717e-05
2025-02-12,0.00025864614078401576
2025-02-13,0.020061476117580766
2025-02-14,0.0037207707659114415
2025-02-18,0.0009509089701111098
2025-02-19,0.0009397709942739517
2025-02-20,0.0004157438426739386
2025-02-21,0.0006141907250449586
2025-02-24,0.0011136084451566944
2025-02-25,0.0001834041851019779
2025-02-26,0.00018498433414219562
2025-02-27,0.0003196813059701648
2025-02-28,0.000658344695854256
2025-03-03,0.0007789706213028162
2025-03-04,0.00037006525754624143
2025-03-05,0.000365903507978713
2025-03-06,0.0003737620930657417
2025-03-07,0.00038925347421983223
2025-03-10,0.0005365501052967348
2025-03-11,0.0003774299374568234
2025-03-12,0.0005453391808707137
2025-03-13,0.0003080432501635207
2025-03-14,0.00030593997044563506
2025-03-17,0.0001373590458746259
2025-03-18,0.00021371061227437368
2025-03-19,0.00032010507120865616
2025-03-20,0.00016966587653680762
2025-03-21,0.00018898760729622405
2025-03-24,9.310967559876695e-05
2025-03-25,0.00046841957120979775
2025-03-26,0.00012000269784982702
2025-03-27,0.0001471173040430589
2025-03-28,0.00018182309555577527
2025-03-31,0.0004920082957859049
2025-04-01,0.00026013474816593147
2025-04-02,0.00040584229818537543
2025-04-03,0.0002350765331280767
2025-04-04,0.0019968465517854173
2025-04-07,0.0022133477861312947
2025-04-08,0.0029600912887357087
2025-04-09,0.0034918943331019815
2025-04-10,0.0012547643086920101
2025-04-11,0.0009908431063405327
2025-04-14,0.0001793501385272228
2025-04-15,0.00011558804181778511
2025-04-16,0.0004081879099213077
2025-04-17,0.0017387044104490523
2025-04-21,0.00030993194512592744
2025-04-22,0.0007591888233896879
2025-04-23,0.0006582717819660275
2025-04-24,0.003088459596626736
2025-04-25,0.0002321492119199654
2025-04-28,0.00032164096125576465
2025-04-29,0.00014572275758593492
2025-04-30,0.00017125993383164802
2025-05-01,0.0003067576905217089
2025-05-02,0.0002705549636244121
2025-05-05,0.00010040501582436784
2025-05-06,0.00030672322874766416
2025-05-07,0.00040883842425701414
2025-05-08,0.00043997946975867706
2025-05-09,6.115511069944854e-05
2025-05-12,0.0002989330461163545
2025-05-13,0.00013807813437872527
2025-05-14,0.0008232811929700441
2025-05-15,0.0007513190868093734
2025-05-16,0.0005104387637006488
2025-05-19,0.0001407155962427164
2025-05-20,0.00011884484610754704
2025-05-21,0.0006873698681554062
2025-05-22,7.52052702675094e-05
2025-05-23,9.088537024403611e-05
2025-05-27,9.165020653129882e-05
2025-05-28,7.772728314676348e-05
2025-05-29,0.00012730612620793274
2025-05-30,0.00021801873248470356
2025-06-02,0.00014487468431382107
2025-06-03,0.0003125537727651312
2025-06-04,7.206378108256973e-05
2025-06-05,0.0010633850062339548
2025-06-06,0.0003502628602635641
2025-06-09,8.652848881164254e-05
2025-06-10,0.0002748759024437663
2025-06-11,0.0005473524395043278
2025-06-12,0.0001281267545075611
2025-06-13,0.00014885660962650672
2025-06-16,0.0002467362135827249
2025-06-17,0.0002853749757417716
2025-06-18,0.0001436458154374673
2025-06-20,0.00016259730646711989
2025-06-23,0.00016742114524501828
2025-06-24,0.00027634136812920154
2025-06-25,0.00010468461045951406
2025-06-26,0.00010358890235829186
2025-06-27,0.00014711418729680998
2025-06-30,0.00022253045456081992
2025-07-01,0.0008104239313229372
2025-07-02,0.00021207793075131328
2025-07-03,0.00012082469049546749
2025-07-07,0.00021756795342763721
2025-07-08,6.684421478614057e-05
2025-07-09,0.0003035003018065728
2025-07-10,0.0004238128182269434
2025-07-11,6.989579122191886e-05
2025-07-14,0.00018615649364837731
2025-07-15,0.00026703962304898665
2025-07-16,0.00020309487871426839
2025-07-17,0.00015449603050555653
2025-07-18,0.0019765725763823457
2025-07-21,0.00018113383546304558
2025-07-22,0.0004748124679025006
2025-07-23,0.0005114456779897408
2025-07-24,0.0019072360868535108
2025-07-25,0.0017145255168676229
2025-07-28,0.00017219627876141925
2025-07-29,0.00024790442908751266
2025-07-30,0.0002019009255969913
2025-07-31,0.0005818597129194487
2025-08-01,0.00023622935718614255
2025-08-04,4.33014566165141e-05
2025-08-05,0.00010502599351641277
2025-08-06,0.00021314024707572057
2025-08-07,0.0008001955832660602
2025-08-08,0.00010174700864719035
2025-08-11,0.00012685220172390182
2025-08-12,0.00014240604418121864
2025-08-13,0.0003328863744861727
2025-08-14,6.237669182204198e-05
2025-08-15,0.0001560419970279061
2025-08-18,5.904911535961825e-05
2025-08-19,0.0002617103807074099
2025-08-20,0.00011309060294327563
2025-08-21,7.594862967121632e-05
2025-08-22,0.00019366226617156452
2025-08-25,9.891701331600923e-05
2025-08-26,8.43804134323013e-05
2025-08-27,5.1029684075382124e-05
2025-08-28,0.0002195538410816445
2025-08-29,0.0001020402032788308
2025-09-02,0.00025799907754043904
2025-09-03,0.000232375284561474
2025-09-04,0.0002248965561274837
2025-09-05,0.00011954378504178367
2025-09-08,0.00016557331450916163
2025-09-09,6.916041178444223e-05
2025-09-10,0.00020363487528055144
2025-09-11,0.0005641952035166933
2025-09-12,0.0005162691393993603
2025-09-15,6.505107671763211e-05
2025-09-16,0.00010898344565882581
2025-09-17,0.00018549614556949117
2025-09-18,0.0003375563626151946
2025-09-19,0.00011579271739693804
2025-09-22,9.635517933204743e-05
2025-09-23,9.223385653536008e-05
2025-09-24,0.0007483709942621975
2025-09-25,0.0001953642653883292
2025-09-26,0.00035678429597676997
2025-09-29,8.149298584179005e-05
2025-09-30,0.00011022117603067063
2025-10-01,0.0007023626840198201
2025-10-02,0.00019697040991511268
2025-10-03,0.00019017742131536514
2025-10-06,0.00013280875266749825
2025-10-07,0.000145746544680234
2025-10-08,9.032735906033282e-05
2025-10-09,0.00018779989574979573
2025-10-10,0.0002910724969306282
2025-10-13,6.417028559087028e-05
2025-10-14,3.664871564468737e-05
2025-10-15,0.00017543736612806235
2025-10-16,0.00044507398269956423
2025-10-17,0.00017706845566975898
2025-10-20,8.536368402615377e-05
2025-10-21,0.0002691459396050954
2025-10-22,0.0002605968688603795
2025-10-23,0.0018606245015840232
2025-10-24,0.0007107077530925088
2025-10-27,0.00148542622071498
2025-10-28,0.00017675482309855405
2025-10-29,0.00015946407471036813
2025-10-30,0.0003949008500379383
2025-10-31,0.0005953999363300011
2025-11-03,0.0002037386902044351
2025-11-04,0.0005873598513558987
2025-11-05,0.00025341258195285847
2025-11-06,0.0025596143114247393
2025-11-07,0.000766379349969439
2025-11-10,0.00019697713668681213
2025-11-11,6.411937503608572e-05
2025-11-12,0.00034915109240344266
2025-11-13,0.0003505470900039718
2025-11-14,0.0002264517426858839
2025-11-17,0.00019826013582393596
2025-11-18,0.00014325949636620545
2025-11-19,0.0001113259347237586
2025-11-20,0.00027788933663488487
2025-11-21,0.0008935475330395417
2025-11-24,0.00039481171933908175
2025-11-25,0.00014844830434154223
2025-11-26,0.0002229565489660578
2025-11-28,0.00010044948275454862
2025-12-01,0.00014352924779267116
2025-12-02,0.00017425713622050364
2025-12-03,0.0005961061233935674
2025-12-04,0.0004129346715851661
2025-12-05,0.00012794561238225775
2025-12-08,0.0007971138190465826
2025-12-09,0.0001880647610013163
2025-12-10,0.0001431639882309001
2025-12-11,0.0002174859485358644
2025-12-12,0.0002860386915903898
2025-12-15,0.0002318759299053234
2025-12-16,0.00030120003758591876
2025-12-17,0.000559256144292104
2025-12-18,0.00011243635676022974
2025-12-19,9.065834583392828e-05
2025-12-22,0.00033928177732416676
2025-12-23,0.00011656345290054996
2025-12-24,5.19963391669346e-05
2025-12-26,0.00010389215945848713
2025-12-29,7.060975366806115e-05
2025-12-30,7.027208759524388e-05
2025-12-31,2.271265224210435e-05
2026-01-02,0.0002585401730774904
2026-01-05,0.0005355971586700368
2026-01-06,0.0011312478978628188
2026-01-07,0.000130414244280355
2026-01-08,0.0006910990760193069
2026-01-09,9.307792146693107e-05
2026-01-12,0.0005895696825647831
2026-01-13,0.00024378568589735955
2026-01-14,0.00030776475125949697
2026-01-15,0.00035866219876248454
2026-01-16,0.001989806281414976
2026-01-20,0.0002427182402461926
2026-01-21,0.0007098306861929255
2026-01-22,0.000773637366001016
2026-01-23,0.0012497193823501015
2026-01-26,0.00013350509829817197
2026-01-27,0.00019387803648035834
2026-01-28,0.00011222843231369847
