date,open,high,low,close,volume,parkinson_volatility
2017-11-06,31229.982421875,31229.982421875,31229.982421875,31229.982421875,980,0.0
2017-11-07,31229.982421875,31229.982421875,31229.982421875,31229.982421875,0,0.0
2017-11-08,31229.982421875,31229.982421875,31229.982421875,31229.982421875,0,0.0
2017-11-09,31229.982421875,31229.982421875,31229.982421875,31229.982421875,0,0.0
2017-11-10,33386.43359375,33386.43359375,33386.43359375,33386.43359375,38011,0.0
2017-11-13,35696.9140625,35696.9140625,35696.9140625,35696.9140625,162165,0.0
2017-11-14,38161.42761951435,38161.42761951435,35696.91456935192,36197.51953125,18944465,0.0400940658886708
2017-11-15,35696.91214303071,36197.51707090265,33733.0041882533,34272.1171875,8024068,0.0423478625067655
2017-11-16,34272.11980566529,34272.11980566529,32924.340889922634,33887.0390625,6764437,0.0240944921522744
2017-11-17,33887.03981666753,35042.27838653777,33347.926764237985,34349.13671875,13159415,0.0297636222883209
2017-11-20,35119.289959750844,36736.62890625,34657.1968032294,36736.62890625,3891420,0.0349940504613683
2017-11-21,38430.98234697774,39278.15625,37737.83704741217,39278.15625,9876844,0.024025641588012
2017-11-22,39663.233861643326,41588.63363522476,38816.05633971994,39740.25,9133195,0.0414344686038177
2017-11-23,39740.2518385708,40664.44185627288,38893.074277453,40048.31640625,2837761,0.0267477051270074
2017-11-24,39663.239086518726,40125.335977531206,38893.07760149792,38970.09375,2921404,0.0187325090565483
2017-11-27,38970.09115810129,40048.31716541767,37737.83654936104,39355.171875,4227524,0.035687413373534
2017-11-28,39971.3001334339,39971.3001334339,38122.91641874723,38353.96484375,3444577,0.0284342415312771
2017-11-29,38122.91848960114,38662.03151055914,37622.31354156872,38045.90234375,1954977,0.0163717193617748
2017-11-30,37737.8359375,37737.8359375,36852.15030299301,37737.8359375,3964051,0.014262864461797
2017-12-01,37891.86953435325,38430.98254794566,37352.75652076084,38122.91796875,1607371,0.0170903264450585
2017-12-04,38430.98254794566,38507.99869274458,37622.31302755704,38122.91796875,1940412,0.0139742616804506
2017-12-05,38507.99867658181,38507.99867658181,36890.65963648341,36967.67578125,2425536,0.0257686308809638
2017-12-06,36967.6728118883,37352.75350479034,35966.46669567837,36274.53125,2246833,0.0227129886454331
2017-12-07,36736.62988903725,36890.658488441375,35427.35546875,35427.35546875,1307503,0.0243071660917939
2017-12-08,35427.358051406794,36698.12449314808,34195.103368993485,36197.51953125,1909517,0.0424255608018848
2017-12-11,34657.19921875,35812.437718574045,34657.19921875,34657.19921875,1155530,0.0196922707657349
2017-12-12,34811.23001512685,35504.37161111984,33193.89102536025,35427.35546875,1957819,0.0404117509182047
2017-12-13,35427.360166373124,35504.376318955205,34965.26325088063,35311.8359375,1081944,0.0091891121365865
2017-12-14,35196.30750028155,35273.323643654985,34580.18203862971,34811.23046875,1745269,0.011918875544567
2017-12-15,34734.214381109545,35735.420561235034,34734.214381109545,35350.33984375,2157519,0.0170662456986093
2017-12-18,35889.45469236316,36120.50313472631,35350.341660182465,35658.40625,2957542,0.0129436557861095
2017-12-19,35927.96276609035,36159.0112084535,34965.26092291054,35658.40625,1590013,0.0201615403185155
2017-12-20,35196.3080741209,35581.388797266394,35119.2919294918,35273.32421875,1751995,0.0078506006007694
2017-12-21,35427.35930712471,37198.72708821415,35273.32700569642,37121.7109375,3548396,0.0319183105248873
2017-12-22,37121.7091190154,37622.31407413418,36813.64453125,36813.64453125,1179540,0.0130494635038304
2017-12-25,36813.64502978874,36967.67732575738,36197.51953125,36197.51953125,1079886,0.0126438251169607
2017-12-26,36351.55030845295,37314.24843269966,36043.485729386586,36967.67578125,1905659,0.020808906913587
2017-12-27,36813.64265900017,37121.70723109818,36467.0737007255,36544.08984375,1351812,0.0106852666299993
2017-12-28,36736.62912616416,36736.62912616416,36120.5,36120.5,1151928,0.0101577450462386
2017-12-29,36043.48645662815,36775.13984667317,35581.38957870498,36313.04296875,3461556,0.0198181190020252
2018-01-01,36313.04296875,36313.04296875,36313.04296875,36313.04296875,0,0.0
2018-01-02,36274.53774407928,36736.63465828901,36274.53774407928,36467.078125,730443,0.0076021566531519
2018-01-03,36582.59817482095,37314.24785340928,36505.58203125,36505.58203125,2037897,0.013158327481477
2018-01-04,36852.15204340811,36967.67626206053,36120.502343945154,36351.55078125,1145828,0.0139229786726875
2018-01-05,36351.55182721864,36582.6002711716,36159.01145725784,36197.51953125,2039037,0.0069944527678402
2018-01-08,36197.51875297042,36313.04297246302,35581.3895823432,35735.421875,2092385,0.0122239732802991
2018-01-09,35812.43879132839,36428.56797520296,35735.42264334408,36197.51953125,2382723,0.0115373053559561
2018-01-10,36197.51656239297,38662.02941042037,36197.51656239297,38353.96484375,3698066,0.0395574368894233
2018-01-11,38276.94932243811,40202.34920999738,37737.83632202755,39971.30078125,3278271,0.0379928379425695
2018-01-12,40202.34859185065,42743.87389832249,40125.33245011904,42358.796875,5620189,0.0379662888571554
2018-01-15,42358.79502220149,42820.88816704336,41357.58522348415,42050.73046875,3520846,0.0208816215800345
2018-01-16,42281.78254404936,42281.78254404936,41434.60494872007,41511.62109375,2989441,0.0121553110648155
2018-01-17,41511.62109375,41511.62109375,41511.62109375,41511.62109375,0,0.0
2018-01-18,42050.73466849846,45285.4054321258,41973.71852244372,44284.19921875,3674203,0.0456072975366087
2018-01-19,45208.386347468026,47364.83461149293,45054.35406537085,46979.75390625,4197291,0.030034329195942
2018-01-22,46979.75390625,46979.75390625,46979.75390625,46979.75390625,0,0.0
2018-01-23,46979.75390625,46979.75390625,46979.75390625,46979.75390625,0,0.0
2018-01-24,46979.75390625,46979.75390625,46979.75390625,46979.75390625,0,0.0
2018-01-25,45439.437727734185,47287.82154785439,43128.95703125,43128.95703125,8704470,0.055286560282482
2018-01-26,43899.11602429653,45054.35446493505,42358.796875,42358.796875,5658765,0.0370507346305054
2018-01-29,43822.09988256493,44592.25761454544,42281.7807332684,42358.796875,5378864,0.0319522403785496
2018-01-30,42358.79951726429,43360.00573689301,41973.71878458565,42512.828125,3614987,0.0195145218128091
2018-01-31,43051.94009826463,45208.38846321085,42666.859375,42666.859375,7658173,0.0347485693252436
2018-02-01,42743.87389832249,42743.87389832249,40818.474040367946,42358.796875,4793241,0.0276805328059645
2018-02-02,42281.78411048362,42435.81640625,41896.70337106766,42435.81640625,1685465,0.0076785274565793
2018-02-05,41588.6352563511,41973.715963144925,39509.203125,39509.203125,3849966,0.036339944488157
2018-02-06,36775.13671875,39278.15389060061,36775.13671875,36775.13671875,11112269,0.039544853033004
2018-02-07,38816.05938362296,39278.15625,37814.853191808346,39278.15625,3935716,0.0228012530371729
2018-02-08,38507.997358810426,39663.23580544052,37737.8359375,37737.8359375,1301097,0.0298848332520232
2018-02-09,35273.321993237114,36775.13671875,35119.28971369733,36775.13671875,3939342,0.0276687196027948
2018-02-12,36890.65724306941,37314.24601180381,35042.27357392744,36775.13671875,4711129,0.0377272760479552
2018-02-13,36890.65937741141,37121.70781008859,36736.63077429559,37006.18359375,4049690,0.0062623781777077
2018-02-14,37006.18359375,37006.18359375,37006.18359375,37006.18359375,0,0.0
2018-02-15,37006.18359375,37006.18359375,37006.18359375,37006.18359375,0,0.0
2018-02-16,37006.18359375,37006.18359375,37006.18359375,37006.18359375,0,0.0
2018-02-19,37006.18359375,37006.18359375,37006.18359375,37006.18359375,0,0.0
2018-02-20,37006.18359375,37006.18359375,37006.18359375,37006.18359375,0,0.0
2018-02-21,38507.99869274458,38507.99869274458,37506.788810358674,38122.91796875,3586824,0.0158212002435731
2018-02-22,37737.83520306035,38430.98046875,37737.83520306035,38430.98046875,4380146,0.0109306582593065
2018-02-23,38507.995471628616,39740.25,38353.96319491527,39740.25,4201835,0.0213239241505876
2018-02-26,41588.63545768397,42512.82547312768,40587.42561517314,42358.796875,6587572,0.0278345113329055
2018-02-27,42512.82599268292,43745.08427544816,41434.60368059889,42281.78125,3794339,0.032588179163381
2018-02-28,41588.63776074307,43051.94084934152,41434.60546875,41434.60546875,6775867,0.0229960295623026
2018-03-01,41973.71775845935,42743.87551965293,41588.63703519472,42666.859375,3915247,0.0164547408009617
2018-03-02,41896.70263804992,42743.876564607184,41896.70263804992,42512.828125,3729279,0.0120225260649345
2018-03-05,43051.93769526684,43437.0183970377,39586.21875,39586.21875,5740999,0.0557506909638213
2018-03-06,40741.45839654344,42281.78125,40125.33294049639,42281.78125,4715980,0.0314384247372168
2018-03-07,42743.87202868048,43205.96885885771,41588.63363857277,42050.73046875,3488506,0.0229124631179815
2018-03-08,42358.80079951616,43128.9586028513,41973.72005518066,42897.91015625,3168940,0.0163058104494021
2018-03-09,43282.9909005855,43899.1200915223,42358.80079951616,42897.91015625,4757936,0.0214508846226858
2018-03-12,44284.20029603056,44361.21275862301,42974.92578125,42974.92578125,7104877,0.0190670236223662
2018-03-13,43128.95807710654,43128.95807710654,42281.7841352314,42974.92578125,6955770,0.0119141099999436
2018-03-14,43051.9384009629,43282.9868258127,41049.5224042668,41203.5546875,5714992,0.0318179983578532
2018-03-15,40972.50885548071,41973.71875985528,39663.23805048048,40818.4765625,7675286,0.0340031229463928
2018-03-16,40818.47309042865,41665.65062976052,40202.34765625,40202.34765625,19160702,0.0214710660676142
2018-03-19,40202.351075912935,41280.57344144211,40202.351075912935,40818.4765625,2138837,0.0158947736518751
2018-03-20,40818.47368838496,41049.52211158741,40433.39666838304,40664.44140625,1520016,0.0090823474656481
2018-03-21,40664.44450611407,40741.46065305251,39047.109105742406,39663.23828125,3887598,0.0255102906579027
2018-03-22,39663.2367245031,40433.39816365943,39663.2367245031,39894.28515625,1729871,0.0115496322021488
2018-03-23,38662.02889064655,39124.122049104175,37891.86748432471,38430.98046875,3088482,0.0192195789483211
2018-03-26,38122.91477639735,38507.99546814589,37352.75339290029,37429.76953125,2939412,0.0182926538837871
2018-03-27,38507.99822251029,39201.13983190068,38122.91750321806,38739.04296875,1991139,0.0167497799994289
2018-03-28,39047.10885355896,39663.23802508731,38739.04426779478,39124.125,870852,0.0141592976594066
2018-03-29,39586.22082758469,39586.22082758469,38199.93391378922,39278.15625,1898541,0.0214083933510559
2018-03-30,39124.12680626325,39586.22370624338,38739.04605627981,39432.19140625,2061197,0.0129920234778169
2018-04-02,39432.18661163291,39586.21889289728,38392.47239843391,38430.98046875,2458342,0.0183889683871511
2018-04-03,38507.99660938218,38816.057486575446,37660.81906242817,38430.98046875,2545672,0.0181452012249976
2018-04-04,38507.99869274458,38739.04344180566,37968.88567915217,38122.91796875,1387386,0.0120598332222504
2018-04-05,38122.91560758664,38507.99630773104,37891.8671875,37891.8671875,1317071,0.0096866997291756
2018-04-06,37737.8370675324,40510.41458193724,37737.8370675324,40433.3984375,4585089,0.0425773056711894
2018-04-09,41203.5546875,41819.6838204328,40895.4901210336,41203.5546875,4804131,0.0134209469299528
2018-04-10,41203.55729495176,41588.63802740352,40510.41566187434,40818.4765625,3495794,0.0157754742956626
2018-04-11,40818.47545258782,40818.47545258782,39278.15625,39278.15625,3020421,0.0231013463738367
2018-04-12,39278.15600492493,40433.39816365943,39047.10757317803,39894.28515625,2757340,0.0209519750943483
2018-04-13,40279.36719661567,40356.38334305672,39124.125,39124.125,966647,0.0186235814008168
2018-04-16,38662.02845526103,39432.1861675744,38430.98003596639,39047.10546875,815825,0.0154455240412281
2018-04-17,39047.10934655823,39278.157788798526,38469.49192629328,38508.0,1511000,0.0124935187259722
2018-04-18,38662.03096611499,38893.07571507909,36967.67578125,36967.67578125,2517460,0.0304918912472128
2018-04-19,37121.70667588082,37660.819668989,36043.484375,36043.484375,3027661,0.0263611410840115
2018-04-20,36043.485729386586,36967.67578125,35812.43729508681,36967.67578125,1757434,0.0190670133220823
2018-04-23,37352.75810007114,37429.77424812637,34657.20028880966,35042.27734375,2034774,0.0462197824425648
2018-04-24,34503.16651939045,37198.72421554977,34426.15037462386,36967.67578125,2423197,0.0465182724822658
2018-04-25,36967.67578125,36967.67578125,36967.67578125,36967.67578125,0,0.0
2018-04-26,37006.1854338226,37006.1854338226,34580.18414075443,35042.27734375,3135314,0.04072061240456
2018-04-27,35581.390102545614,36043.48698727192,34965.26092291054,35658.40625,1921277,0.0182397390970294
2018-04-30,35658.40625,35658.40625,35658.40625,35658.40625,0,0.0
2018-05-01,35658.40625,35658.40625,35658.40625,35658.40625,0,0.0
2018-05-02,36120.50313472631,36197.51928218069,34503.167723520026,35658.40625,6545995,0.028790574113218
2018-05-03,35658.40625,36582.60001945261,34503.167723520026,35658.40625,9061325,0.0351457906666333
2018-05-04,35812.44009179741,36351.55314726465,35119.29473476811,36004.98046875,2270513,0.0207111000263202
2018-05-07,36159.008587808894,36159.008587808894,35889.45209125481,36043.484375,2180206,0.0044938067526173
2018-05-08,36043.48566504099,36120.501809670095,35273.32421875,35273.32421875,1217123,0.0142534979526087
2018-05-09,35427.35645911972,35427.35645911972,34734.21484375,34734.21484375,981359,0.0118665388771702
2018-05-10,34734.21484375,34811.23098827282,34118.08568756744,34734.21484375,1877373,0.0120787562951638
2018-05-11,34272.118529891966,35350.34088528229,34272.118529891966,35196.30859375,1051429,0.0186029134091388
2018-05-14,35504.37591941266,37622.31640625,35273.327464266484,37622.31640625,2913184,0.0387183690359839
2018-05-15,37737.8377606187,37814.8539064704,36813.6440103983,36890.66015625,2673770,0.0161151280370852
2018-05-16,36890.658488441375,36890.658488441375,35427.35546875,35427.35546875,1761439,0.0243071660917939
2018-05-17,35427.35546875,36197.51689244838,35273.323184010325,35427.35546875,2111397,0.0155326515083355
2018-05-18,36120.50103595878,36120.50103595878,35042.2750342473,35966.46875,2132124,0.0182002530145524
2018-05-21,35966.472190702705,36197.52064174394,34349.13671875,34349.13671875,2653999,0.0314776585137579
2018-05-22,34118.0848543454,34657.197852839075,32654.78182948384,33116.875,3498526,0.0357418788203871
2018-05-23,33116.87630289031,33501.95703125,31961.63780314696,33501.95703125,2454936,0.0282669090694058
2018-05-24,33810.0210896832,34272.1179565496,33424.940367294534,33578.97265625,2746780,0.0150319251065264
2018-05-25,33733.00556090941,33810.02170679287,31229.98450503292,31499.541015625,3518359,0.0476716977722887
2018-05-28,30344.301965180934,31037.447265625,29343.09392942956,31037.447265625,5770779,0.0337138446961054
2018-05-29,30190.26895027688,33193.89114264195,30190.26895027688,33116.875,1979673,0.0569609511052205
2018-05-30,32962.845929209834,33116.874526958025,32038.652230707583,32346.716796875,1363890,0.019878516295862
2018-05-31,31807.604260422348,33424.93957056781,31807.604260422348,33116.875,1999151,0.0297859897264252
2018-06-01,33655.99061554945,35003.76953125,33232.401798080864,35003.76953125,3268410,0.0311873828624418
2018-06-04,35042.27292415818,35273.32133918365,34426.14750275894,35119.2890625,1594484,0.0145999619573786
2018-06-05,35119.290835101805,35619.89575959106,34734.21380929177,34888.24609375,943262,0.0151216275406425
2018-06-06,35119.290835101805,35273.32311956004,34541.67345371898,34888.24609375,1056158,0.0125880258724089
2018-06-07,35042.27626180088,35812.437718574045,34657.19921875,34657.19921875,1932547,0.0196922707657349
2018-06-08,34580.18175849812,34811.2301867467,34041.068759251415,34272.1171875,1261174,0.0134359599764817
2018-06-11,34272.11797661308,35427.35645911972,34272.11797661308,34734.21484375,2083075,0.0199099049863165
2018-06-12,34349.13333024953,34772.72211537194,33887.03647375236,34272.1171875,2248475,0.0154948969469325
2018-06-13,34272.11849036341,34657.19921875,34041.07005333146,34657.19921875,862351,0.0107727079340709
2018-06-14,34965.25878691019,34965.25878691019,34272.1171875,34272.1171875,807250,0.0120249462180348
2018-06-15,33887.037761976826,34657.19921875,33810.021616299506,34657.19921875,4836434,0.0148628193983238
2018-06-18,34349.13279162769,34580.18121625325,32346.716796875,32346.716796875,800917,0.0400983875973667
2018-06-19,31576.556606535607,32346.71805183419,30459.826196188325,30729.380859375,2806952,0.0360960844225451
2018-06-20,31576.556767186765,31576.556767186765,30729.381015716004,31268.4921875,1523998,0.0163327048933819
2018-06-21,31268.49169289396,31268.49169289396,29651.158203125,29651.158203125,1916843,0.0318956543251381
2018-06-22,29266.07730508998,30806.396484375,29266.07730508998,30806.396484375,2485623,0.0308047494201739
2018-06-25,32346.71915654657,32346.71915654657,31422.525390625004,31422.525390625,889105,0.0174088242686509
2018-06-26,30806.39664965813,31345.5078125,30575.35006139322,31345.5078125,1020572,0.0149400617296127
2018-06-27,31345.50734909596,31345.50734909596,30575.349609375,30575.349609375,546117,0.0149400617296125
2018-06-28,30344.30379939618,30421.319948545344,29343.095703125,29343.095703125,918897,0.0216720907654404
2018-06-29,29651.15848746683,30074.745439229995,29112.04547637284,29882.205078125,2428660,0.0195385232175688
2018-07-02,30036.237890477685,30036.237890477685,28803.981400597884,29805.189453125,1413833,0.02515808642443
2018-07-03,29458.61692934373,29805.187722582385,28572.933146917352,29497.125,1650699,0.0253572475586639
2018-07-04,29189.06072315331,29882.204159146982,28495.91728715964,29728.171875,1137192,0.0285280388915566
2018-07-05,29266.07799201052,29651.15871720412,27956.805369020123,28996.521484375,784931,0.035337352096897
2018-07-06,28033.82174495196,29112.045941706703,27764.26707776416,28110.837890625,1272517,0.0284679231689417
2018-07-09,28110.83776246236,29227.570026962225,28110.83776246236,28418.90234375,816511,0.0233962161893178
2018-07-10,28418.90353187562,28842.49050618744,27956.806640625,27956.806640625,700945,0.0187308826991483
2018-07-11,27610.23515756247,27879.78982837369,26955.5979105418,27494.7109375,1227940,0.0202455529720499
2018-07-12,27494.71056790851,28341.88632764413,27494.71056790851,28110.837890625,1066509,0.0182253206349151
2018-07-13,28110.837890625,28264.870181971084,27995.31367211544,28110.837890625,753056,0.0057549197278318
2018-07-16,28495.91953253129,29343.09531942624,28072.33071774987,29112.046875,1426831,0.026588553812355
2018-07-17,29343.093439510933,31114.462890625,29035.028866679306,31114.462890625,1852543,0.0415406760389576
2018-07-18,31576.555832496484,33155.383071320975,31576.555832496484,33116.875,3242881,0.0293014697429689
2018-07-19,33039.85885735804,33116.875,31730.5881177804,33116.875,2343792,0.0256810965515114
2018-07-20,32346.716796875,32731.79750458427,31730.58766454017,32346.716796875,3636804,0.018656962290358
2018-07-23,31961.63879428917,32962.848719072244,31576.55805398799,32231.1953125,1009191,0.0258037843707928
2018-07-24,32231.1953125,32231.1953125,32231.1953125,32231.1953125,0,0.0
2018-07-25,32077.16158060952,32115.66965291601,31576.556640625,31576.556640625,1106677,0.0101669579266164
2018-07-26,31576.55554415537,31576.55554415537,30690.871754528296,30883.412109375,2225947,0.0170857612848966
2018-07-27,31268.4918636508,31422.52415189886,30190.26953125,30190.26953125,1046431,0.0240256275008586
2018-07-30,30806.39567411802,30883.411815323405,30421.316810758846,30652.365234375,967468,0.0090538395559762
2018-07-31,30652.36671346215,32192.68592656029,30575.35056854046,31268.4921875,2226388,0.0309560079044909
2018-08-01,31268.49166885576,31576.55624343272,31191.47552521152,31345.5078125,1052042,0.0073689562956605
2018-08-02,31538.04973447908,31538.04973447908,30767.890102539222,30844.90625,903682,0.0148477514814621
2018-08-03,31268.49143121965,32654.782006280348,30998.938615848987,31961.63671875,2906814,0.031252209328403
2018-08-06,32115.668372249434,33039.85838541617,32038.652230707583,32346.716796875,2276723,0.0184802329895224
2018-08-07,32269.700655333145,32731.79750458427,32192.68451379129,32346.716796875,1265425,0.0099739814246205
2018-08-08,32346.71797099393,32847.32290918691,32154.17761015048,32462.2421875,1669515,0.0128086875449991
2018-08-09,32462.24230367453,32693.29073751354,31461.03242370549,31576.556640625,1695632,0.0230736614716621
2018-08-10,31461.03290289868,31730.58941314989,30767.88943349199,30960.431640625,1718025,0.0185030420947801
2018-08-13,30806.39750638502,31152.96831975444,30421.318620122573,30960.431640625,1353453,0.0142728768198228
2018-08-14,31191.475348497315,31422.52377812104,30921.92253260524,31114.462890625,1592377,0.0096447451606156
2018-08-15,31191.474537477192,31268.490678682578,30652.365234375,30652.365234375,1060507,0.0119518131871685
2018-08-16,30459.82568250316,30844.90455599052,30459.82568250316,30806.396484375,1648972,0.007544816616448
2018-08-17,30806.39726464757,31152.968075297453,30652.366816951988,30690.873046875,774383,0.0097288776081499
2018-08-20,30613.858722189845,30806.39724233685,30421.318359375,30421.318359375,928586,0.0075543072204926
2018-08-21,30421.318359375,30575.35064962688,30228.77799656015,30421.318359375,1265192,0.0068462569436553
2018-08-22,30806.396743814814,30998.938946181708,30652.36629872337,30767.888671875,1082851,0.0067521775331571
2018-08-23,30806.39716063769,31730.589057030145,30729.381015716004,31268.4921875,1682108,0.0192551553954021
2018-08-24,31461.03202796636,31884.62081800968,31268.49166885576,31345.5078125,1864793,0.011718662463517
2018-08-27,31538.049220424527,31576.55729352725,31114.464101630285,31191.4765625,1249536,0.0088535890389906
2018-08-28,30960.432313859063,31191.477070905592,30806.398176269613,30844.90625,1639601,0.0074604627281627
2018-08-29,30806.3986898106,30806.3986898106,30421.31978875537,30498.3359375,2041891,0.0075543072204927
2018-08-30,30421.31786708447,30767.888671875,30421.31786708447,30767.888671875,1156314,0.0068031346515559
2018-08-31,30729.379907880582,30729.379907880582,30305.79296875,30305.79296875,1881024,0.008335979227169
2018-09-03,30305.79296875,30305.79296875,30305.79296875,30305.79296875,0,0.0
2018-09-04,30228.778638615782,30382.810932139288,29189.0625,29189.0625,2600736,0.0240722655958909
2018-09-05,29112.04433724142,29266.07662009825,28341.884765625,28341.884765625,2291815,0.0192709960119784
2018-09-06,28495.918355448448,28726.96679033075,28149.345703125,28149.345703125,1495210,0.0121987072491147
2018-09-07,28149.34573161692,29035.02955689436,28149.34573161692,28996.521484375,1967913,0.0186047283166095
2018-09-10,29035.029037544435,29150.55325303613,28495.917874584324,29073.537109375,1339096,0.0136405752174291
2018-09-11,29112.04429343733,29651.157282625067,28996.52008146853,29497.125,1646167,0.0134077273981818
2018-09-12,29497.12708704701,29728.173684664387,29073.53827985737,29189.0625,1318149,0.0133725654503761
2018-09-13,29189.061585573025,29343.09387427105,28880.99700817697,29035.029296875,741345,0.0095329363930204
2018-09-14,29035.02852093877,29266.07694781123,28803.9800940663,29150.552734375,955965,0.0095582238123159
2018-09-17,29112.04620746376,29150.554280651813,28611.44309868695,28649.951171875,1029098,0.0112107848480401
2018-09-18,28572.93411266564,28572.93411266564,28341.88568091873,28495.91796875,1434205,0.0048760406234608
2018-09-19,28495.91796875,29266.077565238524,28187.853393087466,28495.91796875,2523095,0.0225438236156236
2018-09-20,28495.91697219544,28958.01197686112,28495.91697219544,28919.50390625,1027309,0.0096606906381554
2018-09-21,29035.02852093877,29497.125374683696,29035.02852093877,29150.552734375,8310008,0.0094827608552469
2018-09-24,29420.11031540564,30421.318359375,29343.09417027969,30421.318359375,2656682,0.0216720907654404
2018-09-25,30344.30223622512,30767.88919205672,30036.23765549826,30690.873046875,2655101,0.0144537142391231
2018-09-26,30652.365951760865,31769.096340039323,30421.31752273727,31384.015625,4185702,0.0260345726991282
2018-09-27,31422.52435139899,32115.66965291601,31384.01627909249,31576.556640625,4427358,0.0138401339007773
2018-09-28,31576.55588690312,32269.701171875,31306.99938719184,32269.701171875,5308378,0.0181892276069459
2018-10-01,31807.604411543256,32654.781984629768,31384.015625,31384.015625,4051516,0.023837835803078
2018-10-02,31576.55729352725,31730.58958593816,31191.4765625,31191.4765625,1967264,0.0102914067976807
2018-10-03,31191.475288160724,32269.701290985708,31191.475288160724,31961.63671875,1526019,0.0204094238820799
2018-10-04,31961.63763135902,32231.194139761985,31884.62148610103,32115.669921875,1115546,0.0064926294848973
2018-10-05,31884.62121907701,32115.66965291601,31422.52435139899,31576.556640625,2269324,0.0131036992253762
2018-10-08,31191.477197313936,31345.509492859725,30267.287109375,30267.287109375,2323641,0.0210217579396758
2018-10-09,30421.31940492079,30729.382153344468,30267.287109375,30267.287109375,1328708,0.0090995678534143
2018-10-10,30421.317610887643,30806.396484375,30190.26918119455,30806.396484375,1473307,0.0121329497757951
2018-10-11,30036.23691876463,30036.23691876463,28726.966168125145,28803.98046875,3591418,0.02676598031356
2018-10-12,28649.95055017644,29535.634371614608,28187.853681947225,29304.5859375,2439318,0.0280500004942392
2018-10-15,29304.584690812462,29343.09276152668,28341.884765625,28341.884765625,1593627,0.0208493474462195
2018-10-16,28649.951171875,28726.967318251107,28341.88658637058,28649.951171875,1135121,0.0081048783105327
2018-10-17,29266.078254796048,29266.078254796048,28880.99752614474,28958.013671875,849660,0.0079545849587793
2018-10-18,28958.01417855732,29150.55454625188,28495.919138758265,28611.443359375,1035443,0.0136405752174291
2018-10-19,28303.37928891417,28572.93580861848,28187.855066183754,28534.427734375,2236543,0.0081488682271059
2018-10-22,28958.01419399388,29497.12722382603,28880.998046875,28880.998046875,2068216,0.0126772491800753
2018-10-23,28649.95025658127,28880.99684566036,27725.75837226148,28495.91796875,1776017,0.0245160758604821
2018-10-24,28187.85364087055,28726.96665301901,27879.7890625,27879.7890625,1264445,0.0179773590169665
2018-10-25,26339.46920441815,27879.78837283206,26339.46920441815,27417.693359375,1910228,0.0341319656619745
2018-10-26,27956.80571134509,27995.313784335976,26955.59765625,26955.59765625,1792701,0.0227289296025451
2018-10-29,26955.59662020673,28842.48843890124,26801.56617683125,27109.62890625,1286066,0.0440747470237126
2018-10-30,27109.63072592024,27533.21954097164,26570.51953125,26570.51953125,1861899,0.0213745414388754
2018-10-31,27359.93268928272,28114.689453125,27171.243498322143,28114.689453125,3496330,0.0204989594148036
2018-11-01,28256.20510817308,28350.54969951924,27595.79296875,27595.79296875,1140990,0.0162049954091481
2018-11-02,27642.96579890388,28350.55024768128,27642.96579890388,27973.171875,1679450,0.0151792714973068
2018-11-05,27831.65586191979,29152.4802079092,27642.966669635585,28963.791015625,1589870,0.0319310392184034
2018-11-06,29246.823409231085,29246.823409231085,28586.41126773232,28680.755859375,923790,0.0137165128051261
2018-11-07,28775.10045101768,28869.44504266036,28350.549788625616,28680.755859375,914420,0.0108925875456373
2018-11-08,28869.44584173387,29624.202595766128,28869.44584173387,29246.82421875,1763770,0.0154992138713795
2018-11-09,29246.82549128849,29435.51468800648,28963.791696211505,29105.30859375,1613770,0.0097023306373983
2018-11-12,28869.444743628643,29152.478515625,28303.377199635925,29152.478515625,589610,0.017751869874603
2018-11-13,28586.410996999173,28869.44476924669,28444.89411087541,28492.06640625,878980,0.008897365762313
2018-11-14,28303.376533901832,28775.099476133528,28303.376533901832,28350.548828125,949010,0.0099268574875982
2018-11-15,28303.37749280428,28680.755859375,28256.205196982937,28680.755859375,748760,0.0089563397108449
2018-11-16,28633.58499348958,28775.101888020832,28209.03430989584,28303.37890625,946970,0.0119320720529656
2018-11-19,28303.379586442785,28680.757980928687,28256.20728713205,28444.896484375,707980,0.0089563397108449
2018-11-20,28397.721936174552,28916.6171875,28350.54964059951,28916.6171875,1445630,0.0118730958522425
2018-11-21,28444.89406151108,29860.06292029272,28444.89406151108,29812.890625,1678690,0.0291591835336036
2018-11-22,30048.75268008686,30143.097272489016,29529.857421875,29529.857421875,763390,0.0123439850082957
2018-11-23,29671.37462269176,29718.54691938921,29058.134765625,29058.134765625,883420,0.0134963253766677
2018-11-26,29152.48004594104,29435.51383279483,28869.446259087235,29199.65234375,718840,0.011661749029352
2018-11-27,29341.16854580966,29624.20232599432,29058.134765625,29058.134765625,1060950,0.0115867491910536
2018-11-28,29058.13503024193,29246.82421875,28963.790435987903,29246.82421875,636790,0.0058401873953183
2018-11-29,29341.16907677284,30001.58124248798,29341.16907677284,29435.513671875,1953160,0.0133675739120532
2018-11-30,29435.513996335507,29812.892380903908,28963.791015625,28963.791015625,1809290,0.0173528953010879
2018-12-03,28963.789454994017,29765.718478992225,28963.789454994017,29577.029296875,2013330,0.0164018876528074
2018-12-04,30001.580311066515,31322.404601490827,29907.23571889335,30850.681640625,3729070,0.0277658632956935
2018-12-05,30614.821933682662,31275.234117151937,30426.13273840573,31086.544921875,2079660,0.0165302510016825
2018-12-06,31039.37025331439,31228.059434185605,30661.991891571968,31133.71484375,1892180,0.0109861820486995
2018-12-07,30945.025662878787,31322.40402462121,30850.68107244318,31133.71484375,1466260,0.0091133949748557
2018-12-10,30945.02626953125,30945.02626953125,30095.924938964843,30190.26953125,2467410,0.0167091174719523
2018-12-11,30095.925052966104,30614.8203125,30095.925052966104,30614.8203125,1487680,0.0102662534866809
2018-12-12,30614.8203125,30614.8203125,30614.8203125,30614.8203125,0,0.0
2018-12-13,31039.37082497133,31086.543121057915,30850.681640625,30850.681640625,1262550,0.0045739840625697
2018-12-14,30850.681949970887,30850.681949970887,30378.958984375,30378.958984375,1014790,0.0092538225999486
2018-12-17,30095.924938964843,30473.303308105467,30001.58034667969,30190.26953125,1643870,0.0093693195818025
2018-12-18,29435.512262658227,30095.924396756327,29246.82308148734,29812.890625,1241410,0.0171873441826579
2018-12-19,29718.546334907554,29907.235517986333,29341.16796875,29341.16796875,735120,0.0114760409959623
2018-12-20,29058.13481104651,29435.513185215947,28397.72265625,28397.72265625,1171150,0.0215558971024712
2018-12-21,28397.723569485923,28397.723569485923,27642.966796875,27642.966796875,2017450,0.0161777109698249
2018-12-24,27501.4489091484,28020.34417158516,27501.4489091484,27973.171875,561130,0.0112257699144566
2018-12-25,27359.93268928272,28256.206346345425,27265.58809380243,28114.689453125,1121900,0.0214326657763908
2018-12-26,27831.65487211045,28209.033243257705,27548.62109375,27548.62109375,1015230,0.0142271574770711
2018-12-27,28209.033243257705,28209.033243257705,27454.276500963188,27548.62109375,2017410,0.0162874037665121
2018-12-28,27548.62109375,27548.62109375,27548.62109375,27548.62109375,0,0.0
2018-12-31,27548.62109375,27548.62109375,27548.62109375,27548.62109375,0,0.0
2019-01-01,27548.62109375,27548.62109375,27548.62109375,27548.62109375,0,0.0
2019-01-02,26841.036119249133,27737.30973307292,26793.863823784723,27171.2421875,2061280,0.0207827382814897
2019-01-03,27312.76057648917,27312.76057648917,25944.763932761733,26133.453125,1247100,0.0308593566463027
2019-01-04,25944.763671875,26227.797457386365,25190.006910511365,25944.763671875,982790,0.0242461303735066
2019-01-07,26416.48717517921,26888.210160450268,26274.97027959789,26322.142578125,905730,0.0138556201551936
2019-01-08,26322.14119819973,26322.14119819973,25944.76282976676,26039.107421875,687890,0.0086725146682653
2019-01-09,26039.10695460413,27501.448106040232,26039.10695460413,27407.103515625,2139870,0.0328141477694895
2019-01-10,27454.27827886248,27831.65667444822,27359.933679966045,27784.484375,1055420,0.0102662534866809
2019-01-11,27784.482536188338,28303.3777957776,27784.482536188338,28209.033203125,1834420,0.0111124671682677
2019-01-14,28303.37790877265,28633.583984375,28114.688722714167,28633.583984375,1377450,0.0109831377720184
2019-01-15,28633.58435609879,29246.82421875,28492.06746471774,29246.82421875,1723800,0.01570184090865
2019-01-16,29246.82239914547,29671.373046875,28963.788633992448,29671.373046875,1559790,0.0144953425455992
2019-01-17,29624.202372300664,29624.202372300664,28397.72265625,28397.72265625,1081730,0.0253933619444987
2019-01-18,28303.37740384616,28869.44495192308,27595.79296875,27595.79296875,664540,0.0270975829547854
2019-01-21,27690.139095163184,28020.345183180463,27359.933007145904,27642.966796875,470290,0.0143241149004112
2019-01-22,27642.965842238773,27831.65502887521,27265.58746896589,27312.759765625,644870,0.0123407329393166
2019-01-23,27171.24355670104,27548.621939433,26841.037471810567,27454.27734375,574730,0.0156269320673835
2019-01-24,27124.07042620933,28020.34405768408,27124.07042620933,27548.62109375,806970,0.0195238114891282
2019-01-25,27501.4487973566,27737.310279323632,27454.276500963188,27548.62109375,476020,0.0061596560932663
2019-01-28,27548.620673076923,27737.309855769232,27548.620673076923,27595.79296875,795190,0.0040994098038254
2019-01-29,27784.48284372343,27784.48284372343,27454.27676578444,27737.310546875,1013990,0.0071801511636119
2019-01-30,27784.483691739548,27784.483691739548,27501.44990201045,27642.966796875,666640,0.0061491445509242
2019-01-31,27831.65487211045,27831.65487211045,27312.759611782963,27548.62109375,1650390,0.0113025974960368
2019-02-01,27548.62082435345,27642.96541621767,25991.93505859375,27359.931640625,1869640,0.0369855500160295
2019-02-04,27359.931640625,27359.931640625,27359.931640625,27359.931640625,0,0.0
2019-02-05,27359.931640625,27359.931640625,27359.931640625,27359.931640625,0,0.0
2019-02-06,27359.931640625,27359.931640625,27359.931640625,27359.931640625,0,0.0
2019-02-07,27359.931640625,27359.931640625,27359.931640625,27359.931640625,0,0.0
2019-02-08,27359.931640625,27359.931640625,27359.931640625,27359.931640625,0,0.0
2019-02-11,27737.310546875,27784.48284372343,27501.449062632862,27737.310546875,844700,0.0061491445509242
2019-02-12,28020.34375,28775.100484006736,27642.96538299664,28020.34375,2751810,0.0241060268313986
2019-02-13,28114.688309518915,28775.10045101768,28067.51601369757,28680.755859375,1989390,0.014952503588387
2019-02-14,28963.790128968256,29718.546875,28727.928645833334,29718.546875,2560640,0.0203599567051463
2019-02-15,29388.341534985862,29718.547619648627,29105.30774813207,29199.65234375,1853120,0.01252217884614
2019-02-18,29199.65234375,29199.65234375,29199.65234375,29199.65234375,0,0.0
2019-02-19,29860.06292029272,30473.3027590981,29577.029148536392,29812.890625,3160210,0.017928531503879
2019-02-20,29812.890625,29812.890625,29812.890625,29812.890625,0,0.0
2019-02-21,30190.270220588234,32077.162109375,30143.097923368565,32077.162109375,3820470,0.0373479066473143
2019-02-22,32360.1971875,33916.88305803572,32077.163392857143,33020.609375,4170500,0.0334924332911603
2019-02-25,33586.67445612094,33775.3636384587,31322.404268067847,31982.81640625,3408000,0.0452811241891795
2019-02-26,31888.472610960143,32831.91854619565,31416.74964334239,32548.884765625,2184700,0.0264607205362561
2019-02-27,32926.2631397192,33209.29692028985,32501.712468863225,32548.884765625,1418370,0.0129343377934305
2019-02-28,32124.333043323863,32454.539109848483,31133.71484375,31133.71484375,4831010,0.0249527192306923
2019-03-01,31558.26683995864,32077.162109375,31322.405353860293,32077.162109375,1236900,0.0142997518568836
2019-03-04,32077.16111717613,32737.57325782387,32077.16111717613,32407.3671875,1639580,0.0122389342774248
2019-03-05,32077.16237207602,32643.22994334796,31982.817776864034,32265.8515625,2071350,0.0122746708764566
2019-03-06,32265.85098505435,32548.884765625,31888.472610960143,32548.884765625,1289640,0.0123106167893521
2019-03-07,32454.54178571429,33445.16006696429,32454.54178571429,33020.609375,2793560,0.0180568867170016
2019-03-08,32596.05732731448,33209.29719020173,32548.885030169306,32737.57421875,1264280,0.0120633279171958
2019-03-11,32548.882262323943,33492.328125,32313.02079665493,33492.328125,2248780,0.0215277960705126
2019-03-12,33586.67434434605,34718.809434604904,33586.67434434605,34624.46484375,3752290,0.0199099295545315
2019-03-13,34765.984137318126,35756.60240988757,34718.811838624344,35662.2578125,4918140,0.0176884894508839
2019-03-14,35662.25612664474,37690.664874588816,35567.9115337171,35850.9453125,4400440,0.0348136788754981
2019-03-15,35756.60103125,35850.945625,34954.671984375,35379.22265625,2999450,0.0152048932556414
2019-03-18,35850.9453125,36322.66827713816,35473.566940789475,35850.9453125,1512670,0.0142057893745839
2019-03-19,35850.94392407162,35992.460807982425,34907.49803133289,35567.91015625,1903060,0.0183818843088743
2019-03-20,35001.84394450207,35096.188537344395,33681.019644709544,34105.5703125,4855120,0.0247179415872044
2019-03-21,34105.57055876359,34577.29352638134,32548.884765625,32548.884765625,3612740,0.0363063896861268
2019-03-22,33303.643169642855,33492.33236607143,32831.920178571425,33020.609375,2962930,0.0119603623798616
2019-03-25,32077.161731634184,32360.1955116192,30709.165128373315,31463.921875,5659310,0.0314501804539263
2019-03-26,31982.817023651216,31982.817023651216,30143.097460343844,31039.37109375,3098380,0.035578947476179
2019-03-27,31322.40385677467,32454.5389359352,30850.68090712445,32029.98828125,2343980,0.0304373345585525
2019-03-28,31746.955765763683,32313.023327708943,31605.438875277367,31888.47265625,1706660,0.0132971012234412
2019-03-29,32124.333264654084,33256.46835768154,31888.47178694003,32643.228515625,4544300,0.0252264092987817
2019-04-01,32831.91871537396,34105.57073450485,32737.574121364265,34058.3984375,3530060,0.0245853311622618
2019-04-02,34341.429123263886,35096.185807291666,33869.70619574653,33964.05078125,3250020,0.0213628423337924
2019-04-03,33681.01729753521,33869.70647007042,33162.12207306338,33492.328125,2601580,0.0126794548697539
2019-04-04,33492.328125,34105.56793573944,33303.63895246479,33492.328125,1858440,0.0142897440880402
2019-04-05,33822.53557633554,34199.913937019905,33633.846395993365,33775.36328125,1466970,0.0100235072971192
2019-04-08,33775.36328125,34152.74164193436,33397.98492056564,33775.36328125,1168690,0.0134209206174006
2019-04-09,34152.74197299494,34199.91426853775,32454.53933345376,32643.228515625,3127600,0.0314590876197844
2019-04-10,32548.88638392857,33209.29857142857,32218.68029017857,33020.609375,2632930,0.0181870931836783
2019-04-11,33303.64092807112,33350.81322400324,32690.401080953663,32831.91796875,650930,0.0120116244860251
2019-04-12,32360.1976037196,33067.78209942776,32360.1976037196,32973.4375,1032540,0.0129902945817736
2019-04-15,32973.4375,32973.4375,32973.4375,32973.4375,0,0.0
2019-04-16,32077.162109375,32360.195892693017,31511.09454273897,32077.162109375,2634720,0.0159685946320482
2019-04-17,32077.161574590777,32313.023056756883,31605.43861025856,31699.783203125,1854430,0.0132971012234413
2019-04-18,31699.78263274336,32407.36706650996,31511.09345040561,31982.81640625,1830550,0.0168434108164414
2019-04-19,32218.6778841722,32407.36706650996,31935.64411066556,31982.81640625,683530,0.0088060405368994
2019-04-22,31699.78498892172,32077.16338164697,31699.78498892172,31935.646484375,966920,0.0071073161378244
2019-04-23,31935.64516728206,33162.12489305656,31888.472870136888,32737.57421875,2128550,0.0235202683660848
2019-04-24,33020.60988259181,33397.98828125,32926.26528292726,33397.98828125,1576360,0.0085429776862126
2019-04-25,33586.67567567568,33586.67567567568,32926.26351351351,33162.125,1580250,0.0119264300404204
2019-04-26,33020.60492621528,33964.05078125,33020.60492621528,33964.05078125,3071980,0.0169183357999324
2019-04-29,33964.05078125,33964.05078125,33964.05078125,33964.05078125,0,0.0
2019-04-30,33964.05078125,33964.05078125,33964.05078125,33964.05078125,0,0.0
2019-05-01,33964.05078125,33964.05078125,33964.05078125,33964.05078125,0,0.0
2019-05-02,34435.77385545267,34435.77385545267,33869.70634002058,34388.6015625,2626910,0.0099542809997558
2019-05-03,34388.60451653393,34813.15518957756,33869.70924948061,34058.3984375,5455180,0.0164999720042653
2019-05-06,33114.95228160512,33775.36443536932,33020.60768821023,33209.296875,1798750,0.0135725822753026
2019-05-07,33397.986912393164,33775.365295584044,33020.60852920228,33114.953125,1143530,0.0135725822753025
2019-05-08,32737.57474180912,33256.47001869658,32643.2301460114,33114.953125,1476590,0.011177553367171
2019-05-09,33209.297720797724,33397.986912393164,32926.26393340456,33114.953125,913060,0.0085429776862126
2019-05-10,33303.640205091935,33681.01856435643,32831.917256011315,33350.8125,1571780,0.0153343106043576
2019-05-13,33256.46638997396,34152.73995225695,33256.46638997396,33964.05078125,1843190,0.0159710781833688
2019-05-14,33681.01702473958,34247.08453776042,33681.01702473958,33964.05078125,1447500,0.0100095851142039
2019-05-15,34247.08731429304,34813.15487320697,34105.570424564554,34530.12109375,2555920,0.012332285574128
2019-05-16,35647.13114754098,36229.91803278689,35550.0,35550.0,4834930,0.0113776838110989
2019-05-17,36000.0,36550.0,36000.0,36000.0,3878080,0.0091058577638491
2019-05-20,36000.0,36500.0,35600.0,36150.0,1340870,0.0149939850166368
2019-05-21,36300.0,36300.0,35900.0,36000.0,1863050,0.0066544858607918
2019-05-22,36200.0,36350.0,35750.0,35800.0,1126920,0.0099957015530594
2019-05-23,35500.0,35850.0,35200.0,35250.0,1688590,0.0109887592936004
2019-05-24,35250.0,35700.0,34800.0,35000.0,2774230,0.0153343106043577
2019-05-27,34850.0,35250.0,34850.0,35250.0,1049230,0.0068538399156035
2019-05-28,35300.0,35350.0,34500.0,34600.0,1920160,0.0146171001752204
2019-05-29,34400.0,35100.0,34200.0,34800.0,2330360,0.0155998693990421
2019-05-30,34950.0,35300.0,34500.0,35000.0,1094030,0.0137670487885838
2019-05-31,35000.0,35100.0,34500.0,34800.0,2071330,0.0103547600382217
2019-06-03,34250.0,34650.0,33800.0,33800.0,1803890,0.0149160924785477
2019-06-04,34000.0,34400.0,33800.0,34300.0,970280,0.0105673319531028
2019-06-05,34500.0,34650.0,34150.0,34350.0,676220,0.0087292409556783
2019-06-06,34350.0,34550.0,33900.0,34450.0,896230,0.0114061801909093
2019-06-07,34600.0,34800.0,34300.0,34750.0,844720,0.0086913413333994
2019-06-10,34800.0,35200.0,34800.0,35050.0,1738860,0.0068636313284787
2019-06-11,35150.0,35650.0,35050.0,35200.0,1331330,0.0101936456493246
2019-06-12,35150.0,35300.0,34950.0,34950.0,900490,0.0059842892741748
2019-06-13,34700.0,34900.0,34600.0,34700.0,598250,0.0051847332469266
2019-06-14,34600.0,34900.0,34600.0,34900.0,593520,0.0051847332469266
2019-06-17,34900.0,34900.0,34000.0,34000.0,1079830,0.0156904449522478
2019-06-18,34000.0,34100.0,33350.0,33500.0,1493030,0.0133562481246205
2019-06-19,33900.0,34000.0,33700.0,34000.0,655520,0.005322586133732
2019-06-20,34000.0,34900.0,34000.0,34900.0,914550,0.0156904449522478
2019-06-21,34900.0,34900.0,34300.0,34300.0,1961640,0.0104146171338677
2019-06-24,34500.0,35000.0,34400.0,34500.0,861360,0.0103846023301802
2019-06-25,34500.0,34700.0,34250.0,34300.0,863690,0.0078391988162965
2019-06-26,34200.0,34400.0,34150.0,34350.0,918020,0.0043804804302333
2019-06-27,34350.0,34350.0,33750.0,33750.0,1111580,0.0105828501299848
2019-06-28,33750.0,34000.0,33500.0,33800.0,1226980,0.008897365762313
2019-07-01,34150.0,34400.0,34100.0,34250.0,872830,0.0052604237442764
2019-07-02,34100.0,34700.0,34100.0,34600.0,1522440,0.010475170294888
2019-07-03,34400.0,34400.0,34100.0,34300.0,759170,0.0052604237442764
2019-07-04,34300.0,34300.0,34300.0,34300.0,0,0.0
2019-07-05,34300.0,34300.0,34300.0,34300.0,0,0.0
2019-07-08,34300.0,34300.0,34300.0,34300.0,0,0.0
2019-07-09,34300.0,34300.0,34300.0,34300.0,0,0.0
2019-07-10,34300.0,34300.0,34300.0,34300.0,0,0.0
2019-07-11,34300.0,34300.0,34300.0,34300.0,0,0.0
2019-07-12,34300.0,34300.0,34300.0,34300.0,0,0.0
2019-07-15,34300.0,34300.0,34300.0,34300.0,0,0.0
2019-07-16,34300.0,34300.0,34300.0,34300.0,0,0.0
2019-07-17,36750.0,37400.0,36750.0,37000.0,1389990,0.0105293265610895
2019-07-18,36700.0,37050.0,36500.0,36600.0,1658240,0.008982048116251
2019-07-19,36800.0,37400.0,36800.0,37400.0,2259580,0.0097127918270202
2019-07-22,37400.0,37650.0,36600.0,36700.0,1403230,0.0169867018088165
2019-07-23,36500.0,37400.0,36500.0,37300.0,1387220,0.0146287363649149
2019-07-24,37600.0,37650.0,36950.0,37350.0,1677900,0.0112709164060692
2019-07-25,37350.0,37350.0,37350.0,37350.0,0,0.0
2019-07-26,37350.0,37350.0,37350.0,37350.0,0,0.0
2019-07-29,37350.0,37350.0,37350.0,37350.0,0,0.0
2019-07-30,37350.0,37350.0,37350.0,37350.0,0,0.0
2019-07-31,35700.0,37200.0,35350.0,36950.0,2277030,0.0306348486050586
2019-08-01,37000.0,37200.0,36800.0,37000.0,940850,0.0064926167961418
2019-08-02,36400.0,36850.0,36250.0,36250.0,826290,0.0098589552653094
2019-08-05,36250.0,36300.0,35000.0,35000.0,2629870,0.0219022748133476
2019-08-06,35000.0,35000.0,35000.0,35000.0,0,0.0
2019-08-07,35100.0,35300.0,34400.0,34700.0,1539740,0.0155103336248332
2019-08-08,34700.0,35800.0,34700.0,35500.0,1611220,0.0187424380548711
2019-08-09,35500.0,35500.0,35500.0,35500.0,0,0.0
2019-08-12,35400.0,35600.0,35250.0,35450.0,899890,0.0059336099201759
2019-08-13,35450.0,35450.0,34850.0,34900.0,1698060,0.0102516492869261
2019-08-14,35300.0,35500.0,34700.0,34700.0,1313810,0.0136885972542161
2019-08-15,34250.0,35400.0,34250.0,35400.0,1272570,0.0198336871773322
2019-08-16,35400.0,35400.0,35400.0,35400.0,0,0.0
2019-08-19,35400.0,35400.0,35400.0,35400.0,0,0.0
2019-08-20,35400.0,35400.0,35400.0,35400.0,0,0.0
2019-08-21,35500.0,36300.0,35500.0,35900.0,2251310,0.0133835333387
2019-08-22,36200.0,36250.0,35750.0,35750.0,1195690,0.0083412619271628
2019-08-23,35750.0,35800.0,34900.0,35050.0,2330730,0.0152909273800481
2019-08-26,34700.0,35050.0,34550.0,34900.0,1280630,0.0086289013803796
2019-08-27,35000.0,35200.0,34500.0,34500.0,1289980,0.0120633279171956
2019-08-28,34550.0,34950.0,34550.0,34700.0,783780,0.0069130110576974
2019-08-29,34700.0,34700.0,34100.0,34350.0,1254640,0.010475170294888
2019-08-30,34350.0,34350.0,34350.0,34350.0,0,0.0
2019-09-02,34350.0,34350.0,34350.0,34350.0,0,0.0
2019-09-03,34350.0,34350.0,34350.0,34350.0,0,0.0
2019-09-04,34250.0,34300.0,33850.0,34000.0,1354920,0.007931224352506
2019-09-05,34000.0,34450.0,33900.0,34100.0,995180,0.009665421857963
2019-09-06,34100.0,34450.0,33950.0,34100.0,1372420,0.0087802909617139
2019-09-09,34300.0,34300.0,34000.0,34000.0,473980,0.00527582781838
2019-09-10,34000.0,34150.0,33700.0,33700.0,1524460,0.007966293430312
2019-09-11,33700.0,33950.0,33550.0,33950.0,965520,0.0071178457413944
2019-09-12,34200.0,34300.0,33900.0,33950.0,917120,0.0070447869895153
2019-09-13,34100.0,34200.0,33750.0,33950.0,1552420,0.0079545693294538
2019-09-16,34250.0,34300.0,33950.0,34000.0,1692510,0.0061596560932663
2019-09-17,34000.0,34700.0,34000.0,34200.0,3170730,0.0122389342774248
2019-09-18,34200.0,34600.0,33950.0,33950.0,2398990,0.0113895399802074
2019-09-19,34000.0,34200.0,33950.0,34100.0,1320480,0.0044061914771285
2019-09-20,34200.0,34400.0,33950.0,33950.0,3228690,0.0079080160016994
2019-09-23,34200.0,34200.0,33650.0,33700.0,2513680,0.0097366513622922
2019-09-24,33800.0,34150.0,33600.0,33800.0,1430510,0.0097510234344045
2019-09-25,33800.0,34000.0,33500.0,33500.0,1712360,0.008897365762313
2019-09-26,33600.0,33650.0,32750.0,32750.0,4767290,0.0162812707095443
2019-09-27,32800.0,33300.0,32500.0,33250.0,5894250,0.0146040315703088
2019-09-30,33250.0,33550.0,33050.0,33100.0,2156270,0.0090176049227065
2019-10-01,33150.0,33150.0,32550.0,32700.0,3408490,0.0109694593799045
2019-10-02,32500.0,32550.0,32000.0,32000.0,3438710,0.0102344432584157
2019-10-03,31500.0,32000.0,31250.0,32000.0,3700140,0.0142432257893193
2019-10-04,32100.0,32450.0,31850.0,31900.0,3287400,0.0112083104710541
2019-10-07,32000.0,32200.0,31500.0,31500.0,2033630,0.0131996786902739
2019-10-08,31700.0,31700.0,31200.0,31250.0,2322130,0.0095480739970262
2019-10-09,31300.0,32000.0,31200.0,32000.0,3326980,0.0152048932556414
2019-10-10,32100.0,32500.0,32100.0,32400.0,3104270,0.0074373855082618
2019-10-11,32500.0,32900.0,32350.0,32350.0,5124380,0.0101246432356996
2019-10-14,32300.0,32350.0,31550.0,31700.0,3171090,0.0150383119762364
2019-10-15,31700.0,32150.0,31700.0,31850.0,2352870,0.0084653724881738
2019-10-16,31850.0,32100.0,31800.0,31850.0,1852420,0.005639113773439
2019-10-17,31800.0,31900.0,31550.0,31850.0,2083310,0.0066256439251688
2019-10-18,31850.0,32050.0,31850.0,31900.0,2102750,0.0037593938371215
2019-10-21,31900.0,32400.0,31900.0,31900.0,2854740,0.0093401758869959
2019-10-22,32000.0,32150.0,31900.0,31900.0,1498800,0.0046882455446222
2019-10-23,31900.0,32300.0,31900.0,32250.0,1900330,0.0074837255543418
2019-10-24,32400.0,32700.0,32300.0,32700.0,2453760,0.0073916158229441
2019-10-25,32800.0,32800.0,32400.0,32550.0,1701750,0.0073689415849564
2019-10-28,32600.0,32650.0,32200.0,32450.0,1598210,0.0083348305240775
2019-10-29,32450.0,32800.0,32450.0,32600.0,2276050,0.0064428639852713
2019-10-30,32700.0,33350.0,32650.0,33250.0,3535150,0.0127396547655266
2019-10-31,33300.0,33450.0,33000.0,33200.0,3552630,0.0081341361432876
2019-11-01,33200.0,35300.0,33200.0,35050.0,9671220,0.0368342732085299
2019-11-04,35000.0,35400.0,34600.0,34900.0,3544600,0.0137277109331393
2019-11-05,35000.0,35800.0,34950.0,35600.0,4236650,0.0144311402548245
2019-11-06,35300.0,35850.0,35150.0,35150.0,3878200,0.0118424356340633
2019-11-07,35250.0,35750.0,35000.0,35200.0,3738230,0.0127332233624413
2019-11-08,35500.0,35500.0,34650.0,34650.0,4070760,0.0145545832793829
2019-11-11,34800.0,35200.0,34600.0,34700.0,2275720,0.010325088774937
2019-11-12,34900.0,35000.0,34650.0,34700.0,3146930,0.0060358418047352
2019-11-13,34700.0,34950.0,34450.0,34700.0,5588650,0.0086537693906438
2019-11-14,34900.0,35150.0,34750.0,35000.0,6503100,0.0068734507577575
2019-11-15,35200.0,35450.0,34950.0,35200.0,6260710,0.0085308423663433
2019-11-18,35300.0,35300.0,34900.0,35200.0,5992350,0.0068440763993984
2019-11-19,35200.0,35550.0,35150.0,35300.0,6523420,0.0067956731251787
2019-11-20,35300.0,35350.0,34700.0,35150.0,6273980,0.0111456384608582
2019-11-21,35100.0,35150.0,34800.0,35000.0,4127820,0.0060099549880155
2019-11-22,35150.0,35150.0,33400.0,34800.0,7310170,0.0306698909534633
2019-11-25,34500.0,34700.0,33500.0,33800.0,3422460,0.0211363000397378
2019-11-26,33800.0,34450.0,33800.0,34100.0,4996070,0.0114396069131172
2019-11-27,34000.0,34200.0,33900.0,33950.0,3646360,0.0052913223733776
2019-11-28,33950.0,34000.0,33400.0,33500.0,3992930,0.010692766813668
2019-11-29,33600.0,34450.0,33400.0,34450.0,5477090,0.0185892295004957
2019-12-02,34300.0,34450.0,34000.0,34000.0,3357460,0.0078964626868276
2019-12-06,34500.0,34650.0,34200.0,34600.0,4736230,0.0078505850500158
2019-12-09,34700.0,35200.0,34600.0,35200.0,7699110,0.010325088774937
2019-12-10,35100.0,35350.0,34800.0,34900.0,4703310,0.0094174035865035
2019-12-11,34900.0,35100.0,34650.0,35000.0,5032820,0.0077492843490261
2019-12-12,35000.0,35150.0,34750.0,34750.0,2639590,0.0068734507577575
2019-12-13,35000.0,35000.0,33550.0,33550.0,2168220,0.0254104640732741
2019-12-16,33550.0,34400.0,33400.0,33900.0,1612070,0.0177169545404811
2019-12-17,33900.0,34000.0,32900.0,32900.0,1271430,0.0197511769222582
2019-12-18,32900.0,33050.0,31800.0,31950.0,3833930,0.0231548032974987
2019-12-19,31950.0,32600.0,31850.0,32400.0,1770250,0.0139780057923918
2019-12-20,32700.0,33200.0,32400.0,32950.0,1315280,0.0146485604651459
2019-12-23,33000.0,33000.0,32600.0,32900.0,1520710,0.0073240078971277
2019-12-24,32800.0,33000.0,32500.0,32900.0,1443630,0.0091690514509062
2019-12-25,32700.0,32900.0,32700.0,32800.0,428030,0.0036619699094811
2019-12-26,32750.0,33400.0,32750.0,33300.0,872120,0.0118027920559263
2019-12-27,33000.0,33550.0,32900.0,33400.0,957140,0.0117495029059775
2019-12-30,33600.0,34500.0,33100.0,34500.0,1120550,0.0248788734691484
2019-12-31,34000.0,34400.0,33950.0,34000.0,413340,0.0079080160016994
2020-01-01,34000.0,34000.0,34000.0,34000.0,0,0.0
2020-01-02,33800.0,34450.0,33800.0,34350.0,581190,0.0114396069131172
2020-01-03,34300.0,34650.0,34100.0,34600.0,1272890,0.0096091842697213
2020-01-06,34500.0,34500.0,33500.0,33650.0,682790,0.0176648383253756
2020-01-07,33650.0,33950.0,33600.0,33950.0,356780,0.0062234878629383
2020-01-08,33400.0,33500.0,32600.0,32700.0,919210,0.0163551736386938
2020-01-09,33350.0,34000.0,33300.0,34000.0,1054800,0.0124935513844766
2020-01-10,34000.0,34100.0,33550.0,33950.0,543040,0.0097654379988175
2020-01-13,34000.0,34000.0,33600.0,33750.0,417280,0.0071073161378246
2020-01-14,33850.0,34000.0,33750.0,33750.0,562730,0.0044322061272113
2020-01-15,33800.0,33800.0,33200.0,33200.0,549700,0.010756607630594
2020-01-16,33700.0,33700.0,32750.0,32800.0,979630,0.0171729727358622
2020-01-17,33150.0,33150.0,32500.0,32600.0,872560,0.0118926896991438
2020-01-20,32400.0,32450.0,31850.0,32000.0,1070940,0.0112083104710541
2020-01-21,32000.0,32700.0,32000.0,32600.0,908080,0.0129956490622225
2020-01-22,32500.0,32800.0,32300.0,32600.0,932500,0.0092253919176104
2020-01-23,32600.0,32600.0,32600.0,32600.0,0,0.0
2020-01-24,32600.0,32600.0,32600.0,32600.0,0,0.0
2020-01-27,32600.0,32600.0,32600.0,32600.0,0,0.0
2020-01-28,32600.0,32600.0,32600.0,32600.0,0,0.0
2020-01-29,32600.0,32600.0,32600.0,32600.0,0,0.0
2020-01-30,32000.0,32100.0,30700.0,30950.0,2002220,0.0267810513239545
2020-01-31,30950.0,31300.0,30050.0,30050.0,2322570,0.0244761340689825
2020-02-03,28000.0,30300.0,27950.0,30200.0,1977600,0.0484836140670439
2020-02-04,29700.0,30150.0,28700.0,29250.0,2239180,0.0296003407746925
2020-02-05,30200.0,30200.0,28800.0,28950.0,2036300,0.0285065607725839
2020-02-06,28800.0,30950.0,28800.0,30950.0,3660600,0.0432389725693726
2020-02-07,31050.0,32250.0,30800.0,32000.0,2423940,0.0276278292413054
2020-02-10,31500.0,31500.0,31000.0,31100.0,611640,0.0096091842697213
2020-02-11,31000.0,31650.0,30500.0,31400.0,2573890,0.0222276499828362
2020-02-12,31850.0,31850.0,31250.0,31250.0,982950,0.0114214764898825
2020-02-13,31000.0,31450.0,31000.0,31450.0,862410,0.0086551551502808
2020-02-14,31450.0,32200.0,31300.0,31750.0,1388080,0.0170249222239221
2020-02-17,31800.0,31800.0,31200.0,31400.0,562430,0.0114396069131172
2020-02-18,31300.0,31500.0,30500.0,30550.0,1019810,0.0193746222685389
2020-02-19,30500.0,30550.0,29800.0,30150.0,1562980,0.0149277247240766
2020-02-20,30550.0,30900.0,30300.0,30900.0,1626950,0.0117760871933133
2020-02-21,30700.0,30900.0,30700.0,30700.0,697440,0.0038997617835056
2020-02-24,29100.0,30400.0,29100.0,29350.0,1391850,0.0262471876613334
2020-02-25,29000.0,29450.0,28800.0,29200.0,1014900,0.0134036390265502
2020-02-26,29000.0,29500.0,28750.0,29000.0,1028780,0.015465950075398
2020-02-27,28850.0,29100.0,28750.0,29000.0,1254940,0.0072670349619837
2020-02-28,28500.0,28800.0,28050.0,28500.0,1824830,0.0158468614668431
2020-03-02,28500.0,28950.0,28200.0,28550.0,929150,0.0157636662647494
2020-03-03,29050.0,29050.0,28450.0,28450.0,1767430,0.0125339061521498
2020-03-05,28650.0,29000.0,28600.0,28600.0,859920,0.0083412619271628
2020-03-06,28700.0,28700.0,28200.0,28500.0,805500,0.0105549501413898
2020-03-09,26750.0,27500.0,26550.0,26550.0,2164550,0.0211134840366157
2020-03-10,25300.0,26950.0,25150.0,26400.0,3031510,0.0415140339641723
2020-03-11,26400.0,26400.0,24600.0,26000.0,4211430,0.0424101712173313
2020-03-12,24200.0,24950.0,24200.0,24200.0,2976280,0.0183298420463049
2020-03-13,22550.0,24300.0,22550.0,24200.0,4742820,0.0448867157758485
2020-03-16,24500.0,24500.0,22550.0,23700.0,1752440,0.0498093761601209
2020-03-17,22500.0,22700.0,22050.0,22100.0,2066890,0.0174476978477745
2020-03-18,22000.0,22300.0,21250.0,22100.0,1935850,0.0289649366235458
2020-03-19,21000.0,22000.0,20700.0,21900.0,2175340,0.0365794341120137
2020-03-20,21900.0,21900.0,20400.0,20400.0,2758320,0.0426108600093052
2020-03-23,19200.0,19450.0,19000.0,19000.0,401880,0.0140579912622578
2020-03-24,17700.0,18000.0,17700.0,17700.0,6890560,0.0100937032184653
2020-03-25,18300.0,18900.0,16900.0,18900.0,4747820,0.0671717498393526
2020-03-26,18500.0,20200.0,18000.0,20000.0,4553180,0.069251220860245
2020-03-27,19400.0,20400.0,18600.0,20400.0,5480540,0.0554758323916833
2020-03-30,19000.0,19250.0,19000.0,19000.0,2275750,0.0078505850500158
2020-03-31,18700.0,20300.0,18550.0,19150.0,3565970,0.0541412513882657
2020-04-01,19000.0,19700.0,18100.0,19250.0,930870,0.0508715562540546
2020-04-02,19250.0,19250.0,19250.0,19250.0,0,0.0
2020-04-03,19400.0,19700.0,18900.0,19500.0,2522290,0.0248972938968526
2020-04-06,19950.0,20850.0,19850.0,20850.0,4515950,0.0295175478298452
2020-04-07,21500.0,22300.0,21100.0,22300.0,3715760,0.0332192250470732
2020-04-08,21900.0,22500.0,21300.0,22500.0,3361700,0.0329157005201028
2020-04-09,22300.0,24050.0,22300.0,23700.0,4761190,0.0453713888994286
2020-04-10,23700.0,24000.0,23000.0,23800.0,2027970,0.0255596532938633
2020-04-13,23700.0,25450.0,23700.0,25450.0,2382640,0.042784397504197
2020-04-14,25450.0,27200.0,24800.0,26200.0,3054710,0.0554758323916833
2020-04-15,26300.0,26700.0,25650.0,26100.0,2686900,0.0240945117904259
2020-04-16,25650.0,26500.0,25350.0,26500.0,2924260,0.0266445001687587
2020-04-17,26500.0,27200.0,26200.0,26500.0,4348970,0.0224955588695943
2020-04-20,26500.0,26500.0,25800.0,26200.0,2326300,0.016077168215656
2020-04-21,25800.0,25900.0,24400.0,24400.0,2804830,0.0358293832060917
2020-04-22,22800.0,25000.0,22800.0,23550.0,5280770,0.0553208688495016
2020-04-23,24400.0,24650.0,23600.0,24100.0,3095130,0.0261425424072808
2020-04-24,24400.0,24400.0,23500.0,24000.0,1639110,0.0225707182720318
2020-04-27,24200.0,24200.0,23450.0,23500.0,3418720,0.0189069508765168
2020-04-28,23500.0,23750.0,22300.0,22750.0,3988030,0.0378328647576518
2020-04-29,22750.0,22750.0,22750.0,22750.0,0,0.0
2020-04-30,22750.0,22750.0,22750.0,22750.0,0,0.0
2020-05-01,22750.0,22750.0,22750.0,22750.0,0,0.0
2020-05-04,22800.0,23750.0,22800.0,23450.0,1757720,0.024516106194818
2020-05-05,23500.0,23850.0,23500.0,23550.0,2480820,0.0088785744419092
2020-05-06,23800.0,25000.0,23550.0,25000.0,5201410,0.0358835346084321
2020-05-07,25100.0,25200.0,24650.0,24800.0,2518450,0.0132526405673217
2020-05-08,25000.0,25900.0,25000.0,25300.0,4038610,0.0212401344988721
2020-05-11,25600.0,25650.0,24800.0,25450.0,3515430,0.0202388636097883
2020-05-12,25000.0,25400.0,24950.0,25250.0,3654270,0.0107352428221536
2020-05-13,25000.0,25100.0,24500.0,24500.0,4037060,0.0145304153402101
2020-05-14,24200.0,24350.0,23900.0,24050.0,3952220,0.0112025027194285
2020-05-15,24050.0,24050.0,24050.0,24050.0,0,0.0
2020-05-18,24050.0,24050.0,24050.0,24050.0,0,0.0
2020-05-19,25000.0,25800.0,24600.0,25800.0,8313560,0.0286035584638863
2020-05-20,25800.0,25800.0,25800.0,25800.0,0,0.0
2020-05-21,26600.0,27250.0,26000.0,26300.0,5046470,0.028200542317864
2020-05-22,26000.0,26100.0,25500.0,25800.0,5938130,0.0139671691517795
2020-05-25,25700.0,26650.0,25300.0,26200.0,3774990,0.0312200269998458
2020-05-26,26600.0,26800.0,26250.0,26800.0,3969390,0.0124531761648309
2020-05-27,26600.0,26650.0,25500.0,25500.0,7074630,0.0264911741862408
2020-05-28,25550.0,27000.0,25500.0,26900.0,6481940,0.0343271258569259
2020-05-29,26900.0,28200.0,26550.0,27500.0,7822570,0.036209174418169
2020-06-01,28000.0,28050.0,27650.0,27800.0,3992550,0.0086258029250414
2020-06-02,27550.0,28000.0,27300.0,27600.0,2909480,0.0152048932556414
2020-06-03,27400.0,28100.0,27100.0,28100.0,3342330,0.0217618447897715
2020-06-04,28300.0,28850.0,28300.0,28400.0,2839030,0.0115597151507882
2020-06-05,28400.0,28400.0,28400.0,28400.0,0,0.0
2020-06-08,28400.0,28400.0,28400.0,28400.0,0,0.0
2020-06-09,28400.0,28400.0,28400.0,28400.0,0,0.0
2020-06-10,27600.0,28000.0,27200.0,27950.0,2119900,0.0174087900569933
2020-06-11,27900.0,27950.0,26100.0,26100.0,4725660,0.0411275634983474
2020-06-12,25300.0,25900.0,25000.0,25900.0,2529890,0.0212401344988721
2020-06-15,26000.0,26400.0,25000.0,25000.0,2056490,0.0327234901794021
2020-06-16,25500.0,26750.0,25300.0,26750.0,3097330,0.0334693225295132
2020-06-17,27350.0,27850.0,27100.0,27500.0,3148000,0.0163948635451536
2020-06-18,27500.0,27650.0,26350.0,27550.0,1681240,0.0289214979627629
2020-06-19,27500.0,27800.0,26700.0,27800.0,3677760,0.0242461303735068
2020-06-22,27800.0,28000.0,27400.0,27600.0,1559410,0.0130090545958651
2020-06-23,27600.0,27600.0,27100.0,27200.0,1019600,0.0109794868663493
2020-06-24,27300.0,27700.0,26850.0,26850.0,1391660,0.0187174461715374
2020-06-25,26500.0,26800.0,26300.0,26500.0,2133290,0.0113103381331972
2020-06-26,26600.0,26750.0,26000.0,26200.0,1867820,0.0170787206865561
2020-06-29,26200.0,26200.0,25000.0,25400.0,2156880,0.0281564628136868
2020-06-30,25650.0,26150.0,24800.0,24800.0,1700630,0.0318330693444177
2020-07-01,24800.0,26500.0,24800.0,26450.0,1469010,0.0398178563500152
2020-07-02,26400.0,26400.0,25850.0,26200.0,951820,0.0126438607844335
2020-07-03,26200.0,26650.0,26200.0,26500.0,2328550,0.0102274010716977
2020-07-06,26500.0,27200.0,26450.0,27100.0,3101080,0.0167921807308008
2020-07-07,27200.0,27800.0,27050.0,27450.0,4346450,0.0164247576300556
2020-07-08,27300.0,27500.0,27050.0,27450.0,939580,0.0099086589389569
2020-07-09,27550.0,27750.0,27250.0,27550.0,1903220,0.0109195954472627
2020-07-10,27550.0,27550.0,27550.0,27550.0,0,0.0
2020-07-13,27050.0,27350.0,26500.0,26500.0,2291640,0.0189607957560357
2020-07-14,26400.0,26700.0,26050.0,26400.0,1938730,0.0148013096537637
2020-07-15,26400.0,26400.0,26400.0,26400.0,0,0.0
2020-07-16,26950.0,27300.0,26750.0,27300.0,1270920,0.012222759069581
2020-07-17,27000.0,27200.0,26850.0,26850.0,720820,0.0077779596518412
2020-07-20,26700.0,26850.0,26200.0,26200.0,1258900,0.0147175992177531
2020-07-21,26250.0,26550.0,26150.0,26300.0,1725630,0.0091168537015889
2020-07-22,26600.0,27250.0,26600.0,26950.0,2251420,0.0144989319607688
2020-07-23,27000.0,28300.0,27000.0,28300.0,7249850,0.0282413537890762
2020-07-24,27900.0,28150.0,27000.0,27950.0,4730110,0.0250497012582575
2020-07-27,26100.0,27500.0,26100.0,26800.0,3211440,0.0313797375232967
2020-07-28,27000.0,27300.0,25900.0,27200.0,4480940,0.0316157839857609
2020-07-29,26400.0,26400.0,25300.0,25550.0,2635930,0.0255596532938633
2020-07-30,25850.0,26150.0,25700.0,25950.0,1069550,0.0104246606631729
2020-07-31,25300.0,26050.0,25100.0,25100.0,2333650,0.0223108019364515
2020-08-03,25150.0,25900.0,25150.0,25650.0,1872110,0.0176475343274376
2020-08-04,26200.0,26350.0,25900.0,26300.0,1602220,0.0103448506866876
2020-08-05,26050.0,26700.0,25900.0,26350.0,2154970,0.0182694301929399
2020-08-06,26200.0,26750.0,26100.0,26350.0,2096050,0.0147733005641286
2020-08-07,26400.0,26550.0,26100.0,26400.0,1257020,0.0102662534866809
2020-08-10,26500.0,26950.0,26500.0,26650.0,1680830,0.0101125884939938
2020-08-11,26700.0,26800.0,26300.0,26300.0,1512750,0.0113103381331972
2020-08-12,26500.0,26550.0,26150.0,26400.0,1764760,0.0091168537015889
2020-08-13,26400.0,27000.0,26300.0,26850.0,2594130,0.0157754977682987
2020-08-14,26850.0,27300.0,26650.0,26850.0,3089240,0.0144720545992484
2020-08-17,26650.0,26800.0,26250.0,26500.0,1724700,0.0124531761648309
2020-08-18,26400.0,26700.0,26100.0,26100.0,1947050,0.0136497058408886
2020-08-19,26200.0,26600.0,26200.0,26350.0,1699080,0.0090995862719041
2020-08-20,26350.0,26800.0,26200.0,26350.0,2174600,0.0135981931072813
2020-08-21,26450.0,26650.0,26300.0,26500.0,1798160,0.0079395460976136
2020-08-24,26700.0,27300.0,26650.0,26900.0,5011510,0.0144720545992484
2020-08-25,27000.0,27200.0,26900.0,26950.0,2680420,0.0066606361585915
2020-08-26,26950.0,27350.0,26850.0,27200.0,2204070,0.0110807793662089
2020-08-27,27200.0,27650.0,27100.0,27200.0,2077020,0.0120664757683282
2020-08-28,27200.0,27400.0,27100.0,27200.0,2457850,0.0066117497644152
2020-08-31,27600.0,27650.0,26700.0,27000.0,4262760,0.0209969184565104
2020-09-01,27000.0,27300.0,26800.0,27250.0,1944470,0.0111012625636649
2020-09-02,27250.0,27250.0,27250.0,27250.0,0,0.0
2020-09-03,27600.0,28500.0,27350.0,28100.0,5266810,0.0247356496826927
2020-09-04,27700.0,28700.0,27700.0,28500.0,6098320,0.021298728694186
2020-09-07,28600.0,28600.0,27700.0,27700.0,3909430,0.0192025268997385
2020-09-08,27700.0,28400.0,27550.0,28300.0,3048220,0.018249018839727
2020-09-09,27900.0,28450.0,27900.0,28400.0,2278700,0.0117238385827174
2020-09-10,28500.0,28750.0,28300.0,28400.0,1690620,0.0094744310960156
2020-09-11,28400.0,28450.0,28150.0,28400.0,1804860,0.0063664328108757
2020-09-14,28500.0,28600.0,28350.0,28600.0,2698460,0.0052727397905089
2020-09-15,28700.0,29100.0,28450.0,28900.0,3075490,0.0135666857779423
2020-09-16,28900.0,28900.0,28900.0,28900.0,0,0.0
2020-09-17,28700.0,28900.0,28200.0,28300.0,2612410,0.0147255308214696
2020-09-18,28250.0,28500.0,28200.0,28500.0,4092340,0.006355204324568
2020-09-21,28850.0,29150.0,28600.0,28950.0,3737470,0.0114396069131172
2020-09-22,28600.0,28900.0,28600.0,28700.0,1850880,0.006266782474527
2020-09-23,28700.0,29150.0,28700.0,29100.0,3321440,0.0093434051186697
2020-09-24,29100.0,29150.0,28500.0,28600.0,1520670,0.0135431509354917
2020-09-25,28600.0,28650.0,28100.0,28400.0,1575590,0.0116411984038468
2020-09-28,28400.0,28450.0,27550.0,27800.0,5930960,0.0193054152500078
2020-09-29,27900.0,28100.0,27400.0,27450.0,2615690,0.0151500950253564
2020-09-30,27450.0,27950.0,27250.0,27600.0,1592150,0.0152324413029109
2020-10-01,27800.0,27900.0,27600.0,27700.0,2154130,0.0064926167961418
2020-10-02,27800.0,27950.0,26500.0,27300.0,2548820,0.0319933767076579
2020-10-05,27400.0,27800.0,27350.0,27400.0,2015400,0.0098008536676701
2020-10-06,27400.0,27600.0,27400.0,27500.0,2135800,0.0043677371019342
2020-10-07,27500.0,27950.0,27500.0,27800.0,3198050,0.0097478259750507
2020-10-08,28000.0,28000.0,27550.0,27650.0,1434220,0.0097302773650793
2020-10-09,27650.0,27750.0,26500.0,27650.0,2199660,0.0276805308520096
2020-10-12,27800.0,28000.0,27100.0,27100.0,3884690,0.0196208043602802
2020-10-13,27300.0,27400.0,27150.0,27200.0,3015800,0.0055047241894045
2020-10-14,27200.0,27450.0,27200.0,27350.0,2100870,0.0054946513603869
2020-10-15,27500.0,27700.0,27350.0,27600.0,4181580,0.0076366668053285
2020-10-16,27800.0,27900.0,27450.0,27500.0,3583650,0.0097654379988175
2020-10-19,27500.0,27500.0,27200.0,27350.0,1906100,0.0065875746909389
2020-10-20,27350.0,27600.0,27250.0,27450.0,1879310,0.0076645131999839
2020-10-21,27450.0,28250.0,27450.0,27900.0,8229920,0.0172524956632958
2020-10-22,27800.0,28100.0,27550.0,28100.0,3669560,0.0118713177945707
2020-10-23,28300.0,28350.0,28100.0,28350.0,12351650,0.005319443142441
2020-10-26,29000.0,29000.0,27750.0,27750.0,6877050,0.0264607205362561
2020-10-27,27700.0,27900.0,27000.0,27000.0,3868780,0.0196922954864159
2020-10-28,26800.0,26950.0,25500.0,25500.0,10448220,0.033213944436463
2020-10-29,25500.0,25900.0,25050.0,25600.0,6800730,0.0200402116133962
2020-10-30,26000.0,26000.0,25050.0,25300.0,4960340,0.0223545158430199
2020-11-02,25450.0,25600.0,25300.0,25500.0,2991300,0.0070793889037804
2020-11-03,25700.0,25800.0,25500.0,25550.0,3819800,0.0070241877268131
2020-11-04,25650.0,26300.0,25650.0,25950.0,6336210,0.0150292648863848
2020-11-05,26100.0,26500.0,25950.0,26100.0,3486910,0.0125956442371479
2020-11-06,26100.0,26150.0,25550.0,25600.0,4216020,0.0139401509223169
2020-11-09,25950.0,26200.0,25600.0,26100.0,3348800,0.0139132370243675
2020-11-10,26600.0,27050.0,26400.0,26700.0,11450730,0.0146074472558611
2020-11-11,26700.0,26850.0,26500.0,26500.0,6068410,0.0078800163898269
2020-11-12,26500.0,27200.0,26500.0,27200.0,4053560,0.0156579760416681
2020-11-13,27050.0,27300.0,27050.0,27200.0,3342520,0.0055249810493697
2020-11-16,27400.0,27450.0,26700.0,26850.0,7499050,0.0166371083518559
2020-11-17,27000.0,27200.0,26850.0,27200.0,3123270,0.0077779596518412
2020-11-18,27200.0,27500.0,27100.0,27500.0,4157080,0.0087995889942257
2020-11-19,27500.0,27900.0,27400.0,27900.0,5850430,0.010860353898076
2020-11-20,27900.0,28050.0,27550.0,27650.0,4545570,0.0108017516981688
2020-11-23,27650.0,27850.0,27500.0,27700.0,3107690,0.0075952745509278
2020-11-24,27750.0,28100.0,27700.0,27950.0,5644640,0.0086103439667884
2020-11-25,28200.0,28650.0,28100.0,28250.0,7359970,0.0116411984038468
2020-11-26,28000.0,28100.0,27700.0,27900.0,3159210,0.0086103439667884
2020-11-27,27900.0,28000.0,27550.0,27750.0,5764680,0.0097302773650793
2020-11-30,27950.0,28400.0,27400.0,28200.0,7187400,0.0215277960705127
2020-12-01,27800.0,28300.0,27600.0,28250.0,5323260,0.0150416750988022
2020-12-02,28200.0,28650.0,28100.0,28500.0,8746400,0.0116411984038468
2020-12-03,28650.0,28700.0,28400.0,28400.0,4665780,0.0063106836822412
2020-12-04,28400.0,28400.0,28000.0,28000.0,3862410,0.0085187414746476
2020-12-07,28100.0,28300.0,27850.0,28300.0,3617660,0.0096262984199981
2020-12-08,28500.0,28500.0,28050.0,28200.0,3897220,0.0095582050069775
2020-12-09,28250.0,28500.0,28000.0,28400.0,6858420,0.0106296793400669
2020-12-10,28600.0,28850.0,28150.0,28200.0,8047670,0.014751367681607
2020-12-11,28200.0,28600.0,28100.0,28600.0,4662730,0.01059218293295
2020-12-14,29100.0,30000.0,29050.0,30000.0,17930230,0.0193253979576722
2020-12-15,30200.0,30850.0,29800.0,30100.0,13985630,0.0207964476900116
2020-12-16,30100.0,30500.0,29850.0,30500.0,7472860,0.0129371956422174
2020-12-17,30050.0,30400.0,29300.0,29750.0,10318500,0.022133738673254
2020-12-18,29750.0,30350.0,29650.0,30150.0,11949250,0.014013730600402
2020-12-21,30350.0,30650.0,29950.0,30400.0,9988310,0.0138749683871403
2020-12-22,30300.0,30350.0,30050.0,30300.0,6311760,0.0059658888384975
2020-12-23,30350.0,31350.0,30100.0,30600.0,11225570,0.024436292093512
2020-12-24,30650.0,30800.0,28600.0,29950.0,8896890,0.0445063730117787
2020-12-25,29900.0,30600.0,29550.0,30450.0,5682560,0.0209693542251093
2020-12-28,30700.0,30850.0,30050.0,30450.0,8216210,0.0157791987564906
2020-12-29,30450.0,31800.0,30250.0,31650.0,11628180,0.0300101066281978
2020-12-30,31700.0,32050.0,31100.0,31350.0,5264090,0.0180705047922623
2020-12-31,31500.0,31500.0,31200.0,31400.0,4650930,0.0057470410276414
2021-01-01,31400.0,31400.0,31400.0,31400.0,0,0.0
2021-01-04,31500.0,32450.0,31400.0,31650.0,929970,0.0197539895852315
2021-01-05,31650.0,33500.0,31500.0,33300.0,1196850,0.0369692823596489
2021-01-06,33850.0,33900.0,33050.0,33200.0,970670,0.0152503197678521
2021-01-07,33200.0,33900.0,33000.0,33900.0,894220,0.0161595723327437
2021-01-08,34300.0,36250.0,34300.0,35500.0,1112240,0.0332074475282174
2021-01-11,35500.0,37300.0,35400.0,37150.0,882050,0.0313982445171625
2021-01-12,37300.0,37300.0,36200.0,36700.0,863310,0.0179773238997618
2021-01-13,36700.0,37150.0,35000.0,36200.0,754050,0.0358028824027871
2021-01-14,36200.0,37000.0,35300.0,36600.0,759940,0.0282473654428324
2021-01-15,36700.0,37000.0,36400.0,36700.0,336660,0.0098186580089895
2021-01-18,37000.0,37950.0,36900.0,37350.0,515190,0.016850517923468
2021-01-19,37050.0,37300.0,34750.0,37300.0,731680,0.0425279937735853
2021-01-20,36900.0,37350.0,35000.0,36800.0,687310,0.0390273798370108
2021-01-21,36800.0,37000.0,35900.0,36600.0,698910,0.0181253077849295
2021-01-22,36600.0,37750.0,36350.0,36900.0,725680,0.0226959716570154
2021-01-25,36900.0,38300.0,36600.0,37800.0,655980,0.0272664730762508
2021-01-26,37800.0,37900.0,35800.0,37000.0,365550,0.0342339216657878
2021-01-27,36000.0,36500.0,34450.0,34450.0,640190,0.0347143973224775
2021-01-28,32050.0,32200.0,32050.0,32050.0,318100,0.0028041819245891
2021-01-29,29850.0,33600.0,29850.0,32050.0,1357920,0.0710711498948937
2021-02-01,32000.0,32050.0,30000.0,30000.0,749880,0.039696976521822
2021-02-02,29800.0,32000.0,28700.0,31950.0,854660,0.065364348821999
2021-02-03,32100.0,33850.0,31950.0,33100.0,547280,0.0346925101131884
2021-02-04,33100.0,33800.0,32500.0,32600.0,411030,0.0235544387284958
2021-02-05,32600.0,33000.0,32450.0,32700.0,374670,0.0100937032184653
2021-02-08,32700.0,32700.0,30450.0,30900.0,1011030,0.0428134579953689
2021-02-09,31200.0,32000.0,30100.0,31550.0,641730,0.0367607903581128
2021-02-10,31550.0,31550.0,31550.0,31550.0,0,0.0
2021-02-11,31550.0,31550.0,31550.0,31550.0,0,0.0
2021-02-12,31550.0,31550.0,31550.0,31550.0,0,0.0
2021-02-15,31550.0,31550.0,31550.0,31550.0,0,0.0
2021-02-16,31550.0,31550.0,31550.0,31550.0,0,0.0
2021-02-17,31900.0,33750.0,31650.0,33750.0,509710,0.0385814142804532
2021-02-18,33900.0,34850.0,33000.0,34850.0,707650,0.0327579566607679
2021-02-19,34400.0,35100.0,34100.0,34500.0,459920,0.0173584686187475
2021-02-22,34500.0,34900.0,34000.0,34150.0,403870,0.0156904449522478
2021-02-23,34200.0,34600.0,34100.0,34400.0,478370,0.0087419477227844
2021-02-24,34400.0,34400.0,34400.0,34400.0,0,0.0
2021-02-25,34400.0,34400.0,34400.0,34400.0,0,0.0
2021-02-26,33200.0,33600.0,33000.0,33200.0,516830,0.0108212153660543
2021-03-01,33700.0,34400.0,33400.0,34250.0,538360,0.0177169545404811
2021-03-02,35000.0,35200.0,34300.0,34700.0,629200,0.0155549726618781
2021-03-03,34600.0,36000.0,34100.0,35500.0,691630,0.0325633618743891
2021-03-04,35900.0,35900.0,34000.0,34550.0,377460,0.0326565790095492
2021-03-05,34200.0,34950.0,33100.0,34550.0,488680,0.0326616329835573
2021-03-08,35000.0,35200.0,34200.0,34450.0,450140,0.0173084372780159
2021-03-09,34100.0,34500.0,33600.0,34100.0,325800,0.0158747887008871
2021-03-10,34100.0,34500.0,34000.0,34150.0,310900,0.0087674725630625
2021-03-11,34500.0,34700.0,34250.0,34350.0,268350,0.0078391988162965
2021-03-12,34350.0,34800.0,34350.0,34650.0,371300,0.007816525149006
2021-03-15,34350.0,34650.0,34300.0,34450.0,303470,0.006097120433878
2021-03-16,34600.0,35150.0,34500.0,34800.0,586050,0.0112096515767326
2021-03-17,34900.0,35400.0,34800.0,34850.0,555850,0.0102662534866809
2021-03-18,35300.0,35400.0,34800.0,35000.0,315420,0.0102662534866809
2021-03-19,34900.0,35450.0,34000.0,34000.0,978650,0.0250810744438149
2021-03-22,34700.0,35000.0,34500.0,34600.0,409100,0.0086413174939308
2021-03-23,34600.0,34600.0,34000.0,34150.0,429000,0.0105057117053211
2021-03-24,33600.0,34000.0,33000.0,33400.0,571740,0.017928531503879
2021-03-25,33400.0,33700.0,32700.0,32850.0,529170,0.0180905606980072
2021-03-26,32500.0,32750.0,31200.0,32200.0,671820,0.029118130280009
2021-03-29,32500.0,33250.0,32200.0,33050.0,446050,0.0192709968339977
2021-03-30,33050.0,33150.0,32500.0,32600.0,526280,0.0118926896991438
2021-03-31,32600.0,33000.0,32600.0,32700.0,452060,0.0073240078971277
2021-04-01,32700.0,33900.0,32700.0,33850.0,548660,0.021644187660604
2021-04-02,34200.0,34500.0,33750.0,33850.0,419210,0.0131996786902739
2021-04-05,35500.0,35500.0,34000.0,34500.0,689110,0.025927531531641
2021-04-06,34500.0,35450.0,34400.0,35000.0,854800,0.0180568867170016
2021-04-07,35100.0,35500.0,34800.0,35400.0,677960,0.0119603623798615
2021-04-08,35700.0,35700.0,35100.0,35300.0,597110,0.0101792471548528
2021-04-09,35200.0,35400.0,35000.0,35000.0,532980,0.0068246325814671
2021-04-12,35000.0,35400.0,34900.0,35300.0,545210,0.0085429776862126
2021-04-13,35800.0,36800.0,35300.0,35300.0,1169780,0.0249922831955534
2021-04-14,35100.0,35250.0,34650.0,35000.0,580330,0.0103103168202341
2021-04-15,35300.0,35300.0,34000.0,34000.0,601680,0.0225345213516465
2021-04-16,33800.0,34450.0,32800.0,33950.0,677200,0.0294758334239007
2021-04-19,33800.0,34200.0,33000.0,33950.0,412240,0.0214508947061214
2021-04-20,34200.0,36100.0,34150.0,34600.0,1359580,0.0333493314299342
2021-04-21,34600.0,34600.0,34600.0,34600.0,0,0.0
2021-04-22,34600.0,35200.0,32200.0,32200.0,797860,0.0534977699119462
2021-04-23,32500.0,33000.0,32200.0,32800.0,877240,0.0147384379278089
2021-04-26,33000.0,33000.0,31150.0,31150.0,1131830,0.0346483674823404
2021-04-27,31150.0,31350.0,30550.0,30600.0,682520,0.0155242557754743
2021-04-28,31000.0,31750.0,30800.0,31500.0,755620,0.0182438695024042
2021-04-29,31900.0,32450.0,31550.0,32000.0,584720,0.0168918974118499
2021-04-30,32000.0,32000.0,32000.0,32000.0,0,0.0
2021-05-03,32000.0,32000.0,32000.0,32000.0,0,0.0
2021-05-04,31500.0,31650.0,30500.0,31300.0,719350,0.0222276499828362
2021-05-05,31300.0,32000.0,31300.0,31600.0,986290,0.0132830957616482
2021-05-06,31950.0,32350.0,31200.0,31200.0,508470,0.0217378689916456
2021-05-07,31300.0,31600.0,30800.0,31000.0,567800,0.0153998490127157
2021-05-10,30500.0,31950.0,30400.0,31750.0,865840,0.029865651901331
2021-05-11,31900.0,31900.0,31000.0,31000.0,511470,0.0171873441826579
2021-05-12,31000.0,31500.0,30800.0,31200.0,375280,0.0134963253766676
2021-05-13,31200.0,31300.0,30900.0,30900.0,478260,0.007724366347886
2021-05-14,31100.0,31200.0,30650.0,30650.0,471660,0.0106812407227467
2021-05-17,30700.0,31700.0,30700.0,30700.0,559590,0.0192504046344246
2021-05-18,30800.0,31100.0,30000.0,30000.0,623690,0.0216264717295597
2021-05-19,30000.0,30400.0,29000.0,29350.0,1202800,0.0283145260346001
2021-05-20,29500.0,29550.0,28800.0,29500.0,752600,0.0154394416688525
2021-05-21,29500.0,30500.0,29000.0,30350.0,657960,0.0302868141927446
2021-05-24,30350.0,30350.0,30350.0,30350.0,0,0.0
2021-05-25,30950.0,31450.0,30600.0,31200.0,714090,0.0164547609375528
2021-05-26,31000.0,31450.0,30700.0,31250.0,526120,0.0144953425455992
2021-05-27,31200.0,31250.0,30450.0,30750.0,499520,0.0155745831438271
2021-05-28,30700.0,30700.0,30000.0,30550.0,645640,0.0138521080910975
2021-05-31,30000.0,30100.0,29300.0,29400.0,805050,0.0161777109698249
2021-06-01,29200.0,30900.0,29100.0,30700.0,603260,0.0360444882064827
2021-06-02,30800.0,30800.0,30000.0,30100.0,444380,0.0158051543794695
2021-06-03,30100.0,30700.0,29700.0,30500.0,818430,0.0198879498958327
2021-06-04,30500.0,32500.0,30400.0,32200.0,1424170,0.04011597559386
2021-06-07,32600.0,33700.0,32600.0,33350.0,9584700,0.0199299532672747
2021-06-08,33350.0,33350.0,33350.0,33350.0,0,0.0
2021-06-09,31600.0,32000.0,30900.0,31700.0,7480400,0.0210074621095342
2021-06-10,31500.0,31900.0,30800.0,30800.0,5139200,0.0210744852896042
2021-06-11,31100.0,31800.0,31000.0,31500.0,4273200,0.0153017501551972
2021-06-14,31600.0,32500.0,31500.0,31950.0,6417700,0.0187690651671766
2021-06-15,31950.0,32900.0,31950.0,32850.0,5436900,0.0175967297250561
2021-06-16,32850.0,33400.0,32500.0,32800.0,5055400,0.0164048161411173
2021-06-17,32500.0,33150.0,32100.0,32850.0,5670600,0.0193300752074056
2021-06-18,33250.0,33250.0,32050.0,32500.0,4117900,0.022075178758587
2021-06-21,32050.0,32400.0,31700.0,31800.0,4194500,0.0131173028305477
2021-06-22,32000.0,32300.0,31500.0,31500.0,3411300,0.0150618854672783
2021-06-23,31450.0,32250.0,31400.0,31500.0,3755900,0.0160410800502518
2021-06-24,31500.0,32000.0,31450.0,32000.0,3112800,0.0104118813474405
2021-06-25,32100.0,32200.0,31600.0,31600.0,3583400,0.0112961550542259
2021-06-28,31950.0,31950.0,31500.0,31800.0,2856800,0.0085187414746476
2021-06-29,31950.0,31950.0,31600.0,31700.0,2417000,0.0066152178385995
2021-06-30,31850.0,32800.0,31750.0,31750.0,6521500,0.0195397332591523
2021-07-01,32000.0,32200.0,31650.0,31800.0,3093100,0.0103466509759766
2021-07-02,31850.0,31900.0,31700.0,31700.0,2781500,0.0037771269435517
2021-07-05,31700.0,31700.0,31700.0,31700.0,0,0.0
2021-07-06,31700.0,31700.0,31700.0,31700.0,0,0.0
2021-07-07,31700.0,31700.0,31700.0,31700.0,0,0.0
2021-07-08,31700.0,31700.0,31700.0,31700.0,0,0.0
2021-07-09,29450.0,29550.0,28000.0,28000.0,5021600,0.032357777468785
2021-07-12,28000.0,28000.0,28000.0,28000.0,0,0.0
2021-07-13,27100.0,27850.0,27100.0,27850.0,2816200,0.0163948635451536
2021-07-14,27850.0,27850.0,27850.0,27850.0,0,0.0
2021-07-15,28100.0,28250.0,27650.0,28000.0,3686300,0.0128926855586413
2021-07-16,28000.0,28000.0,28000.0,28000.0,0,0.0
2021-07-19,27000.0,27400.0,25850.0,26800.0,5381900,0.0349721277494409
2021-07-20,26200.0,26900.0,25100.0,26700.0,6793100,0.0415939324230928
2021-07-21,26600.0,27750.0,26000.0,27400.0,5563500,0.0391201377651268
2021-07-22,27000.0,28250.0,26750.0,28200.0,4408400,0.0327660092919118
2021-07-23,27800.0,28000.0,27000.0,27000.0,4945800,0.0218409961842048
2021-07-26,26500.0,27200.0,26400.0,26750.0,3122400,0.017928531503879
2021-07-27,27500.0,27950.0,27300.0,27650.0,6060400,0.0141315038646377
2021-07-28,27600.0,27600.0,27150.0,27200.0,2228600,0.0098724612913387
2021-07-29,27300.0,27900.0,27100.0,27350.0,4172300,0.0174721036624912
2021-07-30,27500.0,27700.0,27300.0,27650.0,5044600,0.0087355897183443
2021-08-02,27400.0,27800.0,27300.0,27500.0,321010000,0.0108997765806857
2021-08-03,27400.0,28450.0,27350.0,28300.0,8860000,0.0236811082275543
2021-08-04,28300.0,28300.0,28300.0,28300.0,0,0.0
2021-08-05,27900.0,28050.0,27750.0,27950.0,4302900,0.0064577095797412
2021-08-06,28000.0,28450.0,27750.0,27950.0,6698200,0.0149613731315804
2021-08-09,28000.0,28750.0,27950.0,28600.0,6773500,0.0169481780918908
2021-08-10,28600.0,28600.0,28600.0,28600.0,0,0.0
2021-08-11,28400.0,28500.0,28000.0,28000.0,5805700,0.0106296793400669
2021-08-12,27950.0,28400.0,27900.0,28000.0,5302100,0.0106674421724366
2021-08-13,28000.0,28250.0,27800.0,28000.0,4774700,0.0096434736416449
2021-08-16,28100.0,28900.0,28100.0,28500.0,5965500,0.016858965407477
2021-08-17,28500.0,28500.0,28500.0,28500.0,0,0.0
2021-08-18,28000.0,28150.0,27800.0,27800.0,4640800,0.0075138217490084
2021-08-19,27800.0,28100.0,27550.0,27950.0,3943600,0.0118713177945707
2021-08-20,27900.0,27900.0,26700.0,27050.0,6750800,0.0264025463506735
2021-08-23,26700.0,26850.0,26050.0,26050.0,5284200,0.0181658069933915
2021-08-24,25950.0,26350.0,25900.0,26150.0,4238300,0.0103448506866876
2021-08-25,26150.0,26600.0,26050.0,26300.0,2545700,0.0125477940475425
2021-08-26,26600.0,26850.0,26350.0,26450.0,2511500,0.0112890768458802
2021-08-27,26450.0,26800.0,26300.0,26800.0,2874100,0.0113103381331972
2021-08-30,26900.0,27250.0,26700.0,27200.0,2372200,0.0122454163545477
2021-08-31,27200.0,27300.0,26850.0,27300.0,2447900,0.0099818564531931
2021-09-01,27100.0,27900.0,27000.0,27900.0,3582100,0.0196922954864159
2021-09-02,27900.0,27900.0,27900.0,27900.0,0,0.0
2021-09-03,27900.0,27900.0,27900.0,27900.0,0,0.0
2021-09-06,28000.0,28200.0,28000.0,28100.0,2869700,0.0042744750154988
2021-09-07,28000.0,28100.0,27200.0,27200.0,3358200,0.0195498304864848
2021-09-08,27200.0,27200.0,27200.0,27200.0,0,0.0
2021-09-09,27100.0,27950.0,27050.0,27450.0,3537300,0.0196564849140076
2021-09-10,27600.0,28350.0,27600.0,28000.0,5818900,0.0161018010658632
2021-09-13,28100.0,28300.0,27850.0,27900.0,4681800,0.0096262984199981
2021-09-14,28500.0,28800.0,28200.0,28300.0,6595600,0.0126438607844335
2021-09-15,28000.0,28650.0,28000.0,28550.0,4857400,0.013782238833338
2021-09-16,28800.0,30300.0,28700.0,30000.0,14831000,0.0325807995191514
2021-09-17,30200.0,30450.0,29200.0,29200.0,11870000,0.0251738950934295
2021-09-20,29600.0,30150.0,29200.0,29300.0,6019900,0.0192276959792695
2021-09-21,28500.0,29150.0,27350.0,28400.0,8415800,0.0382788006181844
2021-09-22,28400.0,28400.0,28400.0,28400.0,0,0.0
2021-09-23,28600.0,28900.0,28300.0,28900.0,3152500,0.0125996482320969
2021-09-24,28900.0,28950.0,28500.0,28500.0,302600000,0.0094084619401814
2021-09-27,28500.0,28750.0,28100.0,28250.0,3657800,0.0137337482713958
2021-09-28,28200.0,28600.0,27900.0,28500.0,3401100,0.0148819240602303
2021-09-29,28500.0,28550.0,28000.0,28300.0,2420400,0.0116823723429781
2021-09-30,28350.0,29100.0,28350.0,29100.0,5663200,0.0156813400909384
2021-10-01,29100.0,29100.0,28200.0,28200.0,5257400,0.0188673486473719
2021-10-04,28250.0,28600.0,28050.0,28250.0,350350000,0.0116617490293519
2021-10-05,28250.0,28600.0,28250.0,28450.0,3380200,0.007394866395752
2021-10-06,28450.0,28450.0,28450.0,28450.0,0,0.0
2021-10-07,29400.0,29550.0,29150.0,29300.0,4081600,0.0081849471932264
2021-10-08,29350.0,29450.0,29150.0,29150.0,3211900,0.0061491445509241
2021-10-11,29150.0,29150.0,29150.0,29150.0,0,0.0
2021-10-12,30600.0,31000.0,30400.0,30800.0,7706200,0.011737726156962
2021-10-13,30800.0,30900.0,30350.0,30400.0,4774400,0.0107858788825989
2021-10-14,30400.0,30400.0,30400.0,30400.0,0,0.0
2021-10-15,30700.0,30850.0,30400.0,30500.0,2438000,0.0088247315805434
2021-10-18,30500.0,30500.0,30500.0,30500.0,0,0.0
2021-10-19,30800.0,30800.0,30300.0,30300.0,3672000,0.0098293716981799
2021-10-20,30300.0,31100.0,30200.0,30950.0,6908600,0.0176360171517939
2021-10-21,30850.0,31050.0,30600.0,30600.0,5049000,0.0087674725630625
2021-10-22,30600.0,31000.0,30550.0,30650.0,6222800,0.0087817175423536
2021-10-25,30650.0,30650.0,30650.0,30650.0,0,0.0
2021-10-26,30300.0,30600.0,29400.0,30600.0,7925500,0.0240256519377571
2021-10-27,30600.0,31200.0,30500.0,31200.0,10007500,0.0136275812408974
2021-10-28,31500.0,31500.0,30800.0,31000.0,7355600,0.0134963253766676
2021-10-29,31000.0,31200.0,30700.0,31200.0,10513500,0.0097023306373983
2021-11-01,31200.0,31200.0,31200.0,31200.0,0,0.0
2021-11-02,31200.0,30850.0,30700.0,31200.0,8209600,0.0029271928188997
2021-11-03,31050.0,32500.0,30800.0,31700.0,13730900,0.0322653905438442
2021-11-04,31750.0,31950.0,31200.0,31550.0,6827500,0.014265782502289
2021-11-05,31900.0,31900.0,31050.0,31200.0,5909000,0.0162194774068673
2021-11-08,31000.0,31200.0,30750.0,30850.0,8782700,0.008725013571607
2021-11-09,30800.0,30850.0,30350.0,30400.0,9569900,0.0098133099179931
2021-11-10,30400.0,31050.0,30400.0,30900.0,7357000,0.0127055929327526
2021-11-11,30950.0,31000.0,30300.0,30300.0,7440400,0.0137165128051261
2021-11-12,30400.0,30400.0,30000.0,30100.0,6538800,0.0079545693294538
2021-11-15,30300.0,30550.0,30100.0,30200.0,7837800,0.0089120363180376
2021-11-16,30300.0,30600.0,30000.0,30050.0,5663300,0.0118926896991438
2021-11-17,30100.0,30500.0,30050.0,30450.0,6727900,0.0089267553340917
2021-11-18,30450.0,31200.0,30350.0,31100.0,12995600,0.0165884477364917
2021-11-19,31100.0,31400.0,30000.0,30500.0,10339200,0.0273919035705232
2021-11-22,30500.0,30600.0,29900.0,29900.0,5636600,0.0138979042645113
2021-11-23,29650.0,30500.0,29350.0,30150.0,7276000,0.0230820518102808
2021-11-24,30200.0,31400.0,30100.0,31100.0,10222300,0.0253933619444987
2021-11-25,31500.0,31700.0,30800.0,30850.0,11957400,0.0172973583460524
2021-11-26,30800.0,31400.0,30300.0,30400.0,12697200,0.0214161208892336
2021-11-29,29800.0,30700.0,29800.0,30150.0,9488000,0.0178692548711118
2021-11-30,30350.0,30400.0,29600.0,29800.0,9891400,0.0160159145867188
2021-12-01,29850.0,30400.0,29600.0,29700.0,7203300,0.0160159145867188
2021-12-02,29700.0,29900.0,29650.0,29650.0,3984100,0.0050425250430304
2021-12-03,29700.0,29900.0,28100.0,28100.0,10289600,0.0372881869998916
2021-12-06,28100.0,28650.0,27900.0,28000.0,8876400,0.015930939531127
2021-12-07,28150.0,29950.0,28150.0,29950.0,8994800,0.0372239665393065
2021-12-08,29950.0,30600.0,29900.0,30100.0,9301000,0.0138979042645113
2021-12-09,30000.0,30500.0,29700.0,30450.0,9697000,0.0159626992923335
2021-12-10,30200.0,30550.0,30100.0,30350.0,6830900,0.0089120363180376
2021-12-13,30400.0,30550.0,30200.0,30450.0,7975300,0.0069201233662963
2021-12-14,30350.0,30450.0,30100.0,30200.0,5586400,0.0069429814249663
2021-12-15,30250.0,30400.0,30050.0,30400.0,4180000,0.0069544671759472
2021-12-16,30500.0,30550.0,30100.0,30100.0,4561100,0.0089120363180376
2021-12-17,30150.0,31550.0,30100.0,30800.0,14701000,0.0282554541178803
2021-12-20,30800.0,31400.0,30800.0,31050.0,7941600,0.0115867491910536
2021-12-21,31050.0,31850.0,30800.0,31400.0,10867100,0.0201324283052309
2021-12-22,31500.0,31900.0,31000.0,31500.0,8606500,0.0171873441826579
2021-12-23,31750.0,31800.0,30900.0,31000.0,8710200,0.0172421757670099
2021-12-24,31000.0,31500.0,30800.0,31250.0,6393100,0.0134963253766676
2021-12-27,31500.0,31500.0,30900.0,31300.0,4668000,0.0115496098815341
2021-12-28,31300.0,31350.0,30650.0,30800.0,5740600,0.0135616357137874
2021-12-29,30800.0,31450.0,30450.0,30550.0,5010000,0.0194059275857057
2021-12-30,30500.0,31150.0,30400.0,30500.0,4061200,0.0146366595624258
2021-12-31,30550.0,31050.0,30100.0,30100.0,6177200,0.0186616206361818
2022-01-03,30100.0,30100.0,30100.0,30100.0,0,0.0
2022-01-04,30300.0,31500.0,30300.0,31150.0,8227900,0.0233256970748475
2022-01-05,31250.0,33300.0,31250.0,33300.0,10789700,0.0381584702988046
2022-01-06,34500.0,35600.0,34100.0,35600.0,24897800,0.0258531110101314
2022-01-07,35950.0,37000.0,34750.0,34750.0,16447000,0.0376782134124411
2022-01-10,34650.0,36500.0,34650.0,35000.0,11058000,0.031237911757047
2022-01-11,34800.0,35600.0,33950.0,34200.0,13557200,0.0285007032675545
2022-01-12,33950.0,36050.0,32200.0,36000.0,17913300,0.0678276293632845
2022-01-13,36100.0,36250.0,33800.0,33800.0,10549600,0.0420264195728871
2022-01-14,33000.0,34650.0,33000.0,34400.0,5549300,0.0293014797561372
2022-01-17,34200.0,34700.0,32000.0,32000.0,10933900,0.0486477301713867
2022-01-18,31600.0,33200.0,31500.0,32400.0,9207200,0.0315668962650784
2022-01-19,32600.0,33300.0,32500.0,33250.0,4998000,0.0146040315703088
2022-01-20,32900.0,34300.0,32700.0,33600.0,5387000,0.0286889746501195
2022-01-21,33650.0,34000.0,33100.0,33100.0,4567900,0.0161114009060859
2022-01-24,33100.0,33100.0,31000.0,31000.0,6704400,0.0393644314855974
2022-01-25,31850.0,33150.0,31000.0,33150.0,6177100,0.0402709391360418
2022-01-26,33600.0,35250.0,33150.0,33900.0,8966300,0.0368881583281338
2022-01-27,33800.0,34950.0,33600.0,34200.0,6133600,0.0236575482152961
2022-01-28,34100.0,35800.0,34100.0,34950.0,9720700,0.0292176083497592
2022-01-31,34950.0,34950.0,34950.0,34950.0,0,0.0
2022-02-01,34950.0,34950.0,34950.0,34950.0,0,0.0
2022-02-02,34950.0,34950.0,34950.0,34950.0,0,0.0
2022-02-03,34950.0,34950.0,34950.0,34950.0,0,0.0
2022-02-04,34950.0,34950.0,34950.0,34950.0,0,0.0
2022-02-07,35800.0,36850.0,35100.0,35500.0,12205700,0.0292199980106227
2022-02-08,35500.0,35950.0,35000.0,35500.0,5480400,0.0160836432341669
2022-02-09,35500.0,35900.0,35400.0,35900.0,5340100,0.0084231563710886
2022-02-10,36000.0,36700.0,35300.0,36000.0,11025800,0.0233581020392105
2022-02-11,35950.0,35950.0,34600.0,34600.0,7741700,0.0229867215858391
2022-02-14,33600.0,34250.0,33000.0,33000.0,9234200,0.0223282669650074
2022-02-15,33000.0,33000.0,33000.0,33000.0,0,0.0
2022-02-16,34200.0,34450.0,33750.0,34300.0,4748300,0.0123286688140391
2022-02-17,34300.0,34750.0,34000.0,34450.0,3764700,0.0131036733820376
2022-02-18,34000.0,34350.0,33500.0,33600.0,6182000,0.0150480097650865
2022-02-21,33550.0,34200.0,33450.0,34100.0,5509700,0.0133167585628338
2022-02-22,33900.0,34800.0,33500.0,34500.0,7445200,0.0228645349140926
2022-02-23,34950.0,35450.0,34600.0,34900.0,6769800,0.0145753627384936
2022-02-24,34650.0,34900.0,33150.0,34000.0,12182800,0.0308953382078894
2022-02-25,34400.0,34500.0,34000.0,34000.0,4080500,0.0087674725630625
2022-02-28,34000.0,34200.0,33500.0,33500.0,5203100,0.0124197289645553
2022-03-01,33500.0,33900.0,33300.0,33500.0,4021300,0.0107245922133412
2022-03-02,33400.0,33500.0,32600.0,32800.0,7563900,0.0163551736386938
2022-03-03,33000.0,33100.0,32500.0,32700.0,6796000,0.0109861820486995
2022-03-04,32650.0,34000.0,32350.0,33750.0,12248000,0.0298758201579578
2022-03-07,33300.0,33300.0,32800.0,32900.0,10892800,0.0090858193525964
2022-03-08,32750.0,33000.0,32500.0,32500.0,4935000,0.0091690514509062
2022-03-09,32500.0,32600.0,31600.0,31600.0,6560500,0.0187105850849069
2022-03-10,32100.0,32600.0,32000.0,32000.0,14045300,0.011156256492955
2022-03-11,31700.0,32500.0,31500.0,31850.0,3607800,0.0187690651671766
2022-03-14,31650.0,32450.0,31000.0,32000.0,5191300,0.027453597669339
2022-03-15,32000.0,32250.0,31650.0,31750.0,3266700,0.0112784761503405
2022-03-16,32000.0,32150.0,31750.0,31750.0,3471300,0.0075188613318222
2022-03-17,32000.0,32250.0,31950.0,32250.0,2487300,0.0056127623899901
2022-03-18,32450.0,33350.0,32150.0,33000.0,6805500,0.0220077585223194
2022-03-21,33000.0,33300.0,32800.0,33200.0,3556300,0.0090858193525964
2022-03-22,33000.0,33350.0,32950.0,33200.0,4008800,0.0072466786270858
2022-03-23,33100.0,33500.0,32850.0,32850.0,3724800,0.0117672124073371
2022-03-24,32850.0,33100.0,32750.0,32800.0,3310600,0.0063841579635085
2022-03-25,32800.0,32950.0,32600.0,32700.0,2087800,0.0064133766318372
2022-03-28,32500.0,32900.0,32000.0,32000.0,3672900,0.0166576189717036
2022-03-29,32400.0,32750.0,32150.0,32550.0,2705000,0.0111046837948088
2022-03-30,32550.0,33150.0,32400.0,32500.0,3398500,0.0137434190663879
2022-03-31,32850.0,33750.0,32700.0,33450.0,5659000,0.0189809407045278
2022-04-01,33400.0,34050.0,33050.0,34050.0,6486100,0.0179018084209373
2022-04-04,34600.0,34650.0,34050.0,34050.0,4018900,0.0104904187703082
2022-04-05,33800.0,34200.0,33500.0,33650.0,3095300,0.0124197289645553
2022-04-06,33650.0,34150.0,33400.0,33600.0,5411400,0.0133364741102479
2022-04-07,33650.0,33800.0,32650.0,32650.0,4387100,0.0207889946813208
2022-04-08,32550.0,33000.0,32200.0,32200.0,3245800,0.0147384379278089
2022-04-11,32200.0,32200.0,32200.0,32200.0,0,0.0
2022-04-12,32200.0,32450.0,31100.0,31100.0,4993200,0.025519421426195
2022-04-13,31250.0,31900.0,31200.0,31850.0,2713700,0.0133252009405779
2022-04-14,32000.0,32100.0,31750.0,31850.0,2223100,0.0065841355331782
2022-04-15,31850.0,32400.0,31500.0,31500.0,3170900,0.0169183357999324
2022-04-18,31450.0,32000.0,31250.0,31350.0,3516800,0.0142432257893193
2022-04-19,31250.0,31850.0,30850.0,30850.0,3404000,0.0191582817747033
2022-04-20,30850.0,31050.0,30450.0,30650.0,3604800,0.0117186392112154
2022-04-21,30650.0,30750.0,28550.0,30500.0,5572100,0.0445814948086611
2022-04-22,30750.0,31200.0,30500.0,30900.0,3238200,0.0136275812408974
2022-04-25,31350.0,31350.0,28750.0,29050.0,5632400,0.0519944870133999
2022-04-26,29100.0,31050.0,28400.0,31050.0,6142800,0.0535758627823092
2022-04-27,31000.0,31000.0,29600.0,30500.0,4010600,0.027753640743681
2022-04-28,30500.0,30550.0,29850.0,29850.0,3488600,0.0139209160986813
2022-04-29,30000.0,30900.0,29850.0,30900.0,4185700,0.0207622080292222
2022-05-02,30900.0,30900.0,30900.0,30900.0,0,0.0
2022-05-03,30900.0,30900.0,30900.0,30900.0,0,0.0
2022-05-04,30750.0,30750.0,29800.0,29950.0,2433100,0.0188465719369032
2022-05-05,30100.0,30400.0,29600.0,30300.0,2500200,0.0160159145867188
2022-05-06,29600.0,30500.0,29600.0,29600.0,7483500,0.0179882027448635
2022-05-09,29800.0,29900.0,27900.0,28200.0,7497200,0.041577928127172
2022-05-10,27900.0,28350.0,27800.0,28100.0,4226400,0.0117656002468881
2022-05-11,28500.0,29700.0,28200.0,28900.0,4343100,0.0311241251745163
2022-05-12,28500.0,28900.0,26900.0,26900.0,3703900,0.0430694320525534
2022-05-13,26750.0,27300.0,25100.0,25300.0,6901900,0.0504584653830362
2022-05-16,25500.0,26800.0,25500.0,26250.0,4649600,0.0298619662218243
2022-05-17,26000.0,27500.0,25800.0,27400.0,4233100,0.038322718948263
2022-05-18,27500.0,27650.0,26750.0,27400.0,6037800,0.0198733237332705
2022-05-19,26500.0,27900.0,26500.0,27400.0,2294100,0.0309180654008725
2022-05-20,27400.0,27700.0,26850.0,27350.0,2127600,0.0187174461715374
2022-05-23,27100.0,27850.0,26400.0,27350.0,2267400,0.0321113807457459
2022-05-24,27350.0,28100.0,26600.0,28100.0,2611100,0.0329458030841749
2022-05-25,28050.0,29450.0,27650.0,29450.0,4121200,0.0378763034184347
2022-05-26,29400.0,29750.0,28950.0,29600.0,1976300,0.0163706546137135
2022-05-27,29200.0,29800.0,29000.0,29800.0,2959400,0.0163428099251319
2022-05-30,29800.0,29950.0,29200.0,29950.0,2849200,0.0152306016610474
2022-05-31,29850.0,30300.0,29400.0,30150.0,2498300,0.0181087449199029
2022-06-01,29900.0,30150.0,29550.0,30050.0,2301500,0.0120719884627963
2022-06-02,30050.0,30050.0,30050.0,30050.0,0,0.0
2022-06-03,29500.0,29950.0,29300.0,29950.0,1491300,0.0131773989624091
2022-06-06,29950.0,30000.0,29500.0,29950.0,1387000,0.0100937032184653
2022-06-07,29650.0,29900.0,29150.0,29900.0,1839000,0.0152563971538243
2022-06-08,29700.0,30500.0,29700.0,30400.0,2170300,0.0159626992923335
2022-06-09,30400.0,30900.0,30000.0,30900.0,1442400,0.017751869874603
2022-06-10,30600.0,30600.0,29950.0,30500.0,1936600,0.012894460080535
2022-06-13,29100.0,29400.0,28400.0,29000.0,3179400,0.0207827382814895
2022-06-14,27150.0,29150.0,27150.0,29150.0,2289700,0.0426866090608282
2022-06-15,29150.0,29150.0,28300.0,28900.0,2498100,0.0177724726706871
2022-06-16,28900.0,30500.0,28650.0,29200.0,3090500,0.0375790606490107
2022-06-17,28800.0,29850.0,28500.0,29350.0,2350300,0.0277944245000643
2022-06-20,29300.0,29300.0,28100.0,28700.0,2183100,0.0251142322214588
2022-06-21,27600.0,28350.0,27600.0,28000.0,2572900,0.0161018010658632
2022-06-22,28500.0,28900.0,28100.0,28500.0,1221700,0.016858965407477
2022-06-23,28050.0,28450.0,28000.0,28050.0,801400,0.0095751378849284
2022-06-24,28100.0,28400.0,27550.0,27550.0,974300,0.018249018839727
2022-06-27,27700.0,28800.0,27650.0,28750.0,1271000,0.0244726643918845
2022-06-28,28400.0,29450.0,28400.0,28850.0,1367000,0.0218032333518351
2022-06-29,28700.0,29150.0,28400.0,28450.0,1095400,0.0156540888009109
2022-06-30,28500.0,28850.0,28000.0,28550.0,1605000,0.0179600727556597
2022-07-01,28550.0,28650.0,27900.0,28650.0,1806800,0.015930939531127
2022-07-04,28950.0,28950.0,28350.0,28500.0,969000,0.0125776577083159
2022-07-05,28500.0,28800.0,27950.0,27950.0,1079500,0.0179917251909362
2022-07-06,27600.0,28000.0,26000.0,26000.0,3210800,0.0445063730117787
2022-07-07,26200.0,27000.0,26200.0,27000.0,2402600,0.0180633527423829
2022-07-08,27000.0,27250.0,26600.0,27000.0,1037500,0.0144989319607688
2022-07-11,26000.0,26500.0,25150.0,26000.0,3468900,0.0314014454701785
2022-07-12,26000.0,26000.0,26000.0,26000.0,0,0.0
2022-07-13,26200.0,26600.0,25800.0,26250.0,806000,0.0183391716596339
2022-07-14,26500.0,26500.0,25900.0,26050.0,1161000,0.0137539111427409
2022-07-15,26000.0,26300.0,25650.0,26200.0,1215800,0.0150292648863848
2022-07-18,26300.0,26450.0,26000.0,26050.0,508500,0.0103054022239845
2022-07-19,25800.0,26050.0,25750.0,26000.0,937900,0.0069563851634453
2022-07-20,26100.0,26250.0,26000.0,26050.0,1423900,0.0057470410276414
2022-07-21,26100.0,26450.0,26000.0,26300.0,2005900,0.0103054022239845
2022-07-22,26350.0,26700.0,26000.0,26000.0,1146000,0.0159551259633162
2022-07-25,26050.0,26300.0,25850.0,26300.0,1173900,0.0103646883928025
2022-07-26,26100.0,26400.0,26000.0,26050.0,550700,0.0091690514509062
2022-07-27,26200.0,26300.0,26000.0,26300.0,676600,0.0068898790592751
2022-07-28,26400.0,28100.0,26350.0,28100.0,4379900,0.0386168669842062
2022-07-29,28400.0,28550.0,27600.0,28000.0,2024600,0.020323689836909
2022-08-01,28000.0,29000.0,27800.0,29000.0,2238700,0.0253796019645598
2022-08-02,28700.0,29000.0,28350.0,29000.0,2183100,0.0136140017176717
2022-08-03,28500.0,29050.0,28300.0,29050.0,1940500,0.0157086864322067
2022-08-04,28900.0,29500.0,28650.0,29000.0,1213600,0.017558499942947
2022-08-05,28500.0,29100.0,28500.0,28950.0,1298600,0.0125121443228039
2022-08-08,28700.0,28950.0,28700.0,28700.0,933200,0.0052087161233595
2022-08-09,28800.0,28900.0,28550.0,28550.0,771900,0.0073176334939902
2022-08-10,28500.0,28900.0,28400.0,28400.0,824100,0.0104812643623208
2022-08-11,28650.0,29550.0,28500.0,28900.0,2321200,0.021728098128718
2022-08-12,28550.0,29450.0,28550.0,29350.0,979100,0.0186396024835046
2022-08-15,29400.0,29700.0,29350.0,29550.0,1207700,0.0071193525179472
2022-08-16,29400.0,29550.0,29100.0,29300.0,1098200,0.0092159538059141
2022-08-17,29300.0,29650.0,29250.0,29500.0,1633100,0.0081571536472435
2022-08-18,29500.0,29750.0,29150.0,29600.0,2271900,0.0122359656184032
2022-08-19,29100.0,29600.0,28650.0,29300.0,2504000,0.0195908579041472
2022-08-22,29150.0,29300.0,28450.0,29050.0,1382200,0.0176801347660215
2022-08-23,28500.0,29000.0,28350.0,28850.0,1847800,0.0136140017176717
2022-08-24,28900.0,28900.0,28550.0,28600.0,1569100,0.0073176334939902
2022-08-25,28500.0,29200.0,28500.0,29200.0,1130400,0.0145723906122449
2022-08-26,29200.0,29350.0,28850.0,28850.0,954300,0.0103191749164081
2022-08-29,28100.0,28600.0,27850.0,28400.0,1941200,0.0159591641775679
2022-08-30,28400.0,28800.0,28300.0,28400.0,885800,0.0105179781950609
2022-08-31,28100.0,28400.0,27700.0,27700.0,2062000,0.0149880450119447
2022-09-01,27700.0,27700.0,27700.0,27700.0,0,0.0
2022-09-02,27700.0,27700.0,27700.0,27700.0,0,0.0
2022-09-05,27750.0,28000.0,27550.0,27550.0,1465000,0.0097302773650793
2022-09-06,27600.0,28050.0,27450.0,28050.0,1803100,0.0129856130296959
2022-09-07,27900.0,28250.0,27600.0,27650.0,1875900,0.0139796744606201
2022-09-08,27650.0,27950.0,27400.0,27400.0,1027300,0.0119356652048613
2022-09-09,27800.0,27800.0,27200.0,27500.0,1270000,0.0131036733820376
2022-09-12,27650.0,28800.0,27650.0,28750.0,1871600,0.0244726643918845
2022-09-13,28850.0,29200.0,28350.0,28350.0,1872600,0.0177415863803793
2022-09-14,28350.0,28700.0,27950.0,28500.0,1332600,0.0159028145478925
2022-09-15,28600.0,29000.0,28300.0,28850.0,1092600,0.0146741276847326
2022-09-16,28850.0,29850.0,28200.0,29850.0,2870500,0.0341496288246325
2022-09-19,29250.0,29350.0,28800.0,29100.0,1602700,0.0113609118721355
2022-09-20,29100.0,29150.0,28600.0,29050.0,1480700,0.0114396069131172
2022-09-21,28650.0,28850.0,28300.0,28600.0,494100,0.0115597151507882
2022-09-22,28150.0,28650.0,27750.0,28650.0,778800,0.0191684740799899
2022-09-23,28250.0,28650.0,28250.0,28500.0,515200,0.0084438818666488
2022-09-26,27900.0,28200.0,26650.0,26650.0,1764700,0.0339514228703889
2022-09-27,27150.0,27400.0,26600.0,26650.0,1271100,0.0177957080588185
2022-09-28,26500.0,27100.0,26500.0,26850.0,1118100,0.0134459617383813
2022-09-29,27200.0,27800.0,26950.0,27200.0,1584800,0.018649060929712
2022-09-30,26900.0,28000.0,26900.0,28000.0,1800300,0.0240694262155849
2022-10-03,27550.0,27900.0,26100.0,26100.0,1364000,0.0400522521915621
2022-10-04,26250.0,27000.0,25400.0,26700.0,1744700,0.036686897869014
2022-10-05,26750.0,27900.0,26550.0,27000.0,922900,0.0297859987048812
2022-10-06,27050.0,27500.0,26500.0,26500.0,1262900,0.022245550732607
2022-10-07,26200.0,27150.0,24900.0,26000.0,2464400,0.0519540951127447
2022-10-10,25300.0,27200.0,25000.0,25400.0,1759700,0.0506520216832812
2022-10-11,25300.0,25600.0,23650.0,23650.0,2576300,0.0475820057241672
2022-10-12,22300.0,24850.0,22000.0,24200.0,2281600,0.0731575427916574
2022-10-13,24200.0,25600.0,23800.0,25600.0,1584500,0.0437849780849259
2022-10-14,26000.0,26000.0,25050.0,25200.0,670600,0.0223545158430199
2022-10-17,24300.0,24900.0,23900.0,24900.0,1037800,0.0246166101201456
2022-10-18,25300.0,25800.0,24800.0,25800.0,855200,0.0237406881343592
2022-10-19,25600.0,25850.0,24950.0,25200.0,661800,0.0212819545300664
2022-10-20,25000.0,25350.0,24600.0,25100.0,1365000,0.0180362265107835
2022-10-21,24900.0,25000.0,24000.0,24000.0,720600,0.024516106194818
2022-10-24,24650.0,24650.0,22350.0,22350.0,1778100,0.0588253179529673
2022-10-25,21600.0,23650.0,21400.0,23000.0,1369200,0.0600394205799432
2022-10-26,23050.0,23200.0,22200.0,22200.0,667200,0.0264607205362561
2022-10-27,22900.0,23750.0,22500.0,23750.0,1960900,0.0324706755242718
2022-10-28,24000.0,24800.0,23550.0,23700.0,1603500,0.0310597239000299
2022-10-31,24200.0,24600.0,23000.0,24600.0,1343000,0.0403890784507521
2022-11-01,24550.0,26300.0,24550.0,26250.0,2023900,0.0413528938644882
2022-11-02,26050.0,26300.0,25100.0,25800.0,1209300,0.0280468646861741
2022-11-03,25150.0,26000.0,25150.0,26000.0,524600,0.0199618385570613
2022-11-04,25500.0,26050.0,24550.0,26000.0,1786100,0.0356168311147657
2022-11-07,26000.0,26450.0,25250.0,25500.0,1575200,0.0278840582711907
2022-11-08,25500.0,25750.0,24800.0,25250.0,1798400,0.0225756805830052
2022-11-09,25300.0,26150.0,24800.0,25400.0,1916000,0.0318330693444177
2022-11-10,25350.0,25600.0,24550.0,24800.0,1447000,0.0251518018660365
2022-11-11,25100.0,25400.0,24700.0,25300.0,1940400,0.0167832416132435
2022-11-14,24500.0,25350.0,24100.0,25350.0,1701700,0.0303685120849116
2022-11-15,25350.0,25400.0,24500.0,24950.0,1663100,0.021665879925669
2022-11-16,23850.0,26650.0,23300.0,26550.0,2283400,0.080676863859657
2022-11-17,26550.0,28400.0,26000.0,28400.0,3241400,0.0530251144864263
2022-11-18,28000.0,28300.0,27300.0,27600.0,1936700,0.021605250860513
2022-11-21,27500.0,27500.0,26100.0,26300.0,1750000,0.0313797375232967
2022-11-22,26100.0,28000.0,26050.0,26150.0,1870400,0.0433525567022262
2022-11-23,26050.0,26850.0,25900.0,26150.0,661300,0.0216339275325678
2022-11-24,26000.0,27550.0,26000.0,27100.0,1209600,0.0347760956466994
2022-11-25,27600.0,27700.0,27100.0,27400.0,900300,0.013151500822983
2022-11-28,27950.0,29300.0,27550.0,29300.0,4231400,0.0369855500160295
2022-11-29,29300.0,30500.0,28900.0,30500.0,3972000,0.0323612936453803
2022-11-30,31000.0,31000.0,29800.0,30550.0,2894300,0.0237094422664302
2022-12-01,30050.0,30800.0,29550.0,30000.0,2812500,0.0248818189054351
2022-12-02,29100.0,31550.0,29000.0,31550.0,2864300,0.0506139524490512
2022-12-05,31650.0,31650.0,31000.0,31550.0,2356100,0.0124622119840186
2022-12-06,30500.0,30950.0,29350.0,29350.0,2883400,0.0318780606972372
2022-12-07,29500.0,30200.0,28600.0,29500.0,2217500,0.032691673210075
2022-12-08,29500.0,30100.0,28500.0,28750.0,2497400,0.0328033042807081
2022-12-09,28850.0,29500.0,28050.0,28900.0,3690300,0.0302692644431958
2022-12-12,29200.0,29950.0,27050.0,27050.0,3231300,0.0611625459183706
2022-12-13,27400.0,28000.0,27050.0,28000.0,2178600,0.0207298743050113
2022-12-14,28050.0,28100.0,27200.0,27950.0,2533600,0.0195498304864848
2022-12-15,27950.0,28050.0,27500.0,27900.0,2131800,0.0118926896991438
2022-12-16,27600.0,27900.0,26200.0,26200.0,9287700,0.0377556482287988
2022-12-19,27000.0,27800.0,26250.0,27300.0,2643000,0.0344542153091816
2022-12-20,26750.0,27350.0,25650.0,25750.0,3321300,0.0385397884962626
2022-12-21,26150.0,26700.0,25600.0,26000.0,3216500,0.0252663389024928
2022-12-22,26100.0,26450.0,25600.0,26000.0,2054700,0.0196166151631611
2022-12-23,26150.0,26150.0,25550.0,25800.0,1835700,0.0139401509223169
2022-12-26,26050.0,26050.0,24550.0,24550.0,2460400,0.0356168311147657
2022-12-27,25000.0,26250.0,24750.0,25800.0,1897200,0.0353373215608724
2022-12-28,25750.0,27100.0,25600.0,26900.0,1813400,0.034196781590675
2022-12-29,26800.0,27150.0,26500.0,26500.0,1545900,0.014552987313392
2022-12-30,26150.0,27200.0,26150.0,26300.0,1792900,0.0236427630472657
2023-01-02,26300.0,26300.0,26300.0,26300.0,0,0.0
2023-01-03,27000.0,28100.0,26350.0,28100.0,3875900,0.0386168669842062
2023-01-04,28550.0,28750.0,28100.0,28600.0,2624200,0.0137337482713958
2023-01-05,28400.0,29200.0,28000.0,29200.0,4076200,0.0252020699523118
2023-01-06,29200.0,29600.0,28350.0,29250.0,1696300,0.0259126131655529
2023-01-09,29250.0,29600.0,29000.0,29400.0,1193700,0.0122986114478812
2023-01-10,29400.0,29400.0,28450.0,29400.0,914500,0.0197263418712087
2023-01-11,29450.0,29500.0,28500.0,28500.0,989900,0.0207110594362183
2023-01-12,28900.0,28900.0,28000.0,28700.0,1037700,0.0190000058369685
2023-01-13,28700.0,29000.0,28250.0,28600.0,770200,0.0157361283229149
2023-01-16,28350.0,28800.0,27950.0,28500.0,1010000,0.0179917251909362
2023-01-17,28700.0,29850.0,27950.0,29850.0,2138800,0.039497493231135
2023-01-18,29800.0,29800.0,29000.0,29300.0,1473600,0.0163428099251319
2023-01-19,29000.0,30300.0,29000.0,29650.0,3043500,0.026335739386436
2023-01-20,29650.0,29650.0,29650.0,29650.0,0,0.0
2023-01-23,29650.0,29650.0,29650.0,29650.0,0,0.0
2023-01-24,29650.0,29650.0,29650.0,29650.0,0,0.0
2023-01-25,29650.0,29650.0,29650.0,29650.0,0,0.0
2023-01-26,29650.0,29650.0,29650.0,29650.0,0,0.0
2023-01-27,29700.0,30500.0,29700.0,30300.0,1974800,0.0159626992923335
2023-01-30,30200.0,30200.0,29300.0,29800.0,1610100,0.0181696239215662
2023-01-31,29750.0,30150.0,29250.0,29700.0,1095200,0.0182002171924723
2023-02-01,29700.0,29700.0,28000.0,28000.0,1893600,0.0353986001900153
2023-02-02,28050.0,28950.0,28050.0,28850.0,1699200,0.0189666669471588
2023-02-03,28850.0,29200.0,28600.0,29200.0,1095800,0.0124688465898704
2023-02-06,28500.0,29500.0,28300.0,29500.0,940200,0.0249403811714137
2023-02-07,29400.0,29500.0,28550.0,28550.0,1347600,0.0196583664333069
2023-02-08,28550.0,28950.0,28450.0,28500.0,1375500,0.0104630033953198
2023-02-09,28300.0,28950.0,28150.0,28200.0,1205500,0.0168294362061956
2023-02-10,28200.0,28400.0,27800.0,28200.0,726000,0.0128238581496033
2023-02-13,28000.0,28500.0,27550.0,28500.0,1031800,0.0203599567051463
2023-02-14,28500.0,28500.0,27400.0,28000.0,1441900,0.023638733935932
2023-02-15,27800.0,28400.0,27600.0,28350.0,969600,0.0171600589685784
2023-02-16,28350.0,28450.0,27700.0,28400.0,978700,0.0160444414222256
2023-02-17,28300.0,28650.0,28000.0,28400.0,1280800,0.013782238833338
2023-02-20,28300.0,29350.0,28150.0,29350.0,3128000,0.0250705425980152
2023-02-21,29350.0,29800.0,29150.0,29600.0,1309700,0.0132444649391775
2023-02-22,29300.0,29350.0,28100.0,28100.0,1360100,0.0261382072425765
2023-02-23,28300.0,28400.0,26500.0,26500.0,4737800,0.0415855075733091
2023-02-24,26700.0,26900.0,26300.0,26500.0,2243300,0.0135470677369186
2023-02-27,26150.0,26600.0,25550.0,25750.0,1513400,0.0241869413718924
2023-02-28,26200.0,27550.0,26100.0,26700.0,2998000,0.0324706755242718
2023-03-01,26700.0,27450.0,26200.0,26800.0,2068500,0.0279902102299811
2023-03-02,26950.0,27000.0,26200.0,26200.0,1980400,0.0180633527423829
2023-03-03,26300.0,26500.0,25700.0,26000.0,2078400,0.0184094476687704
2023-03-06,26450.0,27100.0,26150.0,26150.0,2736300,0.0214307487439788
2023-03-07,26700.0,27000.0,26400.0,26600.0,2211500,0.0134963253766676
2023-03-08,26400.0,27250.0,26400.0,27250.0,2194700,0.0190314908669577
2023-03-09,27250.0,27450.0,26950.0,27000.0,5053200,0.0110400389080612
2023-03-10,26900.0,28050.0,26900.0,28000.0,2302400,0.0251409005486743
2023-03-13,27950.0,29400.0,27850.0,29100.0,4124400,0.0325274205712638
2023-03-14,28800.0,29050.0,28250.0,28800.0,2116400,0.016770687070389
2023-03-15,28800.0,29400.0,28200.0,28500.0,3577700,0.0250270047406383
2023-03-16,28450.0,29050.0,28450.0,28950.0,2649100,0.0125339061521498
2023-03-17,28950.0,29700.0,28950.0,29500.0,6891400,0.015360458909767
2023-03-20,29500.0,29500.0,28050.0,29000.0,2353200,0.0302692644431958
2023-03-21,28950.0,29500.0,28150.0,29450.0,3045500,0.0281320337022323
2023-03-22,29100.0,29800.0,28850.0,29700.0,4228500,0.0194572224590762
2023-03-23,29000.0,29450.0,29000.0,29300.0,1817500,0.0092474895368785
2023-03-24,29250.0,29450.0,29200.0,29250.0,1312500,0.0051199048741709
2023-03-27,29250.0,29450.0,28650.0,29300.0,1714000,0.0165397359931446
2023-03-28,29050.0,29650.0,29050.0,29250.0,2801800,0.0122776583492742
2023-03-29,29000.0,29250.0,28750.0,29250.0,1472200,0.0103547600382217
2023-03-30,29500.0,31250.0,29300.0,29900.0,7146900,0.0386952755386184
2023-03-31,30000.0,31000.0,29550.0,29550.0,5358200,0.0287689600123813
2023-04-03,29900.0,30200.0,29500.0,29600.0,3057800,0.0140841577962312
2023-04-04,29600.0,29600.0,29050.0,29450.0,1958000,0.0112640527004071
2023-04-05,29450.0,29550.0,29200.0,29450.0,2446000,0.0071557075164732
2023-04-06,29550.0,29550.0,29300.0,29500.0,2706800,0.0051025048178348
2023-04-07,29500.0,29550.0,28500.0,29200.0,1723900,0.021728098128718
2023-04-10,29300.0,29300.0,28900.0,29100.0,1435500,0.0082552668139816
2023-04-11,28950.0,29150.0,28850.0,29050.0,1017000,0.0062127575198987
2023-04-12,28950.0,29050.0,28500.0,28700.0,2836700,0.0114793646970113
2023-04-13,28800.0,29050.0,28200.0,28400.0,1089300,0.0178345690215794
2023-04-14,28650.0,28800.0,28450.0,28600.0,2693200,0.0073431979150039
2023-04-17,28600.0,29000.0,27900.0,28300.0,1578500,0.0232231859873932
2023-04-18,28450.0,28600.0,28250.0,28500.0,2264000,0.007394866395752
2023-04-19,28600.0,28850.0,27800.0,28300.0,2462700,0.0222651894306155
2023-04-20,28300.0,28350.0,27950.0,28300.0,1686700,0.0085338729629361
2023-04-21,28300.0,28300.0,27600.0,27900.0,2738500,0.0150416750988022
2023-04-24,28750.0,28900.0,28000.0,28150.0,3750900,0.0190000058369685
2023-04-25,28200.0,28300.0,27400.0,27700.0,3437800,0.0194094122007365
2023-04-26,27800.0,27800.0,26850.0,27500.0,4002500,0.0208816330338789
2023-04-27,27450.0,27450.0,27000.0,27000.0,2082500,0.0099268574875982
2023-04-28,27100.0,27700.0,27100.0,27700.0,2842300,0.013151500822983
2023-05-01,27700.0,27700.0,27700.0,27700.0,0,0.0
2023-05-02,27700.0,27700.0,27700.0,27700.0,0,0.0
2023-05-03,27700.0,27700.0,27700.0,27700.0,0,0.0
2023-05-04,27550.0,27750.0,27200.0,27250.0,1435300,0.0120225548103414
2023-05-05,27250.0,27550.0,27100.0,27150.0,1515000,0.0098905269952008
2023-05-08,27450.0,27450.0,27150.0,27450.0,3009500,0.006599640088663
2023-05-09,27450.0,27650.0,27350.0,27400.0,2135300,0.0065516417506738
2023-05-10,27550.0,27800.0,27450.0,27800.0,3978200,0.0076090220216508
2023-05-11,28000.0,28150.0,27850.0,28050.0,3295500,0.0064346458891792
2023-05-12,28050.0,28300.0,27750.0,28150.0,3287000,0.0117865928515234
2023-05-15,28450.0,28650.0,28300.0,28400.0,3477300,0.0073818812284666
2023-05-16,28400.0,28400.0,28000.0,28400.0,2735200,0.0085187414746476
2023-05-17,28300.0,28350.0,27900.0,27900.0,3184300,0.0096091842697213
2023-05-18,28000.0,28300.0,27600.0,28100.0,3968500,0.0150416750988022
2023-05-19,28050.0,28300.0,27700.0,28000.0,2888700,0.0128696611421687
2023-05-22,28000.0,28150.0,27850.0,27900.0,4432000,0.0064346458891792
2023-05-23,27900.0,28100.0,27650.0,27700.0,3423900,0.0096953690214432
2023-05-24,27700.0,27700.0,27700.0,27700.0,0,0.0
2023-05-25,27600.0,27750.0,27500.0,27700.0,1359800,0.0054349801194024
2023-05-26,27750.0,27800.0,27600.0,27700.0,2026100,0.0043362008189751
2023-05-29,27700.0,27850.0,27700.0,27700.0,2743000,0.0032433627221706
2023-05-30,27750.0,27900.0,27650.0,27700.0,3114800,0.0054056278941629
2023-05-31,27750.0,27800.0,27100.0,27100.0,5544300,0.0153156876853245
2023-06-01,27100.0,27350.0,26750.0,26850.0,4879700,0.0133216819825967
2023-06-02,27050.0,27350.0,26900.0,27100.0,2949200,0.0099634558729591
2023-06-05,27450.0,27450.0,27100.0,27100.0,3292300,0.0077066656636736
2023-06-06,27150.0,27350.0,27100.0,27350.0,2329600,0.0055148340176543
2023-06-07,27400.0,27450.0,27200.0,27250.0,3217500,0.0054946513603869
2023-06-08,27200.0,27400.0,26900.0,26900.0,4427100,0.0110603716197198
2023-06-09,27050.0,27050.0,26600.0,26700.0,2895800,0.0100748883496722
2023-06-12,26750.0,26900.0,26450.0,26700.0,3006200,0.0101315445722091
2023-06-13,26800.0,27150.0,26700.0,27100.0,3192200,0.0100374682631928
2023-06-14,27150.0,27400.0,27150.0,27150.0,2863500,0.0055047241894045
2023-06-15,27200.0,27300.0,26850.0,26850.0,2922300,0.0099818564531931
2023-06-16,27000.0,27050.0,26500.0,26500.0,4575800,0.0123368917936502
2023-06-19,26650.0,26850.0,26550.0,26550.0,2841300,0.0067479496938354
2023-06-20,26550.0,26750.0,26550.0,26650.0,1913900,0.0045070470774476
2023-06-21,26650.0,26850.0,26650.0,26800.0,2665100,0.0044901981460552
2023-06-22,26800.0,26800.0,26800.0,26800.0,0,0.0
2023-06-23,27000.0,27100.0,26850.0,26850.0,3438500,0.0055659453485544
2023-06-26,27000.0,27000.0,26500.0,26700.0,5157200,0.0112257699144566
2023-06-27,26800.0,27550.0,26750.0,27450.0,7670300,0.0176973749601431
2023-06-28,27550.0,27650.0,27150.0,27300.0,4161800,0.0109594501933175
2023-06-29,27200.0,27600.0,27000.0,27000.0,5475500,0.0131996786902739
2023-06-30,27100.0,27200.0,26800.0,26800.0,2611800,0.008897365762313
2023-07-03,26950.0,27200.0,26850.0,27000.0,3200500,0.0077779596518412
2023-07-04,27000.0,27200.0,26950.0,27200.0,2531500,0.0055453875476743
2023-07-05,27200.0,27700.0,27100.0,27500.0,5712700,0.013151500822983
2023-07-06,27500.0,27600.0,26900.0,26950.0,5699100,0.0154281087216541
2023-07-07,26950.0,27050.0,26800.0,27000.0,4102200,0.005576281514295
2023-07-10,27100.0,27200.0,26850.0,26950.0,5570100,0.0077779596518412
2023-07-11,27100.0,27650.0,27000.0,27300.0,8710500,0.0142866675922529
2023-07-12,27450.0,28300.0,27450.0,28100.0,15357900,0.0183144963014781
2023-07-13,28300.0,28350.0,28050.0,28150.0,7072900,0.006389009238843
2023-07-14,28300.0,28300.0,27600.0,28000.0,10208600,0.0150416750988022
2023-07-17,28050.0,28750.0,28000.0,28650.0,7289900,0.0158747887008871
2023-07-18,28500.0,28650.0,28300.0,28300.0,5731200,0.0073818812284666
2023-07-19,28350.0,28350.0,27850.0,27950.0,7742000,0.010686424387059
2023-07-20,27950.0,28100.0,27700.0,28050.0,4272100,0.0086103439667884
2023-07-21,28000.0,28400.0,27950.0,28400.0,5092900,0.0095921308656513
2023-07-24,28600.0,28650.0,28250.0,28400.0,4770700,0.0084438818666488
2023-07-25,28400.0,29350.0,28150.0,29000.0,8777400,0.0250705425980152
2023-07-26,28850.0,29150.0,28750.0,28900.0,2785400,0.0082980415746713
2023-07-27,28900.0,28950.0,28300.0,28500.0,6087800,0.0136377836753767
2023-07-28,29000.0,29100.0,28550.0,28800.0,6500400,0.0114594513198927
2023-07-31,29500.0,29900.0,29300.0,29650.0,11601500,0.0121739547784329
2023-08-01,29700.0,30300.0,29100.0,29100.0,7960600,0.0242684010131694
2023-08-02,29050.0,29200.0,28800.0,28900.0,4972700,0.0082837341523792
2023-08-03,28900.0,29200.0,28350.0,28400.0,6526000,0.0177415863803793
2023-08-04,28600.0,29100.0,28500.0,28700.0,4925300,0.0125121443228039
2023-08-07,29000.0,29600.0,28800.0,29600.0,8302400,0.0164547609375528
2023-08-08,29900.0,31450.0,29700.0,31000.0,17958200,0.0343832924414319
2023-08-09,30850.0,31300.0,30700.0,30900.0,8737600,0.0116241281313916
2023-08-10,30900.0,30950.0,29950.0,30050.0,7608100,0.0197246367559459
2023-08-11,30700.0,30750.0,29550.0,30750.0,10672900,0.0239060896828542
2023-08-14,30600.0,30700.0,30200.0,30300.0,6375800,0.0098616535133316
2023-08-15,30100.0,31750.0,29900.0,31300.0,9339500,0.0360542384472414
2023-08-16,31900.0,32000.0,31300.0,31500.0,11804900,0.0132830957616482
2023-08-17,31400.0,31400.0,30600.0,30600.0,9882000,0.0154992138713793
2023-08-18,30200.0,30500.0,28600.0,29100.0,13778500,0.0386280761199074
2023-08-21,29100.0,29850.0,28650.0,29500.0,4805500,0.0246418650067933
2023-08-22,29300.0,29450.0,28100.0,29300.0,4756100,0.0281809343969914
2023-08-23,29750.0,29900.0,28700.0,28750.0,4721200,0.0245998022724942
2023-08-24,28850.0,29200.0,28700.0,29050.0,3207200,0.010372644795423
2023-08-25,28950.0,29250.0,28700.0,28700.0,3335600,0.0114001235822201
2023-08-28,28950.0,29750.0,28850.0,29750.0,4409300,0.018448723138302
2023-08-29,29750.0,29800.0,29200.0,29250.0,2829900,0.0122152252624243
2023-08-30,29350.0,29900.0,29300.0,29700.0,6019400,0.0121739547784329
2023-08-31,29750.0,30500.0,29700.0,30300.0,7227600,0.0159626992923335
2023-09-01,30300.0,30300.0,30300.0,30300.0,0,0.0
2023-09-04,30300.0,30300.0,30300.0,30300.0,0,0.0
2023-09-05,30300.0,30750.0,30100.0,30150.0,4953600,0.0128308835308642
2023-09-06,30300.0,30550.0,30000.0,30300.0,4059600,0.0109105779440622
2023-09-07,30300.0,30550.0,30200.0,30300.0,4593600,0.0069201233662963
2023-09-08,30200.0,30350.0,29600.0,29600.0,5885800,0.0150273362492692
2023-09-11,29800.0,29900.0,28700.0,28700.0,5687100,0.0245998022724942
2023-09-12,28850.0,29600.0,28800.0,29500.0,3974900,0.0164547609375528
2023-09-13,29550.0,29600.0,28900.0,29000.0,6439000,0.0143730909005168
2023-09-14,29200.0,29250.0,28600.0,28900.0,4132300,0.0134963253766676
2023-09-15,28900.0,29150.0,28400.0,28400.0,4727700,0.0156540888009109
2023-09-18,28500.0,28600.0,27600.0,27700.0,6121000,0.0213745408563721
2023-09-19,27800.0,28150.0,27350.0,27600.0,5600300,0.0173146754166785
2023-09-20,27600.0,28300.0,27500.0,28100.0,3875700,0.0172215729709259
2023-09-21,28200.0,28200.0,27850.0,28150.0,3301100,0.0075004158306254
2023-09-22,27700.0,27950.0,27100.0,27400.0,4715500,0.0185474149692764
2023-09-25,27300.0,27700.0,26600.0,26600.0,4484800,0.0243354591173864
2023-09-26,26800.0,27000.0,25800.0,25800.0,4905100,0.0273029381301127
2023-09-27,26100.0,26450.0,25500.0,26100.0,4127900,0.0219671512533366
2023-09-28,26000.0,26000.0,25150.0,25450.0,4514100,0.0199618385570613
2023-09-29,25600.0,27050.0,25600.0,26100.0,4626100,0.0330877116459439
2023-10-02,26100.0,27100.0,25950.0,26850.0,3579500,0.0260416059755292
2023-10-03,26750.0,26950.0,26200.0,26300.0,3301100,0.01695017132192
2023-10-04,25900.0,27100.0,25900.0,27000.0,2343000,0.0271998728811222
2023-10-05,27000.0,27400.0,26700.0,26800.0,1977600,0.0155421924525974
2023-10-06,27000.0,27450.0,26750.0,27450.0,1952100,0.015513513628616
2023-10-09,27200.0,27200.0,26850.0,27050.0,2015300,0.0077779596518412
2023-10-10,27100.0,27300.0,26950.0,27000.0,2641400,0.0077492843490261
2023-10-11,27100.0,27300.0,26900.0,27000.0,1089400,0.0088645329599434
2023-10-12,27350.0,27450.0,27050.0,27200.0,1740500,0.0088157356084048
2023-10-13,27100.0,27500.0,27000.0,27350.0,1652100,0.0110197808181504
2023-10-16,27100.0,27250.0,26700.0,26700.0,1709400,0.0122454163545477
2023-10-17,26650.0,27600.0,26550.0,27000.0,3254700,0.0232933819087393
2023-10-18,27100.0,27100.0,25900.0,26500.0,2937600,0.0271998728811222
2023-10-19,26400.0,27000.0,25800.0,26400.0,2838000,0.0273029381301127
2023-10-20,26500.0,27050.0,25850.0,26600.0,1936300,0.0272513080402946
2023-10-23,26500.0,26500.0,25950.0,26000.0,2251100,0.0125956442371479
2023-10-24,26000.0,26800.0,26000.0,26600.0,2105000,0.0182002171924723
2023-10-25,26800.0,27000.0,26450.0,26450.0,2808000,0.0123599746035893
2023-10-26,25900.0,25900.0,24600.0,24600.0,9247600,0.0309268155368012
2023-10-27,24600.0,24650.0,22900.0,22900.0,12955400,0.044225321042968
2023-10-30,22600.0,24100.0,22100.0,23100.0,5403600,0.0520291586953281
2023-10-31,23300.0,23700.0,22200.0,22200.0,5812200,0.0392663486494505
2023-11-01,22300.0,22700.0,21600.0,22700.0,6236700,0.0298308418039793
2023-11-02,23000.0,23300.0,22450.0,23250.0,5800700,0.0223185037265696
2023-11-03,23500.0,24400.0,23200.0,24400.0,12592000,0.0302868141927446
2023-11-06,24300.0,24500.0,23700.0,24000.0,5406700,0.0199374725481567
2023-11-07,23700.0,24000.0,23050.0,23150.0,5320400,0.0242555025003867
2023-11-08,23200.0,23850.0,22850.0,23700.0,5845600,0.025723898120374
2023-11-09,24000.0,24600.0,23950.0,24300.0,5772800,0.0160818994469065
2023-11-10,23850.0,24400.0,23850.0,23950.0,4353000,0.0136921438301226
2023-11-13,24000.0,24200.0,23450.0,23500.0,3840800,0.0189069508765168
2023-11-14,23850.0,24100.0,23500.0,24000.0,3670600,0.0151410003671943
2023-11-15,24500.0,24750.0,24100.0,24100.0,3942600,0.015983124807322
2023-11-16,24000.0,24050.0,23650.0,23850.0,4276100,0.0100725414219412
2023-11-17,24000.0,24150.0,22500.0,22800.0,8229200,0.0425011584464112
2023-11-20,22550.0,23200.0,22550.0,22550.0,4059300,0.0170662754987698
2023-11-21,22900.0,22950.0,22500.0,22600.0,4601900,0.0118926896991438
2023-11-22,22700.0,22850.0,22500.0,22800.0,3400700,0.0092701475212389
2023-11-23,22900.0,23450.0,22600.0,22600.0,5353700,0.0221730731649595
2023-11-24,22550.0,22600.0,22000.0,22600.0,4005100,0.0161595723327437
2023-11-27,22600.0,22950.0,22550.0,22600.0,2222200,0.0105595899189227
2023-11-28,22600.0,22800.0,22350.0,22800.0,1971100,0.0119717161094682
2023-11-29,22900.0,23350.0,22800.0,23200.0,4081300,0.0143152460121299
2023-11-30,23100.0,23200.0,22100.0,22100.0,3943400,0.0291720624074211
2023-12-01,22650.0,22900.0,22450.0,22800.0,2550200,0.0119189156518716
2023-12-04,22900.0,23250.0,22650.0,23000.0,4686600,0.0157018409086499
2023-12-05,23000.0,23100.0,22800.0,22850.0,2463600,0.0078505850500158
2023-12-06,22850.0,23000.0,22700.0,22900.0,3749700,0.0078849430811127
2023-12-07,22950.0,23200.0,22650.0,22800.0,5052900,0.0144089207012251
2023-12-08,22800.0,23450.0,22700.0,23350.0,5574900,0.0195215845118743
2023-12-11,23450.0,23750.0,23450.0,23650.0,3772200,0.0076343554032361
2023-12-12,23700.0,23800.0,23400.0,23650.0,3058000,0.0101792471548528
2023-12-13,23650.0,23700.0,22950.0,23000.0,4320000,0.0193123136930415
2023-12-14,23250.0,23300.0,22700.0,22850.0,3505600,0.0156677025955216
2023-12-15,22850.0,23050.0,22550.0,22550.0,4256000,0.0131707297035294
2023-12-18,22650.0,22900.0,22550.0,22600.0,2345700,0.0092497503497637
2023-12-19,22650.0,22850.0,22550.0,22700.0,2628400,0.0079370477410177
2023-12-20,22900.0,23100.0,22700.0,23000.0,2595400,0.0104904187703082
2023-12-21,22900.0,23000.0,22700.0,22950.0,1587500,0.0078849430811127
2023-12-22,22950.0,23000.0,22700.0,22950.0,1890300,0.0078849430811127
2023-12-25,22850.0,23400.0,22850.0,23400.0,3420400,0.0142842912072568
2023-12-26,23350.0,23500.0,23150.0,23300.0,2651000,0.00901180560216
2023-12-27,23300.0,23450.0,23200.0,23250.0,3220300,0.0064369448420446
2023-12-28,23250.0,23700.0,23250.0,23500.0,6105000,0.0115127079057694
2023-12-29,23650.0,23650.0,23300.0,23300.0,4354700,0.0089542200394245
2024-01-01,23300.0,23300.0,23300.0,23300.0,0,0.0
2024-01-02,23500.0,23550.0,23050.0,23100.0,4421200,0.0128880740867726
2024-01-03,23000.0,23300.0,22900.0,23250.0,2678300,0.010399588074698
2024-01-04,23250.0,23600.0,23250.0,23400.0,4793300,0.0089733332792561
2024-01-05,23550.0,23550.0,23100.0,23350.0,3301000,0.0115867491910536
2024-01-08,23350.0,24100.0,23350.0,23700.0,7661200,0.0189866562253143
2024-01-09,23700.0,23800.0,23350.0,23350.0,4815300,0.0114638705417649
2024-01-10,23350.0,23500.0,23200.0,23300.0,3463500,0.0077160959207127
2024-01-11,23350.0,23650.0,23300.0,23450.0,3879700,0.0089542200394245
2024-01-12,23300.0,23300.0,22900.0,23100.0,5984400,0.010399588074698
2024-01-15,23250.0,23350.0,22950.0,22950.0,2397000,0.0103771256424398
2024-01-16,22950.0,23100.0,22850.0,23100.0,2666500,0.0065350068582306
2024-01-17,23100.0,23400.0,23050.0,23300.0,4900600,0.0090506092447451
2024-01-18,23300.0,23550.0,23200.0,23550.0,6889200,0.0089925282915323
2024-01-19,23600.0,24200.0,23600.0,23850.0,6538600,0.0150776422318804
2024-01-22,24000.0,24000.0,23700.0,23900.0,5638700,0.007554328591952
2024-01-23,23950.0,23950.0,23550.0,23750.0,5533200,0.0101149541235963
2024-01-24,23750.0,24300.0,23700.0,23950.0,8329900,0.0150148121638843
2024-01-25,23950.0,23950.0,23950.0,23950.0,0,0.0
2024-01-26,23950.0,23950.0,23550.0,23750.0,5330500,0.0101149541235963
2024-01-29,23750.0,23750.0,23300.0,23300.0,6629600,0.0114882373195889
2024-01-30,23300.0,23600.0,23100.0,23400.0,8150500,0.0128604743862024
2024-01-31,23500.0,23650.0,22450.0,22450.0,18081000,0.0312727237659941
2024-02-01,22500.0,22700.0,22450.0,22650.0,6885000,0.006650801131048
2024-02-02,22650.0,22650.0,22650.0,22650.0,0,0.0
2024-02-05,22350.0,22400.0,21700.0,21800.0,13264300,0.0190670364977214
2024-02-06,21850.0,22050.0,21600.0,21700.0,7484200,0.0123831439562047
2024-02-07,21700.0,21900.0,21600.0,21900.0,6100200,0.0082837341523792
2024-02-08,21900.0,21900.0,21900.0,21900.0,0,0.0
2024-02-09,21900.0,21900.0,21900.0,21900.0,0,0.0
2024-02-15,22050.0,22200.0,21850.0,22000.0,7115700,0.0095437387071444
2024-02-16,22100.0,22700.0,22050.0,22500.0,8591500,0.0174476978477745
2024-02-19,22700.0,24050.0,22600.0,24050.0,23898600,0.0373459527099725
2024-02-20,24750.0,25700.0,24700.0,25500.0,25144500,0.0238349218990303
2024-02-21,25600.0,26250.0,25000.0,26000.0,21071500,0.0293014797561372
2024-02-22,25800.0,26650.0,25750.0,26400.0,13517400,0.0206319940107815
2024-02-23,26400.0,26600.0,25250.0,25450.0,17915800,0.0312802664043013
2024-02-26,25450.0,26500.0,25350.0,26000.0,14172600,0.0266445001687587
2024-02-27,26700.0,26900.0,25550.0,26400.0,11770400,0.0309222778109911
2024-02-28,26800.0,27900.0,26300.0,27800.0,20532400,0.0354677932547146
2024-02-29,27650.0,27650.0,26400.0,26500.0,21519800,0.0277829929689205
2024-03-01,26600.0,26800.0,25850.0,26650.0,13628700,0.0216750265259996
2024-03-04,26500.0,27300.0,26200.0,27000.0,14024600,0.0246994556709461
2024-03-05,27000.0,27200.0,26400.0,26700.0,11477700,0.017928531503879
2024-03-06,26550.0,27000.0,25700.0,25850.0,15576500,0.0296352175832272
2024-03-07,26000.0,26250.0,25750.0,26000.0,7948600,0.0115496098815341
2024-03-08,26350.0,26350.0,25400.0,25400.0,10155500,0.0220520674985038
2024-03-11,25400.0,25550.0,24500.0,24500.0,11759900,0.0252020699523118
2024-03-12,24500.0,25250.0,24450.0,25200.0,10111700,0.0193356323831527
2024-03-13,25200.0,25900.0,24950.0,25900.0,8044000,0.0224424596339699
2024-03-14,26050.0,26400.0,25550.0,25900.0,12347200,0.0196543824657035
2024-03-15,25700.0,25800.0,25100.0,25750.0,11252300,0.0165194243243602
2024-03-18,25850.0,27550.0,25000.0,27550.0,34582300,0.0583305343751952
2024-03-19,28500.0,28750.0,26700.0,26750.0,16110300,0.0444260357493497
2024-03-20,26900.0,26900.0,26100.0,26350.0,11622200,0.0181315266737662
2024-03-21,26700.0,27150.0,26350.0,26950.0,12499300,0.0179620477694452
2024-03-22,27150.0,27200.0,26450.0,26700.0,10058500,0.0167921807308008
2024-03-25,26500.0,26950.0,25950.0,26050.0,8943300,0.0227082327311417
2024-03-26,26050.0,26450.0,25000.0,26400.0,7341400,0.0338598409524804
2024-03-27,26350.0,26400.0,25900.0,25950.0,5848500,0.0114833556805299
2024-03-28,26000.0,26400.0,25650.0,25650.0,14611800,0.0173084372780159
2024-03-29,25950.0,25950.0,25500.0,25850.0,5019000,0.0105057117053211
2024-04-01,25900.0,26100.0,25650.0,25700.0,5885800,0.0104448059495372
2024-04-02,25700.0,25750.0,25350.0,25550.0,7712300,0.0094023244017488
2024-04-03,25550.0,26050.0,25500.0,25500.0,6533200,0.0128155653389044
2024-04-04,25800.0,25800.0,25250.0,25300.0,5579700,0.0129410947446673
2024-04-05,25100.0,25100.0,24700.0,24700.0,8275400,0.0096477770277845
2024-04-08,24800.0,24850.0,23600.0,23600.0,14766300,0.0309955886493177
2024-04-09,23650.0,24300.0,23650.0,24200.0,6487000,0.0162831573119623
2024-04-10,24250.0,24700.0,24200.0,24250.0,4857200,0.0122818432552151
2024-04-11,23950.0,24100.0,23800.0,23900.0,3359700,0.0075227856835493
2024-04-12,23950.0,24400.0,23950.0,24150.0,3555700,0.011179331777616
2024-04-15,23850.0,24050.0,22500.0,22500.0,13823600,0.0400091996660487
2024-04-16,22400.0,22650.0,21900.0,22200.0,12875500,0.0202228266202045
2024-04-17,22400.0,22750.0,21850.0,22000.0,7302500,0.0242411868929729
2024-04-19,21650.0,21950.0,21050.0,21300.0,8590500,0.0251434433439584
2024-04-22,21600.0,22600.0,21500.0,22400.0,7078300,0.0299661850861888
2024-04-23,22200.0,22500.0,21600.0,21900.0,4860300,0.024516106194818
2024-04-24,22200.0,22650.0,22050.0,22550.0,5630400,0.0161234168163791
2024-04-25,22350.0,22600.0,22100.0,22550.0,4172100,0.0134359340845061
2024-04-26,22200.0,22600.0,22000.0,22450.0,7637500,0.0161595723327437
2024-04-29,22450.0,22450.0,22450.0,22450.0,0,0.0
2024-04-30,22450.0,22450.0,22450.0,22450.0,0,0.0
2024-05-02,22450.0,22800.0,22350.0,22750.0,6044600,0.0119717161094682
2024-05-03,22850.0,23650.0,22750.0,23400.0,13035400,0.0233005553155441
2024-05-06,23500.0,23500.0,23000.0,23350.0,8148400,0.0129157925094298
2024-05-07,23350.0,23600.0,22850.0,23350.0,6722900,0.0193954812444329
2024-05-08,23300.0,23350.0,22850.0,23200.0,7711400,0.0129996678203446
2024-05-09,23150.0,23400.0,22850.0,22850.0,5065300,0.0142842912072568
2024-05-10,22900.0,23000.0,22300.0,22500.0,7424200,0.018561867923654
2024-05-13,22500.0,22600.0,22100.0,22250.0,4557100,0.0134359340845061
2024-05-14,22800.0,22850.0,22150.0,22250.0,5075300,0.018685633610151
2024-05-15,22300.0,22400.0,22150.0,22350.0,5426800,0.0067403760782989
2024-05-16,22500.0,22800.0,22450.0,22650.0,6049800,0.0092906348513404
2024-05-17,22700.0,23250.0,22500.0,23100.0,10951000,0.0196922954864159
2024-05-20,23250.0,23550.0,22850.0,22850.0,6019600,0.0181217560492842
2024-05-21,22900.0,23250.0,22700.0,23150.0,9300200,0.0143775598772545
2024-05-22,23100.0,23700.0,23100.0,23150.0,13070700,0.0153998490127157
2024-05-23,23000.0,23200.0,22750.0,23000.0,5808600,0.0117632723504276
2024-05-24,22900.0,22900.0,22050.0,22300.0,14276500,0.0227158123685981
2024-05-27,22300.0,22400.0,22200.0,22300.0,4552900,0.0053862352466518
2024-05-28,22350.0,22550.0,22300.0,22450.0,3615500,0.0066952890136011
2024-05-29,22500.0,22500.0,22100.0,22150.0,7463700,0.01077268712843
2024-05-30,22100.0,22100.0,21600.0,21600.0,11224000,0.0137434190663879
2024-05-31,22100.0,22100.0,21650.0,21750.0,5366300,0.01235483762837
2024-06-03,21750.0,21750.0,21750.0,21750.0,0,0.0
2024-06-04,22400.0,22450.0,22050.0,22100.0,4847800,0.0107968967167266
2024-06-05,22200.0,22800.0,22150.0,22500.0,9512500,0.0173700554183658
2024-06-06,22700.0,22800.0,22200.0,22500.0,6309300,0.0160159145867188
2024-06-07,22500.0,22600.0,22200.0,22200.0,6500900,0.0107245922133412
2024-06-10,22300.0,22450.0,22050.0,22100.0,5855400,0.0107968967167266
2024-06-11,22150.0,22250.0,21650.0,21700.0,11747400,0.0164172738925425
2024-06-12,21700.0,21950.0,21600.0,21850.0,7999200,0.0096533155997477
2024-06-13,21900.0,22050.0,21600.0,21700.0,8894900,0.0123831439562047
2024-06-14,21800.0,21850.0,21450.0,21450.0,10375100,0.0110961346678996
2024-06-17,21600.0,21600.0,21100.0,21150.0,8662300,0.0140653080856351
2024-06-18,21250.0,21350.0,21100.0,21100.0,6162500,0.0070738297733009
2024-06-19,21150.0,21200.0,20650.0,20650.0,10528900,0.0157862691039411
2024-06-20,20600.0,20800.0,20050.0,20250.0,12661900,0.0220549093492066
2024-06-21,20250.0,20300.0,19850.0,20000.0,12265100,0.0134627077996545
2024-06-24,19900.0,20500.0,19900.0,19950.0,10146400,0.0178397633115079
2024-06-25,20100.0,21300.0,20050.0,21300.0,25463000,0.0363206918514957
2024-06-26,21500.0,21500.0,20750.0,20800.0,5887300,0.0213239395836967
2024-06-27,20800.0,20950.0,20350.0,20400.0,7612600,0.0174509480159727
2024-06-28,20400.0,21200.0,20400.0,20450.0,12792300,0.0231013559424692
2024-07-01,20700.0,21850.0,20600.0,21850.0,13748100,0.0353789679118751
2024-07-02,21900.0,22000.0,21600.0,21700.0,8412700,0.0110197808181504
2024-07-03,21550.0,21600.0,20950.0,21300.0,34019400,0.0183499484072794
2024-07-04,21300.0,21700.0,21100.0,21250.0,11937600,0.0168392677721186
2024-07-05,21400.0,21400.0,20700.0,20800.0,19509000,0.0199729971528455
2024-07-08,20800.0,20800.0,20300.0,20300.0,18447500,0.0146129156775049
2024-07-09,20300.0,20700.0,20200.0,20500.0,10564600,0.0146843795809167
2024-07-10,20600.0,21050.0,20550.0,20550.0,9607200,0.0144372626515867
2024-07-11,20700.0,21050.0,20650.0,20700.0,9049100,0.011521911274187
2024-07-12,20750.0,21250.0,20650.0,20750.0,8545000,0.01720101935629
2024-07-15,20900.0,20950.0,20350.0,20350.0,11248900,0.0174509480159727
2024-07-16,20400.0,20550.0,20150.0,20200.0,10324900,0.0118050229294978
2024-07-17,20300.0,20350.0,19750.0,19750.0,17511300,0.0179732477247696
2024-07-18,19800.0,20150.0,19600.0,20150.0,9699200,0.0166203644693876
2024-07-19,20250.0,20300.0,19850.0,19900.0,5274100,0.0134627077996545
2024-07-22,19900.0,20150.0,19600.0,20050.0,7586900,0.0166203644693876
2024-07-23,20250.0,20400.0,19950.0,20050.0,8859200,0.0133959725976901
2024-07-24,20050.0,20200.0,19800.0,20150.0,5260200,0.0120116244860248
2024-07-25,20100.0,20450.0,19700.0,19700.0,14310000,0.0224395170263435
2024-07-26,19800.0,19850.0,19200.0,19300.0,14275800,0.0199949214461544
2024-07-29,19400.0,19550.0,18950.0,18950.0,9488900,0.0187203064430779
2024-07-30,18850.0,18950.0,18550.0,18750.0,10130800,0.0128124582994773
2024-07-31,18800.0,19100.0,18550.0,18600.0,6988200,0.0175475251758623
2024-08-01,18650.0,18850.0,17800.0,18200.0,13055900,0.0344208390824251
2024-08-02,17950.0,18150.0,17750.0,17950.0,9306900,0.0133835333387
2024-08-05,17750.0,17850.0,16800.0,16800.0,13626200,0.0364087958939618
2024-08-06,17000.0,17200.0,16700.0,17000.0,12005000,0.0177169545404811
2024-08-07,17700.0,18150.0,17650.0,18000.0,21450600,0.0167765435186946
2024-08-08,17900.0,18000.0,17450.0,17650.0,8490200,0.0186366809046779
2024-08-09,17800.0,17800.0,17350.0,17500.0,4712100,0.0153779407152434
2024-08-12,17450.0,17650.0,17250.0,17400.0,4950200,0.0137670487885838
2024-08-13,17400.0,17700.0,17350.0,17450.0,4207100,0.0119944883610356
2024-08-14,17500.0,18150.0,17500.0,18000.0,12337200,0.0219022748133476
2024-08-15,18050.0,18250.0,17800.0,17800.0,7865700,0.0149939850166368
2024-08-16,17950.0,18450.0,17900.0,18300.0,8623500,0.0181751786815186
2024-08-19,18450.0,18450.0,18200.0,18300.0,6788300,0.0081933222283254
2024-08-20,18250.0,19000.0,18250.0,18750.0,13861700,0.0241869413718924
2024-08-21,18750.0,18900.0,18650.0,18900.0,6213600,0.00799693845744
2024-08-22,18900.0,20150.0,18900.0,19700.0,22027900,0.0384613606535924
2024-08-23,19800.0,19850.0,19400.0,19500.0,7332100,0.0137714335832159
2024-08-26,19700.0,20100.0,19600.0,19850.0,10385400,0.0151282861754441
2024-08-27,19850.0,20650.0,19750.0,20050.0,15093200,0.0267621051296239
2024-08-28,20150.0,20200.0,19500.0,19500.0,12575200,0.0211806759369312
2024-08-29,19500.0,19750.0,19150.0,19250.0,12572000,0.0185277790231542
2024-08-30,19350.0,19450.0,19200.0,19200.0,7658100,0.0077693348023922
2024-09-04,19000.0,19700.0,18850.0,19700.0,11532600,0.0264881854348223
2024-09-05,19800.0,20350.0,19650.0,19700.0,12485100,0.0210217883032681
2024-09-06,19750.0,20100.0,19400.0,20100.0,11269400,0.0212879422687105
2024-09-09,19950.0,20250.0,19850.0,20100.0,7303300,0.011981668320596
2024-09-10,20200.0,20300.0,19050.0,19200.0,19049800,0.0381679373480724
2024-09-11,19200.0,19350.0,18600.0,19100.0,8396500,0.0237406881343592
2024-09-12,19300.0,19350.0,19000.0,19000.0,3212500,0.0109623080965032
2024-09-13,19100.0,19400.0,18850.0,19300.0,4986800,0.0172722316289081
2024-09-16,19300.0,19400.0,18900.0,18900.0,5645600,0.0156813400909384
2024-09-17,19000.0,19400.0,18900.0,19400.0,6036500,0.0156813400909384
2024-09-18,19450.0,19750.0,19150.0,19150.0,8583000,0.0185277790231542
2024-09-19,19250.0,19450.0,19200.0,19450.0,4719500,0.0077693348023922
2024-09-20,19650.0,19750.0,19400.0,19500.0,12860100,0.0107382897399276
2024-09-23,19500.0,19550.0,19000.0,19000.0,10845800,0.017137799059964
2024-09-24,19050.0,19100.0,18900.0,19050.0,5918900,0.0063217552614057
2024-09-25,19300.0,19300.0,19050.0,19100.0,7600900,0.0078301135825792
2024-09-26,19250.0,19400.0,19150.0,19200.0,6640500,0.0077894892832265
2024-09-27,19300.0,19700.0,19150.0,19400.0,11672700,0.0170054430891407
2024-09-30,19400.0,19400.0,19100.0,19100.0,6834300,0.0093595848295327
2024-10-01,19150.0,19550.0,19100.0,19400.0,9870100,0.013985239566693
2024-10-02,19250.0,19350.0,19100.0,19150.0,5084600,0.0078097486032321
2024-10-03,19150.0,19250.0,18600.0,18650.0,14455900,0.0206289650878717
2024-10-04,18650.0,18650.0,18250.0,18300.0,9504200,0.0130208071463177
2024-10-07,18450.0,18500.0,18150.0,18250.0,4876600,0.0114708219241377
2024-10-08,18300.0,18400.0,18150.0,18350.0,3231300,0.0082157396768588
2024-10-09,18300.0,18500.0,18250.0,18500.0,3292200,0.0081710267851736
2024-10-10,18600.0,18700.0,18450.0,18450.0,3633500,0.0080830453604054
2024-10-11,18500.0,19100.0,18350.0,19000.0,12919000,0.0240577374836119
2024-10-14,19400.0,19600.0,19050.0,19150.0,11560900,0.0170934520584683
2024-10-15,19150.0,19200.0,18800.0,18800.0,6684800,0.0126438607844335
2024-10-16,18800.0,18900.0,18650.0,18700.0,4185200,0.00799693845744
2024-10-17,18700.0,18850.0,18600.0,18750.0,5000900,0.0080182927317516
2024-10-18,18950.0,19100.0,18750.0,18750.0,5084500,0.0111071288227248
2024-10-21,18800.0,19300.0,18750.0,19100.0,11488800,0.0173630312696351
2024-10-22,19100.0,19150.0,18550.0,18600.0,9087500,0.0191176207221685
2024-10-23,18650.0,19050.0,18600.0,18650.0,6222700,0.0143567283954579
2024-10-24,18700.0,18700.0,18150.0,18150.0,10654400,0.017928531503879
2024-10-25,18250.0,18300.0,18100.0,18150.0,4770300,0.006599640088663
2024-10-28,18200.0,18250.0,18100.0,18100.0,3242500,0.004956516753444
2024-10-29,18150.0,18300.0,18100.0,18150.0,3815600,0.006599640088663
2024-10-30,18200.0,18300.0,18050.0,18200.0,4299200,0.0082609446180101
2024-10-31,18200.0,18200.0,17850.0,17850.0,6931800,0.0116617490293519
2024-11-01,17850.0,17950.0,17700.0,17750.0,10571700,0.0084231563710886
2024-11-04,17800.0,17850.0,17550.0,17700.0,4921400,0.0101792471548528
2024-11-05,17600.0,17850.0,17600.0,17750.0,2633700,0.0084706792758789
2024-11-06,17900.0,18050.0,17800.0,18050.0,2971100,0.0083761637338458
2024-11-07,18200.0,18300.0,18050.0,18050.0,2770700,0.0082609446180101
2024-11-08,18150.0,18150.0,17750.0,17950.0,4487200,0.0133835333387
2024-11-11,17800.0,18000.0,17600.0,18000.0,5983800,0.0134963253766676
2024-11-12,17850.0,18200.0,17850.0,18000.0,4570800,0.0116617490293519
2024-11-13,18000.0,18200.0,17950.0,18100.0,6231800,0.0083066497759399
2024-11-14,18100.0,18650.0,18100.0,18100.0,11403800,0.0179773238997618
2024-11-15,18150.0,18500.0,18050.0,18200.0,10515600,0.0147888480679646
2024-11-18,18200.0,18500.0,18100.0,18100.0,7123800,0.0131275435386175
2024-11-19,18100.0,18250.0,17900.0,17900.0,4931300,0.0116294876770091
2024-11-20,17900.0,18150.0,17750.0,17900.0,9344600,0.0133835333387
2024-11-21,18000.0,18200.0,17950.0,18200.0,6395700,0.0083066497759399
2024-11-22,18200.0,18300.0,18100.0,18100.0,5011100,0.006599640088663
2024-11-25,18100.0,18350.0,18100.0,18250.0,4345600,0.0082382801349957
2024-11-26,18250.0,18450.0,18200.0,18300.0,4397100,0.0081933222283254
2024-11-27,18300.0,18350.0,18050.0,18100.0,3678700,0.0098995846643428
2024-11-28,18250.0,18250.0,17900.0,18000.0,5075200,0.0116294876770091
2024-11-29,17950.0,18000.0,17800.0,17900.0,7796000,0.0067102508642576
2024-12-02,17900.0,18000.0,17700.0,17850.0,7004000,0.0100937032184653
2024-12-03,17850.0,17850.0,17700.0,17700.0,4707800,0.0050680571176766
2024-12-04,17650.0,17700.0,17200.0,17300.0,10716000,0.0172092349116473
2024-12-05,17400.0,17900.0,17350.0,17850.0,6615400,0.0187424380548711
2024-12-06,17750.0,17900.0,17650.0,17700.0,6189500,0.0084468509806495
2024-12-09,17700.0,17850.0,17700.0,17700.0,4682100,0.0050680571176766
2024-12-10,17700.0,17800.0,17500.0,17550.0,4540800,0.0102080849356748
2024-12-11,17600.0,17650.0,17350.0,17350.0,8251600,0.0102955870742216
2024-12-12,17500.0,17500.0,17300.0,17300.0,4406000,0.0069030783516722
2024-12-13,17300.0,17400.0,17200.0,17350.0,3566800,0.0069429814249663
2024-12-16,17350.0,17450.0,17200.0,17300.0,3468400,0.0086662572254347
2024-12-17,17300.0,17350.0,17100.0,17150.0,5731600,0.0087165710751825
2024-12-18,17150.0,17200.0,17100.0,17100.0,4496000,0.0035018245245708
2024-12-19,17050.0,17250.0,16950.0,17050.0,6408800,0.0105364317341979
2024-12-20,17050.0,17150.0,17000.0,17050.0,3568200,0.00527582781838
2024-12-23,17150.0,17200.0,17000.0,17050.0,4976400,0.0070241877268131
2024-12-24,17050.0,17100.0,16900.0,17050.0,6940200,0.0070655074285319
2024-12-25,17050.0,17500.0,17050.0,17300.0,9435700,0.0156450260744566
2024-12-26,17350.0,17450.0,17150.0,17150.0,3726700,0.0104146171338677
2024-12-27,17200.0,17250.0,17000.0,17150.0,5865200,0.0087674725630625
2024-12-30,17050.0,17150.0,17000.0,17150.0,5681900,0.00527582781838
2024-12-31,17050.0,17300.0,17050.0,17150.0,4645500,0.0087419477227844
2025-01-02,17200.0,17450.0,17200.0,17300.0,6915200,0.0086662572254347
2025-01-03,17350.0,17450.0,17150.0,17200.0,2701100,0.0104146171338677
2025-01-06,17200.0,17250.0,17000.0,17150.0,4480900,0.0087674725630625
2025-01-07,17050.0,17150.0,16800.0,16950.0,7224500,0.0123831439562047
2025-01-08,16900.0,16950.0,16800.0,16950.0,3265700,0.0053383569666893
2025-01-09,16900.0,17150.0,16800.0,17000.0,3344000,0.0123831439562047
2025-01-10,17000.0,17050.0,16650.0,16850.0,8897000,0.0142573153670133
2025-01-13,16800.0,16850.0,16500.0,16700.0,4774200,0.0126059453701469
2025-01-14,16650.0,16650.0,16100.0,16100.0,6583700,0.0201734180472113
2025-01-15,16200.0,16500.0,16100.0,16500.0,8227500,0.0147384379278089
2025-01-16,16200.0,16500.0,16100.0,16500.0,8227500,0.0147384379278089
2025-01-17,16500.0,16600.0,16450.0,16550.0,4432800,0.0054514250653746
2025-01-20,16500.0,16850.0,16500.0,16600.0,6900600,0.0126059453701469
2025-01-21,16750.0,16750.0,16500.0,16600.0,3529400,0.009031165741566
2025-01-22,16600.0,16600.0,16300.0,16300.0,3206000,0.0109527875441232
2025-01-23,16200.0,16500.0,16200.0,16450.0,4626700,0.0110197808181504
2025-01-24,16450.0,16650.0,16300.0,16550.0,5325000,0.0127589880165303
2025-01-27,16550.0,16550.0,16550.0,16550.0,0,0.0
2025-01-28,16550.0,16550.0,16550.0,16550.0,0,0.0
2025-01-29,16550.0,16550.0,16550.0,16550.0,0,0.0
2025-01-30,16550.0,16550.0,16550.0,16550.0,0,0.0
2025-01-31,16550.0,16550.0,16550.0,16550.0,0,0.0
2025-02-03,16500.0,16500.0,16150.0,16300.0,6103500,0.0128762311508045
2025-02-04,16300.0,16400.0,16200.0,16300.0,4430300,0.0073689415849564
2025-02-05,16350.0,17100.0,16350.0,16850.0,13551200,0.0269355100339816
2025-02-06,16900.0,16900.0,16700.0,16700.0,3805000,0.0071496225873785
2025-02-07,16650.0,16900.0,16600.0,16850.0,6185200,0.010756607630594
2025-02-10,16700.0,16750.0,16550.0,16600.0,5381200,0.0072140351437727
2025-02-11,16600.0,16600.0,16300.0,16400.0,6501700,0.0109527875441232
2025-02-12,16550.0,16600.0,16400.0,16400.0,2712700,0.0072796188801895
2025-02-13,16400.0,16700.0,16400.0,16650.0,4323500,0.010886603923405
2025-02-14,16700.0,16800.0,16550.0,16600.0,5337400,0.0090040847682612
2025-02-17,16600.0,16700.0,16400.0,16450.0,6732800,0.010886603923405
2025-02-18,16500.0,17050.0,16450.0,16850.0,10881800,0.0215149409047949
2025-02-19,16900.0,17300.0,16800.0,17200.0,11283100,0.0176130278431458
2025-02-20,17250.0,17450.0,17250.0,17350.0,10812700,0.0069229723891853
2025-02-21,17350.0,17400.0,17100.0,17250.0,8867700,0.0104448059495372
2025-02-24,17200.0,17350.0,17100.0,17350.0,7296500,0.0087165710751825
2025-02-25,17400.0,17500.0,17250.0,17250.0,5837200,0.0086413174939308
2025-02-26,17250.0,17350.0,17000.0,17150.0,5280100,0.0122389342774248
2025-02-27,17150.0,17200.0,16900.0,17200.0,8005700,0.0105673319531028
2025-02-28,17250.0,17650.0,17200.0,17400.0,11416300,0.0155103336248332
2025-03-03,17350.0,17950.0,17350.0,17700.0,12108200,0.0204176447321243
2025-03-04,17600.0,17800.0,17550.0,17700.0,11254500,0.0084946423913839
2025-03-05,17700.0,18050.0,17600.0,17750.0,12706900,0.0151622382462558
2025-03-06,17750.0,17950.0,17650.0,17850.0,7172100,0.0101220576579028
2025-03-07,17850.0,18500.0,17800.0,18200.0,16865500,0.0231650118018105
2025-03-10,18350.0,18450.0,18200.0,18250.0,8696300,0.0081933222283254
2025-03-11,17900.0,18250.0,17700.0,18200.0,8111000,0.0183774373708446
2025-03-12,18200.0,18450.0,18150.0,18300.0,11789600,0.0098454861434736
2025-03-13,18300.0,19200.0,18250.0,18800.0,29808500,0.0304755978317579
2025-03-14,18900.0,19100.0,18700.0,18750.0,11422100,0.0127107645002487
2025-03-17,18650.0,18800.0,18600.0,18700.0,9392000,0.0064231757132879
2025-03-18,18700.0,18800.0,18400.0,18450.0,12489700,0.0129157925094298
2025-03-19,18350.0,18500.0,18100.0,18450.0,11508000,0.0131275435386175
2025-03-20,18500.0,18750.0,18300.0,18400.0,3614700,0.0145892487072196
2025-03-21,18400.0,18500.0,18150.0,18450.0,9853900,0.0114708219241377
2025-03-24,18450.0,19200.0,18400.0,19150.0,19774400,0.0255596532938633
2025-03-25,19200.0,20300.0,19100.0,19800.0,30908400,0.0365937262124033
2025-03-26,19950.0,20150.0,19750.0,19950.0,22377500,0.0120417308227263
2025-03-27,19950.0,20050.0,19600.0,19650.0,9652800,0.0136324916179024
2025-03-28,19600.0,19650.0,19350.0,19500.0,9353000,0.0092395853877297
2025-03-31,19300.0,19450.0,19050.0,19150.0,11536000,0.0124796429046559
2025-04-01,19350.0,20100.0,19250.0,20000.0,16455600,0.0259495015414985
2025-04-02,20200.0,20550.0,19900.0,20150.0,22985300,0.0193027633148914
2025-04-03,19300.0,19600.0,18750.0,18750.0,18588500,0.0266263697455239
2025-04-04,17450.0,18800.0,17450.0,18800.0,27118700,0.0447521521043817
2025-04-08,18000.0,18150.0,17500.0,17500.0,20763200,0.0219022748133476
2025-04-09,16500.0,18350.0,16500.0,18000.0,24614200,0.063821154894736
2025-04-10,19250.0,19250.0,19250.0,19250.0,1890900,0.0
2025-04-11,19100.0,19600.0,18850.0,19400.0,16425100,0.0234318877221745
2025-04-14,19500.0,20350.0,19250.0,20300.0,18452000,0.0333730967374854
2025-04-15,20300.0,20700.0,19950.0,20300.0,19239000,0.0221634451607527
2025-04-16,20200.0,21100.0,20150.0,20400.0,19670700,0.0276671052396601
2025-04-17,20250.0,20600.0,20100.0,20400.0,9657700,0.0147565459377722
2025-04-18,20450.0,21000.0,19550.0,20400.0,18997200,0.0429684433508567
2025-04-21,20050.0,20650.0,20050.0,20400.0,13359200,0.0177082471583827
2025-04-22,20350.0,20600.0,19300.0,20600.0,19583700,0.0391481705891052
2025-04-23,20950.0,22000.0,20700.0,21950.0,26859000,0.0365794341120137
2025-04-24,22000.0,23100.0,21800.0,22800.0,16543000,0.0347860950839975
2025-04-25,22800.0,22850.0,22300.0,22800.0,18916200,0.0146323367546189
2025-04-28,22800.0,23500.0,22550.0,23100.0,14336300,0.0247823714194826
2025-04-29,22900.0,23950.0,22200.0,23650.0,19406900,0.0455682029513848
2025-04-30,23650.0,23650.0,23650.0,23650.0,0,0.0
2025-05-01,23650.0,23650.0,23650.0,23650.0,0,0.0
2025-05-02,23650.0,23650.0,23650.0,23650.0,0,0.0
2025-05-05,23650.0,23650.0,23650.0,23650.0,0,0.0
2025-05-06,23550.0,24900.0,23450.0,24900.0,13894100,0.0360320559001799
2025-05-07,24950.0,24950.0,24400.0,24900.0,14299500,0.0133869235721218
2025-05-08,24850.0,24950.0,24550.0,24900.0,10299900,0.0097062509416195
2025-05-09,24800.0,25600.0,24650.0,25000.0,8070800,0.0227104927953217
2025-05-12,25000.0,25000.0,25000.0,25000.0,0,0.0
2025-05-13,25000.0,25600.0,24850.0,25500.0,6970400,0.017857446553285
2025-05-14,25500.0,25500.0,24750.0,25400.0,11591700,0.017928531503879
2025-05-15,24950.0,25500.0,24350.0,24700.0,12161100,0.0277138592576006
2025-05-16,24500.0,24500.0,23000.0,24150.0,28934800,0.0379427972500681
2025-05-19,24500.0,25200.0,24250.0,24750.0,10039000,0.0230779918931989
2025-05-20,24500.0,25200.0,24250.0,24750.0,10039000,0.0230779918931989
2025-05-21,24750.0,25900.0,24700.0,25800.0,15404600,0.0284904584250598
2025-05-22,26200.0,26300.0,25350.0,25750.0,10755400,0.0220947723149166
2025-05-23,25650.0,26050.0,25100.0,25350.0,13504200,0.0223108019364515
2025-05-26,25600.0,25650.0,24500.0,25500.0,8734200,0.0275480151399994
2025-05-27,25600.0,25650.0,24500.0,25500.0,8734200,0.0275480151399994
2025-05-28,25500.0,25750.0,25250.0,25300.0,11529600,0.0117760871933133
2025-05-29,25550.0,26800.0,25350.0,26700.0,16719800,0.0334051104481139
2025-05-30,26800.0,27700.0,26800.0,27650.0,16071500,0.0198368522820092
2025-06-02,27100.0,27350.0,26250.0,26700.0,9428800,0.0246533616415115
2025-06-03,27100.0,27350.0,26250.0,26700.0,9428800,0.0246533616415115
2025-06-04,26450.0,27000.0,26100.0,26500.0,8760100,0.0203599567051463
2025-06-05,26200.0,27000.0,26200.0,26950.0,8610700,0.0180633527423829
2025-06-06,26800.0,27000.0,26400.0,27000.0,6679200,0.0134963253766676
2025-06-09,26100.0,26400.0,25550.0,25550.0,6911700,0.0196543824657035
2025-06-10,26100.0,26400.0,25550.0,25550.0,6911700,0.0196543824657035
2025-06-11,25000.0,26500.0,24950.0,26500.0,8419800,0.0361963707767109
2025-06-12,26500.0,26500.0,25450.0,26100.0,5462700,0.024280082924186
2025-06-13,26200.0,26300.0,25200.0,25200.0,4814800,0.0256589442264518
2025-06-16,24550.0,24650.0,24100.0,24500.0,4654300,0.0135516996060547
2025-06-17,24550.0,24650.0,24100.0,24500.0,4654300,0.0135516996060547
2025-06-18,24500.0,25500.0,24450.0,24550.0,4824800,0.0252525394010068
2025-06-19,24550.0,24800.0,24400.0,24650.0,2184400,0.0097654379988175
2025-06-20,24500.0,24900.0,24400.0,24700.0,3163600,0.01218218654948
2025-06-23,24300.0,25100.0,23800.0,24750.0,6222100,0.0319392053972035
2025-06-24,24300.0,25100.0,23800.0,24750.0,6222100,0.0319392053972035
2025-06-25,25100.0,25300.0,24800.0,24900.0,5022800,0.011987647593941
2025-06-26,24950.0,25250.0,24650.0,24650.0,4185200,0.0144430496872921
2025-06-27,24700.0,24800.0,24500.0,24500.0,2339400,0.007309151530211
2025-06-30,24800.0,24950.0,24550.0,24650.0,3083800,0.0097062509416195
2025-07-01,24800.0,24950.0,24550.0,24650.0,3083800,0.0097062509416195
2025-07-02,24650.0,24800.0,24450.0,24800.0,2538400,0.0085360389934608
2025-07-03,24800.0,25350.0,24600.0,25200.0,3831600,0.0180362265107835
2025-07-04,25200.0,25200.0,24750.0,25050.0,6855300,0.0108212153660543
2025-07-07,25200.0,25600.0,25100.0,25500.0,3747000,0.0118457726877225
2025-07-08,25200.0,25600.0,25100.0,25500.0,3747000,0.0118457726877225
2025-07-09,25700.0,25800.0,25350.0,25800.0,3443700,0.0105673319531028
2025-07-10,26000.0,26800.0,25750.0,26800.0,7759900,0.0240027860463651
2025-07-11,27000.0,28500.0,27000.0,28450.0,13962700,0.0324706755242718
2025-07-14,28900.0,29100.0,27950.0,28650.0,6658200,0.0242152130538745
2025-07-15,28900.0,29100.0,27950.0,28650.0,6658200,0.0242152130538745
2025-07-16,28500.0,28600.0,28050.0,28150.0,4647500,0.0116617490293519
2025-07-17,28050.0,28800.0,27950.0,28800.0,5861400,0.0179917251909362
2025-07-18,28850.0,29950.0,28500.0,29750.0,8809200,0.0298029922732922
2025-07-21,29450.0,29450.0,28800.0,29000.0,5258300,0.0134036390265502
2025-07-22,29450.0,29450.0,28800.0,29000.0,5258300,0.0134036390265502
2025-07-23,28750.0,30000.0,28500.0,30000.0,5086200,0.0308047626546835
2025-07-24,30000.0,30000.0,29250.0,29250.0,4012000,0.0152048932556414
2025-07-25,29300.0,29800.0,28450.0,29800.0,4625400,0.0278421573298076
2025-07-28,29800.0,29800.0,29100.0,29350.0,4276400,0.0142754715518652
2025-07-29,29800.0,29800.0,29100.0,29350.0,4276400,0.0142754715518652
2025-07-30,29400.0,29500.0,28000.0,28000.0,8023000,0.0313407387762852
2025-07-31,27850.0,28300.0,27000.0,28100.0,6229900,0.0282413537890762
2025-08-01,27600.0,28400.0,27550.0,28100.0,5569600,0.018249018839727
2025-08-04,28400.0,29150.0,28300.0,29100.0,4250700,0.0177724726706871
2025-08-05,28400.0,29150.0,28300.0,29100.0,4250700,0.0177724726706871
2025-08-06,29350.0,31000.0,29000.0,30950.0,12353200,0.0400522521915621
2025-08-07,30800.0,30900.0,29850.0,30100.0,4813500,0.0207622080292222
2025-08-08,30100.0,30500.0,29200.0,30500.0,6151200,0.026159229530037
2025-08-11,29650.0,29900.0,29300.0,29350.0,4094300,0.0121739547784329
2025-08-12,29650.0,29900.0,29300.0,29350.0,4094300,0.0121739547784329
2025-08-13,29350.0,29750.0,29350.0,29450.0,4346600,0.0081295482218939
2025-08-14,29450.0,29650.0,28650.0,29450.0,7518200,0.0206044635530145
2025-08-15,29500.0,30400.0,29100.0,30150.0,8269000,0.0262471876613334
2025-08-18,30200.0,30200.0,29300.0,29950.0,4719500,0.0181696239215662
2025-08-19,30200.0,30200.0,29300.0,29950.0,4719500,0.0181696239215662
2025-08-20,29500.0,29950.0,29200.0,29950.0,8363700,0.0152306016610474
2025-08-21,29900.0,30700.0,29400.0,30000.0,11045900,0.0259850703297107
2025-08-22,30000.0,30500.0,29500.0,30400.0,7598200,0.0200205607060635
2025-08-25,30100.0,30800.0,29400.0,30000.0,6458300,0.0279381166180829
2025-08-26,30100.0,30800.0,29400.0,30000.0,6458300,0.0279381166180829
2025-08-27,30200.0,31700.0,29850.0,31300.0,8904200,0.0361128508801412
2025-08-28,31250.0,31300.0,30550.0,30600.0,4508200,0.0145656582784269
2025-08-29,30600.0,30750.0,30000.0,30700.0,5267000,0.0148294251568887
2025-09-01,30700.0,30700.0,30700.0,30700.0,0,0.0
2025-09-02,30700.0,30700.0,30700.0,30700.0,0,0.0
2025-09-03,30000.0,30300.0,29900.0,30150.0,6885100,0.0079809972466572
2025-09-04,30000.0,30300.0,29900.0,30150.0,6885100,0.0079809972466572
2025-09-05,30400.0,30400.0,29900.0,30300.0,4316100,0.0099597838948212
2025-09-08,30300.0,30850.0,30250.0,30300.0,4186600,0.011795361896582
2025-09-09,30300.0,30850.0,30250.0,30300.0,4186600,0.011795361896582
2025-09-10,30300.0,30550.0,30100.0,30300.0,2922000,0.0089120363180376
2025-09-11,30450.0,30600.0,30050.0,30600.0,2722200,0.0108925875456373
2025-09-12,30600.0,31750.0,30250.0,31100.0,4984300,0.0290650848684587
2025-09-15,30750.0,31100.0,30550.0,30650.0,3038800,0.0107158937854974
2025-09-16,30750.0,31100.0,30550.0,30650.0,3038800,0.0107158937854974
2025-09-17,30950.0,31100.0,30600.0,30600.0,2795800,0.0097337820304158
2025-09-18,30550.0,30900.0,30200.0,30200.0,4134100,0.0137614152968372
2025-09-19,30050.0,31500.0,30050.0,30200.0,6786300,0.0283013776026306
2025-09-22,29600.0,29800.0,28400.0,28800.0,6309100,0.0288985537400884
2025-09-23,29600.0,29800.0,28400.0,28800.0,6309100,0.0288985537400884
2025-09-24,28500.0,28800.0,28300.0,28300.0,3505100,0.0105179781950609
2025-09-25,28300.0,29150.0,27850.0,29000.0,3542100,0.0273987710906852
2025-09-26,29000.0,29550.0,28800.0,29400.0,3095400,0.0154394416688525
2025-09-29,29100.0,30050.0,28800.0,30000.0,4493600,0.0255162083483245
2025-09-30,29100.0,30050.0,28800.0,30000.0,4493600,0.0255162083483245
2025-10-01,30400.0,32100.0,30300.0,32100.0,17459400,0.0346573767337623
2025-10-02,32500.0,34300.0,32500.0,33150.0,11521500,0.0323734107731654
2025-10-03,33200.0,33500.0,31750.0,31750.0,6929900,0.0322217382339123
2025-10-06,34500.0,35000.0,33300.0,35000.0,16082700,0.02990234144147
2025-10-07,34500.0,35000.0,33300.0,35000.0,16082700,0.02990234144147
2025-10-08,36000.0,36600.0,35000.0,35000.0,12556500,0.0268451932875308
2025-10-09,35300.0,36450.0,34150.0,36300.0,17296100,0.0391439021322784
2025-10-10,36500.0,38800.0,36100.0,38000.0,25692700,0.0433169069774874
2025-10-13,40400.0,43000.0,40350.0,43000.0,27893300,0.0382009300802227
2025-10-14,40400.0,43000.0,40350.0,43000.0,27893300,0.0382009300802227
2025-10-15,44100.0,45200.0,42700.0,42750.0,32089100,0.0341708314632284
2025-10-16,42650.0,43050.0,41050.0,41900.0,19684200,0.0285695342610335
2025-10-17,42200.0,43500.0,41000.0,43400.0,17983400,0.0355465398888526
2025-10-20,39500.0,41300.0,38150.0,38150.0,18979900,0.0476465694701998
2025-10-21,39500.0,41300.0,38150.0,38150.0,18979900,0.0476465694701998
2025-10-22,38050.0,39450.0,36550.0,38800.0,17634200,0.0458545662187398
2025-10-23,39400.0,39400.0,36350.0,39000.0,14611500,0.0483881845374214
2025-10-24,38900.0,39950.0,37600.0,39400.0,10632500,0.0364087958939618
2025-10-27,39000.0,39750.0,36100.0,36100.0,12570400,0.0578442389668429
2025-10-28,39000.0,39750.0,36100.0,36100.0,12570400,0.0578442389668429
2025-10-29,34750.0,37000.0,33600.0,36800.0,28526100,0.0578892029323034
2025-10-30,37100.0,37100.0,35050.0,35950.0,8951300,0.0341367132984527
2025-10-31,35950.0,35950.0,34100.0,34600.0,9832700,0.0317286693086235
2025-11-03,33250.0,33800.0,31350.0,31350.0,16286200,0.0451901499322731
2025-11-04,31350.0,33500.0,31350.0,33500.0,11076100,0.0398359283962496
2025-11-05,31350.0,33500.0,31350.0,33500.0,11076100,0.0398359283962496
2025-11-06,32000.0,32550.0,31800.0,32000.0,8062400,0.01399972960094
2025-11-07,31800.0,31850.0,30200.0,31350.0,14429600,0.0319471281069347
2025-11-10,31300.0,31300.0,29800.0,29800.0,8905300,0.0294933830025035
2025-11-11,29800.0,31450.0,29750.0,31050.0,10444200,0.0333730967374854
2025-11-12,31250.0,32850.0,31100.0,32800.0,8248200,0.0328770779788893
2025-11-13,32700.0,32700.0,31800.0,31950.0,5900500,0.0167609354047468
2025-11-14,31650.0,32100.0,31550.0,32100.0,5608700,0.0103791636711471
2025-11-17,32250.0,33050.0,32050.0,32200.0,7528900,0.0184518724172897
2025-11-18,32200.0,32500.0,32050.0,32350.0,5069300,0.0083735684014917
2025-11-19,32300.0,32300.0,31550.0,31600.0,6884500,0.0141093694795107
2025-11-20,31750.0,32450.0,31700.0,32000.0,5225000,0.0140433804302327
2025-11-21,31800.0,32300.0,31500.0,32200.0,5864200,0.0150618854672783
2025-11-24,32300.0,34450.0,32250.0,34450.0,26444000,0.0396316069441518
2025-11-25,35400.0,35400.0,33300.0,33400.0,12123000,0.0367269740229371
2025-11-26,33500.0,34400.0,33350.0,33850.0,7893300,0.018616671868897
2025-11-27,34100.0,34900.0,33650.0,33650.0,7224500,0.0219047331122979
2025-11-28,33650.0,34250.0,33150.0,34250.0,9244100,0.0196046287167699
2025-12-01,34600.0,35700.0,34400.0,34900.0,11792100,0.022277292029324
2025-12-02,34900.0,34900.0,33600.0,34900.0,10035200,0.0227977610900726
2025-12-03,34850.0,34850.0,33850.0,34500.0,7974700,0.0174848216910147
2025-12-04,34850.0,34850.0,33850.0,34500.0,7974700,0.0174848216910147
2025-12-05,34400.0,34900.0,33750.0,33800.0,7428400,0.0201226510794594
2025-12-08,33800.0,34050.0,32800.0,32950.0,7479300,0.0224619002190229
2025-12-09,32950.0,33400.0,31300.0,32000.0,11236500,0.0389991248419421
2025-12-10,31900.0,32000.0,30000.0,30000.0,13287200,0.0387593319841373
2025-12-11,30100.0,30700.0,29500.0,29500.0,8031400,0.0239458113095628
2025-12-12,30000.0,30050.0,27450.0,27450.0,14302200,0.0543486828448636
2025-12-15,27450.0,29350.0,27450.0,28900.0,11731800,0.0401933863686744
2025-12-16,29200.0,29600.0,28150.0,29600.0,7805400,0.0301643916634326
2025-12-17,29550.0,30800.0,28950.0,29700.0,8617800,0.0372014550939718
2025-12-18,29550.0,30800.0,28950.0,29700.0,8617800,0.0372014550939718
2025-12-19,30350.0,31800.0,30200.0,31700.0,10546100,0.0310035910638472
2025-12-22,31900.0,33000.0,31000.0,33000.0,9656000,0.0375473008878042
2025-12-23,32700.0,35000.0,32400.0,34250.0,14877500,0.0463571023790228
2025-12-24,34450.0,34750.0,33200.0,34650.0,9103700,0.0274034252389212
2025-12-25,34450.0,34750.0,33200.0,34650.0,9103700,0.0274034252389212
2025-12-26,30000.0,32000.0,30000.0,32000.0,20927400,0.0387593319841373
2025-12-29,32000.0,33950.0,31300.0,33200.0,7573400,0.0488080633807238
2025-12-30,33500.0,33600.0,32000.0,32800.0,8839700,0.0293014797561372
2025-12-31,32500.0,33800.0,32200.0,33650.0,9567900,0.0291238252053984
2026-01-01,33650.0,33650.0,33650.0,33650.0,0,0.0
2026-01-02,33650.0,33650.0,33650.0,33650.0,0,0.0
2026-01-05,33900.0,35850.0,33800.0,35600.0,13719300,0.0353627040001481
2026-01-06,36100.0,38050.0,35700.0,38050.0,21287500,0.0382860143152976
2026-01-07,38800.0,39500.0,36600.0,38550.0,11861100,0.0457942520994051
2026-01-08,38400.0,38500.0,35900.0,35900.0,16566300,0.0419918074216643
2026-01-09,35600.0,36050.0,34500.0,35000.0,15581100,0.0263931873685339
2026-01-12,34500.0,35000.0,32550.0,32600.0,25316700,0.0435831426925395
2026-01-13,32350.0,34450.0,32350.0,33550.0,10555700,0.0377722828447855
2026-01-14,33550.0,33550.0,31450.0,31800.0,16104600,0.0388190032251216
2026-01-15,31500.0,31500.0,29800.0,31450.0,16477000,0.0333186265361516
2026-01-16,31600.0,32500.0,31600.0,32000.0,9250200,0.0168655415311284
2026-01-19,32550.0,32600.0,31150.0,32000.0,8573500,0.0273243595852127
2026-01-20,31650.0,32000.0,31000.0,31150.0,10790100,0.0190670364977214
2026-01-21,31100.0,31750.0,31000.0,31250.0,6966700,0.0143567283954579
2026-01-22,31200.0,32150.0,31000.0,31850.0,7252900,0.0218755897272801
2026-01-23,32150.0,33000.0,31850.0,32400.0,7919100,0.0213020136895195
2026-01-26,32500.0,32500.0,30750.0,31000.0,6004100,0.033241119766425
2026-01-27,31000.0,31000.0,29200.0,30900.0,10746100,0.0359246675288545
2026-01-28,30450.0,30800.0,28750.0,29100.0,14010100,0.0413648076733328
2026-01-29,29850.0,30000.0,29050.0,30000.0,3830500,0.0193253979576722
2026-01-30,29900.0,30200.0,29500.0,30200.0,6955000,0.0140841577962312
2026-02-02,29800.0,29900.0,28100.0,28100.0,13210300,0.0372881869998916
2026-02-03,28500.0,29100.0,28100.0,28400.0,7761900,0.0210007832333795
2026-02-04,28500.0,28600.0,27100.0,28250.0,11640600,0.0323540277227215
2026-02-05,28050.0,29950.0,28050.0,28800.0,13569200,0.0393611972802698
2026-02-06,28300.0,29250.0,28000.0,28050.0,8635700,0.026229548739109
2026-02-09,28200.0,28200.0,27450.0,28200.0,5565300,0.0161886137121054
2026-02-10,28100.0,29550.0,27900.0,28950.0,11245800,0.034506478166574
2026-02-11,29000.0,29450.0,28800.0,29400.0,6146600,0.0134036390265502
2026-02-12,29500.0,30250.0,29200.0,29950.0,7592200,0.0212163110558539
2026-02-13,30000.0,30000.0,29100.0,29800.0,7063500,0.0182926183318796
2026-02-16,29800.0,29800.0,29800.0,29800.0,0,0.0
2026-02-17,29800.0,29800.0,29800.0,29800.0,0,0.0
2026-02-18,29800.0,29800.0,29800.0,29800.0,0,0.0
2026-02-19,29800.0,29800.0,29800.0,29800.0,0,0.0
2026-02-20,29800.0,29800.0,29800.0,29800.0,0,0.0
2026-02-23,30000.0,30100.0,29400.0,30000.0,6284400,0.0141315038646377
2026-02-24,29600.0,29700.0,29350.0,29500.0,5228100,0.0071193525179472
2026-02-25,29300.0,29500.0,28550.0,28550.0,9042700,0.0196583664333069
2026-02-26,28550.0,29850.0,28550.0,29750.0,5428900,0.0267417314971531
2026-02-27,29800.0,29800.0,29050.0,29050.0,3100400,0.0153082511776577
2026-03-02,28500.0,28750.0,27800.0,27800.0,8153700,0.0201799053758429
2026-03-03,28500.0,28750.0,27800.0,27800.0,8153700,0.0201799053758429
2026-03-04,26300.0,28000.0,25350.0,28000.0,9389800,0.0597112662674203
2026-03-05,27800.0,28600.0,27000.0,27000.0,6995600,0.0345742195466462
2026-03-06,27000.0,27000.0,26250.0,26250.0,3666200,0.0169183357999324
2026-03-09,24450.0,25000.0,24450.0,24450.0,3092300,0.013359849701863
2026-03-10,25000.0,25000.0,23500.0,24050.0,10408500,0.0371599669792516
2026-03-11,24000.0,25600.0,23900.0,25600.0,8105900,0.0412668980672045
2026-03-12,24800.0,26100.0,24800.0,25900.0,6624900,0.0306836695593256
2026-03-13,25600.0,26000.0,25250.0,25250.0,3440100,0.0175786560472061
2026-03-16,25250.0,25900.0,25100.0,25900.0,4825600,0.0188426813972752
2026-03-17,26000.0,26900.0,25900.0,26450.0,5159000,0.0227512510258174
2026-03-18,26500.0,26950.0,26100.0,26100.0,3490200,0.0192467752846834
2026-03-19,26000.0,26100.0,25350.0,26050.0,5186300,0.017510313378069
2026-03-20,25650.0,26150.0,24800.0,26150.0,8424800,0.0318330693444177
2026-03-23,25550.0,25550.0,24500.0,25350.0,5054500,0.0252020699523118
2026-03-24,25150.0,25650.0,25150.0,25300.0,2727600,0.0118224527299516
2026-03-25,25450.0,26450.0,25400.0,26350.0,5258800,0.0243269232654245
2026-03-26,26200.0,26300.0,25550.0,25550.0,2053900,0.0173752100740724
2026-03-27,25550.0,26050.0,25300.0,25750.0,3502600,0.0175444181525096
2026-03-30,25000.0,25700.0,25000.0,25650.0,2525500,0.0165845979728425
2026-03-31,25700.0,25850.0,25450.0,25750.0,2502700,0.0093656666775415
2026-04-01,26800.0,27550.0,26700.0,27550.0,10207100,0.018820969683383
2026-04-02,28000.0,28300.0,27200.0,27200.0,6533700,0.0238091476618649
2026-04-03,27000.0,28250.0,26350.0,26500.0,6426300,0.0418141835214041
2026-04-06,26300.0,27000.0,25650.0,25750.0,3943800,0.0308047626546835
2026-04-07,25750.0,26350.0,25500.0,25800.0,2820600,0.0196922954864159
2026-04-08,26800.0,27600.0,26500.0,27600.0,7005000,0.0244254486047306
2026-04-09,27500.0,28050.0,27200.0,27600.0,5733600,0.0184802643900828
2026-04-10,27850.0,28000.0,27050.0,27500.0,4603300,0.0207298743050113
2026-04-13,27000.0,28050.0,26900.0,27550.0,3915100,0.0251409005486743
2026-04-14,27850.0,28050.0,27600.0,27900.0,3851100,0.0097127918270202
2026-04-15,28300.0,29700.0,28250.0,29300.0,14406500,0.0300602432233259
2026-04-16,29500.0,30650.0,29000.0,29600.0,16443400,0.0332331547108955
2026-04-17,29200.0,30000.0,28550.0,28600.0,7239000,0.0297520696517723
2026-04-20,28600.0,29500.0,28150.0,29450.0,6682700,0.0281320337022323
2026-04-21,29600.0,30300.0,29200.0,29300.0,10605500,0.0222081547237284
2026-04-22,29350.0,30500.0,28700.0,29950.0,9081900,0.0365318743254599
2026-04-23,30300.0,30450.0,29050.0,29050.0,10079200,0.0282669210086631
2026-04-24,29550.0,29750.0,28700.0,28800.0,4957500,0.021579370737073
2026-04-27,28800.0,28800.0,28800.0,28800.0,0,0.0
2026-04-28,28800.0,30800.0,28750.0,30800.0,16458400,0.0413648076733328
2026-04-29,31500.0,32800.0,31200.0,32300.0,16939100,0.0300343184125303
2026-04-30,32300.0,32300.0,32300.0,32300.0,0,0.0
2026-05-01,32300.0,32300.0,32300.0,32300.0,0,0.0
2026-05-04,32700.0,33800.0,32550.0,33700.0,10352200,0.0226312084092566
2026-05-05,33050.0,35600.0,32650.0,35200.0,15997900,0.0519490139002786
2026-05-06,35600.0,36600.0,34500.0,36600.0,10445000,0.0354865107814616
2026-05-07,36900.0,37500.0,35200.0,36500.0,12839000,0.0380124315714857
2026-05-08,36300.0,36500.0,35350.0,35900.0,8119600,0.019226287271022
2026-05-11,35950.0,37200.0,33600.0,33600.0,11671900,0.0611267374811664
2026-05-12,33300.0,35600.0,33200.0,35450.0,12470600,0.0419166268495518
2026-05-13,35900.0,35900.0,33000.0,33000.0,14370000,0.0505851105134283
2026-05-14,33300.0,34600.0,32950.0,34150.0,7067600,0.0293448744744908
2026-05-15,34200.0,34500.0,33100.0,34000.0,5675800,0.0248788734691484
2026-05-18,33650.0,34200.0,32500.0,33100.0,8326000,0.0306199461570277
2026-05-19,33150.0,34000.0,32550.0,33500.0,8829500,0.0261743526355461
2026-05-20,33500.0,34150.0,32050.0,33500.0,7397400,0.0381148586528571
2026-05-21,33650.0,34000.0,32700.0,32800.0,4956200,0.0234131468317393
2026-05-22,32800.0,32800.0,31350.0,31700.0,7363200,0.0271539234214895
2026-05-25,32000.0,33100.0,31950.0,32800.0,4609600,0.0212365057412285
2026-05-26,32800.0,32900.0,32200.0,32700.0,2920100,0.0129157925094298
2026-05-27,32500.0,32600.0,31100.0,31250.0,6536400,0.0282891167475326
2026-05-28,31300.0,32800.0,31150.0,32250.0,6400700,0.0309975282491465
2026-05-29,32250.0,32450.0,31700.0,32250.0,3625300,0.0140433804302327
2026-06-01,32200.0,32200.0,31100.0,31200.0,3426500,0.0208746867168515
2026-06-02,31250.0,31850.0,30650.0,31000.0,4196500,0.0230643846789514
2026-06-03,31000.0,31100.0,29400.0,30050.0,6191400,0.033759433968173
2026-06-04,30350.0,31550.0,29950.0,31100.0,3978600,0.0312557661252961
2026-06-05,31150.0,31650.0,30850.0,31200.0,4324400,0.0153752065604373
2026-06-08,30900.0,30900.0,29600.0,29600.0,4741600,0.0258132151318681
2026-06-09,29750.0,30100.0,28900.0,29100.0,3303700,0.0244329777838065
2026-06-10,29300.0,29700.0,29100.0,29650.0,2052800,0.0122567765271444
2026-06-11,29450.0,29450.0,29100.0,29150.0,1916700,0.0071801511636119
2026-06-12,29450.0,29600.0,28600.0,28600.0,4237800,0.020639873375044
2026-06-15,29000.0,29250.0,28200.0,28550.0,5074300,0.02195507372361
2026-06-16,28600.0,29050.0,28600.0,28650.0,3292100,0.009375820674637
2026-06-17,28600.0,28600.0,27550.0,28150.0,9495300,0.0224635007275208
2026-06-18,28900.0,30100.0,28800.0,30100.0,8609200,0.0265146478208425
2026-06-19,30750.0,30750.0,29250.0,29350.0,6324123,0.0300343184125303
