{
  "model": "Parallel LSTM-GNN (knn graph)",
  "timestamp": "2026-06-27_123106",
  "architecture": "Parallel (LSTM temporal + GNN spatial) -> Concatenation fusion",
  "graph_method": "knn",
  "config": {
    "num_stocks": 30,
    "learning_rate": 0.001,
    "batch_size": 11,
    "num_epochs_trained": 31,
    "best_epoch": 18,
    "patience": 15,
    "weight_decay": 1e-05
  },
  "training_summary": {
    "num_epochs_trained": 31,
    "best_epoch": 18,
    "best_val_loss": 5.896320544707123e-06,
    "total_time_minutes": 16.66292716662089
  },
  "test_metrics": {
    "mse": 7.023107173154131e-06,
    "rmse": 0.002650114558496317,
    "mae": 0.0007091559818945825,
    "r2": 0.7126072645187378,
    "qlike": 0.5483241081237793,
    "directional_accuracy": 68.66781017724414
  }
}