{
  "model": "Parallel LSTM-GNN (knn graph)",
  "timestamp": "2026-06-22_190409",
  "architecture": "Parallel (LSTM temporal + GNN spatial) -> Concatenation fusion",
  "graph_method": "knn",
  "config": {
    "num_stocks": 30,
    "learning_rate": 0.005,
    "batch_size": 11,
    "num_epochs_trained": 35,
    "best_epoch": 11,
    "patience": 15,
    "weight_decay": 1e-05
  },
  "training_summary": {
    "num_epochs_trained": 35,
    "best_epoch": 11,
    "best_val_loss": 136117.78697054784,
    "total_time_minutes": 24.275128026803333
  },
  "test_metrics": {
    "mse": 6.987038887018571e-06,
    "rmse": 0.0026433007560659025,
    "mae": 0.0007174641359597445,
    "r2": 0.714083194732666,
    "qlike": 0.562704861164093,
    "directional_accuracy": 67.82923575376407
  }
}