{
  "model": "Parallel LSTM-GNN (knn graph)",
  "timestamp": "2026-06-21_224725",
  "architecture": "Parallel (LSTM temporal + GNN spatial) -> Concatenation fusion",
  "graph_method": "knn",
  "config": {
    "num_stocks": 30,
    "learning_rate": 0.005,
    "batch_size": 11,
    "num_epochs_trained": 5,
    "best_epoch": 1,
    "patience": 3,
    "weight_decay": 1e-05
  },
  "training_summary": {
    "num_epochs_trained": 5,
    "best_epoch": 1,
    "best_val_loss": 121213.86666881687,
    "total_time_minutes": 13.354150263468425
  },
  "test_metrics": {
    "mse": 7.121772796381265e-06,
    "rmse": 0.0026686649839163523,
    "mae": 0.0007317016134038568,
    "r2": 0.7069256007671356,
    "qlike": 1.4389724731445312,
    "directional_accuracy": 67.87564766839378
  }
}