date,parkinson_variance
2008-03-11,0.00023594369791864149
2008-03-12,0.0006590589528523664
2008-03-13,0.0006263509662879356
2008-03-14,0.00022780005236045065
2008-03-17,0.0004119373607190181
2008-03-18,3.100437253420418e-05
2008-03-19,0.00044126148707419004
2008-03-20,0.0004571120134347169
2008-03-21,0.000491878247539567
2008-03-24,3.53073257895717e-05
2008-03-25,3.3569930453385465e-05
2008-03-26,0.0003209646347941182
2008-03-27,3.6694337470775023e-05
2008-03-28,0.0
2008-03-31,0.0
2008-04-01,0.0
2008-04-02,0.0
2008-04-03,0.0
2008-04-04,0.0
2008-04-07,0.0
2008-04-08,2.6261625597338434e-05
2008-04-09,2.535495239473747e-05
2008-04-10,0.00011036997843532274
2008-04-11,0.0
2008-04-16,0.0
2008-04-17,0.0004828655806977905
2008-04-18,2.6261625597338434e-05
2008-04-21,2.535495239473747e-05
2008-04-22,0.00010839461776760753
2008-04-23,2.535495239473747e-05
2008-04-24,0.00011225299453290635
2008-04-25,0.00011225299453290635
2008-04-28,0.0002443069503447102
2008-04-29,0.0
2008-05-05,2.3676993832163102e-05
2008-05-06,2.7927744612964636e-05
2008-05-07,2.8900337960226103e-05
2008-05-08,9.835104183882419e-06
2008-05-09,0.0
2008-05-12,0.0
2008-05-13,0.0
2008-05-14,0.0
2008-05-15,0.0
2008-05-16,1.2068480231123585e-05
2008-05-19,0.0
2008-05-20,0.0
2008-05-21,0.0
2008-05-22,0.0
2008-05-23,0.0
2008-05-26,1.9169960813605217e-05
2008-05-30,0.0
2008-06-02,0.0
2008-06-03,0.0
2008-06-04,0.0
2008-06-05,0.0
2008-06-06,0.0
2008-06-09,0.0
2008-06-10,0.0
2008-06-11,7.771719431729655e-05
2008-06-12,0.00033585883604992766
2008-06-13,0.0
2008-06-16,1.817399217747455e-05
2008-06-17,0.0
2008-06-18,0.00029832998544265565
2008-06-19,2.4035169751972074e-05
2008-06-20,0.0
2008-06-23,1.9286958599220647e-05
2008-06-24,0.0
2008-06-25,0.0
2008-06-26,0.0002857419910479041
2008-06-27,0.0002703100813384458
2008-06-30,0.0
2008-07-01,0.0
2008-07-02,0.0
2008-07-03,0.0
2008-07-04,0.0
2008-07-07,0.0012914091621559582
2008-07-08,0.0007610997972022169
2008-07-09,4.087377543408845e-05
2008-07-10,0.0
2008-07-11,0.0
2008-07-14,0.0
2008-07-15,0.0
2008-07-16,0.0007186281794663604
2008-07-17,2.984206162696535e-05
2008-07-18,0.0001305629700064803
2008-07-21,0.0
2008-07-22,0.0
2008-07-23,0.0
2008-07-24,0.0
2008-07-25,0.0
2008-07-28,0.0011130180856134353
2008-07-29,0.0
2008-07-30,0.0006442596631014033
2008-07-31,0.0005995550042707127
2008-08-01,0.0003406809242362666
2008-08-04,9.42470421642267e-06
2008-08-05,1.2586853441438925e-05
2008-08-06,0.0
2008-08-07,0.00024243343769953855
2008-08-08,0.00015625765148858615
2008-08-11,0.0
2008-08-12,0.00014401713696483693
2008-08-13,0.00022339643876230101
2008-08-14,0.0003146326436919567
2008-08-15,0.0
2008-08-18,0.0
2008-08-19,0.0013583506089910795
2008-08-20,0.001033912350666228
2008-08-21,0.0002464820411967282
2008-08-22,0.00010167559807160306
2008-08-25,0.0
2008-08-26,0.00034088409390636165
2008-08-27,0.0008037894223029109
2008-08-28,0.0
2008-08-29,0.0
2008-09-03,0.0013583506089910795
2008-09-04,0.0007283878205725058
2008-09-05,0.0007283878205725058
2008-09-08,3.566821191226837e-05
2008-09-09,0.0008804460409616069
2008-09-10,0.0015853460706969256
2008-09-11,0.0004496539297171723
2008-09-12,1.2586853441438925e-05
2008-09-15,0.001775320621998509
2008-09-16,0.0003064408528449666
2008-09-17,5.61501133055043e-05
2008-09-18,6.201257897685463e-05
2008-09-19,0.0
2008-09-22,0.0
2008-09-23,0.0007526927996591504
2008-09-24,0.000870013633038634
2008-09-25,0.0005170788405434401
2008-09-26,0.0003339275572758872
2008-09-29,0.0005648376937830117
2008-09-30,0.0
2008-10-01,0.0016486910895005256
2008-10-02,0.0014071317824641209
2008-10-03,0.0005287512088923127
2008-10-06,0.00010612036490731504
2008-10-07,1.2068480231123585e-05
2008-10-08,0.00012677510136579985
2008-10-09,0.002682121447212022
2008-10-10,0.0
2008-10-13,0.00037137131897595145
2008-10-14,0.0
2008-10-15,0.00031316894219639676
2008-10-16,0.0008264940483398009
2008-10-17,0.00010988886495174674
2008-10-20,0.0006913174206297849
2008-10-21,5.096530424427591e-05
2008-10-22,0.0008573084740779419
2008-10-23,5.3559413090955485e-05
2008-10-24,0.00014211068746527
2008-10-27,7.269021175261094e-05
2008-10-28,0.0034384006045738006
2008-10-29,1.5357363477479217e-05
2008-10-30,0.0007657248232464633
2008-10-31,0.0001316659672933001
2008-11-03,0.0009636347865359839
2008-11-04,0.0014066183360448784
2008-11-05,5.10813247985183e-05
2008-11-06,0.0017532918872372194
2008-11-07,0.00021958309990880196
2008-11-10,0.0005153058488820253
2008-11-11,0.00014602629790205733
2008-11-12,6.620152644669431e-05
2008-11-13,0.0018338324916576559
2008-11-14,0.0008181635567969615
2008-11-17,1.666268329740985e-05
2008-11-18,0.00028968204268832757
2008-11-19,0.0009274800800003139
2008-11-20,0.0003112137145246914
2008-11-21,0.0007178779880691266
2008-11-24,0.0007178779880691266
2008-11-25,0.0005082237316706466
2008-11-26,0.00018280754869915875
2008-11-27,0.001578463376096084
2008-11-28,0.0002776318257840564
2008-12-01,0.00029370415661970553
2008-12-02,0.0003068279256824927
2008-12-03,0.00018373553470120532
2008-12-04,0.0007016239676295369
2008-12-05,8.02786095906838e-05
2008-12-08,0.001056247988209099
2008-12-09,0.0013667278381874525
2008-12-10,0.0004939927045817723
2008-12-11,0.0003164113851090366
2008-12-12,0.00029846768989829026
2008-12-15,0.00044562212144905503
2008-12-16,0.0003072431347699594
2008-12-17,0.0003072431347699594
2008-12-18,0.00048108982086518016
2008-12-19,0.00048108982086518016
2008-12-22,2.0170256690971445e-05
2008-12-23,0.0008842788674297366
2008-12-24,0.00044778108926710365
2008-12-25,0.0006324190570518531
2008-12-26,0.0005907905392337785
2008-12-29,0.0003662513029659711
2008-12-30,0.00034846812679391163
2008-12-31,0.0019414893773269382
2009-01-02,5.34492033796461e-05
2009-01-05,0.0
2009-01-06,0.00040679342594973156
2009-01-07,6.0694665224126684e-05
2009-01-08,0.00024597998811311196
2009-01-09,6.230057099330407e-05
2009-01-12,6.31766875970244e-05
2009-01-13,1.7817385501229838e-05
2009-01-14,6.397106634509724e-05
2009-01-15,0.00014509054643944362
2009-01-16,0.00014509054643944362
2009-01-19,6.75201107251092e-05
2009-01-20,1.932619596237817e-05
2009-01-21,7.043723500296184e-05
2009-01-22,7.149117889867087e-05
2009-01-23,0.0001635545905094285
2009-02-02,7.149117889867087e-05
2009-02-03,1.6164488069622806e-05
2009-02-04,1.6164488069622806e-05
2009-02-05,7.454612132425015e-05
2009-02-06,7.569398906326352e-05
2009-02-09,0.00017571382190898846
2009-02-10,2.1692701005918395e-05
2009-02-11,8.02786095906838e-05
2009-02-12,8.02786095906838e-05
2009-02-13,8.407150450936629e-05
2009-02-16,9.570931524687601e-05
2009-02-17,0.0003697409441356831
2009-02-18,0.00010372046204594797
2009-02-19,0.0006813285381400144
2009-02-20,0.0007186082836182398
2009-02-23,3.261105692115546e-05
2009-02-24,3.578907180636917e-05
2009-02-25,0.0007873391761623292
2009-02-26,0.00029838999874214685
2009-02-27,0.0005058272117114195
2009-03-02,0.00027714763959383004
2009-03-03,0.0
2009-03-04,0.0002931773404979828
2009-03-05,0.0007873391761623292
2009-03-06,0.0001288356076288589
2009-03-09,3.578907180636917e-05
2009-03-10,0.0007873391761623292
2009-03-11,0.0002874747287327975
2009-03-12,0.00012410016431720696
2009-03-13,3.508656573200644e-05
2009-03-16,0.00012410016431720696
2009-03-17,3.1470413130110215e-05
2009-03-18,0.0
2009-03-19,0.001238984099477099
2009-03-20,0.0009338422493930838
2009-03-23,0.00026239758474063703
2009-03-24,0.00046344600365358336
2009-03-25,0.0006177389755313493
2009-03-26,0.0005864721928713413
2009-03-27,0.001143225825924225
2009-03-30,0.0009232520109799805
2009-03-31,0.0002448213517053422
2009-04-01,0.0004016100815097039
2009-04-02,0.0005964999405566166
2009-04-03,2.302193347143361e-05
2009-04-07,0.001266201006908782
2009-04-08,0.0012294962735008778
2009-04-09,0.0005341504305433658
2009-04-10,2.1692701005918395e-05
2009-04-13,7.149117889867087e-05
2009-04-14,0.0008842788674297366
2009-04-15,0.00029846768989829026
2009-04-16,0.0003208845760462844
2009-04-17,0.001950079677762695
2009-04-20,0.0
2009-04-21,0.0
2009-04-22,0.0005341504305433658
2009-04-23,0.0003164113851090366
2009-04-24,0.0003675421239650554
2009-04-27,2.302193347143361e-05
2009-04-28,0.0005418830727725459
2009-04-29,0.0007016239676295369
2009-05-04,0.0
2009-05-05,1.3892854104648535e-05
2009-05-06,0.00082469826449859
2009-05-07,6.397106634509724e-05
2009-05-08,0.0010986662547125927
2009-05-11,0.00015070139204781768
2009-05-12,0.0004040236182296363
2009-05-13,0.00026307144735188034
2009-05-14,0.0006167374926456158
2009-05-15,6.570966205644283e-05
2009-05-18,0.00014509054643944362
2009-05-19,0.002517768329016092
2009-05-20,0.000298597612877245
2009-05-21,0.0002778791542846989
2009-05-22,7.354757380413755e-05
2009-05-25,0.000298597612877245
2009-05-26,0.0008599750354868314
2009-05-27,0.000270323273508777
2009-05-28,0.0005608343112861661
2009-05-29,0.0003932944607335511
2009-06-01,0.00040679342594973156
2009-06-02,0.0009590366803232587
2009-06-03,0.00039620160728984303
2009-06-04,0.00024120289743258656
2009-06-05,0.0
2009-06-08,0.0
2009-06-09,4.242343255494031e-05
2009-06-10,1.2923950777746443e-05
2009-06-11,0.0001042958920926147
2009-06-12,0.0011878087385699876
2009-06-15,0.0
2009-06-16,0.0
2009-06-17,0.002989421100950711
2009-06-18,0.00089233062540248
2009-06-19,0.0005324669912775115
2009-06-22,0.0018445431275482527
2009-06-23,0.0007817503434625771
2009-06-24,5.549648129443864e-05
2009-06-25,0.0017019425432840119
2009-06-26,0.0015683604175678516
2009-06-29,0.000196693090515784
2009-06-30,0.0008451802067528092
2009-07-01,1.2209322783264106e-05
2009-07-02,0.0007320748699200764
2009-07-03,0.000386018164869878
2009-07-06,0.0003619465287272675
2009-07-07,0.0009223014052611944
2009-07-08,0.00039620160728984303
2009-07-09,0.0005463745850417468
2009-07-10,1.3892854104648535e-05
2009-07-13,0.00025934980182965603
2009-07-14,0.00014509054643944362
2009-07-15,0.00026307144735188034
2009-07-16,0.00014675228069263707
2009-07-17,1.7817385501229838e-05
2009-07-20,0.00014509054643944362
2009-07-21,6.397106634509724e-05
2009-07-22,6.230057099330407e-05
2009-07-23,0.00014472411488660445
2009-07-24,0.0
2009-07-27,0.0008451802067528092
2009-07-28,0.00034846812679391163
2009-07-29,0.0001289679298786886
2009-07-30,0.00024120289743258656
2009-07-31,0.00013221728573359925
2009-08-03,0.00013398748433134626
2009-08-04,0.00013221728573359925
2009-08-05,5.6899347880644964e-05
2009-08-06,6.299672684319715e-05
2009-08-07,6.299672684319715e-05
2009-08-10,0.00035304723802670777
2009-08-11,5.34492033796461e-05
2009-08-12,0.0001149347628590398
2009-08-13,0.00020621230256593717
2009-08-14,0.0001149347628590398
2009-08-17,0.00021396586004903816
2009-08-18,0.00011777683348118617
2009-08-19,0.0004585336267118083
2009-08-20,0.00044413393022174093
2009-08-21,4.242343255494031e-05
2009-08-24,0.0004930363580234524
2009-08-25,0.0006622533471384072
2009-08-26,0.00035422889982282947
2009-08-27,0.0001668176961466398
2009-08-28,4.018824093525001e-05
2009-08-31,0.0002530449377530139
2009-09-01,9.34834971877426e-05
2009-09-03,9.45342391458713e-05
2009-09-04,0.0003737191984423447
2009-09-07,0.0005555377257349658
2009-09-08,9.024510931578487e-05
2009-09-09,0.00036950891020859274
2009-09-10,8.833454138678977e-05
2009-09-11,8.205479369540863e-05
2009-09-14,8.966809168502982e-05
2009-09-15,8.376428883906376e-05
2009-09-16,0.0005917656181691872
2009-09-17,0.0017187896031964933
2009-09-18,3.6604305669299426e-05
2009-09-21,8.51682292932488e-05
2009-09-22,0.00015833956672066442
2009-09-23,0.00014791106785657995
2009-09-24,8.205479369540863e-05
2009-09-25,9.256414202587559e-05
2009-09-28,0.00025842936482979383
2009-09-29,0.0009842556128961885
2009-09-30,0.00015260097161458146
2009-10-01,8.376428883906376e-05
2009-10-02,0.00027007033629841053
2009-10-05,0.0001678779453853423
2009-10-06,9.34834971877426e-05
2009-10-07,0.00015408895148368755
2009-10-08,8.376428883906376e-05
2009-10-09,3.8125157198165494e-05
2009-10-12,8.205479369540863e-05
2009-10-13,3.8125157198165494e-05
2009-10-14,3.8125157198165494e-05
2009-10-15,0.0005799586847174705
2009-10-16,8.784739325867426e-05
2009-10-19,3.8125157198165494e-05
2009-10-20,0.00015260097161458146
2009-10-21,0.00024015355314209815
2009-10-22,0.00015095261340347142
2009-10-23,3.8125157198165494e-05
2009-10-26,0.0006232909885190761
2009-10-27,9.866791731073472e-05
2009-10-28,0.0001624725375317618
2009-10-29,0.0002760103673831829
2009-10-30,9.024510931578487e-05
2009-11-02,1.0097014166992137e-05
2009-11-03,0.0007911725415055253
2009-11-04,0.001244414151673502
2009-11-05,0.00030553276687099863
2009-11-06,0.000588753622172006
2009-11-09,0.00021927436057549577
2009-11-10,0.000696073863085173
2009-11-11,0.00023525549019620814
2009-11-12,0.0006387136026817396
2009-11-13,0.00011840804315179545
2009-11-16,0.00021593261555627282
2009-11-17,0.0006018582665877116
2009-11-18,0.0011613043747132211
2009-11-19,0.0006716681067801451
2009-11-20,0.0001624725375317618
2009-11-23,0.0005433843293282501
2009-11-24,0.000574929319953172
2009-11-25,0.0009907306793604063
2009-11-26,0.00021927436057549577
2009-11-27,0.0027346205093803483
2009-11-30,0.00044413393022174093
2009-12-01,0.0002721778490621323
2009-12-02,0.0005881626670759444
2009-12-03,0.0004423058469270921
2009-12-04,0.0007869869679899758
2009-12-07,0.0003018147517745636
2009-12-08,0.00032777338261651265
2009-12-09,0.0003400583739991572
2009-12-10,0.00021643968066875966
2009-12-11,0.0003571937626659494
2009-12-14,0.0006703059658766965
2009-12-15,1.4356841167948222e-05
2009-12-16,0.0001289679298786886
2009-12-17,0.0002336180247767139
2009-12-18,0.0031324804803679307
2009-12-21,9.780625297241799e-05
2009-12-22,0.0
2009-12-23,0.000196693090515784
2009-12-24,0.0010402332000801764
2009-12-25,0.000504325124771668
2009-12-28,0.0005123612869947561
2009-12-29,0.0005123612869947561
2009-12-30,0.0010088325627021896
2009-12-31,0.00030740732127711634
2010-01-04,0.000692013833989633
2010-01-05,0.0025777386192616246
2010-01-06,0.00046861901293288754
2010-01-07,0.00016916364128116696
2010-01-08,0.000307311954709878
2010-01-11,0.0004971235937425738
2010-01-12,0.0005198977209814605
2010-01-13,0.0005442735857151968
2010-01-14,8.531286088405095e-05
2010-01-15,0.0001937541603932154
2010-01-18,0.0008320948502260566
2010-01-19,9.220808272473285e-05
2010-01-20,0.0008320948502260566
2010-01-21,0.0002167519220419014
2010-01-22,0.0006295692566562703
2010-01-25,0.00010338836859361602
2010-01-26,9.997433047244076e-05
2010-01-27,0.00040231179072941416
2010-01-28,0.00023573084122019495
2010-01-29,0.00023573084122019495
2010-02-01,0.00010876473890620329
2010-02-02,9.780625297241799e-05
2010-02-03,0.00010508331394732194
2010-02-04,0.00010338836859361602
2010-02-05,0.00023153348779771107
2010-02-08,0.00025847533783450097
2010-02-09,0.0007227887719906322
2010-02-10,0.00011673260603296522
2010-02-11,0.000685675219951915
2010-02-12,0.00010338836859361602
2010-02-22,0.0004066967388015097
2010-02-23,0.00010876473890620329
2010-02-24,0.00011059417666426532
2010-02-25,0.00025847533783450097
2010-02-26,0.00045871489407267927
2010-03-01,0.00025847533783450097
2010-03-02,0.00011264307051906875
2010-03-03,0.0004164081412254782
2010-03-04,0.00023732920437067437
2010-03-05,9.997433047244076e-05
2010-03-08,9.672664937967461e-05
2010-03-09,2.6124263596128943e-05
2010-03-10,0.00021867583425439635
2010-03-11,2.529238213121061e-05
2010-03-12,0.00021867583425439635
2010-03-15,0.00021867583425439635
2010-03-16,0.0003827494758500126
2010-03-17,0.00010338836859361602
2010-03-18,0.00010508331394732194
2010-03-19,0.00010338836859361602
2010-03-22,0.00010338836859361602
2010-03-23,0.00040231179072941416
2010-03-24,0.00023153348779771107
2010-03-25,0.00011059417666426532
2010-03-26,0.00011059417666426532
2010-03-29,0.00011059417666426532
2010-03-30,0.00011457165708691243
2010-03-31,0.00011457165708691243
2010-04-01,0.0007226126057859333
2010-04-02,0.00010876473890620329
2010-04-05,2.465330267781643e-05
2010-04-06,0.00010876473890620329
2010-04-07,3.092240346083636e-05
2010-04-08,0.0004164081412254782
2010-04-09,0.00010876473890620329
2010-04-12,0.00023967949956017805
2010-04-13,0.00011457165708691243
2010-04-14,0.0002678157808093377
2010-04-15,0.00011457165708691243
2010-04-16,0.00046664085973484326
2010-04-19,0.0002668737826880956
2010-04-20,0.00047167670206365507
2010-04-21,0.00045471039936915026
2010-04-22,9.780625297241799e-05
2010-04-26,0.00023967949956017805
2010-04-27,0.00011059417666426532
2010-04-28,0.00011457165708691243
2010-04-29,0.00011673260603296522
2010-05-04,0.0002678157808093377
2010-05-05,0.00011876763766627278
2010-05-06,0.00011876763766627278
2010-05-07,0.0005021168755926118
2010-05-10,0.00012540564283642857
2010-05-11,0.00012540564283642857
2010-05-12,0.00012788185893365848
2010-05-13,0.00027163409440544194
2010-05-14,0.00012319842097962893
2010-05-17,0.00012143556928007382
2010-05-18,0.00013785230147305845
2010-05-19,0.0005853497860417096
2010-05-20,0.0011996905922757768
2010-05-21,0.0005538007396222413
2010-05-24,0.0006054258241748274
2010-05-25,0.00029133736504877833
2010-05-26,5.507085905684464e-05
2010-05-27,3.4208522153882986e-05
2010-05-28,0.00013785230147305845
2010-05-31,0.0003104329460364361
2010-06-01,3.31437146295468e-05
2010-06-02,7.042999763146812e-05
2010-06-03,4.0246531094589416e-05
2010-06-04,9.184590345553476e-05
2010-06-07,0.0002663620589543486
2010-06-08,0.00034778747356011154
2010-06-09,0.0002620712139197652
2010-06-10,3.610078914393027e-05
2010-06-11,0.00012468255354354958
2010-06-14,2.3145046512399356e-05
2010-06-15,2.360501411131939e-05
2010-06-16,7.387299911647651e-05
2010-06-17,5.645751727587405e-05
2010-06-18,1.3682784704189406e-05
2010-06-21,0.00023404072813664134
2010-06-22,5.645751727587405e-05
2010-06-23,3.4513414298714936e-05
2010-06-24,1.3852907592944468e-05
2010-06-25,1.4152019038842608e-05
2010-06-28,3.519869312503961e-05
2010-06-29,9.184590345553476e-05
2010-06-30,0.0007227219824488557
2010-07-01,8.929464785322169e-05
2010-07-02,4.7694652674600964e-05
2010-07-05,3.4087695542724e-05
2010-07-06,1.4076339436002218e-05
2010-07-07,0.0009128207752092602
2010-07-08,7.72911377231064e-05
2010-07-09,1.480712381662697e-05
2010-07-12,1.4916150422344508e-05
2010-07-13,3.610078914393027e-05
2010-07-14,7.631052772724342e-05
2010-07-15,7.672849079842873e-05
2010-07-16,3.623248586480216e-05
2010-07-19,4.331691255897455e-05
2010-07-20,5.906739649075775e-05
2010-07-21,0.00012233182036630824
2010-07-22,1.525055398322953e-05
2010-07-23,2.535131879637169e-05
2010-07-26,2.5257118730372104e-05
2010-07-27,1.5307379874795487e-05
2010-07-28,2.5781810324764973e-05
2010-07-29,6.186252230748278e-05
2010-07-30,6.327517321708716e-05
2010-08-02,0.00010783996555598462
2010-08-03,2.7564644541550116e-05
2010-08-04,0.00036283149893509504
2010-08-05,1.7620257731063695e-05
2010-08-06,1.7797524247578036e-05
2010-08-09,0.0001451487670340228
2010-08-10,0.00014084824440094455
2010-08-11,0.00020259083580469333
2010-08-12,0.00015720815454379878
2010-08-13,0.00039585824034524313
2010-08-16,0.0007126766331421635
2010-08-17,0.0002713095498584776
2010-08-18,1.838311571291387e-05
2010-08-19,0.0001234407778477712
2010-08-20,0.00043778471838329283
2010-08-23,0.0003869929347703026
2010-08-24,0.0008714718869610431
2010-08-25,0.0009384376844828146
2010-08-26,0.00048607891575756573
2010-08-27,0.0002443705501464037
2010-08-30,4.274013204297992e-05
2010-08-31,0.000850257984346385
2010-09-01,0.00029223651524077086
2010-09-06,0.0006920138339896263
2010-09-07,9.08765196281813e-05
2010-09-08,1.2829911532334902e-05
2010-09-09,8.875073946405637e-05
2010-09-10,0.001395685743406037
2010-09-13,0.000509552347533018
2010-09-14,4.576828168933544e-05
2010-09-15,6.263536939230835e-05
2010-09-16,1.7797524247578036e-05
2010-09-17,9.08765196281813e-05
2010-09-20,0.0004900752318661599
2010-09-21,0.0008895576766401934
2010-09-22,0.00019331843558674495
2010-09-23,0.00011947882748874798
2010-09-24,3.0142146385096855e-05
2010-09-27,0.0004178546672943764
2010-09-28,5.984291712819777e-06
2010-09-29,1.838311571291387e-05
2010-09-30,0.00043778471838329283
2010-10-01,3.0142146385096855e-05
2010-10-04,1.838311571291387e-05
2010-10-05,0.0001234407778477712
2010-10-06,0.00011899703202152965
2010-10-07,5.2042303055590714e-05
2010-10-08,1.7797524247578036e-05
2010-10-11,9.421130734168945e-05
2010-10-12,7.227573891457148e-05
2010-10-13,4.558137327519297e-05
2010-10-14,5.225131312499152e-05
2010-10-15,3.0020050046659824e-05
2010-10-18,0.0001445681337604432
2010-10-19,3.621268545959368e-05
2010-10-20,9.383178953057875e-05
2010-10-21,0.00037765714634592967
2010-10-22,0.00036939297514944493
2010-10-25,0.00016979233209447815
2010-10-26,0.00021775564801358212
2010-10-27,4.972619485295362e-05
2010-10-28,1.6772433793251362e-05
2010-10-29,8.540683128095908e-06
2010-11-01,0.00039384076445430103
2010-11-02,4.0858945666531974e-05
2010-11-03,2.7298831318002872e-05
2010-11-04,0.0004475233373556592
2010-11-05,0.0008136849264983436
2010-11-08,0.0008903023436790759
2010-11-09,0.0006134994400710101
2010-11-10,0.0003231324429226807
2010-11-11,0.0010167548592781373
2010-11-12,0.0005624594632925813
2010-11-15,0.0003104329460364361
2010-11-16,0.0004728253167592549
2010-11-17,0.0009949568487992997
2010-11-18,0.0003827494758500126
2010-11-19,0.0003642318490040816
2010-11-22,0.00066203402263299
2010-11-23,0.000744096446654717
2010-11-24,0.0005567953332412435
2010-11-25,0.00023404072813664134
2010-11-26,0.00014929973883958907
2010-11-29,0.0015738326142842058
2010-11-30,0.0003486361307775601
2010-12-01,0.00014643597226383795
2010-12-02,0.0001697253674301644
2010-12-03,0.0003104329460364361
2010-12-06,0.0003104329460364361
2010-12-07,3.31437146295468e-05
2010-12-08,0.00023404072813664134
2010-12-09,0.00014929973883958907
2010-12-10,0.00021346309441035616
2010-12-13,0.0005180555094249649
2010-12-14,0.0005519838018630253
2010-12-15,0.0005310047441505811
2010-12-16,0.00029298830847169556
2010-12-17,0.0011607184930168138
2010-12-20,0.0015047134789426706
2010-12-21,0.0004985515056606414
2010-12-22,0.0001302167237523029
2010-12-23,3.0638057004899004e-05
2010-12-24,0.00012143556928007382
2010-12-27,3.0638057004899004e-05
2010-12-28,0.00028718114230243103
2010-12-29,0.00012143556928007382
2010-12-30,0.00012143556928007382
2010-12-31,0.00012143556928007382
2011-01-04,0.00012143556928007382
2011-01-05,0.00012143556928007382
2011-01-06,3.0638057004899004e-05
2011-01-07,0.00029846768989829026
2011-01-10,3.185396323770131e-05
2011-01-11,0.00014070822078396516
2011-01-12,0.0001434048371729447
2011-01-13,0.0003225317884133996
2011-01-14,0.00012143556928007382
2011-01-17,0.00012143556928007382
2011-01-18,0.0001302167237523029
2011-01-19,0.0007496305711264396
2011-01-20,0.00011876763766627278
2011-01-21,0.0001106631017229247
2011-01-24,0.00047167670206365507
2011-01-25,0.00012788185893365848
2011-01-26,0.0002932692220714931
2011-01-27,0.00047167670206365507
2011-01-28,0.0001106631017229247
2011-02-08,0.00011059417666426532
2011-02-09,0.00041330840530790424
2011-02-10,0.00023153348779771107
2011-02-11,0.0004164081412254782
2011-02-14,0.0002482631147040567
2011-02-15,0.0017949048184621758
2011-02-16,0.0004276644152290859
2011-02-17,0.00025847533783450097
2011-02-18,0.00025847533783450097
2011-02-21,0.00048389154654633593
2011-02-22,0.0004985515056606414
2011-02-23,0.0005458536753712162
2011-02-24,0.0006294954189688112
2011-02-25,0.0004803511931109994
2011-02-28,0.0012922753139997533
2011-03-01,0.0009199108131387702
2011-03-02,0.0006290233157568677
2011-03-03,0.0002942128042973647
2011-03-04,5.103027800510677e-05
2011-03-07,0.0003107393257130354
2011-03-08,0.0005458536753712162
2011-03-09,0.0005566296147085628
2011-03-10,0.0020604360273193912
2011-03-11,0.00107851054446293
2011-03-14,0.000786730422784128
2011-03-15,0.000462828406748938
2011-03-16,0.0005660937700875009
2011-03-17,9.585536614121622e-05
2011-03-18,0.0012281419805314023
2011-03-21,0.00025258295359252553
2011-03-22,0.0011705791041201428
2011-03-23,0.0001364376065647484
2011-03-24,0.0003599338699570673
2011-03-25,3.72378602376708e-05
2011-03-28,0.0003170898101237188
2011-03-29,0.00013553826895261071
2011-03-30,7.505303839723201e-05
2011-03-31,2.581575170530407e-05
2011-04-01,6.426665794756268e-06
2011-04-04,6.5203915446079e-05
2011-04-05,3.068946386079778e-05
2011-04-06,0.00030457773263465395
2011-04-07,0.00031001665686427655
2011-04-08,0.0008018954917542318
2011-04-13,0.000786730422784128
2011-04-14,0.00013128106603273467
2011-04-15,0.00011839369335523655
2011-04-18,0.0005566296147085628
2011-04-19,0.00030457773263465395
2011-04-20,0.00013913056227134014
2011-04-21,3.512504901426226e-05
2011-04-22,0.00013553826895261071
2011-04-25,0.00030457773263465395
2011-04-26,3.512504901426226e-05
2011-04-27,0.00030457773263465395
2011-04-28,0.00013283753287624407
2011-04-29,3.512504901426226e-05
2011-05-04,0.0005566296147085628
2011-05-05,0.0001364376065647484
2011-05-06,3.444190925089286e-05
2011-05-09,0.00031001665686427655
2011-05-10,0.0001364376065647484
2011-05-11,0.0001364376065647484
2011-05-12,0.00013913056227134014
2011-05-13,3.512504901426226e-05
2011-05-16,0.00030457773263465395
2011-05-17,0.0003107393257130354
2011-05-18,0.0003599338699570673
2011-05-19,3.512504901426226e-05
2011-05-20,0.00013283753287624407
2011-05-23,0.0001504844056435568
2011-05-24,9.992863886627945e-05
2011-05-25,0.00032554245437987
2011-05-26,0.0022678418015796833
2011-05-27,0.0001566956681616376
2011-05-30,0.0010428425967698226
2011-05-31,0.0004336582929246335
2011-06-01,0.0009951122924382713
2011-06-02,0.0005660937700875009
2011-06-03,0.0009012959920241725
2011-06-06,0.0006407345572518738
2011-06-07,3.82021324061749e-05
2011-06-08,0.0004456585121983528
2011-06-09,2.6896937058224805e-05
2011-06-10,0.00029885070294575946
2011-06-13,0.0002356941709044091
2011-06-14,0.0006404712432640956
2011-06-15,4.308052677971578e-05
2011-06-16,7.472328107677367e-06
2011-06-17,0.0010135537922590868
2011-06-20,0.00041452783703543514
2011-06-21,0.00015685070210320936
2011-06-22,9.286009075759715e-05
2011-06-23,0.00011776787249191295
2011-06-24,0.00014892309772470148
2011-06-27,0.0001832234139487747
2011-06-28,0.0001560888261965548
2011-06-29,0.0001324533337086573
2011-06-30,0.0009001831419587065
2011-07-01,0.0007585328433528122
2011-07-04,0.0016792179397210412
2011-07-05,5.4190421786015905e-05
2011-07-06,0.0010264030992344743
2011-07-07,0.0011734670978180226
2011-07-08,0.0005536370793081637
2011-07-11,0.00011369926117083165
2011-07-12,0.000558263859913974
2011-07-13,0.000512643763312816
2011-07-14,5.92839646488506e-05
2011-07-15,0.00015201953889515407
2011-07-18,6.083385043684868e-05
2011-07-19,3.4629657392690926e-05
2011-07-20,0.0005959064663069335
2011-07-21,3.226921920549208e-05
2011-07-22,0.000769361180807903
2011-07-25,0.0006452323154882581
2011-07-26,0.0004999964668898981
2011-07-27,0.00022828958290454468
2011-07-28,7.76764659103222e-05
2011-07-29,8.000754934132904e-05
2011-08-01,0.00014658463456570592
2011-08-02,0.0001806012809844073
2011-08-03,3.274931453168203e-05
2011-08-04,7.76764659103222e-05
2011-08-05,1.9357672127910225e-05
2011-08-08,0.0003952771355093322
2011-08-09,0.0005823987021256195
2011-08-10,0.0005983221527411269
2011-08-11,7.022540141947105e-05
2011-08-12,0.000208005707612304
2011-08-15,6.830583076406278e-05
2011-08-16,9.170647304573344e-05
2011-08-17,0.00022698976471220876
2011-08-18,0.0002358387759937195
2011-08-19,0.0002623068650484587
2011-08-22,0.0005734018792731927
2011-08-23,0.0003819195204763142
2011-08-24,0.0001567255690877919
2011-08-25,2.1554504519874206e-05
2011-08-26,3.5552576904707844e-05
2011-08-29,0.00021082370081062113
2011-08-30,0.00018531026536505109
2011-08-31,0.0002171057048825477
2011-09-01,0.000788671876682746
2011-09-05,0.0006263509662879356
2011-09-06,0.0001487866702475822
2011-09-07,0.0002724793855894165
2011-09-08,0.0007553398797550157
2011-09-09,0.0002728913800082692
2011-09-12,0.0003415201719273628
2011-09-13,0.00018761003490565218
2011-09-14,0.0006910747330688987
2011-09-15,0.0008295402755785097
2011-09-16,0.0003596038938096665
2011-09-19,0.001049797979826179
2011-09-20,0.00012840696389226542
2011-09-21,7.800319221984619e-05
2011-09-22,0.00019425947856375965
2011-09-23,0.0002171057048825477
2011-09-26,0.0002487107461985028
2011-09-27,6.299672684319715e-05
2011-09-28,0.0002487107461985028
2011-09-29,6.46954895900366e-05
2011-09-30,2.238722459105783e-05
2011-10-03,9.067079173196652e-05
2011-10-04,2.2236805388897814e-05
2011-10-05,0.00016165356098121736
2011-10-06,0.00016022210788446152
2011-10-07,2.1554504519874206e-05
2011-10-10,0.00011324048943417741
2011-10-11,2.2038593280328952e-05
2011-10-12,3.651288962423241e-05
2011-10-13,0.00021746407933372007
2011-10-14,3.5552576904707844e-05
2011-10-17,0.00019616660211821093
2011-10-18,8.8255597562351e-05
2011-10-19,0.00021991185048376538
2011-10-20,3.7091148974949965e-05
2011-10-21,0.00020150169801102797
2011-10-24,2.830901132757076e-05
2011-10-25,0.0003037429303030728
2011-10-26,8.885026778076676e-05
2011-10-27,0.00031582005681082484
2011-10-28,6.044072998304418e-05
2011-10-31,0.0003334097203009431
2011-11-01,0.00015845937277437556
2011-11-02,8.925005999691424e-05
2011-11-03,3.7683254930422195e-05
2011-11-04,0.00013264214288189897
2011-11-07,6.830583076406278e-05
2011-11-08,6.830583076406278e-05
2011-11-09,9.276000149986647e-05
2011-11-10,9.318650206833077e-05
2011-11-11,6.909596892225345e-05
2011-11-14,4.754313095436565e-05
2011-11-15,9.170647304573344e-05
2011-11-16,2.3004426112216603e-05
2011-11-17,7.4859513572775986e-06
2011-11-18,1.1763718304186931e-05
2011-11-21,2.3376320137736993e-05
2011-11-22,0.0004714811027350295
2011-11-23,2.3004426112216603e-05
2011-11-24,6.830583076406278e-05
2011-11-25,6.830583076406278e-05
2011-11-28,0.000998389209333135
2011-11-29,0.0002770491643756808
2011-11-30,2.403516975197337e-05
2011-12-01,2.3757305801916297e-05
2011-12-02,1.2291426497317943e-05
2011-12-05,3.9363789676473845e-05
2011-12-06,2.403516975197337e-05
2011-12-07,5.963096770231236e-05
2011-12-08,0.0008339792085596343
2011-12-09,0.0004268423047006959
2011-12-12,0.0002674181331438281
2011-12-13,0.0006100631104410356
2011-12-14,4.73496409504591e-05
2011-12-15,0.00044069034335915446
2011-12-16,0.0008100196289659278
2011-12-19,0.0001967642170045318
2011-12-20,0.00013901677000449216
2011-12-21,0.0008953299129115373
2011-12-22,0.0008926354654710899
2011-12-23,0.0012402238218647715
2011-12-26,0.0006461782607637217
2011-12-27,0.0001668176961466398
2011-12-28,0.00023619800958142508
2011-12-29,0.0003578482515486837
2011-12-30,0.000788671876682746
2012-01-03,9.039757281581198e-05
2012-01-04,0.0005193045112882393
2012-01-05,0.00010075076913460397
2012-01-06,0.00010075076913460397
2012-01-09,7.11490062903276e-05
2012-01-10,0.0010220929762013557
2012-01-11,0.00043819914224643475
2012-01-12,0.00016156353418078054
2012-01-13,0.0002944676238050888
2012-01-16,1.4877854538342328e-05
2012-01-17,0.00032479630517790267
2012-01-18,2.8570570166982498e-05
2012-01-19,0.0015249205486394647
2012-01-20,0.00030976431829078335
2012-01-30,0.0006138611159038033
2012-01-31,0.0004342461361942255
2012-02-01,0.0001931517429455231
2012-02-02,8.298199470180265e-05
2012-02-03,0.0002783334490936401
2012-02-06,0.0002085256905408452
2012-02-07,0.0008548644958413814
2012-02-08,0.0007558046356421974
2012-02-09,0.00017606953955361424
2012-02-10,0.00017606953955361424
2012-02-13,0.00018137355767942602
2012-02-14,0.0002487107461985028
2012-02-15,0.000397822299352725
2012-02-16,4.188196025114472e-05
2012-02-17,0.00010427884040377807
2012-02-20,0.0003234985266220805
2012-02-21,0.00014232472810779616
2012-02-22,1.9769310780177448e-05
2012-02-23,0.0002107632711180628
2012-02-24,0.0006022682960544343
2012-02-27,8.927513655560351e-05
2012-02-28,0.0014842642035522876
2012-02-29,0.0019684644990681835
2012-03-01,0.0002783334490936401
2012-03-02,0.00027538308444408543
2012-03-05,0.00021414480568373182
2012-03-06,0.0008781072062234999
2012-03-07,0.0004293966450066821
2012-03-08,0.0008803783080621852
2012-03-09,8.121264021112251e-05
2012-03-12,0.0008872057188471872
2012-03-13,0.00025035168415636963
2012-03-14,0.00030716199224419617
2012-03-15,0.0009851573562060674
2012-03-16,0.0013314662649956642
2012-03-19,0.0003514926597979722
2012-03-20,0.0002141052789005774
2012-03-21,0.0008330885757952158
2012-03-22,0.0002765575747062852
2012-03-23,9.097276567912982e-05
2012-03-26,0.00019716064427907433
2012-03-27,0.00034517335074408373
2012-03-28,0.00068648904767673
2012-03-29,0.00022277275687239645
2012-03-30,0.00018137355767942602
2012-04-03,3.274931453168203e-05
2012-04-04,2.6068767959542406e-05
2012-04-05,7.966816268323508e-05
2012-04-06,0.00010427884040377807
2012-04-09,1.0369527229492649e-05
2012-04-10,5.029725610482938e-05
2012-04-11,2.0280845339931798e-05
2012-04-12,0.00010166913180823051
2012-04-13,0.00010166913180823051
2012-04-16,4.830647749644519e-05
2012-04-17,0.0008341499182037991
2012-04-18,0.0005772319510342484
2012-04-19,0.00013824785890920817
2012-04-20,0.00017170625610312562
2012-04-23,5.55437552225094e-05
2012-04-24,3.9054907185765306e-05
2012-04-25,0.0001840258896525394
2012-04-26,5.4973772679866105e-05
2012-04-27,3.8492095782887566e-05
2012-05-02,0.000434217543295934
2012-05-03,0.00013544211732814202
2012-05-04,0.00033394138277348693
2012-05-07,0.00030961306300746603
2012-05-08,0.0003848961121396471
2012-05-09,0.00042405876882930626
2012-05-10,0.0005917991955618557
2012-05-11,0.0008636266965807907
2012-05-14,0.0009411915697378508
2012-05-15,0.00015502006712859003
2012-05-16,0.0003749587154695501
2012-05-17,0.00015916095919915648
2012-05-18,0.0008256381823309027
2012-05-21,0.0004512577246337343
2012-05-22,0.00026648274979448444
2012-05-23,0.00013630761447895931
2012-05-24,0.00016872214079887015
2012-05-25,0.00013057182677079216
2012-05-28,0.00013057182677079216
2012-05-29,0.0003627287620629481
2012-05-30,0.0001706593860871116
2012-05-31,0.00028489082365825075
2012-06-01,0.0004204052598442116
2012-06-04,0.000782453308827752
2012-06-05,0.0002571622933303984
2012-06-06,0.00038198326730553564
2012-06-07,0.00023802653872718007
2012-06-08,0.0006501293534333122
2012-06-11,0.0001586858481149428
2012-06-12,8.054936371472178e-05
2012-06-13,8.095212497160004e-05
2012-06-14,7.995083447140074e-05
2012-06-15,0.0008339792085596343
2012-06-18,0.0004554056885405498
2012-06-19,0.000603853770126453
2012-06-20,0.00029446762380509327
2012-06-21,0.00014651146761601022
2012-06-22,0.0005444085119562695
2012-06-25,0.0010319018449568768
2012-06-26,0.00010067062958231854
2012-06-27,0.0006316048954203378
2012-06-28,0.00039422385464744767
2012-06-29,0.00032069532550226204
2012-07-02,0.0005380544953931546
2012-07-03,0.00023514108171091838
2012-07-04,0.00019295024542947942
2012-07-05,4.360848012535819e-05
2012-07-06,0.0002311887789154557
2012-07-09,0.00036266556106071083
2012-07-10,0.0010308754814285972
2012-07-11,0.0005604707470867375
2012-07-12,8.197234416340454e-05
2012-07-13,0.0005277616180974481
2012-07-16,0.00015408895148368755
2012-07-17,0.0003935007084582595
2012-07-18,7.631052772724573e-05
2012-07-19,0.0007472376266821377
2012-07-20,0.0009094508055935536
2012-07-23,2.5561789282237832e-05
2012-07-24,0.0002409654373695105
2012-07-25,0.000536999563135383
2012-07-26,0.00016146300496312261
2012-07-27,0.0003135820174223747
2012-07-30,0.00011185587752154526
2012-07-31,8.095212497160004e-05
2012-08-01,8.095212497160004e-05
2012-08-02,8.095212497160004e-05
2012-08-03,1.3931736614413655e-05
2012-08-06,7.955551357535167e-05
2012-08-07,0.0001253920876149322
2012-08-08,5.607600485372852e-05
2012-08-09,7.955551357535167e-05
2012-08-10,2.737438425120576e-05
2012-08-13,2.72386139517858e-05
2012-08-14,2.72386139517858e-05
2012-08-15,1.3931736614413655e-05
2012-08-16,0.00019773537997870948
2012-08-17,0.0008668107794232467
2012-08-20,0.0003976166079161767
2012-08-21,0.00033910765193494375
2012-08-22,0.000512470604961335
2012-08-23,0.0001253920876149322
2012-08-24,0.003121605376731646
2012-08-27,0.00021375625462595073
2012-08-28,0.0003495412373301459
2012-08-29,0.00014391907622557078
2012-08-30,0.00028138405252712385
2012-08-31,0.00013501144586522488
2012-09-04,0.00025100257612753517
2012-09-05,0.0007074250147031796
2012-09-06,0.0001253920876149322
2012-09-07,0.0001987137509659571
2012-09-10,0.0008005459322204748
2012-09-11,0.00022048459570226265
2012-09-12,0.0007511320039120802
2012-09-13,0.000629433535621507
2012-09-14,0.00018879059819379882
2012-09-17,0.00015408895148368755
2012-09-18,0.00010669479198869447
2012-09-19,0.00026284361933451934
2012-09-20,6.530365674409062e-05
2012-09-21,0.0002644213491698941
2012-09-24,7.326010872701823e-05
2012-09-25,8.547106138555504e-05
2012-09-26,2.507692374268139e-05
2012-09-27,1.2824811666514566e-05
2012-09-28,8.64922527776195e-05
2012-10-01,3.3346830440103906e-05
2012-10-02,0.0002405076996757485
2012-10-03,0.00023225673865932898
2012-10-04,1.189924464015722e-05
2012-10-05,0.00022595788665442617
2012-10-08,0.00010234102356947229
2012-10-09,0.0004164081412254782
2012-10-10,0.00012826455794279128
2012-10-11,4.233695723499131e-05
2012-10-12,0.0002678157808093377
2012-10-15,0.0001462223853790908
2012-10-16,0.00023221015188417633
2012-10-17,0.0004026105741928517
2012-10-18,0.0001462223853790908
2012-10-19,0.00022340876756620282
2012-10-22,0.00048360266337548385
2012-10-23,0.00019599242889943407
2012-10-24,4.7325537781364896e-05
2012-10-25,4.842868482667813e-05
2012-10-26,0.00042600437293785183
2012-10-29,0.00010587806919402413
2012-10-30,0.00010587806919402413
2012-10-31,0.00013724772382865536
2012-11-01,6.830583076406278e-05
2012-11-02,0.00019690943472643548
2012-11-05,0.00036015563658505173
2012-11-06,3.0708774792746804e-05
2012-11-07,1.8973259639511742e-06
2012-11-08,3.0357614665039005e-05
2012-11-09,2.3004426112216603e-05
2012-11-12,0.000624239656384955
2012-11-13,0.0001341512361550291
2012-11-14,2.3109770779395813e-05
2012-11-15,1.1763718304186931e-05
2012-11-16,6.909596892225345e-05
2012-11-19,1.189924464015722e-05
2012-11-20,1.189924464015722e-05
2012-11-21,3.0357614665039005e-05
2012-11-22,0.00015547213528172498
2012-11-23,0.00043796422983931603
2012-11-26,0.00014110712585458645
2012-11-27,0.00011140697248722367
2012-11-28,0.0001982970580001976
2012-11-29,0.0001982970580001976
2012-11-30,0.0006654891398800033
2012-12-03,0.0005968547523767133
2012-12-04,0.0001915020905418368
2012-12-05,0.00010833896021410089
2012-12-06,2.364750784179397e-05
2012-12-07,8.251369764497003e-05
2012-12-10,0.00014110712585458645
2012-12-11,6.989989701506061e-05
2012-12-12,0.00017183779182478346
2012-12-13,3.0357614665039005e-05
2012-12-14,0.00010759176005201696
2012-12-17,0.00046952798833208633
2012-12-18,0.00012410016431720696
2012-12-19,0.0005944617817808402
2012-12-20,0.00026320524435319276
2012-12-21,0.0005330865315523724
2012-12-24,0.0002830315915225396
2012-12-25,7.336731572563822e-05
2012-12-26,0.00027375132717797826
2012-12-27,9.536377930874998e-05
2012-12-28,0.00013688097341070626
2013-01-02,0.00016574655623018274
2013-01-03,0.0005489761633693145
2013-01-04,0.0006750098640349832
2013-01-07,0.0007914697612658228
2013-01-08,0.0007835114978550185
2013-01-09,0.0020234540813944646
2013-01-10,0.001448752098537011
2013-01-11,0.0015190515661859599
2013-01-14,0.000764155498423593
2013-01-15,0.00017845550691702607
2013-01-16,6.128784567835837e-05
2013-01-17,0.0001530552105971802
2013-01-18,7.339952371656394e-05
2013-01-21,5.576534189584365e-05
2013-01-22,0.00010951683717675498
2013-01-23,0.001183093629713761
2013-01-24,9.911992224913598e-05
2013-01-25,0.00036636648806869795
2013-01-28,0.0001530552105971802
2013-01-29,0.0006055260716906445
2013-01-30,0.001822146593111981
2013-01-31,0.0010098231630635082
2013-02-01,0.000879111222334644
2013-02-04,0.0004391215691124642
2013-02-05,0.00040350892449809127
2013-02-06,5.4198938823292075e-05
2013-02-07,8.895583330146789e-05
2013-02-08,1.9974761465561218e-05
2013-02-18,8.895583330146789e-05
2013-02-19,0.00015022857083636155
2013-02-20,0.0001482962582644448
2013-02-21,0.0005558493659197731
2013-02-22,0.00027178537417232157
2013-02-25,5.4198938823292075e-05
2013-02-26,0.001438723125610664
2013-02-27,0.00014810508018862212
2013-02-28,0.00014720877268361652
2013-03-01,0.0010586613297554528
2013-03-04,0.001203705836194647
2013-03-05,0.0011313022067039062
2013-03-06,0.0009699945207742136
2013-03-07,0.0014097998039593073
2013-03-08,0.00015115264286085439
2013-03-11,0.00017423151752647242
2013-03-12,5.162802773046993e-05
2013-03-13,0.0001020846023375356
2013-03-14,0.00014370369483651674
2013-03-15,0.000662234650460236
2013-03-18,3.453183730360955e-05
2013-03-19,1.713776611170837e-05
2013-03-20,3.473546767268755e-05
2013-03-21,7.657019097139772e-05
2013-03-22,0.00016912446410024352
2013-03-25,0.0003529669714243798
2013-03-26,0.00013161566685434558
2013-03-27,7.367955025408558e-05
2013-03-28,0.00013036746531302332
2013-03-29,0.0001604809542089021
2013-04-01,0.00048241282869146315
2013-04-02,0.00018513436587021687
2013-04-03,8.498494069852117e-05
2013-04-04,0.0005999256028896579
2013-04-05,6.912785916118944e-05
2013-04-08,0.00021831160814962357
2013-04-09,6.811821451700805e-05
2013-04-10,0.0016653362313593836
2013-04-11,0.00047430134283099455
2013-04-12,0.00041133396056030556
2013-04-15,0.00010009363454801967
2013-04-16,0.0013928883795579008
2013-04-17,0.00040718621623718286
2013-04-18,0.00022886504260613344
2013-04-22,8.580943971888461e-05
2013-04-23,0.000689669662301468
2013-04-24,8.288617579016712e-05
2013-04-25,0.00014661574711743105
2013-04-26,0.00041953312215032803
2013-05-02,0.00014961722271129938
2013-05-03,0.00023498104999375853
2013-05-06,0.000223428989014198
2013-05-07,3.5217667617818496e-05
2013-05-08,0.0003543513809624973
2013-05-09,4.962902372764542e-05
2013-05-10,2.2274267745203003e-05
2013-05-13,0.00010009363454801967
2013-05-14,5.081418052914473e-05
2013-05-15,5.01177472509722e-05
2013-05-16,7.583178762559993e-05
2013-05-17,7.481583572051945e-05
2013-05-20,0.00026247538194229547
2013-05-21,0.0003683520105917515
2013-05-22,0.0011569159869337826
2013-05-23,8.42227181056953e-05
2013-05-24,0.0004634460036535778
2013-05-27,0.0008903023436790759
2013-05-28,0.0003144203280298748
2013-05-29,0.00048259796841834614
2013-05-30,0.003099700605563088
2013-05-31,0.0012349367701836973
2013-06-03,0.0003178317004042626
2013-06-04,3.438588249070876e-05
2013-06-05,0.00014961722271129938
2013-06-06,3.4107788812435805e-05
2013-06-07,3.4107788812435805e-05
2013-06-10,0.001313160581395613
2013-06-11,0.0005307517022353466
2013-06-12,0.0004033804047494266
2013-06-13,0.0010066655381532937
2013-06-14,0.0012438408876225856
2013-06-17,0.000586292625094589
2013-06-18,0.00034495449919790157
2013-06-19,0.00014356037574477488
2013-06-20,0.00020874592446080856
2013-06-21,9.936201392454004e-05
2013-06-24,0.0004478684733026032
2013-06-25,0.0018514104948180671
2013-06-26,0.0004983750022272518
2013-06-27,0.0006103483670400206
2013-06-28,0.000126017910172321
2013-07-01,0.000275932693246123
2013-07-02,0.0006111819955834355
2013-07-03,0.0002465478079205536
2013-07-04,9.645860627536107e-05
2013-07-05,9.693359740133352e-05
2013-07-08,5.565881512707294e-05
2013-07-09,3.582871695907384e-05
2013-07-10,5.474823378540236e-05
2013-07-11,7.864442279036035e-05
2013-07-12,0.0002077680319063134
2013-07-15,0.00031179857545464114
2013-07-16,0.0001437036948365199
2013-07-17,0.0001437036948365199
2013-07-18,0.0001437036948365199
2013-07-19,0.0001437036948365199
2013-07-22,0.00029976878414069916
2013-07-23,0.00031012299694286243
2013-07-24,0.0008181635567969615
2013-07-25,0.00014961722271129938
2013-07-26,0.00021704395735016108
2013-07-29,7.800319221984619e-05
2013-07-30,0.0008933900423280777
2013-07-31,0.0002077680319063134
2013-08-01,0.00031179857545464114
2013-08-02,0.00012983208603817187
2013-08-05,0.00012983208603817187
2013-08-06,0.00012983208603817187
2013-08-07,0.0008106718791946642
2013-08-08,0.00028842202491709403
2013-08-09,0.0004827454007160484
2013-08-12,0.0004674593712525562
2013-08-13,0.0004435111122693745
2013-08-14,0.00041857276938559135
2013-08-15,0.0004283568250728423
2013-08-16,0.00010894233900904855
2013-08-19,0.0015966421898520355
2013-08-20,0.0006106522472180644
2013-08-21,0.0004283568250728423
2013-08-22,0.00023666301703074026
2013-08-23,0.00023666301703074026
2013-08-26,0.00023666301703074026
2013-08-27,0.00023666301703074026
2013-08-28,0.00045107240049754247
2013-08-29,0.0002535766157778881
2013-08-30,0.0013789004427622509
2013-09-03,0.0004043918598069207
2013-09-04,9.867837959478787e-05
2013-09-05,0.00023666301703074026
2013-09-06,0.0002324596174091571
2013-09-09,0.0002406451021266544
2013-09-10,0.00023666301703074026
2013-09-11,0.0004043918598069207
2013-09-12,0.00010894233900904855
2013-09-13,9.867837959478787e-05
2013-09-16,0.00023666301703074026
2013-09-17,0.0012152311005280858
2013-09-18,0.0015200766821039853
2013-09-19,0.0011645354492891829
2013-09-20,0.00021848971354445062
2013-09-23,0.00021848971354445062
2013-09-24,9.377127954958847e-05
2013-09-25,0.0005633328568327767
2013-09-26,0.00019447012191996701
2013-09-27,0.00019447012191996701
2013-09-30,0.00020194410734666413
2013-10-01,0.00034705166004208676
2013-10-02,0.00018850827453188834
2013-10-03,8.669868639868815e-05
2013-10-04,8.54224998154696e-05
2013-10-07,0.0007152526462493911
2013-10-08,0.00018720921297595594
2013-10-09,0.00017238331777957356
2013-10-10,0.0004913352916516799
2013-10-11,0.00018017551967450048
2013-10-14,0.0003264810919753097
2013-10-15,8.039710222523237e-05
2013-10-16,0.00018720921297595594
2013-10-17,7.925702736590376e-05
2013-10-18,0.00017238331777957356
2013-10-21,7.19721898706144e-05
2013-10-22,1.812035742921275e-05
2013-10-23,0.00031241400383218143
2013-10-24,0.00017238331777957356
2013-10-25,8.039710222523237e-05
2013-10-28,1.86676088967654e-05
2013-10-29,0.00018281644801001253
2013-10-30,0.00018574351703126463
2013-10-31,0.0005376686792258364
2013-11-01,9.233642232946107e-05
2013-11-04,0.00019743276334491293
2013-11-05,0.0010426459370977512
2013-11-06,8.166016660231751e-05
2013-11-07,0.00031832148158477335
2013-11-08,0.00034705166004208676
2013-11-11,0.00020194410734666413
2013-11-12,8.811376512027728e-05
2013-11-13,2.4005012369287616e-05
2013-11-14,2.0778656796327144e-05
2013-11-15,0.00019447012191996701
2013-11-18,8.811376512027728e-05
2013-11-19,0.00018850827453188834
2013-11-20,2.0136778780758653e-05
2013-11-21,8.54224998154696e-05
2013-11-22,0.00031832148158477335
2013-11-25,0.00017238331777957356
2013-11-26,0.00031241400383218143
2013-11-27,0.0004698355670098422
2013-11-28,0.00017238331777957356
2013-11-29,0.00031241400383218143
2013-12-02,8.378698776035711e-05
2013-12-03,0.00019475024747715524
2013-12-04,9.448380299331145e-05
2013-12-05,0.0002108899155378769
2013-12-06,0.00020748451443621573
2013-12-09,9.448380299331145e-05
2013-12-10,0.00020748451443621573
2013-12-11,0.0003827494758500126
2013-12-12,0.0004170490092650195
2013-12-13,0.00023258879768256574
2013-12-16,0.0012008955341226007
2013-12-17,9.222707910924506e-05
2013-12-18,0.00021092545825288347
2013-12-19,0.00021092545825288347
2013-12-20,0.00010079087480111855
2013-12-23,0.00010079087480111855
2013-12-24,0.00022870040371177097
2013-12-25,9.222707910924506e-05
2013-12-26,0.00021092545825288347
2013-12-27,9.071644862584798e-05
2013-12-30,9.222707910924506e-05
2013-12-31,9.222707910924506e-05
2014-01-02,2.4987548536187094e-05
2014-01-03,0.00010079087480111855
2014-01-06,2.5408769036861148e-05
2014-01-07,2.4987548536187094e-05
2014-01-08,0.001839616760858743
2014-01-09,0.00018871299334253966
2014-01-10,0.0001950818141144215
2014-01-13,0.000755765853694237
2014-01-14,0.0004882885914587856
2014-01-15,0.00030338570588980455
2014-01-16,0.0001698331836593266
2014-01-17,0.00030559186674785965
2014-01-20,0.00017314248608157616
2014-01-21,0.0017552269669658068
2014-01-22,0.001706555291848623
2014-01-23,0.0010839835107101816
2014-01-24,6.923279696694242e-05
2014-01-27,0.0002847955219387851
2014-02-06,0.0004542427327149918
2014-02-07,0.00046085637349098287
2014-02-10,0.00015807632555669192
2014-02-11,7.220271224542685e-05
2014-02-12,0.0001558402052649905
2014-02-13,0.00015686486348375072
2014-02-14,0.0002600280337529109
2014-02-17,0.00014350799549671405
2014-02-18,0.000576398080818588
2014-02-19,0.0009181253687546409
2014-02-20,0.0018008539453798539
2014-02-21,0.0004073932610352782
2014-02-24,0.001217005222886312
2014-02-25,0.00013218020107195208
2014-02-26,0.00013388348521630486
2014-02-27,0.0002365050928433447
2014-02-28,0.0009181253687546409
2014-03-03,0.0006966207049311901
2014-03-04,0.0002433559252671703
2014-03-05,0.0001356199064147026
2014-03-06,0.00013218020107195208
2014-03-07,0.00013388348521630486
2014-03-10,6.066490197181827e-05
2014-03-11,0.00013388348521630486
2014-03-12,0.0004942025715400473
2014-03-13,0.00012442447197768105
2014-03-14,0.0001213269446185386
2014-03-17,0.00013388348521630486
2014-03-18,0.0002365050928433447
2014-03-19,5.8371686257757375e-05
2014-03-20,5.8371686257757375e-05
2014-03-21,0.0002365050928433447
2014-03-24,0.0003393976593936688
2014-03-25,0.00012424214872391558
2014-03-26,0.0006966207049311901
2014-03-27,0.0003524374335619816
2014-03-28,0.00034515230921264046
2014-03-31,0.00011416993350316662
2014-04-01,0.00020925694873065686
2014-04-02,0.00048808785537851596
2014-04-03,5.420624073920911e-05
2014-04-04,0.00011416993350316662
2014-04-07,0.0004385532828342244
2014-04-08,4.58586849143164e-05
2014-04-10,0.00029434571231807166
2014-04-11,0.0001063694337015712
2014-04-14,0.00030129118863520736
2014-04-15,0.0006239358131050871
2014-04-16,0.0008840421902447316
2014-04-17,0.00020925694873065686
2014-04-18,0.00034515230921264046
2014-04-21,5.3616871146643594e-05
2014-04-22,0.0006708426034569462
2014-04-23,0.0002222578012201196
2014-04-24,0.0002222578012201196
2014-04-25,0.0004766113085742731
2014-04-28,5.168690642658031e-05
2014-04-29,0.00020176588157904356
2014-05-05,0.0003194939535410976
2014-05-06,0.000649259315869908
2014-05-07,5.4876942814475065e-05
2014-05-08,0.0005390907077358781
2014-05-09,0.0005399108288435737
2014-05-12,0.001871546999087743
2014-05-13,0.0007723662121427352
2014-05-14,0.0009065484954888765
2014-05-15,0.0011425394081134718
2014-05-16,0.00022250163614779184
2014-05-19,0.00034800856339229985
2014-05-20,0.00021971451161640937
2014-05-21,0.00021971451161640937
2014-05-22,0.0001213269446185386
2014-05-23,5.6256237632296346e-05
2014-05-26,5.6256237632296346e-05
2014-05-27,0.0002222578012201196
2014-05-28,0.0002067142280240407
2014-05-29,4.9211222781964684e-05
2014-05-30,5.2311261579780807e-05
2014-06-02,0.00011416993350316662
2014-06-03,0.00011416993350316662
2014-06-04,1.147757477205403e-05
2014-06-05,5.420624073920911e-05
2014-06-06,5.420624073920911e-05
2014-06-09,0.00032735413340948276
2014-06-10,0.00011556993306700353
2014-06-11,0.00011416993350316662
2014-06-12,4.9812808970188834e-05
2014-06-13,5.420624073920911e-05
2014-06-16,4.9211222781964684e-05
2014-06-17,0.00032115823384630944
2014-06-18,0.00019254941162804301
2014-06-19,0.0003194939535410976
2014-06-20,0.00020176588157904356
2014-06-23,1.147757477205403e-05
2014-06-24,4.9211222781964684e-05
2014-06-25,1.3156682553560566e-05
2014-06-26,4.9211222781964684e-05
2014-06-27,4.9812808970188834e-05
2014-06-30,4.9812808970188834e-05
2014-07-01,0.0002067142280240407
2014-07-02,4.9211222781964684e-05
2014-07-03,0.00020176588157904356
2014-07-04,1.299918533035743e-05
2014-07-07,5.2311261579780807e-05
2014-07-08,4.9211222781964684e-05
2014-07-09,0.00011279522027076791
2014-07-10,4.9211222781964684e-05
2014-07-11,4.9211222781964684e-05
2014-07-14,0.00044375858168764634
2014-07-15,4.820499106742819e-05
2014-07-16,0.00010783996555598462
2014-07-17,0.0001063694337015712
2014-07-18,0.0004234753552029422
2014-07-21,0.000178266624583009
2014-07-22,0.00010083100441994821
2014-07-23,9.862011090936004e-05
2014-07-24,0.000370893158660913
2014-07-25,0.00025493051405939195
2014-07-28,0.0003832306853849505
2014-07-29,9.712768674725389e-05
2014-07-30,9.862011090936004e-05
2014-07-31,0.0005093495990714301
2014-08-01,9.247729243598332e-05
2014-08-04,0.0006294195991898654
2014-08-05,0.00023461984084582104
2014-08-06,0.00032752986511607455
2014-08-07,8.031986646914464e-05
2014-08-08,0.0001452812169670681
2014-08-11,0.00014829625826444164
2014-08-12,0.001272071799572874
2014-08-13,0.0008832086181426774
2014-08-14,0.0002272266149842464
2014-08-15,8.262352789395111e-05
2014-08-18,0.0003148298035974557
2014-08-19,0.0001446922615075245
2014-08-20,3.581171811700474e-05
2014-08-21,0.00013646920413559708
2014-08-22,0.00047041328869910643
2014-08-25,8.396236966261659e-05
2014-08-26,0.00014682576468794288
2014-08-27,8.567817010092086e-05
2014-08-28,0.00014682576468794288
2014-08-29,8.124292620876938e-05
2014-09-03,0.00034424866435363776
2014-09-04,0.0002396228654953502
2014-09-05,8.567817010092086e-05
2014-09-08,8.291167656288579e-05
2014-09-09,0.0009087932412427033
2014-09-10,0.000611870040409982
2014-09-11,0.000575744802814025
2014-09-12,3.6337079266395234e-05
2014-09-15,0.0012215190875767901
2014-09-16,0.0007786672948037555
2014-09-17,0.000512470604961335
2014-09-18,0.0005534101867055939
2014-09-19,0.00032060833098927077
2014-09-22,0.000138326014840523
2014-09-23,0.00022443626373755632
2014-09-24,0.00014682576468794288
2014-09-25,0.00046660031494531783
2014-09-26,0.00014983372482422008
2014-09-29,0.0001529350772771622
2014-09-30,8.463237548588728e-05
2014-10-01,0.00045166428833311325
2014-10-02,0.00031432907555818126
2014-10-03,0.00032060833098927077
2014-10-06,0.00014107535363248633
2014-10-07,3.561845713745782e-05
2014-10-08,0.00014390748426770138
2014-10-09,0.00043401432656895735
2014-10-10,0.00031432907555818126
2014-10-13,0.00033374478466600954
2014-10-14,0.00023472575363930748
2014-10-15,0.0001578240560149916
2014-10-16,0.001315318238038171
2014-10-17,0.00043211310422333735
2014-10-20,0.00029576644415370355
2014-10-21,0.0008882620981037403
2014-10-22,9.510037747989063e-05
2014-10-23,0.00026477291534950825
2014-10-24,0.00017373842826274934
2014-10-27,0.00039981890598415236
2014-10-28,0.00040414828886125816
2014-10-29,4.250912222288937e-05
2014-10-30,4.203671111799033e-05
2014-10-31,9.510037747989063e-05
2014-11-03,0.0001578240560149916
2014-11-04,0.0001594337925057697
2014-11-05,0.0003703482590307765
2014-11-06,4.0721557287335784e-05
2014-11-07,9.510037747989063e-05
2014-11-10,0.00026477291534950825
2014-11-11,9.717071294134931e-05
2014-11-12,4.250912222288937e-05
2014-11-13,9.40955585347781e-05
2014-11-14,4.441702817973565e-05
2014-11-17,0.000266569007768394
2014-11-18,0.00027250183394621994
2014-11-19,0.00018162373613064714
2014-11-20,0.00018162373613064714
2014-11-21,0.0005711360094223713
2014-11-24,0.00010650128348282311
2014-11-25,0.00010990587186873305
2014-11-26,0.0015622150172302561
2014-11-27,0.0008778160398734392
2014-11-28,0.0007551848379065286
2014-12-01,0.000402196962573808
2014-12-02,0.0002606862020536515
2014-12-03,6.22601935715412e-05
2014-12-04,0.00014036945525766557
2014-12-05,0.00025584876089638825
2014-12-08,0.001736863519303808
2014-12-09,0.0001832234139487747
2014-12-10,0.004312426637150964
2014-12-11,0.001362664690319731
2014-12-12,0.0005696098049102615
2014-12-15,0.000380506804702985
2014-12-16,0.0012894803717451056
2014-12-17,0.0028708097981119973
2014-12-18,0.00043521997775984307
2014-12-19,0.0008704112210288525
2014-12-22,0.0011120616601463268
2014-12-23,0.0007666677568691504
2014-12-24,0.00034050534531816345
2014-12-25,0.0003512146899782028
2014-12-26,0.0014284705071155117
2014-12-29,0.0005784181577054889
2014-12-30,0.001167304378468883
2014-12-31,0.00035694089412790717
2015-01-05,0.0005880408674793443
2015-01-06,0.0004136225816896518
2015-01-07,0.0006490386120640697
2015-01-08,0.0003931747783974493
2015-01-09,0.0008748507008400319
2015-01-12,0.00021336052703092707
2015-01-13,0.00021120702645183666
2015-01-14,0.0003931747783974493
2015-01-15,0.0011480449508355247
2015-01-16,0.00021336052703092707
2015-01-19,0.000374416640189803
2015-01-20,0.00021336052703092707
2015-01-21,9.516400356260773e-05
2015-01-22,9.358815508183837e-05
2015-01-23,9.358815508183837e-05
2015-01-26,0.00021693825946214287
2015-01-27,0.00038696737641387186
2015-01-28,0.0002241311237032856
2015-01-29,0.0004064861069812194
2015-01-30,0.00042048510697174153
2015-02-02,0.0002479943017293201
2015-02-03,0.0002256898582685333
2015-02-04,0.0003999620956008779
2015-02-05,0.0002256898582685333
2015-02-06,0.00021826836734604164
2015-02-09,0.00023168775590843668
2015-02-10,2.3596529110850456e-05
2015-02-11,0.00023963310633920356
2015-02-12,0.00042048510697174153
2015-02-13,0.00010166224904439604
2015-02-24,0.00010333437731227823
2015-02-25,0.0004279951063662444
2015-02-26,0.00010692349390746735
2015-02-27,2.5257118730372104e-05
2015-03-02,0.00010692349390746735
2015-03-03,0.00010692349390746735
2015-03-04,2.8246414595287697e-05
2015-03-05,0.0004064861069812194
2015-03-06,0.0002256898582685333
2015-03-09,0.00010516386365180125
2015-03-10,2.5257118730372104e-05
2015-03-11,0.00011070290500528351
2015-03-12,0.0001127324688920046
2015-03-13,0.00011682691787491465
2015-03-16,0.000493683901869119
2015-03-17,0.0001305435454215198
2015-03-18,0.0010096589876628234
2015-03-19,0.00014107535363248633
2015-03-20,9.316938561798625e-05
2015-03-23,0.000575744802814025
2015-03-24,0.00044593788961387566
2015-03-25,0.0015646509094295004
2015-03-26,0.0007794221065317746
2015-03-27,0.0006094449358675306
2015-03-30,0.0002170648395963469
2015-03-31,0.00021519743815668368
2015-04-01,0.0010188385842717365
2015-04-02,0.0005572835383047665
2015-04-03,0.0003464615161005183
2015-04-06,0.0001420381762269765
2015-04-07,0.00035328089662007536
2015-04-08,0.00025329946350181583
2015-04-09,0.00020767028383251874
2015-04-10,0.0001115637813573192
2015-04-13,0.00017082337936277696
2015-04-14,0.00027412883282882186
2015-04-15,0.0009589993780251304
2015-04-16,3.379213156518115e-05
2015-04-17,0.0014846465824870153
2015-04-20,0.0007684184221816864
2015-04-21,0.0004759117047991417
2015-04-22,0.0002595099656745135
2015-04-23,0.00046711208976257253
2015-04-24,0.00045074321715556754
2015-04-27,0.0007143254603515871
2015-05-04,0.001976088256419888
2015-05-05,0.0020119736933356487
2015-05-06,0.0006893964459967666
2015-05-07,0.0004590822560857048
2015-05-08,0.00027588195126582144
2015-05-11,0.000493683901869119
2015-05-12,0.000493683901869119
2015-05-13,0.0007684184221816864
2015-05-14,0.00029717158571426267
2015-05-15,0.0005423877091268356
2015-05-18,0.000334042305494051
2015-05-19,0.00017835825059589282
2015-05-20,0.0009746900858711097
2015-05-21,0.001175459226674032
2015-05-22,0.0002862300862392801
2015-05-25,0.0002793447811548546
2015-05-26,0.00012571450918458552
2015-05-27,0.0001305435454215198
2015-05-28,0.00029717158571426267
2015-05-29,0.0003087526993235245
2015-06-01,0.00029012605514974516
2015-06-02,0.00013298067205899728
2015-06-03,0.0001305435454215198
2015-06-04,0.00013298067205899728
2015-06-05,0.0005323505318700291
2015-06-08,0.000512470604961335
2015-06-09,0.0005219482634821449
2015-06-10,0.000512470604961335
2015-06-11,0.00011888864285438422
2015-06-12,0.00027588195126582144
2015-06-15,0.00026915351127586843
2015-06-16,0.00012571450918458552
2015-06-17,0.00029717158571426267
2015-06-18,0.0001280170610957746
2015-06-19,0.0001280170610957746
2015-06-22,0.0005026428709070984
2015-06-23,0.00012332626225772646
2015-06-24,0.0002862300862392801
2015-06-25,0.0001280170610957746
2015-06-26,0.0001305435454215198
2015-06-29,0.0007977989632461038
2015-06-30,0.0001280170610957746
2015-07-01,0.00029717158571426267
2015-07-02,0.0002793447811548546
2015-07-03,0.00012332626225772646
2015-07-06,0.001015015258362121
2015-07-07,0.0004279951063662444
2015-07-08,0.0004590822560857048
2015-07-09,0.00048438915599874127
2015-07-10,0.00046711208976257253
2015-07-13,0.0013819092290285556
2015-07-14,0.0006893964459967666
2015-07-15,0.00023092293996112342
2015-07-16,0.000201354352534961
2015-07-17,0.00029764860661204176
2015-07-20,0.00026908086700488595
2015-07-21,0.0001510682844781955
2015-07-22,3.128829419692511e-05
2015-07-23,0.00030976431829078335
2015-07-24,0.0001771661317346739
2015-07-27,4.1851888257685e-05
2015-07-28,0.00014631164664466486
2015-07-29,4.940001461996877e-05
2015-07-30,4.4146198471633944e-05
2015-07-31,8.552776890707843e-05
2015-08-03,0.00012987315186473224
2015-08-04,7.08230812761177e-05
2015-08-05,9.81676778463641e-05
2015-08-06,1.740472939738068e-05
2015-08-07,3.261105692115697e-05
2015-08-10,1.773921640806523e-05
2015-08-11,4.728941752169004e-05
2015-08-12,0.00024147045982535523
2015-08-13,0.0005607608115155772
2015-08-14,0.00032762718923059667
2015-08-17,0.0016851651271547175
2015-08-18,9.074552097071036e-05
2015-08-19,0.000590472928843558
2015-08-20,0.0014043729388847368
2015-08-21,0.0014555413323403402
2015-08-24,0.001029058279121994
2015-08-25,0.0013800495178194786
2015-08-26,0.001614939192528512
2015-08-27,0.0007576630880407057
2015-08-28,0.0006815153630538472
2015-08-31,0.0019143025112261314
2015-09-01,0.000871415439116118
2015-09-03,0.0006604322774116127
2015-09-04,0.0001458456439659917
2015-09-07,0.00010772703851245992
2015-09-08,0.0002460601667023183
2015-09-09,0.00023225673865932898
2015-09-10,4.36237068568108e-05
2015-09-11,0.00018300071759319556
2015-09-14,0.00010892168637226325
2015-09-15,0.000308358253397301
2015-09-16,0.00010705318641868178
2015-09-17,0.00022837663415744482
2015-09-18,0.0003317504445582124
2015-09-21,0.00019033072366273155
2015-09-22,0.00018716432287126613
2015-09-23,0.00017690293523986612
2015-09-24,0.00010235147262268511
2015-09-25,0.0001458456439659917
2015-09-28,0.0001861685282926688
2015-09-29,0.00015630315125186525
2015-09-30,4.438751346824853e-05
2015-10-01,7.314423277056455e-05
2015-10-02,5.156631331267213e-05
2015-10-05,0.0004309725184863341
2015-10-06,0.00022698976471220876
2015-10-07,0.00043580992879982725
2015-10-08,9.369435146462047e-05
2015-10-09,8.894089342587133e-05
2015-10-12,0.00025285124969884836
2015-10-13,6.12751661684738e-05
2015-10-14,0.00030571898956658044
2015-10-15,4.333274074188661e-05
2015-10-16,0.00012915573564509575
2015-10-19,6.972948715805003e-05
2015-10-20,9.635829948088077e-05
2015-10-21,0.00013559101088263492
2015-10-22,4.5027466661270445e-05
2015-10-23,0.00013339348841563206
2015-10-26,4.5027466661270445e-05
2015-10-27,4.0085057730402856e-05
2015-10-28,0.00010064878993559101
2015-10-29,0.00017110493649004596
2015-10-30,0.00027854255276768303
2015-11-02,9.73684587271706e-05
2015-11-03,6.646390406247914e-05
2015-11-04,9.73684587271706e-05
2015-11-05,2.4802210366382663e-05
2015-11-06,0.00014015215454289925
2015-11-09,7.698683868012609e-05
2015-11-10,7.110461300232451e-05
2015-11-11,4.438751346824853e-05
2015-11-12,0.00014532363923724473
2015-11-13,8.856783508851882e-05
2015-11-16,9.019704307719169e-05
2015-11-17,0.00020198747821549814
2015-11-18,2.968536415293746e-05
2015-11-19,0.00015059718004292085
2015-11-20,5.403576182023644e-05
2015-11-23,2.9490464269784767e-05
2015-11-24,7.903296379646902e-05
2015-11-25,0.00011845306625885089
2015-11-26,0.00012123324966102804
2015-11-27,9.187162268612651e-05
2015-11-30,0.00028968204268832757
2015-12-01,0.0003591040668518149
2015-12-02,5.5363666345785466e-05
2015-12-03,6.521852986426317e-05
2015-12-04,0.00019403896890845634
2015-12-07,0.00014118178465382175
2015-12-08,0.0005194418719039409
2015-12-09,0.0004912183013936901
2015-12-10,0.0001574471354595485
2015-12-11,0.0002754234594545912
2015-12-14,0.0001655206712829227
2015-12-15,0.0001595616656712969
2015-12-16,0.0002867684368821594
2015-12-17,0.00012120135068342222
2015-12-18,0.0015912884777145259
2015-12-21,0.0004077966497015796
2015-12-22,0.0007069504758133777
2015-12-23,0.00017147941350900922
2015-12-24,0.0004305965245423489
2015-12-25,0.0004714513770062173
2015-12-28,0.000499354107369129
2015-12-29,0.0005147690337674262
2015-12-30,0.00011947882748874798
2015-12-31,7.421400637874426e-05
2016-01-04,0.00018327239412760152
2016-01-05,0.0006959744132891116
2016-01-06,0.0002126895715578617
2016-01-07,0.0007733253058156721
2016-01-08,0.000800902887640752
2016-01-11,0.0002474292227614861
2016-01-12,0.0002540398387980328
2016-01-13,0.001285549206599978
2016-01-14,0.0003237478190235994
2016-01-15,0.0002565095200490746
2016-01-18,0.0004049664706219912
2016-01-19,0.0009969313547349994
2016-01-20,0.0013366308851710121
2016-01-21,0.0014549408911935684
2016-01-22,0.0008053250411028007
2016-01-25,0.0
2016-01-26,0.0018298271354599274
2016-01-27,0.0004699299045218196
2016-01-28,0.00027554280114669405
2016-01-29,0.0007248185256066316
2016-02-01,0.0006292616853108319
2016-02-02,0.0007179869545254194
2016-02-03,0.0009321205903176047
2016-02-04,0.00047243580038234173
2016-02-05,0.0001755150907136199
2016-02-15,0.00027554280114669405
2016-02-16,0.0005793372783474902
2016-02-17,0.00017380678761392927
2016-02-18,0.0006764404961083337
2016-02-19,0.0027492742682879226
2016-02-22,0.0004616388128847296
2016-02-23,0.0009612226588542613
2016-02-24,0.0004965353382965807
2016-02-25,0.0006270571172318647
2016-02-26,0.0003817195908955846
2016-02-29,0.00020944036432362812
2016-03-01,0.00045082111625147764
2016-03-02,0.00021803508885953753
2016-03-03,0.00044698152338989636
2016-03-04,0.00027773959502784665
2016-03-07,0.0005222080557524693
2016-03-08,0.0014542075232217785
2016-03-09,0.000190224769056014
2016-03-10,8.271889158639978e-05
2016-03-11,0.0002549380705170124
2016-03-14,0.00013516625064370174
2016-03-15,0.0006642845887425344
2016-03-16,0.0005595471787816792
2016-03-17,0.00012318742172204048
2016-03-18,8.458729956172388e-05
2016-03-21,0.00014143606828012222
2016-03-22,0.0002607718011129127
2016-03-23,7.591563470411904e-05
2016-03-24,0.00034665105326366037
2016-03-25,0.00047285062668606115
2016-03-28,0.0002887275075774171
2016-03-29,0.0003667572735512992
2016-03-30,0.00021991185048376538
2016-03-31,0.00022698976471220876
2016-04-01,0.000154047325357314
2016-04-04,0.0005696098049102615
2016-04-05,0.000601039462955598
2016-04-06,0.00011406431130556515
2016-04-07,0.0002311887789154557
2016-04-08,0.00044831978174142054
2016-04-11,9.046576165129062e-05
2016-04-12,0.00021795035303722417
2016-04-13,0.0005918609128182023
2016-04-14,0.00021991185048376538
2016-04-15,0.00016457462407713986
2016-04-19,0.000800902887640752
2016-04-20,0.0002474292227614861
2016-04-21,0.0005220453348686083
2016-04-22,0.0012182027993972286
2016-04-25,0.00021458032370103773
2016-04-26,0.00010303410892338004
2016-04-27,0.000386096500519033
2016-04-28,0.00020944036432362812
2016-04-29,0.00014300505700038884
2016-05-04,0.0005172630349131929
2016-05-05,0.0004888098282334706
2016-05-06,0.00022140040359725746
2016-05-09,0.0003030659712484705
2016-05-10,0.00015264201282338963
2016-05-11,5.603788501778168e-05
2016-05-12,0.00010052661914975446
2016-05-13,0.001133059276283554
2016-05-16,0.0005222080557524693
2016-05-17,0.0002990071840723807
2016-05-18,0.0006932787684920371
2016-05-19,0.0005079512712537006
2016-05-20,0.0004245832912385535
2016-05-23,0.0004216454514052433
2016-05-24,0.00027753525840382875
2016-05-25,0.00032732814589903346
2016-05-26,0.00020598936119320567
2016-05-27,0.00014911980028522385
2016-05-30,0.00020751252875728362
2016-05-31,0.0015156606451154507
2016-06-01,0.0003456443658103023
2016-06-02,0.00012907031856642962
2016-06-03,0.000268969536232518
2016-06-06,0.00043588692416580825
2016-06-07,0.00017103575679014896
2016-06-08,0.0002504016628285129
2016-06-09,0.00010840727319318362
2016-06-10,0.00015630315125186525
2016-06-13,0.0004940322828893536
2016-06-14,0.0010029621218009817
2016-06-15,0.0002877018994490875
2016-06-16,0.0003673247592401212
2016-06-17,0.000314565065386416
2016-06-20,0.00029118059720009026
2016-06-21,0.0002771655498199715
2016-06-22,0.00027531214381645207
2016-06-23,0.00016204334277290775
2016-06-24,0.0015478599284817073
2016-06-27,0.001748009805777789
2016-06-28,0.00019163794373817843
2016-06-29,8.836527037113864e-05
2016-06-30,0.0007212844022955419
2016-07-01,0.0006285321061588953
2016-07-04,0.00028968204268832757
2016-07-05,8.945096876668572e-05
2016-07-06,0.00019790419561897053
2016-07-07,9.119793529046053e-05
2016-07-08,0.0001071238200307539
2016-07-11,0.0005999256028896579
2016-07-12,0.00019709360807999935
2016-07-13,0.00018182375007914185
2016-07-14,0.00010929397033036891
2016-07-15,0.00021178943974374564
2016-07-18,0.00011383688854215797
2016-07-19,0.00027753525840382875
2016-07-20,0.0004714513770062173
2016-07-21,0.00031204651306165513
2016-07-22,0.00030673442718580953
2016-07-25,0.0002549380705170124
2016-07-26,0.00027773959502784665
2016-07-27,0.00043667203995328513
2016-07-28,0.00014473585299365588
2016-07-29,0.0002795268856783969
2016-08-01,0.00018903885161399155
2016-08-02,0.00014815248085071518
2016-08-03,0.00020944036432362812
2016-08-04,0.0002795268856783969
2016-08-05,0.00046566924140804627
2016-08-08,0.00013837457639033566
2016-08-09,0.00012787022654260025
2016-08-10,0.00041709506147392266
2016-08-11,0.0004799340385998535
2016-08-12,0.0005644908720251648
2016-08-15,6.375682352475841e-05
2016-08-16,0.001016026846082099
2016-08-17,0.00010804746016877817
2016-08-18,0.0003706500862732521
2016-08-19,0.0003607695859707304
2016-08-22,0.0005892456713013135
2016-08-23,0.00012497745899401553
2016-08-24,0.0005020716201689676
2016-08-25,0.0007563536321200811
2016-08-26,8.580943971888461e-05
2016-08-29,0.00043667203995328513
2016-08-30,0.00034665105326366037
2016-08-31,0.00020272375383986068
2016-09-01,0.00044698152338989636
2016-09-05,0.000128947087861231
2016-09-06,0.0003136351678636499
2016-09-07,0.00023402428167524828
2016-09-08,0.00018067128393297674
2016-09-09,0.00017669432436094883
2016-09-12,0.00035672364189763924
2016-09-13,6.847486505910755e-05
2016-09-14,9.273167229666582e-05
2016-09-15,8.209016729403614e-05
2016-09-16,0.00013629029623864438
2016-09-19,0.00010450083901273826
2016-09-20,7.009993886969963e-05
2016-09-21,0.00034007512291284967
2016-09-22,0.00026294289258039263
2016-09-23,0.00019344233186137377
2016-09-26,0.00024178317904107686
2016-09-27,0.0001494249405887155
2016-09-28,0.00011936520094623898
2016-09-29,2.9718035243396725e-05
2016-09-30,0.0002897175879848957
2016-10-03,8.390062088681452e-05
2016-10-04,0.0004136773611925929
2016-10-05,0.00018593008495671487
2016-10-06,0.0004044923767090257
2016-10-07,0.00023345667824648528
2016-10-10,0.0001728472494503273
2016-10-11,0.0002505350124817828
2016-10-12,0.00013786402011926654
2016-10-13,6.041064790450432e-05
2016-10-14,0.00021904554266667854
2016-10-17,0.00017776582573215364
2016-10-18,9.459313238313621e-05
2016-10-19,0.00014573290544588885
2016-10-20,0.00019409919511697535
2016-10-21,6.458454487854901e-05
2016-10-24,8.778414942595051e-05
2016-10-25,0.00012787022654260025
2016-10-26,4.851041420007956e-05
2016-10-27,4.851041420007956e-05
2016-10-28,4.8103824122359206e-05
2016-10-31,0.0014082542358335164
2016-11-01,0.000459611112666914
2016-11-02,0.0003251552049573006
2016-11-03,0.0009250516144873887
2016-11-04,0.00012143556928007672
2016-11-07,0.00018888156763435563
2016-11-08,8.555788153295492e-05
2016-11-09,0.001515991394600757
2016-11-10,0.0002141052789005774
2016-11-11,6.67656787240244e-05
2016-11-14,3.0638057004899004e-05
2016-11-15,9.233642232946107e-05
2016-11-16,0.0001465500766776716
2016-11-17,0.0001837993537995805
2016-11-18,9.36159509620718e-05
2016-11-21,0.0002634899021241484
2016-11-22,0.00010722105544915683
2016-11-23,2.739142688471994e-05
2016-11-24,0.0004252732051696879
2016-11-25,0.00010815143212340222
2016-11-28,0.00014720877268361652
2016-11-29,0.0001813348262950956
2016-11-30,0.00011923756473188318
2016-12-01,2.6124263596128943e-05
2016-12-02,0.00043301142187097876
2016-12-05,0.000821718272531318
2016-12-06,0.0008740177285068246
2016-12-07,9.149792200340611e-05
2016-12-08,4.754313095436565e-05
2016-12-09,0.0002670874362489915
2016-12-12,0.00034760602163795367
2016-12-13,0.00041452783703543514
2016-12-14,0.00012369491639862686
2016-12-15,0.00021433129375181183
2016-12-16,0.00015547213528172498
2016-12-19,0.00018716432287126968
2016-12-20,0.00015334225424008916
2016-12-21,6.737542676952078e-05
2016-12-22,9.276000149986647e-05
2016-12-23,4.842868482667813e-05
2016-12-26,4.865393928399036e-05
2016-12-27,0.000557458948047099
2016-12-28,0.0006083223575804539
2016-12-29,0.00031281285192954567
2016-12-30,0.000419593253912727
2017-01-03,7.413802322641104e-05
2017-01-04,0.0014882770936656836
2017-01-05,0.00012369491639862686
2017-01-06,0.0001404526744034076
2017-01-09,6.925564115144056e-05
2017-01-10,3.9917887483605625e-05
2017-01-11,0.0001116685046070678
2017-01-12,6.799356613544748e-05
2017-01-13,0.0002732491981786273
2017-01-16,0.00011114635808640639
2017-01-17,7.239769646803421e-05
2017-01-18,0.00029800522784008854
2017-01-19,0.00010565382259049153
2017-01-20,0.00013766208270178835
2017-01-23,0.00021510470140054236
2017-01-24,0.0006803729124531813
2017-01-25,7.343443964637274e-05
2017-02-02,0.0001299347871467849
2017-02-03,0.0001127238969378413
2017-02-06,0.001081550193237941
2017-02-07,9.404837541924672e-05
2017-02-08,0.00014110712585458645
2017-02-09,0.00017833369315818035
2017-02-10,0.0001101129922722564
2017-02-13,0.0008740177285068246
2017-02-14,0.0007503163812168443
2017-02-15,0.00017270973072504726
2017-02-16,0.00045403835541469527
2017-02-17,0.00018215079867288267
2017-02-20,0.0005596795875590603
2017-02-21,0.00023514108171091838
2017-02-22,0.00016122211732739445
2017-02-23,0.00024126231729547566
2017-02-24,0.0002022875136126692
2017-02-27,0.00013958713140437755
2017-02-28,0.000295115962151014
2017-03-01,0.00017812515956314325
2017-03-02,0.00011501687814245794
2017-03-03,0.00031996094052625214
2017-03-06,0.00019062255572359273
2017-03-07,0.00023225673865932898
2017-03-08,0.00012088040496631922
2017-03-09,0.00014242982665803514
2017-03-10,7.239769646803421e-05
2017-03-13,1.840187893908076e-05
2017-03-14,0.00016406184406281602
2017-03-15,0.00016641977016999642
2017-03-16,7.274082456579861e-05
2017-03-17,9.877560889450464e-05
2017-03-20,9.971636701919435e-05
2017-03-21,5.136139582329736e-05
2017-03-22,0.00013501144586522488
2017-03-23,7.631052772724573e-05
2017-03-24,0.00025838549294830666
2017-03-27,0.00010513904159817432
2017-03-28,0.00010722105544915411
2017-03-29,0.00013501144586522488
2017-03-30,7.557586829415514e-05
2017-03-31,0.00026091897434875485
2017-04-03,0.0003206340302287448
2017-04-04,0.0005874704359410065
2017-04-05,0.00018260649873085263
2017-04-07,0.000142492284013312
2017-04-10,8.054936371472178e-05
2017-04-11,0.0002621997115122205
2017-04-12,0.00021722155255187302
2017-04-13,7.896800727747792e-05
2017-04-14,0.00032875225952149617
2017-04-17,0.0003354709258063142
2017-04-18,0.00024147045982535523
2017-04-19,0.0001981421544991313
2017-04-20,9.160210849662898e-05
2017-04-21,0.0002055692350063446
2017-04-24,0.0004706674138470026
2017-04-25,0.00012568206693957805
2017-04-26,0.0002077680319063134
2017-04-27,0.0003022688425872238
2017-04-28,0.001119980254924033
2017-05-03,0.0012269658796071252
2017-05-04,0.0013464558432586004
2017-05-05,0.003123070299678818
2017-05-08,0.001397288023027723
2017-05-09,0.00041452783703543514
2017-05-10,0.00016378448081042204
2017-05-11,0.001502285815856572
2017-05-12,0.00016888689454844336
2017-05-15,0.00012523636040937875
2017-05-16,0.00016279177520596474
2017-05-17,5.5314703198502844e-05
2017-05-18,0.000126806798979317
2017-05-19,5.600614817270944e-05
2017-05-22,0.00012069619600716846
2017-05-23,0.00021856049232150325
2017-05-24,8.61634892918095e-05
2017-05-25,0.00046289268213682404
2017-05-26,8.305396796772649e-05
2017-05-29,8.356041298332829e-05
2017-05-30,0.00016784751243726406
2017-05-31,0.00012840696389226244
2017-06-01,0.00032966841646856247
2017-06-02,0.00026988844127013466
2017-06-05,5.985815601523112e-05
2017-06-06,3.444190925089286e-05
2017-06-07,0.00013555731109908791
2017-06-08,0.0006912371329031657
2017-06-09,0.00014870717411186963
2017-06-12,0.0006329287078188177
2017-06-13,0.0005412175157403398
2017-06-14,6.838423304084408e-05
2017-06-15,0.0001570988034308964
2017-06-16,0.00021309262313146075
2017-06-19,0.00010648537095542779
2017-06-20,0.00015819747342755907
2017-06-21,0.0005772319510342546
2017-06-22,0.00041609386980770744
2017-06-23,0.0005004104669495439
2017-06-26,0.0004684708594874442
2017-06-27,0.000655619408242514
2017-06-28,0.00016386761588500456
2017-06-29,0.0003547373848225083
2017-06-30,0.00022384268598238128
2017-07-03,0.0002832299230184082
2017-07-04,0.00027930253234220595
2017-07-05,0.00016156353418078382
2017-07-06,0.0002955222615934891
2017-07-07,0.00048227712726596825
2017-07-10,7.887072254956679e-05
2017-07-11,0.00012278367136259833
2017-07-12,0.00017108351924122466
2017-07-13,4.292400962917382e-05
2017-07-14,0.00012099113284096141
2017-07-17,0.0003178635798964725
2017-07-18,8.311702141617382e-05
2017-07-19,8.186945688724918e-05
2017-07-20,0.0008063018523270076
2017-07-21,0.00031551738919359653
2017-07-24,8.248970147120506e-05
2017-07-25,4.657560987202238e-05
2017-07-26,0.00012461634367692774
2017-07-27,0.00018283499032831078
2017-07-28,0.0006996557734176111
2017-07-31,0.0002424553406874331
2017-08-01,0.0013495642927065941
2017-08-02,0.0008322628366844497
2017-08-03,0.000603089613142691
2017-08-04,0.0019808172386635886
2017-08-07,0.0004740259204389866
2017-08-08,0.0007706154574459857
2017-08-09,0.0004786103381675051
2017-08-10,0.0007728139182889743
2017-08-11,0.0005913427877739509
2017-08-14,0.0005677278598652429
2017-08-15,0.0002590942919657205
2017-08-16,0.0010440535766978757
2017-08-17,0.0008778160398734392
2017-08-18,0.0002473555911304051
2017-08-21,0.0005639918447915383
2017-08-22,0.0002643824403304517
2017-08-23,0.0005154866027184736
2017-08-24,0.0002145803237010339
2017-08-25,0.0004245439183075003
2017-08-28,0.00020037241832881255
2017-08-29,0.0002773694008998413
2017-08-30,0.0007722244859031757
2017-08-31,0.00048227712726596825
2017-09-01,0.0007833395092343379
2017-09-05,0.0006996557734176111
2017-09-06,0.00029764860661204176
2017-09-07,0.00011419966618032685
2017-09-08,0.00011752184550692804
2017-09-11,0.00012099113284096141
2017-09-12,0.00012369491639862686
2017-09-13,0.0003109022744430903
2017-09-14,0.0002303548268843963
2017-09-15,0.00017108351924122466
2017-09-18,0.0004552491094939482
2017-09-19,0.0001593077094575464
2017-09-20,0.00022068968993986337
2017-09-21,0.0002191381162718481
2017-09-22,0.0001662213409139987
2017-09-25,0.0001662213409139987
2017-09-26,0.0005084716132489456
2017-09-27,0.0006820178359825583
2017-09-28,0.00033575532755424813
2017-09-29,0.00042747237711624077
2017-10-02,0.00021309262313146075
2017-10-03,0.0004552491094939482
2017-10-04,0.00011501687814246075
2017-10-05,0.0001662213409139987
2017-10-06,0.00016042967444196375
2017-10-09,4.1702013016284104e-05
2017-10-10,0.00011419966618032685
2017-10-11,0.0001593077094575464
2017-10-12,0.00010947444005047244
2017-10-13,0.0002812559448129084
2017-10-16,0.00010222618951615602
2017-10-17,6.608955429209888e-05
2017-10-18,0.00040216252371412395
2017-10-19,0.0004786103381675051
2017-10-20,0.00019379190502652954
2017-10-23,0.0008209545998593336
2017-10-24,6.885749397497489e-05
2017-10-25,0.0002698341610239539
2017-10-26,0.0002072939010063484
2017-10-27,6.564449455380513e-05
2017-10-30,0.00039162981430779004
2017-10-31,0.00025396323680768583
2017-11-01,0.0012708669152444799
2017-11-02,0.0003339057292909369
2017-11-03,0.0006574351812184412
2017-11-06,0.00039961076741328185
2017-11-07,0.0008085061868799566
2017-11-08,0.000374277405129543
2017-11-09,0.00020570563492045132
2017-11-10,0.0005906591655212302
2017-11-13,0.0011716432494986836
2017-11-14,0.0007247087468442344
2017-11-15,0.0003048307923436117
2017-11-16,0.0007412314529204721
2017-11-17,0.0007247087468442344
2017-11-20,0.00048513893052321694
2017-11-21,0.00035328089662007536
2017-11-22,0.00028948310986789846
2017-11-23,0.0008215145223154693
2017-11-24,0.00107123362818631
2017-11-27,0.00019209183334831839
2017-11-28,0.0003087352257845223
2017-11-29,0.0006975591009146568
2017-11-30,0.00029911157311573354
2017-12-01,0.000291431486537631
2017-12-04,0.0015677679390064506
2017-12-05,0.0004430226739742776
2017-12-06,0.0012235494605528573
2017-12-07,0.00045432619168299794
2017-12-08,8.428584420314292e-05
2017-12-11,0.00040288666985403035
2017-12-12,0.003090422876416779
2017-12-13,0.0010030758987183024
2017-12-14,0.00017750174877143854
2017-12-15,0.0004858240668315036
2017-12-18,0.00039640529486640886
2017-12-19,0.001188785138098666
2017-12-20,0.0015431275196372463
2017-12-21,0.0011314935544732953
2017-12-22,0.0004252732051696879
2017-12-25,0.00027305643946287666
2017-12-26,0.00010145609069671937
2017-12-27,0.00029267276287360257
2017-12-28,0.0001391065943964612
2017-12-29,0.0007368544875643756
2018-01-02,0.0013256004184481758
2018-01-03,0.001019458378851514
2018-01-04,0.0003170002805141266
2018-01-05,0.0006833681240760196
2018-01-08,0.0004170192148413003
2018-01-09,0.000896876372594928
2018-01-10,0.000504608864935328
2018-01-11,0.0003648378680439185
2018-01-12,0.0010767682938378955
2018-01-15,0.0003700506628599401
2018-01-16,0.0006463989217815984
2018-01-17,0.0010355922646330979
2018-01-18,0.000876236381935122
2018-01-19,0.0005223390814916294
2018-01-22,0.0013623420346501461
2018-01-23,0.0
2018-01-24,0.0
2018-01-25,6.564449455380513e-05
2018-01-26,0.0007560388009978686
2018-01-29,0.0011609712103174015
2018-01-30,0.0005035319243755564
2018-01-31,0.00106921494019423
2018-02-01,0.0021622699746109727
2018-02-02,0.003595257304565554
2018-02-05,0.00017250376015998358
2018-02-06,0.0
2018-02-07,0.00270703335454365
2018-02-08,0.0002059514971183488
2018-02-09,0.0007511320039120802
2018-02-12,0.004122851816535169
2018-02-13,0.00047702911431844904
2018-02-21,0.0013659342269032777
2018-02-22,0.0015060231208668038
2018-02-23,0.0006202533820730075
2018-02-26,0.0007275286563160439
2018-02-27,0.0009664832516913068
2018-02-28,0.001611341771402346
2018-03-01,0.0007840086722074002
2018-03-02,0.0007522761120732895
2018-03-05,0.000513719306735928
2018-03-06,0.0002623068650484587
2018-03-07,0.0004580931073922837
2018-03-08,6.44076260310303e-05
2018-03-09,0.0003184997185358868
2018-03-12,0.0002719999036113804
2018-03-13,0.0019150882863233625
2018-03-14,0.0019150882863233625
2018-03-15,9.924431589425048e-05
2018-03-16,0.0004838169712732165
2018-03-19,0.0004087728186623696
2018-03-20,0.00021633575013685962
2018-03-21,0.0002658801146186124
2018-03-22,0.00016972536743016777
2018-03-23,0.0007320748699200764
2018-03-26,0.0018994903269582708
2018-03-27,0.0011871885014559133
2018-03-28,0.001193813722167732
2018-03-29,0.0009513723238379794
2018-03-30,0.00024272499041479934
2018-04-02,0.001193813722167732
2018-04-03,0.0007126766331421635
2018-04-04,0.0006271939295485801
2018-04-05,0.000644417033518176
2018-04-06,0.00014840566912633146
2018-04-09,0.00011299008287264553
2018-04-10,0.00011237722461015271
2018-04-11,0.0007183011731792259
2018-04-12,0.001608307182383708
2018-04-13,0.0008908847657038587
2018-04-16,0.0007473371037697984
2018-04-17,0.0002465478079205536
2018-04-18,0.0003087352257845223
2018-04-19,0.0005358028928447568
2018-04-20,0.00034520537415810366
2018-04-23,0.0008170511240395443
2018-04-24,0.0005533137344249148
2018-04-26,0.0014818605811017368
2018-04-27,0.0005838876621671438
2018-05-02,8.669868639868815e-05
2018-05-03,0.0006597607512605097
2018-05-04,0.0006685309486257001
2018-05-07,0.0005566296147085628
2018-05-08,0.0013721386918314558
2018-05-09,0.00032346210449253745
2018-05-10,0.0005548115838144644
2018-05-11,0.0003815055548022742
2018-05-14,0.00024256764010398385
2018-05-15,0.00032346210449253745
2018-05-16,0.0011001327676147612
2018-05-17,0.0009879635275446867
2018-05-18,0.0014591517989424282
2018-05-21,0.0008230572664751998
2018-05-22,0.0016268203106952293
2018-05-23,0.0017675117070080457
2018-05-24,0.000918286968897623
2018-05-25,0.0018670760943310634
2018-05-28,0.00040988242432818455
2018-05-29,0.00414052514983275
2018-05-30,0.0010894075046751516
2018-05-31,0.00030638768761830955
2018-06-01,0.0005988148365884961
2018-06-04,0.00023202726804662775
2018-06-05,0.001960002560955465
2018-06-06,0.0004817964651611693
2018-06-07,0.0007779507265317192
2018-06-08,0.0002030987982122901
2018-06-11,0.0002087211869476019
2018-06-12,0.001191085953274238
2018-06-13,0.000879915675728698
2018-06-14,0.00044257933905018676
2018-06-15,0.00016386761588500456
2018-06-18,0.00048227712726596825
2018-06-19,0.0011562115693588523
2018-06-20,0.00032999654372115246
2018-06-21,0.00041925267811104486
2018-06-22,0.00025553501072888744
2018-06-25,0.0002955222615934891
2018-06-26,7.658878904065823e-05
2018-06-27,0.0004617890079977142
2018-06-28,0.0003863773991746111
2018-06-29,0.0007889872397053352
2018-07-02,0.0005988148365884961
2018-07-03,0.0011475299882265312
2018-07-04,0.0015890022714503435
2018-07-05,0.0015200766821039853
2018-07-06,0.0008585767158993226
2018-07-09,0.0005117857588452533
2018-07-10,0.0002594667322457313
2018-07-11,0.00023391426150511452
2018-07-12,0.00028393995428911386
2018-07-13,0.00020944036432362812
2018-07-16,0.00020611565022094936
2018-07-17,0.0004848348906628921
2018-07-18,0.0021320598755850966
2018-07-19,0.0006359528961345944
2018-07-20,0.00023029086371642967
2018-07-23,0.0008323770965388624
2018-07-24,0.000707198001721965
2018-07-25,0.0005900387190160147
2018-07-26,0.0008489889183632784
2018-07-27,0.0007426337899070352
2018-07-30,0.00034021020624978924
2018-07-31,0.000515663833771697
2018-08-01,0.001065841840888828
2018-08-02,0.0014549408911935587
2018-08-03,0.00032683064945269866
2018-08-06,0.0010508975266919772
2018-08-07,0.00020037241832881255
2018-08-08,0.0011860890222914176
2018-08-09,0.0014835384898671323
2018-08-10,0.0012005093691913086
2018-08-13,0.0004020404579406041
2018-08-14,0.00016579732864894906
2018-08-15,0.0026963980593913395
2018-08-16,0.0012231849131964232
2018-08-17,0.0020283861414823
2018-08-20,0.0005374252196474553
2018-08-21,0.0004304312430794412
2018-08-22,0.0005989997499470642
2018-08-23,0.00026618117637719843
2018-08-24,0.0018025691738351305
2018-08-27,0.0008778160398734392
2018-08-28,0.00015781586389302968
2018-08-29,0.00027163409440544194
2018-08-30,0.0007608806040468076
2018-08-31,0.000561841830620277
2018-09-04,0.0006554402352363741
2018-09-05,0.0013391007981083303
2018-09-06,0.00010575723240665651
2018-09-07,0.0002643824403304517
2018-09-10,0.000575312133840044
2018-09-11,0.0005677278598652429
2018-09-12,0.0008452190330400511
2018-09-13,0.0006493413202449338
2018-09-14,0.00021198697779502466
2018-09-17,0.0007943376495085026
2018-09-18,0.0010787693245470045
2018-09-19,0.001502285815856572
2018-09-20,0.0005456009308741722
2018-09-21,0.0010427451004048135
2018-09-24,0.0012070679208453121
2018-09-25,0.0008306117070638364
2018-09-26,0.00027554280114669405
2018-09-27,0.0014620777632566116
2018-09-28,0.000684429263477536
2018-10-01,0.0011513271703110677
2018-10-02,0.00400378107673881
2018-10-03,0.0007622422569253025
2018-10-04,0.00022290412226103903
2018-10-05,0.0013038054969512036
2018-10-08,0.0009227131540389931
2018-10-09,0.0002660990179305799
2018-10-10,0.0008953299129115373
2018-10-11,0.00014840566912633146
2018-10-12,0.0023879365304013077
2018-10-15,0.0005654689426320567
2018-10-16,0.000488809828233465
2018-10-17,0.0004049664706219912
2018-10-18,0.00019609400173834448
2018-10-19,0.0005533137344249148
2018-10-22,0.0004935576569442837
2018-10-23,0.0018237990839614247
2018-10-24,0.001017335720315388
2018-10-25,0.0017986226226833519
2018-10-26,0.0028872410322687185
2018-10-29,0.0007855718474414722
2018-10-30,0.0030185392569417424
2018-10-31,0.00047702911431844904
2018-11-01,0.0010867506996378317
2018-11-02,0.000780538360165602
2018-11-05,0.0017065552918486126
2018-11-06,0.000780538360165602
2018-11-07,0.0003233601552487988
2018-11-08,0.00045471039936915026
2018-11-09,0.0005041597201900314
2018-11-12,0.001077528029020438
2018-11-13,0.0003522778072497247
2018-11-14,0.00041452783703543514
2018-11-15,0.0002664472439744928
2018-11-16,0.0002740868492059077
2018-11-19,0.0001178052166957521
2018-11-20,0.0004741504865568839
2018-11-21,0.00021991185048376538
2018-11-22,0.0011001327676147612
2018-11-23,0.0003255112570029783
2018-11-26,9.444012430378826e-05
2018-11-27,0.0002664472439744928
2018-11-28,0.00032966841646856247
2018-11-29,0.00026307144735188034
2018-11-30,0.0003275799446232644
2018-12-03,0.0004684708594874442
2018-12-04,0.00015424966755301291
2018-12-05,0.00020944036432362812
2018-12-06,0.0005416576699267364
2018-12-07,0.0004020404579406041
2018-12-10,0.00026270032387358674
2018-12-11,0.00020448290316844636
2018-12-12,0.0005906591655212302
2018-12-13,0.00018631446954279105
2018-12-14,0.00029113045821312604
2018-12-17,0.00031204651306165963
2018-12-18,0.00026911799262386367
2018-12-19,0.0004170950614739174
2018-12-20,0.00022404198787413256
2018-12-21,0.0003544902697354847
2018-12-24,0.0011407771703267104
2018-12-25,0.0009720675164057775
2018-12-26,0.0001570988034308964
2018-12-27,0.00039162981430779004
2018-12-28,0.00040216252371412395
2019-01-02,0.0010651177760555588
2019-01-03,0.0006329287078188177
2019-01-04,0.0007454504305367581
2019-01-07,0.00014870717411186963
2019-01-08,0.0010229886764252798
2019-01-09,0.000780538360165602
2019-01-10,0.00048312176602016585
2019-01-11,0.00018511039898211486
2019-01-14,0.00019251474774414397
2019-01-15,0.00031616649626943684
2019-01-16,0.00015781586389302968
2019-01-17,0.0004040236182296363
2019-01-18,0.00041186370426942565
2019-01-21,0.00041186370426942565
2019-01-22,0.0003255112570029783
2019-01-23,7.419711114211748e-05
2019-01-24,0.0002862300862392801
2019-01-25,0.000126806798979317
2019-01-28,0.00033942784152591823
2019-01-29,5.4635984473998925e-05
2019-01-30,0.0001618080678041483
2019-01-31,0.00046289268213682404
2019-02-01,0.00016378448081042204
2019-02-11,0.0001579610759692432
2019-02-12,0.00046289268213682404
2019-02-13,0.00044674317936982047
2019-02-14,0.00014979151224712693
2019-02-15,0.0003048307923436117
2019-02-18,0.00040988242432818455
2019-02-19,0.0005548115838144644
2019-02-20,0.00018526026843268545
2019-02-21,0.0002311887789154557
2019-02-22,0.00047970964199940376
2019-02-25,0.0001375181132153066
2019-02-26,0.00024195717451177678
2019-02-27,0.00029113045821312604
2019-02-28,0.0004991223888437681
2019-03-01,0.0001446922615075245
2019-03-04,0.0004914870079088541
2019-03-05,0.00040896271651085213
2019-03-06,0.0015385584715791037
2019-03-07,0.00015533772137358066
2019-03-08,0.0002839399542891182
2019-03-11,0.0004156544872261953
2019-03-12,0.00016199183254422432
2019-03-13,0.00025312289679355423
2019-03-14,0.0001250143957293657
2019-03-15,0.00023304839885380566
2019-03-18,8.921664101769233e-05
2019-03-19,0.00029294365488929144
2019-03-20,0.0006204975261899109
2019-03-21,0.0030300045159895946
2019-03-22,0.0002878497048503179
2019-03-25,0.00011232637830032602
2019-03-26,0.0007670955972489777
2019-03-27,0.00010188284466245712
2019-03-28,0.00023381246014190487
2019-03-29,0.00021991185048376538
2019-04-01,0.00011237722461015271
2019-04-02,0.0002055692350063446
2019-04-03,0.0004883816082842982
2019-04-04,0.0002840434539600786
2019-04-05,0.00028696457738971445
2019-04-08,0.00021936980720561056
2019-04-09,0.0004948645273969961
2019-04-10,0.0005124290600126888
2019-04-11,0.0005934437805396415
2019-04-12,0.00097122679559692
2019-04-16,0.00048076889177955636
2019-04-17,0.00045432619168299794
2019-04-18,0.0008032146975896695
2019-04-19,0.0002023359151742739
2019-04-22,0.0003495412373301459
2019-04-23,0.00011679785428165992
2019-04-24,0.00029294365488929144
2019-04-25,0.00020127507959771508
2019-04-26,6.179313531739784e-05
2019-05-02,0.0005419807910391993
2019-05-03,0.00015216337556195317
2019-05-06,0.00016372217101647327
2019-05-07,0.0005591899097164749
2019-05-08,0.0015757521997100542
2019-05-09,0.00014320301464903972
2019-05-10,0.00056167553338027
2019-05-13,0.00021405786120534193
2019-05-14,0.001253238297137543
2019-05-15,0.0004204052598442116
2019-05-16,0.00016484222032939723
2019-05-17,0.0001656281779142439
2019-05-20,0.0003568067643765503
2019-05-21,0.00011062786531178017
2019-05-22,0.00036526804714247414
2019-05-23,0.0006202533820730075
2019-05-24,0.0007940924125181518
2019-05-27,8.301197218838131e-05
2019-05-28,0.00031904650146021544
2019-05-29,0.00026874708187763906
2019-05-30,0.0002248819694075833
2019-05-31,0.0007108164623836206
2019-06-03,0.0006550936573824967
2019-06-04,0.0001732780557379142
2019-06-05,0.00018908514899828514
2019-06-06,0.0002964813476403825
2019-06-07,6.310788441130331e-05
2019-06-10,0.00015696227491389026
2019-06-11,0.0001230429968504886
2019-06-12,0.00028854803834165257
2019-06-13,0.00041792161193120555
2019-06-14,0.00023941190654757193
2019-06-17,0.0002433559252671703
2019-06-18,0.0002248195866791315
2019-06-19,0.00015002437244228674
2019-06-20,0.00034520537415810366
2019-06-21,0.0001211178653849101
2019-06-24,0.00015861244785575374
2019-06-25,6.179313531739784e-05
2019-06-26,0.00029294365488929144
2019-06-27,0.0004832865642683743
2019-06-28,0.0003415201719273628
2019-07-01,6.115111492884817e-05
2019-07-02,3.965093228712613e-05
2019-07-03,2.2839097585298345e-05
2019-07-04,4.028198344280006e-05
2019-07-05,6.277529097128611e-05
2019-07-08,0.00016199183254422432
2019-07-09,0.00014760612422704689
2019-07-10,4.0495684591737504e-05
2019-07-11,3.9034594814945805e-05
2019-07-12,0.000120486186623615
2019-07-15,4.0069969445994224e-05
2019-07-16,6.344312809550105e-05
2019-07-17,0.00025312289679355423
2019-07-18,0.00012369491639862686
2019-07-19,0.00016459775568063452
2019-07-22,0.00014760612422704689
2019-07-23,0.00019217878995809383
2019-07-24,0.00011237722461015271
2019-07-25,0.00011237722461015271
2019-07-26,9.258315668247044e-05
2019-07-29,0.00014218594297089676
2019-07-30,7.686857514405441e-05
2019-07-31,0.00014370369483651674
2019-08-01,0.00014720877268361652
2019-08-02,0.00010075076913460397
2019-08-05,8.407150450936629e-05
2019-08-06,0.00019062255572359273
2019-08-07,9.127122210635917e-05
2019-08-08,0.0011649920623806405
2019-08-09,5.643509957126232e-05
2019-08-12,8.525066005006322e-05
2019-08-13,5.9031417196471954e-05
2019-08-14,0.0003483078726198896
2019-08-15,0.0002483482846225346
2019-08-16,0.0007005680232545826
2019-08-19,0.0001375181132153066
2019-08-20,0.00022607219190938087
2019-08-21,0.0007259047408124055
2019-08-22,0.0003500859942195431
2019-08-23,0.00038198326730553564
2019-08-26,0.0001483304361575559
2019-08-27,0.000864896154326993
2019-08-28,0.0002119869777950208
2019-08-29,0.0001031170877954678
2019-08-30,0.0002534279917230361
2019-09-03,0.0009773771343592947
2019-09-04,0.0007492309494261851
2019-09-05,0.0002748516972212064
2019-09-06,6.931384103073634e-05
2019-09-09,0.00027347726721180926
2019-09-10,0.001157204343347367
2019-09-11,0.00010456928891344022
2019-09-12,0.0003432785955308334
2019-09-13,9.92986120609238e-05
2019-09-16,0.00014108660506708615
2019-09-17,0.0003105222599496822
2019-09-18,4.4037862078486246e-05
2019-09-19,4.4804691992787616e-05
2019-09-20,0.00014039155312782148
2019-09-23,0.00010775122222695918
2019-09-24,0.0002748516972212064
2019-09-25,0.0002783334490936401
2019-09-26,9.656790924052681e-05
2019-09-27,0.0001830639110662997
2019-09-30,0.00021668941973517085
2019-10-01,0.00047345954963587286
2019-10-02,0.00019160019224145924
2019-10-03,0.00035136205713085807
2019-10-04,0.00038575982631590573
2019-10-07,0.00014294179724085347
2019-10-08,0.00044654165254015126
2019-10-09,7.959133054263176e-05
2019-10-10,0.00014218594297089676
2019-10-11,0.0002558267795801032
2019-10-14,0.0003062862287815505
2019-10-15,7.873835101582061e-05
2019-10-16,7.873835101582061e-05
2019-10-17,3.205709358649396e-05
2019-10-18,5.342369609158855e-05
2019-10-21,0.00011360796833609012
2019-10-22,0.0004717350292600641
2019-10-23,0.00028145241243465605
2019-10-24,5.643509957126232e-05
2019-10-25,8.268853069209969e-05
2019-10-28,4.355524929988784e-05
2019-10-29,5.5812785318083614e-05
2019-10-30,0.00039098530503758254
2019-10-31,0.00027001878070789185
2019-11-01,0.00011581095955105383
2019-11-04,0.0001942835906266958
2019-11-05,0.0006305828589918903
2019-11-06,5.18690845022427e-05
2019-11-07,7.873835101582061e-05
2019-11-08,0.00014641886809656695
2019-11-11,8.067718836264826e-05
2019-11-12,5.4153537813716164e-05
2019-11-13,0.0002193097039145034
2019-11-14,8.268853069209969e-05
2019-11-15,8.200980581065843e-05
2019-11-18,0.00017046416410772285
2019-11-19,5.4449667954278694e-05
2019-11-20,8.360668299425357e-05
2019-11-21,0.00010075076913460397
2019-11-22,0.0012992051300672746
2019-11-25,0.00019062255572359273
2019-11-26,6.12751661684738e-05
2019-11-27,3.696014583208141e-05
2019-11-28,6.253671708313468e-05
2019-11-29,0.00012784965004621258
2019-12-02,0.000668912898878053
2019-12-03,0.000396007324664396
2019-12-04,0.000396007324664396
2019-12-05,0.0005289661026737336
2019-12-06,9.73684587271706e-05
2019-12-09,0.00020756039968326245
2019-12-10,0.00024485021775535256
2019-12-11,0.0006431170594396846
2019-12-12,0.0005808015677894818
2019-12-13,5.347792092068926e-05
2019-12-16,0.0003243306231813037
2019-12-17,0.00013763622538140013
2019-12-18,0.0005815327710376166
2019-12-19,0.00020087941627580118
2019-12-20,0.00020087941627580118
2019-12-23,0.0002634899021241441
2019-12-24,2.9989641878368406e-05
2019-12-25,6.636376706381224e-05
2019-12-26,0.00013763622538140013
2019-12-27,4.0024755671812005e-05
2019-12-30,0.0002565095200490746
2019-12-31,9.678929085947752e-05
2020-01-02,2.9185775514810074e-05
2020-01-03,0.00022314138917149757
2020-01-06,0.00016445133784114612
2020-01-07,9.022434872767064e-05
2020-01-08,0.0005283893692648821
2020-01-09,0.00011299008287264553
2020-01-10,0.00017998700555799183
2020-01-13,4.0024755671812005e-05
2020-01-14,0.00014230183745373213
2020-01-15,0.00019003956127572563
2020-01-16,0.0005312174392436544
2020-01-17,6.820150396218582e-05
2020-01-20,0.0001694102098539195
2020-01-21,0.0006177389755313555
2020-01-22,0.0001849108557829165
2020-01-30,0.00035672364189763924
2020-01-31,0.0019485803558550096
2020-02-03,0.0002965825755929263
2020-02-04,0.0008616887373680822
2020-02-05,0.001127875447284405
2020-02-06,0.001039782715036169
2020-02-07,0.000172477380327567
2020-02-10,0.0006691514017294959
2020-02-11,0.0005050176994190782
2020-02-12,0.00022506927346674507
2020-02-13,0.0001202291961342789
2020-02-14,0.000172477380327567
2020-02-17,0.00012184173089146145
2020-02-18,6.476775702465363e-05
2020-02-19,8.322227017787057e-05
2020-02-20,0.000258228377082422
2020-02-21,0.00017364384341450064
2020-02-24,0.0003794457882427104
2020-02-25,0.000746808113844386
2020-02-26,0.00030863259869456667
2020-02-27,0.00014720877268361652
2020-02-28,0.0006263509662879356
2020-03-02,0.00015685070210320936
2020-03-03,0.0002778186656942506
2020-03-04,0.0011526991149239598
2020-03-05,0.0004601408836931073
2020-03-06,0.00020636857695359716
2020-03-09,0.0
2020-03-10,0.0005031140451172961
2020-03-11,0.0036204722714279916
2020-03-12,0.0007990188233099994
2020-03-13,0.0016486910895005256
2020-03-16,0.0015767916614294842
2020-03-17,0.0015249205486394647
2020-03-18,0.001892715021953878
2020-03-19,0.0013759217416076015
2020-03-20,0.000636256506625923
2020-03-23,0.000594548772508185
2020-03-24,0.0007891542731927394
2020-03-25,0.0008138501451452018
2020-03-26,0.0005193045112882393
2020-03-27,0.0011649920623806405
2020-03-30,1.4001265273773668e-05
2020-03-31,0.003318440166560157
2020-04-01,0.001502285815856572
2020-04-03,0.0
2020-04-06,0.0
2020-04-07,0.0007434605540179112
2020-04-08,0.0029012859591967467
2020-04-09,0.0010693782972038869
2020-04-10,0.0007767294948912285
2020-04-13,0.00069307881150425
2020-04-14,0.001446419320079666
2020-04-15,0.0005161516907649602
2020-04-16,0.0015965655180874962
2020-04-17,0.00012255743350155656
2020-04-20,0.0019631351450195545
2020-04-21,0.0012374954262674815
2020-04-22,0.001028897065950811
2020-04-23,0.0003932944607335511
2020-04-24,0.0006595196032438253
2020-04-27,0.0007767294948912285
2020-04-28,0.0005405826841054308
2020-04-29,0.0005010324318887381
2020-05-04,0.0010847357239264527
2020-05-05,0.0004634460036535778
2020-05-06,0.00012426960561205534
2020-05-07,7.188753879796673e-05
2020-05-08,0.00019327952134096042
2020-05-11,0.0013256004184481758
2020-05-12,0.0016286256932856007
2020-05-13,0.0011233492778579266
2020-05-14,0.00024022563063076294
2020-05-15,0.0006617189345073777
2020-05-18,0.0003544902697354847
2020-05-19,0.0004731967328058779
2020-05-20,0.00018215079867288267
2020-05-21,0.00038938097581713336
2020-05-22,0.0007393255683108827
2020-05-25,0.00035154492125580306
2020-05-26,0.00018067128393297674
2020-05-27,0.0007933254479920395
2020-05-28,0.00018903885161399155
2020-05-29,0.00019466999499230227
2020-06-01,0.00012497745899401553
2020-06-02,0.0018940295994883797
2020-06-03,9.015951804339681e-05
2020-06-04,0.0004565098291755344
2020-06-05,0.0003753759880485664
2020-06-08,0.0006311245387650334
2020-06-09,0.00025553501072888744
2020-06-10,0.0003441629047387423
2020-06-11,0.0024976490498740643
2020-06-12,0.0009612226588542613
2020-06-15,0.0018537666854551954
2020-06-16,0.00032558480085164007
2020-06-17,0.00027773959502784665
2020-06-18,0.00020581733585483639
2020-06-19,0.00013197959671119535
2020-06-22,0.0002673672167337129
2020-06-23,0.00035154492125580306
2020-06-24,0.00026514121204610896
2020-06-25,0.00020404097529371198
2020-06-26,0.00019969940147627645
2020-06-29,0.0008510092251024731
2020-06-30,0.0008701186511062206
2020-07-01,0.000513719306735928
2020-07-02,0.00021222078838359685
2020-07-03,0.0001115049392558141
2020-07-06,0.0001115049392558141
2020-07-07,0.00020404097529371198
2020-07-08,6.244531991353862e-05
2020-07-09,0.0005382644996195054
2020-07-10,0.00013599639042359077
2020-07-13,0.00019800149059284044
2020-07-14,6.00514079220615e-05
2020-07-15,0.0001331088982171687
2020-07-16,0.0003133619666118741
2020-07-17,4.108124627590598e-05
2020-07-20,0.00020581733585483639
2020-07-21,8.40715045093687e-05
2020-07-22,0.00032839804230977074
2020-07-23,0.00029125775939991107
2020-07-24,0.0015362972409295938
2020-07-27,0.0005521011940143864
2020-07-28,0.0007767294948912285
2020-07-29,0.00074169845686218
2020-07-30,0.000265443117603072
2020-07-31,0.00032958099852585976
2020-08-03,0.001028897065950811
2020-08-04,0.000200642578051004
2020-08-05,0.0008666133559469474
2020-08-06,0.0005823987021256195
2020-08-07,0.00030038064193134233
2020-08-10,0.00020761699577419358
2020-08-11,0.00013958713140437755
2020-08-12,0.0009530034997951211
2020-08-13,0.00019062255572358907
2020-08-14,0.00042710466545843996
2020-08-17,0.001014459529046539
2020-08-18,0.0002673672167337129
2020-08-19,5.7792564069033315e-05
2020-08-20,0.00027773959502784665
2020-08-21,0.00013425275681638199
2020-08-24,0.000513719306735928
2020-08-25,0.00019062255572358907
2020-08-26,0.0012563642888406786
2020-08-27,0.00017147941350900922
2020-08-28,0.00017423151752647242
2020-08-31,0.0003240066489842134
2020-09-01,0.0005613985353540266
2020-09-03,0.0002761372528074226
2020-09-04,0.00017920972272583482
2020-09-07,0.00038938097581713336
2020-09-08,0.0001874748026647651
2020-09-09,0.00012707140870422845
2020-09-10,0.0001234407778477712
2020-09-11,7.654894432901544e-05
2020-09-14,0.00025546027860643317
2020-09-15,0.00017920972272583482
2020-09-16,0.00032143224188558396
2020-09-17,0.00024238627211323224
2020-09-18,3.614022266588618e-05
2020-09-21,0.00017147941350900922
2020-09-22,0.0004601408836931073
2020-09-23,0.0001950818141144215
2020-09-24,6.808256574017793e-05
2020-09-25,0.00044413393022174093
2020-09-28,0.0001610982340284788
2020-09-29,0.0008260145994910384
2020-09-30,0.00011299008287264553
2020-10-01,0.0001090939713234894
2020-10-02,0.0005569942931952319
2020-10-05,0.0012322942288153429
2020-10-06,0.00048227712726596825
2020-10-07,0.00015050769575409206
2020-10-08,0.0002470089129165103
2020-10-09,0.00020636857695359716
2020-10-12,0.0007482831277750871
2020-10-13,4.876715631545536e-05
2020-10-14,0.00011036997843532549
2020-10-15,0.0001655206712829227
2020-10-16,0.00011036997843532549
2020-10-19,0.0001668176961466432
2020-10-20,0.00011123312784982301
2020-10-21,0.00011210644257751531
2020-10-22,6.999266695554205e-05
2020-10-23,0.00011299008287264553
2020-10-26,0.0004731967328058779
2020-10-27,0.00039259957057169627
2020-10-28,0.00026294289258039263
2020-10-29,0.00019466999499230227
2020-10-30,0.00035154492125580306
2020-11-02,0.00012707140870422845
2020-11-03,0.00012497745899401553
2020-11-04,0.0004809082457565497
2020-11-05,0.00017920972272583482
2020-11-06,0.00018364856221274526
2020-11-09,0.0003753759880485664
2020-11-10,0.0001610982340284788
2020-11-11,0.0005098631075949087
2020-11-12,0.0001544985419630226
2020-11-13,0.00015685070210320936
2020-11-16,0.00042567917686092715
2020-11-17,0.0009276603466887184
2020-11-18,0.0006297699681819888
2020-11-19,0.0005450500973388077
2020-11-20,0.00037672528197809903
2020-11-23,0.00013892377104758415
2020-11-24,0.0005863765432445407
2020-11-25,0.00017364384341450064
2020-11-26,0.0001748221801306493
2020-11-27,0.0001286275127504793
2020-11-30,0.0001815226402505185
2020-12-01,0.0005318110826523972
2020-12-02,0.00023919561173470466
2020-12-03,0.00026799833248149994
2020-12-04,0.000288136946571403
2020-12-07,8.075036767755477e-05
2020-12-08,8.129007144583028e-05
2020-12-09,0.0002235773635607234
2020-12-10,0.0005889552877359967
2020-12-11,0.00012307251763118962
2020-12-14,0.00031409637163486685
2020-12-15,0.00019125017473188178
2020-12-16,0.000494068423759479
2020-12-17,0.0004330114218709734
2020-12-18,7.256895631188127e-05
2020-12-21,0.0007192776491740219
2020-12-22,0.00021923460953094355
2020-12-23,0.00010506913580162112
2020-12-24,0.0019996994952956146
2020-12-25,0.0005252198554488326
2020-12-28,0.001520494177625473
2020-12-29,0.0007086057776856802
2020-12-30,0.0002903050312299693
2020-12-31,0.0007761548272779882
2021-01-04,0.0010319018449568768
2021-01-05,0.001157204343347367
2021-01-06,0.0007037093210458907
2021-01-07,0.0015626032085006077
2021-01-08,0.001061661709604185
2021-01-11,0.0005284321798764058
2021-01-12,0.0018203108118633228
2021-01-13,0.0012237185332715673
2021-01-14,0.0005984647091944071
2021-01-15,0.0013473002771350238
2021-01-18,0.0013076329220864942
2021-01-19,0.0024376434340900107
2021-01-20,0.0029337951710145384
2021-01-21,0.001502285815856572
2021-01-22,0.000853252873673276
2021-01-25,0.0008041729149166129
2021-01-26,0.002859886606998438
2021-01-27,0.0034261412956978596
2021-01-28,0.00041344883413883127
2021-01-29,0.004793418476865995
2021-02-01,0.0024585030784829973
2021-02-02,0.00217071506198705
2021-02-03,0.00045619882140505926
2021-02-04,0.0006177389755313555
2021-02-05,0.0003800123303151075
2021-02-08,0.0027488005142176056
2021-02-09,0.0009612226588542613
2021-02-17,1.2932551029056435e-05
2021-02-18,0.0012752201799709545
2021-02-19,0.0010543447690025366
2021-02-22,0.0006093034032092477
2021-02-23,0.00030420280503939913
2021-02-24,0.0010834433407291087
2021-02-25,0.0004097508476499119
2021-02-26,0.0003296345731393586
2021-03-01,0.0008250850949860168
2021-03-02,0.00019746273083213635
2021-03-03,7.410260435103446e-05
2021-03-04,0.002161160437265606
2021-03-05,0.000474437175046331
2021-03-08,0.0007201908245575721
2021-03-09,0.0002011532126175233
2021-03-10,0.00030649574759577814
2021-03-11,0.00016465510285268485
2021-03-12,0.0002991368367425524
2021-03-15,0.00010207337786130573
2021-03-16,0.0001583481845877402
2021-03-17,0.0007731791433045122
2021-03-18,0.00021218479235274518
2021-03-19,0.00022984386658977067
2021-03-22,0.0001604809542089021
2021-03-23,0.00022984386658977067
2021-03-24,0.0009722654917338297
2021-03-25,0.0003620669912489918
2021-03-26,0.0026323485408222113
2021-03-29,0.0003620669912489918
2021-03-30,0.00047702911431844904
2021-03-31,0.0002433559252671703
2021-04-01,0.0005310501810863406
2021-04-02,0.00016392055298510293
2021-04-05,0.00033287311244476907
2021-04-06,0.00029946293744400693
2021-04-07,5.818850989106508e-05
2021-04-08,7.83869850857332e-05
2021-04-09,6.930136345355765e-05
2021-04-12,9.402126119622232e-05
2021-04-13,0.0005402156604327843
2021-04-14,0.000728787235746806
2021-04-15,0.00038933251403051975
2021-04-16,0.0004128295001817203
2021-04-19,0.0002820941822930644
2021-04-20,0.00046344600365358336
2021-04-22,0.001847648174184733
2021-04-23,0.0009895549320170557
2021-04-26,0.001685645365798418
2021-04-27,0.0006502170012261394
2021-04-28,0.0004792757728729096
2021-04-29,0.00023550539873168052
2021-05-04,0.0010364337576471996
2021-05-05,0.00046495032305382897
2021-05-06,0.0005389914623511973
2021-05-07,0.000669697928345354
2021-05-10,0.0009360828711444918
2021-05-11,0.0014597340484650578
2021-05-12,0.0002807280149009749
2021-05-13,0.000592099752095292
2021-05-14,0.0003708239844260838
2021-05-17,0.0007142635261011281
2021-05-18,0.0011652518249217272
2021-05-19,0.00021601498317511006
2021-05-20,0.00040406803448168356
2021-05-21,0.0015303851787625015
2021-05-24,0.00033013523345115637
2021-05-25,0.00017046416410772627
2021-05-26,0.00014332198660569787
2021-05-27,0.0008089621747251472
2021-05-28,0.0012963210854096908
2021-05-31,0.0014767523320968379
2021-06-01,0.00043535936537983757
2021-06-02,0.0003428803469342063
2021-06-03,0.00029302219041445063
2021-06-04,0.0023829233832752626
2021-06-07,0.0011077966149320385
2021-06-08,0.0018063484692869506
2021-06-09,0.0021239877831031382
2021-06-10,0.0015619080430426735
2021-06-11,0.001047919268816589
2021-06-14,0.000374277405129543
2021-06-15,0.00043535936537983757
2021-06-16,0.00037137131897595145
2021-06-17,0.002324378005077455
2021-06-18,0.00013390805589476965
2021-06-21,0.00032019756302993424
2021-06-22,0.0006630767855729719
2021-06-23,0.00042977106801031804
2021-06-24,0.0004900752318661599
2021-06-25,0.0005007049374578735
2021-06-28,0.00024571427930258487
2021-06-29,0.0004983511576017592
2021-06-30,0.0001964700655746165
2021-07-01,0.0012563642888406786
2021-07-02,0.00020776803190630967
2021-07-05,0.0011033249406144485
2021-07-06,0.0034181833423622856
2021-07-07,0.0011513271703110677
2021-07-08,0.0004554056885405498
2021-07-09,0.001832992185521235
2021-07-12,0.0014877523052005354
2021-07-13,0.00036015563658505173
2021-07-14,0.0006205897959312857
2021-07-15,0.0004792757728729096
2021-07-16,0.0005638825208607645
2021-07-19,0.000792134599048718
2021-07-20,0.0014865752193861268
2021-07-21,0.0005520140930268118
2021-07-22,0.00038198326730553564
2021-07-23,0.0012887580535437045
2021-07-26,0.00035136205713085807
2021-07-27,0.000999557797034296
2021-07-28,0.00029556824387744733
2021-07-29,0.00027211312142598015
2021-07-30,6.627292968128979e-05
2021-08-02,0.0006232909885190761
2021-08-03,0.0003500859942195431
2021-08-04,0.0009261682932026821
2021-08-05,0.0001696435755157498
2021-08-06,0.00027401385717967195
2021-08-09,0.00021936980720561056
2021-08-10,0.0017168129834163463
2021-08-11,0.0003860384218036559
2021-08-12,0.0005385364523669505
2021-08-13,0.0004184323051329438
2021-08-16,0.00035105760052055326
2021-08-17,0.0005148964920227821
2021-08-18,0.0005021662521250484
2021-08-19,8.007306459736217e-05
2021-08-20,0.0018594201893776957
2021-08-23,0.0016864996305494065
2021-08-24,0.0006855209568211382
2021-08-25,0.00018725910981443007
2021-08-26,0.0005464822205506519
2021-08-27,0.0006208499396076321
2021-08-30,7.557586829415514e-05
2021-08-31,0.0008645936486933638
2021-09-01,0.0002366034445551012
2021-09-06,0.0011922220486406214
2021-09-07,0.0005601253076546764
2021-09-08,0.00026155816703428593
2021-09-09,0.0002876376717391578
2021-09-10,0.00017724870456035848
2021-09-13,0.0002119869777950208
2021-09-14,0.00021353730459787
2021-09-15,0.0014316778251261797
2021-09-16,0.00032719536916469655
2021-09-17,0.0006037011404921546
2021-09-20,0.0006128340314005883
2021-09-21,0.0023711547852823204
2021-09-22,0.00018215079867288267
2021-09-23,0.0006022682960544343
2021-09-24,0.0012279891446110125
2021-09-27,0.0015244284112617425
2021-09-28,0.001415696233322784
2021-09-29,0.001404128594727508
2021-09-30,0.000722637395653008
2021-10-01,0.0014761796124471897
2021-10-04,0.0009928926260762588
2021-10-05,0.0007895089690799032
2021-10-06,0.00032143224188558396
2021-10-07,0.0001556679580825162
2021-10-08,0.00025074477726342974
2021-10-11,0.00022989346863622488
2021-10-12,0.0009246257790346255
2021-10-13,8.669868639868815e-05
2021-10-14,0.0002805920162239172
2021-10-15,0.00028262279142171165
2021-10-18,0.000999557797034296
2021-10-19,0.00013409590977835997
2021-10-20,0.0007227219824488557
2021-10-21,0.0007435354989489106
2021-10-22,0.0007585629672651988
2021-10-25,0.0011383893522186243
2021-10-26,0.00036954459351579833
2021-10-27,0.00031130358596044073
2021-10-28,0.00019461329471163986
2021-10-29,0.00016788583676004116
2021-11-01,0.0007944983836293026
2021-11-02,0.001327746718888825
2021-11-03,0.000500767624294561
2021-11-04,0.0003802676883124762
2021-11-05,0.0012245832303673
2021-11-08,0.0005656438148043011
2021-11-09,0.0007920124762144238
2021-11-10,0.0004416000341164889
2021-11-11,0.0003593904013623407
2021-11-12,0.000843541357784527
2021-11-15,0.0013902960120370058
2021-11-16,0.0008234242282434822
2021-11-17,0.00022733529527258563
2021-11-18,0.0006308762934440254
2021-11-19,0.002251445024259506
2021-11-22,0.0008599987652555845
2021-11-23,0.0005639918447915383
2021-11-24,0.00045203113929783014
2021-11-25,0.0003747711697827658
2021-11-26,0.0012857612525507952
2021-11-29,0.0006838375285482931
2021-11-30,0.0007700796600341091
2021-12-01,0.0010910182119609915
2021-12-02,0.000529762808305145
2021-12-03,0.001990755267919599
2021-12-06,0.000535961196079233
2021-12-07,0.0010508975266919772
2021-12-08,0.00023919561173470466
2021-12-09,0.0003159476261197554
2021-12-10,0.0001715279847771297
2021-12-13,0.0002055868273704328
2021-12-14,0.00023994405753196922
2021-12-15,0.0005039592323135071
2021-12-16,0.00013233095464814661
2021-12-17,0.0005469026330404806
2021-12-20,0.0005085873533910993
2021-12-21,0.00039422385464745277
2021-12-22,0.000938034905387735
2021-12-23,0.0020036061516763397
2021-12-24,0.0009474817985583471
2021-12-27,0.0008232158585485068
2021-12-28,0.00044546344795175224
2021-12-29,0.0006820178359825583
2021-12-30,0.000283700487931421
2021-12-31,0.0009763243586547627
2022-01-04,0.0011576302094499199
2022-01-05,0.0002025781837626667
2022-01-06,0.0003331684751988555
2022-01-07,0.00038016033258822627
2022-01-10,0.0022398150358524695
2022-01-11,0.0003719394797354463
2022-01-12,0.0007896974985550249
2022-01-13,0.0016619698553679402
2022-01-14,0.0006780799997080118
2022-01-17,0.0007526927996591504
2022-01-18,0.001336506183505625
2022-01-19,0.0023450823204460456
2022-01-20,0.0008142238685242153
2022-01-21,0.0017913835741811793
2022-01-24,0.0018567349831676624
2022-01-25,0.0006744270142907355
2022-01-26,0.0002696497306279277
2022-01-27,0.00032539430677332805
2022-01-28,0.002396786114581531
2022-02-07,0.0004359774590991882
2022-02-08,0.0003048307923436117
2022-02-09,0.0005160081315653556
2022-02-10,0.00021473902335710095
2022-02-11,0.0003640771433554438
2022-02-14,0.0004068610392691092
2022-02-15,0.0002629133730385044
2022-02-16,0.0010373686702458125
2022-02-17,0.00018005620215772158
2022-02-18,0.0001397907727317933
2022-02-21,0.00024057044915363367
2022-02-22,0.00019439617296894733
2022-02-23,0.0011092475436128724
2022-02-24,0.0015875255865613724
2022-02-25,0.00075363308419598
2022-02-28,0.0004926208260275101
2022-03-01,0.0002925645112724808
2022-03-02,0.0004502115830826213
2022-03-03,0.00041864686083743985
2022-03-04,0.00023177524295564587
2022-03-07,0.0005705397404760574
2022-03-08,0.0005768873973549042
2022-03-09,0.0014798228291085249
2022-03-10,0.000617979129200483
2022-03-11,0.0009284077260653501
2022-03-14,0.0007003435916291753
2022-03-15,0.0011738227997605958
2022-03-16,0.00025456604450528847
2022-03-17,0.0003185313777006709
2022-03-18,0.00011370774394573236
2022-03-21,0.00032999654372115246
2022-03-22,0.00015521926557442495
2022-03-23,0.0003072206878760141
2022-03-24,0.00036174791381984764
2022-03-25,0.00020944036432362812
2022-03-28,0.0004886030310694785
2022-03-29,0.001032158675378131
2022-03-30,0.0008628901760629409
2022-03-31,0.0007555779946904171
2022-04-01,0.000541317854539464
2022-04-04,0.0002881597619478251
2022-04-05,6.236323366611905e-05
2022-04-06,0.0002318061712815528
2022-04-07,0.00042750123732839766
2022-04-08,0.0017288450535730424
2022-04-12,0.002562147077463358
2022-04-13,0.0007745205194066725
2022-04-14,0.0004011199768970527
2022-04-15,0.0008867679534692734
2022-04-18,0.0013377414994479007
2022-04-19,0.0009417085700480351
2022-04-20,0.0027437879774512603
2022-04-21,0.0017347262197849734
2022-04-22,0.0018075728902792096
2022-04-25,0.003506596471296665
2022-04-26,0.006865775759214638
2022-04-27,0.0008872057188471872
2022-04-28,0.0005663893182881559
2022-04-29,0.00045669986399905814
2022-05-04,0.0018163550829109693
2022-05-05,0.0010907832782237198
2022-05-06,0.0015980846478310228
2022-05-09,0.0015393280736565253
2022-05-10,0.005745861989701886
2022-05-11,0.000416947721250573
2022-05-12,0.002507581688368261
2022-05-13,0.0030731102831799187
2022-05-16,0.00028376492983224575
2022-05-17,0.0014740700009200204
2022-05-18,0.0007912396870950097
2022-05-19,0.003524825683983876
2022-05-20,0.000841445656464225
2022-05-23,0.0016703789575755765
2022-05-24,0.0013680038744900975
2022-05-25,0.0010304552830503963
2022-05-26,0.0005969704033839866
2022-05-27,0.0006000183062389229
2022-05-30,0.0010012045984208735
2022-05-31,0.0006927771534523673
2022-06-01,0.0019233542649755113
2022-06-02,0.0006575136591135427
2022-06-03,0.0003304354022041012
2022-06-06,0.0012226029879572771
2022-06-07,0.0020537837340739357
2022-06-08,0.0012113677925782548
2022-06-09,0.00024635831637995876
2022-06-10,0.001009196526913094
2022-06-13,0.0009935452554441723
2022-06-14,0.0007004117898305168
2022-06-15,0.0018919174403943754
2022-06-16,0.0012181202649987506
2022-06-17,0.0016131389773704004
2022-06-20,0.0008069132622229837
2022-06-21,0.0015756885925990183
2022-06-22,0.00154323805852065
2022-06-23,0.0034206818721340877
2022-06-24,0.0007406316671724241
2022-06-27,0.0005816262920618035
2022-06-28,0.0004820252622091527
2022-06-29,0.0004225480253282909
2022-06-30,0.0012680013972925066
2022-07-01,0.00286987727863112
2022-07-04,0.00021036106969371418
2022-07-05,0.0008136503522192899
2022-07-06,0.0010221566315737698
2022-07-07,0.001721052781143564
2022-07-08,0.00025281835249704
2022-07-11,0.0008380047862937639
2022-07-12,0.0015447314969551523
2022-07-13,0.0006356249129968556
2022-07-14,0.0009119499672287331
2022-07-15,0.0002990513419970693
2022-07-18,0.00021036106969371418
2022-07-19,0.0005159425244515291
2022-07-20,0.0004225480253282909
2022-07-21,0.00031512888404484034
2022-07-22,0.0002887275075774171
2022-07-25,0.0006356249129968556
2022-07-26,0.0003156071462596926
2022-07-27,0.0006593502269757084
2022-07-28,0.0002525649852501475
2022-07-29,0.0004451097130958586
2022-08-01,0.0007856306624750351
2022-08-02,0.0012753949646525811
2022-08-03,0.00035597684498148765
2022-08-04,0.00034591101832774857
2022-08-05,0.001467907834946316
2022-08-08,0.0011945020951631402
2022-08-09,0.00042977106801031804
2022-08-10,0.0020485967434340432
2022-08-11,0.0006497603083356348
2022-08-12,0.0004971077976342141
2022-08-15,0.0008693419674612544
2022-08-16,0.0008601023248337592
2022-08-17,0.0007749809549444836
2022-08-18,0.0004719912279450476
2022-08-19,0.0007643491341469684
2022-08-22,0.0009058963587093337
2022-08-23,0.0005901715895060096
2022-08-24,0.0009227884497559763
2022-08-25,0.00033337161155155837
2022-08-26,0.0008373086442737772
2022-08-29,0.002623142561259376
2022-08-30,0.00048374399940155535
2022-08-31,0.0006596378857455496
2022-09-05,0.0019872885090011973
2022-09-06,0.00027855450866596837
2022-09-07,0.0013862688890686546
2022-09-08,0.001604182905616495
2022-09-09,0.0020884888661998886
2022-09-12,0.0011352963823866968
2022-09-13,0.0011032262316076997
2022-09-14,0.0014841941703159082
2022-09-15,0.0007487415264015741
2022-09-16,0.0006830418255168966
2022-09-19,0.0013461887827444488
2022-09-20,0.001719604498037655
2022-09-21,0.001395402082677164
2022-09-22,0.0005320339555269024
2022-09-23,0.0005223584774905268
2022-09-26,0.0012377246701148884
2022-09-27,0.0028571582254374294
2022-09-28,0.0019912247817950117
2022-09-29,0.002234579477627079
2022-09-30,0.004851615968706161
2022-10-03,0.0017943410975914884
2022-10-04,0.0006497603083356348
2022-10-05,0.0005281170599615648
2022-10-06,0.0012743118786646128
2022-10-07,0.004166488419949533
2022-10-10,0.0006089695815652732
2022-10-11,0.0023226350649779254
2022-10-12,0.0026692700155713594
2022-10-13,0.0006041843954254208
2022-10-14,0.0006455786341721733
2022-10-17,0.0032437219978727885
2022-10-18,0.0010227345522997675
2022-10-19,0.0009353876501531507
2022-10-20,0.00027855450866596837
2022-10-21,0.004128158927635455
2022-10-24,0.002725857069948381
2022-10-25,0.0057860651570849735
2022-10-26,0.0025660599552483677
2022-10-27,0.0018817061175793427
2022-10-28,0.0006640774862174243
2022-10-31,0.0012451195279739788
2022-11-01,0.0032232614372305858
2022-11-02,0.001296125904724926
2022-11-03,0.000980953348303498
2022-11-04,0.001582990311322155
2022-11-07,0.001582990311322155
2022-11-08,0.0010651860525288505
2022-11-09,0.0009278695219059077
2022-11-10,0.0016108929393101599
2022-11-11,0.003196961021074979
2022-11-14,0.0011669673311008285
2022-11-15,0.0
2022-11-16,0.00648295525616103
2022-11-17,0.0017254633520367847
2022-11-18,0.001145374873836497
2022-11-21,0.0011906970354602481
2022-11-22,0.002146923345270457
2022-11-23,0.001866533872300465
2022-11-24,0.002116888436986514
2022-11-25,0.00073871723770102
2022-11-28,0.0015170333834169476
2022-11-29,0.0029053482043300723
2022-11-30,0.0009020602825052533
2022-12-01,0.003326660473179478
2022-12-02,0.0014572938942275485
2022-12-05,0.0007649846799065537
2022-12-06,0.0015637985513528667
2022-12-07,0.0008324451774255251
2022-12-08,0.0014445600879255359
2022-12-09,0.00025081744953434196
2022-12-12,0.0017616865185735107
2022-12-13,0.0007362914088780574
2022-12-14,0.0009638031685172228
2022-12-15,0.000560157942225166
2022-12-16,0.0011223519264506477
2022-12-19,0.0010792131643242969
2022-12-20,0.0018046887445742944
2022-12-21,0.0017201557413230755
2022-12-22,0.000560157942225166
2022-12-23,0.0007404276508989885
2022-12-26,0.0011361298780148508
2022-12-27,0.0025600786838125803
2022-12-28,0.0006263509662879356
2022-12-29,0.0005516404301744933
2022-12-30,0.00018880954474007075
2023-01-03,0.0008349056091566258
2023-01-04,0.0013642559189204033
2023-01-05,0.00019719288539590105
2023-01-06,0.0010240863737650497
2023-01-09,0.0005080907967693289
2023-01-10,0.0003003389672537694
2023-01-11,0.00015389363594099217
2023-01-12,0.0011498576912724369
2023-01-13,0.00037665408525571793
2023-01-16,0.00017541585152510314
2023-01-17,0.0009632271409814386
2023-01-18,0.0003947011620925123
2023-01-19,0.00020331265026306793
2023-01-27,0.0007718454378502954
2023-01-30,0.0006759029435377497
2023-01-31,0.0002663181917048218
2023-02-01,0.0019478568708389907
2023-02-02,0.000391833674682802
2023-02-03,0.0004621519765898462
2023-02-06,0.0005558021308550314
2023-02-07,0.00028522475667884447
2023-02-08,0.0006170142547362942
2023-02-09,0.0014870880865887558
2023-02-10,0.00048501451601972394
2023-02-13,0.001170465377622385
2023-02-14,0.00021955026540384275
2023-02-15,0.0006660727044234231
2023-02-16,0.0009385337701177947
2023-02-17,0.00012504210902812413
2023-02-20,0.0003568878874816906
2023-02-21,0.000347230292929569
2023-02-22,0.002020776973212711
2023-02-23,0.002062200685356243
2023-02-24,0.00175236579569164
2023-02-27,0.0009057701979837266
2023-02-28,0.0001964975689995339
2023-03-01,0.0007842447849729364
2023-03-02,0.0005539420914090615
2023-03-03,0.0004249414783593547
2023-03-06,0.00032295283990588664
2023-03-07,0.0003199223585876892
2023-03-08,0.0008772050617956937
2023-03-09,0.0001399398695028662
2023-03-10,0.00047925178878681157
2023-03-13,0.0001174665229211857
2023-03-14,0.0012437074446521384
2023-03-15,0.00045569058476484665
2023-03-16,0.0002663181917048218
2023-03-17,7.825874000316765e-05
2023-03-20,0.0008836751206449369
2023-03-21,0.00022998245045580508
2023-03-22,0.00015203322883631485
2023-03-23,0.0003838017134204883
2023-03-24,5.833280786355908e-05
2023-03-27,0.00011550748546533811
2023-03-28,0.0002565095200490746
2023-03-29,0.00017103575679014896
2023-03-30,0.00013485541504920897
2023-03-31,0.0001745264740024319
2023-04-03,9.505439437660196e-05
2023-04-04,5.2482681820162656e-05
2023-04-05,0.00027988641371715924
2023-04-06,0.00015756222415161617
2023-04-07,9.645860627536107e-05
2023-04-10,0.0002445455777177616
2023-04-11,0.0003947011620925123
2023-04-12,0.00033337161155155837
2023-04-13,0.0005495200528439344
2023-04-14,0.0006000591025205787
2023-04-17,0.00011055409119228068
2023-04-18,3.6007937920641566e-05
2023-04-19,0.00010891349250911064
2023-04-20,8.142584282954525e-05
2023-04-21,0.00011055409119228068
2023-04-24,5.008962610841774e-05
2023-04-25,0.00014403894185076446
2023-04-26,0.00021119170122228787
2023-04-27,0.0002433559252671703
2023-04-28,0.00012663467247109423
2023-05-04,0.00014403894185076446
2023-05-05,3.61885069985511e-05
2023-05-08,0.00045790762412518336
2023-05-09,0.0011146360362698814
2023-05-10,7.066295609030526e-05
2023-05-11,0.0007996258588666071
2023-05-12,0.0002158948794751563
2023-05-15,0.00041198424329385615
2023-05-16,0.00035200941258219863
2023-05-17,0.0003568878874816906
2023-05-18,0.00040821252892867736
2023-05-19,0.0006795110146209654
2023-05-22,0.0001566662911050715
2023-05-23,0.00046880875192540765
2023-05-24,0.00022919485420974862
2023-05-25,0.0013662329170432315
2023-05-26,7.339952371656394e-05
2023-05-29,0.00022528362194132275
2023-05-30,0.00012458071405298783
2023-05-31,0.00022147166373446574
2023-06-01,9.769811690730958e-05
2023-06-02,0.00022147166373446574
2023-06-05,0.0003382004903575868
2023-06-06,0.00029924532185204037
2023-06-07,0.0001024560512299094
2023-06-08,0.001027845867830558
2023-06-09,0.00032237052705406596
2023-06-12,0.00023698168583035552
2023-06-13,0.00020581733585483264
2023-06-14,0.0003599066672568286
2023-06-15,0.000780538360165602
2023-06-16,0.0003780227303920529
2023-06-19,0.00022147166373446574
2023-06-20,0.00030051080407064663
2023-06-21,0.0004077288114102731
2023-06-22,0.00032230642263030056
2023-06-23,0.0006094449358675306
2023-06-26,0.0003026378521545542
2023-06-27,0.00035858456038973153
2023-06-28,0.00017664988889291313
2023-06-29,9.106497026467395e-05
2023-06-30,5.07964454718524e-05
2023-07-03,0.00014477796002021693
2023-07-04,0.0008242355153086263
2023-07-05,9.160210849662898e-05
2023-07-06,0.0006400453428681808
2023-07-07,0.00012429096726267132
2023-07-10,0.00020351255040261575
2023-07-11,9.68013040923282e-05
2023-07-12,0.00011161813849455168
2023-07-13,0.00016704215703357964
2023-07-14,0.00027814494784646584
2023-07-17,0.0002747844116972438
2023-07-18,0.0002077680319063134
2023-07-19,0.00024038887323964882
2023-07-20,0.00011565148673160705
2023-07-21,7.426472672802577e-05
2023-07-24,0.00038571863116996266
2023-07-25,0.00014370369483651674
2023-07-26,0.00019340742657869605
2023-07-27,0.0003474092876073653
2023-07-28,0.00047889352681501765
2023-07-31,0.00021568651625640878
2023-08-01,0.00043831001559731887
2023-08-02,0.0003087352257845223
2023-08-03,0.00023273690745741362
2023-08-04,0.00048404572343125225
2023-08-07,6.277529097128611e-05
2023-08-08,0.0001968583212758344
2023-08-09,0.00013172844934442182
2023-08-10,0.0003446724584347607
2023-08-11,0.000271484414974205
2023-08-14,7.083597209823403e-05
2023-08-15,5.1525231823684366e-05
2023-08-16,0.00030147485487032485
2023-08-17,9.160210849662898e-05
2023-08-18,0.0020138610214015655
2023-08-21,0.0006995729299916539
2023-08-22,0.0012742062856262795
2023-08-23,0.00035378404878825366
2023-08-24,0.0001607685757941279
2023-08-25,0.000215330023307838
2023-08-28,6.900043050012396e-05
2023-08-29,0.00018415192392377813
2023-08-30,9.68013040923282e-05
2023-08-31,0.00013858250760009943
2023-09-05,0.00010484376216857051
2023-09-06,0.00010443245630094538
2023-09-07,0.00038324874839405846
2023-09-08,6.633519805796399e-05
2023-09-11,0.0007488035393905965
2023-09-12,0.00018814272353318912
2023-09-13,0.00041399798770430527
2023-09-14,0.00036915663676312854
2023-09-15,0.0006761238597719984
2023-09-18,0.0004352022423197809
2023-09-19,0.0004188034961818561
2023-09-20,4.704966913378058e-05
2023-09-21,0.00024490514775258796
2023-09-22,0.00085972576975065
2023-09-25,0.002419326239517692
2023-09-26,0.0009462713680582689
2023-09-27,0.0009528931530817072
2023-09-28,0.0005954468900353288
2023-09-29,0.00026227811009193433
2023-10-02,0.0006593267800203071
2023-10-03,0.0006242166409693392
2023-10-04,0.0013953779287549256
2023-10-05,0.0005883704126875797
2023-10-06,0.00031079856497063005
2023-10-09,0.00015177343581790427
2023-10-10,0.00021736191331157826
2023-10-11,0.001802410356622617
2023-10-12,0.00046322080406390343
2023-10-13,0.00045986241528587915
2023-10-16,0.0009578474704494647
2023-10-17,0.001572935980514788
2023-10-18,0.0016486910895005256
2023-10-19,0.0002982636088448595
2023-10-20,0.0012831065163676182
2023-10-23,0.0007339764780770067
2023-10-24,0.0003479145744598582
2023-10-25,0.0003091374928153106
2023-10-26,0.0007126766331421635
2023-10-27,0.0008631868074440376
2023-10-30,0.002436014064506561
2023-10-31,0.0025419040350980445
2023-11-01,0.0015915986013616994
2023-11-02,0.000690771739815264
2023-11-03,0.000271484414974205
2023-11-06,0.00020693936712623694
2023-11-07,0.0010337895906801034
2023-11-08,0.0011497895735423553
2023-11-09,0.00020628865508021062
2023-11-10,0.00023969723060893479
2023-11-13,0.00024060412972996294
2023-11-14,0.00023436198197366827
2023-11-15,0.0003505227172235244
2023-11-16,0.0001566526439706848
2023-11-17,0.0008118797371158891
2023-11-20,0.0003734457045131701
2023-11-21,0.0004908497580431296
2023-11-22,9.336783059739855e-05
2023-11-23,0.0013671529851326343
2023-11-24,0.0004684708594874442
2023-11-27,0.0003428107536827764
2023-11-28,0.00026498694787982995
2023-11-29,0.0007126766331421635
2023-11-30,0.0003122339272822785
2023-12-01,0.00029074365045273095
2023-12-04,0.00015627454908110535
2023-12-05,0.0005029835645342066
2023-12-06,0.00031838325344672486
2023-12-07,0.0006430883188326892
2023-12-08,0.0002228549801426842
2023-12-11,0.0001573958794093623
2023-12-12,7.503181375522842e-05
2023-12-13,0.0011240387014605237
2023-12-14,0.00020019497914218639
2023-12-15,0.00017270973072504726
2023-12-18,0.00015606071525066866
2023-12-19,0.00011901359710732235
2023-12-20,0.0001676407876843406
2023-12-21,0.00012188245909150335
2023-12-22,9.109885678124326e-05
2023-12-25,0.00011230359632855342
2023-12-26,0.0001335539716744517
2023-12-27,5.273684106506282e-05
2023-12-28,0.00011230359632855342
2023-12-29,9.010471587351366e-05
2024-01-02,0.00011068133405915358
2024-01-03,5.351049545520619e-05
2024-01-04,8.848360833378889e-05
2024-01-05,7.089767255069424e-05
2024-01-08,0.00023090350633611471
2024-01-09,0.0003621706371254387
2024-01-10,5.8160093300712234e-05
2024-01-11,0.000122518490179133
2024-01-12,0.0001483304361575559
2024-01-15,9.584271391242906e-05
2024-01-16,5.628636089311644e-05
2024-01-17,0.00010000650261354408
2024-01-18,0.00011768294840117528
2024-01-19,5.586682585343443e-05
2024-01-22,9.548317583798268e-05
2024-01-23,0.00023090350633611471
2024-01-24,6.00514079220615e-05
2024-01-25,9.336783059739855e-05
2024-01-26,3.0638057004899004e-05
2024-01-29,6.027341542409946e-05
2024-01-30,5.312155567316815e-05
2024-01-31,0.00023005084963543827
2024-02-01,0.00011551427439576695
2024-02-02,7.91631175083802e-05
2024-02-05,0.00025807140448429937
2024-02-06,0.0001159814277368358
2024-02-07,6.700328617310998e-05
2024-02-15,0.00013086460632663895
2024-02-16,8.669868639868571e-05
2024-02-19,0.00024393163969022168
2024-02-20,0.00010614547744157306
2024-02-21,0.00013086460632663895
2024-02-22,0.0007118435498533734
2024-02-23,0.0007916895279257014
2024-02-26,0.0003344840195656432
2024-02-27,0.0003122339272822785
2024-02-28,0.0011716432494986836
2024-02-29,0.000277407866592337
2024-03-01,0.0006215696087752502
2024-03-04,0.0004025527191630698
2024-03-05,0.0002634899021241484
2024-03-06,0.0007259982112282186
2024-03-07,0.00036394349415905236
2024-03-08,0.0005221313350003745
2024-03-11,0.0003203486027920931
2024-03-12,0.00013969180560980513
2024-03-13,0.0004962354670876952
2024-03-14,0.0011114311203619036
2024-03-15,0.0006047843225202368
2024-03-18,0.002189056011083913
2024-03-19,0.0007563351071984298
2024-03-20,0.00020012729180866323
2024-03-21,0.00025379483434442753
2024-03-22,0.00014658463456570592
2024-03-25,0.0005833580361932818
2024-03-26,0.00031735862665214733
2024-03-27,0.0003616669039762003
2024-03-28,6.775481739069606e-05
2024-03-29,0.00032849570019803095
2024-04-01,0.0002648649175456484
2024-04-02,0.0021515028166568216
2024-04-03,0.00030911138239455156
2024-04-04,0.0002552236084221849
2024-04-05,0.0007228661987282477
2024-04-08,0.00027020010121622183
2024-04-09,0.0001616887138048635
2024-04-10,0.0007683032581286734
2024-04-11,0.00025926799756463505
2024-04-12,0.00031535079905826654
2024-04-15,0.0029689671502274462
2024-04-16,0.0007175140269228587
2024-04-17,0.0010639126401617287
2024-04-19,0.0009109422558062003
2024-04-22,0.0001484056691263346
2024-04-23,0.0005561131469433138
2024-04-24,0.0005031461712024051
2024-04-25,0.00019742667322645245
2024-04-26,0.00017046416410772627
2024-05-02,0.0003023643318587104
2024-05-03,0.0001522936894795351
2024-05-06,0.00028558606425836176
2024-05-07,6.462334304246727e-05
2024-05-08,0.0017849113064136663
2024-05-09,0.00017860890641845564
2024-05-10,0.0007498563811367635
2024-05-13,0.00018040898252852985
2024-05-14,0.00012642270200668185
2024-05-15,0.00015530672753461596
2024-05-16,0.00034729265989990953
2024-05-17,0.00018766924502785067
2024-05-20,0.00016559932439296727
2024-05-21,0.00019222624572610012
2024-05-22,0.0003605429466142097
2024-05-23,0.00029584938702928833
2024-05-24,0.0026792041256741644
2024-05-27,0.00012806153146560135
2024-05-28,0.00013254244332356707
2024-05-29,0.0003986761523115478
2024-05-30,0.0005221313350003745
2024-05-31,8.763322233100348e-05
2024-06-03,0.00013296694453269082
2024-06-04,0.00012181846679953664
2024-06-05,0.00028562246026890586
2024-06-06,0.00020141924705156585
2024-06-07,8.679146559332858e-05
2024-06-10,0.00019821254267140585
2024-06-11,7.443417061810256e-05
2024-06-12,8.336776923450001e-05
2024-06-13,0.00012181846679953664
2024-06-14,0.0005530271689617873
2024-06-17,9.68277410787324e-05
2024-06-18,4.690499606330361e-05
2024-06-19,6.136400545179329e-05
2024-06-20,0.00013015527171247375
2024-06-21,0.00011620865643818465
2024-06-24,0.0012697901410044466
2024-06-25,9.978991809846114e-05
2024-06-26,0.00020224502899919845
2024-06-27,3.452786246682982e-05
2024-06-28,0.0004994796889565568
2024-07-01,0.00017938187471605382
2024-07-02,0.00010082823609065346
2024-07-03,0.00010612036490731504
2024-07-04,0.00015177343581790427
2024-07-05,8.610432903425933e-05
2024-07-08,0.00022189994795424175
2024-07-09,0.0001387539569874418
2024-07-10,0.0001916959738839179
2024-07-11,9.787192399506092e-05
2024-07-12,5.1908600987765384e-05
2024-07-15,6.814943017002733e-05
2024-07-16,4.754313095436565e-05
2024-07-17,0.0013972880230277134
2024-07-18,0.00039481700354057874
2024-07-19,0.00028760761509472147
2024-07-22,0.00038730707523031946
2024-07-23,0.0001676407876843406
2024-07-24,0.00039165416661020563
2024-07-25,0.000142492284013312
2024-07-26,5.9830624769896233e-05
2024-07-29,0.00022864021435627736
2024-07-30,0.00014143606828012222
2024-07-31,0.00026284361933451934
2024-08-01,0.0006564855927105809
2024-08-02,0.0017527069019056599
2024-08-05,0.0015195489193269556
2024-08-06,0.000839390111794756
2024-08-07,0.000296775972980125
2024-08-08,0.00025818624842758963
2024-08-09,0.00021962631442846905
2024-08-12,7.795334016674102e-05
2024-08-13,0.00024304784522466495
2024-08-14,0.0003293338126853688
2024-08-15,0.0001361726196868384
2024-08-16,0.0003635518808054429
2024-08-19,5.586682585343443e-05
2024-08-20,0.00017142115521570606
2024-08-21,9.043428029712649e-05
2024-08-22,0.00013850642843052233
2024-08-23,6.027341542409946e-05
2024-08-26,0.00046832779491323077
2024-08-27,5.524626384180417e-05
2024-08-28,7.319961737915193e-05
2024-08-29,9.406506692522482e-05
2024-08-30,2.7476879257329006e-05
2024-09-04,9.829238045272851e-05
2024-09-05,0.0003734457045131701
2024-09-06,0.00021736191331157826
2024-09-09,0.00021158180310557108
2024-09-10,0.00024868419772045063
2024-09-11,8.74881656958776e-05
2024-09-12,0.0001638147044249588
2024-09-13,0.00022048459570226265
2024-09-16,0.0007795017594894125
2024-09-17,0.00013802216580232897
2024-09-18,0.00010651352631579432
2024-09-19,6.971490960326153e-05
2024-09-20,0.0007330182809245964
2024-09-23,8.301197218838131e-05
2024-09-24,0.00027554280114669405
2024-09-25,3.9989347415147546e-05
2024-09-26,0.0003453354350080276
2024-09-27,5.628636089311644e-05
2024-09-30,0.000142492284013312
2024-10-01,9.302211595149734e-05
2024-10-02,4.436407403713687e-05
2024-10-03,0.0003945930165917758
2024-10-04,0.0003023196291204409
2024-10-07,0.00011312813538227603
2024-10-08,0.0002561988450681445
2024-10-09,0.00014884452566541032
2024-10-10,0.00011637449223685888
2024-10-11,7.319961737915193e-05
2024-10-14,0.00011812400749836735
2024-10-15,0.0005698533180225802
2024-10-16,8.647508326566596e-05
2024-10-17,0.00025717824574819626
2024-10-18,8.647508326566596e-05
2024-10-21,0.00010484376216857051
2024-10-22,0.00011570460771855333
2024-10-23,0.00010693720023570682
2024-10-24,8.156195465163642e-05
2024-10-25,0.00016071201770275764
2024-10-28,0.0003062862287815505
2024-10-29,4.544467010573772e-05
2024-10-30,8.351619064483342e-05
2024-10-31,5.1320558922605874e-05
2024-11-01,0.00019264189443756702
2024-11-04,0.00035677138955799174
2024-11-05,4.762028695302506e-05
2024-11-06,8.68156933550993e-05
2024-11-07,7.083597209823403e-05
2024-11-08,0.00017353731307824877
2024-11-11,0.00016704215703357964
2024-11-12,0.0010689296721838296
2024-11-13,0.0006514146466822543
2024-11-14,0.00020761699577419358
2024-11-15,0.00019852975407911772
2024-11-18,0.00019852975407911772
2024-11-19,0.00023491251498139928
2024-11-20,0.0006217151632796008
2024-11-21,0.00024762573459524484
2024-11-22,0.00012619930670764029
2024-11-25,0.00012619930670764029
2024-11-26,0.00012619930670764029
2024-11-27,6.083385043684663e-05
2024-11-28,0.00019117155297945697
2024-11-29,4.233695723499131e-05
2024-12-02,0.00010862116820803951
2024-12-03,8.443944623601447e-05
2024-12-04,0.0001619770352973855
2024-12-05,0.0004236465304475254
2024-12-06,0.00012247058541247635
2024-12-09,2.6050308705901875e-05
2024-12-10,9.645174803214044e-05
2024-12-11,7.371466621215037e-05
2024-12-12,5.291736081266494e-05
2024-12-13,0.00023118877891545173
2024-12-16,9.811894576708602e-05
2024-12-17,0.0002301885780495125
2024-12-18,0.0005780576729927257
2024-12-19,0.0003522778072497247
2024-12-20,7.277527147939893e-05
2024-12-23,0.00015399854379008184
2024-12-24,8.298199470180025e-05
2024-12-25,0.00012351889084032862
2024-12-26,0.00012994620590286646
2024-12-27,0.0001879127236836419
2024-12-30,0.0001553238264364478
2024-12-31,0.00015802623610718772
2025-01-02,4.270631463711985e-05
2025-01-03,0.00015802623610718772
2025-01-06,0.0005411096353370604
2025-01-07,0.0010132306088287944
2025-01-08,0.00036298944799729207
2025-01-09,6.10668920435432e-05
2025-01-10,0.00035040546745429324
2025-01-13,0.00011798284447226873
2025-01-14,0.00021007269814111288
2025-01-15,0.00014251952187217804
2025-01-16,0.00021007269814111288
2025-01-17,0.0005022798457955912
2025-01-20,0.00011053105191379144
2025-01-21,0.0002085256905408452
2025-01-22,0.0001619770352973855
2025-01-23,0.0001619770352973855
2025-01-24,8.443944623601447e-05
2025-02-03,0.00019940602244379558
2025-02-04,8.443944623601447e-05
2025-02-05,0.00012458071405298783
2025-02-06,9.811894576708602e-05
2025-02-07,0.00010815143212340222
2025-02-10,0.00010956986822903178
2025-02-11,0.00014019939459466855
2025-02-12,8.443944623601447e-05
2025-02-13,6.217232739238775e-05
2025-02-14,0.0007412314529204721
2025-02-17,0.00018189521664968913
2025-02-18,5.07964454718524e-05
2025-02-19,3.960247319246232e-05
2025-02-20,0.0001788697350650304
2025-02-21,7.894019328177608e-05
2025-02-24,0.00021806173032441054
2025-02-25,9.106497026467395e-05
2025-02-26,9.298215735425056e-05
2025-02-27,0.0001941229282922049
2025-02-28,0.0001518772730564149
2025-03-03,7.549778460934603e-05
2025-03-04,0.00014720877268361652
2025-03-05,0.0002205337922362785
2025-03-06,9.89688019207082e-05
2025-03-07,5.3372736262637646e-05
2025-03-10,7.403184270367405e-05
2025-03-11,0.0001697253674301644
2025-03-12,0.00015599289252395641
2025-03-13,0.00010862116820803951
2025-03-14,0.00016340687109987734
2025-03-17,0.00016340687109987734
2025-03-18,0.0003209646347941182
2025-03-19,6.272011443218502e-05
2025-03-20,0.00013163500976521978
2025-03-21,0.0001967944574456712
2025-03-24,0.0002038756216382827
2025-03-25,2.883884053515813e-05
2025-03-26,0.00016558738721029996
2025-03-27,0.00010555280750832438
2025-03-28,0.00022057157044580035
2025-03-31,0.00023369223510015446
2025-04-01,0.0002588712125985262
2025-04-02,0.00014317558062021233
2025-04-03,0.000402457497192632
2025-04-04,4.060317344799237e-05
2025-04-08,0.0001696613513363573
2025-04-09,0.0006107313426808246
2025-04-10,0.0
2025-04-11,0.0009526184106093196
2025-04-14,0.0010330450334040306
2025-04-15,0.0017329385460637704
2025-04-16,0.0014415240620833493
2025-04-17,0.00034818489533145093
2025-04-18,0.00012864959888335252
2025-04-21,0.0011169181165204157
2025-04-22,0.001599401467350868
2025-04-23,0.0002953400236627692
2025-04-24,0.0004752079943257208
2025-04-25,0.00023965257839630823
2025-04-28,0.00018880954474007075
2025-04-29,0.00014921172821176683
2025-05-05,0.0008860332367876365
2025-05-06,0.000619291527108444
2025-05-07,0.0003202360389795738
2025-05-08,0.0007392634593350932
2025-05-09,0.00022440436442149034
2025-05-12,0.0002747597465293048
2025-05-13,0.0003564032985739029
2025-05-14,0.0001179472867914549
2025-05-15,0.00020042432972720186
2025-05-16,0.00015556574353480415
2025-05-19,0.00022071857802589934
2025-05-20,0.00010000650261354145
2025-05-21,0.00021021902800300344
2025-05-22,0.00021866400011087258
2025-05-23,6.303639223613251e-05
2025-05-26,0.0008961302003635531
2025-05-27,0.00011989065801057685
2025-05-28,0.0004043627698021236
2025-05-29,0.00035259260304149786
2025-05-30,0.0002219370184805234
2025-06-02,0.001035278749917154
2025-06-03,0.00025379483434442753
2025-06-04,0.00028372666480574993
2025-06-05,0.0004043627698021236
2025-06-06,0.0005917506164281165
2025-06-09,0.00028673474548574754
2025-06-10,0.00020944036432362812
2025-06-11,0.00011667783974889342
2025-06-12,0.00023118877891545173
2025-06-13,0.0002154856240726643
2025-06-16,0.00018941931302372852
2025-06-17,0.0006957032948848576
2025-06-18,0.0002772320887199816
2025-06-19,0.0003382252694613836
2025-06-20,0.0003909068152118157
2025-06-23,0.00018328534619309737
2025-06-24,0.0002703100813384458
2025-06-25,0.00021439994834978807
2025-06-26,0.0001504844056435568
2025-06-27,0.00015203322883631485
2025-06-30,0.00028819502740577474
2025-07-01,0.00019192774292631847
2025-07-02,3.8598356001060085e-05
2025-07-03,0.00015203322883631485
2025-07-04,8.42143066513056e-05
2025-07-07,5.833280786355908e-05
2025-07-08,5.034357141196325e-05
2025-07-09,0.00010069466140509796
2025-07-10,0.00035814508543824506
2025-07-11,0.00018184794568205034
2025-07-14,0.00011055409119228068
2025-07-15,0.00022173324547367632
2025-07-16,2.0509677706516265e-05
2025-07-17,0.00014332198660570102
2025-07-18,0.00035169902285124853
2025-07-21,0.0003482560847687722
2025-07-22,8.06162815639012e-05
2025-07-23,0.0002976180688700509
2025-07-24,6.784735852199883e-05
2025-07-25,0.0002074359697168579
2025-07-28,0.00013403716299750361
2025-07-29,0.0007768581519720633
2025-07-30,0.0003307201504113472
2025-07-31,0.00038593221415960267
2025-08-01,0.00016602326634886287
2025-08-04,0.000123595377492069
2025-08-05,0.0003947011620925123
2025-08-06,0.0006233496225718725
2025-08-07,0.00015261517631346848
2025-08-08,0.001315482939172496
2025-08-11,0.0005411096353370604
2025-08-12,0.00038377176045009654
2025-08-13,0.000510630865746232
2025-08-14,0.00018352304426866105
2025-08-15,0.0006765210323385469
2025-08-18,0.0002433559252671703
2025-08-19,0.00032521016670324554
2025-08-20,0.0014206140646387615
2025-08-21,0.00030869200813979527
2025-08-22,0.0011146360362698814
2025-08-25,0.0005884795232017753
2025-08-26,0.00028761749032961024
2025-08-27,0.00027855450866596837
2025-08-28,0.00010091133559089773
2025-08-29,0.00013086460632663895
2025-09-03,0.00036809878433620105
2025-09-04,0.00021392754373909367
2025-09-05,0.0008169469498206149
2025-09-08,0.0008317275571406586
2025-09-09,0.00047117702115246756
2025-09-10,0.00029759235652194424
2025-09-11,0.00043887494280732425
2025-09-12,0.0015866859314930893
2025-09-15,0.00026274179208488394
2025-09-16,0.00045299293821270787
2025-09-17,0.0003104852226742689
2025-09-18,0.0003280874941466529
2025-09-19,0.00024227582376911157
2025-09-22,0.00046049080864090313
2025-09-23,0.00011076277395278998
2025-09-24,0.00011798284447226873
2025-09-25,5.715242770455859e-05
2025-09-26,0.0002455379109600538
2025-09-29,0.00022057157044580035
2025-09-30,0.0005389447681244323
2025-10-01,0.00015310830598490253
2025-10-02,0.00019387750037378672
2025-10-03,0.0004001872633283429
2025-10-06,0.0002452829447406029
2025-10-07,0.0003361935754568019
2025-10-08,0.00020032744476277658
2025-10-09,0.0005565224244940406
2025-10-10,0.0001223693792694344
2025-10-13,0.00020415868253783798
2025-10-14,0.0007977664718981925
2025-10-15,0.0002548590877888028
2025-10-16,0.00017226265889660344
2025-10-17,0.0003701520014759335
2025-10-20,0.0022714879218851207
2025-10-21,0.001357424563837965
2025-10-22,0.0002284811614038968
2025-10-23,0.00014120294875300763
2025-10-24,0.0004880109393690429
2025-10-27,0.00022283696543781185
2025-10-28,0.00018275877883322042
2025-10-29,0.0002163357501368634
2025-10-30,0.0002163357501368634
2025-10-31,0.001279668530691903
2025-11-03,0.000652321241557567
2025-11-04,0.0029137252252292196
2025-11-05,0.0021061328816950305
2025-11-06,0.0008751054577176741
2025-11-07,0.0012196755976433631
2025-11-10,0.0008402538267439469
2025-11-11,0.0008823356731679231
2025-11-12,0.00038567572657660914
2025-11-13,0.0026619444835283205
2025-11-14,0.0005561959404725108
2025-11-17,0.0005035319243755621
2025-11-18,0.00037137131897595145
2025-11-19,0.0004187237171991592
2025-11-20,0.0002980528257597146
2025-11-21,0.0010200097823586673
2025-11-24,0.00027040621784110496
2025-11-25,0.001293354070309437
2025-11-26,0.00034372032352881777
2025-11-27,0.0005732204466839286
2025-11-28,0.0009299884964327592
2025-12-01,0.0005150144330631053
2025-12-02,0.0002601308341439602
2025-12-03,0.0004187237171991592
2025-12-04,0.00046391272854801003
2025-12-05,0.00013069857715196432
2025-12-08,0.0004951863071852695
2025-12-09,0.0010487357085586786
2025-12-10,0.0006026787447155375
2025-12-11,0.00011835915824608824
2025-12-12,0.0011191329655137305
2025-12-15,0.00026811545097764274
2025-12-16,0.002596204054837685
2025-12-17,0.0019339666909134064
2025-12-18,0.00040481185959981514
2025-12-19,0.0003887301901389368
2025-12-22,0.00043077060790494613
2025-12-23,0.0006155215800887387
2025-12-24,0.00023514108171091838
2025-12-25,0.0010260884160704204
2025-12-26,0.0006002965452598189
2025-12-29,0.0007169201520907416
2025-12-30,0.00041256229612804103
2025-12-31,0.0004081906246900495
2026-01-05,0.0011009773427274362
2026-01-06,0.000699853382526449
2026-01-07,0.0004557373392970147
2026-01-08,0.0008921162019288261
2026-01-09,0.001134689845617302
2026-01-12,0.0015745576990923147
2026-01-13,0.0015108299012892407
2026-01-14,0.0016112240268009001
2026-01-15,0.0006615299896043029
2026-01-16,0.00020705744395613918
2026-01-19,0.0004683368764296058
2026-01-20,0.000388680436474246
2026-01-21,0.0011009773427274362
2026-01-22,0.0010711742860242067
2026-01-23,0.0018071237913631147
2026-01-26,0.0011305938197841636
2026-01-27,0.0016250380349177287
2026-01-28,0.0011706162875325392
2026-01-29,0.0008862284889779533
2026-01-30,0.0008310126528663552
2026-02-02,0.0026792041256741644
2026-02-03,0.00026191428955054
2026-02-04,0.00043743381939709503
2026-02-05,0.0007712499185730035
2026-02-06,0.002655809963801814
2026-02-09,0.0004670668992982439
2026-02-10,0.003456563893501411
2026-02-11,0.0003164404039444343
2026-02-12,0.000358116799633809
2026-02-13,0.0005030305316955665
2026-02-23,0.0005943268339660139
2026-02-24,0.00019165793434199377
2026-02-25,0.0008060505026037208
2026-02-26,0.0007826790601663889
2026-02-27,0.0011875925401567313
2026-03-02,4.786640495498152e-06
2026-03-03,0.0026684823476150767
2026-03-04,0.0028023257061095077
2026-03-05,0.0014884437013575553
2026-03-06,0.0005173743667133634
2026-03-09,0.007019180754098974
2026-03-10,0.004223554617660346
2026-03-11,0.0023637182811363125
2026-03-12,0.00044737644320451186
2026-03-13,0.003383079761898463
2026-03-16,0.0020377211016032767
2026-03-17,0.002190141615732815
2026-03-18,0.0022271955461344952
2026-03-19,0.0014859121592441739
2026-03-20,0.0018651952774308186
2026-03-23,0.001282468807670416
2026-03-24,0.0014933040723224718
2026-03-25,0.0008863433733619027
2026-03-26,0.0006571484504958197
2026-03-27,0.0004878882072527418
2026-03-30,0.00024536458402917537
2026-03-31,0.001269993304779974
2026-04-01,0.0006200968689340084
2026-04-02,0.0008610466452472714
2026-04-03,0.0006027960928364324
2026-04-06,0.0005667183658524013
2026-04-07,0.00042099084928004293
2026-04-08,0.00030869200813979977
2026-04-09,0.0008321707087788334
2026-04-10,0.0017271634632132064
2026-04-13,0.00044543568880371355
2026-04-14,0.0003843414671224011
2026-04-15,0.0002683030003293388
2026-04-16,0.00023751349434161662
2026-04-17,0.00011851814498509804
2026-04-20,0.00018435384824181148
2026-04-21,0.00033632521716151794
2026-04-22,0.0002809289556420975
2026-04-23,0.0017781069938944656
2026-04-24,0.0006431170594396781
2026-04-28,0.0014565359832186377
2026-04-29,0.0007049171393035774
2026-05-04,0.0006391120449871557
2026-05-05,0.0013186974463258103
2026-05-06,0.0002715853756096576
2026-05-07,0.0008936590915262993
2026-05-08,0.00051701227805976
2026-05-11,0.00040125427110487225
2026-05-12,0.00031904650146021544
2026-05-13,0.0020172792653678677
2026-05-14,0.0005432761713752679
2026-05-15,0.0005885147452439345
2026-05-18,0.0010603725365624182
2026-05-19,0.0022774941261089897
2026-05-20,0.002671829059458028
2026-05-21,0.0007685720145404463
2026-05-22,0.0005073163817704083
2026-05-25,0.0005615216202826494
2026-05-26,0.00022039535514234334
2026-05-27,0.00014128059118037156
2026-05-28,0.0002859141172737661
2026-05-29,0.0003977228618998404
2026-06-01,0.0002821629506947816
2026-06-02,0.0006951337675881629
2026-06-03,0.0002640844243441238
2026-06-04,0.0007873391761623292
2026-06-05,0.0003835821397101878
2026-06-08,0.0001380739063968658
2026-06-09,7.93371565210679e-05
2026-06-10,4.831131817542688e-05
2026-06-11,0.0001904140358277455
2026-06-12,0.0001441189354822194
2026-06-15,0.0002389220588455724
2026-06-16,0.00037053639952090814
2026-06-17,0.0003631471920316887
2026-06-18,0.00044751022693776516
2026-06-19,4.6449846166493626e-05
2026-06-22,0.0010698654489598414
2026-06-23,0.0006491445358426094
2026-06-24,0.0004291756773051788
2026-06-25,0.0002862300862392801
2026-06-26,0.00017368572145869173
2026-06-29,0.0007170671558273837
2026-06-30,0.00021788947967346837
2026-07-01,0.0001593874588959934
2026-07-02,0.00018603247111701358
2026-07-03,6.820150396218582e-05
2026-07-06,0.0009529201749942449
2026-07-07,0.0005462078128421354
2026-07-08,0.00024040808919164128
2026-07-09,0.000396007324664396
2026-07-10,0.00021392754373909367
2026-07-13,0.0013186974463258103
2026-07-14,0.00028332014262302715
2026-07-15,0.0013992786854420528
2026-07-16,0.0025339386616874448
2026-07-17,0.00047211024829119943
2026-07-20,0.0009687111678789626
2026-07-21,0.001634575102330908
2026-07-22,0.0016131389773703902
2026-07-23,0.001113763585849559
2026-07-24,0.0014704706984285235
2026-07-27,0.0005082237316706466
2026-07-28,0.00013302775400641728
2026-07-29,0.00013015527171247375
2026-07-30,0.00016503818440376954
2026-07-31,0.0006820178359825583
2026-08-03,0.00017616220308192261
2026-08-04,6.824320598183073e-05
2026-08-05,0.00018012111021856926
2026-08-06,0.00022607219190937702
2026-08-07,0.0005336726463806542
2026-08-10,0.0002187100271773424
2026-08-11,9.640604509749454e-05
2026-08-12,0.0006746623050007561
2026-08-13,0.00021284617784111167
2026-08-14,0.0004588790927541806
