date,parkinson_variance
2010-03-30,0.0035050924443982535
2010-03-31,0.0007871836265217881
2010-04-01,0.00022357736356072726
2010-04-02,0.0009329110310332482
2010-04-05,0.0016312776581010146
2010-04-06,0.0007547814404136621
2010-04-07,0.0010370169308044277
2010-04-08,0.0002932692220714931
2010-04-09,0.0012438408876225856
2010-04-12,0.00048404572343124655
2010-04-13,0.003346937998727653
2010-04-14,0.000728787235746806
2010-04-15,0.000583582637948124
2010-04-16,0.00023457028927439843
2010-04-19,0.00011880512950886632
2010-04-20,0.00023118877891545173
2010-04-21,0.002359821111772335
2010-04-22,0.0005969704033839866
2010-04-26,0.0002670874362489915
2010-04-27,0.00027262347743806445
2010-04-28,0.00021383453268353247
2010-04-29,6.814943017002733e-05
2010-05-04,0.000261718332223193
2010-05-05,0.000261718332223193
2010-05-06,0.0008420595852344766
2010-05-07,0.0014820734086093974
2010-05-10,0.001449818939709094
2010-05-11,0.0005393163674050569
2010-05-12,0.001101484554793503
2010-05-13,0.0005878748380890838
2010-05-14,0.00012415434780673837
2010-05-17,0.00032143224188558396
2010-05-18,0.00024886632983760134
2010-05-19,0.0005922145704539858
2010-05-20,0.0032763713930836296
2010-05-21,0.0005022798457955912
2010-05-24,0.0004912183013936901
2010-05-25,0.0005022798457955912
2010-05-26,0.0
2010-05-27,0.0
2010-05-28,8.778414942594805e-05
2010-05-31,0.0004948645273969961
2010-06-01,0.001619582182026381
2010-06-02,0.00023414355781207894
2010-06-03,0.0004276062081973383
2010-06-04,0.00023414355781207894
2010-06-07,0.0004062220911336788
2010-06-08,0.00040896271651085734
2010-06-09,0.00032143224188558396
2010-06-10,0.000258228377082422
2010-06-11,0.0002548077686974633
2010-06-14,0.00032357543799031014
2010-06-15,0.0003301352334511516
2010-06-16,0.000258228377082422
2010-06-17,0.0002548077686974633
2010-06-18,0.0007358594828926637
2010-06-21,0.0009842556128961885
2010-06-22,0.0011105124272046555
2010-06-23,0.001882929266638665
2010-06-24,0.002236063563929757
2010-06-25,0.0005772319510342484
2010-06-28,0.0004168802164072456
2010-06-29,0.0008250850949860168
2010-06-30,0.00037870091659965863
2010-07-01,0.00015424966755301291
2010-07-02,0.0003084069991514844
2010-07-05,0.00015334225424009235
2010-07-06,0.00039481700354057874
2010-07-07,0.0007615238393301821
2010-07-08,0.0006338768381500156
2010-07-09,0.00011851814498509804
2010-07-12,0.00033326494180785376
2010-07-13,0.0006879892270572972
2010-07-14,0.0014938873792509884
2010-07-15,0.0017776303771007524
2010-07-16,0.0006454225659728006
2010-07-19,0.0005862184048252101
2010-07-20,0.0004799340385998478
2010-07-21,0.0008691479590596942
2010-07-22,0.00028444649113821874
2010-07-23,0.0004276062081973383
2010-07-26,0.0005202442295278529
2010-07-27,0.00022973232066525413
2010-07-28,0.0006324190570518531
2010-07-29,0.00013867622958451948
2010-07-30,0.00018937655097202579
2010-08-02,0.0007552301374053856
2010-08-03,0.0002548077686974633
2010-08-04,0.00033236621318696093
2010-08-05,0.00020518026768018215
2010-08-06,0.0005172630349131929
2010-08-09,0.001598564823594726
2010-08-10,0.0017420338621425822
2010-08-11,0.0007179869545254194
2010-08-12,0.0017168129834163463
2010-08-13,0.0027743995259557146
2010-08-16,0.0015137616283743631
2010-08-17,0.0016528288950160134
2010-08-18,0.0012438408876225856
2010-08-19,0.00020611565022094936
2010-08-20,0.0016623805843073475
2010-08-23,0.0009796179119301788
2010-08-24,0.0009250516144873887
2010-08-25,0.000464277848149641
2010-08-26,0.001892123908658252
2010-08-27,0.0012774817078107462
2010-08-30,0.0015970716538411549
2010-08-31,0.0014276006376431002
2010-09-01,0.001304420725206914
2010-09-06,0.0007511320039120802
2010-09-07,0.0010147671084972578
2010-09-08,0.00082469826449859
2010-09-09,0.0009341290586790139
2010-09-10,0.002367312212838967
2010-09-13,0.0014894369858613622
2010-09-14,0.0005548115838144644
2010-09-15,0.0003415201719273628
2010-09-16,0.00035071013443935007
2010-09-17,0.00130292735435303
2010-09-20,0.0013695374788452578
2010-09-21,0.0005180555094249649
2010-09-22,0.00023315236829965646
2010-09-23,0.0011578923977766061
2010-09-24,0.00024547690462171424
2010-09-27,0.0003355927680030358
2010-09-28,0.0005405826841054368
2010-09-29,0.0010173357203153801
2010-09-30,0.00018888156763435563
2010-10-01,0.0006065299178836165
2010-10-04,0.0020758982731349353
2010-10-05,0.0018046887445742944
2010-10-06,0.0015173191160110103
2010-10-07,0.0007342790019914765
2010-10-08,0.0013808631458990712
2010-10-11,0.0003450506355969802
2010-10-12,0.0008138501451452018
2010-10-13,0.00037137131897595145
2010-10-14,0.0009587457801132262
2010-10-15,0.0005715011239246714
2010-10-18,0.00032465508355838393
2010-10-19,0.000780538360165602
2010-10-20,0.0012420714832979262
2010-10-21,0.002310777289224332
2010-10-22,0.0002565095200490746
2010-10-25,0.000367430398555248
2010-10-26,0.0011542298509153823
2010-10-27,0.002040895231701143
2010-10-28,0.0002433559252671703
2010-10-29,0.0012032375721147208
2010-11-01,0.000348636130777565
2010-11-02,0.00035973445508444914
2010-11-03,0.0004974938895721294
2010-11-04,0.00016328699639187518
2010-11-05,0.000780538360165602
2010-11-08,0.0027028968946853863
2010-11-09,0.0002565095200490746
2010-11-10,9.332932276922515e-05
2010-11-11,0.0008775056220490509
2010-11-12,0.0014507481893739065
2010-11-15,0.0033157871815671777
2010-11-16,0.0017385620401179978
2010-11-17,0.0024915659730144362
2010-11-18,0.0008585767158993152
2010-11-19,0.0016337748041884152
2010-11-22,0.0009612226588542693
2010-11-23,0.0002433559252671703
2010-11-24,0.0009995577970343039
2010-11-25,0.0011934668196158914
2010-11-26,0.0008585767158993152
2010-11-29,0.0037215957152837435
2010-11-30,0.0009382064277336721
2010-12-01,0.002439274439582376
2010-12-02,0.0030334233929890683
2010-12-03,0.0
2010-12-06,0.0003989206152675835
2010-12-07,0.004078235740879583
2010-12-08,0.005287428817559136
2010-12-09,0.006007287732018527
2010-12-10,2.799809245900685e-05
2010-12-13,0.0
2010-12-14,0.001856455608834916
2010-12-15,0.0023829233832752626
2010-12-16,0.000596161551633313
2010-12-17,0.0020769352743343545
2010-12-20,0.002526709318522382
2010-12-21,0.0014549408911935684
2010-12-22,0.0031446124784459857
2010-12-23,0.0016312776581010146
2010-12-24,0.0010996135121142156
2010-12-27,0.000513719306735928
2010-12-28,0.0015144832295271601
2010-12-29,0.0018271958534285635
2010-12-30,0.000851636019979301
2010-12-31,0.00029567338655100387
2011-01-04,0.0007126766331421635
2011-01-05,0.000917291113945838
2011-01-06,0.00023715534961444258
2011-01-07,0.0011281886049182247
2011-01-10,0.0014097998039593166
2011-01-11,0.0017986226226833731
2011-01-12,0.000513719306735928
2011-01-13,0.0007878528172662338
2011-01-14,0.0004948645273969961
2011-01-17,0.0014224804294985316
2011-01-18,0.002088701450943935
2011-01-19,0.0007878528172662338
2011-01-20,0.0009668877552193517
2011-01-21,0.0008104239313229372
2011-01-24,0.0021779956748525114
2011-01-25,0.0005889552877360028
2011-01-26,0.0012863022072983155
2011-01-27,0.00031204651306165963
2011-01-28,0.000422677201016862
2011-02-08,0.0002177556480135859
2011-02-09,0.00636780665053672
2011-02-10,0.000513719306735928
2011-02-11,0.0003951565470343597
2011-02-14,0.00029168270028940625
2011-02-15,0.00041452783703543514
2011-02-16,0.0005440881440275531
2011-02-17,0.0009111528209277753
2011-02-18,0.0008053250411028007
2011-02-21,0.0006970944537994648
2011-02-22,0.001017335720315388
2011-02-23,0.0006226381970057616
2011-02-24,0.002599706006678109
2011-02-25,0.001594497466766366
2011-02-28,0.0018417385501288425
2011-03-01,0.00034152017192735803
2011-03-02,0.0012088748360992946
2011-03-03,0.0013620642841079488
2011-03-04,0.0014196477659534584
2011-03-07,0.00014921172821177005
2011-03-08,0.0010834433407291087
2011-03-09,0.0008956486959024698
2011-03-10,0.003612760376748351
2011-03-11,0.0
2011-03-14,0.0017385620401179978
2011-03-15,0.002082479097221865
2011-03-16,0.000913447439200273
2011-03-17,0.0010801510595407696
2011-03-18,0.002050380207835915
2011-03-21,0.001101484554793503
2011-03-22,0.002003606151676351
2011-03-23,0.0018199890311240436
2011-03-24,0.002148980940979205
2011-03-25,0.0006778000317402091
2011-03-28,0.0008380047862937639
2011-03-29,0.002005522962564822
2011-03-30,0.0007503163812168443
2011-03-31,0.0003682135478703667
2011-04-01,0.0003877865015243164
2011-04-04,0.000259964569834698
2011-04-05,0.000259964569834698
2011-04-06,0.0026241458687409403
2011-04-07,0.0007218164676698031
2011-04-08,0.0001395871314043806
2011-04-13,0.00024980290495886645
2011-04-14,0.00040350892449809127
2011-04-15,0.0008237599509796118
2011-04-18,0.0006441241958794921
2011-04-19,0.0011294033236823535
2011-04-20,0.0004319222104768927
2011-04-21,0.0006351443298812206
2011-04-22,0.001145374873836497
2011-04-25,0.0008237599509796118
2011-04-26,0.0019284741263022982
2011-04-27,0.00079101909796783
2011-04-28,0.00014524587926365481
2011-04-29,0.0005850081329273625
2011-05-04,0.0005850081329273625
2011-05-05,0.0008351264082687879
2011-05-06,0.00027450711992724316
2011-05-09,0.0005772319510342546
2011-05-10,0.0005621376525851887
2011-05-11,6.586646055803264e-05
2011-05-12,0.00014921172821177005
2011-05-13,0.0002670874362489915
2011-05-16,0.0006177389755313493
2011-05-17,0.0002903050312299693
2011-05-18,0.0006722368913242362
2011-05-19,0.0002987203958268943
2011-05-20,0.0007126766331421635
2011-05-23,0.0010708268095214282
2011-05-24,0.00155198044160242
2011-05-25,0.00045203113929783014
2011-05-26,0.005752784366591073
2011-05-27,0.00043644189367201777
2011-05-30,0.0039343267336473895
2011-05-31,0.000513719306735928
2011-06-01,0.0019808172386636
2011-06-02,0.00010722105544915683
2011-06-03,0.0012178137820987771
2011-06-06,0.0016312776581010146
2011-06-07,0.0011593360273084157
2011-06-08,0.002136271350037111
2011-06-09,0.004127202231508479
2011-06-10,0.00016445133784114948
2011-06-13,0.0010834433407291087
2011-06-14,0.002964094321012373
2011-06-15,0.0007126766331421635
2011-06-16,0.003030695964687052
2011-06-17,0.0017986226226833625
2011-06-20,0.001604182905616505
2011-06-21,0.003165622746857316
2011-06-22,0.00155198044160242
2011-06-23,0.0009020602825052611
2011-06-24,0.0006211623280143869
2011-06-27,0.00022357736356072726
2011-06-28,0.00130292735435303
2011-06-29,0.00044413393022174093
2011-06-30,0.0010173357203153801
2011-07-01,0.0007662117882490576
2011-07-04,0.0005041597201900314
2011-07-05,0.002439274439582376
2011-07-06,0.0013488706208814925
2011-07-07,0.0010355922646330979
2011-07-08,0.00047702911431844904
2011-07-11,0.0002862300862392801
2011-07-12,0.001134689845617302
2011-07-13,0.000738717237701013
2011-07-14,0.0004858240668315036
2011-07-15,0.0002809289556420975
2011-07-18,0.00013086460632663895
2011-07-19,0.0003030659712484751
2011-07-20,0.0011562115693588523
2011-07-21,0.0007952705870216436
2011-07-22,0.00013086460632663895
2011-07-25,0.00029729262518046653
2011-07-26,0.00029729262518046653
2011-07-27,0.0003030659712484751
2011-07-28,0.00029729262518046653
2011-07-29,0.0005548115838144644
2011-08-01,0.0009111528209277753
2011-08-02,0.001439655863159768
2011-08-03,0.00211296517182697
2011-08-04,0.001439655863159768
2011-08-05,0.0024560870842087706
2011-08-08,0.0009891138505845228
2011-08-09,0.000396405294866414
2011-08-10,0.001077528029020438
2011-08-11,0.000728787235746806
2011-08-12,0.000396405294866414
2011-08-15,0.0004053146694652663
2011-08-16,0.0003877865015243164
2011-08-17,0.001439655863159768
2011-08-18,0.00032143224188558396
2011-08-19,0.0027306537262098605
2011-08-22,0.001113763585849559
2011-08-23,0.000676123859772005
2011-08-24,0.003165622746857316
2011-08-25,0.0013488706208814925
2011-08-26,0.0009653721751333773
2011-08-29,0.0006316048954203378
2011-08-30,8.945096876668572e-05
2011-08-31,0.0020719647455443493
2011-09-01,0.0016161410110589562
2011-09-05,0.0016907807134524037
2011-09-06,0.0005636202730929047
2011-09-07,0.00102250229311105
2011-09-08,0.0009085409729773805
2011-09-09,0.0011783515695972236
2011-09-12,0.002310777289224332
2011-09-13,0.001145374873836497
2011-09-14,0.0019233542649755113
2011-09-15,0.0010543447690025448
2011-09-16,0.0007927863981785303
2011-09-19,0.0010543447690025448
2011-09-20,0.0010543447690025448
2011-09-21,0.0007927863981785303
2011-09-22,0.0013256004184481758
2011-09-23,0.0007454504305367651
2011-09-26,0.0013459284752514657
2011-09-27,0.0007927863981785303
2011-09-28,0.0005548115838144644
2011-09-29,0.001178351569597232
2011-09-30,0.0006423130501933214
2011-10-03,0.0017776303771007418
2011-10-04,0.0010173357203153801
2011-10-05,0.0006879892270572907
2011-10-06,0.0016590648794151434
2011-10-07,0.0012382925958321273
2011-10-10,0.000676123859772005
2011-10-11,0.0006645628502993036
2011-10-12,0.0007255217007907191
2011-10-13,0.000780538360165602
2011-10-14,0.0002809289556420975
2011-10-17,0.0005235534110338596
2011-10-18,0.00032143224188558396
2011-10-19,0.0008420595852344766
2011-10-20,0.00029729262518046653
2011-10-21,0.0015592805441085613
2011-10-24,0.0010934110202235918
2011-10-25,0.000513719306735928
2011-10-26,0.00029729262518046653
2011-10-27,0.00012840696389226244
2011-10-28,0.001073611364917647
2011-10-31,0.00023919561173470466
2011-11-01,0.0009329110310332482
2011-11-02,0.000712676633142157
2011-11-03,0.00047702911431844904
2011-11-04,0.0010934110202235918
2011-11-07,0.0008104239313229372
2011-11-08,0.0008104239313229372
2011-11-09,0.0005235534110338596
2011-11-10,0.00013867622958451948
2011-11-11,0.0005548115838144644
2011-11-14,0.0009111528209277753
2011-11-15,0.00032792664257411065
2011-11-16,0.0012487262950965014
2011-11-17,0.0008585767158993226
2011-11-18,0.00033461988543582343
2011-11-21,0.00014720877268361652
2011-11-22,0.0013528085152115848
2011-11-23,0.0008585767158993226
2011-11-24,0.0008585767158993226
2011-11-25,0.00032143224188558396
2011-11-28,0.0008260145994910384
2011-11-29,0.0015890022714503335
2011-11-30,0.0005548115838144644
2011-12-01,0.0008260145994910384
2011-12-02,0.0034722472830808005
2011-12-05,0.0007522761120732895
2011-12-06,0.0010355922646330979
2011-12-07,0.00047702911431844904
2011-12-08,0.0004858240668315036
2011-12-09,0.0008104239313229372
2011-12-12,0.0005440881440275531
2011-12-13,0.00031512888404484034
2011-12-14,0.0018606928987768936
2011-12-15,0.0010543447690025448
2011-12-16,0.001439655863159768
2011-12-19,0.0020234540813944646
2011-12-20,0.0007454504305367651
2011-12-21,0.0007454504305367651
2011-12-22,0.0017986226226833625
2011-12-23,0.0019808172386635886
2011-12-26,0.0028717548919198793
2011-12-27,0.0006177389755313493
2011-12-28,0.003561613185737333
2011-12-29,0.0018683566757416552
2011-12-30,0.0038858177169119766
2012-01-03,0.001113763585849559
2012-01-04,0.004461946269361941
2012-01-05,0.0007126766331421635
2012-01-06,0.0003522778072497247
2012-01-09,0.003383079761898477
2012-01-10,0.0022384952609536654
2012-01-11,0.0012863022072983061
2012-01-12,0.0003522778072497247
2012-01-13,0.0032763713930836426
2012-01-16,0.00032143224188558396
2012-01-17,0.0012863022072983061
2012-01-18,0.0013667278381874525
2012-01-19,0.0012863022072983061
2012-01-20,0.001145374873836497
2012-01-30,0.0025075816883682735
2012-01-31,0.0005850081329273625
2012-02-01,0.0010543447690025448
2012-02-02,0.0005405826841054308
2012-02-03,0.0027306537262098475
2012-02-06,0.002082479097221865
2012-02-07,0.000879915675728698
2012-02-08,0.00045471039936915026
2012-02-09,0.0019327563145639574
2012-02-10,0.000526894269506633
2012-02-13,0.0010264030992344743
2012-02-14,0.002310777289224344
2012-02-15,0.0016258040542996032
2012-02-16,0.0016258040542996032
2012-02-17,0.000948933402211387
2012-02-20,0.000488809828233465
2012-02-21,0.000780538360165602
2012-02-22,0.0029848871430258337
2012-02-23,0.0006674251412029275
2012-02-24,0.0018994903269582602
2012-02-27,0.0031417753796320453
2012-02-28,0.0032763713930836296
2012-02-29,0.0034198104260996652
2012-03-01,0.0006674251412029275
2012-03-02,0.001939514349608748
2012-03-05,0.0003090091484259769
2012-03-06,0.0020180495699785046
2012-03-07,0.0015890022714503335
2012-03-08,0.002784263594369411
2012-03-09,0.002357746562584181
2012-03-12,0.0024560870842087706
2012-03-13,0.0031417753796320453
2012-03-14,0.0018230724375073641
2012-03-15,0.0036862390604449594
2012-03-16,0.0
2012-03-19,0.0014483604934818432
2012-03-20,0.0009653721751333773
2012-03-21,0.0008585767158993226
2012-03-22,0.001178351569597232
2012-03-23,0.0022742054308085785
2012-03-26,0.0007927863981785303
2012-03-27,0.00155198044160242
2012-03-28,0.0032763713930836296
2012-03-29,0.0026837182653089175
2012-03-30,0.001502285815856572
2012-04-03,0.0019446061708038576
2012-04-04,0.0017168129834163463
2012-04-05,0.001687568375248284
2012-04-06,0.0008181635567969615
2012-04-09,0.0014097998039593166
2012-04-10,0.003077567979550155
2012-04-11,0.0017168129834163463
2012-04-12,0.0013459284752514657
2012-04-13,0.002526709318522382
2012-04-16,0.0023447956840062065
2012-04-17,0.0022774941261089776
2012-04-18,0.0016404619692990678
2012-04-19,0.002136271350037111
2012-04-20,0.0014097998039593166
2012-04-23,0.0005378026525227679
2012-04-24,0.0032249015067868756
2012-04-25,0.0007126766331421635
2012-04-26,0.00102250229311105
2012-04-27,0.00102250229311105
2012-05-02,0.0013459284752514657
2012-05-03,0.002136271350037111
2012-05-04,0.0006820178359825516
2012-05-07,0.0008467297861192622
2012-05-08,0.0028437829746979625
2012-05-09,0.0004568709968207237
2012-05-10,0.0011953766572596882
2012-05-11,0.000948933402211387
2012-05-14,0.002136271350037111
2012-05-15,0.0008313115855935765
2012-05-16,0.000844779158410707
2012-05-17,0.0008313115855935765
2012-05-18,0.0020138610214015655
2012-05-21,0.0011407771703267104
2012-05-22,0.0007927863981785303
2012-05-23,0.001178351569597232
2012-05-24,0.002154666095419237
2012-05-25,0.0003753759880485664
2012-05-28,0.0022742054308085785
2012-05-29,0.0008585767158993226
2012-05-30,0.0003753759880485664
2012-05-31,0.0008872057188471872
2012-06-01,0.0009329110310332482
2012-06-04,0.0013488706208814925
2012-06-05,0.0017468246280448773
2012-06-06,0.000917291113945838
2012-06-07,0.0011407771703267104
2012-06-08,0.0014783290312187526
2012-06-11,0.00194858035585502
2012-06-12,0.0008872057188471872
2012-06-13,0.00040082285098518266
2012-06-14,0.00040758894838810754
2012-06-15,0.0008872057188471872
2012-06-18,0.0008313115855935765
2012-06-19,0.00039422385464745277
2012-06-20,9.854249957908572e-05
2012-06-21,0.00022357736356072726
2012-06-22,0.00041452783703543514
2012-06-25,0.000999557797034296
2012-06-26,0.001113763585849559
2012-06-27,0.0020563419449980895
2012-06-28,0.002136271350037111
2012-06-29,0.0007952705870216436
2012-07-02,0.0016510536440490357
2012-07-03,0.0013528085152115848
2012-07-04,0.0013528085152115848
2012-07-05,0.002406163127208543
2012-07-06,0.0008585767158993226
2012-07-09,0.0018606928987768936
2012-07-10,0.00037137131897595145
2012-07-11,0.0014097998039593073
2012-07-12,0.0012992051300672746
2012-07-13,0.0012011337620659345
2012-07-16,0.001178351569597232
2012-07-17,0.0020563419449980895
2012-07-18,0.001073611364917647
2012-07-19,0.0013727591207764627
2012-07-20,0.0012808311670881739
2012-07-23,0.00043644189367201777
2012-07-24,0.0010543447690025366
2012-07-25,0.0002757737484788268
2012-07-26,0.00046847085948743865
2012-07-27,0.0010355922646330979
2012-07-30,0.0002658801146186124
2012-07-31,0.0002565095200490704
2012-08-01,0.0004858240668315036
2012-08-02,0.00027075915751201886
2012-08-03,0.000738717237701013
2012-08-06,0.0009822419070433404
2012-08-07,0.0006645628502993036
2012-08-08,0.00023919561173470466
2012-08-09,0.0006423130501933214
2012-08-10,0.00023919561173470466
2012-08-13,0.0002433559252671703
2012-08-14,0.00023919561173470466
2012-08-15,0.00010722105544915683
2012-08-16,0.0001090939713234894
2012-08-17,0.000676123859772005
2012-08-20,0.00023514108171091838
2012-08-21,0.0017776303771007418
2012-08-22,0.0015592805441085613
2012-08-23,0.0017168129834163463
2012-08-24,0.006431041384976952
2012-08-27,0.0017511761846143218
2012-08-28,0.0013808631458990712
2012-08-29,0.0012487262950965014
2012-08-30,0.0005235534110338596
2012-08-31,0.0005548115838144644
2012-09-04,0.00013599639042359077
2012-09-05,0.0008755847020353158
2012-09-06,0.00033461988543582343
2012-09-07,0.0005889552877360028
2012-09-10,0.0024560870842087706
2012-09-11,0.00037137131897595145
2012-09-12,0.0009687111678789704
2012-09-13,0.0013808631458990712
2012-09-14,0.00031512888404484034
2012-09-17,0.0005772319510342546
2012-09-18,0.001939514349608748
2012-09-19,0.0006674251412029275
2012-09-20,0.0006674251412029275
2012-09-21,0.0006263509662879356
2012-09-24,0.00037137131897595145
2012-09-25,0.00017046416410772285
2012-09-26,0.00016328699639187518
2012-09-27,0.0015351449926633595
2012-09-28,0.0004053146694652663
2012-10-01,0.0017168129834163463
2012-10-02,0.00019969940147627279
2012-10-03,0.0007626917843606688
2012-10-04,0.0001950818141144215
2012-10-05,0.0004240587688293116
2012-10-08,0.0015690944280078263
2012-10-09,0.0010101680617931826
2012-10-10,0.0010101680617931826
2012-10-11,0.0013808631458990712
2012-10-12,0.0006396106224371282
2012-10-15,0.0006674251412029275
2012-10-16,0.001939514349608748
2012-10-17,0.000948933402211387
2012-10-18,0.00015655375555467476
2012-10-19,0.001077528029020438
2012-10-22,0.00041452783703543514
2012-10-23,0.00017812515956314675
2012-10-24,0.00018215079867288267
2012-10-25,0.00043392224864833055
2012-10-26,4.710943501327508e-05
2012-10-29,0.00019062255572359273
2012-10-30,0.00019062255572359273
2012-10-31,0.0001950818141144215
2012-11-01,0.00019062255572359273
2012-11-02,0.00129402075976398
2012-11-05,0.00021991185048376538
2012-11-06,0.000225444584316729
2012-11-07,0.000488809828233465
2012-11-08,0.0009020602825052533
2012-11-09,0.0013583506089910795
2012-11-12,0.0007990188233100067
2012-11-13,0.0004441339302217464
2012-11-14,0.00019969940147627279
2012-11-15,0.00047702911431844904
2012-11-16,0.00020944036432362812
2012-11-19,0.00047702911431844904
2012-11-20,0.0027306537262098475
2012-11-21,0.00047702911431844904
2012-11-22,0.0002145803237010339
2012-11-23,0.00047702911431844904
2012-11-26,0.00021991185048376538
2012-11-27,0.002082479097221865
2012-11-28,0.00021991185048376538
2012-11-29,0.00021991185048376538
2012-11-30,0.000488809828233465
2012-12-03,0.00021991185048376538
2012-12-04,0.00046566924140804627
2012-12-05,0.0004441339302217464
2012-12-06,0.0018417385501288425
2012-12-07,0.0001950818141144215
2012-12-10,0.0011518585079825009
2012-12-11,0.000396405294866414
2012-12-12,0.001077528029020438
2012-12-13,0.0003877865015243164
2012-12-14,0.0003877865015243164
2012-12-17,0.0006970944537994648
2012-12-18,0.0003877865015243164
2012-12-19,0.0014704706984285235
2012-12-20,0.0006674251412029275
2012-12-21,0.00017423151752647242
2012-12-24,0.0020234540813944646
2012-12-25,0.00037137131897595145
2012-12-26,0.0009891138505845228
2012-12-27,0.0009687111678789704
2012-12-28,0.0009891138505845228
2013-01-02,0.0008931031904351259
2013-01-03,0.002357746562584181
2013-01-04,0.0018230724375073641
2013-01-07,0.0008931031904351259
2013-01-08,0.0008931031904351259
2013-01-09,0.0036127603767483647
2013-01-10,0.0018230724375073641
2013-01-11,0.0012245832303673
2013-01-14,0.00032143224188558396
2013-01-15,0.0026279785943434902
2013-01-16,0.001113763585849559
2013-01-17,0.0005235534110338596
2013-01-18,0.0005440881440275531
2013-01-21,0.0005440881440275531
2013-01-22,0.0008931031904351259
2013-01-23,0.0005889552877360028
2013-01-24,0.0005658552269393287
2013-01-25,0.002265198172811786
2013-01-28,0.0015890022714503335
2013-01-29,0.00029168270028940625
2013-01-30,0.0002862300862392801
2013-01-31,0.0003030659712484751
2013-02-01,0.00031512888404484034
2013-02-04,0.0003090091484259769
2013-02-05,0.00032143224188558396
2013-02-06,0.0012245832303673
2013-02-07,0.002395275786197226
2013-02-08,0.0010934110202235918
2013-02-18,0.0009822419070433404
2013-02-19,0.000999557797034296
2013-02-20,0.0010173357203153801
2013-02-21,0.005003570625947722
2013-02-22,0.002136271350037111
2013-02-25,0.0005235534110338596
2013-02-26,0.0036127603767483647
2013-02-27,0.0013808631458990712
2013-02-28,0.0005772319510342546
2013-03-01,0.00014720877268361652
2013-03-04,0.001939514349608748
2013-03-05,0.0006674251412029275
2013-03-06,0.00037137131897595145
2013-03-07,0.0003794457882427104
2013-03-08,0.0010101680617931826
2013-03-11,0.0018230724375073641
2013-03-12,0.0009111528209277753
2013-03-13,0.0013808631458990712
2013-03-14,0.0006263509662879356
2013-03-15,0.00015022857083635835
2013-03-18,0.0014097998039593073
2013-03-19,0.0006396106224371282
2013-03-20,0.0006134994400710101
2013-03-21,0.0006134994400710101
2013-03-22,0.0009891138505845228
2013-03-25,0.00035597684498148765
2013-03-26,0.0006263509662879356
2013-03-27,0.0001668176961466398
2013-03-28,0.0003794457882427104
2013-03-29,0.000396405294866414
2013-04-01,0.0020234540813944646
2013-04-02,0.0009891138505845228
2013-04-03,0.00035597684498148765
2013-04-04,0.0010101680617931826
2013-04-05,4.125718624377152e-05
2013-04-08,0.0009891138505845228
2013-04-09,0.00035597684498148765
2013-04-10,0.0010101680617931826
2013-04-11,0.0001668176961466398
2013-04-12,0.0003794457882427104
2013-04-15,0.00017812515956314675
2013-04-16,0.00018215079867288267
2013-04-17,0.0007126766331421635
2013-04-18,0.00018215079867288267
2013-04-22,0.00018631446954279105
2013-04-23,0.00018631446954279105
2013-04-24,4.6050807287981636e-05
2013-04-25,0.00018215079867288267
2013-04-26,4.6050807287981636e-05
2013-05-02,0.00018631446954279105
2013-05-03,4.710943501327508e-05
2013-05-06,0.009380192316469877
2013-05-07,0.0006820178359825516
2013-05-08,0.00017812515956314675
2013-05-09,4.4037862078486246e-05
2013-05-10,4.4037862078486246e-05
2013-05-13,0.00017423151752647242
2013-05-14,0.00017812515956314675
2013-05-15,4.5027466661270445e-05
2013-05-16,4.4037862078486246e-05
2013-05-17,4.5027466661270445e-05
2013-05-20,0.000396405294866414
2013-05-21,0.00017046416410772285
2013-05-22,0.00037137131897595145
2013-05-23,0.0003794457882427104
2013-05-24,4.215407286154362e-05
2013-05-27,0.0014097998039593073
2013-05-28,0.000348636130777565
2013-05-29,0.0009111528209277753
2013-05-30,0.0013808631458990712
2013-05-31,0.0005889552877360028
2013-06-03,0.000348636130777565
2013-06-04,0.0010101680617931826
2013-06-05,0.00016328699639187518
2013-06-06,0.0010101680617931826
2013-06-07,0.0006134994400710101
2013-06-10,0.0013808631458990712
2013-06-11,0.00015022857083635835
2013-06-12,0.00032792664257411065
2013-06-13,0.00014720877268361652
2013-06-14,0.00014427912279327225
2013-06-17,0.000948933402211387
2013-06-18,0.0006134994400710101
2013-06-19,0.000348636130777565
2013-06-20,0.00035597684498148765
2013-06-21,4.125718624377152e-05
2013-06-24,0.00037137131897595145
2013-06-25,0.000396405294866414
2013-06-26,0.00017423151752647242
2013-06-27,0.00017046416410772285
2013-06-28,4.215407286154362e-05
2013-07-01,0.00017046416410772285
2013-07-02,4.0388622007008935e-05
2013-07-03,0.00016328699639187518
2013-07-04,0.0006396106224371282
2013-07-05,0.0027910757017600286
2013-07-08,0.00017046416410772285
2013-07-09,0.00037137131897595145
2013-07-10,0.00016328699639187518
2013-07-11,0.0001668176961466398
2013-07-12,0.00016328699639187518
2013-07-15,0.00016328699639187518
2013-07-16,0.0006396106224371282
2013-07-17,0.0006263509662879356
2013-07-18,0.00037137131897595145
2013-07-19,4.125718624377152e-05
2013-07-22,4.215407286154362e-05
2013-07-23,0.00017046416410772285
2013-07-24,0.00017423151752647242
2013-07-25,0.00017423151752647242
2013-07-26,0.00018215079867288267
2013-07-29,0.00041452783703543514
2013-07-30,0.00018631446954279105
2013-07-31,4.6050807287981636e-05
2013-08-01,0.00018215079867288267
2013-08-02,4.5027466661270445e-05
2013-08-05,4.6050807287981636e-05
2013-08-06,4.6050807287981636e-05
2013-08-07,4.6050807287981636e-05
2013-08-08,0.00018631446954279105
2013-08-09,0.00018631446954279105
2013-08-12,4.6050807287981636e-05
2013-08-13,0.0004240587688293116
2013-08-14,0.00043392224864833055
2013-08-15,0.0004240587688293116
2013-08-16,4.6050807287981636e-05
2013-08-19,0.000396405294866414
2013-08-20,0.000396405294866414
2013-08-21,0.00018215079867288267
2013-08-22,0.00018631446954279105
2013-08-23,0.00019062255572359273
2013-08-26,0.00019062255572359273
2013-08-27,4.710943501327508e-05
2013-08-28,0.0001950818141144215
2013-08-29,4.933921322151288e-05
2013-08-30,4.933921322151288e-05
2013-09-03,5.0513942682982146e-05
2013-09-04,0.00046566924140804627
2013-09-05,5.173113157279417e-05
2013-09-06,0.0
2013-09-09,0.00047702911431844904
2013-09-10,0.0002145803237010339
2013-09-11,5.299285104081153e-05
2013-09-12,5.299285104081153e-05
2013-09-13,5.299285104081153e-05
2013-09-16,5.430130008249844e-05
2013-09-17,5.565881512707294e-05
2013-09-18,5.565881512707294e-05
2013-09-19,0.00021991185048376538
2013-09-20,5.565881512707294e-05
2013-09-23,0.004751306475529042
2013-09-24,0.0037049591994601037
2013-09-25,0.0008181635567969615
2013-09-26,5.0513942682982146e-05
2013-09-27,0.00020448290316844636
2013-09-30,0.005511242972059377
2013-10-01,0.0004441339302217464
2013-10-02,4.933921322151288e-05
2013-10-03,4.933921322151288e-05
2013-10-04,0.00019969940147627279
2013-10-07,0.0007626917843606688
2013-10-08,0.0011262491278735515
2013-10-09,0.00017423151752647242
2013-10-10,0.000396405294866414
2013-10-11,0.00018215079867288267
2013-10-14,0.00041452783703543514
2013-10-15,0.00018631446954279105
2013-10-16,0.00018215079867288267
2013-10-17,0.0010543447690025448
2013-10-18,4.125718624377152e-05
2013-10-21,0.0009687111678789704
2013-10-22,0.0006396106224371282
2013-10-23,0.00015655375555467476
2013-10-24,0.0006396106224371282
2013-10-25,4.125718624377152e-05
2013-10-28,0.0009891138505845228
2013-10-29,0.005225230806336658
2013-10-30,0.00016328699639187518
2013-10-31,4.125718624377152e-05
2013-11-01,0.00016328699639187518
2013-11-04,0.0006396106224371282
2013-11-05,0.000348636130777565
2013-11-06,0.00015022857083635835
2013-11-07,0.00032792664257411065
2013-11-08,0.00032792664257411065
2013-11-11,0.00031512888404484034
2013-11-12,0.0008755847020353158
2013-11-13,0.00014720877268361652
2013-11-14,0.00014720877268361652
2013-11-15,0.00032143224188558396
2013-11-18,3.500978865793176e-05
2013-11-19,0.00014143606828012222
2013-11-20,0.00014143606828012222
2013-11-21,0.0005440881440275531
2013-11-22,0.00013867622958451948
2013-11-25,0.00013599639042359077
2013-11-26,0.0003030659712484751
2013-11-27,0.00029168270028940625
2013-11-28,3.240530636048273e-05
2013-11-29,0.00013086460632663895
2013-12-02,0.00012840696389226244
2013-12-03,0.0002809289556420975
2013-12-04,0.0002757737484788268
2013-12-05,0.00027075915751201886
2013-12-06,0.00012369491639862686
2013-12-09,0.0002809289556420975
2013-12-10,0.00012840696389226244
2013-12-11,0.00013086460632663895
2013-12-12,0.00029168270028940625
2013-12-13,3.240530636048273e-05
2013-12-16,0.00013086460632663895
2013-12-17,0.00012840696389226244
2013-12-18,0.000126017910172321
2013-12-19,0.0002809289556420975
2013-12-20,0.0002809289556420975
2013-12-23,0.0002757737484788268
2013-12-24,0.00027075915751201886
2013-12-25,0.00012369491639862686
2013-12-26,3.121072683797158e-05
2013-12-27,3.179960414979004e-05
2013-12-30,0.00013086460632663895
2013-12-31,0.00012840696389226244
2014-01-02,0.000126017910172321
2014-01-03,3.240530636048273e-05
2014-01-06,3.179960414979004e-05
2014-01-07,0.00012369491639862686
2014-01-08,0.000738717237701013
2014-01-09,0.00130292735435303
2014-01-10,0.0002311887789154557
2014-01-13,0.00010361707263957953
2014-01-14,0.0006423130501933214
2014-01-15,0.0027743995259557146
2014-01-16,0.0003415201719273628
2014-01-17,0.002310777289224332
2014-01-20,0.000948933402211387
2014-01-21,0.002040895231701143
2014-01-22,0.0009217136707143443
2014-01-23,0.0004985515056606414
2014-01-24,0.00047702911431844904
2014-01-27,0.0002987203958268943
2014-02-06,0.0002987203958268943
2014-02-07,0.0007022312370509048
2014-02-10,0.0007126766331421635
2014-02-11,0.0006722368913242362
2014-02-12,0.00017170625610312223
2014-02-13,0.0028830593815901847
2014-02-14,0.0005336726463806602
2014-02-17,0.00037780996239905455
2014-02-18,0.0001395871314043806
2014-02-19,0.0017385620401179978
2014-02-20,0.004751306475529042
2014-02-21,0.0009737522367063043
2014-02-24,0.0014276006376431002
2014-02-25,0.0003500859942195431
2014-02-26,0.0006694809725928261
2014-02-27,0.0008908847657038587
2014-02-28,0.000526894269506633
2014-03-03,0.0009737522367063043
2014-03-04,0.0013079152597626166
2014-03-05,0.00013599639042359077
2014-03-06,0.00037296546017844164
2014-03-07,0.0005073163817704083
2014-03-10,0.000488809828233465
2014-03-11,0.0003253054667482905
2014-03-12,0.0004948645273969961
2014-03-13,0.001594497466766366
2014-03-14,0.0004389835502110073
2014-03-17,0.0019808172386636
2014-03-18,0.000704820949043386
2014-03-19,0.00027679337431139335
2014-03-20,0.001113763585849559
2014-03-21,0.0004053146694652663
2014-03-24,0.00017423151752647242
2014-03-25,0.0016404619692990782
2014-03-26,0.0017168129834163463
2014-03-27,0.0014507481893739065
2014-03-28,0.00027988641371715924
2014-03-31,0.0008585767158993152
2014-04-01,0.0006894943298358784
2014-04-02,0.000917291113945838
2014-04-03,0.00017233239935830023
2014-04-04,0.0003877865015243164
2014-04-07,0.0006532958765024985
2014-04-08,0.000929755287232908
2014-04-10,0.00074169845686218
2014-04-11,0.0003415201719273628
2014-04-14,0.0006134994400710101
2014-04-15,0.0008402538267439469
2014-04-16,0.0014018184156227647
2014-04-17,0.0002862300862392801
2014-04-18,0.0031996204159468445
2014-04-21,0.0008908847657038587
2014-04-22,0.0016539600917196658
2014-04-23,0.0006300970467601793
2014-04-24,0.00047129783885203945
2014-04-25,0.00020206992136923515
2014-04-28,0.000848197194594596
2014-04-29,0.00012446205893659867
2014-05-05,0.003318440166560157
2014-05-06,0.002035321386349497
2014-05-07,0.00040896271651085734
2014-05-08,0.004238845779234724
2014-05-09,0.013115036499204492
2014-05-12,0.0037729948526035117
2014-05-13,0.00715606183937813
2014-05-14,0.003182291952135484
2014-05-15,0.007281080137446389
2014-05-16,0.0013436467910977231
2014-05-19,0.0005696098049102615
2014-05-20,0.0005772319510342546
2014-05-21,0.0007503163812168443
2014-05-22,0.0002311887789154557
2014-05-23,0.00023715534961444258
2014-05-26,0.00013777421533583379
2014-05-27,0.0020563419449980786
2014-05-28,0.0006694809725928261
2014-05-29,0.0003544902697354847
2014-05-30,0.00013086460632663895
2014-06-02,0.00024022563063076294
2014-06-03,0.0002465478079205536
2014-06-04,0.0013436467910977231
2014-06-05,0.0008237599509796118
2014-06-06,0.002908739932313161
2014-06-09,0.001594497466766366
2014-06-10,0.000526894269506633
2014-06-11,0.0007126766331421635
2014-06-12,0.0003544902697354847
2014-06-13,5.635674266396501e-05
2014-06-16,1.3828410699213259e-05
2014-06-17,0.0006532958765024985
2014-06-18,0.00011709870199853422
2014-06-19,0.0014097998039593073
2014-06-20,0.0006613141516585175
2014-06-23,5.635674266396501e-05
2014-06-24,0.001392329916285029
2014-06-25,0.00011709870199853422
2014-06-26,0.00020693936712623323
2014-06-27,5.173113157279417e-05
2014-06-30,0.0014848055366886471
2014-07-01,0.000728787235746806
2014-07-02,0.0001030341089233827
2014-07-03,0.0004053146694652663
2014-07-04,0.00027988641371715924
2014-07-07,0.00027375132717797826
2014-07-08,0.00027988641371715924
2014-07-09,0.00040082285098518266
2014-07-10,0.0004240587688293116
2014-07-11,0.00030661107459818536
2014-07-14,0.0001950818141144215
2014-07-15,0.0001884500474638331
2014-07-16,0.00018215079867288267
2014-07-17,0.00010660745821033008
2014-07-18,0.0001884500474638331
2014-07-21,0.00028948310986789846
2014-07-22,0.00019062255572359273
2014-07-23,0.0001090939713234894
2014-07-24,4.876715631545536e-05
2014-07-25,0.0012786525221832187
2014-07-28,0.0006778000317402091
2014-07-29,0.00022265244059103983
2014-07-30,0.000513719306735928
2014-07-31,0.0005073163817704083
2014-08-01,5.635674266396501e-05
2014-08-04,0.0003500859942195431
2014-08-05,0.006021690638117423
2014-08-06,0.00012143556928007382
2014-08-07,1.3828410699213259e-05
2014-08-08,0.00021722155255187302
2014-08-11,5.565881512707294e-05
2014-08-12,5.565881512707294e-05
2014-08-13,0.000488809828233465
2014-08-14,0.00020448290316844636
2014-08-15,5.235629065210548e-05
2014-08-18,0.0008085061868799566
2014-08-19,0.00031389047818948144
2014-08-20,5.111710314195334e-05
2014-08-21,0.00031389047818948144
2014-08-22,0.0001950818141144215
2014-08-25,0.0001884500474638331
2014-08-26,0.0005674597721822759
2014-08-27,0.0007626917843606688
2014-08-28,0.00028948310986789846
2014-08-29,0.00027375132717797826
2014-09-03,0.0001668176961466398
2014-09-04,0.0003877865015243164
2014-09-05,9.963745825215283e-05
2014-09-08,9.640604509749454e-05
2014-09-09,0.003653307538950102
2014-09-10,0.00029615776624426353
2014-09-11,0.00010188284466245712
2014-09-12,0.0001030341089233827
2014-09-15,0.0005548115838144644
2014-09-16,0.0004240587688293116
2014-09-17,0.002067482964407053
2014-09-18,0.0018117263377551678
2014-09-19,0.0001030341089233827
2014-09-22,0.0014507481893739065
2014-09-23,0.00019737035298715772
2014-09-24,0.0001116685046070678
2014-09-25,0.00031021874980343393
2014-09-26,4.765249072932598e-05
2014-09-29,0.00018631446954279105
2014-09-30,0.00010783996555598462
2014-10-01,0.00010420499805395209
2014-10-02,0.0005486454954928421
2014-10-03,0.0008679637622576851
2014-10-06,9.640604509749454e-05
2014-10-07,0.00017616220308191923
2014-10-08,0.00027988641371715924
2014-10-09,0.000396405294866414
2014-10-10,0.0002862300862392801
2014-10-13,0.00010420499805395209
2014-10-14,0.0005805454984189774
2014-10-15,0.00030661107459818536
2014-10-16,0.00031389047818948144
2014-10-17,0.00020693936712623323
2014-10-20,0.00019969940147627279
2014-10-21,0.00011570460771855333
2014-10-22,0.00044937549152005096
2014-10-23,0.00019737035298715772
2014-10-24,4.992139522263971e-05
2014-10-27,0.0010543447690025366
2014-10-28,0.000488809828233465
2014-10-29,0.000848197194594596
2014-10-30,0.0005872587727742553
2014-10-31,0.00010783996555598462
2014-11-03,0.00010660745821033008
2014-11-04,0.00031021874980343393
2014-11-05,0.00019969940147627279
2014-11-06,0.0011389458386334354
2014-11-07,0.0005674597721822759
2014-11-10,4.657560987202238e-05
2014-11-11,0.00010660745821033008
2014-11-12,0.0002927919090462545
2014-11-13,0.00018215079867288267
2014-11-14,0.0001884500474638331
2014-11-17,0.00010660745821033008
2014-11-18,0.00010783996555598462
2014-11-19,0.00019969940147627279
2014-11-20,0.00019969940147627279
2014-11-21,0.00045471039936915026
2014-11-24,0.0003253054667482905
2014-11-25,0.0003292491272707306
2014-11-26,0.00047702911431844904
2014-11-27,0.00047702911431844904
2014-11-28,0.00031762778518072037
2014-12-01,5.173113157279417e-05
2014-12-02,0.00011570460771855333
2014-12-03,5.111710314195334e-05
2014-12-04,0.00019969940147627279
2014-12-05,0.00019969940147627279
2014-12-08,5.111710314195334e-05
2014-12-09,0.0006532958765024985
2014-12-10,0.005944525351975098
2014-12-11,5.430130008249844e-05
2014-12-12,0.000119963554986704
2014-12-15,0.00021198697779502466
2014-12-16,0.0006949102160679272
2014-12-17,0.002220954871742922
2014-12-18,0.0003682135478703667
2014-12-19,0.0005336726463806602
2014-12-22,0.00013425275681638199
2014-12-23,0.00037296546017844164
2014-12-24,0.00037296546017844164
2014-12-25,0.00013599639042359077
2014-12-26,0.000760192327453093
2014-12-29,0.0005772319510342546
2014-12-30,0.0005850081329273625
2014-12-31,0.0005405826841054308
2015-01-05,0.00022828958290454468
2015-01-06,0.0011635217143282593
2015-01-07,5.4973772679864146e-05
2015-01-08,0.00022265244059103983
2015-01-09,0.00033735468144020287
2015-01-12,0.0032350979477272406
2015-01-13,0.005329195387725962
2015-01-14,0.0003457632957464058
2015-01-15,0.0002145803237010339
2015-01-16,0.00031762778518072037
2015-01-19,0.00033326494180785376
2015-01-20,0.00012293484481282527
2015-01-21,0.0002145803237010339
2015-01-22,0.00012293484481282527
2015-01-23,0.00011851814498509804
2015-01-26,0.00021198697779502466
2015-01-27,0.00012293484481282527
2015-01-28,0.0009250516144873887
2015-01-29,5.635674266396501e-05
2015-01-30,0.0007126766331421635
2015-02-02,0.0003929236232572834
2015-02-03,0.000259964569834698
2015-02-04,0.004118797636161009
2015-02-05,0.005978636652717528
2015-02-06,0.000259964569834698
2015-02-09,0.00014524587926365481
2015-02-10,0.000259964569834698
2015-02-11,0.00014332198660570102
2015-02-12,0.0003827494758500126
2015-02-13,0.00024022563063076294
2015-02-24,5.8531139673294834e-05
2015-02-25,0.004111464670207347
2015-02-26,6.163168562753178e-05
2015-02-27,0.0002433559252671703
2015-03-02,0.00025312289679355423
2015-03-03,0.00040896271651085734
2015-03-04,0.0001395871314043806
2015-03-05,0.0002433559252671703
2015-03-06,6.244531991354069e-05
2015-03-09,0.0002565095200490746
2015-03-10,0.000259964569834698
2015-03-11,0.00014921172821177005
2015-03-12,0.003948072175455427
2015-03-13,6.67656787240244e-05
2015-03-16,0.00043796422983931603
2015-03-17,7.155042359690207e-05
2015-03-18,0.00015986721553613642
2015-03-19,7.155042359690207e-05
2015-03-20,7.155042359690207e-05
2015-03-23,0.00029446762380509327
2015-03-24,0.00017170625610312223
2015-03-25,7.686857514405441e-05
2015-03-26,7.686857514405441e-05
2015-03-27,0.00017170625610312223
2015-03-30,0.000316687225314699
2015-03-31,0.00017681290094644512
2015-04-01,0.000723356857136208
2015-04-02,0.00018491085578291292
2015-04-03,0.00017945208183806527
2015-04-06,0.00032143224188558396
2015-04-07,0.00032143224188558396
2015-04-08,0.00017945208183806527
2015-04-09,0.000316687225314699
2015-04-10,0.0004634460036535778
2015-04-13,0.0004634460036535778
2015-04-14,0.00017170625610312223
2015-04-15,7.686857514405441e-05
2015-04-16,0.0002987203958268943
2015-04-17,0.00016445133784114948
2015-04-20,0.0002987203958268943
2015-04-21,7.575853533104124e-05
2015-04-22,0.00031204651306165513
2015-04-23,7.686857514405441e-05
2015-04-24,0.00017170625610312223
2015-04-27,0.000316687225314699
2015-05-04,0.0010382404148147758
2015-05-05,0.005511242972059394
2015-05-06,0.00019969940147627279
2015-05-07,0.00019969940147627279
2015-05-08,0.00019357816449623133
2015-05-11,0.00019062255572359273
2015-05-12,0.00034683643308366127
2015-05-13,0.0005378026525227679
2015-05-14,8.280247031982733e-05
2015-05-15,0.00032143224188558396
2015-05-18,0.0010543447690025448
2015-05-19,0.00034683643308366127
2015-05-20,0.00285352645532782
2015-05-21,0.0014196477659534584
2015-05-22,0.00027450711992724316
2015-05-25,0.0004202073370897686
2015-05-26,0.00040896271651085734
2015-05-27,0.00040896271651085734
2015-05-28,0.000780538360165602
2015-05-29,0.0005772319510342546
2015-06-01,0.00025312289679355423
2015-06-02,0.0003929236232572834
2015-06-03,0.00024022563063076294
2015-06-04,0.00037296546017844164
2015-06-05,0.0011934668196158914
2015-06-08,0.0006862751369943699
2015-06-09,0.0007218164676698031
2015-06-10,0.00037780996239905455
2015-06-11,0.0003589781880692482
2015-06-12,0.0025377378542897604
2015-06-15,0.002208551982672104
2015-06-16,0.000728787235746806
2015-06-17,0.0011919422436040572
2015-06-18,0.000720664402644892
2015-06-19,0.0008775056220490509
2015-06-22,0.00018012111021856926
2015-06-23,0.00018421498961986092
2015-06-24,0.00040988242432818455
2015-06-25,0.0005548115838144644
2015-06-26,0.0030009355871196044
2015-06-29,0.0004871003195385828
2015-06-30,0.0014549408911935587
2015-07-01,0.000831311585593569
2015-07-02,0.0002565095200490746
2015-07-03,0.0006396106224371282
2015-07-06,0.00025379483434442753
2015-07-07,0.0002459044270476744
2015-07-08,0.0012968447422758876
2015-07-09,0.001113763585849559
2015-07-10,0.0006674251412029275
2015-07-13,0.0002678157808093377
2015-07-14,0.0008402538267439469
2015-07-15,0.00016328699639187518
2015-07-16,0.0003753759880485614
2015-07-17,0.0002565095200490746
2015-07-20,0.0003835821397101929
2015-07-21,0.0005366177717780202
2015-07-22,0.002067482964407053
2015-07-23,0.00113084143183698
2015-07-24,0.00113084143183698
2015-07-27,0.00143036913394551
2015-07-28,0.001044053576697884
2015-07-29,0.00032792664257411065
2015-07-30,0.00044413393022174093
2015-07-31,0.00074169845686218
2015-08-03,0.0014549408911935587
2015-08-04,0.000367430398555248
2015-08-05,3.99645895851114e-05
2015-08-06,0.00016156353418078054
2015-08-07,0.000660303818161439
2015-08-10,0.00024084683881988336
2015-08-11,0.0006134994400710101
2015-08-12,0.0004871003195385828
2015-08-13,0.0006329287078188177
2015-08-14,0.0004871003195385828
2015-08-17,0.000999557797034296
2015-08-18,0.0006674251412029275
2015-08-19,0.0025339386616874448
2015-08-20,0.000929755287232908
2015-08-21,0.0010430327540214119
2015-08-24,0.0032040601242412114
2015-08-25,0.006904398020461495
2015-08-26,0.001677986112532332
2015-08-27,0.00017616220308191923
2015-08-28,0.0012554347439788875
2015-08-31,0.0006396106224371282
2015-09-01,0.00025112301834931454
2015-09-03,0.0010658418408888198
2015-09-04,0.00017616220308191923
2015-09-07,0.00017616220308191923
2015-09-08,0.000704820949043386
2015-09-09,0.00016503818440376954
2015-09-10,0.0002649201418834932
2015-09-11,0.00017233239935830023
2015-09-14,0.000720664402644892
2015-09-15,0.00018421498961986092
2015-09-16,0.00018421498961986092
2015-09-17,0.00041925267811105017
2015-09-18,0.00040988242432818455
2015-09-21,0.00018012111021856926
2015-09-22,0.00017812515956314675
2015-09-23,4.553482507053567e-05
2015-09-24,4.553482507053567e-05
2015-09-25,0.0002927919090462545
2015-09-28,0.0009822419070433482
2015-09-29,0.00047702911431844904
2015-09-30,0.00032143224188558396
2015-10-01,0.0006532958765024985
2015-10-02,0.00012293484481282527
2015-10-05,0.0002145803237010339
2015-10-06,0.0009822419070433482
2015-10-07,0.0001884500474638331
2015-10-08,0.0004240587688293116
2015-10-09,0.005185389253292826
2015-10-12,0.0004240587688293116
2015-10-13,0.00010783996555598462
2015-10-14,0.00010783996555598462
2015-10-15,0.0005872587727742553
2015-10-16,0.00010539596065278883
2015-10-19,0.0001884500474638331
2015-10-20,0.000601039462955598
2015-10-21,0.006040284968809109
2015-10-22,0.0004389835502110073
2015-10-23,0.00018421498961986092
2015-10-26,0.00018631446954279105
2015-10-27,0.0005610822170370782
2015-10-28,0.00018012111021856926
2015-10-29,0.00017812515956314675
2015-10-30,4.355524929988784e-05
2015-11-02,0.000720664402644892
2015-11-03,0.00027988641371715924
2015-11-04,0.0002649201418834932
2015-11-05,9.536377930874998e-05
2015-11-06,0.00017233239935830023
2015-11-09,0.00010075076913460397
2015-11-10,0.00018012111021856926
2015-11-11,0.00018421498961986092
2015-11-12,0.0002927919090462545
2015-11-13,0.00010420499805395209
2015-11-16,0.0001884500474638331
2015-11-17,4.765249072932598e-05
2015-11-18,0.0001884500474638331
2015-11-19,0.00010783996555598462
2015-11-20,0.0003030659712484751
2015-11-23,0.00028948310986789846
2015-11-24,0.00040988242432818455
2015-11-25,0.00018421498961986092
2015-11-26,0.00018631446954279105
2015-11-27,0.00010783996555598462
2015-11-30,0.00019737035298715772
2015-12-01,0.00045471039936915026
2015-12-02,0.00032143224188558396
2015-12-03,0.00032143224188558396
2015-12-04,0.00020944036432362812
2015-12-07,0.00020944036432362812
2015-12-08,0.00047702911431844904
2015-12-09,0.00020944036432362812
2015-12-10,0.00034152017192735803
2015-12-11,5.565881512707294e-05
2015-12-14,0.0003544902697354847
2015-12-15,0.0003635518808054429
2015-12-16,0.0003589781880692482
2015-12-17,0.0003589781880692482
2015-12-18,0.0007218164676698031
2015-12-21,0.0003827494758500126
2015-12-22,0.0007702645745293127
2015-12-23,0.0008126240070810199
2015-12-24,0.0005929425296469791
2015-12-25,0.0008017123845640499
2015-12-28,0.0002565095200490746
2015-12-29,0.0012569328524450877
2015-12-30,0.000513719306735928
2015-12-31,0.00013254244332356707
2016-01-04,0.003612760376748351
2016-01-05,0.004751306475529042
2016-01-06,0.004264212977958656
2016-01-07,0.00960955603141726
2016-01-08,0.007140062521730232
2016-01-11,0.00016213497719782163
2016-01-12,0.0004441339302217464
2016-01-13,0.0008126240070810199
2016-01-14,0.0006263509662879356
2016-01-15,0.0021818493060154626
2016-01-18,0.0021037494099438872
2016-01-19,0.007385823683986509
2016-01-20,0.0009920810673934592
2016-01-21,0.00032628471229575394
2016-01-22,0.0009351749822546404
2016-01-25,0.002035321386349497
2016-01-26,0.00042600437293785183
2016-01-27,0.0002670874362489915
2016-01-28,0.0008126240070810199
2016-01-29,0.0005929425296469791
2016-02-01,0.000259964569834698
2016-02-02,0.0004202073370897686
2016-02-03,0.0008467297861192622
2016-02-04,6.768343795236561e-05
2016-02-05,0.0008126240070810199
2016-02-15,1.6578064842802585e-05
2016-02-16,1.6578064842802585e-05
2016-02-17,0.0005929425296469791
2016-02-18,0.000259964569834698
2016-02-19,6.586646055803264e-05
2016-02-22,0.0012405998627529945
2016-02-23,0.000948933402211387
2016-02-24,0.0002433559252671703
2016-02-25,0.0003827494758500126
2016-02-26,0.00013777421533583379
2016-02-29,0.00024022563063076294
2016-03-01,0.0002433559252671703
2016-03-02,0.00037296546017844164
2016-03-03,0.00013599639042359077
2016-03-04,6.083385043684663e-05
2016-03-07,0.0002433559252671703
2016-03-08,0.0025900256112550246
2016-03-09,0.00013254244332356707
2016-03-10,0.0003544902697354847
2016-03-11,0.0011206742077419665
2016-03-14,0.00034152017192735803
2016-03-15,0.0003544902697354847
2016-03-16,0.0003635518808054429
2016-03-17,0.00012921842873864055
2016-03-18,0.0003589781880692482
2016-03-21,5.8531139673294834e-05
2016-03-22,0.00024022563063076294
2016-03-23,0.00024022563063076294
2016-03-24,0.00024022563063076294
2016-03-25,0.0007702645745293127
2016-03-28,6.244531991354069e-05
2016-03-29,0.0003981635110415918
2016-03-30,0.00040350892449809127
2016-03-31,0.0005929425296469791
2016-04-01,0.00015334225424008916
2016-04-04,0.0002670874362489915
2016-04-05,0.0010128470292645297
2016-04-06,0.0002465478079205536
2016-04-07,0.0002433559252671703
2016-04-08,0.0002433559252671703
2016-04-11,0.00013599639042359077
2016-04-12,5.928396464885262e-05
2016-04-13,0.00037296546017844164
2016-04-14,0.0009865284439226172
2016-04-15,0.00013254244332356707
2016-04-19,0.0002465478079205536
2016-04-20,0.0003981635110415918
2016-04-21,0.00014332198660570102
2016-04-22,0.000760192327453093
2016-04-25,5.928396464885262e-05
2016-04-26,0.0005476278149606275
2016-04-27,0.0002465478079205536
2016-04-28,0.0002465478079205536
2016-04-29,0.0002465478079205536
2016-05-04,0.00013777421533583379
2016-05-05,0.00013777421533583379
2016-05-06,0.0005405826841054308
2016-05-09,0.00024022563063076294
2016-05-10,0.00013777421533583379
2016-05-11,0.00024022563063076294
2016-05-12,0.0002433559252671703
2016-05-13,0.00013777421533583379
2016-05-16,1.5508792046167803e-05
2016-05-17,0.00013777421533583379
2016-05-18,6.083385043684663e-05
2016-05-19,0.00013777421533583379
2016-05-20,0.00013777421533583379
2016-05-23,0.00014332198660570102
2016-05-24,0.00025312289679355423
2016-05-25,0.0002433559252671703
2016-05-26,0.0012405998627529945
2016-05-27,6.244531991354069e-05
2016-05-30,0.00013599639042359077
2016-05-31,0.00013599639042359077
2016-06-01,0.00037296546017844164
2016-06-02,1.4726136413796711e-05
2016-06-03,0.00013254244332356707
2016-06-06,0.00024022563063076294
2016-06-07,0.0002433559252671703
2016-06-08,0.00024022563063076294
2016-06-09,0.0011489701127024602
2016-06-10,0.000488809828233465
2016-06-13,0.00034152017192735803
2016-06-14,0.00021722155255187302
2016-06-15,0.00021722155255187302
2016-06-16,0.0002145803237010339
2016-06-17,0.00022828958290454468
2016-06-20,5.70678804751838e-05
2016-06-21,0.000225444584316729
2016-06-22,5.8531139673294834e-05
2016-06-23,1.4726136413796711e-05
2016-06-24,0.0036862390604449594
2016-06-27,0.0002670874362489915
2016-06-28,1.6355541323397364e-05
2016-06-29,0.00014332198660570102
2016-06-30,0.000760192327453093
2016-07-01,0.00013777421533583379
2016-07-04,0.0023395133645997914
2016-07-05,0.001677986112532332
2016-07-06,0.000601039462955598
2016-07-07,0.000959845431592362
2016-07-08,0.0018934429264619616
2016-07-11,0.002284565404020645
2016-07-12,0.0011919422436040572
2016-07-13,0.00027679337431139335
2016-07-14,0.000704820949043386
2016-07-15,0.00041925267811105017
2016-07-18,0.00018012111021856926
2016-07-19,0.0008775056220490509
2016-07-20,0.0005307517022353466
2016-07-21,0.00040988242432818455
2016-07-22,0.0004389835502110073
2016-07-25,0.00029615776624426353
2016-07-26,0.0004441339302217464
2016-07-27,0.0001950818141144215
2016-07-28,0.000959845431592362
2016-07-29,0.00018631446954279105
2016-08-01,0.00010539596065278883
2016-08-02,0.00011036997843532274
2016-08-03,0.00019737035298715772
2016-08-04,0.0008085061868799566
2016-08-05,0.00047702911431844904
2016-08-08,0.00032143224188558396
2016-08-09,5.0513942682982146e-05
2016-08-10,0.0001950818141144215
2016-08-11,4.820499106742819e-05
2016-08-12,0.00043392224864833055
2016-08-15,0.00019737035298715772
2016-08-16,0.0004240587688293116
2016-08-17,4.6050807287981636e-05
2016-08-18,0.00010188284466245712
2016-08-19,0.0002927919090462545
2016-08-22,4.820499106742819e-05
2016-08-23,0.00011036997843532274
2016-08-24,1.198168765364211e-05
2016-08-25,0.00011036997843532274
2016-08-26,0.0005872587727742553
2016-08-29,0.0001950818141144215
2016-08-30,0.00011036997843532274
2016-08-31,4.820499106742819e-05
2016-09-01,0.00011036997843532274
2016-09-05,0.00011036997843532274
2016-09-06,0.00019737035298715772
2016-09-07,0.00011036997843532274
2016-09-08,0.0007626917843606688
2016-09-09,0.0005486454954928421
2016-09-12,0.0005674597721822759
2016-09-13,0.00018215079867288267
2016-09-14,0.00018631446954279105
2016-09-15,0.00019062255572359273
2016-09-16,0.00011036997843532274
2016-09-19,0.00019062255572359273
2016-09-20,0.0001884500474638331
2016-09-21,0.0002830315915225396
2016-09-22,0.00017423151752647242
2016-09-23,0.00027679337431139335
2016-09-26,0.00018012111021856926
2016-09-27,0.00010075076913460397
2016-09-28,0.001269014873115098
2016-09-29,0.00016156353418078054
2016-09-30,0.0002484931741064002
2016-10-03,0.0004672670783024503
2016-10-04,0.001939514349608748
2016-10-05,0.00015986721553613642
2016-10-06,0.00025112301834931454
2016-10-07,0.0001668176961466398
2016-10-10,0.00016862614575700952
2016-10-11,0.0005425816407463848
2016-10-12,0.00040082285098518266
2016-10-13,0.000396405294866414
2016-10-14,0.00017423151752647242
2016-10-17,0.000396405294866414
2016-10-18,0.00027679337431139335
2016-10-19,9.854249957908572e-05
2016-10-20,0.0003835821397101929
2016-10-21,0.0005249813052058801
2016-10-24,0.00010075076913460397
2016-10-25,0.00018215079867288267
2016-10-26,0.0011262491278735515
2016-10-27,0.00010539596065278883
2016-10-28,0.00010539596065278883
2016-10-31,0.00029615776624426353
2016-11-01,0.00011036997843532274
2016-11-02,0.0006226381970057616
2016-11-03,0.00047129783885203945
2016-11-04,0.0003292491272707306
2016-11-07,0.0010934110202235918
2016-11-08,0.00011570460771855333
2016-11-09,0.0013583506089910795
2016-11-10,0.0006376907461994036
2016-11-11,0.0003292491272707306
2016-11-14,0.0006532958765024985
2016-11-15,0.0002145803237010339
2016-11-16,0.000119963554986704
2016-11-17,5.4973772679864146e-05
2016-11-18,0.00022265244059103983
2016-11-21,0.00022828958290454468
2016-11-22,0.000225444584316729
2016-11-23,0.000126017910172321
2016-11-24,1.3828410699213259e-05
2016-11-25,5.635674266396501e-05
2016-11-28,5.7792564069033315e-05
2016-11-29,0.00013254244332356707
2016-11-30,0.00013254244332356707
2016-12-01,5.7792564069033315e-05
2016-12-02,0.00012760311900911444
2016-12-05,5.7792564069033315e-05
2016-12-06,5.7792564069033315e-05
2016-12-07,0.00022828958290454468
2016-12-08,0.00022265244059103983
2016-12-09,5.4973772679864146e-05
2016-12-12,0.00021722155255187302
2016-12-13,5.4973772679864146e-05
2016-12-14,0.00012143556928007382
2016-12-15,0.0002145803237010339
2016-12-16,0.0008085061868799566
2016-12-19,0.0007454504305367651
2016-12-20,0.00018631446954279105
2016-12-21,0.0002927919090462545
2016-12-22,0.00010660745821033008
2016-12-23,0.00010660745821033008
2016-12-26,0.00010660745821033008
2016-12-27,0.00010539596065278883
2016-12-28,4.6050807287981636e-05
2016-12-29,0.00018215079867288267
2016-12-30,1.144774983319398e-05
2017-01-03,0.00010075076913460397
2017-01-04,9.854249957908572e-05
2017-01-05,9.854249957908572e-05
2017-01-06,9.74654919489823e-05
2017-01-09,9.74654919489823e-05
2017-01-10,9.854249957908572e-05
2017-01-11,0.0005610822170370782
2017-01-12,0.00041452783703543514
2017-01-13,0.00018012111021856926
2017-01-16,0.00018012111021856926
2017-01-17,0.0002927919090462545
2017-01-18,0.002795174978330153
2017-01-19,0.00043392224864833055
2017-01-20,0.00019062255572359273
2017-01-23,0.00019969940147627279
2017-01-24,5.0513942682982146e-05
2017-01-25,0.0014848055366886471
2017-02-02,0.0008085061868799566
2017-02-03,0.0010417871140837608
2017-02-06,0.00020448290316844636
2017-02-07,0.0006226381970057616
2017-02-08,1.2553871008289169e-05
2017-02-09,0.00019969940147627279
2017-02-10,0.00045471039936915026
2017-02-13,0.0012341557075126652
2017-02-14,0.00043392224864833055
2017-02-15,4.820499106742819e-05
2017-02-16,4.820499106742819e-05
2017-02-17,0.00019062255572359273
2017-02-20,0.0001884500474638331
2017-02-21,4.6050807287981636e-05
2017-02-22,0.0007126766331421635
2017-02-23,0.00018012111021856926
2017-02-24,4.6050807287981636e-05
2017-02-27,0.0001884500474638331
2017-02-28,0.00010539596065278883
2017-03-01,0.0001950818141144215
2017-03-02,0.00011036997843532274
2017-03-03,0.00011036997843532274
2017-03-06,0.00011036997843532274
2017-03-07,0.00019062255572359273
2017-03-08,0.00010660745821033008
2017-03-09,0.0005674597721822759
2017-03-10,0.00041452783703543514
2017-03-13,0.00041452783703543514
2017-03-14,0.00010188284466245712
2017-03-15,0.00010188284466245712
2017-03-16,0.00040082285098518266
2017-03-17,0.0006746623050007561
2017-03-20,0.00035973445508444914
2017-03-21,0.00015819747342755907
2017-03-22,0.0003522778072497247
2017-03-23,0.00015986721553613642
2017-03-24,0.0004672670783024503
2017-03-27,0.00044862103314529967
2017-03-28,0.00014427912279327225
2017-03-29,0.00014870717411186963
2017-03-30,0.00044413393022174093
2017-03-31,0.0004268423047006959
2017-04-03,0.0004268423047006959
2017-04-04,0.00014284698627816522
2017-04-05,0.00044862103314529967
2017-04-07,0.00023594369791864149
2017-04-10,0.001886424066202515
2017-04-11,0.0003951565470343597
2017-04-12,0.0005388426456573311
2017-04-13,0.0005388426456573311
2017-04-14,0.00044413393022174093
2017-04-17,0.0007126766331421635
2017-04-18,0.00031512888404484034
2017-04-19,0.00013867622958451948
2017-04-20,0.0002156310036764443
2017-04-21,0.002310777289224332
2017-04-24,0.00041054125939698853
2017-04-25,0.00013867622958451948
2017-04-26,0.0002156310036764443
2017-04-27,0.00013732650496263714
2017-04-28,0.0003030659712484751
2017-05-03,0.00013211997176591796
2017-05-04,0.0012658615035127058
2017-05-05,0.00035071013443935007
2017-05-08,0.0004560589715955531
2017-05-09,0.002272304705228935
2017-05-10,0.0016623805843073475
2017-05-11,0.000596161551633313
2017-05-12,0.00021633575013685962
2017-05-15,0.0018713498289256133
2017-05-16,0.0008117062212700585
2017-05-17,0.000596161551633313
2017-05-18,0.0007184726521300822
2017-05-19,0.0026879349032252276
2017-05-22,0.004396437753162414
2017-05-23,0.0010543447690025448
2017-05-24,0.0017168129834163463
2017-05-25,0.0005255540990658643
2017-05-26,0.0001318674576855635
2017-05-29,0.00024886632983760134
2017-05-30,0.0008917370266333793
2017-05-31,0.00026865182877434805
2017-06-01,8.737472428396618e-05
2017-06-02,0.0006432999993660796
2017-06-05,0.000331247905853169
2017-06-06,8.407150450936629e-05
2017-06-07,0.002516702476244017
2017-06-08,0.0005393163674050569
2017-06-09,0.0005318110826523972
2017-06-12,0.0005281170599615648
2017-06-13,0.0002689138967557793
2017-06-14,0.0002689138967557793
2017-06-15,0.00020944036432362812
2017-06-16,0.00035847533427093415
2017-06-19,0.00021088991553788064
2017-06-20,0.00033919654802443393
2017-06-21,0.0001544016859456714
2017-06-22,0.0008017123845640499
2017-06-23,0.001502285815856572
2017-06-26,0.00014921172821177005
2017-06-27,0.00041452783703543514
2017-06-28,0.0001544016859456714
2017-06-29,0.00010396922888840373
2017-06-30,3.742777155379007e-05
2017-07-03,0.0007652035900696312
2017-07-04,0.0006125272848106372
2017-07-05,0.00023265913219102
2017-07-06,0.00043029608356855663
2017-07-07,0.0018417385501288425
2017-07-10,0.002602231802982936
2017-07-11,0.0044780152052703494
2017-07-12,0.0005850081329273625
2017-07-13,6.327517321708716e-05
2017-07-14,0.00024980290495886645
2017-07-17,0.00106874549727434
2017-07-18,0.0006626648744827075
2017-07-19,0.0006093034032092539
2017-07-20,0.0003535043871958899
2017-07-21,0.00010612036490731504
2017-07-24,0.00010759176005201425
2017-07-25,0.00033919654802443393
2017-07-26,0.0003193102696487561
2017-07-27,6.285819240088286e-05
2017-07-28,0.00019062255572359273
2017-07-31,9.59870979719832e-05
2017-08-01,6.005140792206353e-05
2017-08-02,9.413521979739875e-05
2017-08-03,0.0007952705870216436
2017-08-04,0.0004684708594874442
2017-08-07,0.00019395244283211473
2017-08-08,0.0007126766331421704
2017-08-09,0.0016337748041884152
2017-08-10,0.0011562115693588523
2017-08-11,0.0004684708594874442
2017-08-18,0.0018590331022908775
2017-08-21,0.0006125272848106372
2017-08-22,0.0010332834368080388
2017-08-23,0.0005393163674050569
2017-08-24,0.0003535043871958899
2017-08-25,0.0006486857200020537
2017-08-28,0.0005548115838144644
2017-08-29,0.00044103289641539656
2017-08-30,0.00011379432250227748
2017-08-31,0.00011140697248722921
2017-09-01,4.0388622007008935e-05
2017-09-05,0.0003535043871958899
2017-09-06,0.0001544016859456714
2017-09-07,0.00027075915751201886
2017-09-08,0.00021235456815583986
2017-09-11,7.104917979647216e-05
2017-09-12,4.010518870339991e-05
2017-09-13,0.0007126766331421704
2017-09-14,0.0001944352550152003
2017-09-15,0.0001931517429455231
2017-09-18,0.0002548077686974633
2017-09-19,0.00010052661914975446
2017-09-20,0.00010188284466245712
2017-09-21,0.0002565095200490746
2017-09-22,3.6431386291788376e-05
2017-09-25,0.00010326670258689541
2017-09-26,0.0001046789487273317
2017-09-27,0.00014921172821177005
2017-09-28,0.00015125584354595473
2017-09-29,0.00010612036490731504
2017-10-02,0.00027450711992724316
2017-10-03,0.0020526482840245164
2017-10-04,0.00011460717955604336
2017-10-05,0.00016099510699045237
2017-10-06,7.05531848293575e-05
2017-10-09,0.00015655375555467476
2017-10-10,0.00010909397132348666
2017-10-11,7.006236566473208e-05
2017-10-12,7.006236566473208e-05
2017-10-13,1.7887162339796936e-05
2017-10-16,0.00029237521544039056
2017-10-17,0.00011460717955604336
2017-10-18,0.00015655375555467476
2017-10-19,0.00011140697248722921
2017-10-20,7.30863978622875e-05
2017-10-23,0.000797574063839774
2017-10-24,0.00017170625610312223
2017-10-25,1.866760889676654e-05
2017-10-26,0.0005668755123844836
2017-10-27,4.245954215213741e-05
2017-10-30,0.00016802007530915906
2017-10-31,0.0008333624646094723
2017-11-01,0.002169553553543377
2017-11-02,0.0007745205194066725
2017-11-03,0.00013599639042359378
2017-11-06,0.0001318674576855635
2017-11-07,0.00018773412637765693
2017-11-08,0.0001318674576855635
2017-11-09,0.00032628471229575394
2017-11-10,4.5027466661270445e-05
2017-11-13,0.0012305529155211422
2017-11-14,0.00029237521544039056
2017-11-15,0.00016328699639187518
2017-11-16,0.0005355440024434117
2017-11-17,0.0003368965590177758
2017-11-20,0.00014921172821177005
2017-11-21,0.00048663564635295246
2017-11-22,0.0001405070379419001
2017-11-23,0.0005696098049102615
2017-11-24,0.00040350892449809127
2017-11-27,0.0008475119295983381
2017-11-28,0.0005440881440275531
2017-11-29,0.00023564223593646963
2017-11-30,0.00035672364189763924
2017-12-01,8.61634892918095e-05
2017-12-04,0.0006376907461994036
2017-12-05,0.0006613141516585175
2017-12-06,0.0006125272848106372
2017-12-07,0.0006164298340469049
2017-12-08,0.0002386830848445345
2017-12-11,0.0006752238800400127
2017-12-12,0.0023269539030530487
2017-12-13,0.0006134994400710101
2017-12-14,0.0002024120098773862
2017-12-15,0.00010120132410458404
2017-12-18,0.0003827494758500126
2017-12-19,0.0006086616819679083
2017-12-20,0.0002791946066915039
2017-12-21,8.669868639868815e-05
2017-12-22,0.00017206363354829528
2017-12-25,0.0002740868492059077
2017-12-26,0.00016478629470078194
2017-12-27,0.00020693936712623323
2017-12-28,0.001757003606444572
2017-12-29,0.00027679337431139335
2018-01-02,6.862025150729511e-05
2018-01-03,0.00021751802933371258
2018-01-04,9.693359740133095e-05
2018-01-05,0.00046395764309594924
2018-01-08,0.0010079203257714676
2018-01-09,0.00043702646680782593
2018-01-10,0.00020944036432362812
2018-01-11,0.0002634899021241484
2018-01-12,0.00030466971787252985
2018-01-15,0.0004896679596015302
2018-01-16,0.00012017219880266369
2018-01-17,0.0013540104286768678
2018-01-18,0.0017168129834163463
2018-01-19,9.08765196281813e-05
2018-01-22,0.0006103483670400206
2018-01-23,0.0
2018-01-24,0.0
2018-01-25,0.0007306109581347895
2018-01-26,0.0005743558152036179
2018-01-29,0.0007056873708496826
2018-01-30,0.0022774941261089776
2018-01-31,0.0019251686529707485
2018-02-01,0.00191177792120453
2018-02-02,0.000788671876682746
2018-02-05,0.0011167174305805965
2018-02-06,0.0017952389484509079
2018-02-07,0.00020286948088553075
2018-02-08,0.0010597962389379783
2018-02-09,0.0020234540813944646
2018-02-12,0.0003312479058531643
2018-02-13,0.00017681290094644864
2018-02-21,0.0002565095200490746
2018-02-22,0.0004936446204798004
2018-02-23,0.00043752846484932615
2018-02-26,0.0008830289350699495
2018-02-27,0.0005772319510342484
2018-02-28,0.002908739932313175
2018-03-01,0.001014459529046539
2018-03-02,0.0002813314849294676
2018-03-05,0.0027910757017600416
2018-03-06,0.0014956191974805227
2018-03-07,0.000883549417903279
2018-03-08,0.0002993354480928562
2018-03-09,0.0003815055548022742
2018-03-12,0.00039585824034524313
2018-03-13,0.00015655375555467148
2018-03-14,0.00020860168426959012
2018-03-15,0.00045471039936915026
2018-03-16,0.0001642387149557334
2018-03-19,0.00022414941455107173
2018-03-20,0.00019357816449623133
2018-03-21,0.0002697024057267911
2018-03-22,0.0019406441351875621
2018-03-23,0.00041452783703543514
2018-03-26,0.0013639268365547173
2018-03-27,0.00028623008623927576
2018-03-28,0.0005283105212305153
2018-03-29,0.00023856504335876267
2018-03-30,0.00023029086371642967
2018-04-02,0.00019209183334831839
2018-04-03,0.0015190515661859599
2018-04-04,0.0008004675124714401
2018-04-05,0.00023890253731326984
2018-04-06,0.0010960056588038682
2018-04-09,0.0007078269209429086
2018-04-10,0.00022582083474860173
2018-04-11,0.0009424752799191683
2018-04-12,0.001261798093032667
2018-04-13,0.0007543165472909731
2018-04-16,0.0007859466340162547
2018-04-17,0.00027075915751201886
2018-04-18,0.0006134994400710101
2018-04-19,0.001127875447284405
2018-04-20,0.0006274875331279508
2018-04-23,0.0017104257389500884
2018-04-24,0.001145374873836497
2018-04-26,0.0015087726839645612
2018-04-27,0.0038299830372733176
2018-05-02,0.0021952600057091503
2018-05-03,0.0017242429475679058
2018-05-04,0.0005073163817704083
2018-05-07,0.0026182728851648846
2018-05-08,0.000370875245618077
2018-05-09,0.0022255507147678016
2018-05-10,0.0011363893750075873
2018-05-11,0.006947586763888185
2018-05-14,0.0011466672130326398
2018-05-15,0.001009196526913094
2018-05-16,0.002451484613806803
2018-05-17,0.00013024362270622688
2018-05-18,0.0009629977400815154
2018-05-21,0.0007197702580824921
2018-05-22,0.001698727204442148
2018-05-23,0.0051125978742226075
2018-05-24,0.001439655863159768
2018-05-25,0.0015864931318804374
2018-05-28,0.0015200766821039853
2018-05-29,0.002682121447212022
2018-05-30,0.000597549162987809
2018-05-31,0.0020988120368693425
2018-06-01,0.0005642574781782382
2018-06-04,0.0011518585079825009
2018-06-05,0.001502285815856572
2018-06-06,0.0006435907115083778
2018-06-07,0.0008975649745727229
2018-06-08,0.00084120350099341
2018-06-11,0.0017687460781112647
2018-06-12,0.0006103483670400206
2018-06-13,0.00019357816449623133
2018-06-14,0.0024816339733897334
2018-06-15,0.0006857407975522859
2018-06-18,0.0024259483533892383
2018-06-19,0.0019233542649755113
2018-06-20,0.0006722368913242427
2018-06-21,0.00035328089662007536
2018-06-22,0.00036993095268875604
2018-06-25,0.00014223973350904032
2018-06-26,0.0002505350124817786
2018-06-27,0.0009154793094217424
2018-06-28,0.0011417964863417503
2018-06-29,0.0008155714066072766
2018-07-02,0.0016944632040270715
2018-07-03,0.0022171690383719356
2018-07-04,0.002560713548904643
2018-07-05,0.000520843560835954
2018-07-06,0.0027124569203362996
2018-07-09,0.0014830743124585061
2018-07-10,0.0010816984959703135
2018-07-11,0.0006889148601292568
2018-07-12,0.00106874549727434
2018-07-13,0.00047702911431844904
2018-07-16,0.00018692091523802315
2018-07-17,0.0013959806929821315
2018-07-18,0.0013500501814796926
2018-07-19,0.0003809421400163719
2018-07-20,0.0020045258776825886
2018-07-23,0.0006376907461994036
2018-07-24,0.0010345047943401127
2018-07-25,0.0005898718427705386
2018-07-26,0.000526894269506633
2018-07-27,0.000343631909742505
2018-07-30,0.0002740868492059077
2018-07-31,0.0008585767158993152
2018-08-01,0.00073871723770102
2018-08-02,0.0009663524372570014
2018-08-03,0.0002505350124817786
2018-08-06,0.0003924524064118435
2018-08-07,0.0004799340385998478
2018-08-08,0.0014848055366886471
2018-08-09,0.0006109766363084565
2018-08-10,0.0013183224727033754
2018-08-13,0.002286298949381573
2018-08-14,0.00035412008100505426
2018-08-15,0.001122660488452351
2018-08-16,0.0018216483536968775
2018-08-17,0.0012621974080224893
2018-08-20,0.00044413393022174093
2018-08-21,0.0005818789115531145
2018-08-22,0.000597983785257221
2018-08-23,0.0001877341263776605
2018-08-24,8.450100463998063e-05
2018-08-27,0.0003312479058531643
2018-08-28,0.0005658552269393287
2018-08-29,0.00017856582694685815
2018-08-30,0.00014073843547536335
2018-08-31,0.00021353730459787
2018-09-04,0.0011194129547500054
2018-09-05,0.0002396068228265098
2018-09-06,0.0003997968836378864
2018-09-07,0.0005060501688553843
2018-09-10,5.430130008250038e-05
2018-09-11,0.0017250143169968467
2018-09-12,0.0001915020905418368
2018-09-13,0.0008747633812370198
2018-09-14,0.0011562115693588523
2018-09-17,0.0003075070701629046
2018-09-18,0.0011164601082299882
2018-09-19,0.000344777122144683
2018-09-20,0.00029587506689546423
2018-09-21,0.0004504349349538385
2018-09-24,0.00024221059432055745
2018-09-25,0.00012962704878129058
2018-09-26,0.0002903050312299693
2018-09-27,0.00020159245255593907
2018-09-28,0.00016290162947401316
2018-10-01,0.0002074359697168579
2018-10-02,0.0007544510774302144
2018-10-03,0.00010336662675642183
2018-10-04,0.0003989206152675835
2018-10-05,0.0004027387261551645
2018-10-08,0.00020944036432362812
2018-10-09,7.467236803091588e-05
2018-10-10,0.0001023738688404633
2018-10-11,0.00023715534961444258
2018-10-12,0.0018663652291888851
2018-10-15,0.0010319018449568768
2018-10-16,0.00027375132717797826
2018-10-17,9.233642232946107e-05
2018-10-18,0.0002105664953267098
2018-10-19,0.0004691209772326106
2018-10-22,0.0015541967742504269
2018-10-23,0.0014930912041464268
2018-10-24,0.0004170950614739174
2018-10-25,0.0012088748360992946
2018-10-26,0.0005972819386245806
2018-10-29,0.0006086616819679083
2018-10-30,0.0003682135478703667
2018-10-31,0.0008691479590596942
2018-11-01,0.001073611364917655
2018-11-02,0.00047129783885203945
2018-11-05,0.00016279177520596474
2018-11-06,0.00046289268213682404
2018-11-07,0.00016279177520596474
2018-11-08,0.0002595772391566219
2018-11-09,0.00011923756473188318
2018-11-12,0.0004858240668315036
2018-11-13,0.00040696679570755175
2018-11-14,0.00015986721553613642
2018-11-15,0.0002565095200490746
2018-11-16,0.00014892309772470148
2018-11-19,0.0001090939713234894
2018-11-20,0.00036565977965762075
2018-11-21,0.0001090939713234894
2018-11-22,0.0004364418936720124
2018-11-23,0.00015424966755301291
2018-11-26,0.00011232637830032602
2018-11-27,0.0003030659712484751
2018-11-28,0.00014636268978471885
2018-11-29,0.0002927919090462545
2018-11-30,0.00014636268978471885
2018-12-03,0.00040305937389700314
2018-12-04,0.00017519287086395
2018-12-05,0.00010075076913460397
2018-12-06,0.00017812515956314675
2018-12-07,6.900043050012396e-05
2018-12-10,4.477696145403087e-05
2018-12-11,0.00028462409931508895
2018-12-12,0.00010131443509004137
2018-12-13,4.379555853096393e-05
2018-12-14,0.00022989346863622488
2018-12-17,0.001511141967985046
2018-12-18,0.000343631909742505
2018-12-19,0.00016784751243726406
2018-12-20,0.00021991185048376538
2018-12-21,0.00021991185048376538
2018-12-24,0.0004170950614739174
2018-12-25,0.0006575951702645735
2018-12-26,0.0006575951702645735
2018-12-27,0.00039034238556812757
2018-12-28,0.0004899023876559032
2019-01-02,0.0002548077686974633
2019-01-03,0.00014524587926365481
2019-01-04,0.0003346198854358187
2019-01-07,9.661654798098143e-05
2019-01-08,6.123081885677855e-05
2019-01-09,0.0003172092419512188
2019-01-10,0.00014720877268361652
2019-01-11,0.00032792664257411065
2019-01-14,0.0008017123845640499
2019-01-15,0.00010539596065279149
2019-01-16,0.0003415201719273628
2019-01-17,0.00010833896021410089
2019-01-18,3.92725625830411e-05
2019-01-21,0.0023269539030530487
2019-01-22,0.00041452783703543514
2019-01-23,0.0002689138967557793
2019-01-24,0.00010396922888840373
2019-01-25,0.000265279521453397
2019-01-28,0.00010188284466245712
2019-01-29,0.00015022857083635835
2019-01-30,3.69245381496782e-05
2019-01-31,3.71748775852143e-05
2019-02-01,1.6691033461260594e-05
2019-02-11,0.0008990596691418472
2019-02-12,0.0005302672105746986
2019-02-13,0.0001786920322942089
2019-02-14,0.000295404800053147
2019-02-15,5.8531139673294834e-05
2019-02-18,5.8160093300712234e-05
2019-02-19,0.00043029608356855663
2019-02-20,0.00012840696389226244
2019-02-21,8.94509687666882e-05
2019-02-22,0.00022828958290454468
2019-02-25,0.00040696679570755175
2019-02-26,0.00033326494180785376
2019-02-27,0.00034152017192735803
2019-02-28,0.0006048325605689398
2019-03-01,8.94509687666882e-05
2019-03-04,0.00034152017192735803
2019-03-05,0.0001668176961466398
2019-03-06,8.61634892918095e-05
2019-03-07,0.00033326494180785376
2019-03-08,0.00021856049232150325
2019-03-11,0.00012446205893659867
2019-03-12,0.0004170950614739174
2019-03-13,0.00047129783885203945
2019-03-14,7.963434284092608e-05
2019-03-15,0.00011851814498509804
2019-03-18,5.331549356279816e-05
2019-03-19,0.0008745069555046104
2019-03-20,0.00023414355781207894
2019-03-21,0.0009612226588542693
2019-03-22,0.0001395871314043806
2019-03-25,0.00032792664257411065
2019-03-26,0.00024980290495886645
2019-03-27,0.00031512888404484034
2019-03-28,9.59870979719832e-05
2019-03-29,3.4107788812435805e-05
2019-04-01,3.4107788812435805e-05
2019-04-02,9.474651261564645e-05
2019-04-03,9.661654798098143e-05
2019-04-04,3.432999232849413e-05
2019-04-05,1.5208141968090787e-05
2019-04-08,3.4107788812435805e-05
2019-04-09,0.00023265913219102
2019-04-10,9.352982401438065e-05
2019-04-11,6.083385043684663e-05
2019-04-12,0.00019062255572359273
2019-04-16,0.0004899023876559032
2019-04-17,0.00019836350082913696
2019-04-18,0.00020800570761230774
2019-04-19,0.00010396922888840373
2019-04-22,0.0003535043871958899
2019-04-23,0.00021684125797405166
2019-04-24,6.862025150729511e-05
2019-04-25,0.0001544016859456714
2019-04-26,0.00010685226346192761
2019-05-02,0.0002783334490936401
2019-05-03,3.92725625830411e-05
2019-05-06,0.0002199118504837692
2019-05-07,0.0001587511355725833
2019-05-08,6.957665053753594e-05
2019-05-09,0.0002689138967557793
2019-05-10,6.455131711246666e-05
2019-05-13,0.00014332198660570102
2019-05-14,6.412167950512402e-05
2019-05-15,9.919729523154133e-05
2019-05-16,9.985863921860005e-05
2019-05-17,0.0003193102696487561
2019-05-20,0.00019062255572359273
2019-05-21,0.0001395871314043806
2019-05-22,0.00019062255572359273
2019-05-23,9.78941660928103e-05
2019-05-24,9.919729523154133e-05
2019-05-27,1.6245955942732776e-05
2019-05-28,1.6355541323397364e-05
2019-05-29,0.00010396922888840373
2019-05-30,1.6578064842802585e-05
2019-05-31,0.0006177389755313493
2019-06-03,0.001512547465604204
2019-06-04,0.00010985690263285793
2019-06-05,0.0001544016859456714
2019-06-06,0.00010985690263285793
2019-06-07,0.00015547213528172498
2019-06-10,0.00010539596065279149
2019-06-11,0.00010685226346192761
2019-06-12,6.814943017002733e-05
2019-06-13,0.00010396922888840373
2019-06-14,0.0009687111678789704
2019-06-17,0.0003438677556890243
2019-06-18,0.00043796422983931603
2019-06-19,0.00021235456815583986
2019-06-20,0.00010539596065279149
2019-06-21,6.722220903697377e-05
2019-06-24,0.0001046789487273317
2019-06-25,3.7941363187313585e-05
2019-06-26,6.862025150729511e-05
2019-06-27,0.00021235456815583986
2019-06-28,0.00015655375555467476
2019-07-01,0.00010539596065279149
2019-07-02,0.0001544016859456714
2019-07-03,0.00011140697248722921
2019-07-04,0.00021684125797405166
2019-07-05,0.0001587511355725833
2019-07-08,0.00011062786531177741
2019-07-09,7.155042359690207e-05
2019-07-10,3.982472853730584e-05
2019-07-11,3.982472853730584e-05
2019-07-12,0.00015986721553613642
2019-07-15,4.067507062138653e-05
2019-07-16,7.155042359690207e-05
2019-07-17,0.00021235456815583986
2019-07-18,6.957665053753594e-05
2019-07-19,3.900077606123051e-05
2019-07-22,0.00011140697248722921
2019-07-23,0.0002199118504837692
2019-07-24,0.00022625198977793256
2019-07-25,0.0001668176961466432
2019-07-26,0.0001668176961466432
2019-07-29,0.0001668176961466432
2019-07-30,7.413802322641104e-05
2019-07-31,0.00011709870199853138
2019-08-01,7.413802322641104e-05
2019-08-02,0.00023118877891545173
2019-08-05,7.467236803091588e-05
2019-08-06,0.00030750707016290006
2019-08-07,0.00023287032725090225
2019-08-08,7.686857514405441e-05
2019-08-09,7.575853533104124e-05
2019-08-12,1.8939136565277786e-05
2019-08-13,0.00012054913184833797
2019-08-14,7.631052772724342e-05
2019-08-15,0.0004876122292302984
2019-08-16,0.0014809624814020477
2019-08-19,0.00011460717955604336
2019-08-20,0.00011542877759152125
2019-08-21,4.276834390803853e-05
2019-08-22,7.631052772724342e-05
2019-08-23,7.686857514405441e-05
2019-08-26,0.00012415434780673837
2019-08-27,0.00032143224188558396
2019-08-28,4.639968327370063e-05
2019-08-29,0.0005255540990658643
2019-08-30,8.343336832720826e-05
2019-09-03,0.0001891700717224133
2019-09-04,0.00019357816449623133
2019-09-05,0.00013494616368795373
2019-09-06,0.0011049720433258126
2019-09-09,0.000266569007768394
2019-09-10,0.00019660305231554458
2019-09-11,0.0005336726463806602
2019-09-12,4.675253892875053e-05
2019-09-13,4.639968327370063e-05
2019-09-16,0.000126017910172321
2019-09-17,0.0001279237486872551
2019-09-18,8.217870143122637e-05
2019-09-19,8.343336832720826e-05
2019-09-20,4.639968327370063e-05
2019-09-23,4.639968327370063e-05
2019-09-24,4.675253892875053e-05
2019-09-25,2.0857738959191774e-05
2019-09-26,0.00040531466946526127
2019-09-27,0.00017170625610312223
2019-09-30,0.00017046416410772285
2019-10-01,0.000245172213721457
2019-10-02,4.5705851349322084e-05
2019-10-03,8.280247031982733e-05
2019-10-04,8.156195465163642e-05
2019-10-07,0.00012987315186473525
2019-10-08,0.00013086460632663895
2019-10-09,4.675253892875053e-05
2019-10-10,8.407150450936629e-05
2019-10-11,0.0001318674576855635
2019-10-14,0.0009196685248444296
2019-10-15,0.0001950818141144215
2019-10-16,0.0001950818141144215
2019-10-17,8.737472428396618e-05
2019-10-18,8.737472428396618e-05
2019-10-21,0.00044761804081681683
2019-10-22,0.00013599639042359378
2019-10-23,4.8578680159166566e-05
2019-10-24,0.00013599639042359378
2019-10-25,0.00013599639042359378
2019-10-28,4.972619485295362e-05
2019-10-29,8.875073946405637e-05
2019-10-30,8.805870038131931e-05
2019-10-31,4.972619485295362e-05
2019-11-01,0.00013705892547887378
2019-11-04,4.820499106742819e-05
2019-11-05,4.783559735830959e-05
2019-11-06,0.00019209183334831839
2019-11-07,0.00025650952004907876
2019-11-08,0.00012508092313095445
2019-11-11,8.095212497160004e-05
2019-11-12,4.5705851349322084e-05
2019-11-13,2.038991229271067e-05
2019-11-14,8.217870143122637e-05
2019-11-15,0.0001279237486872551
2019-11-18,2.038991229271067e-05
2019-11-19,2.07000235440267e-05
2019-11-20,5.116659580568091e-06
2019-11-21,2.07000235440267e-05
2019-11-22,0.0005336726463806602
2019-11-25,8.343336832720826e-05
2019-11-26,2.07000235440267e-05
2019-11-27,2.07000235440267e-05
2019-11-28,8.407150450936629e-05
2019-11-29,0.00013390805589476965
2019-12-02,0.00013390805589476965
2019-12-03,8.536993813715e-05
2019-12-04,8.536993813715e-05
2019-12-05,8.536993813715e-05
2019-12-06,0.00013288188129517776
2019-12-09,2.1178625680678017e-05
2019-12-10,4.710943501327508e-05
2019-12-11,4.7470433451438294e-05
2019-12-12,0.0009995577970343039
2019-12-13,0.000245172213721457
2019-12-16,1.9644451154090036e-05
2019-12-17,0.000123238030507426
2019-12-18,0.00012233182036630824
2019-12-19,0.00012143556928007382
2019-12-20,0.0004948645273969961
2019-12-23,7.800319221984619e-05
2019-12-24,0.00017681290094644512
2019-12-25,0.00031904650146021544
2019-12-26,0.00012415434780673837
2019-12-27,0.00017681290094644512
2019-12-30,0.00017812515956314675
2019-12-31,0.00017945208183806527
2020-01-02,0.00031904650146021544
2020-01-03,0.00017812515956314675
2020-01-06,0.00017945208183806527
2020-01-07,8.034910933728018e-05
2020-01-08,0.00018631446954279105
2020-01-09,4.536475694784931e-05
2020-01-10,1.993765056693996e-05
2020-01-13,4.469392413070365e-05
2020-01-14,0.00018079388707001448
2020-01-15,7.975280660690836e-05
2020-01-16,0.00017945208183806527
2020-01-17,0.00031904650146021544
2020-01-20,0.00012143556928007382
2020-01-21,1.9357672127910225e-05
2020-01-22,0.0005587897420937838
2020-01-30,0.00037672528197809903
2020-01-31,0.0006820178359825516
2020-02-03,0.001295961255314643
2020-02-04,0.0009125638688547268
2020-02-05,0.00025650952004907876
2020-02-06,0.0013667278381874525
2020-02-07,0.0002526445738979038
2020-02-10,8.343336832720826e-05
2020-02-11,0.0003337720795747075
2020-02-12,0.00018215079867288267
2020-02-13,8.095212497160004e-05
2020-02-14,0.0001279237486872551
2020-02-17,0.00018079388707001448
2020-02-18,0.00041452783703543514
2020-02-19,0.00018491085578291292
2020-02-20,0.00012889292225509193
2020-02-21,8.343336832720826e-05
2020-02-24,0.0007990188233099994
2020-02-25,0.0005591899097164688
2020-02-26,0.0003578482515486837
2020-02-27,0.00035504664223922445
2020-02-28,0.0002794413858754841
2020-03-02,0.00014143606828012222
2020-03-03,0.0005504844835460342
2020-03-04,0.00026865182877434805
2020-03-05,0.00013599639042359378
2020-03-06,8.669868639868815e-05
2020-03-09,0.000987521629962842
2020-03-10,0.0008380047862937565
2020-03-11,0.004256423362166463
2020-03-12,0.0017037222506873703
2020-03-13,0.0013695374788452578
2020-03-16,0.0010370169308044277
2020-03-17,0.0013808631458990712
2020-03-18,0.0002932692220714931
2020-03-19,0.0006263509662879356
2020-03-20,0.00039750281160850397
2020-03-23,6.38376330278286e-05
2020-03-24,0.0015162378395986503
2020-03-25,0.0009144933143626418
2020-03-26,0.0009760566510199447
2020-03-27,0.0018505476840009179
2020-03-30,0.0016352043207144963
2020-03-31,0.0012011337620659345
2020-04-01,0.0008181635567969615
2020-04-03,0.0003951565470343597
2020-04-06,0.0003877865015243114
2020-04-07,0.0005186013926292806
2020-04-08,0.0005336726463806602
2020-04-09,0.0020180495699785046
2020-04-10,0.0004948645273969961
2020-04-13,0.00037365180752395755
2020-04-14,0.00019969940147627279
2020-04-15,0.00019417753111776548
2020-04-16,0.0009229253746774084
2020-04-17,0.00024980290495886645
2020-04-20,0.0006940393948503424
2020-04-21,0.0006471598422754441
2020-04-22,0.0030577007094629337
2020-04-23,0.0003989206152675835
2020-04-24,0.0005388426456573311
2020-04-27,0.0002074359697168579
2020-04-28,0.0003090091484259769
2020-04-29,0.00013599639042359077
2020-05-04,7.762221115233373e-05
2020-05-05,7.91631175083802e-05
2020-05-06,0.0002177556480135859
2020-05-07,0.0002114739527098425
2020-05-08,0.00019969940147627279
2020-05-11,0.0004813964621494802
2020-05-12,0.0008361713726855361
2020-05-13,0.00044805643562444814
2020-05-14,0.001178351569597232
2020-05-15,0.00033853701065714485
2020-05-18,0.00017733605862080393
2020-05-19,0.00016826211076901776
2020-05-20,0.00017270973072504726
2020-05-21,6.163168562753387e-05
2020-05-22,0.000948933402211387
2020-05-25,0.0002311887789154557
2020-05-26,0.0004888098282334706
2020-05-27,0.0009955214028246223
2020-05-28,0.00030559186674785965
2020-05-29,0.0004041846619993465
2020-06-01,9.693359740133095e-05
2020-06-02,0.00029567338655100387
2020-06-03,9.693359740133095e-05
2020-06-04,0.0008053250411028007
2020-06-05,0.00044069034335915446
2020-06-08,0.00018491085578291292
2020-06-09,0.00033890776346920187
2020-06-10,0.0006635265813475545
2020-06-11,0.001636130302250235
2020-06-12,0.0006316048954203378
2020-06-15,0.00233038115485895
2020-06-16,0.0016176451722097062
2020-06-17,0.00014961722271129938
2020-06-18,0.0002981072373477498
2020-06-19,0.0001484056691263346
2020-06-22,9.307960157784674e-05
2020-06-23,0.000780538360165602
2020-06-24,0.0005336726463806602
2020-06-25,0.0004583199622631926
2020-06-26,0.0009196685248444296
2020-06-29,0.0007069504758133777
2020-06-30,0.0008656026185952039
2020-07-01,0.0003753759880485664
2020-07-02,9.459313238313621e-05
2020-07-03,9.536377930874998e-05
2020-07-06,0.00021113296995900992
2020-07-07,0.00028393995428911386
2020-07-08,5.342369609158663e-05
2020-07-09,5.214665101359994e-05
2020-07-10,0.00020611565022094936
2020-07-13,5.214665101359994e-05
2020-07-14,0.00020448290316844267
2020-07-15,0.00019969940147627279
2020-07-16,0.00020448290316844267
2020-07-17,5.173113157279417e-05
2020-07-20,0.00014256311869412369
2020-07-21,9.307960157784674e-05
2020-07-22,0.0002908942630542881
2020-07-23,0.00039422385464745277
2020-07-24,0.0016312776581010146
2020-07-27,0.00026113177797717455
2020-07-28,0.0010355922646330979
2020-07-29,0.0012658615035127058
2020-07-30,0.00011501687814245794
2020-07-31,0.0006177389755313555
2020-08-03,0.0006010394629555917
2020-08-04,0.00017733605862080393
2020-08-05,0.0003415201719273628
2020-08-06,0.00017577350708968478
2020-08-07,6.44076260310303e-05
2020-08-10,0.00011199671687372255
2020-08-11,0.00011101639368941265
2020-08-12,0.00011004888597643545
2020-08-13,6.109806540504437e-05
2020-08-14,0.00024762573459524484
2020-08-17,6.327517321708508e-05
2020-08-18,0.00011299008287264274
2020-08-19,0.00017733605862080393
2020-08-20,0.00011299008287264274
2020-08-21,0.00011199671687372255
2020-08-24,0.00024126231729547566
2020-08-25,5.903141719646992e-05
2020-08-26,5.953813625764046e-05
2020-08-27,5.903141719646992e-05
2020-08-28,0.00030814947387217785
2020-08-31,0.00022733529527258563
2020-09-01,0.00010188284466245712
2020-09-03,0.00010019179415849023
2020-09-04,0.00108116246873883
2020-09-07,0.0004969077787489375
2020-09-08,0.00010019179415849023
2020-09-09,0.00022357736356072726
2020-09-10,5.430130008249844e-05
2020-09-11,5.474823378540236e-05
2020-09-14,5.299285104081153e-05
2020-09-15,5.256719703465099e-05
2020-09-16,2.3269149750495665e-05
2020-09-17,5.299285104081153e-05
2020-09-18,0.0004583199622631926
2020-09-21,0.0001950818141144215
2020-09-22,0.00043728665417219016
2020-09-23,0.00025074477726342974
2020-09-24,0.00012987315186473525
2020-09-25,0.00018631446954279105
2020-09-28,0.0004083512967286222
2020-09-29,0.00032143224188558396
2020-09-30,4.675253892875053e-05
2020-10-01,0.001221614667842963
2020-10-02,0.0006869885617526631
2020-10-05,0.001244414151673502
2020-10-06,0.000760192327453093
2020-10-07,0.00010052661914975446
2020-10-08,0.00010052661914975446
2020-10-09,0.0006448228308443214
2020-10-12,0.0008260145994910384
2020-10-13,0.00019062255572359273
2020-10-14,0.00031102910097836905
2020-10-15,0.00045275949313690073
2020-10-16,0.00037057807858907724
2020-10-19,0.00023265913219102
2020-10-20,0.00023715534961444258
2020-10-21,0.0004385197820776547
2020-10-22,0.00045569058476484665
2020-10-23,9.174826881192269e-05
2020-10-26,0.0004498565928102816
2020-10-27,0.0003929236232572834
2020-10-28,0.0010760567717327228
2020-10-29,0.00042600437293785183
2020-10-30,0.00034623962987644037
2020-11-02,0.0006889148601292568
2020-11-03,9.854249957908572e-05
2020-11-04,0.0003852556401492626
2020-11-05,0.00030502783467869447
2020-11-06,0.00013777421533583379
2020-11-09,0.00013086460632663895
2020-11-10,0.0019686352724937613
2020-11-11,0.00020327104147447757
2020-11-12,0.00015516515947679895
2020-11-13,0.00015155128573427843
2020-11-16,0.0007212016894528196
2020-11-17,0.00020327104147447757
2020-11-18,0.0003048307923436117
2020-11-19,0.00019283285079235227
2020-11-20,0.00045471039936915026
2020-11-23,0.0009100759916661506
2020-11-24,0.0006189583450939
2020-11-25,0.00020087941627580118
2020-11-26,0.00015334225424009235
2020-11-27,0.0006570194828712846
2020-11-30,0.00022733529527258563
2020-12-01,0.001002333703632657
2020-12-02,0.0002105664953267098
2020-12-03,0.00016503818440376954
2020-12-04,0.00021516308421841345
2020-12-07,0.00031456506538641145
2020-12-08,0.0012648585527333576
2020-12-09,0.0001450032812069981
2020-12-10,0.00028623008623927576
2020-12-11,0.0011366214248739266
2020-12-14,0.0011004264225926979
2020-12-15,0.0011623474395178865
2020-12-16,0.00039640529486640886
2020-12-17,0.0001813348262950956
2020-12-18,0.0015418461362602036
2020-12-21,0.00028280518194903485
2020-12-22,0.0008716152022829724
2020-12-23,0.0007834518687185438
2020-12-24,0.0027306537262098605
2020-12-25,0.0015576538534299792
2020-12-28,0.0007102455673624277
2020-12-29,0.0006555262291107665
2020-12-30,0.0002773694008998413
2020-12-31,0.0009877781795453427
2021-01-04,0.0002489831133968363
2021-01-05,0.0002959581717277229
2021-01-06,0.0007936722704223624
2021-01-07,0.000340355385433726
2021-01-08,0.0005050176994190782
2021-01-11,0.0010654680378292252
2021-01-12,0.0025788000264072553
2021-01-13,0.00039594454205554505
2021-01-14,0.002656135760461916
2021-01-15,0.000549410618853553
2021-01-18,0.0006030074058485032
2021-01-19,0.0015493038513363206
2021-01-20,0.003134117755459395
2021-01-21,0.0007281323671748333
2021-01-22,0.0007229250513707215
2021-01-25,0.0017484259435616798
2021-01-26,0.001677986112532332
2021-01-27,0.0010159514111991615
2021-01-28,0.00011501687814245794
2021-01-29,0.0064019869914463175
2021-02-01,0.0031464383584618952
2021-02-02,0.0027306537262098475
2021-02-03,0.000783850429043438
2021-02-04,0.0008481971945946034
2021-02-05,0.0005548115838144644
2021-02-08,0.005606248418242587
2021-02-09,0.0014563424990305187
2021-02-17,0.00034778747356011154
2021-02-18,0.00023802653872718007
2021-02-19,0.0004948645273969961
2021-02-22,0.00031551738919359653
2021-02-23,0.0006010394629555917
2021-02-24,0.0008839545561442593
2021-02-25,0.0001755150907136199
2021-02-26,0.00024335592526716627
2021-03-01,0.0009728802832374923
2021-03-02,0.0006307246600733628
2021-03-03,0.0001355175002777256
2021-03-04,0.0016424579658626617
2021-03-05,0.0004083512967286222
2021-03-08,0.0002246414932800818
2021-03-09,0.0005249813052058801
2021-03-10,0.00042354898309291934
2021-03-11,0.0010255203229403195
2021-03-12,0.00039047760517828956
2021-03-15,8.882813591338986e-05
2021-03-16,0.0004585015675199774
2021-03-17,0.00022384268598238128
2021-03-18,0.00024335592526716627
2021-03-19,0.00029200828292089826
2021-03-22,0.0001696121328299916
2021-03-23,0.00042600437293785183
2021-03-24,0.0006579553592372605
2021-03-25,0.0004101249683896361
2021-03-26,0.000994135211208989
2021-03-29,7.12991409779212e-05
2021-03-30,0.0006134994400710101
2021-04-05,0.0005073163817704083
2021-04-06,0.003257224504225681
2021-04-07,0.001139291968344569
2021-04-08,0.0018072979118845315
2021-04-09,0.0004252732051696879
2021-04-12,0.0011045352020334425
2021-04-13,0.0011624731696106205
2021-04-14,0.000999557797034296
2021-04-15,0.0007913305447358513
2021-04-16,0.001780129980596031
2021-04-19,0.0006764899906296176
2021-04-20,0.0006059774938072552
2021-04-22,0.0015997328203420898
2021-04-23,0.0006477695465750937
2021-04-26,0.0008274118044696023
2021-04-27,0.005481417313543203
2021-04-28,0.0005626664875653955
2021-04-29,0.00027756180941001916
2021-05-04,0.0029428785584496965
2021-05-05,0.002608602067076916
2021-05-06,0.00029911157311573354
2021-05-07,0.0014261349030899192
2021-05-10,0.0013488706208815019
2021-05-11,0.000846143888922481
2021-05-12,0.0008354209433777904
2021-05-13,0.0005362482995775132
2021-05-14,0.0003635518808054429
2021-05-17,0.00021668941973517085
2021-05-18,0.0007617694994167417
2021-05-19,0.0007472376266821377
2021-05-20,0.0015786581018243473
2021-05-21,0.0006010394629555917
2021-05-24,0.0005300679068261254
2021-05-25,0.0004560589715955531
2021-05-26,0.00014143606828012222
2021-05-27,0.0012543991606838653
2021-05-28,0.0008662456103329776
2021-05-31,0.00252863411415764
2021-06-01,0.000780538360165595
2021-06-02,0.00464703005418079
2021-06-03,0.0028682358778103554
2021-06-04,0.0019227228895795751
2021-06-07,0.0036568349223178786
2021-06-08,0.0049764498923820675
2021-06-09,0.00464083117031829
2021-06-10,0.0012784439032049325
2021-06-11,0.0024169071036588383
2021-06-14,0.0031491506622797713
2021-06-15,0.002209005295591265
2021-06-16,0.0016135300722796698
2021-06-17,0.005241831543544985
2021-06-18,0.0007539971824043753
2021-06-21,0.0005662705659878004
2021-06-22,0.00013398748433134626
2021-06-23,0.0008085061868799566
2021-06-24,0.00037482609283275817
2021-06-25,0.0013716340020510447
2021-06-28,0.0003761502265204253
2021-06-29,0.0005617484616743492
2021-06-30,0.000138870670680687
2021-07-01,0.0009899324068702664
2021-07-02,0.0021418582486334276
2021-07-05,0.001079518128646875
2021-07-06,0.004716209652311842
2021-07-07,0.0018947232920446474
2021-07-08,0.0006165650693745591
2021-07-09,0.0018280997159078752
2021-07-12,0.0050114468176546125
2021-07-13,0.0008544021619931435
2021-07-14,0.0013405338787215984
2021-07-15,0.0030985694619821307
2021-07-16,0.00025650952004907876
2021-07-19,0.0020127822231108886
2021-07-20,0.0040876172742150265
2021-07-21,0.0006691918622332615
2021-07-22,0.0017995146537125824
2021-07-23,0.0005129597486930009
2021-07-26,0.004823929797308024
2021-07-27,0.0015001086584112376
2021-07-28,0.00022820755159009545
2021-07-29,0.0007959399711920255
2021-07-30,0.00038725718613054604
2021-08-02,0.00038725718613054604
2021-08-03,0.0028030315910701213
2021-08-04,0.00032916623778375133
2021-08-05,0.0008998084171174084
2021-08-06,0.00023262310321377997
2021-08-09,0.00255874484681664
2021-08-10,0.00044683356327432426
2021-08-11,0.00035906703680788624
2021-08-12,0.0004181957567862119
2021-08-13,0.000749647000775959
2021-08-16,0.0008230572664751927
2021-08-17,0.00018743390593878434
2021-08-18,0.0007219378983686302
2021-08-19,0.00025112301834931866
2021-08-20,0.0009907458369380851
2021-08-23,0.0006672285044484932
2021-08-24,0.0037503579620128636
2021-08-25,0.0012051632740406712
2021-08-26,0.0004018145569242674
2021-08-27,0.0005293239623165837
2021-09-06,0.0005980760388238618
2021-09-07,0.0004752988024400136
2021-09-08,0.0002598870343722289
2021-09-09,0.00010896323500871645
2021-09-10,0.00032256421338859185
2021-09-13,0.0005101028458921197
2021-09-14,0.00018795397463998545
2021-09-15,0.00031838325344672486
2021-09-16,0.0001546148895347207
2021-09-17,0.0010555720628257742
2021-09-20,0.00039138086762165154
2021-09-21,0.0002152200659753852
2021-09-22,0.0002951700869786442
2021-09-23,0.00020651684771386583
2021-09-24,0.0001294735894228035
2021-09-27,0.0010607807618138944
2021-09-28,0.0005679625924758554
2021-09-29,9.336783059739855e-05
2021-09-30,0.00016826211076901776
2021-10-01,0.0003662832396091429
2021-10-04,0.00029332353603362743
2021-10-05,0.0006931702096762892
2021-10-06,7.347242000977105e-05
2021-10-07,0.00034662140628602525
2021-10-08,0.00013867622958451948
2021-10-11,0.0001910847116464514
2021-10-12,8.205479369540863e-05
2021-10-13,0.0003078815612350932
2021-10-14,0.0002621997115122205
2021-10-15,6.466924050908712e-05
2021-10-18,0.0005317530658268005
2021-10-19,0.00040294119597837847
2021-10-20,0.0004106107028538166
2021-10-21,0.00015516515947679895
2021-10-22,0.00018676103750550762
2021-10-25,0.00031128298698481773
2021-10-26,0.00037677732311975715
2021-10-27,0.0006931226302894448
2021-10-28,0.0009781678341838696
2021-10-29,0.00041314887907257093
2021-11-01,0.0006055854405098622
2021-11-02,0.001184556804582635
2021-11-03,0.0005623323997434749
2021-11-04,0.0014284705071155117
2021-11-05,0.00016376181858841353
2021-11-08,0.0013006393713169521
2021-11-09,0.0005676842047386073
2021-11-10,0.0004962086625724741
2021-11-11,0.001468236970369073
2021-11-12,0.000306666959517908
2021-11-15,0.0008320513064846498
2021-11-16,0.0004904233054924172
2021-11-17,0.000849668421473347
2021-11-18,0.0009574235113191246
2021-11-19,0.00230111869758746
2021-11-22,0.0013624440868031536
2021-11-23,0.002063421228623808
2021-11-24,0.0003706067056369544
2021-11-25,0.0004251501600405957
2021-11-26,0.0009095679173800017
2021-11-29,0.0010901947767872015
2021-11-30,0.00090741334190861
2021-12-01,0.00023249506794168108
2021-12-02,0.0003357852856181213
2021-12-03,0.0019042274402512843
2021-12-06,0.0012656966511384938
2021-12-07,0.0004023495930305553
2021-12-08,0.00025608248745518893
2021-12-09,0.0013898446386874336
2021-12-10,0.00040896271651085734
2021-12-13,0.0004766521566466266
2021-12-14,0.00036982588920990027
2021-12-15,0.0002722490761415455
2021-12-16,0.0007189982852917919
2021-12-17,0.0007172658813787801
2021-12-20,0.001595048553960049
2021-12-21,0.0002200740438523547
2021-12-22,0.0003722968985128631
2021-12-23,0.001390589948726037
2021-12-24,0.0008792149607597561
2021-12-27,0.0003204375262887139
2021-12-28,0.00041354902866238
2021-12-29,0.0005632603117408179
2021-12-30,0.0008901932031442226
2021-12-31,0.00030168349540966605
2022-01-04,0.00029736751554695586
2022-01-05,0.00037849343690603873
2022-01-06,0.00023760985059274173
2022-01-07,0.00021717924821369497
2022-01-10,0.0006679572242014664
2022-01-11,0.0022537225175863046
2022-01-12,0.0014319520872517904
2022-01-13,0.001735638357771218
2022-01-14,0.00021783076639107944
2022-01-17,0.0021468920830080697
2022-01-18,0.0011439726342043124
2022-01-19,0.0007566354898661856
2022-01-20,0.0017556321371948336
2022-01-21,0.00032813275497638005
2022-01-24,0.0011877811621539961
2022-01-25,0.0014714811504340113
2022-01-26,0.0007611689103332946
2022-01-27,0.0019061187434701774
2022-01-28,0.0014091371061467016
2022-02-07,0.0004821480985562959
2022-02-08,0.0003948495435303104
2022-02-09,0.0008203331350021761
2022-02-10,0.00048166146867521244
2022-02-11,0.00028800224850372783
2022-02-14,0.0006801677155668167
2022-02-15,0.0007178779880691266
2022-02-16,0.00043214936416774945
2022-02-17,0.00010125487936722807
2022-02-18,0.0006724343935760302
2022-02-21,0.0007964833358111939
2022-02-22,0.00035002623272073746
2022-02-23,7.89624433024401e-05
2022-02-24,0.0018689862160172674
2022-02-25,0.001125350356308951
2022-02-28,0.000337730204319318
2022-03-01,0.00021381014638325539
2022-03-02,0.00047741924869368514
2022-03-03,0.0002075389382543447
2022-03-04,0.00021113296995901366
2022-03-07,0.00013935856636597023
2022-03-08,0.0002527042900754884
2022-03-09,0.0003138904781894769
2022-03-10,0.0
2022-03-11,0.0007757581566973792
2022-03-14,0.0003609359718887755
2022-03-15,0.0010942656795630546
2022-03-16,0.0001894396119469605
2022-03-17,0.00034663228891190637
2022-03-18,0.00017270973072504382
2022-03-21,0.0001265206032431498
2022-03-22,0.0003054545258507124
2022-03-23,0.00014732547406206032
2022-03-24,8.851915607984204e-05
2022-03-25,0.0002360970430688735
2022-03-28,0.0005608804515032547
2022-03-29,0.00021413743545336874
2022-03-30,0.0004985515056606414
2022-03-31,0.0003483472391133607
2022-04-01,0.0011000319877878227
2022-04-04,0.0007829450496655276
2022-04-05,0.0011740721140618396
2022-04-06,0.0011809304854320495
2022-04-07,0.0011157377867367833
2022-04-08,0.0006128340314005883
2022-04-12,0.002379892275950336
2022-04-13,0.003918861746667943
2022-04-14,0.0007419377337510804
2022-04-15,0.0009321032926399301
2022-04-18,0.0013696808772165135
2022-04-19,0.0033753185084575902
2022-04-20,0.001254479904770401
2022-04-21,0.001969506468427364
2022-04-22,0.002759099933603348
2022-04-25,0.002782981089237171
2022-04-26,0.006804706365223096
2022-04-27,0.0005341097430849377
2022-04-28,0.0005891982470711429
2022-04-29,0.0006851359670061688
2022-05-04,0.0006494957235783346
2022-05-05,0.0015650422246683876
2022-05-06,0.0012809989857917824
2022-05-09,0.0008484071357745105
2022-05-10,0.002975645221697112
2022-05-11,0.0006125746533865397
2022-05-12,0.0012718059554173138
2022-05-13,0.0021458390798392147
2022-05-16,0.0014770840590181287
2022-05-17,0.0036227778431170304
2022-05-18,0.0011273945773122617
2022-05-19,0.001344883593866082
2022-05-20,0.0008231618646112106
2022-05-23,0.002410667744090926
2022-05-24,0.003645143650058443
2022-05-25,0.0010131102466844554
2022-05-26,0.0009865284439226091
2022-05-27,0.000542977481723373
2022-05-30,0.0004207986093593241
2022-05-31,0.0006894943298358784
2022-06-01,0.0009555212061730334
2022-06-02,0.0010284345348491248
2022-06-03,0.00043466105081237474
2022-06-06,0.0006633417884229363
2022-06-07,0.0015990167995404837
2022-06-08,0.001092296721338763
2022-06-09,0.0002813962578266713
2022-06-10,0.0004883102930075226
2022-06-13,0.0006242950803064716
2022-06-14,0.001746824628044888
2022-06-15,0.0029739015813332894
2022-06-16,0.003589069735733864
2022-06-17,0.0004383460584973973
2022-06-20,0.0046717086563981
2022-06-21,0.005481628889398135
2022-06-22,0.00046497276404306245
2022-06-23,0.0013235929857518755
2022-06-24,0.0017442937084051358
2022-06-27,0.0016381586317153946
2022-06-28,0.0006737512387887876
2022-06-29,0.0016323756963670466
2022-06-30,0.0031298226447042062
2022-07-01,0.004181730594846552
2022-07-04,0.0007007145395750269
2022-07-05,0.0005628782305474742
2022-07-06,0.0012094306318691118
2022-07-07,0.0008427781926323493
2022-07-08,0.00038725718613054604
2022-07-11,0.002133337041040306
2022-07-12,0.000703848130653175
2022-07-13,0.0004435350425728663
2022-07-14,0.001999303364975768
2022-07-15,0.000545499882228671
2022-07-18,0.00019943858817556196
2022-07-19,0.0005021459715963878
2022-07-20,0.00040758894838810233
2022-07-21,0.0001953341250138551
2022-07-22,0.0001984004279429105
2022-07-25,0.0006524277359757361
2022-07-26,0.0005873716455570978
2022-07-27,0.0002764103529388862
2022-07-28,0.000574929319953172
2022-07-29,0.00035551128723050715
2022-08-01,0.0013239272410064623
2022-08-02,0.0005974469677928734
2022-08-03,0.0004673471859418304
2022-08-04,0.0004499047454307244
2022-08-05,0.0016209200791675422
2022-08-08,0.00014971885461474883
2022-08-09,0.0005896170296306557
2022-08-10,0.00021673771459773816
2022-08-11,0.0011351143702926284
2022-08-12,0.0005949513531315158
2022-08-15,0.00021386834786570134
2022-08-16,0.00021673771459773816
2022-08-17,0.0003027283401201305
2022-08-18,0.0005131494801855605
2022-08-19,0.0002539632368076817
2022-08-22,0.0005131494801855605
2022-08-23,0.000804419590844954
2022-08-24,0.00011187346790720063
2022-08-25,0.0002452102690499029
2022-08-26,0.00039596756061167205
2022-08-29,0.0013117957861246321
2022-08-30,0.000531865695398206
2022-08-31,0.00023306257240981564
2022-09-05,0.00015601153936556096
2022-09-06,0.00012412555841046343
2022-09-07,0.0021337034988184555
2022-09-08,0.0003739824568190924
2022-09-09,0.0010058531699633502
2022-09-12,0.0005514267001689499
2022-09-13,0.0004458086711712202
2022-09-14,0.0009380734938137519
2022-09-15,0.00022516301326461517
2022-09-16,0.0006127093878116423
2022-09-19,0.001650096197816172
2022-09-20,0.0009684469337472001
2022-09-21,0.0003748718712649867
2022-09-22,0.0008391281761422145
2022-09-23,0.0004968345877362818
2022-09-26,0.0011373470390769042
2022-09-27,0.00018711103684030685
2022-09-28,0.000727764391466438
2022-09-29,0.0009160071974341973
2022-09-30,0.002095735002948437
2022-10-03,0.0014035229960386196
2022-10-04,0.0027264131757853923
2022-10-05,0.0005853103492546124
2022-10-06,0.0017358208717202042
2022-10-07,0.0012086460903910114
2022-10-10,0.003596801110382955
2022-10-11,0.0016745218848236542
2022-10-12,0.0027454194201253015
2022-10-13,0.0004560589715955476
2022-10-14,0.0007212844022955419
2022-10-17,0.0008814702434291153
2022-10-18,0.0004923740803827228
2022-10-19,0.00041949103760790136
2022-10-20,0.0005308839515755729
2022-10-21,0.001969983264833898
2022-10-24,0.0011049720433258126
2022-10-25,0.0038720135641042365
2022-10-26,0.005137310284483901
2022-10-27,0.0021854856066420916
2022-10-28,0.000780538360165602
2022-10-31,0.002778831856299261
2022-11-01,0.0009737522367063043
2022-11-02,0.0016176451722097062
2022-11-03,0.0005180555094249649
2022-11-04,0.0011578923977766061
2022-11-07,0.0022056487608112857
2022-11-08,0.002495320538727359
2022-11-09,0.001134689845617302
2022-11-10,0.001190156249271142
2022-11-11,0.001007119381033177
2022-11-14,0.005723204872975822
2022-11-15,0.002091157239465604
2022-11-16,0.006366013681563405
2022-11-17,0.00090617630024781
2022-11-18,0.00400378107673881
2022-11-21,0.0008662456103329776
2022-11-22,0.0030240875117465396
2022-11-23,0.0021459802611423517
2022-11-24,0.001619582182026381
2022-11-25,0.00090617630024781
2022-11-28,0.00041452783703543514
2022-11-29,0.0013149465977544568
2022-11-30,0.0023285033890044914
2022-12-01,0.003386204849074311
2022-12-02,0.0025052326960921436
2022-12-05,0.00034093703250362157
2022-12-06,0.003248646193411301
2022-12-07,0.0015846480941311548
2022-12-08,0.0005762708431250303
2022-12-09,0.00045203113929783014
2022-12-12,0.0030792620561901443
2022-12-13,0.004024290105368494
2022-12-14,0.0012903559664553372
2022-12-15,0.0008353178383657407
2022-12-16,0.0010264030992344743
2022-12-19,0.00356240398188645
2022-12-20,0.0018999381588720647
2022-12-21,0.0032050126930833096
2022-12-22,0.0013784920731105355
2022-12-23,0.0006429913335079512
2022-12-26,0.0018264451012872218
2022-12-27,0.0018400298086838798
2022-12-28,0.0007736008786279521
2022-12-29,0.0008278078835858202
2022-12-30,0.0002532385575657923
2023-01-03,0.0013734609821897102
2023-01-04,0.0006041186244473753
2023-01-05,0.0007313142132156338
2023-01-06,0.0006082611209229315
2023-01-09,0.00021052612012082078
2023-01-10,0.0007364077616268166
2023-01-11,0.0008003639040490216
2023-01-12,0.00020206992136923886
2023-01-13,0.0005762708431250303
2023-01-16,0.00040827496568324986
2023-01-17,0.0010799578635302819
2023-01-18,0.000500255156686464
2023-01-19,0.001085095129720819
2023-01-27,0.0003287522595214915
2023-01-30,0.0007511320039120802
2023-01-31,0.00033890776346920187
2023-02-01,0.002542816755221124
2023-02-02,0.00087414814888535
2023-02-03,0.00047624143950236297
2023-02-06,0.0002577970466519779
2023-02-07,0.001977483691057549
2023-02-08,0.0012337310288378029
2023-02-09,0.0003432785955308334
2023-02-10,0.0002857267581963334
2023-02-13,0.0014663955543345083
2023-02-14,0.0003267312862806298
2023-02-15,0.00045932012851931627
2023-02-16,0.0005308839515755729
2023-02-17,0.0002740343832395498
2023-02-20,0.001612239998657092
2023-02-21,0.00045790762412518336
2023-02-22,0.001066929323513531
2023-02-23,0.0015210606451024535
2023-02-24,0.0007467558266861812
2023-02-27,0.00041835261363179564
2023-02-28,0.00041528858438227677
2023-03-01,0.0021616528002473536
2023-03-02,0.00045283242533315543
2023-03-03,0.0005924085617590912
2023-03-06,0.00045932012851931627
2023-03-07,0.0003654834220766881
2023-03-08,0.0011274304007653378
2023-03-09,0.00020206992136923886
2023-03-10,0.0004252732051696879
2023-03-13,0.0004252732051696879
2023-03-14,0.0007467558266861812
2023-03-15,0.00050587787084827
2023-03-16,0.00019803162024553583
2023-03-17,0.00032737795801302157
2023-03-20,0.0007066222285715394
2023-03-21,0.0005163736728590411
2023-03-22,0.00019803162024553583
2023-03-23,0.0006831601265494761
2023-03-24,0.00018661732286443392
2023-03-27,0.0005397116129373305
2023-03-28,0.0002413923748218924
2023-03-29,0.00018783615078652683
2023-03-30,0.00045495514899525705
2023-03-31,0.0003821267560419715
2023-04-03,0.00012901484289776303
2023-04-04,0.0006852070819947516
2023-04-05,0.00016967278012503813
2023-04-06,0.0010073430782632906
2023-04-07,0.00017840825819937417
2023-04-10,0.0005853103492546124
2023-04-11,0.0002930701998955005
2023-04-12,0.00023082336855925715
2023-04-13,0.0006396106224371282
2023-04-14,0.00047624143950236297
2023-04-17,0.0001993641639366144
2023-04-18,0.0002527042900754884
2023-04-19,0.00039487639205053543
2023-04-20,3.661515398368332e-05
2023-04-21,0.00047940390019053213
2023-04-24,0.0002577970466519779
2023-04-25,0.0004956988768310885
2023-04-26,0.0002721555963323707
2023-04-27,0.000204831140241957
2023-04-28,0.00014895913071286568
2023-05-04,0.0002577970466519779
2023-05-05,0.0001459773376648924
2023-05-08,0.00014403894185076446
2023-05-09,6.317053988186357e-05
2023-05-10,9.645860627536107e-05
2023-05-11,0.0003006401460523796
2023-05-12,0.0002987203958268943
2023-05-15,0.0005194218367530466
2023-05-16,0.00018069754553250432
2023-05-17,0.000304535586656183
2023-05-18,0.00045203113929783014
2023-05-19,0.0008040578383167388
2023-05-22,0.0002168887401549369
2023-05-23,0.00033275895905054276
2023-05-24,0.0004821301819978641
2023-05-25,0.0001728718236490309
2023-05-26,0.00017179549600680969
2023-05-29,0.0010591124956095537
2023-05-30,0.00019367163244383504
2023-05-31,0.00042104534120969146
2023-06-01,0.0011373470390769042
2023-06-02,0.00032274485099650165
2023-06-05,0.00045574723060095836
2023-06-06,0.0018940295994883797
2023-06-07,0.000197370352987154
2023-06-08,0.001999303364975768
2023-06-09,0.0008481971945946034
2023-06-12,0.0005048336624337904
2023-06-13,0.0002058421706406372
2023-06-14,0.00025211998307069356
2023-06-15,0.00020475367738723017
2023-06-16,0.0010058531699633502
2023-06-19,0.00028733288364751395
2023-06-20,0.0005483398936468348
2023-06-21,0.00018749639244466286
2023-06-22,0.0002308963812882944
2023-06-23,0.00023325120373329252
2023-06-26,0.000619072846074223
2023-06-27,0.00015157902781105597
2023-06-28,0.0002772820086212569
2023-06-29,0.0006255359653538504
2023-06-30,0.00020367379555770543
2023-07-03,0.00012255743350155656
2023-07-04,0.0006255359653538504
2023-07-05,0.00023564223593646963
2023-07-06,0.002626031239367326
2023-07-07,0.0011834206976733058
2023-07-10,0.0005509456753811586
2023-07-11,0.0002826355530143072
2023-07-12,0.00041161525955600207
2023-07-13,0.00022828958290454468
2023-07-14,0.00038725718613054604
2023-07-17,0.0002645614921371783
2023-07-18,0.00021722155255187687
2023-07-19,0.00021722155255187687
2023-07-20,9.949959311542062e-05
2023-07-21,0.0005873716455570978
2023-07-24,0.00012191447414833275
2023-07-25,0.00024947450314925703
2023-07-26,0.000804268830958134
2023-07-27,0.00028881322238419126
2023-07-28,0.0008191901773353775
2023-07-31,0.000614990748884328
2023-08-01,0.0006240538770926461
2023-08-02,0.0003178635798964725
2023-08-03,0.00043916594615543773
2023-08-04,0.0006364530763563788
2023-08-07,0.00034933205399002664
2023-08-08,0.000424231940984217
2023-08-09,0.00022182490858105975
2023-08-10,0.00014266946979455764
2023-08-11,0.0002717736798670614
2023-08-14,0.0010938475144975151
2023-08-15,0.000161184248940254
2023-08-16,0.00020327104147447757
2023-08-17,0.0003698155728893966
2023-08-18,0.0021337034988184555
2023-08-21,0.0008745069555046031
2023-08-22,0.0019686352724937613
2023-08-23,0.00046289268213682404
2023-08-24,0.0005279448479786625
2023-08-25,0.0008457536286147831
2023-08-28,0.00018359206320734048
2023-08-29,0.0004596276541588214
2023-08-30,0.0010763507819888426
2023-08-31,0.00016242183631289393
2023-09-05,0.00019611709748669257
2023-09-06,0.0009922297786351996
2023-09-07,0.0001896304197024641
2023-09-08,0.00019202468002228306
2023-09-11,0.0004071610653003811
2023-09-12,0.0016797222601162183
2023-09-13,0.00037349077497203986
2023-09-14,0.0002978013658494268
2023-09-15,0.0003027524379129836
2023-09-18,0.0006128672761151783
2023-09-19,0.00038423455052665585
2023-09-20,0.000461513706261875
2023-09-21,0.0007119570660695056
2023-09-22,0.0008913663281780215
2023-09-25,0.002182984674134627
2023-09-26,0.0016590648794151434
2023-09-27,0.001822146593111981
2023-09-28,0.000715184677593356
2023-09-29,0.00045203113929783546
2023-10-02,0.0001994646465054024
2023-10-03,0.0012657412954759873
2023-10-04,0.0032722633147813456
2023-10-05,0.0010794049071069065
2023-10-06,0.001862340582478437
2023-10-09,0.0008737383545463355
2023-10-10,0.00027672948214821163
2023-10-11,0.0005490953743255851
2023-10-12,0.0002631933936252634
2023-10-13,0.0004255167184503849
2023-10-16,0.0009478279011933828
2023-10-17,0.0018841513406368444
2023-10-18,0.002796347859728472
2023-10-19,0.0016886381364381849
2023-10-20,0.0026704308647777964
2023-10-23,0.000665739206308211
2023-10-24,0.000397249134291968
2023-10-25,0.0003258761566567076
2023-10-26,0.0012272913251212174
2023-10-27,0.00108195995381696
2023-10-30,0.0014917987767609784
2023-10-31,0.002445259075569686
2023-11-01,0.0012691860169996207
2023-11-02,0.000995415512344339
2023-11-03,0.0003175421066983297
2023-11-06,0.00016570214949330193
2023-11-07,0.0007504602180598447
2023-11-08,0.0015725511906268996
2023-11-09,0.0011652800652163552
2023-11-10,0.0007153244014552165
2023-11-13,0.000505418839491515
2023-11-14,0.0003086325986945621
2023-11-15,0.0005279448479786625
2023-11-16,0.0004140263467282612
2023-11-17,0.0013239941072544404
2023-11-20,0.0022182328246854164
2023-11-21,0.00023306257240981564
2023-11-22,0.00015457932494763186
2023-11-23,0.0023949658062292017
2023-11-24,0.001012847029264522
2023-11-27,0.0005229305387316811
2023-11-28,0.0007834134272269728
2023-11-29,0.00013070894471598355
2023-11-30,0.00020040615844321428
2023-12-01,0.0003411163008328806
2023-12-04,0.0008809044696993008
2023-12-05,8.622059444667443e-05
2023-12-06,0.000174807376980792
2023-12-07,0.0014337168801213027
2023-12-08,0.00027045029754650793
2023-12-11,0.0003225423883480948
2023-12-12,6.608955429209888e-05
2023-12-13,0.0005416101764907523
2023-12-14,0.00023198905601054106
2023-12-15,0.0005490953743255851
2023-12-18,9.35083108489108e-05
2023-12-19,0.0002806025364027688
2023-12-20,0.00018695131521581144
2023-12-21,4.727137289702578e-05
2023-12-22,0.0003195946936941464
2023-12-25,0.0001552929554725834
2023-12-26,4.727137289702578e-05
2023-12-27,0.00018276639783815717
2023-12-28,0.00011749533189212649
2023-12-29,4.5586032020976244e-05
2024-01-02,0.0002177070125259705
2024-01-03,0.00014904325856104108
2024-01-04,0.00029740208987662984
2024-01-05,0.0001477057134967533
2024-01-08,0.0001450840796469215
2024-01-09,6.549713998437849e-05
2024-01-10,0.00018695131521581144
2024-01-11,0.00015108390107188694
2024-01-12,0.00019040361881587114
2024-01-15,0.00019040361881587114
2024-01-16,0.0001235518669990325
2024-01-17,0.00047218651936199697
2024-01-18,6.699336055590519e-05
2024-01-19,0.00015177343581790427
2024-01-22,0.00018526026843268897
2024-01-23,9.056818966212631e-05
2024-01-24,9.015951804339681e-05
2024-01-25,4.641723103889138e-05
2024-01-26,6.699336055590519e-05
2024-01-29,4.684138176080349e-05
2024-01-30,3.032283031952323e-05
2024-01-31,0.00022366173313711655
2024-02-01,4.727137289702578e-05
2024-02-02,6.729875249741458e-05
2024-02-05,0.00022366173313711655
2024-02-06,0.00011592078853223301
2024-02-07,0.0007024895653439983
2024-02-15,0.00010803447421749344
2024-02-16,0.00016663845303096437
2024-02-19,0.0004359677912638412
2024-02-20,0.0001352657718621341
2024-02-21,0.0002101303249931953
2024-02-22,4.398924076587276e-05
2024-02-23,0.0005223818682203362
2024-02-26,0.0004596276541588214
2024-02-27,0.00013943469229423135
2024-02-28,0.00017404019661836203
2024-02-29,0.0002473555911304051
2024-03-01,0.00024204424269058057
2024-03-04,0.00010483516852955051
2024-03-05,0.0001341089698635737
2024-03-06,0.00032663551470330047
2024-03-07,0.0003757800140343481
2024-03-08,0.00040376212732418765
2024-03-11,0.00048269239440006274
2024-03-12,0.00011138250096862453
2024-03-13,0.0007462581288491722
2024-03-14,0.0005802828664472788
2024-03-15,0.0001994859707560708
2024-03-18,0.001961521848116918
2024-03-19,0.0003323261761804464
2024-03-20,0.0003308896484507187
2024-03-21,0.00026050230674357327
2024-03-22,0.0002187848521624969
2024-03-25,0.0010402332000801684
2024-03-26,0.0003790358371493936
2024-03-27,0.0002348911039391593
2024-03-28,0.0004248171808719489
2024-03-29,0.00010850344769165534
2024-04-01,0.0002452102690499029
2024-04-02,0.00020921113248002025
2024-04-03,0.0002452102690499029
2024-04-04,0.00011236768829756122
2024-04-05,4.57917260481103e-05
2024-04-08,0.00022673113351971377
2024-04-09,0.0003664549706596339
2024-04-10,8.975360631359061e-05
2024-04-11,9.307960157784927e-05
2024-04-12,0.00011910217544128488
2024-04-15,0.002428794731125934
2024-04-16,0.0014258054239774701
2024-04-17,0.000744509772264897
2024-04-19,0.0022355574593044833
2024-04-22,0.0005156638337717028
2024-04-23,0.0007260644303640294
2024-04-24,0.000857530213433399
2024-04-25,0.0002052152295109089
2024-04-26,0.00013452298136814559
2024-05-02,0.00026123827743670925
2024-05-03,0.00010526738355271843
2024-05-06,0.0004673471859418304
2024-05-07,0.00013070894471598355
2024-05-08,0.00030124386439891614
2024-05-09,0.00020718744523434322
2024-05-10,7.603378014395674e-05
2024-05-13,0.00010176064061274998
2024-05-14,5.1917498420380216e-05
2024-05-15,0.0002052152295109089
2024-05-16,9.842625425554577e-05
2024-05-17,0.0007019594664586586
2024-05-20,0.0003138192545497369
2024-05-21,0.00032704099019818355
2024-05-22,0.0002780115419709974
2024-05-23,0.0015370020315450164
2024-05-24,0.0004326706011076547
2024-05-27,0.00010788437833912224
2024-05-28,7.829077175204938e-05
2024-05-29,0.0004457232864236319
2024-05-30,0.00033818166005992984
2024-05-31,4.392992399148944e-05
2024-06-03,0.00010225078053651604
2024-06-04,0.00017952422936263012
2024-06-05,6.995634369221745e-05
2024-06-06,0.00012708850873400536
2024-06-07,7.115769679638627e-05
2024-06-10,7.115769679638627e-05
2024-06-11,0.00014004595168657665
2024-06-12,0.0001846094576372019
2024-06-13,6.995634369221745e-05
2024-06-14,0.00022366790839577813
2024-06-17,0.00017967467652258253
2024-06-18,0.00030192324556906004
2024-06-19,0.00031445493004730434
2024-06-20,0.0003837489985377619
2024-06-21,0.00048275850907889613
2024-06-24,0.0005570313992193857
2024-06-25,0.00012584982050930601
2024-06-26,0.0003277833745556206
2024-06-27,0.00026576276564909974
2024-06-28,0.0002758977911616428
2024-07-01,0.00017209719487589988
2024-07-02,0.00016794454632253217
2024-07-03,5.327949909548945e-05
2024-07-04,0.0007316869359219962
2024-07-05,8.318563924993586e-05
2024-07-08,0.0003929236232572834
2024-07-09,0.00012584982050930601
2024-07-10,0.00016481774936415438
2024-07-11,5.760052531707158e-05
2024-07-12,0.000124352030910151
2024-07-15,0.00016592436181125266
2024-07-16,0.00035468364217425085
2024-07-17,0.0010691186189939479
2024-07-18,0.0006439704120290091
2024-07-19,0.0006246142193267498
2024-07-22,0.00035252261196432527
2024-07-23,0.0004337216203272244
2024-07-24,0.0010693125255936179
2024-07-25,0.00029715387882240274
2024-07-26,9.233642232946107e-05
2024-07-29,0.0001776313558339111
2024-07-30,0.00018215079867288267
2024-07-31,9.416167457199281e-05
2024-08-01,0.0006439704120290091
2024-08-02,0.0010358457573313696
2024-08-05,0.0010862967421435628
2024-08-06,0.0006249294537365924
2024-08-07,0.000207871964874606
2024-08-08,0.0008073110517059041
2024-08-09,0.00019708208967658182
2024-08-12,0.0001379739008163613
2024-08-13,0.0006886008770051217
2024-08-14,0.000207871964874606
2024-08-15,0.00016428424227405886
2024-08-16,0.001035592264633106
2024-08-19,0.00019451589896762964
2024-08-20,0.000741698456862187
2024-08-21,0.00013012911090489935
2024-08-22,0.00029549647135190197
2024-08-23,0.000244384304720381
2024-08-26,0.0001776313558339111
2024-08-27,0.0001834368253145295
2024-08-28,0.00017547346402902768
2024-08-29,0.000128496748604495
2024-08-30,9.416167457199281e-05
2024-09-04,0.00019199950660367277
2024-09-05,0.0001895316323472455
2024-09-06,9.854249957908572e-05
2024-09-09,9.911151759745756e-05
2024-09-10,0.0004332957469096729
2024-09-11,0.0002849610765925952
2024-09-12,7.076138978252906e-05
2024-09-13,0.00010399993598378339
2024-09-16,0.00016831225236527413
2024-09-17,0.0003662513029659711
2024-09-18,0.00020404097529371198
2024-09-19,9.911151759745756e-05
2024-09-20,0.0003196121197560682
2024-09-23,0.0001529070559086649
2024-09-24,6.744009625731564e-05
2024-09-25,0.00014163634482203266
2024-09-26,0.00010159804360549726
2024-09-27,0.0003051686962032503
2024-09-30,0.00014598577732816888
2024-10-01,0.0002315055097165263
2024-10-02,0.00013694448791427025
2024-10-03,0.00041335910746428175
2024-10-04,0.00015599289252395641
2024-10-07,0.00019856504679041694
2024-10-08,0.0001974403302482992
2024-10-09,0.0003938081868221939
2024-10-10,0.0001895645528865057
2024-10-11,9.272305294118609e-05
2024-10-14,0.0001895645528865057
2024-10-15,0.00041335910746428175
2024-10-16,0.0002025781837626667
2024-10-17,0.00014636268978471885
2024-10-18,6.56328432274776e-05
2024-10-21,0.00020141924705156585
2024-10-22,6.092173133985257e-05
2024-10-23,6.832232529761271e-05
2024-10-24,0.00021128785980136303
2024-10-25,7.076138978252906e-05
2024-10-28,0.00021128785980136303
2024-10-29,6.092173133985257e-05
2024-10-30,0.00016033248720075102
2024-10-31,6.932303719144971e-05
2024-11-01,3.827713176603204e-05
2024-11-04,0.0001547063977103324
2024-11-05,1.9731728189669985e-05
2024-11-06,0.0001504478178195195
2024-11-07,3.648374992210856e-05
2024-11-08,0.00010722105544915411
2024-11-11,0.00020701449523659503
2024-11-12,0.00020974659332457244
2024-11-13,0.00010477205635702664
2024-11-14,0.00022024133992414478
2024-11-15,0.00028798162741117177
2024-11-18,0.0003082172123992323
2024-11-19,0.00011247016352240918
2024-11-20,0.0004682912782908385
2024-11-21,4.13835505655733e-05
2024-11-22,0.00016605154103158974
2024-11-25,7.698683868012609e-05
2024-11-26,0.00016254500903747156
2024-11-27,0.0001100906880782496
2024-11-28,7.535562762061073e-05
2024-11-29,7.6515414999684e-05
2024-12-02,2.1178625680678017e-05
2024-12-03,7.698683868012609e-05
2024-12-04,0.0005822457502623142
2024-12-05,0.004068530840072187
2024-12-06,0.0004785091742319634
2024-12-09,8.053880535558264e-05
2024-12-10,8.169121775909387e-05
2024-12-11,0.00012104896431380165
2024-12-12,7.443417061810256e-05
2024-12-13,8.420678168125456e-05
2024-12-16,7.612586182472639e-05
2024-12-17,7.612586182472639e-05
2024-12-18,2.349506495401766e-05
2024-12-19,8.741052403923627e-05
2024-12-20,0.0002667573524240775
2024-12-23,8.886075418399322e-05
2024-12-24,9.019704307719169e-05
2024-12-25,0.0003471196680745059
2024-12-26,0.00013799889202291215
2024-12-27,8.813116471615756e-05
2024-12-30,8.886075418399322e-05
2024-12-31,9.095249065025622e-05
2025-01-02,4.958746613185544e-05
2025-01-03,0.00028428517338718206
2025-01-06,0.0004837080986682371
2025-01-07,0.0004108538937670375
2025-01-08,0.00022870040371176706
2025-01-09,5.645751727587405e-05
2025-01-10,0.0005307517022353406
2025-01-13,0.0004474336460101702
2025-01-14,0.000245172213721457
2025-01-15,0.00016619548500443885
2025-01-16,0.0010637547413014615
2025-01-17,9.940542914114402e-05
2025-01-20,0.00040082285098517746
2025-01-21,0.00014746773271162242
2025-01-22,0.0003140027585983498
2025-01-23,0.0006291374119365529
2025-01-24,5.507085905684464e-05
2025-02-03,0.0003191184058149924
2025-02-04,0.001220268889102848
2025-02-05,0.00035317224810475556
2025-02-06,0.0008000096062823816
2025-02-07,0.00019283285079235227
2025-02-10,0.00014573290544588885
2025-02-11,9.171746916212932e-05
2025-02-12,0.0001944352550152003
2025-02-13,9.171746916212932e-05
2025-02-14,8.034910933727782e-05
2025-02-17,0.0006479807988439931
2025-02-18,0.00012379457560305723
2025-02-19,8.353364263638457e-05
2025-02-20,8.169121775909387e-05
2025-02-21,0.00012104896431380165
2025-02-24,0.0005039592323135071
2025-02-25,0.0002942403364019542
2025-02-26,0.00012331400218269027
2025-02-27,0.0003174294246622984
2025-02-28,0.00023477760944209272
2025-03-03,0.00023845066249753952
2025-03-04,0.00032193791237370925
2025-03-05,0.0002403195984831404
2025-03-06,0.0003174294246622984
2025-03-07,0.00012331400218269027
2025-03-10,0.000636734048332022
2025-03-11,0.0007527269697319341
2025-03-12,0.0011919422436040572
2025-03-13,0.0003305485952197672
2025-03-14,9.522907879467602e-05
2025-03-17,0.00033957319326610404
2025-03-18,0.0003988399696605725
2025-03-19,0.00014063919515966024
2025-03-20,0.0001396525389890878
2025-03-21,0.0004472060214683837
2025-03-24,0.00013339348841563206
2025-03-25,0.00029729262518046653
2025-03-26,0.0001885153341921099
2025-03-27,0.0004472060214683837
2025-03-28,0.00017896785427313203
2025-03-31,0.00031789101492699497
2025-04-01,0.00018593008495671487
2025-04-02,0.0006157875202211034
2025-04-03,0.0003328882867528681
2025-04-04,0.0011642952344475955
2025-04-08,0.0009103205578782427
2025-04-09,0.002477390100607523
2025-04-10,0.0
2025-04-11,0.0006641625993388934
2025-04-14,0.000907807268632889
2025-04-15,0.0006478595758903157
2025-04-16,0.000324127140788765
2025-04-17,0.0003883281999106975
2025-04-18,0.001045843626570329
2025-04-21,0.0005640896878940012
2025-04-22,0.0012005561817634704
2025-04-23,0.0001908884404483753
2025-04-24,0.0004899655316673113
2025-04-25,0.0001999845090155794
2025-04-28,0.00010722105544915411
2025-04-29,9.911151759745756e-05
2025-05-05,0.00034897250346211826
2025-05-06,0.00033957319326610404
2025-05-07,0.00016033248720075102
2025-05-08,0.00027154179621778564
2025-05-09,0.00019604782247977204
2025-05-12,0.00010509631310213269
2025-05-13,0.0002522428265327648
2025-05-14,0.0003861681901950985
2025-05-15,0.0002473982159626048
2025-05-16,0.0003761502265204253
2025-05-19,0.0003328882867528681
2025-05-20,0.0005739466942211877
2025-05-21,0.000324127140788765
2025-05-22,0.001051499572332593
2025-05-23,0.0001395240228467371
2025-05-26,0.0007464786380638294
2025-05-27,0.0004948645273969961
2025-05-28,0.00035458290762301406
2025-05-29,0.00042781222493193003
2025-05-30,0.0005254837054767011
2025-06-02,0.000780538360165602
2025-06-03,0.0010164885130704256
2025-06-04,0.00019154855037346904
2025-06-05,0.000243055173663152
2025-06-06,0.000561899068255889
2025-06-09,0.0002672605818759028
2025-06-10,0.0003357795486572023
2025-06-11,0.00021331278699314836
2025-06-12,0.00026416952032839785
2025-06-13,0.00034421946599255465
2025-06-16,0.0007594904731739225
2025-06-17,0.0002561840651027257
2025-06-18,0.00019944563046381334
2025-06-19,0.0001629715946429265
2025-06-20,0.00019944563046381334
2025-06-23,8.72615033725375e-05
2025-06-24,0.0009406756948019247
2025-06-25,0.0005262554545230415
2025-06-26,0.0005353058247672209
2025-06-27,0.00015131659921159245
2025-06-30,0.00019519820451369263
2025-07-01,0.00031716657998194796
2025-07-02,0.000977544282854087
2025-07-03,0.0007676629461204566
2025-07-04,0.00014791106785657995
2025-07-07,0.00011285687218513262
2025-07-08,0.00047702911431844904
2025-07-09,0.0003922090061254305
2025-07-10,0.00022881263822369048
2025-07-11,0.00040082285098518266
2025-07-14,0.00048258523052650067
2025-07-15,0.0015446080252963061
2025-07-16,0.0005300679068261254
2025-07-17,0.0003753759880485614
2025-07-18,0.0004392267700674799
2025-07-21,0.0005217975709946539
2025-07-22,0.0017726864114747298
2025-07-23,0.0006601315536360349
2025-07-24,0.00033792468638696904
2025-07-25,0.0011316644417292546
2025-07-28,0.00040082285098518266
2025-07-29,0.006214904195470443
2025-07-30,0.0015008605228005669
2025-07-31,0.0006599241847548764
2025-08-01,0.001537278900152306
2025-08-04,0.002205648760811298
2025-08-05,0.003766710683996644
2025-08-06,0.0004732885354930998
2025-08-07,0.00041201670514997863
2025-08-08,0.0007625278918619348
2025-08-11,0.0008776715145333231
2025-08-12,0.0004896383312567947
2025-08-13,0.0008474630138830969
2025-08-14,0.0004896383312567947
2025-08-15,0.0013113026376250798
2025-08-18,0.0005469400265179551
2025-08-19,0.0005940181572200007
2025-08-20,0.00152831168175983
2025-08-21,0.0004392912718733575
2025-08-22,0.001414187249474109
2025-08-25,0.0029503529640758676
2025-08-26,0.002121395804646985
2025-08-27,0.0009036182226455129
2025-08-28,0.0009529697553770195
2025-08-29,0.0009180259930314534
2025-09-03,0.0006613870580655577
2025-09-04,0.000286009285694345
2025-09-05,0.002900894439141753
2025-09-08,0.0012378515132326507
2025-09-09,0.0004429956222888913
2025-09-10,0.00038551407359291133
2025-09-11,0.0016485845132201986
2025-09-12,0.00010040623271220403
2025-09-15,0.00018741724814628138
2025-09-16,0.0008492621836361624
2025-09-17,0.00041023698442409597
2025-09-18,0.0003239876067982893
2025-09-19,0.0005518557803980646
2025-09-22,0.0007935158321531239
2025-09-23,0.0002614496640828498
2025-09-24,0.0008601451575107495
2025-09-25,0.0002418371575441331
2025-09-26,0.0004588790927541806
2025-09-29,0.0003095842650388074
2025-09-30,0.0005256024498446452
2025-10-01,0.0002058679473412551
2025-10-02,0.00045678761240603
2025-10-03,0.00030814947387217785
2025-10-06,0.000997312331226104
2025-10-07,0.00019374437654764732
2025-10-08,0.0006825998218668799
2025-10-09,0.0002790597875779647
2025-10-10,0.00035700044992491444
2025-10-13,0.00042072273550073703
2025-10-14,0.00097689664867937
2025-10-15,0.00015861244785575374
2025-10-16,0.0001995254691402236
2025-10-17,0.0006239358131050871
2025-10-20,0.002367312212838978
2025-10-21,0.002974848553711868
2025-10-22,0.001649177082962967
2025-10-23,0.0005320968424401547
2025-10-24,0.0005667183658524013
2025-10-27,0.0009479795221950273
2025-10-28,0.0005581749379243999
2025-10-29,0.00013559101088263188
2025-10-30,0.0004263491045638822
2025-10-31,0.0001825235170662002
2025-11-03,0.0018592892493297646
2025-11-04,0.0016289038107634665
2025-11-05,0.0001430293988596528
2025-11-06,0.0002847425972017641
2025-11-07,0.0007939141296773828
2025-11-10,0.0008938684360608266
2025-11-11,0.00019906013454652074
2025-11-12,0.0004661546708251569
2025-11-13,0.00019002634250024313
2025-11-14,0.0002877292622290506
2025-11-17,0.00011287253179990235
2025-11-18,0.00021458032370103773
2025-11-19,0.0005929425296469728
2025-11-20,8.487391058496016e-05
2025-11-21,0.00012065291391863947
2025-11-24,0.00041452783703542994
2025-11-25,0.000932223634288904
2025-11-26,0.0008222103958538613
2025-11-27,0.00016178296189079192
2025-11-28,0.0002131599097719919
2025-12-01,0.0001715142830993964
2025-12-02,0.0005131494801855605
2025-12-03,0.0001626651583091352
2025-12-04,0.0002950919114507657
2025-12-05,0.00019103088628053626
2025-12-08,0.0002064894561429317
2025-12-09,0.0003732965639454918
2025-12-10,0.00020966997313861215
2025-12-11,0.00016608417464199167
2025-12-12,0.0018417385501288425
2025-12-15,0.00023523208166844516
2025-12-16,0.0023003131381492646
2025-12-17,0.00020537107719191945
2025-12-18,0.0004816552307137532
2025-12-19,0.00033614819968680163
2025-12-22,0.00014812816997667794
2025-12-23,0.0003390398733237533
2025-12-24,0.000507403282543575
2025-12-25,0.00026095509247310464
2025-12-26,0.0007450609765106875
2025-12-29,0.00023383946218876044
2025-12-30,0.00023505941245517524
2025-12-31,0.00018426341084982808
2026-01-05,0.0015617051345980279
2026-01-06,0.0005677278598652491
2026-01-07,0.00036829333041269374
2026-01-08,0.0002799452704499297
2026-01-09,0.0004572538770201211
2026-01-12,0.0016432818038016439
2026-01-13,0.000524321552142171
2026-01-14,0.0007672879320083876
2026-01-15,0.0004808547877535121
2026-01-16,0.00041411477886298283
2026-01-19,0.00031628994280327423
2026-01-20,0.001281390691079796
2026-01-21,0.0007157404485496256
2026-01-22,0.0003448054015549858
2026-01-23,0.00035321275524924573
2026-01-26,0.0010981493620926134
2026-01-27,0.0001670018358345861
2026-01-28,0.00031083769452317303
2026-01-29,0.0002636353136281045
2026-01-30,9.336384592386434e-05
2026-02-02,0.00027535919321176747
2026-02-03,0.00020573420092059554
2026-02-04,0.00042777624302835026
2026-02-05,0.000258516532403004
2026-02-06,0.0002862300862392801
2026-02-09,0.00013899670350876045
2026-02-10,0.0001842683782092897
2026-02-11,0.0003899883500079129
2026-02-12,4.070540025830194e-05
2026-02-13,0.0003160683895496277
2026-02-23,6.27201144321871e-05
2026-02-24,0.0005470354751747516
2026-02-25,0.00012196157803459605
2026-02-26,0.00019817816236721172
2026-02-27,0.00025539624859241355
2026-03-02,0.0007014372739886976
2026-03-03,0.0006789856982021274
2026-03-04,0.0018417385501288425
2026-03-05,0.0009549850345007461
2026-03-06,0.0007710004360436098
2026-03-09,4.7681332332952986e-05
2026-03-10,0.0014046276174807509
2026-03-11,0.0007109436388541423
2026-03-12,0.0003811546026449413
2026-03-13,0.0003389607778738328
2026-03-16,0.00040259365303521035
2026-03-17,0.00040280994813181233
2026-03-18,0.00048367900962628397
2026-03-19,0.00029911157311573354
2026-03-20,0.00037911108446402037
2026-03-23,0.0010751152426808483
2026-03-24,0.0008012360613369542
2026-03-25,0.0007395046321052229
2026-03-26,0.0002433559252671703
2026-03-27,0.0003569107083400638
2026-03-30,0.0003867504931477636
2026-03-31,0.0006089060275979546
2026-04-01,0.0001655586028443523
2026-04-02,0.00017200048591224613
2026-04-03,0.00029332353603362743
2026-04-06,0.00017742862156216527
2026-04-07,0.00044761804081681135
2026-04-08,0.00039110453850624966
2026-04-09,0.0001531564280141918
2026-04-10,0.00025807140448429937
2026-04-13,0.0003306341060442239
2026-04-14,0.00020213125797898651
2026-04-15,0.00020090981047621068
2026-04-16,0.0002524225599868203
2026-04-17,0.0001157999508388504
2026-04-20,8.584474638121756e-05
2026-04-21,0.00026123827743670925
2026-04-22,7.955551357535167e-05
2026-04-23,0.0004000675106811453
2026-04-24,8.301197218838131e-05
2026-04-28,8.407150450936629e-05
2026-04-29,0.00028440614882954397
2026-05-04,8.956377414128489e-05
2026-05-05,8.515145250093697e-05
2026-05-06,0.0014649613128943156
2026-05-07,0.00015693820012259183
2026-05-08,0.0002674181331438281
2026-05-11,0.00026908086700488595
2026-05-12,0.00011797671269055801
2026-05-13,0.0003271041320205485
2026-05-14,8.900187177794116e-05
2026-05-15,0.0001187159538949852
2026-05-18,0.00040784282711048
2026-05-19,0.00043670379855467105
2026-05-20,0.0011842318423036277
2026-05-21,0.00033684986431134413
2026-05-22,0.0018428644058645029
2026-05-25,0.0002793025323422016
2026-05-26,0.0008974105638024186
2026-05-27,0.00023012816854867503
2026-05-28,0.0002813561576814219
2026-05-29,0.0005167154635242793
2026-06-01,0.0017168129834163463
2026-06-02,0.0008635272495025721
2026-06-03,0.001417849566030219
2026-06-04,0.0004030593738970084
2026-06-05,0.0002878497048503179
2026-06-08,0.0006081124418199764
2026-06-09,0.0008941500236822567
2026-06-10,0.0003593904013623407
2026-06-11,0.00019395244283211473
2026-06-12,0.0003635518808054429
2026-06-15,0.0004824128286914688
2026-06-16,0.0004691209772326106
2026-06-17,0.0004588790927541806
2026-06-18,0.0002752660471078991
2026-06-19,0.00018113168992961792
2026-06-22,0.00047970964199940376
2026-06-23,0.0004717350292600641
2026-06-24,0.00029113045821313043
2026-06-25,0.00023783252675546932
2026-06-26,0.00029958200100701105
2026-06-29,0.00018737769478813479
2026-06-30,0.00018215079867288267
2026-07-01,0.00022733529527258563
2026-07-02,0.00013524498362971026
2026-07-03,0.0006894943298358784
2026-07-06,0.001095421060369692
2026-07-07,0.000601039462955598
2026-07-08,0.00020502498981411765
2026-07-09,0.00013015527171247375
2026-07-10,0.00039422385464744767
2026-07-13,0.0011919422436040572
2026-07-14,0.0005805454984189774
2026-07-15,0.00035733640700352467
2026-07-16,0.0017776303771007524
2026-07-17,0.00014143606828012222
2026-07-20,0.001608846304156364
2026-07-21,0.00019283285079235227
2026-07-22,0.0013972880230277134
2026-07-23,0.0028963325575884617
2026-07-24,0.0003877865015243164
2026-07-27,0.0025627137416021446
2026-07-28,0.003318440166560157
2026-07-29,0.0001647862947007853
2026-07-30,0.0010417871140837526
2026-07-31,0.000385484693061477
2026-08-03,0.0003809421400163719
2026-08-04,7.91631175083802e-05
2026-08-05,0.00019969940147627279
2026-08-06,0.00025650952004907876
2026-08-07,0.00011570460771855049
2026-08-10,0.00020206992136923886
2026-08-11,0.00024907400189740883
2026-08-12,0.00011299008287264553
2026-08-13,0.0004574135525126202
2026-08-14,0.00033530045818215413
