Date,Open,High,Low,Close,Volume
2011-01-03,273.49,273.99,266.61,268.4,618063
2011-01-04,269.15,269.15,257.07,258.36,1115843
2011-01-05,256.91,258.89,254.84,255.2,825440
2011-01-06,254.04,254.94,246.62,249.55,1104652
2011-01-07,250.76,253.17,249.41,250.67,818084
2011-01-10,249.78,254.18,249.75,252.74,618142
2011-01-11,253.49,254.72,250.01,251.52,417296
2011-01-12,252.05,252.76,249.62,251.16,633027
2011-01-13,251.27,252.83,250.14,251.93,477464
2011-01-14,251.26,253.22,249.77,252.62,426661
2011-01-18,251.84,253.33,250.22,250.59,478747
2011-01-19,250.85,252.0,249.07,249.99,666304
2011-01-20,249.52,252.81,249.0,252.56,648363
2011-01-21,253.97,254.96,251.77,252.13,770347
2011-01-24,252.5,253.01,249.92,251.49,469241
2011-01-25,249.5,251.59,247.35,248.7,487678
2011-01-26,249.2,251.83,246.26,250.07,523300
2011-01-27,250.41,257.99,250.24,256.1,580566
2011-01-28,256.8,257.4,250.62,251.06,390038
2011-01-31,251.39,255.38,251.07,253.53,360742
2011-02-01,254.57,255.21,251.8,255.0,340336
2011-02-02,254.79,254.95,251.06,251.76,276936
2011-02-03,251.36,255.7,251.36,255.01,421108
2011-02-04,254.71,260.18,254.33,258.7,329973
2011-02-07,259.0,261.59,257.35,258.03,271589
2011-02-08,258.03,259.99,257.78,259.83,218937
2011-02-09,259.5,263.62,259.1,261.76,285325
2011-02-10,260.83,261.5,256.15,259.64,361067
2011-02-11,259.14,261.72,258.64,260.88,200909
2011-02-14,261.16,261.76,259.7,260.82,227352
2011-02-15,260.52,260.98,259.33,260.81,287092
2011-02-16,262.0,265.54,261.58,262.78,213831
2011-02-17,262.22,262.22,254.71,255.57,418395
2011-02-18,256.48,259.04,253.71,255.64,338484
2011-02-22,253.13,254.58,249.1,252.59,383522
2011-02-23,252.53,254.58,247.36,250.64,398588
2011-02-24,252.09,254.2,249.05,253.25,289555
2011-02-25,254.91,255.75,252.54,255.39,277635
2011-02-28,255.51,260.0,255.45,257.95,526276
2011-03-01,265.54,267.98,260.21,263.52,1016898
2011-03-02,263.74,264.54,260.68,262.84,564686
2011-03-03,264.46,266.95,263.01,266.53,483715
2011-03-04,266.53,268.75,263.29,265.42,261937
2011-03-07,265.75,267.46,262.95,263.25,357685
2011-03-08,263.66,269.8,262.98,267.96,403716
2011-03-09,268.02,269.63,266.85,268.21,272957
2011-03-10,266.76,268.8,265.0,266.71,291081
2011-03-11,266.6,267.37,263.12,265.93,270492
2011-03-14,263.89,265.31,261.89,264.81,236636
2011-03-15,259.5,264.47,256.86,263.14,345578
2011-03-16,261.24,265.71,260.62,261.31,396293
2011-03-17,264.17,264.92,261.57,261.95,225410
2011-03-18,263.63,264.71,260.07,262.98,500360
2011-03-21,264.33,266.18,262.38,264.09,423365
2011-03-22,264.45,265.79,261.75,264.72,376583
2011-03-23,264.85,271.0,262.8,270.06,458248
2011-03-24,271.0,273.26,269.44,272.11,399121
2011-03-25,272.75,277.5,270.71,275.49,435265
2011-03-28,276.16,276.16,270.82,270.93,307815
2011-03-29,271.12,273.47,268.8,273.44,314325
2011-03-30,274.25,276.04,273.0,273.94,272221
2011-03-31,273.19,273.87,270.8,273.56,360165
2011-04-01,274.22,276.05,273.27,274.67,261659
2011-04-04,275.0,275.76,272.54,274.28,213156
2011-04-05,273.64,279.94,273.09,276.64,327780
2011-04-06,276.85,279.35,276.51,276.59,219790
2011-04-07,276.56,277.84,272.98,275.84,257205
2011-04-08,277.6,277.6,274.51,276.26,238887
2011-04-11,272.61,273.99,269.68,272.93,384553
2011-04-12,272.15,279.0,270.0,277.77,662350
2011-04-13,276.22,279.99,276.22,279.76,420030
2011-04-14,278.75,280.74,277.27,278.85,455333
2011-04-15,279.76,281.96,278.72,280.08,370334
2011-04-18,280.28,280.28,274.77,279.32,244422
2011-04-19,279.08,279.09,276.07,278.28,250481
2011-04-20,280.58,284.6,280.46,283.96,377053
2011-04-21,284.0,284.97,282.69,284.85,310896
2011-04-22,284.0,284.97,282.69,284.85,310896
2011-04-25,284.71,284.94,281.16,282.5,145766
2011-04-26,283.06,283.83,281.72,282.07,306269
2011-04-27,283.73,283.93,281.0,281.5,620077
2011-04-28,280.02,284.42,279.68,282.48,298630
2011-04-29,282.27,283.26,281.09,282.38,251286
2011-05-02,283.2,284.57,280.5,281.18,206895
2011-05-03,284.8,285.0,282.39,283.44,414402
2011-05-04,283.7,284.49,282.18,283.35,280209
2011-05-05,283.7,284.49,282.18,283.35,280209
2011-05-06,286.82,286.99,281.13,281.56,269732
2011-05-09,281.17,285.83,281.17,284.64,253783
2011-05-10,285.04,287.0,285.04,286.41,248703
2011-05-11,288.42,288.42,279.35,286.38,454084
2011-05-12,286.18,288.5,284.02,287.89,360396
2011-05-13,287.89,288.5,284.26,286.3,239649
2011-05-16,286.24,287.52,283.35,283.65,238424
2011-05-17,282.88,283.09,279.26,281.48,239362
2011-05-18,281.97,283.67,280.42,282.5,260141
2011-05-19,277.01,279.0,274.33,277.15,771357
2011-05-20,276.69,278.21,274.56,276.6,462117
2011-05-23,276.29,277.61,273.18,276.78,473351
2011-05-24,288.07,295.17,286.8,293.3,1153910
2011-05-25,294.44,298.0,293.0,297.98,607334
2011-05-26,297.98,298.47,296.0,296.61,540082
2011-05-27,295.27,297.81,294.84,296.71,293976
2011-05-31,298.86,299.6,293.12,294.0,486474
2011-06-01,294.0,295.18,293.03,293.11,378787
2011-06-02,294.12,294.12,289.0,289.65,287679
2011-06-03,287.3,290.5,284.83,285.48,325869
2011-06-06,286.63,287.22,283.94,285.64,316723
2011-06-07,285.0,289.39,284.12,284.5,338696
2011-06-08,284.81,289.49,283.25,288.53,485260
2011-06-09,288.37,292.54,286.99,291.94,305007
2011-06-10,290.7,292.23,288.71,290.2,395678
2011-06-13,291.3,291.3,288.24,288.88,313409
2011-06-14,290.23,290.59,289.16,289.87,345206
2011-06-15,289.07,290.52,288.45,289.55,366543
2011-06-16,288.82,290.15,285.21,289.78,447005
2011-06-17,291.0,293.05,290.36,291.71,805174
2011-06-20,291.31,293.15,290.03,292.24,495964
2011-06-21,292.4,292.91,291.43,292.43,444583
2011-06-22,292.17,294.08,292.17,292.87,387213
2011-06-23,290.72,294.27,290.72,292.61,476597
2011-06-24,292.55,293.7,290.33,291.6,336844
2011-06-27,290.99,293.97,290.0,292.84,267213
2011-06-28,293.5,293.52,292.58,292.9,436995
2011-06-29,293.42,293.54,290.62,291.32,342684
2011-06-30,292.55,296.2,291.87,294.85,381011
2011-07-01,295.38,298.19,294.86,297.62,255746
2011-07-05,296.14,298.53,294.51,297.14,289238
2011-07-06,295.29,298.8,294.76,297.75,333242
2011-07-07,299.0,299.45,298.0,298.38,330724
2011-07-08,295.81,298.56,295.15,298.28,305673
2011-07-11,295.94,297.64,293.84,295.5,277472
2011-07-12,293.21,299.6,293.1,297.59,392332
2011-07-13,298.48,300.4,296.02,296.94,312832
2011-07-14,298.37,302.0,295.26,297.88,416405
2011-07-15,298.66,298.66,294.08,297.28,292053
2011-07-18,297.08,297.08,294.47,295.36,177025
2011-07-19,296.71,299.21,296.16,298.33,268293
2011-07-20,298.33,298.62,294.78,295.59,180760
2011-07-21,296.36,297.22,294.77,295.52,293562
2011-07-22,296.44,296.61,295.12,295.85,172464
2011-07-25,294.27,296.37,293.22,294.94,228336
2011-07-26,294.82,296.3,293.6,295.16,150622
2011-07-27,293.25,293.33,287.0,289.15,399254
2011-07-28,287.96,288.55,284.5,285.84,255815
2011-07-29,284.46,288.09,282.5,285.45,287471
2011-08-01,287.0,287.36,280.12,282.25,349069
2011-08-02,280.85,284.33,276.15,276.71,337544
2011-08-03,276.29,281.86,274.4,281.5,368493
2011-08-04,279.59,281.46,273.09,273.29,390613
2011-08-05,275.26,280.67,270.24,278.74,663103
2011-08-08,275.1,278.62,266.25,268.51,663029
2011-08-09,269.54,280.44,269.17,280.1,686563
2011-08-10,277.86,281.9,274.4,274.82,716819
2011-08-11,278.0,284.04,278.0,281.89,737386
2011-08-12,286.35,288.94,283.05,287.61,625343
2011-08-15,289.21,289.21,282.75,287.4,294004
2011-08-16,285.55,289.66,284.11,288.27,252629
2011-08-17,289.66,290.48,284.98,288.48,205067
2011-08-18,284.34,289.19,279.93,289.16,621175
2011-08-19,285.95,294.0,285.95,291.42,572411
2011-08-22,297.69,297.69,290.59,295.7,550811
2011-08-23,296.99,300.0,294.18,299.31,398960
2011-08-24,297.54,304.34,297.5,304.1,533625
2011-08-25,302.95,306.0,297.43,298.43,300213
2011-08-26,297.96,302.76,295.31,301.3,245681
2011-08-29,304.53,307.69,303.0,307.14,294094
2011-08-30,307.63,310.0,305.23,308.53,431782
2011-08-31,310.24,310.87,304.84,307.0,321594
2011-09-01,304.31,312.75,304.31,312.05,427079
2011-09-02,308.45,312.17,307.87,310.85,373736
2011-09-06,306.0,314.0,304.95,313.83,485593
2011-09-07,314.5,317.87,314.25,316.67,342910
2011-09-08,315.96,318.3,315.0,316.1,356988
2011-09-09,315.15,318.79,312.12,314.49,333303
2011-09-12,312.97,316.44,311.14,316.18,414403
2011-09-13,316.49,320.49,312.38,319.48,475391
2011-09-14,320.5,326.47,317.66,324.38,449745
2011-09-15,325.78,327.0,324.0,325.77,337691
2011-09-16,327.7,332.93,326.69,331.25,1198378
2011-09-19,329.31,333.99,329.0,331.95,733368
2011-09-20,329.68,332.95,325.91,327.75,858154
2011-09-21,327.29,329.0,322.59,322.79,449147
2011-09-22,317.87,320.37,311.72,316.13,713177
2011-09-23,316.55,322.62,316.0,321.7,399729
2011-09-26,323.18,327.17,321.47,327.12,355943
2011-09-27,330.1,330.1,324.37,326.0,650147
2011-09-28,325.99,326.31,321.28,321.94,335653
2011-09-29,337.23,337.23,313.18,317.58,529489
2011-09-30,314.57,325.53,313.71,319.19,535649
2011-10-03,318.42,322.02,311.87,311.88,428695
2011-10-04,308.21,320.0,307.16,320.0,406039
2011-10-05,320.0,320.37,311.95,317.42,382500
2011-10-06,317.06,323.19,316.11,322.37,362090
2011-10-07,323.33,328.68,320.42,324.02,339826
2011-10-10,326.87,331.83,325.41,331.7,330285
2011-10-11,331.18,332.68,325.98,327.61,296865
2011-10-12,328.09,329.95,323.74,327.66,427499
2011-10-13,327.14,328.76,325.0,326.56,359877
2011-10-14,329.0,330.0,326.77,328.12,336306
2011-10-17,325.75,331.43,325.74,327.0,334323
2011-10-18,326.3,327.31,324.53,326.03,489814
2011-10-19,326.03,327.41,323.73,324.99,509488
2011-10-20,327.03,328.61,325.18,326.95,346600
2011-10-21,331.32,331.64,327.11,327.5,384509
2011-10-24,328.0,330.89,327.39,330.19,452861
2011-10-25,330.09,332.92,327.4,327.93,333646
2011-10-26,333.78,333.78,325.84,327.79,304163
2011-10-27,333.09,333.75,329.51,330.64,458263
2011-10-28,330.61,331.64,326.03,327.82,245793
2011-10-31,326.01,328.51,323.59,323.59,399801
2011-11-01,318.58,329.35,317.31,325.67,491183
2011-11-02,327.51,327.62,323.77,324.44,389009
2011-11-03,325.61,326.32,321.58,324.66,355595
2011-11-04,324.67,326.24,322.31,325.0,300600
2011-11-07,323.97,327.6,323.84,327.11,139745
2011-11-08,326.37,334.0,326.37,333.79,300872
2011-11-09,330.0,332.88,325.01,325.64,277386
2011-11-10,327.61,331.21,327.0,330.71,233418
2011-11-11,332.1,337.96,330.48,337.66,230151
2011-11-14,337.85,341.89,335.63,336.23,202304
2011-11-15,336.48,338.26,334.79,337.15,165628
2011-11-16,336.04,337.4,331.24,332.04,134761
2011-11-17,331.59,332.63,327.21,328.32,154896
2011-11-18,329.65,331.14,327.64,329.4,137799
2011-11-21,327.48,328.72,323.47,325.33,209402
2011-11-22,324.41,325.05,320.29,320.82,264504
2011-11-23,319.32,320.72,316.6,318.06,183853
2011-11-25,316.59,322.96,315.26,322.96,151516
2011-11-28,326.23,329.28,318.33,319.51,271975
2011-11-29,319.14,324.46,318.75,323.43,175503
2011-11-30,325.74,330.7,325.74,328.38,282892
2011-12-01,329.01,336.33,329.01,335.3,248978
2011-12-02,337.0,339.0,330.22,330.22,207624
2011-12-05,334.54,339.44,332.01,338.97,296522
2011-12-06,341.06,343.9,332.87,337.81,498424
2011-12-07,337.75,338.27,333.37,333.86,391514
2011-12-08,333.58,334.2,329.1,329.67,263307
2011-12-09,329.7,332.3,329.22,329.82,608122
2011-12-12,324.98,332.39,324.97,330.89,344631
2011-12-13,332.46,334.63,324.33,326.1,243177
2011-12-14,325.61,326.0,322.42,324.32,208804
2011-12-15,325.32,330.04,323.7,327.32,293817
2011-12-16,328.96,330.46,325.94,326.0,392020
2011-12-19,325.68,327.01,323.92,324.96,253728
2011-12-20,325.16,327.09,324.22,325.29,673355
2011-12-21,324.94,331.69,324.94,330.0,369470
2011-12-22,330.75,331.06,327.85,329.0,272816
2011-12-23,330.07,331.17,327.99,330.3,211679
2011-12-27,330.6,331.48,329.42,330.25,374547
2011-12-28,329.69,332.0,327.39,328.22,191203
2011-12-29,328.59,329.31,325.4,326.25,160949
2011-12-30,324.88,329.4,324.24,324.97,225854
2012-01-03,327.72,328.49,318.12,319.79,539648
2012-01-04,318.23,327.91,313.11,326.96,916189
2012-01-05,323.98,334.1,321.19,333.85,666460
2012-01-06,333.85,339.23,331.93,338.04,571779
2012-01-09,337.98,340.51,336.45,339.5,470154
2012-01-10,340.8,341.27,337.75,340.14,528378
2012-01-11,340.72,342.59,339.03,341.87,496437
2012-01-12,341.59,343.49,339.39,342.98,337381
2012-01-13,342.34,344.44,340.13,344.44,276177
2012-01-17,345.0,346.0,344.0,345.0,506092
2012-01-18,343.97,346.97,342.58,346.28,523370
2012-01-19,347.48,347.48,344.63,346.5,671595
2012-01-20,344.96,350.55,344.6,347.0,800851
2012-01-23,347.47,347.8,345.43,347.01,366349
2012-01-24,346.54,347.6,345.19,346.75,236594
2012-01-25,346.5,348.59,345.0,348.58,262850
2012-01-26,348.62,348.9,347.24,347.91,323063
2012-01-27,347.7,349.0,345.03,347.58,301990
2012-01-30,346.54,349.6,346.2,347.67,217580
2012-01-31,349.6,351.22,346.44,347.88,234865
2012-02-01,348.81,353.48,348.2,352.99,258141
2012-02-02,352.6,353.25,349.14,349.17,159946
2012-02-03,348.18,356.8,348.18,353.18,160458
2012-02-06,352.01,352.01,350.07,350.76,161956
2012-02-07,350.59,351.75,347.96,350.48,176480
2012-02-08,350.62,351.93,347.2,349.15,220462
2012-02-09,347.27,354.25,347.27,354.04,305522
2012-02-10,353.2,354.17,352.06,354.1,355637
2012-02-13,354.5,360.41,354.1,358.46,425129
2012-02-14,356.22,360.11,356.22,360.11,225073
2012-02-15,361.4,361.4,355.02,356.12,244545
2012-02-16,357.01,359.12,353.8,357.96,451522
2012-02-17,359.89,361.98,356.53,360.21,242883
2012-02-21,360.2,361.32,358.23,359.66,266623
2012-02-22,359.99,360.4,358.34,358.95,126867
2012-02-23,359.23,360.4,358.0,358.5,219760
2012-02-24,360.0,360.0,358.8,359.8,326571
2012-02-27,360.5,367.59,359.8,366.09,557983
2012-02-28,374.52,377.78,371.28,376.41,931793
2012-02-29,374.97,375.58,372.22,374.48,363367
2012-03-01,375.12,378.96,373.75,378.44,485508
2012-03-02,378.0,379.48,377.42,378.45,232665
2012-03-05,379.1,385.61,377.01,385.22,531351
2012-03-06,384.24,385.23,380.3,385.23,405302
2012-03-07,385.83,385.99,380.46,383.74,357559
2012-03-08,384.88,386.0,380.41,380.5,426643
2012-03-09,381.83,383.89,381.27,382.23,416501
2012-03-12,382.0,382.06,380.3,380.83,312502
2012-03-13,381.72,382.08,377.62,379.63,541980
2012-03-14,380.23,382.17,379.6,379.92,386605
2012-03-15,378.94,380.52,377.16,379.0,279215
2012-03-16,376.29,379.67,376.29,378.87,513005
2012-03-19,378.84,380.51,376.0,377.36,300175
2012-03-20,376.55,378.66,376.11,377.8,254722
2012-03-21,377.82,378.94,375.42,375.42,327675
2012-03-22,375.49,379.4,375.02,378.13,273634
2012-03-23,377.77,379.32,375.74,378.66,191355
2012-03-26,377.64,380.33,376.74,379.0,282755
2012-03-27,378.67,381.18,378.67,379.58,428442
2012-03-28,379.41,380.35,375.47,376.36,350865
2012-03-29,375.21,376.84,373.55,374.34,239529
2012-03-30,376.1,376.1,371.8,371.8,308303
2012-04-02,377.23,379.17,371.65,378.72,506840
2012-04-03,384.42,385.58,381.8,381.89,914655
2012-04-04,381.81,384.68,376.88,382.4,419422
2012-04-05,384.75,385.09,380.11,383.8,715112
2012-04-09,379.5,384.3,378.66,383.5,515330
2012-04-10,382.95,383.42,375.61,375.87,585235
2012-04-11,379.75,380.35,376.48,377.05,439972
2012-04-12,375.91,379.34,373.84,378.73,273556
2012-04-13,378.74,382.96,375.01,380.97,382015
2012-04-16,380.16,383.61,378.42,380.8,298057
2012-04-17,382.53,383.24,378.01,379.17,342285
2012-04-18,379.21,381.6,377.59,379.5,312292
2012-04-19,379.42,382.41,378.67,380.0,535470
2012-04-20,382.64,382.66,380.09,381.73,481341
2012-04-23,379.95,382.64,378.0,382.0,322565
2012-04-24,386.23,386.25,376.72,379.36,507974
2012-04-25,380.12,384.39,380.02,382.83,287779
2012-04-26,380.95,395.12,380.95,393.72,833541
2012-04-27,395.2,399.1,394.47,397.13,436013
2012-04-30,398.85,399.1,393.73,396.16,258248
2012-05-01,393.37,399.03,392.21,395.41,232736
2012-05-02,396.56,397.68,393.82,396.44,150988
2012-05-03,397.72,398.2,392.71,393.7,179382
2012-05-04,391.06,394.28,386.35,389.43,420037
2012-05-07,388.08,391.46,385.6,386.91,293747
2012-05-08,385.89,387.53,380.19,383.8,335248
2012-05-09,383.38,387.09,380.3,382.88,255678
2012-05-10,383.9,388.22,382.1,385.73,327141
2012-05-11,383.35,389.64,383.35,387.5,285463
2012-05-14,385.5,386.52,377.43,377.62,366750
2012-05-15,377.3,383.85,376.38,382.48,255231
2012-05-16,381.76,389.89,381.76,388.87,412162
2012-05-17,375.97,377.97,362.66,365.58,1870951
2012-05-18,369.91,377.69,366.66,372.45,998168
2012-05-21,370.0,375.71,367.01,368.55,625709
2012-05-22,357.0,374.83,356.54,361.14,1354824
2012-05-23,357.6,374.25,355.06,372.84,906025
2012-05-24,370.01,373.89,369.0,369.4,631854
2012-05-25,372.89,375.58,368.56,374.37,789495
2012-05-29,381.48,381.72,373.23,381.72,479644
2012-05-30,381.85,381.85,374.78,379.25,544482
2012-05-31,377.99,382.68,373.5,380.26,1006556
2012-06-01,380.65,380.65,373.52,373.68,571642
2012-06-04,372.83,377.56,369.56,377.0,394684
2012-06-05,375.58,380.48,373.93,379.18,259372
2012-06-06,381.43,388.46,380.01,387.96,416349
2012-06-07,388.06,391.9,383.88,383.88,429706
2012-06-08,385.53,386.64,381.63,385.76,283184
2012-06-11,389.59,389.59,382.22,382.31,386322
2012-06-12,382.31,386.86,382.31,386.65,266390
2012-06-13,385.44,389.61,382.19,382.91,323239
2012-06-14,384.87,387.59,383.16,385.75,389359
2012-06-15,386.9,387.01,381.3,385.3,428065
2012-06-18,384.86,388.27,383.27,386.73,350497
2012-06-19,385.49,388.86,385.35,387.91,478495
2012-06-20,388.11,388.11,382.75,387.65,420245
2012-06-21,387.58,388.0,378.27,381.64,399832
2012-06-22,380.58,383.79,380.12,382.76,994796
2012-06-25,381.21,382.0,374.98,375.03,291621
2012-06-26,375.0,378.61,368.84,376.49,429470
2012-06-27,354.99,365.99,353.38,359.0,2152633
2012-06-28,356.67,359.57,353.88,358.43,646757
2012-06-29,363.97,367.17,357.57,367.17,674666
2012-07-02,366.22,366.66,362.81,364.22,384053
2012-07-03,364.77,365.69,360.1,362.49,262515
2012-07-05,357.55,368.87,357.55,366.55,329684
2012-07-06,363.29,366.09,361.6,364.52,340541
2012-07-09,357.28,368.03,357.28,367.23,457422
2012-07-10,367.06,368.93,364.43,366.47,363252
2012-07-11,365.05,370.34,362.87,368.93,546668
2012-07-12,368.61,386.13,368.61,382.45,1088777
2012-07-13,381.11,385.13,380.39,380.94,295063
2012-07-16,378.86,387.82,378.86,380.27,319866
2012-07-17,383.49,386.13,379.79,380.89,228720
2012-07-18,380.01,385.72,380.01,384.24,190704
2012-07-19,385.02,385.02,378.13,382.9,339186
2012-07-20,381.61,381.85,377.86,377.98,249980
2012-07-23,374.32,379.18,373.05,377.63,229212
2012-07-24,377.32,379.89,374.15,376.34,183533
2012-07-25,376.34,379.69,374.97,378.39,217989
2012-07-26,380.0,380.0,367.14,373.38,507697
2012-07-27,381.91,381.91,372.1,374.79,316907
2012-07-30,374.53,378.07,374.16,375.79,263821
2012-07-31,374.17,379.48,372.61,375.23,336581
2012-08-01,377.56,379.43,362.67,362.77,369121
2012-08-02,362.19,364.68,357.51,362.34,569144
2012-08-03,366.26,374.89,365.0,366.3,625400
2012-08-06,366.71,372.42,362.06,363.25,566213
2012-08-07,364.94,369.28,360.32,367.47,619221
2012-08-08,365.07,368.52,362.25,363.82,475000
2012-08-09,357.29,365.15,356.99,363.12,554278
2012-08-10,363.37,364.14,354.74,359.29,522625
2012-08-13,358.62,359.78,353.49,355.31,495417
2012-08-14,356.59,359.65,353.84,357.0,380236
2012-08-15,358.0,361.07,355.75,357.86,425555
2012-08-16,356.47,359.14,355.75,358.55,349259
2012-08-17,357.75,364.81,357.75,363.65,417975
2012-08-20,361.87,365.64,361.87,364.56,481091
2012-08-21,366.76,367.95,363.66,364.18,300908
2012-08-22,364.18,366.35,362.5,365.5,204539
2012-08-23,364.45,365.92,361.68,363.26,195350
2012-08-24,362.65,365.8,362.15,365.08,170802
2012-08-27,366.16,370.2,363.3,366.45,236744
2012-08-28,365.43,368.47,363.67,364.72,216185
2012-08-29,365.13,366.18,361.55,363.0,424558
2012-08-30,362.25,364.21,358.15,359.87,347601
2012-08-31,363.03,363.53,359.37,361.64,447731
2012-09-04,357.73,362.08,356.22,358.28,333656
2012-09-05,359.13,363.45,358.68,363.07,419429
2012-09-06,364.96,370.41,363.32,368.72,412102
2012-09-07,367.84,369.77,365.89,369.72,254368
2012-09-10,368.14,371.0,362.95,366.28,483970
2012-09-11,364.0,371.41,364.0,369.9,432026
2012-09-12,370.99,373.71,367.94,373.16,360222
2012-09-13,371.77,373.67,367.5,369.96,500786
2012-09-14,369.85,370.0,351.27,351.99,1412999
2012-09-17,352.25,359.54,351.57,357.38,724309
2012-09-18,355.61,358.75,353.38,357.84,709736
2012-09-19,355.0,375.43,353.0,369.84,2193937
2012-09-20,376.67,376.67,364.67,371.63,1391406
2012-09-21,370.85,374.99,370.85,371.8,2279693
2012-09-24,369.38,371.78,368.0,369.3,832941
2012-09-25,369.31,371.91,367.33,368.54,626408
2012-09-26,367.54,375.87,366.8,372.89,883196
2012-09-27,374.9,378.52,370.08,371.47,610186
2012-09-28,370.28,371.39,368.55,369.67,458854
2012-10-01,362.34,372.98,362.34,369.07,427520
2012-10-02,371.4,371.4,368.73,369.91,465486
2012-10-03,371.27,373.2,370.23,372.14,544810
2012-10-04,369.5,377.89,369.5,376.79,564017
2012-10-05,378.75,382.1,377.16,381.29,604772
2012-10-08,380.82,382.51,379.88,381.42,264306
2012-10-09,381.17,381.79,379.7,379.89,468632
2012-10-10,378.6,380.0,376.19,377.35,438202
2012-10-11,380.46,380.46,374.35,374.35,426913
2012-10-12,376.02,378.34,371.55,373.05,393192
2012-10-15,375.02,375.47,371.69,374.72,480853
2012-10-16,369.31,373.98,368.13,370.69,495698
2012-10-17,372.1,372.42,369.34,369.47,463134
2012-10-18,366.35,373.33,365.26,370.39,721463
2012-10-19,367.26,372.1,367.21,369.0,403662
2012-10-22,360.92,366.61,360.0,365.8,808671
2012-10-23,358.31,366.96,358.31,366.74,620635
2012-10-24,371.95,371.95,363.02,364.36,438384
2012-10-25,367.43,370.05,363.73,367.78,387356
2012-10-26,367.63,371.34,365.94,370.75,259611
2012-10-30,367.63,371.34,365.94,370.75,259611
2012-10-31,371.75,379.33,366.53,375.0,370142
2012-11-01,376.0,386.8,372.26,380.34,673071
2012-11-02,382.41,386.17,380.25,382.91,620912
2012-11-05,383.33,384.87,381.27,383.23,204657
2012-11-06,384.15,385.73,381.36,385.26,356681
2012-11-07,380.48,386.25,380.48,384.37,403360
2012-11-08,383.75,385.44,378.45,378.97,338023
2012-11-09,378.39,380.95,374.89,376.89,314691
2012-11-12,376.59,380.08,374.14,374.38,254200
2012-11-13,373.01,377.91,373.01,373.55,249724
2012-11-14,375.07,376.66,368.68,369.75,282842
2012-11-15,369.87,373.82,367.88,372.78,290717
2012-11-16,372.75,381.01,370.53,380.5,726070
2012-11-19,381.57,385.01,380.52,382.3,213870
2012-11-20,382.2,383.5,377.97,381.13,330771
2012-11-21,381.57,383.75,379.9,381.87,297708
2012-11-23,383.38,383.99,381.0,383.12,104168
2012-11-26,383.62,383.99,380.12,382.93,323499
2012-11-27,390.11,390.11,378.44,382.38,336448
2012-11-28,381.8,383.86,379.95,383.86,485902
2012-11-29,381.84,382.7,377.74,379.78,485869
2012-11-30,379.7,384.02,377.79,383.77,428666
2012-12-03,384.0,384.1,377.13,378.01,491166
2012-12-04,373.01,384.25,361.75,366.8,1007673
2012-12-05,366.09,368.99,356.03,360.27,979525
2012-12-06,355.92,367.17,355.38,364.07,668320
2012-12-07,367.01,367.01,357.71,359.16,574962
2012-12-10,359.15,359.15,354.45,355.15,456737
2012-12-11,356.56,362.22,354.76,355.5,790528
2012-12-12,357.43,359.07,355.0,357.56,930902
2012-12-13,358.27,363.17,357.6,359.32,547379
2012-12-14,358.14,361.55,355.01,357.68,491396
2012-12-17,358.39,363.4,357.38,363.4,615592
2012-12-18,363.2,364.45,359.16,360.07,546877
2012-12-19,360.0,362.25,358.13,359.48,418276
2012-12-20,359.43,360.74,355.23,356.02,552896
2012-12-21,353.0,359.57,351.48,358.28,696091
2012-12-24,363.44,363.44,354.41,355.2,182504
2012-12-26,355.24,355.28,346.93,351.09,447818
2012-12-27,351.25,354.09,345.3,353.1,437831
2012-12-28,352.02,352.61,345.88,348.57,446792
2012-12-31,347.79,354.76,346.98,354.43,265288
2013-01-02,357.0,358.13,354.96,356.88,440784
2013-01-03,355.43,357.91,353.75,356.14,299253
2013-01-04,357.28,361.1,357.12,360.85,351442
2013-01-07,360.97,360.97,354.68,356.17,345249
2013-01-08,345.47,350.88,342.84,348.25,877905
2013-01-09,348.61,352.51,347.06,349.6,452219
2013-01-10,349.85,352.16,344.33,346.5,729229
2013-01-11,346.94,347.84,341.98,346.23,470531
2013-01-14,346.71,347.78,343.27,344.99,278216
2013-01-15,343.98,352.79,342.27,350.9,567055
2013-01-16,350.64,350.99,346.37,349.33,261493
2013-01-17,350.0,351.18,347.28,348.63,207687
2013-01-18,347.81,350.49,345.04,349.6,317573
2013-01-21,347.81,350.49,345.04,349.6,317573
2013-01-22,347.2,354.7,347.2,353.37,402708
2013-01-23,352.84,357.18,351.03,356.53,425006
2013-01-24,357.41,359.98,355.0,357.57,563029
2013-01-25,357.89,367.1,357.16,365.36,566386
2013-01-28,366.19,373.45,363.34,369.52,634869
2013-01-29,367.0,368.83,361.95,361.95,502271
2013-01-30,361.98,364.86,361.24,364.85,295609
2013-01-31,364.67,369.7,363.2,369.7,466417
2013-02-01,370.57,376.16,368.74,374.88,667084
2013-02-04,373.49,373.99,365.51,367.05,401683
2013-02-05,369.92,371.03,367.38,368.77,266276
2013-02-06,367.47,370.16,366.22,369.0,303928
2013-02-07,377.5,383.1,374.46,379.85,1112087
2013-02-08,380.32,386.4,379.58,385.89,790878
2013-02-11,384.63,387.38,384.23,385.23,523482
2013-02-12,385.35,386.94,380.79,382.09,550249
2013-02-13,382.14,384.01,377.88,379.73,537986
2013-02-14,378.5,380.5,372.94,373.61,742331
2013-02-15,375.0,375.56,369.47,373.7,646703
2013-02-18,375.0,375.56,369.47,373.7,646703
2013-02-19,374.45,375.39,370.64,375.21,608329
2013-02-20,375.58,380.57,374.2,379.96,577322
2013-02-21,378.59,383.64,376.42,377.56,432891
2013-02-22,377.83,385.98,377.83,385.2,511996
2013-02-25,384.63,386.64,378.54,378.54,629405
2013-02-26,377.26,381.62,369.79,376.15,986337
2013-02-27,378.08,379.88,374.33,376.79,352212
2013-02-28,376.01,380.16,375.12,380.15,459553
2013-03-01,379.13,379.5,376.7,378.14,228664
2013-03-04,378.02,381.49,377.47,380.66,316774
2013-03-05,382.0,382.99,380.82,382.32,214987
2013-03-06,382.31,383.0,375.42,376.55,428421
2013-03-07,377.48,381.6,375.29,381.52,397808
2013-03-08,381.9,385.6,379.32,385.25,350470
2013-03-11,385.28,388.47,383.74,388.33,374916
2013-03-12,388.75,390.49,386.97,388.87,391956
2013-03-13,388.25,392.59,387.6,392.04,383292
2013-03-14,391.69,392.6,389.19,389.65,318101
2013-03-15,388.33,392.75,386.56,391.89,404647
2013-03-18,390.02,392.29,388.91,391.47,175585
2013-03-19,392.39,392.66,387.78,390.41,219557
2013-03-20,392.08,397.1,390.79,396.0,294784
2013-03-21,394.38,395.65,391.35,393.26,173154
2013-03-22,394.18,396.11,392.26,395.72,178712
2013-03-25,396.19,396.19,391.46,393.33,263857
2013-03-26,394.48,394.48,388.63,394.04,344957
2013-03-27,392.58,394.64,389.59,393.94,189168
2013-03-28,393.24,396.79,391.05,396.77,537884
2013-03-29,393.24,396.79,391.05,396.77,537884
2013-04-01,396.01,397.8,392.76,393.19,157644
2013-04-02,394.26,402.08,394.26,400.99,368198
2013-04-03,401.3,401.3,393.61,393.98,513637
2013-04-04,395.11,402.09,394.0,401.83,211737
2013-04-05,397.82,399.46,394.59,397.2,246692
2013-04-08,397.0,399.53,392.74,395.36,220207
2013-04-09,392.0,392.99,382.98,384.03,577738
2013-04-10,385.3,394.09,385.3,389.98,356674
2013-04-11,390.45,396.89,388.05,392.83,182799
2013-04-12,390.24,395.13,390.24,393.57,173301
2013-04-15,391.74,393.74,384.64,384.87,328657
2013-04-16,386.0,387.48,379.79,384.59,387336
2013-04-17,382.29,384.08,378.65,381.93,322759
2013-04-18,383.1,383.65,375.94,379.01,438789
2013-04-19,379.49,382.05,375.12,378.43,325006
2013-04-22,379.85,380.68,375.57,378.76,326842
2013-04-23,379.82,384.57,378.85,383.62,300125
2013-04-24,384.65,386.0,381.84,383.95,211230
2013-04-25,393.0,402.1,390.0,398.26,421925
2013-04-26,398.81,408.5,398.14,406.73,362962
2013-04-29,406.56,408.5,402.3,403.87,183188
2013-04-30,404.05,409.25,400.74,409.09,290020
2013-05-01,409.19,413.28,408.27,410.28,199399
2013-05-02,409.29,410.86,405.26,407.58,210847
2013-05-03,409.55,413.0,407.29,411.11,167101
2013-05-06,410.93,413.5,410.03,413.49,189488
2013-05-07,413.44,419.01,411.5,418.95,170883
2013-05-08,418.01,419.82,416.6,419.27,189374
2013-05-09,418.99,419.8,414.29,415.33,121276
2013-05-10,416.62,423.46,416.59,420.95,313751
2013-05-13,408.21,416.39,408.0,415.76,335618
2013-05-14,418.07,419.64,416.13,417.56,235279
2013-05-15,417.81,419.57,416.7,418.28,191333
2013-05-16,416.97,418.23,412.72,413.5,184036
2013-05-17,413.94,415.59,410.14,411.29,247016
2013-05-20,410.37,414.0,401.93,409.05,327138
2013-05-21,413.16,435.36,413.16,427.84,740548
2013-05-22,426.76,426.76,416.72,417.72,339230
2013-05-23,417.08,420.36,415.01,418.9,330130
2013-05-24,416.0,418.66,413.47,415.81,134920
2013-05-28,418.74,420.55,415.4,418.95,137847
2013-05-29,416.11,418.3,412.17,416.75,130806
2013-05-30,416.95,421.79,416.95,417.94,177664
2013-05-31,417.01,419.23,408.65,408.83,388431
2013-06-03,408.35,412.12,407.2,411.21,220252
2013-06-04,411.02,414.58,406.11,407.8,198485
2013-06-05,408.31,410.66,404.87,405.31,178514
2013-06-06,406.11,415.56,406.11,415.39,193558
2013-06-07,417.77,419.33,413.42,416.68,171737
2013-06-10,417.82,418.79,414.04,418.75,170237
2013-06-11,417.5,417.75,414.19,415.0,232653
2013-06-12,416.61,417.2,415.2,416.0,255938
2013-06-13,416.87,419.91,415.07,419.5,238112
2013-06-14,419.46,424.99,418.72,423.34,210650
2013-06-17,429.81,429.81,420.48,424.83,350665
2013-06-18,424.93,425.33,420.78,425.33,144815
2013-06-19,424.88,426.64,420.34,420.75,137816
2013-06-20,417.63,421.16,412.29,412.65,304098
2013-06-21,415.28,415.28,408.6,411.98,365650
2013-06-24,408.18,419.28,405.71,414.99,243776
2013-06-25,417.56,422.93,417.17,421.48,234567
2013-06-26,420.75,421.29,412.84,413.99,482180
2013-06-27,415.65,424.41,415.65,422.87,221871
2013-06-28,423.54,427.67,418.37,423.69,365489
2013-07-01,424.44,428.84,423.32,425.27,125030
2013-07-02,424.45,427.59,422.08,424.2,211096
2013-07-03,421.75,426.96,421.48,423.88,102946
2013-07-04,421.75,426.96,421.48,423.88,102946
2013-07-05,427.15,430.15,422.71,428.52,123509
2013-07-08,429.09,437.23,429.09,434.91,283308
2013-07-09,436.52,437.21,431.43,434.56,217013
2013-07-10,433.83,433.98,428.88,433.48,128085
2013-07-11,436.84,441.18,435.95,441.0,294406
2013-07-12,441.5,441.5,436.42,439.3,101696
2013-07-15,438.68,439.92,434.4,438.0,138772
2013-07-16,437.53,440.02,430.91,433.71,187744
2013-07-17,435.49,437.56,429.26,430.0,219958
2013-07-18,431.61,436.69,429.58,435.32,260164
2013-07-19,436.83,441.2,434.11,435.97,160076
2013-07-22,435.6,439.54,432.01,437.72,111629
2013-07-23,438.27,439.99,435.71,438.45,131812
2013-07-24,438.42,440.0,434.29,436.35,170007
2013-07-25,439.1,440.5,434.27,438.02,318071
2013-07-26,437.11,440.75,435.05,439.66,192960
2013-07-29,437.59,441.48,435.28,440.73,126039
2013-07-30,441.5,446.43,438.88,444.69,196190
2013-07-31,444.04,452.19,443.25,448.58,364278
2013-08-01,447.58,452.15,445.95,447.99,290607
2013-08-02,447.8,450.03,446.01,448.04,292716
2013-08-05,446.99,449.29,446.01,448.25,178867
2013-08-06,447.15,449.22,439.34,445.01,265676
2013-08-07,435.18,437.83,432.08,435.04,329024
2013-08-08,436.23,437.11,424.43,429.02,407596
2013-08-09,428.94,432.04,424.77,429.59,229639
2013-08-12,428.22,429.87,424.45,425.6,306315
2013-08-13,426.41,436.0,425.4,433.8,295185
2013-08-14,432.23,436.31,428.05,428.55,252513
2013-08-15,427.01,427.99,419.3,420.06,207270
2013-08-16,420.0,421.82,416.27,416.52,304352
2013-08-19,417.22,424.75,415.53,420.4,240489
2013-08-20,420.76,426.88,419.59,424.83,229741
2013-08-21,422.83,423.75,419.41,419.96,181336
2013-08-22,420.47,423.94,419.18,421.11,111695
2013-08-23,423.34,423.5,418.8,422.35,131347
2013-08-26,422.77,424.21,417.02,421.42,200607
2013-08-27,418.79,420.44,418.04,419.12,232131
2013-08-28,418.19,421.85,416.05,420.02,148692
2013-08-29,418.01,422.93,417.84,421.52,106441
2013-08-30,419.45,420.82,416.05,419.94,223616
2013-09-03,421.45,423.9,419.0,419.76,161395
2013-09-04,419.97,424.16,419.01,422.81,138738
2013-09-05,423.38,423.42,418.01,420.1,182124
2013-09-06,420.36,424.27,416.0,417.53,111253
2013-09-09,417.99,421.9,416.44,416.5,157755
2013-09-10,417.54,423.36,415.18,419.92,186116
2013-09-11,421.21,425.18,419.22,420.83,212859
2013-09-12,420.6,422.21,415.6,417.06,155452
2013-09-13,417.99,418.08,413.58,415.7,273135
2013-09-16,418.12,420.97,411.27,411.89,483483
2013-09-17,411.29,418.51,409.36,418.51,408334
2013-09-18,419.66,423.5,416.79,420.62,370477
2013-09-19,421.99,423.42,417.9,422.79,250448
2013-09-20,422.98,423.5,412.0,420.0,751034
2013-09-23,418.92,421.7,415.89,417.81,207095
2013-09-24,416.64,418.64,408.9,414.31,532367
2013-09-25,416.56,428.05,410.0,425.07,825080
2013-09-26,424.88,425.99,420.1,421.68,399122
2013-09-27,419.9,423.34,417.91,422.57,325521
2013-09-30,418.89,424.41,417.42,422.73,306564
2013-10-01,421.86,426.08,421.77,425.11,251944
2013-10-02,423.0,425.63,419.76,423.0,193484
2013-10-03,422.38,426.31,417.96,418.26,333733
2013-10-04,419.28,423.86,417.01,421.89,226814
2013-10-07,419.14,423.39,417.9,419.83,181488
2013-10-08,420.77,421.56,414.02,415.71,304717
2013-10-09,415.75,417.62,413.32,415.27,267765
2013-10-10,419.3,421.19,417.42,420.77,233162
2013-10-11,420.45,425.46,418.96,424.61,174354
2013-10-14,422.32,427.42,421.78,426.04,149927
2013-10-15,425.0,427.39,419.4,420.23,307998
2013-10-16,426.23,432.0,422.51,424.63,395479
2013-10-17,422.57,429.72,421.62,429.13,238559
2013-10-18,431.07,433.42,427.0,432.11,308648
2013-10-21,431.02,435.2,430.21,434.73,250059
2013-10-22,436.01,437.45,434.2,435.6,188017
2013-10-23,437.49,437.5,430.47,432.59,190514
2013-10-24,424.45,432.28,422.12,427.18,354747
2013-10-25,427.64,429.47,424.98,429.47,298572
2013-10-28,430.68,432.74,428.49,429.84,209383
2013-10-29,431.06,432.8,428.13,429.83,225961
2013-10-30,431.3,434.24,428.92,429.94,214631
2013-10-31,430.86,435.05,428.63,434.69,238858
2013-11-01,436.01,437.94,430.0,434.83,156025
2013-11-04,434.96,439.64,433.57,436.51,180885
2013-11-05,438.19,442.98,432.55,442.06,245459
2013-11-06,444.31,447.8,441.11,447.42,234790
2013-11-07,447.0,448.3,443.23,443.49,253235
2013-11-08,443.58,449.12,440.24,448.55,243687
2013-11-11,443.61,449.8,440.5,447.79,169069
2013-11-12,448.13,451.55,444.87,451.55,275197
2013-11-13,450.57,456.94,450.57,456.88,172725
2013-11-14,457.5,458.96,455.95,458.34,167648
2013-11-15,455.93,465.7,455.93,464.08,201777
2013-11-18,465.0,465.14,458.46,459.56,200892
2013-11-19,458.55,465.5,457.43,463.84,191422
2013-11-20,464.56,467.87,459.95,461.3,110331
2013-11-21,463.71,469.61,460.71,469.34,139891
2013-11-22,467.45,469.42,466.42,467.69,197590
2013-11-25,466.77,470.47,465.01,465.7,146573
2013-11-26,461.2,463.36,457.0,457.28,378497
2013-11-27,458.86,462.33,456.88,458.8,256133
2013-11-29,458.86,462.33,456.88,458.8,256133
2013-12-02,460.52,463.53,459.0,459.62,172801
2013-12-03,457.61,461.64,455.41,460.51,197094
2013-12-04,460.21,462.8,454.88,456.02,232855
2013-12-05,459.99,463.19,457.36,460.0,226194
2013-12-06,462.63,464.1,458.87,459.6,228180
2013-12-09,456.88,462.73,456.03,457.34,567081
2013-12-10,467.47,484.16,461.61,471.86,965342
2013-12-11,470.86,473.68,466.24,467.79,448751
2013-12-12,466.38,469.41,463.5,465.9,266249
2013-12-13,466.29,470.77,463.85,465.18,217202
2013-12-16,466.27,469.07,463.7,464.0,280483
2013-12-17,463.77,467.34,461.14,461.76,274909
2013-12-18,464.75,471.2,461.6,470.56,319331
2013-12-19,471.24,473.33,467.4,470.84,287278
2013-12-20,472.39,473.93,470.95,473.19,446924
2013-12-23,465.34,474.99,465.34,472.32,269337
2013-12-24,479.95,479.95,471.36,475.57,86901
2013-12-26,479.95,479.95,474.46,476.85,125045
2013-12-27,475.38,479.0,474.08,476.83,180640
2013-12-30,476.83,479.66,474.53,479.33,195114
2013-12-31,483.74,483.74,475.82,477.94,174817
2014-01-02,477.67,479.7,472.51,474.11,151840
2014-01-03,474.28,478.58,472.78,475.5,193458
2014-01-06,478.51,483.3,476.81,478.77,357097
2014-01-07,479.22,486.4,478.52,483.59,417279
2014-01-08,483.59,489.07,481.94,489.07,312080
2014-01-09,489.26,493.22,486.87,492.45,354294
2014-01-10,492.99,493.11,488.82,490.0,393054
2014-01-13,490.19,495.0,485.53,486.38,419304
2014-01-14,498.24,498.24,487.3,495.78,350842
2014-01-15,497.0,498.38,492.3,495.08,193967
2014-01-16,495.03,497.25,491.05,495.47,222331
2014-01-17,500.0,505.86,496.47,505.86,486827
2014-01-21,498.86,507.72,498.86,502.24,390177
2014-01-22,503.0,506.1,501.34,503.38,392262
2014-01-23,503.26,504.17,497.44,499.29,182434
2014-01-24,499.0,506.46,498.2,499.25,447509
2014-01-27,508.99,508.99,496.72,503.6,521641
2014-01-28,503.8,507.79,499.45,501.03,331973
2014-01-29,498.95,501.42,492.32,492.94,307720
2014-01-30,492.86,500.48,492.86,498.92,317119
2014-01-31,494.72,497.89,494.11,495.06,347082
2014-02-03,496.94,498.04,481.74,483.06,402019
2014-02-04,484.39,488.07,481.3,486.19,375952
2014-02-05,482.02,488.26,481.53,487.32,234452
2014-02-06,493.01,518.81,493.01,517.16,606762
2014-02-07,517.41,537.47,517.17,534.4,718455
2014-02-10,531.45,534.61,523.13,526.43,548290
2014-02-11,530.5,539.2,526.12,536.12,303155
2014-02-12,561.62,561.62,536.33,542.07,390792
2014-02-13,540.0,544.0,536.0,540.8,325569
2014-02-14,544.38,544.38,537.54,539.08,342873
2014-02-18,540.88,544.58,538.55,542.0,370000
2014-02-19,539.51,543.83,535.75,536.34,259584
2014-02-20,538.22,539.5,535.16,538.59,280675
2014-02-21,534.06,540.75,533.42,538.96,365440
2014-02-24,544.9,544.9,540.06,542.21,220830
2014-02-25,549.85,549.85,538.16,539.3,263473
2014-02-26,540.04,545.43,532.4,535.04,409864
2014-02-27,534.78,538.92,531.07,538.46,260146
2014-02-28,537.8,541.74,534.68,538.44,350029
2014-03-03,536.54,543.68,536.0,541.23,383254
2014-03-04,546.97,546.97,525.01,538.56,720466
2014-03-05,539.71,546.77,539.04,543.84,606692
2014-03-06,545.0,546.03,540.6,541.5,390450
2014-03-07,544.6,544.6,538.85,541.99,348633
2014-03-10,541.96,544.13,539.52,541.63,232955
2014-03-11,540.64,545.65,538.43,539.98,267428
2014-03-12,539.64,541.39,536.46,540.91,210258
2014-03-13,543.19,544.7,528.38,528.74,391551
2014-03-14,529.41,535.63,526.6,533.25,319259
2014-03-17,536.86,540.54,534.8,539.45,174927
2014-03-18,538.62,541.89,536.61,538.35,211922
2014-03-19,537.06,539.12,529.66,533.36,237208
2014-03-20,532.52,534.75,528.0,533.0,235061
2014-03-21,540.0,540.99,533.99,536.86,256289
2014-03-24,536.58,539.47,527.51,530.39,158839
2014-03-25,534.39,537.0,527.01,528.9,289772
2014-03-26,528.8,530.93,522.21,522.75,213902
2014-03-27,522.31,527.16,519.6,525.71,200139
2014-03-28,528.64,529.69,525.35,527.44,296140
2014-03-31,528.43,538.05,524.51,537.1,424978
2014-04-01,539.95,541.0,534.91,536.54,306513
2014-04-02,535.5,537.93,533.1,535.47,232723
2014-04-03,534.96,538.69,533.01,535.61,182392
2014-04-04,535.0,536.38,523.84,526.12,283694
2014-04-07,523.31,527.59,517.06,519.0,317710
2014-04-08,517.34,525.52,513.41,525.48,309964
2014-04-09,528.96,531.04,522.62,527.46,221920
2014-04-10,528.2,528.94,513.5,514.59,287513
2014-04-11,511.0,517.41,510.25,511.28,352519
2014-04-14,513.44,518.0,510.19,515.28,299647
2014-04-15,516.34,521.51,510.33,519.7,287562
2014-04-16,522.0,523.17,517.8,522.14,190125
2014-04-17,519.93,523.64,515.47,516.16,205825
2014-04-21,514.69,520.54,514.01,519.4,132133
2014-04-22,521.28,523.57,518.11,521.55,249261
2014-04-23,522.81,527.74,521.68,526.25,211503
2014-04-24,525.0,527.08,521.25,525.88,193498
2014-04-25,525.12,525.58,520.98,522.32,201007
2014-04-28,525.08,534.0,520.83,531.45,296991
2014-04-29,533.04,534.99,529.04,529.62,151055
2014-04-30,534.84,534.84,528.72,533.89,284560
2014-05-01,529.12,534.43,525.21,526.79,200689
2014-05-02,527.82,534.58,526.77,529.54,150158
2014-05-05,529.25,531.04,525.03,530.06,131550
2014-05-06,534.95,534.95,522.35,526.73,157334
2014-05-07,527.0,528.88,521.98,524.6,143260
2014-05-08,523.84,532.68,522.0,530.86,214423
2014-05-09,529.0,536.09,526.69,535.92,157037
2014-05-12,538.79,544.88,537.21,543.38,194158
2014-05-13,543.78,546.7,532.22,533.11,244794
2014-05-14,532.63,532.99,526.87,529.4,219828
2014-05-15,530.37,530.37,516.79,524.28,232009
2014-05-16,519.0,530.6,519.0,527.02,341567
2014-05-19,525.33,533.23,525.33,532.76,153379
2014-05-20,531.25,532.24,526.39,528.74,147638
2014-05-21,534.84,535.53,528.0,534.87,157815
2014-05-22,534.92,544.5,534.92,541.66,296293
2014-05-23,543.73,544.47,538.9,540.9,257657
2014-05-27,541.0,546.7,520.25,520.25,519546
2014-05-28,522.06,534.38,522.06,533.34,367006
2014-05-29,533.66,535.0,525.08,527.47,228728
2014-05-30,527.12,533.31,525.47,532.5,246182
2014-06-02,532.5,532.99,529.34,531.43,191432
2014-06-03,527.4,532.02,526.37,528.11,217989
2014-06-04,530.1,541.44,526.06,541.15,258986
2014-06-05,541.09,541.09,536.5,537.94,213942
2014-06-06,540.1,541.58,536.83,540.78,136594
2014-06-09,538.42,540.37,532.51,532.57,233745
2014-06-10,532.73,533.72,530.57,532.48,108722
2014-06-11,531.68,532.88,526.4,529.1,269859
2014-06-12,529.37,529.37,520.81,524.37,248019
2014-06-13,523.15,525.24,520.25,523.1,192456
2014-06-16,523.49,525.89,520.93,524.81,140229
2014-06-17,523.31,525.4,521.0,524.34,104715
2014-06-18,525.32,527.25,521.38,526.98,189265
2014-06-19,529.21,530.0,526.71,527.99,135479
2014-06-20,531.11,533.06,526.81,530.79,348800
2014-06-23,531.0,534.05,529.02,532.94,195342
2014-06-24,530.43,533.7,529.05,530.67,157336
2014-06-25,528.76,532.3,526.52,532.0,137183
2014-06-26,530.0,532.65,526.75,532.4,120251
2014-06-27,530.57,535.51,528.91,535.32,167668
2014-06-30,533.0,536.45,532.26,536.24,195676
2014-07-01,537.0,538.25,534.53,536.82,159164
2014-07-02,534.84,537.79,532.85,535.31,191873
2014-07-03,537.43,540.4,536.11,539.46,139233
2014-07-07,539.4,540.49,536.14,538.24,185591
2014-07-08,535.51,537.84,534.32,535.11,205732
2014-07-09,535.15,539.61,534.47,538.66,168428
2014-07-10,535.27,538.35,532.0,534.02,132362
2014-07-11,534.02,534.57,528.5,533.45,109570
2014-07-14,536.71,536.71,533.04,533.66,105174
2014-07-15,531.98,534.32,528.4,533.51,251764
2014-07-16,535.87,535.87,529.2,531.82,236454
2014-07-17,528.0,531.27,523.51,524.69,149036
2014-07-18,521.2,523.09,517.23,520.56,345585
2014-07-21,520.56,521.99,513.17,515.17,220565
2014-07-22,514.96,515.27,505.32,511.92,332518
2014-07-23,510.22,512.34,506.46,507.72,263759
2014-07-24,511.64,516.76,510.54,514.82,242043
2014-07-25,518.91,518.91,513.31,514.57,149134
2014-07-28,513.77,517.42,512.81,513.22,133894
2014-07-29,512.28,514.81,509.95,510.04,170732
2014-07-30,510.31,523.25,510.31,521.84,261853
2014-07-31,523.8,523.8,516.8,517.03,284707
2014-08-01,515.07,520.23,512.04,514.41,177767
2014-08-04,514.38,521.76,514.1,519.49,115305
2014-08-05,516.4,524.0,515.19,518.07,173714
2014-08-06,516.35,522.96,515.53,519.6,133244
2014-08-07,520.3,521.77,515.99,517.26,203005
2014-08-08,519.78,526.31,516.47,525.99,162004
2014-08-11,528.67,528.67,524.99,525.47,86705
2014-08-12,523.92,526.79,520.02,524.58,116300
2014-08-14,526.34,533.07,524.43,530.67,163085
2014-08-15,533.85,535.81,527.02,529.03,148722
2014-08-18,534.23,539.24,533.26,536.84,115837
2014-08-20,538.06,541.07,536.26,537.78,145125
2014-08-22,538.42,539.39,536.45,537.46,161567
2014-08-25,539.0,543.63,537.47,540.93,85354
2014-08-26,542.0,542.0,535.0,535.95,169000
2014-08-27,537.83,539.5,535.02,538.48,158849
2014-08-28,535.09,540.0,533.59,538.77,102482
2014-08-29,540.41,540.41,537.33,538.84,130509
2014-09-01,534.67,541.8,534.67,536.56,212450
2014-09-02,534.67,541.8,534.67,536.56,212450
2014-09-03,538.11,539.86,534.97,537.13,106793
2014-09-04,537.21,538.39,534.67,534.97,143970
2014-09-05,535.91,539.15,534.56,538.04,154121
2014-09-08,535.83,538.57,533.26,536.0,105219
2014-09-09,533.96,534.23,527.59,528.13,200136
2014-09-10,528.04,531.86,526.39,527.36,217650
2014-09-11,526.12,531.76,525.84,530.33,165950
2014-09-12,529.84,530.95,526.38,530.0,153573
2014-09-15,530.25,532.16,529.95,530.57,123676
2014-09-16,528.25,543.06,528.25,540.85,206638
2014-09-17,536.32,536.32,529.46,532.31,286021
2014-09-18,536.32,536.32,529.46,532.31,286021
2014-09-19,536.03,536.03,525.7,526.44,440392
2014-09-22,515.01,519.99,500.21,505.38,897342
2014-09-23,501.56,513.04,501.22,507.79,467431
2014-09-24,509.37,509.37,503.6,508.63,344726
2014-09-25,505.64,509.37,504.5,504.62,225313
2014-09-26,503.26,509.12,503.26,508.38,265246
2014-09-29,506.07,509.9,504.37,507.84,230832
2014-09-30,507.59,512.5,503.9,509.66,411410
2014-10-01,509.66,513.43,507.14,508.01,292086
2014-10-02,509.27,516.23,506.3,513.3,277770
2014-10-03,514.62,520.51,511.98,518.11,269789
2014-10-06,518.62,519.75,512.05,512.94,185158
2014-10-07,509.86,515.0,506.31,511.72,262928
2014-10-08,511.31,518.32,508.97,517.8,205764
2014-10-09,517.35,517.35,507.57,508.32,336185
2014-10-10,509.39,513.67,505.83,509.1,258824
2014-10-13,509.03,511.79,501.39,501.78,216002
2014-10-14,505.97,512.37,503.42,506.35,207653
2014-10-15,500.5,508.67,491.93,505.99,357431
2014-10-16,501.66,507.98,499.48,504.58,279350
2014-10-17,506.66,509.79,503.12,507.59,286290
2014-10-20,508.49,517.85,508.49,517.03,207394
2014-10-21,520.73,530.0,518.1,526.94,236137
2014-10-22,529.37,531.57,520.45,521.94,178019
2014-10-23,530.97,537.02,525.81,536.05,266532
2014-10-24,530.97,537.02,525.81,536.05,266532
2014-10-27,540.2,550.42,538.76,549.72,258506
2014-10-28,551.01,551.36,546.3,550.04,270436
2014-10-29,551.01,551.36,546.3,550.04,270436
2014-10-30,547.3,553.7,547.3,551.46,250067
2014-10-31,554.89,556.65,551.02,553.52,295766
2014-11-03,556.0,556.0,545.0,552.18,1340968
2014-11-04,552.19,557.95,550.29,554.36,230179
2014-11-05,559.11,563.15,554.29,559.15,340611
2014-11-06,557.74,566.53,554.51,566.05,397095
2014-11-07,566.11,567.28,559.56,562.23,322204
2014-11-10,564.01,568.04,563.05,566.39,217011
2014-11-11,566.43,572.8,565.59,570.87,254025
2014-11-12,571.0,571.26,566.42,568.8,236821
2014-11-13,569.53,576.0,569.53,573.72,347991
2014-11-14,570.61,574.09,564.01,567.11,241158
2014-11-17,567.75,572.02,567.18,568.06,209488
2014-11-18,567.99,573.09,565.28,568.59,194940
2014-11-19,570.63,572.17,567.12,568.51,139124
2014-11-20,564.95,569.5,564.95,567.5,176591
2014-11-21,574.14,574.82,568.6,569.21,239367
2014-11-24,569.16,571.61,566.41,571.38,174890
2014-11-25,573.66,573.66,566.35,568.98,243458
2014-11-26,570.0,572.99,566.65,568.55,144210
2014-11-28,570.0,583.0,566.08,577.71,121169
2014-12-01,575.98,579.52,571.27,575.72,409191
2014-12-02,571.52,586.45,571.52,585.49,453833
2014-12-03,585.46,593.0,585.46,590.55,354979
2014-12-04,588.0,592.9,586.09,588.07,299490
2014-12-05,588.12,592.41,587.39,587.95,274448
2014-12-08,593.66,594.53,578.78,581.05,400085
2014-12-09,606.0,611.53,593.06,605.81,661109
2014-12-10,606.25,610.99,597.01,598.37,318601
2014-12-11,602.82,606.39,597.31,602.39,319719
2014-12-12,598.56,609.39,597.92,604.73,285216
2014-12-15,609.09,612.83,604.19,605.84,305471
2014-12-16,603.88,610.35,597.93,597.93,302415
2014-12-17,600.0,604.19,594.91,602.46,318229
2014-12-18,606.77,616.11,600.12,615.48,340263
2014-12-19,620.56,620.56,610.64,618.6,379675
2014-12-22,614.89,617.31,611.84,616.64,221536
2014-12-23,619.0,626.19,617.78,621.3,182533
2014-12-24,621.73,624.38,617.43,617.43,68661
2014-12-26,618.4,624.97,615.43,618.76,106663
2014-12-29,618.13,625.78,617.15,624.49,114960
2014-12-30,623.32,626.09,619.09,622.45,170942
2014-12-31,626.49,627.3,618.94,619.11,207464
2015-01-02,623.98,623.98,613.49,616.79,224682
2015-01-05,614.46,616.11,605.7,608.49,439807
2015-01-06,610.77,612.34,599.81,607.82,391854
2015-01-07,616.0,616.0,605.59,607.24,388517
2015-01-08,610.36,614.97,605.07,606.0,594329
2015-01-09,608.33,608.61,600.04,606.02,473642
2015-01-12,606.84,609.03,596.56,597.36,163631
2015-01-13,599.38,603.22,583.55,588.95,253222
2015-01-14,584.59,586.16,577.93,582.78,316910
2015-01-15,584.08,586.53,574.92,575.28,196611
2015-01-16,575.19,581.12,569.54,580.85,340648
2015-01-20,582.8,586.96,578.05,584.33,201186
2015-01-21,581.54,588.44,579.09,586.06,333102
2015-01-22,587.74,602.68,586.41,600.1,254096
2015-01-23,603.35,605.95,599.21,604.0,272160
2015-01-26,602.85,612.61,600.52,612.14,247131
2015-01-27,608.44,612.86,605.13,608.59,272068
2015-01-28,610.25,617.69,608.18,610.57,258227
2015-01-29,606.01,612.9,606.01,611.13,262337
2015-01-30,611.45,614.63,596.48,596.96,349195
2015-02-02,600.51,601.59,586.25,593.75,316550
2015-02-03,598.55,608.13,597.41,607.84,264511
2015-02-04,607.2,612.81,597.85,601.63,281367
2015-02-05,605.96,621.48,596.64,614.88,364116
2015-02-06,613.95,618.1,609.66,611.34,225649
2015-02-09,607.14,613.56,606.28,613.05,223205
2015-02-10,620.22,620.22,609.25,616.66,158672
2015-02-11,615.0,621.99,614.0,620.51,188128
2015-02-12,619.89,621.75,615.52,617.51,160569
2015-02-13,614.13,619.62,611.68,618.5,164914
2015-02-17,615.55,620.31,612.95,615.15,205753
2015-02-18,613.72,617.99,612.68,617.92,167938
2015-02-19,621.48,623.44,612.76,618.34,238419
2015-02-20,618.98,625.0,614.39,623.31,236897
2015-02-23,625.0,636.97,620.49,636.77,281530
2015-02-24,638.58,640.0,634.15,637.79,164183
2015-02-25,640.98,642.17,634.65,637.12,188563
2015-02-26,633.3,646.52,633.3,644.97,231532
2015-02-27,647.24,651.95,640.52,642.68,319766
2015-03-02,642.42,649.53,640.66,649.53,326449
2015-03-03,671.14,674.76,648.99,651.9,666699
2015-03-04,653.47,654.76,644.22,652.48,448444
2015-03-05,655.85,657.88,646.85,650.97,345216
2015-03-06,647.46,652.86,644.39,645.2,277852
2015-03-09,644.53,651.14,644.12,650.89,236927
2015-03-10,650.43,650.43,640.81,643.05,338796
2015-03-11,640.0,649.97,640.0,643.81,386329
2015-03-12,647.39,656.39,645.52,652.76,238964
2015-03-13,654.46,657.86,647.56,654.66,178357
2015-03-16,658.39,665.78,657.27,665.41,232582
2015-03-17,659.4,665.3,658.51,662.18,225703
2015-03-18,663.41,671.29,659.01,667.42,247978
2015-03-19,667.75,672.47,661.51,667.39,178389
2015-03-20,666.25,671.15,662.05,662.43,350246
2015-03-23,664.93,671.83,663.24,671.27,439681
2015-03-24,671.19,675.85,664.98,667.45,249404
2015-03-25,669.48,671.41,660.06,660.72,233874
2015-03-26,661.11,662.5,652.19,662.04,212148
2015-03-27,664.15,682.0,662.12,681.34,384841
2015-03-30,682.58,690.87,681.8,689.38,277787
2015-03-31,683.06,694.45,682.16,682.16,422402
2015-04-01,687.0,693.57,678.6,692.93,421002
2015-04-02,691.86,696.0,684.82,689.11,339626
2015-04-06,684.77,699.19,684.2,695.45,371663
2015-04-07,694.96,698.94,690.47,693.11,253330
2015-04-08,690.91,699.95,690.6,698.24,236414
2015-04-09,696.56,699.64,690.82,695.77,252066
2015-04-10,698.65,702.25,696.03,701.73,157092
2015-04-13,699.0,704.45,696.15,699.05,163828
2015-04-14,696.09,699.0,690.24,695.81,199324
2015-04-15,698.0,699.25,689.14,694.17,277826
2015-04-16,690.0,694.3,686.12,692.4,304766
2015-04-17,686.38,689.45,681.4,683.43,306916
2015-04-20,685.76,692.41,685.73,689.36,206957
2015-04-21,692.41,695.13,684.36,690.73,274532
2015-04-22,691.0,694.52,683.56,693.41,525340
2015-04-23,695.0,703.11,695.0,702.33,412544
2015-04-24,705.0,705.0,699.97,702.0,229531
2015-04-27,702.73,703.23,691.81,692.38,229379
2015-04-28,691.68,694.52,688.6,693.05,207507
2015-04-29,690.0,694.09,681.13,682.39,263871
2015-04-30,682.63,684.48,671.36,672.66,414849
2015-05-01,675.06,680.72,673.82,679.25,285733
2015-05-04,683.0,686.91,680.01,684.74,181748
2015-05-05,682.0,684.21,672.4,672.91,233533
2015-05-06,674.5,677.2,668.14,675.03,247696
2015-05-07,678.0,683.0,675.03,677.48,208071
2015-05-08,683.92,690.44,681.33,686.13,184354
2015-05-11,689.0,689.67,678.47,678.83,309542
2015-05-12,677.52,682.84,676.87,678.97,230016
2015-05-13,676.86,686.95,676.86,680.36,259290
2015-05-14,683.54,687.31,678.59,682.13,360012
2015-05-15,685.34,690.23,680.34,689.85,342974
2015-05-18,690.0,695.5,688.88,693.52,280761
2015-05-19,696.24,701.27,692.74,694.58,186369
2015-05-20,695.31,696.04,687.74,687.81,234781
2015-05-21,685.0,692.4,682.03,691.91,272713
2015-05-22,692.96,693.96,686.85,689.18,290778
2015-05-26,689.07,693.99,682.86,688.43,409229
2015-05-27,682.0,688.82,677.74,680.73,434216
2015-05-28,681.15,687.42,676.89,679.51,339527
2015-05-29,681.97,682.16,672.66,673.62,277904
2015-06-01,676.98,677.1,668.4,673.36,304757
2015-06-02,674.18,680.34,670.12,675.74,259476
2015-06-03,679.88,683.14,676.68,681.79,267156
2015-06-04,679.92,681.81,675.36,678.18,282551
2015-06-05,679.32,679.32,674.56,675.5,203345
2015-06-08,673.5,680.8,672.04,678.45,273528
2015-06-09,676.38,680.52,672.61,676.04,213015
2015-06-10,676.54,682.68,675.43,681.58,265917
2015-06-11,684.79,687.58,682.42,684.84,156649
2015-06-12,681.28,686.14,680.01,682.08,192626
2015-06-15,680.25,681.6,672.34,674.0,274178
2015-06-16,673.51,679.54,673.51,675.78,153000
2015-06-17,676.28,680.5,668.07,673.33,215797
2015-06-18,675.76,686.46,674.6,684.23,300435
2015-06-19,682.01,685.25,679.7,681.67,344074
2015-06-22,684.49,684.49,679.57,681.5,195690
2015-06-23,684.24,685.87,681.7,685.54,150453
2015-06-24,682.7,684.41,678.12,679.64,174849
2015-06-25,680.93,684.7,678.58,680.31,161597
2015-06-26,681.26,683.51,676.3,677.47,273038
2015-06-29,673.0,674.86,662.72,663.16,216616
2015-06-30,667.97,672.61,662.7,666.9,253100
2015-07-01,670.84,673.73,667.22,673.14,228393
2015-07-02,675.7,675.7,667.58,671.69,138320
2015-07-06,667.7,675.77,667.7,675.07,191522
2015-07-07,675.95,683.99,671.2,680.74,178853
2015-07-08,675.76,677.28,668.19,668.19,204540
2015-07-09,673.0,675.0,668.34,670.36,186693
2015-07-10,678.32,684.09,674.42,682.3,294435
2015-07-13,685.0,687.0,677.53,685.32,181676
2015-07-14,685.1,685.93,673.58,676.46,244307
2015-07-15,678.31,681.85,673.47,680.78,157880
2015-07-16,684.89,685.0,678.09,680.72,165646
2015-07-17,678.76,679.97,675.28,677.13,124610
2015-07-20,677.43,679.1,671.46,676.05,209609
2015-07-21,675.73,677.8,669.0,671.7,169560
2015-07-22,671.62,678.05,671.13,677.32,112789
2015-07-23,680.03,684.6,676.49,681.29,160695
2015-07-24,681.66,683.62,673.81,675.25,163334
2015-07-27,674.07,676.73,667.49,674.37,180068
2015-07-28,675.55,687.42,672.98,687.14,187485
2015-07-29,688.58,693.57,683.19,692.68,178770
2015-07-30,693.54,696.14,688.37,695.03,146363
2015-07-31,697.88,703.38,694.92,700.94,181067
2015-08-03,702.0,702.0,693.59,696.96,100998
2015-08-04,696.96,703.62,696.41,702.78,111108
2015-08-05,706.61,712.46,704.66,711.69,253017
2015-08-06,712.0,712.0,695.65,697.11,170838
2015-08-07,696.72,705.72,695.23,704.4,157986
2015-08-10,709.39,712.03,706.05,709.47,130357
2015-08-11,710.01,714.86,704.05,714.21,228345
2015-08-12,710.48,721.48,708.04,721.14,287888
2015-08-13,721.0,747.47,713.67,739.07,350609
2015-08-14,739.0,743.88,735.39,741.27,168219
2015-08-17,739.08,745.34,737.69,743.18,127293
2015-08-18,743.0,747.25,741.98,746.2,154321
2015-08-19,742.0,754.9,739.2,750.13,190320
2015-08-20,746.45,749.68,737.92,738.29,206717
2015-08-21,732.37,733.11,700.81,700.92,454203
2015-08-24,667.0,710.62,667.0,684.99,538648
2015-08-25,715.5,715.5,687.93,687.93,431828
2015-08-26,701.5,706.56,688.05,706.25,405366
2015-08-27,723.97,737.38,713.26,724.78,636332
2015-08-28,725.28,727.97,720.8,726.39,238726
2015-08-31,724.08,729.94,715.99,715.99,222267
2015-09-01,711.97,719.36,703.15,714.37,284712
2015-09-02,720.87,731.46,715.75,730.72,297275
2015-09-03,731.22,738.74,727.62,729.81,212631
2015-09-04,723.84,729.13,713.56,717.7,234480
2015-09-08,723.05,736.04,722.55,732.91,220796
2015-09-09,737.85,738.49,720.24,721.0,275566
2015-09-10,720.5,727.04,719.22,720.93,243743
2015-09-11,716.0,728.13,715.02,727.44,208156
2015-09-14,728.0,729.49,718.08,719.93,182974
2015-09-15,722.48,729.94,718.49,729.44,226641
2015-09-16,728.37,734.04,726.37,732.72,183896
2015-09-17,734.67,747.0,732.25,734.62,209785
2015-09-18,727.25,734.43,722.17,724.99,492524
2015-09-21,726.9,735.39,725.57,728.4,304399
2015-09-22,730.15,749.99,726.3,728.0,834615
2015-09-23,730.4,747.33,720.18,746.23,446085
2015-09-24,741.24,748.56,740.0,746.53,342299
2015-09-25,748.73,758.14,746.77,753.48,507786
2015-09-28,752.27,752.41,730.68,730.8,413811
2015-09-29,731.3,739.99,717.9,724.72,276416
2015-09-30,730.92,732.67,721.34,723.83,404529
2015-10-01,732.81,738.06,715.92,736.35,334367
2015-10-02,730.35,742.05,724.14,740.78,370259
2015-10-05,750.0,750.0,741.57,747.28,331504
2015-10-06,746.78,747.09,740.13,744.62,285262
2015-10-07,748.11,748.11,733.15,736.0,268464
2015-10-08,739.89,740.99,730.95,735.31,261763
2015-10-09,732.75,737.3,729.05,736.92,223140
2015-10-12,738.33,745.86,730.7,744.06,165435
2015-10-13,741.13,745.0,738.76,740.0,226527
2015-10-14,739.03,742.93,727.71,729.38,230374
2015-10-15,730.03,738.49,727.71,737.43,276698
2015-10-16,743.06,744.6,734.18,739.82,289072
2015-10-19,740.75,744.51,735.38,744.02,212309
2015-10-20,746.0,747.09,740.93,745.94,198375
2015-10-21,749.4,750.1,741.4,745.29,133626
2015-10-22,750.0,761.91,747.22,761.59,353461
2015-10-23,766.58,767.13,758.07,762.24,260694
2015-10-26,764.15,772.1,760.83,768.07,224848
2015-10-27,769.0,771.28,755.77,763.26,306888
2015-10-28,763.27,780.27,760.37,778.06,285512
2015-10-29,779.56,787.9,776.96,783.23,309012
2015-10-30,786.43,789.52,779.74,784.41,280867
2015-11-02,783.91,789.68,774.09,785.26,248929
2015-11-03,784.51,795.0,783.46,791.49,286253
2015-11-04,790.99,796.77,786.1,788.75,227072
2015-11-05,789.25,797.97,788.15,795.39,193990
2015-11-06,792.8,803.25,792.8,797.29,370240
2015-11-09,796.55,798.41,780.8,783.48,244882
2015-11-10,782.05,791.73,780.86,789.65,163884
2015-11-11,789.65,793.49,785.01,787.28,93749
2015-11-12,777.0,783.99,774.27,775.21,315418
2015-11-13,789.25,789.61,746.0,755.25,470433
2015-11-16,753.14,775.71,751.3,775.54,303567
2015-11-17,780.3,782.0,767.55,773.0,197295
2015-11-18,772.41,784.15,770.51,783.35,169707
2015-11-19,783.0,786.19,777.17,779.06,155813
2015-11-20,784.36,785.84,780.19,783.82,215162
2015-11-23,783.35,787.98,776.36,781.45,143621
2015-11-24,777.12,782.7,771.74,779.66,165659
2015-11-25,778.93,790.67,778.93,786.09,148604
2015-11-27,784.98,789.5,781.75,785.96,104417
2015-11-30,786.39,793.82,778.87,783.77,391573
2015-12-01,786.04,792.42,773.78,779.24,237064
2015-12-02,780.06,786.29,767.0,769.13,302747
2015-12-03,770.37,770.9,753.08,757.37,275887
2015-12-04,759.59,761.65,754.24,760.99,401092
2015-12-07,760.0,763.31,748.56,752.17,413947
2015-12-08,768.37,798.6,754.87,796.09,571073
2015-12-09,794.0,800.87,775.5,783.81,522291
2015-12-10,786.09,786.31,775.64,777.69,217782
2015-12-11,765.0,790.74,749.02,755.88,239794
2015-12-14,755.88,761.61,748.04,760.5,225137
2015-12-15,764.04,764.61,756.03,761.3,207420
2015-12-16,765.97,766.41,751.84,764.69,231440
2015-12-17,762.73,763.5,753.3,755.31,246098
2015-12-18,759.91,759.91,741.57,741.88,393866
2015-12-21,749.3,752.0,735.52,742.95,249729
2015-12-22,747.0,748.59,739.05,744.82,171693
2015-12-23,747.76,749.02,741.79,744.35,130439
2015-12-24,743.85,744.3,734.55,740.56,114934
2015-12-28,739.88,742.19,734.96,741.87,121537
2015-12-29,743.29,753.01,742.87,749.18,558120
2015-12-30,745.38,755.08,745.38,750.17,141701
2015-12-31,747.98,751.5,741.84,741.91,138010
2016-01-04,733.0,742.23,728.52,735.48,299661
2016-01-05,735.48,742.56,731.09,738.86,232946
2016-01-06,733.32,738.35,727.11,729.2,255456
2016-01-07,720.29,740.48,711.07,735.96,313823
2016-01-08,735.96,738.87,708.9,712.06,258457
2016-01-11,712.56,726.1,709.97,718.69,342774
2016-01-12,722.51,730.49,712.84,728.99,250068
2016-01-13,732.83,732.83,702.57,704.2,269166
2016-01-14,702.82,718.2,699.37,712.61,262450
2016-01-15,696.32,710.31,693.01,704.74,370721
2016-01-19,712.97,718.13,704.01,715.71,347106
2016-01-20,708.0,718.61,698.9,713.66,385654
2016-01-21,713.1,724.82,710.1,717.73,281159
2016-01-22,722.71,733.3,721.44,728.32,279342
2016-01-25,728.81,738.95,727.73,728.52,220887
2016-01-26,731.11,745.57,731.11,743.59,231038
2016-01-27,740.3,754.99,736.51,744.29,313639
2016-01-28,751.74,753.8,741.16,747.55,333865
2016-01-29,745.48,771.59,743.0,767.39,472829
2016-02-01,765.0,774.8,762.01,768.55,393870
2016-02-02,768.18,769.04,756.08,763.6,340044
2016-02-03,768.59,768.59,745.3,751.9,478846
2016-02-04,748.04,750.32,734.3,747.87,512246
2016-02-05,748.61,749.61,722.58,727.35,633534
2016-02-08,716.55,722.9,681.01,695.46,656710
2016-02-09,692.0,704.06,686.22,697.58,562478
2016-02-10,702.57,709.89,695.06,697.17,374510
2016-02-11,698.99,720.84,692.76,712.75,571824
2016-02-12,717.14,732.37,714.02,729.62,320614
2016-02-16,745.0,767.2,741.01,757.69,602622
2016-02-17,762.0,772.45,745.7,754.18,382240
2016-02-18,750.0,756.08,746.54,748.51,382534
2016-02-19,746.91,760.1,745.36,759.91,340301
2016-02-22,767.25,771.95,763.01,764.9,230470
2016-02-23,766.55,771.18,755.69,764.28,290663
2016-02-24,760.63,778.36,758.06,777.83,306223
2016-02-25,780.0,785.71,772.26,785.15,247558
2016-02-26,785.72,787.48,776.87,781.64,270402
2016-02-29,784.5,787.0,774.57,774.57,392172
2016-03-01,782.21,794.5,778.06,790.56,464285
2016-03-02,788.0,792.44,774.45,780.89,315616
2016-03-03,776.13,785.16,772.82,782.49,238918
2016-03-04,784.71,784.71,773.87,777.62,276471
2016-03-07,771.1,781.43,767.43,770.95,225668
2016-03-08,766.02,773.17,765.0,765.05,343035
2016-03-09,770.01,778.57,765.99,776.29,272182
2016-03-10,779.32,790.69,770.83,788.36,327699
2016-03-11,791.03,798.99,786.65,797.02,334847
2016-03-14,794.98,801.0,793.9,796.61,278305
2016-03-15,791.61,803.83,789.94,793.87,251296
2016-03-16,793.87,795.64,783.23,792.52,246860
2016-03-17,792.31,792.31,775.19,784.71,320051
2016-03-18,788.63,788.63,777.25,780.21,391588
2016-03-21,779.08,787.32,779.08,786.58,143244
2016-03-22,784.38,794.31,784.14,785.99,242328
2016-03-23,787.53,807.49,786.18,805.29,399610
2016-03-24,803.48,810.0,798.5,803.06,249636
2016-03-28,803.78,804.68,795.87,799.79,211309
2016-03-29,802.67,805.0,796.48,798.04,330145
2016-03-30,803.0,803.55,792.45,802.52,241503
2016-03-31,804.53,804.53,793.65,796.69,269749
2016-04-01,793.97,809.37,791.92,805.4,290873
2016-04-04,803.12,803.8,787.03,792.95,268771
2016-04-05,789.62,792.99,786.49,787.6,269602
2016-04-06,786.29,790.36,782.82,788.74,210316
2016-04-07,787.19,790.0,781.0,785.13,274726
2016-04-08,786.24,786.24,776.85,783.93,240876
2016-04-11,782.73,786.41,772.22,773.88,228578
2016-04-12,774.12,778.27,769.79,777.04,218339
2016-04-13,782.02,782.42,772.2,777.45,212619
2016-04-14,776.33,785.11,775.66,778.14,178296
2016-04-15,778.53,783.96,776.4,779.78,134535
2016-04-18,778.24,787.37,778.24,783.22,148316
2016-04-19,781.66,787.11,776.07,777.43,182588
2016-04-20,777.45,781.84,773.05,777.05,170214
2016-04-21,777.05,778.65,765.69,766.55,210166
2016-04-22,767.07,773.36,762.77,771.07,181432
2016-04-25,768.0,778.02,766.26,774.65,131453
2016-04-26,775.76,781.27,774.47,778.79,130016
2016-04-27,775.04,784.65,772.63,780.27,168391
2016-04-28,775.0,775.0,765.85,767.47,228602
2016-04-29,767.23,769.0,753.44,765.23,259191
2016-05-02,770.0,776.84,768.31,774.98,221129
2016-05-03,770.66,787.96,770.66,784.58,261957
2016-05-04,780.0,786.87,776.77,785.42,200266
2016-05-05,782.6,783.6,772.49,774.04,213655
2016-05-06,770.64,777.78,764.13,776.21,151752
2016-05-09,774.94,785.64,769.58,783.72,157540
2016-05-10,784.72,790.42,781.24,788.8,196360
2016-05-11,783.9,784.37,768.71,769.29,313228
2016-05-12,775.01,783.33,771.95,780.81,219453
2016-05-13,781.88,783.5,768.52,769.44,185756
2016-05-16,768.87,781.99,767.53,779.13,179701
2016-05-17,778.22,781.77,758.8,761.38,347160
2016-05-18,759.5,765.43,754.36,760.86,347451
2016-05-19,745.0,758.97,742.63,756.52,420348
2016-05-20,759.24,769.16,755.87,761.56,386192
2016-05-23,760.24,761.5,740.51,742.08,509775
2016-05-24,733.35,766.64,732.22,760.42,571817
2016-05-25,760.75,771.85,757.45,767.63,329585
2016-05-26,766.45,776.33,764.74,767.38,333317
2016-05-27,768.0,773.28,763.63,765.75,289734
2016-05-31,767.49,767.52,759.23,762.2,599012
2016-06-01,759.7,764.66,758.4,760.75,327691
2016-06-02,760.76,770.44,756.58,768.59,295633
2016-06-03,766.15,769.66,758.21,761.31,310361
2016-06-06,761.31,762.09,748.93,756.12,384346
2016-06-07,754.01,762.06,752.28,760.84,287877
2016-06-08,758.34,763.56,757.49,760.58,205746
2016-06-09,761.19,765.5,755.25,760.07,256373
2016-06-10,757.34,758.59,752.65,754.15,239594
2016-06-13,753.3,758.16,750.15,751.14,300506
2016-06-14,748.28,749.4,743.69,748.38,246694
2016-06-15,748.02,755.82,747.0,747.69,185105
2016-06-16,745.35,751.42,741.58,751.31,410536
2016-06-17,750.56,750.56,743.95,745.83,293801
2016-06-20,757.07,758.15,750.98,752.06,170170
2016-06-21,749.13,751.67,744.36,748.74,194593
2016-06-22,751.64,763.93,749.17,756.3,266009
2016-06-23,760.44,763.85,756.8,762.77,173229
2016-06-24,743.31,775.99,741.52,769.92,480486
2016-06-27,764.94,772.48,762.38,767.65,315231
2016-06-28,770.3,791.58,768.53,790.46,439219
2016-06-29,794.21,804.77,790.19,792.82,326959
2016-06-30,792.99,797.04,786.17,793.84,327059
2016-07-01,795.96,802.94,792.72,798.72,196604
2016-07-05,800.0,804.2,796.27,803.36,302914
2016-07-06,803.0,810.75,802.1,805.56,235707
2016-07-07,804.84,809.06,797.69,799.66,204083
2016-07-08,804.0,815.45,801.85,815.02,217381
2016-07-11,815.15,819.54,808.62,809.72,179756
2016-07-12,811.34,815.0,799.57,801.08,208195
2016-07-13,805.29,807.36,796.83,801.31,134591
2016-07-14,806.29,807.89,798.3,805.18,155795
2016-07-15,810.0,810.0,798.83,799.14,183669
2016-07-18,800.9,803.98,793.63,796.38,232713
2016-07-19,789.08,799.9,782.3,795.66,246619
2016-07-20,796.87,801.0,796.47,800.04,194453
2016-07-21,798.89,799.46,790.33,792.63,102039
2016-07-22,796.41,796.87,790.97,794.53,114383
2016-07-25,796.92,798.96,794.6,798.46,128856
2016-07-26,794.59,805.56,794.59,800.44,205728
2016-07-27,802.5,802.92,788.84,790.32,164197
2016-07-28,791.45,818.0,791.45,815.98,303342
2016-07-29,816.0,816.52,810.0,813.97,221898
2016-08-01,816.12,817.74,810.14,811.78,137385
2016-08-02,813.55,816.83,800.5,802.53,151075
2016-08-03,803.53,808.27,800.88,804.91,126583
2016-08-04,802.72,809.99,802.72,808.24,85929
2016-08-05,809.68,812.84,805.02,806.29,145487
2016-08-08,808.32,808.88,800.04,801.26,114981
2016-08-09,800.59,803.0,797.02,798.0,150836
2016-08-10,798.79,804.73,798.0,803.45,128098
2016-08-11,806.68,813.48,798.96,801.24,206293
2016-08-12,799.03,802.9,795.34,795.86,112762
2016-08-15,796.72,798.65,793.29,794.36,161257
2016-08-16,790.0,793.95,788.09,789.54,155746
2016-08-17,787.57,789.44,782.13,786.26,160254
2016-08-18,787.31,792.34,783.47,788.36,169007
2016-08-19,788.47,794.0,787.14,793.9,182295
2016-08-22,793.66,795.43,790.19,790.67,159524
2016-08-23,794.84,795.57,787.97,788.88,187617
2016-08-24,784.62,788.37,773.76,777.12,351031
2016-08-25,773.43,779.82,772.41,773.05,235197
2016-08-26,771.28,771.5,752.13,753.47,450829
2016-08-29,753.58,759.37,748.85,750.85,364269
2016-08-30,752.87,752.87,737.03,741.86,433178
2016-08-31,741.48,745.48,736.9,741.8,315824
2016-09-01,744.23,748.47,742.5,744.77,310160
2016-09-02,748.41,748.41,737.5,739.73,213615
2016-09-06,739.75,743.24,731.8,737.26,311485
2016-09-07,736.83,739.13,731.08,732.12,338876
2016-09-08,729.9,730.65,726.07,729.38,317670
2016-09-09,727.64,728.67,722.16,722.44,400512
2016-09-12,724.95,743.12,723.68,740.38,596509
2016-09-13,736.1,746.79,734.45,744.15,583325
2016-09-14,746.28,747.79,738.19,739.21,328679
2016-09-15,737.56,740.53,732.09,739.11,300851
2016-09-16,737.38,741.88,734.22,735.52,410417
2016-09-19,735.0,747.01,734.14,746.35,382199
2016-09-20,749.02,750.77,742.0,744.06,362168
2016-09-21,741.78,755.56,741.78,751.45,592877
2016-09-22,758.58,760.98,740.05,748.23,1030135
2016-09-23,746.05,751.8,737.5,744.85,818102
2016-09-26,743.72,759.95,742.39,758.88,753136
2016-09-27,772.04,783.33,765.26,779.61,794553
2016-09-28,780.0,780.0,764.59,767.15,436429
2016-09-29,765.03,771.49,759.14,765.76,385523
2016-09-30,768.12,772.36,762.69,768.34,354110
2016-10-03,763.28,767.03,759.15,760.71,336532
2016-10-04,762.57,762.57,754.47,758.54,251759
2016-10-05,763.28,764.99,758.14,759.44,278318
2016-10-06,758.17,764.75,755.17,761.93,259179
2016-10-07,766.28,766.28,759.03,760.34,268695
2016-10-10,765.0,768.6,762.5,764.44,205278
2016-10-11,764.97,765.58,759.43,760.61,331450
2016-10-12,759.34,766.09,759.1,762.22,328048
2016-10-13,758.72,768.37,756.45,767.86,193900
2016-10-14,770.07,775.36,762.82,763.51,243329
2016-10-17,760.71,762.0,754.16,754.95,465390
2016-10-18,759.0,759.0,753.32,753.8,242648
2016-10-19,749.0,752.91,734.32,750.44,389818
2016-10-20,752.65,752.65,744.17,746.27,243314
2016-10-21,744.73,750.35,742.0,746.98,415267
2016-10-24,747.84,753.81,747.84,752.94,179467
2016-10-25,749.26,751.97,745.94,750.39,250222
2016-10-26,750.25,753.22,747.22,751.56,184383
2016-10-27,752.2,752.84,725.5,726.37,401669
2016-10-28,727.26,737.75,725.0,735.37,381219
2016-10-31,736.86,742.51,732.28,742.16,286058
2016-11-01,742.61,743.56,731.6,734.45,196816
2016-11-02,730.43,742.75,730.1,738.03,160321
2016-11-03,740.62,745.01,737.59,738.87,241467
2016-11-04,742.3,744.09,729.0,731.65,349752
2016-11-07,735.81,739.55,730.77,732.87,360138
2016-11-08,733.15,736.94,729.06,731.88,289710
2016-11-09,721.41,742.99,720.45,740.85,288177
2016-11-10,743.0,753.66,740.85,746.28,361246
2016-11-11,744.49,752.0,742.16,750.35,196394
2016-11-14,751.0,752.99,727.37,729.36,513945
2016-11-15,743.0,758.89,739.57,744.8,483499
2016-11-16,745.81,754.25,741.5,751.95,310606
2016-11-17,750.11,775.35,750.11,773.12,326342
2016-11-18,772.19,773.25,752.82,755.24,271150
2016-11-21,753.84,779.53,752.85,777.9,319020
2016-11-22,780.03,795.49,777.93,793.79,423957
2016-11-23,793.92,806.51,792.92,798.05,479134
2016-11-25,796.15,809.78,795.01,797.96,128614
2016-11-28,795.0,801.77,790.83,793.9,276359
2016-11-29,793.9,798.84,789.13,790.24,256535
2016-11-30,790.66,791.51,779.89,783.18,340537
2016-12-01,780.61,789.04,778.13,780.76,299155
2016-12-02,783.26,789.71,781.01,783.74,242616
2016-12-05,786.14,787.77,772.35,776.42,391743
2016-12-06,787.0,792.46,778.11,779.81,444813
2016-12-07,789.94,810.0,784.21,809.87,501864
2016-12-08,807.52,813.7,802.2,807.71,330124
2016-12-09,810.81,811.59,799.1,803.1,360422
2016-12-12,802.47,805.98,796.57,802.37,227940
2016-12-13,802.9,808.95,802.08,803.0,210078
2016-12-14,800.0,804.92,787.59,788.96,236524
2016-12-15,790.54,797.05,786.05,795.57,355464
2016-12-16,799.88,805.09,789.3,794.72,458723
2016-12-19,794.02,805.56,794.02,798.69,306301
2016-12-20,798.81,808.1,798.37,807.32,184288
2016-12-21,808.51,809.52,802.87,803.62,225735
2016-12-22,801.4,806.77,790.96,799.61,278043
2016-12-23,797.05,801.94,792.8,795.82,169729
2016-12-27,799.02,805.78,798.02,803.57,210258
2016-12-28,804.22,805.1,794.49,795.89,156632
2016-12-29,795.63,803.96,795.63,798.49,204928
2016-12-30,800.35,800.5,787.19,789.79,246397
2017-01-03,795.58,802.15,784.39,791.46,248931
2017-01-04,789.94,795.88,786.8,793.04,187533
2017-01-05,788.72,795.99,785.01,792.0,243301
2017-01-06,791.0,796.74,788.26,792.91,216484
2017-01-09,795.73,795.73,788.39,790.34,127125
2017-01-10,788.72,797.16,788.6,793.68,186478
2017-01-11,796.16,800.0,787.69,792.0,171024
2017-01-12,788.35,790.97,781.7,790.27,213659
2017-01-13,787.67,793.3,779.81,779.81,262110
2017-01-17,780.26,787.3,780.26,782.29,278706
2017-01-18,785.54,785.67,772.55,778.3,308007
2017-01-19,775.07,776.48,767.0,769.9,255533
2017-01-20,771.2,775.0,764.21,770.02,340404
2017-01-23,753.6,754.1,730.99,739.35,701214
2017-01-24,742.14,746.5,735.41,738.43,355222
2017-01-25,743.43,744.28,734.06,735.0,391111
2017-01-26,736.17,739.82,729.82,729.89,361619
2017-01-27,729.55,731.21,723.45,730.0,320772
2017-01-30,728.45,731.92,723.34,724.41,339936
2017-01-31,725.64,726.55,718.07,724.98,1938773
2017-02-01,728.74,729.56,713.09,714.99,394208
2017-02-02,714.24,726.38,713.44,725.43,457452
2017-02-03,724.93,731.59,722.66,724.72,318848
2017-02-06,723.64,728.98,720.06,720.49,299891
2017-02-07,721.15,726.48,716.42,721.66,349882
2017-02-08,720.5,743.14,717.52,741.06,566519
2017-02-09,743.65,749.01,739.35,745.94,444648
2017-02-10,751.61,751.61,738.2,740.65,236469
2017-02-13,741.0,741.0,733.19,736.09,173986
2017-02-14,735.0,739.38,732.1,735.79,267484
2017-02-15,735.0,741.36,734.14,739.5,229105
2017-02-16,743.19,744.89,733.8,737.36,264848
2017-02-17,737.66,741.78,734.14,741.05,231431
2017-02-21,745.0,749.99,736.71,740.66,319734
2017-02-22,743.44,744.91,731.02,735.33,316680
2017-02-23,734.07,734.96,726.12,727.22,347221
2017-02-24,727.0,734.71,723.33,732.75,257417
2017-02-27,733.76,740.85,730.87,740.85,537211
2017-02-28,732.64,752.99,732.29,736.55,603256
2017-03-01,740.01,748.91,736.02,738.97,649582
2017-03-02,739.85,739.85,730.44,733.53,276054
2017-03-03,731.73,734.03,720.2,725.24,483725
2017-03-06,728.0,728.0,720.84,723.91,302664
2017-03-07,721.86,726.3,711.0,712.72,495310
2017-03-08,711.12,719.82,705.3,717.67,417632
2017-03-09,718.05,721.32,714.56,715.93,334490
2017-03-10,717.57,720.93,713.98,717.03,276518
2017-03-13,716.0,730.53,712.78,728.55,367578
2017-03-14,728.22,731.5,724.44,728.99,250630
2017-03-15,729.15,729.35,711.33,716.29,559622
2017-03-16,713.91,721.96,713.3,721.85,270694
2017-03-17,723.12,732.09,723.12,730.77,474177
2017-03-20,730.26,735.0,726.79,729.79,298785
2017-03-21,731.02,732.43,723.67,725.21,318353
2017-03-22,729.74,731.89,723.39,725.35,282057
2017-03-23,724.18,730.29,719.49,725.5,260652
2017-03-24,725.56,727.33,719.25,721.16,187117
2017-03-27,716.5,719.14,712.34,714.16,367797
2017-03-28,712.51,717.02,706.28,716.99,385968
2017-03-29,717.21,724.0,716.66,722.46,267896
2017-03-30,722.0,723.17,711.22,719.08,334954
2017-03-31,718.28,727.0,716.95,723.05,301248
2017-04-03,720.5,721.47,695.16,700.69,796642
2017-04-04,700.0,705.66,692.9,696.67,499895
2017-04-05,699.0,709.46,697.3,703.03,408846
2017-04-06,705.23,707.16,700.0,702.29,235243
2017-04-07,702.59,706.41,699.65,700.44,265855
2017-04-10,700.52,707.45,700.52,703.64,260151
2017-04-11,702.73,702.73,698.01,700.59,193796
2017-04-12,696.16,700.57,692.34,693.34,264967
2017-04-13,693.68,697.92,688.46,688.46,198589
2017-04-17,692.33,692.94,686.55,687.61,218176
2017-04-18,685.35,691.58,684.48,689.07,262667
2017-04-19,693.33,711.35,693.33,697.57,458158
2017-04-20,699.64,708.3,697.39,706.3,296911
2017-04-21,706.08,713.35,705.89,707.79,343824
2017-04-24,713.23,722.69,711.17,722.45,367094
2017-04-25,723.99,724.9,711.25,712.06,353496
2017-04-26,713.82,719.8,709.85,715.12,443409
2017-04-27,713.87,727.15,692.5,703.9,635931
2017-04-28,700.51,703.25,688.02,692.19,527250
2017-05-01,696.4,697.83,680.0,682.99,362429
2017-05-02,683.27,689.76,680.14,688.94,362883
2017-05-03,689.32,698.39,685.45,697.18,324395
2017-05-04,696.4,706.57,696.4,704.58,294158
2017-05-05,705.42,707.5,700.61,705.31,281328
2017-05-08,703.27,711.0,703.27,709.98,202450
2017-05-09,711.7,711.7,702.42,707.05,262520
2017-05-10,703.56,703.56,693.28,698.03,378740
2017-05-11,691.0,696.69,683.26,693.85,331626
2017-05-12,689.98,691.92,680.06,680.72,304403
2017-05-15,681.16,693.27,679.25,681.01,464476
2017-05-16,680.04,680.04,668.29,669.83,463393
2017-05-17,666.31,672.37,658.39,664.05,545723
2017-05-18,665.07,677.29,664.32,673.79,335561
2017-05-19,675.32,677.47,667.52,673.65,541983
2017-05-22,671.0,672.55,657.99,659.49,594257
2017-05-23,607.01,612.99,579.61,581.4,2949654
2017-05-24,581.18,598.75,573.8,590.99,1624012
2017-05-25,594.97,609.85,593.89,607.34,846348
2017-05-26,605.0,618.0,605.0,615.62,785117
2017-05-30,621.8,623.97,611.52,612.98,595450
2017-05-31,613.83,616.42,601.5,605.92,884528
2017-06-01,606.11,625.56,603.11,623.98,639361
2017-06-02,622.9,623.75,613.12,621.7,495805
2017-06-05,619.18,622.77,612.47,617.07,536302
2017-06-06,617.09,617.09,603.0,603.88,464225
2017-06-07,604.89,612.93,604.05,606.77,451428
2017-06-08,607.41,610.0,596.73,598.96,477733
2017-06-09,598.91,607.67,594.59,606.36,537966
2017-06-12,606.52,621.19,606.52,612.02,517310
2017-06-13,613.3,617.75,607.01,612.08,324979
2017-06-14,610.26,613.42,605.18,608.38,346892
2017-06-15,603.95,616.76,603.18,613.01,455045
2017-06-16,609.73,610.45,590.47,593.81,639682
2017-06-19,597.53,598.61,587.48,596.86,419304
2017-06-20,590.89,591.94,580.02,585.2,561337
2017-06-21,585.5,587.19,568.07,574.01,711074
2017-06-22,572.55,582.13,566.63,579.63,702813
2017-06-23,579.5,581.62,567.9,574.98,632640
2017-06-26,575.94,585.52,574.08,579.61,295876
2017-06-27,577.54,588.74,576.0,578.77,282113
2017-06-28,576.12,580.03,568.85,569.02,514171
2017-06-29,571.44,572.0,557.77,559.67,663031
2017-06-30,562.53,571.71,560.23,570.46,464931
2017-07-03,570.85,575.68,568.06,571.71,227632
2017-07-05,530.3,543.39,514.47,516.83,1858050
2017-07-06,514.01,524.37,503.0,507.48,901523
2017-07-07,503.0,504.89,498.5,501.39,705232
2017-07-10,503.0,512.76,501.34,507.54,722521
2017-07-11,508.0,509.4,499.57,499.57,671411
2017-07-12,501.97,506.59,492.02,493.15,693362
2017-07-13,492.96,510.74,492.03,506.81,615789
2017-07-14,507.53,510.97,498.14,506.31,545806
2017-07-17,502.89,512.52,501.48,503.66,437407
2017-07-18,504.01,504.74,494.58,495.69,595300
2017-07-19,497.08,500.37,491.9,493.44,447445
2017-07-20,495.5,506.59,491.13,502.56,489345
2017-07-21,499.2,512.9,497.84,511.46,651303
2017-07-24,509.46,514.04,498.24,498.25,448137
2017-07-25,501.47,511.33,498.53,511.01,341695
2017-07-26,511.34,517.23,505.77,515.97,396937
2017-07-27,520.02,530.92,517.92,529.01,708321
2017-07-28,529.4,531.99,522.33,526.92,680122
2017-07-31,528.05,541.74,523.08,539.82,624563
2017-08-01,542.62,548.89,538.46,547.86,472681
2017-08-02,545.57,552.38,542.5,542.89,581731
2017-08-03,540.55,543.72,528.54,529.29,389439
2017-08-04,530.0,537.81,530.0,536.82,259669
2017-08-07,537.79,544.2,532.65,541.66,315382
2017-08-08,547.58,547.71,530.35,530.97,302459
2017-08-09,526.73,533.47,522.84,533.16,409753
2017-08-10,530.83,533.45,525.26,525.52,301847
2017-08-11,525.0,535.57,525.0,533.94,373200
2017-08-14,537.54,537.54,523.04,525.32,470183
2017-08-15,501.54,519.0,497.29,516.13,819720
2017-08-16,520.0,528.24,517.33,524.59,542164
2017-08-17,524.96,529.91,511.27,515.56,478143
2017-08-18,513.2,513.2,499.1,510.19,870425
2017-08-21,510.63,519.39,504.96,517.51,361892
2017-08-22,519.14,521.59,514.73,519.13,262335
2017-08-23,517.57,521.27,508.04,513.34,292170
2017-08-24,513.67,518.79,511.01,511.63,417239
2017-08-25,515.62,536.83,515.24,528.95,630381
2017-08-28,529.75,530.0,521.45,525.4,280185
2017-08-29,520.68,525.99,519.41,522.38,265346
2017-08-30,522.49,533.75,520.48,529.53,293165
2017-08-31,529.66,534.6,527.86,528.44,376572
2017-09-01,531.2,540.51,531.2,538.77,338775
2017-09-05,541.36,549.46,537.71,540.0,502886
2017-09-06,543.57,544.98,537.51,540.65,350656
2017-09-07,540.5,543.27,535.1,541.16,286962
2017-09-08,541.23,544.44,537.36,540.51,331538
2017-09-11,542.49,543.93,535.96,540.32,257601
2017-09-12,538.47,557.2,536.71,551.55,432276
2017-09-13,551.25,571.15,551.25,569.34,802930
2017-09-14,570.0,570.33,562.97,563.56,637273
2017-09-15,564.98,575.46,564.35,569.89,693599
2017-09-18,571.46,574.97,563.4,563.4,897459
2017-09-19,567.0,583.89,533.4,535.19,2031362
2017-09-20,533.77,550.85,533.0,543.58,673167
2017-09-21,542.4,555.0,541.0,553.49,659176
2017-09-22,553.49,575.39,553.49,574.03,729263
2017-09-25,574.69,588.98,574.04,583.48,681129
2017-09-26,585.87,588.58,578.63,587.13,408957
2017-09-27,588.87,590.25,582.4,588.28,304767
2017-09-28,583.05,589.98,578.36,587.29,503776
2017-09-29,588.77,596.02,585.11,595.11,457256
2017-10-02,595.65,599.55,590.36,597.62,319134
2017-10-03,599.53,601.29,592.8,599.55,317781
2017-10-04,599.95,601.15,589.33,595.24,337394
2017-10-05,591.16,601.05,591.02,599.83,296433
2017-10-06,599.82,603.74,597.84,601.49,250033
2017-10-09,601.04,601.96,591.49,592.04,198287
2017-10-10,592.01,595.94,586.42,587.57,340169
2017-10-11,587.55,590.0,579.36,588.56,356498
2017-10-12,587.69,593.36,581.46,589.75,233683
2017-10-13,590.09,600.29,587.0,599.16,294548
2017-10-16,599.3,603.74,594.19,598.55,271372
2017-10-17,600.0,609.62,598.65,607.87,389056
2017-10-18,608.8,610.78,603.87,606.31,308632
2017-10-19,602.0,603.29,588.74,595.27,578822
2017-10-20,597.68,598.31,588.74,590.06,372094
2017-10-23,592.46,594.29,586.78,589.0,283219
2017-10-24,587.97,590.93,576.92,585.83,422103
2017-10-25,586.05,587.88,578.0,587.4,280074
2017-10-26,575.8,596.65,560.82,590.89,1417358
2017-10-27,589.37,592.9,577.91,583.17,490714
2017-10-30,583.27,591.54,581.22,590.15,380139
2017-10-31,591.25,593.43,587.7,589.5,189529
2017-11-01,592.94,594.83,579.6,584.88,357093
2017-11-02,583.52,603.41,576.13,602.7,420864
2017-11-03,601.12,611.43,597.74,606.41,373539
2017-11-06,605.91,613.0,602.06,607.0,285368
2017-11-07,606.2,609.88,598.84,603.56,215570
2017-11-08,603.32,609.4,595.44,596.03,292251
2017-11-09,595.92,606.77,591.51,605.97,437142
2017-11-10,604.22,607.79,594.78,598.06,447849
2017-11-13,598.18,600.56,588.56,595.26,359984
2017-11-14,602.15,633.24,602.15,607.63,692393
2017-11-15,601.33,611.5,601.33,609.14,356307
2017-11-16,609.24,619.75,606.57,618.59,286105
2017-11-17,622.28,630.83,618.11,629.43,384230
2017-11-20,628.78,637.39,624.94,634.65,490326
2017-11-21,633.48,633.48,625.48,632.4,505383
2017-11-22,633.0,642.08,633.0,638.24,421554
2017-11-24,641.92,641.92,629.69,632.98,123885
2017-11-27,634.05,644.83,633.51,637.95,349898
2017-11-28,641.23,665.91,636.95,664.22,754705
2017-11-29,666.24,703.4,665.85,688.92,1076450
2017-11-30,688.92,703.51,685.14,686.76,551828
2017-12-01,690.0,691.2,672.0,678.4,383436
2017-12-04,687.37,712.47,685.21,709.77,852483
2017-12-05,747.0,763.3,703.6,712.76,1225498
2017-12-06,705.63,711.76,696.94,698.65,492942
2017-12-07,701.46,704.09,693.75,702.34,417295
2017-12-08,702.79,723.43,701.29,721.89,546910
2017-12-11,719.59,720.8,705.78,708.61,502297
2017-12-12,710.86,717.67,706.7,711.05,447087
2017-12-13,715.35,716.34,703.14,708.21,303732
2017-12-14,709.32,709.32,694.74,701.23,522118
2017-12-15,702.24,709.05,696.64,697.06,591512
2017-12-18,703.91,708.45,696.14,704.4,428170
2017-12-19,703.48,708.7,697.43,701.01,584573
2017-12-20,706.69,708.87,694.6,700.9,674768
2017-12-21,701.0,708.0,699.64,705.91,401994
2017-12-22,704.83,713.58,699.01,710.09,283359
2017-12-26,710.95,717.57,710.95,714.48,180224
2017-12-27,714.19,715.57,706.0,707.0,275125
2017-12-28,709.5,719.06,709.12,718.38,278212
2017-12-29,718.38,719.69,709.33,711.37,289095
2018-01-02,716.54,746.54,714.45,736.54,558705
2018-01-03,740.13,760.0,736.76,749.43,597496
2018-01-04,759.89,769.18,751.22,761.26,640993
2018-01-05,767.38,780.54,764.72,775.5,482950
2018-01-08,775.16,782.43,761.78,766.48,430925
2018-01-09,767.92,772.92,761.49,770.95,385822
2018-01-10,768.19,772.62,763.19,767.78,372540
2018-01-11,769.81,774.72,757.77,773.31,591001
2018-01-12,773.45,789.78,769.32,787.93,456389
2018-01-16,789.04,791.64,774.27,781.02,345106
2018-01-17,781.08,791.2,776.54,788.06,293589
2018-01-18,790.0,790.0,778.27,784.79,297633
2018-01-19,789.12,797.89,785.46,793.8,306062
2018-01-22,792.54,792.54,772.99,788.7,532866
2018-01-23,789.57,789.57,775.0,786.37,323805
2018-01-24,787.84,794.98,780.0,793.36,264302
2018-01-25,792.74,792.74,781.49,786.3,367197
2018-01-26,787.0,796.95,785.09,796.95,248830
2018-01-29,792.43,796.73,784.52,786.71,214935
2018-01-30,782.05,785.57,771.55,776.67,325994
2018-01-31,777.68,786.87,761.53,765.44,407929
2018-02-01,761.32,770.89,756.41,764.38,321622
2018-02-02,763.37,771.13,748.71,750.58,338797
2018-02-05,747.0,763.77,730.48,731.59,551111
2018-02-06,720.1,753.98,710.05,745.07,513286
2018-02-07,742.14,753.73,726.4,728.33,412194
2018-02-08,732.73,752.25,718.57,718.57,666326
2018-02-09,723.85,729.48,680.23,723.5,895670
2018-02-12,725.55,739.68,718.92,730.2,450664
2018-02-13,728.36,728.36,707.14,711.88,372874
2018-02-14,708.22,729.47,704.64,720.84,352308
2018-02-15,726.73,728.64,714.62,724.6,375327
2018-02-16,725.77,728.67,707.72,714.05,360652
2018-02-20,710.0,728.71,707.9,713.23,309800
2018-02-21,731.6,750.45,717.52,719.49,488082
2018-02-22,721.46,728.36,713.58,716.88,246698
2018-02-23,720.95,726.05,720.2,725.0,258493
2018-02-26,730.0,735.9,717.36,735.9,510537
2018-02-27,708.55,710.59,646.0,654.47,1872327
2018-02-28,658.4,687.91,650.6,664.72,1085687
2018-03-01,664.82,669.0,650.06,662.0,617682
2018-03-02,654.34,666.61,645.14,662.86,618990
2018-03-05,657.72,662.85,650.14,655.75,444198
2018-03-06,656.5,664.92,651.1,664.72,443105
2018-03-07,656.72,662.96,651.86,656.77,338625
2018-03-08,657.32,658.84,649.82,654.6,301400
2018-03-09,656.0,662.49,649.35,659.4,388792
2018-03-12,660.1,660.1,645.0,653.26,550146
2018-03-13,653.85,658.08,648.17,650.09,375409
2018-03-14,651.17,654.17,645.8,649.3,461973
2018-03-15,652.55,652.55,646.87,648.93,355994
2018-03-16,649.45,654.28,647.4,648.49,428526
2018-03-19,647.91,653.83,643.22,651.48,593621
2018-03-20,652.0,653.23,648.4,649.01,361446
2018-03-21,653.33,661.2,647.0,648.12,389763
2018-03-22,646.32,654.13,642.65,643.37,519851
2018-03-23,646.01,649.32,635.41,637.02,389753
2018-03-26,645.47,647.52,633.44,638.46,415428
2018-03-27,642.0,642.33,631.02,634.52,461603
2018-03-28,636.0,655.07,632.19,637.25,339342
2018-03-29,642.04,649.91,641.62,648.69,317759
2018-04-02,642.06,646.15,606.55,613.15,541604
2018-04-03,618.88,624.35,613.2,619.23,288370
2018-04-04,611.69,629.29,611.69,628.65,298442
2018-04-05,643.37,645.36,631.16,637.38,253424
2018-04-06,633.5,635.91,613.45,620.36,361171
2018-04-09,624.92,628.12,613.31,615.1,352576
2018-04-10,623.24,623.24,616.03,616.68,354028
2018-04-11,613.99,621.04,612.25,615.96,189672
2018-04-12,618.3,621.54,612.51,616.51,237524
2018-04-13,617.97,619.42,603.98,606.83,321799
2018-04-16,609.95,613.55,602.77,604.36,280900
2018-04-17,608.79,608.79,600.27,605.36,295940
2018-04-18,607.5,615.15,605.28,608.53,313529
2018-04-19,607.5,609.31,596.98,603.82,302995
2018-04-20,605.78,605.78,590.76,595.84,557018
2018-04-23,596.04,602.35,595.29,599.47,247618
2018-04-24,604.36,613.73,599.15,602.72,282846
2018-04-25,601.02,612.86,601.02,610.57,419627
2018-04-26,641.0,650.95,613.42,619.29,703370
2018-04-27,619.05,630.3,610.98,628.67,279742
2018-04-30,629.73,632.9,623.55,624.52,264234
2018-05-01,623.58,633.05,616.15,632.16,346805
2018-05-02,630.1,637.68,624.65,630.18,259082
2018-05-03,631.68,641.68,626.48,636.85,307139
2018-05-04,635.21,658.52,635.21,649.94,454707
2018-05-07,656.01,658.0,645.13,648.85,305957
2018-05-08,647.42,658.9,644.22,655.17,251380
2018-05-09,655.99,660.0,637.16,658.33,365139
2018-05-10,660.46,663.23,653.58,658.52,208763
2018-05-11,658.81,664.64,656.0,660.86,267316
2018-05-14,660.22,669.51,660.22,666.02,268087
2018-05-15,661.21,666.98,651.01,654.16,337130
2018-05-16,655.9,664.85,646.44,647.93,328363
2018-05-17,647.63,650.89,643.41,646.3,329400
2018-05-18,647.06,653.51,642.91,652.64,384541
2018-05-21,655.0,666.64,652.11,665.09,481743
2018-05-22,700.0,710.0,601.53,602.0,1889808
2018-05-23,597.18,622.45,597.0,622.09,914046
2018-05-24,621.07,638.6,615.13,636.99,513382
2018-05-25,634.07,639.5,630.08,633.7,397558
2018-05-29,627.0,632.66,622.43,629.32,406381
2018-05-30,632.39,655.52,628.29,653.78,433772
2018-05-31,654.9,654.9,646.07,649.32,357251
2018-06-01,654.22,661.23,648.28,653.12,344407
2018-06-04,653.5,661.0,653.19,660.45,230993
2018-06-05,659.54,661.14,653.13,654.14,230553
2018-06-06,657.59,659.17,652.58,656.14,300781
2018-06-07,657.3,669.14,657.3,664.81,305921
2018-06-08,663.3,674.82,661.99,674.39,307647
2018-06-11,677.94,695.23,674.75,690.01,460258
2018-06-12,692.76,694.98,684.47,687.54,226917
2018-06-13,686.95,688.97,681.54,682.83,212555
2018-06-14,684.59,693.92,682.53,682.99,294957
2018-06-15,681.25,695.06,680.97,693.37,437086
2018-06-18,687.54,693.43,684.46,686.97,687727
2018-06-19,685.4,688.68,680.18,686.49,386904
2018-06-20,696.4,698.4,687.5,690.06,252188
2018-06-21,689.62,693.88,684.75,688.5,272854
2018-06-22,694.0,695.91,682.84,685.98,271501
2018-06-25,679.92,689.4,668.71,678.46,317767
2018-06-26,678.64,681.58,669.52,675.35,267224
2018-06-27,681.0,682.5,667.51,669.22,233391
2018-06-28,669.82,687.39,663.7,678.44,250821
2018-06-29,678.88,681.0,670.44,670.93,233630
2018-07-02,664.96,669.58,662.17,667.81,316984
2018-07-03,671.29,684.58,670.84,673.51,143501
2018-07-05,674.04,676.56,665.45,675.94,144122
2018-07-06,677.11,683.8,673.84,681.86,146074
2018-07-09,683.12,692.28,681.99,690.62,217955
2018-07-10,690.34,693.52,685.41,692.68,177049
2018-07-11,685.5,685.5,676.47,681.46,278622
2018-07-12,686.02,687.66,678.66,686.98,169257
2018-07-13,685.82,694.37,685.82,686.97,209248
2018-07-16,686.9,694.12,680.4,692.78,179291
2018-07-17,690.84,702.78,690.06,699.94,194719
2018-07-18,699.95,699.95,689.94,694.0,203350
2018-07-19,694.64,720.52,694.64,716.17,331196
2018-07-20,713.73,717.49,710.47,714.35,326518
2018-07-23,713.37,720.89,713.37,714.78,219407
2018-07-24,717.9,718.8,702.12,705.29,213024
2018-07-25,705.02,707.03,698.26,705.72,287592
2018-07-26,709.09,724.54,703.45,711.14,231314
2018-07-27,712.8,712.8,693.15,699.78,255953
2018-07-30,696.82,702.0,692.21,698.46,190509
2018-07-31,699.14,707.03,694.31,705.53,183602
2018-08-01,708.24,711.66,699.13,701.3,250160
2018-08-02,700.91,719.35,698.33,719.08,198715
2018-08-03,718.25,723.2,713.44,721.38,225385
2018-08-06,719.57,728.15,715.62,725.38,226186
2018-08-07,728.48,731.28,722.83,729.91,172658
2018-08-08,731.59,738.1,728.42,732.79,172286
2018-08-09,733.59,739.49,726.48,736.29,176271
2018-08-10,734.85,741.1,722.0,738.96,252968
2018-08-13,739.5,741.75,728.43,729.41,199654
2018-08-14,740.02,767.96,740.02,754.87,380049
2018-08-15,756.0,762.29,746.62,752.01,309773
2018-08-16,757.3,767.82,748.53,762.74,303579
2018-08-17,764.7,767.69,761.88,765.34,141637
2018-08-20,768.01,775.45,759.45,766.86,172427
2018-08-21,768.52,771.26,760.99,767.0,148560
2018-08-22,765.46,770.08,756.65,758.76,189513
2018-08-23,761.64,772.84,761.54,771.37,264729
2018-08-24,770.94,771.9,765.0,770.52,107029
2018-08-27,773.08,773.08,765.49,767.94,190113
2018-08-28,769.0,769.01,759.7,766.12,230148
2018-08-29,765.53,773.02,759.63,769.64,217626
2018-08-30,765.35,768.17,759.74,760.89,185695
2018-08-31,757.51,769.17,757.51,766.88,199040
2018-09-04,766.15,783.05,763.47,783.0,248726
2018-09-05,781.51,784.0,768.42,772.43,219157
2018-09-06,773.81,778.55,765.06,771.66,209315
2018-09-07,773.95,782.99,765.27,772.53,262373
2018-09-10,777.28,777.4,760.02,764.98,296533
2018-09-11,762.33,771.02,759.12,764.32,255399
2018-09-12,761.89,768.27,757.22,764.02,304519
2018-09-13,765.19,765.57,753.59,765.3,418461
2018-09-14,765.3,765.3,746.79,749.2,448815
2018-09-17,747.71,762.43,742.21,747.52,460785
2018-09-18,710.0,736.79,707.95,732.76,650941
2018-09-19,739.0,754.67,735.0,754.28,371189
2018-09-20,753.65,762.9,747.38,761.91,394280
2018-09-21,764.48,770.0,760.47,769.87,484422
2018-09-24,770.61,772.54,760.84,765.0,286743
2018-09-25,766.2,775.49,762.35,772.8,271235
2018-09-26,775.26,787.0,771.61,778.0,255151
2018-09-27,781.83,788.3,772.0,779.78,368497
2018-09-28,779.41,786.0,772.55,775.7,263009
2018-10-01,776.48,779.2,768.89,770.35,226795
2018-10-02,769.54,773.1,756.6,762.82,249523
2018-10-03,759.95,767.0,755.63,763.69,258758
2018-10-04,761.18,765.05,756.7,763.9,228694
2018-10-05,766.0,772.89,759.31,771.3,233563
2018-10-08,767.84,793.74,767.13,788.47,314963
2018-10-09,787.57,794.68,781.89,782.59,267311
2018-10-10,784.34,792.0,776.75,778.17,298129
2018-10-11,775.0,792.43,761.99,769.01,472654
2018-10-12,773.66,777.96,764.19,774.96,343101
2018-10-15,778.26,792.1,772.95,787.0,376101
2018-10-16,782.9,782.9,750.02,773.51,436703
2018-10-17,766.13,771.02,705.01,714.71,930388
2018-10-18,719.59,734.05,707.29,730.03,557193
2018-10-19,732.39,737.93,724.28,725.8,361989
2018-10-22,726.22,740.0,724.41,736.28,278549
2018-10-23,726.73,738.62,716.36,734.34,326651
2018-10-24,732.16,752.08,725.97,728.22,333213
2018-10-25,728.75,753.76,728.75,740.0,506528
2018-10-26,734.13,747.74,729.79,743.57,367152
2018-10-29,752.81,756.32,738.44,747.05,281407
2018-10-30,748.96,755.79,741.68,747.4,292587
2018-10-31,753.32,753.32,732.94,733.47,356129
2018-11-01,734.34,745.87,731.17,733.47,238694
2018-11-02,747.28,760.9,746.97,760.49,252543
2018-11-05,760.4,768.59,757.26,766.35,181679
2018-11-06,771.91,783.02,771.91,766.35,193065
2018-11-07,782.6,792.9,775.61,790.5,185879
2018-11-08,791.25,802.22,785.11,798.94,287923
2018-11-09,799.05,800.0,791.17,793.87,341255
2018-11-12,795.05,802.0,790.07,792.6,260104
2018-11-13,805.0,819.05,796.0,813.48,314441
2018-11-14,814.74,832.3,813.26,823.3,374906
2018-11-15,823.3,823.3,801.13,810.04,427799
2018-11-16,806.47,832.67,802.41,827.99,363508
2018-11-19,829.9,839.38,827.42,829.35,315209
2018-11-20,813.66,822.61,793.06,793.11,459408
2018-11-21,801.0,822.01,799.37,819.21,259314
2018-11-23,815.22,832.14,815.22,827.53,135948
2018-11-26,835.4,842.1,818.36,820.0,429011
2018-11-27,820.0,837.16,819.98,835.23,268689
2018-11-28,835.38,840.65,826.6,833.7,345952
2018-11-29,835.53,836.74,824.02,825.83,275077
2018-11-30,827.09,827.09,804.57,809.07,602706
2018-12-03,812.13,829.71,807.06,824.46,530081
2018-12-04,867.1,894.37,854.5,880.07,931511
2018-12-06,865.6,877.94,852.11,868.68,574557
2018-12-07,864.97,881.0,861.0,870.16,394567
2018-12-10,874.07,890.33,864.44,885.87,374286
2018-12-11,888.62,896.03,873.17,878.34,281760
2018-12-12,882.01,895.89,877.51,889.34,325777
2018-12-13,886.2,895.71,877.8,883.48,254727
2018-12-14,879.71,893.52,868.04,871.24,369395
2018-12-17,866.71,870.98,840.7,854.18,459126
2018-12-18,865.13,868.49,853.01,857.24,337468
2018-12-19,857.0,865.53,831.65,835.87,410824
2018-12-20,830.97,833.18,817.7,826.22,577251
2018-12-21,817.95,837.67,803.85,826.04,691410
2018-12-24,826.0,833.52,817.73,822.82,163327
2018-12-26,824.0,839.37,820.55,839.06,317351
2018-12-27,831.75,843.04,818.83,843.04,247998
2018-12-28,847.58,856.0,835.32,839.01,257523
2018-12-31,844.19,847.06,825.7,838.34,257206
2019-01-02,831.67,844.56,829.01,838.48,354334
2019-01-03,838.93,850.86,834.29,845.58,360317
2019-01-04,851.39,856.7,832.62,835.63,383844
2019-01-07,834.68,835.63,816.51,822.32,495419
2019-01-08,830.0,830.0,798.41,811.37,472392
2019-01-09,817.61,832.62,813.73,820.36,323900
2019-01-10,815.01,828.55,811.0,827.34,305895
2019-01-11,822.84,829.04,817.2,822.88,296938
2019-01-14,823.02,829.37,813.27,826.98,356906
2019-01-15,826.51,831.36,819.5,829.58,287195
2019-01-16,831.74,835.07,819.85,832.96,297350
2019-01-17,832.58,849.0,830.46,842.31,245851
2019-01-18,844.74,855.45,834.83,844.32,299701
2019-01-22,843.99,848.28,824.53,829.2,344939
2019-01-23,832.49,838.24,824.52,834.55,252342
2019-01-24,831.75,836.79,811.03,814.79,339936
2019-01-25,818.39,822.05,805.74,814.64,319100
2019-01-28,812.09,821.41,803.28,819.01,273760
2019-01-29,818.94,831.9,814.5,830.66,258301
2019-01-30,828.92,847.13,828.86,843.17,228597
2019-01-31,844.67,848.44,832.62,847.34,485397
2019-02-01,848.0,854.47,838.53,849.91,253943
2019-02-04,852.3,869.91,848.39,869.44,241524
2019-02-05,873.74,878.02,863.59,869.42,280637
2019-02-06,870.86,873.98,863.98,868.08,234037
2019-02-07,874.88,879.95,860.0,878.77,315162
2019-02-08,873.16,889.88,868.75,874.08,278804
2019-02-11,875.38,888.87,871.33,887.91,274250
2019-02-12,888.55,899.99,887.92,890.9,362748
2019-02-13,890.44,894.55,882.87,891.36,288500
2019-02-14,888.04,908.77,885.51,891.36,321398
2019-02-15,911.28,922.28,909.0,919.75,293014
2019-02-19,920.0,926.75,910.01,916.68,264261
2019-02-20,917.0,925.0,908.92,921.14,270263
2019-02-21,921.96,921.96,905.39,906.33,244553
2019-02-22,910.65,914.24,901.04,911.66,239064
2019-02-25,913.4,914.83,886.95,889.6,363709
2019-02-26,951.2,964.39,932.39,935.0,779715
2019-02-27,900.0,925.85,900.0,911.93,430019
2019-02-28,910.16,938.97,910.16,938.97,667396
2019-03-01,945.39,946.0,919.58,929.32,465675
2019-03-04,934.41,939.0,916.85,932.95,297351
2019-03-05,935.0,948.0,930.42,939.83,286273
2019-03-06,944.22,952.99,934.78,935.35,297249
2019-03-07,933.91,943.62,932.13,940.55,441725
2019-03-08,939.12,942.0,929.34,934.73,250590
2019-03-11,948.11,948.7,937.66,940.03,288341
2019-03-12,942.82,942.82,924.25,934.61,248975
2019-03-13,936.58,942.73,932.91,940.58,300429
2019-03-14,943.7,952.71,938.29,950.22,374899
2019-03-15,950.71,962.46,943.87,962.23,366578
2019-03-18,961.84,984.73,961.84,975.59,418423
2019-03-19,980.0,988.24,976.38,978.99,313669
2019-03-20,976.09,982.98,970.8,980.98,292718
2019-03-21,984.5,1003.74,983.46,1001.09,290987
2019-03-22,999.97,1015.78,979.25,981.27,298682
2019-03-25,982.47,1002.0,982.47,995.86,195866
2019-03-26,999.31,1004.62,987.28,997.31,262281
2019-03-27,996.42,1007.58,989.53,1003.2,270293
2019-03-28,1004.91,1011.46,1003.65,1005.17,239128
2019-03-29,1010.14,1028.1,1005.02,1024.12,321875
2019-04-01,1041.99,1048.53,1018.22,1029.71,328476
2019-04-02,1032.0,1044.38,1029.79,1041.98,201383
2019-04-03,1046.56,1049.58,1041.84,1045.53,186830
2019-04-04,1044.47,1048.87,1033.95,1040.69,218696
2019-04-05,1045.0,1049.73,1037.27,1048.52,247690
2019-04-08,1048.16,1058.31,1044.0,1052.54,290106
2019-04-09,1050.0,1054.41,1037.66,1040.4,276430
2019-04-10,1046.88,1062.52,1042.32,1060.17,324925
2019-04-11,1063.67,1070.92,1058.73,1068.57,254485
2019-04-12,1069.85,1072.22,1055.02,1060.3,247449
2019-04-15,1065.55,1074.67,1057.33,1064.59,323517
2019-04-16,1069.34,1069.96,1057.96,1061.59,246114
2019-04-17,1067.0,1069.47,1040.5,1051.37,230671
2019-04-18,1048.93,1050.27,1032.07,1045.05,243395
2019-04-22,1045.0,1047.11,1035.0,1035.2,233764
2019-04-23,1035.48,1060.76,1032.09,1047.76,308426
2019-04-24,1048.66,1056.94,1040.63,1042.6,206479
2019-04-25,1034.96,1046.62,1023.08,1042.35,369230
2019-04-26,1023.29,1043.23,1023.29,1033.55,277648
2019-04-29,1032.78,1035.86,1021.65,1022.5,198280
2019-04-30,1019.94,1030.45,1015.46,1028.31,254628
2019-05-01,1029.71,1045.89,1023.07,1023.9,236927
2019-05-02,1024.92,1039.43,1024.29,1038.31,189657
2019-05-03,1043.0,1048.94,1026.01,1033.38,253862
2019-05-06,1024.52,1038.99,1018.43,1030.64,228040
2019-05-07,1030.09,1033.64,1010.3,1015.36,232156
2019-05-08,1015.69,1019.47,1001.01,1005.6,229846
2019-05-09,1000.48,1008.1,994.42,1004.48,238835
2019-05-10,1000.03,1005.55,984.05,1000.59,250050
2019-05-13,990.15,993.53,980.62,982.56,269182
2019-05-14,981.88,992.81,979.7,989.8,262300
2019-05-15,987.37,988.7,975.59,978.36,203600
2019-05-16,979.11,992.72,970.34,981.34,270950
2019-05-17,976.37,993.18,976.37,984.09,279644
2019-05-20,984.38,991.52,974.67,977.83,426897
2019-05-21,1003.45,1037.52,980.72,1032.25,697657
2019-05-22,1021.4,1047.19,1021.0,1043.93,318031
2019-05-23,1037.22,1037.22,1020.25,1034.82,283418
2019-05-24,1039.07,1055.98,1036.72,1052.19,375257
2019-05-28,1055.25,1081.58,1049.48,1051.14,520604
2019-05-29,1042.92,1045.34,1021.52,1027.54,356969
2019-05-30,1032.96,1047.47,1031.3,1045.29,204926
2019-05-31,1030.5,1033.04,1010.01,1027.11,498828
2019-06-03,1027.12,1050.45,1027.12,1037.65,357055
2019-06-04,1044.31,1049.99,1031.39,1036.27,296031
2019-06-05,1045.1,1069.04,1041.95,1068.89,276468
2019-06-06,1074.1,1094.99,1058.04,1090.54,345182
2019-06-07,1094.57,1111.11,1094.57,1099.14,331618
2019-06-10,1105.05,1119.76,1096.73,1111.23,188124
2019-06-11,1114.23,1119.0,1092.97,1095.39,279749
2019-06-12,1095.9,1109.02,1090.28,1106.77,206805
2019-06-13,1115.53,1120.0,1107.46,1113.95,200125
2019-06-14,1116.53,1121.37,1108.06,1119.87,192484
2019-06-17,1124.04,1127.58,1119.13,1124.36,213491
2019-06-18,1128.55,1135.23,1123.87,1126.0,279480
2019-06-19,1124.13,1132.98,1105.72,1122.65,276476
2019-06-20,1124.98,1135.39,1113.4,1128.2,219152
2019-06-21,1125.98,1125.98,1110.26,1118.47,267411
2019-06-24,1121.99,1121.99,1103.21,1110.95,220302
2019-06-25,1109.18,1109.4,1096.36,1097.83,261848
2019-06-26,1096.1,1099.81,1079.01,1086.6,244304
2019-06-27,1090.67,1092.5,1077.36,1084.08,204745
2019-06-28,1094.93,1102.29,1085.23,1099.47,360702
2019-07-01,1109.0,1116.83,1091.82,1098.79,185556
2019-07-02,1102.79,1117.41,1100.14,1115.48,175118
2019-07-03,1119.71,1135.34,1116.66,1130.38,106467
2019-07-05,1129.65,1136.05,1124.06,1130.31,113674
2019-07-08,1131.79,1145.51,1129.58,1144.22,140172
2019-07-09,1143.38,1155.07,1139.85,1143.09,159316
2019-07-10,1147.12,1152.9,1139.74,1148.47,136575
2019-07-11,1148.97,1154.61,1144.29,1148.91,172987
2019-07-12,1147.18,1166.9,1147.18,1164.71,142316
2019-07-15,1169.33,1179.91,1163.72,1178.38,168278
2019-07-16,1179.61,1186.6,1169.67,1180.0,165575
2019-07-17,1182.62,1182.62,1158.55,1160.0,221107
2019-07-18,1152.0,1163.13,1123.14,1162.85,321572
2019-07-19,1166.27,1181.02,1161.73,1172.25,205698
2019-07-22,1172.48,1179.3,1166.13,1175.16,177374
2019-07-23,1175.29,1176.4,1157.03,1171.31,180149
2019-07-24,1171.3,1175.09,1162.34,1172.94,162407
2019-07-25,1167.44,1171.91,1142.11,1146.21,311776
2019-07-26,1146.0,1149.91,1142.49,1146.18,233883
2019-07-29,1143.14,1150.98,1139.72,1148.82,191944
2019-07-30,1146.78,1147.51,1139.59,1144.2,171856
2019-07-31,1142.42,1142.43,1108.33,1123.04,275052
2019-08-01,1124.17,1124.44,1094.54,1102.82,328125
2019-08-02,1097.34,1101.81,1086.83,1096.12,250665
2019-08-05,1082.35,1084.61,1054.62,1062.92,391485
2019-08-06,1062.59,1084.87,1054.46,1082.26,232680
2019-08-07,1076.8,1078.5,1057.06,1074.77,196616
2019-08-08,1077.66,1094.56,1077.66,1088.17,198874
2019-08-09,1087.13,1107.99,1084.37,1088.66,204140
2019-08-12,1085.46,1085.76,1065.35,1072.66,273014
2019-08-13,1050.0,1085.64,1032.6,1081.28,433830
2019-08-14,1070.06,1075.32,1058.91,1059.68,386348
2019-08-15,1062.48,1087.62,1053.45,1083.54,375875
2019-08-16,1086.22,1097.31,1080.0,1091.74,262081
2019-08-19,1099.71,1105.94,1088.34,1095.5,218333
2019-08-20,1099.35,1109.65,1090.78,1091.11,213139
2019-08-21,1099.28,1102.31,1084.76,1087.97,249885
2019-08-22,1086.04,1092.92,1074.32,1081.55,205308
2019-08-26,1072.1,1073.31,1059.92,1066.96,164524
2019-08-27,1071.48,1078.84,1061.47,1064.79,317783
2019-08-28,1064.0,1105.46,1060.5,1097.69,339683
2019-08-29,1102.81,1122.29,1101.67,1113.71,240008
2019-08-30,1123.84,1124.49,1095.57,1101.69,298345
2019-09-03,1097.97,1107.33,1087.57,1102.83,175792
2019-09-04,1112.23,1125.09,1100.83,1122.72,204393
2019-09-05,1128.01,1144.52,1128.01,1134.54,203680
2019-09-06,1141.65,1154.33,1137.7,1143.34,206214
2019-09-09,1148.92,1156.92,1122.84,1127.19,408082
2019-09-10,1126.68,1154.89,1116.91,1152.55,284690
2019-09-11,1155.22,1163.89,1135.15,1156.92,294446
2019-09-12,1157.7,1164.42,1126.17,1129.07,372323
2019-09-13,1131.75,1150.8,1129.45,1149.26,207150
2019-09-16,1147.07,1150.62,1126.92,1130.66,180995
2019-09-18,1157.6,1168.68,1156.0,1162.53,208462
2019-09-19,1168.06,1180.49,1155.78,1157.79,261585
2019-09-20,1172.5,1174.95,1157.01,1159.37,282484
2019-09-23,1160.94,1167.3,1147.26,1147.26,310859
2019-09-24,1160.0,1164.85,1082.11,1096.63,675885
2019-09-25,1096.82,1100.12,1082.04,1093.06,317631
2019-09-26,1091.45,1094.76,1070.31,1085.69,254288
2019-09-27,1089.17,1093.44,1078.13,1085.65,259057
2019-09-30,1084.39,1093.42,1078.5,1084.62,240106
2019-10-01,1081.8,1090.25,1075.49,1083.67,236762
2019-10-02,1078.89,1078.89,1049.15,1052.86,238689
2019-10-03,1054.06,1055.75,1039.74,1052.33,219186
2019-10-04,1052.6,1060.86,1044.15,1060.33,190815
2019-10-07,1057.4,1069.0,1054.53,1060.81,186437
2019-10-08,1053.38,1060.1,1049.28,1049.5,146464
2019-10-09,1060.14,1063.24,1049.53,1058.55,135543
2019-10-10,1060.9,1079.23,1060.9,1077.23,182966
2019-10-11,1084.69,1095.78,1082.5,1085.97,153017
2019-10-14,1083.64,1089.0,1074.92,1086.64,171092
2019-10-15,1087.52,1111.23,1087.52,1104.44,207297
2019-10-16,1104.02,1110.59,1096.92,1106.98,164924
2019-10-17,1107.69,1116.99,1100.88,1105.11,199268
2019-10-18,1107.5,1115.0,1102.55,1110.0,158149
2019-10-21,1112.58,1112.58,1098.62,1109.92,149846
2019-10-22,1110.79,1117.19,1099.01,1100.11,141878
2019-10-23,1100.0,1102.85,1090.78,1093.48,186857
2019-10-24,1110.0,1126.64,1109.69,1123.78,246678
2019-10-25,1122.97,1135.08,1120.45,1129.47,238296
2019-10-28,1129.46,1155.11,1129.46,1149.77,195475
2019-10-29,1148.05,1152.47,1138.86,1145.64,157281
2019-10-30,1142.9,1149.57,1134.16,1148.5,135859
2019-10-31,1143.11,1149.99,1136.15,1144.38,180200
2019-11-01,1148.03,1156.28,1140.65,1156.28,186469
2019-11-04,1164.51,1167.87,1139.29,1150.07,194728
2019-11-05,1150.07,1163.63,1145.7,1151.06,181948
2019-11-06,1152.18,1163.0,1144.12,1161.48,161557
2019-11-07,1166.61,1170.24,1160.11,1165.61,162220
2019-11-08,1166.59,1169.44,1155.9,1165.86,137498
2019-11-11,1163.21,1184.99,1163.21,1177.05,151890
2019-11-12,1161.89,1173.0,1156.17,1166.97,206657
2019-11-13,1161.57,1175.36,1154.15,1174.76,179725
2019-11-14,1168.59,1176.72,1167.01,1174.9,107829
2019-11-15,1175.81,1175.81,1161.39,1171.88,224204
2019-11-18,1172.01,1187.92,1166.17,1187.65,200846
2019-11-19,1186.08,1188.02,1165.78,1173.98,172333
2019-11-20,1172.8,1172.8,1152.01,1159.65,129357
2019-11-21,1164.66,1171.96,1157.02,1162.45,154870
2019-11-22,1159.3,1170.98,1157.88,1163.87,125683
2019-11-25,1167.25,1175.84,1166.34,1167.95,137062
2019-11-26,1169.13,1181.54,1167.74,1177.79,289382
2019-11-27,1177.55,1183.73,1175.57,1182.88,170908
2019-11-29,1184.99,1188.18,1176.28,1177.92,99213
2019-12-02,1181.54,1181.54,1169.24,1177.65,170231
2019-12-03,1171.0,1171.0,1144.57,1152.3,267185
2019-12-04,1152.01,1169.97,1150.07,1163.09,223073
2019-12-05,1164.69,1168.66,1157.76,1162.66,279040
2019-12-06,1167.0,1181.78,1166.44,1172.66,214459
2019-12-09,1175.65,1186.36,1167.47,1169.0,263125
2019-12-10,1240.0,1274.41,1225.23,1250.0,601291
2019-12-11,1266.56,1268.99,1231.96,1244.83,381982
2019-12-12,1239.17,1253.56,1227.69,1230.92,301276
2019-12-13,1242.34,1242.34,1225.46,1235.32,187856
2019-12-16,1234.0,1235.92,1221.43,1225.22,290112
2019-12-17,1232.15,1235.0,1220.1,1221.83,206290
2019-12-18,1222.27,1229.29,1214.26,1228.05,236691
2019-12-19,1222.16,1225.56,1212.47,1219.08,245099
2019-12-20,1228.48,1228.48,1219.28,1226.74,360542
2019-12-23,1225.42,1226.74,1213.85,1213.87,178528
2019-12-24,1213.4,1224.09,1213.4,1219.31,77224
2019-12-26,1217.26,1220.38,1209.44,1210.72,146976
2019-12-27,1211.97,1213.33,1200.23,1202.59,140695
2019-12-30,1205.83,1205.83,1179.51,1183.25,202490
2019-12-31,1184.22,1193.49,1182.77,1191.31,191478
2020-01-02,1194.86,1197.58,1179.61,1189.74,212177
2020-01-03,1175.74,1190.31,1175.74,1187.98,188757
2020-01-06,1167.01,1177.74,1147.14,1165.71,296896
2020-01-07,1160.67,1168.13,1141.39,1145.38,275178
2020-01-08,1141.63,1157.42,1137.35,1147.49,207991
2020-01-09,1152.07,1154.11,1144.15,1145.39,205968
2020-01-10,1151.0,1151.0,1130.54,1132.22,208106
2020-01-13,1128.98,1134.04,1118.79,1128.37,219903
2020-01-14,1125.43,1136.96,1115.47,1136.6,333016
2020-01-15,1129.83,1148.69,1129.83,1134.29,186368
2020-01-16,1143.94,1147.08,1136.35,1142.12,196626
2020-01-17,1144.53,1155.47,1140.0,1154.58,309998
2020-01-21,1152.1,1165.01,1149.36,1155.0,300213
2020-01-22,1155.77,1162.89,1146.09,1157.33,227289
2020-01-23,1151.56,1168.3,1149.0,1166.0,250323
2020-01-24,1166.35,1167.16,1136.78,1140.23,250109
2020-01-27,1123.22,1127.66,1112.7,1114.49,211958
2020-01-28,1116.63,1119.0,1104.13,1107.58,207575
2020-01-29,1108.2,1118.23,1096.08,1096.51,181309
2020-01-30,1089.75,1092.63,1079.92,1086.58,326404
2020-01-31,1080.92,1094.53,1056.11,1057.96,311031
2020-02-03,1062.13,1069.32,1050.17,1050.45,262531
2020-02-04,1058.16,1063.96,1042.92,1050.21,280348
2020-02-05,1056.34,1077.02,1050.73,1073.25,302068
2020-02-06,1075.26,1081.84,1061.69,1062.31,278537
2020-02-07,1057.06,1066.79,1047.87,1058.91,218483
2020-02-10,1061.24,1066.65,1052.29,1053.72,191563
2020-02-11,1052.37,1056.2,1048.51,1051.22,164712
2020-02-12,1054.64,1066.4,1048.09,1063.57,191385
2020-02-13,1057.69,1071.85,1057.69,1066.55,240228
2020-02-14,1068.24,1073.58,1047.43,1053.21,198731
2020-02-18,1075.0,1079.32,1066.36,1073.85,243359
2020-02-19,1074.91,1077.0,1066.06,1066.79,166472
2020-02-20,1065.49,1085.85,1065.49,1082.52,219089
2020-02-21,1077.17,1082.41,1062.65,1068.03,212169
2020-02-24,1051.9,1062.99,1043.0,1056.64,333769
2020-02-25,1059.73,1063.34,1031.38,1032.69,307819
2020-02-26,1039.54,1045.27,1010.77,1014.06,295328
2020-02-27,998.9,1033.5,994.55,1004.98,322691
2020-02-28,983.09,1037.05,977.06,1032.51,597832
2020-03-02,1042.0,1051.29,1013.34,1046.89,488185
2020-03-03,1003.99,1082.3,997.89,1024.71,828122
2020-03-04,1040.0,1063.25,1008.67,1058.24,501249
2020-03-05,1037.72,1043.25,1006.62,1029.87,347867
2020-03-06,1008.5,1066.71,1002.03,1060.31,375843
2020-03-09,1013.58,1126.0,1011.77,1113.69,576663
2020-03-10,1137.58,1166.21,1112.4,1148.3,612718
2020-03-11,1133.47,1133.47,1073.13,1089.03,424435
2020-03-12,1040.13,1045.8,976.9,978.19,423007
2020-03-13,1020.66,1020.66,939.64,1012.73,458560
2020-03-16,910.0,945.15,840.91,851.33,435143
2020-03-17,870.51,927.02,846.68,913.92,439243
2020-03-18,867.0,873.75,756.03,808.5,421641
2020-03-19,799.47,834.78,730.0,827.29,463081
2020-03-20,830.25,831.65,720.88,728.13,470234
2020-03-23,711.65,741.87,684.91,723.22,435145
2020-03-24,755.64,824.99,751.85,808.43,416909
2020-03-25,821.36,884.06,805.24,844.43,360010
2020-03-26,870.18,895.42,857.03,884.99,362739
2020-03-27,852.27,882.13,827.5,851.63,250972
2020-03-30,834.9,883.64,832.92,873.99,265310
2020-03-31,861.07,878.03,835.36,846.0,509749
2020-04-01,809.78,834.18,774.91,776.86,413977
2020-04-02,776.86,797.13,757.18,794.65,358047
2020-04-03,783.49,793.98,764.44,790.56,362028
2020-04-06,829.85,892.35,811.01,875.1,625732
2020-04-07,933.43,937.58,874.3,899.64,455552
2020-04-08,893.57,944.52,891.19,915.22,302693
2020-04-09,940.0,963.72,924.0,940.83,287847
2020-04-13,940.0,950.0,906.38,942.19,219246
2020-04-14,953.04,990.0,945.08,977.14,268823
2020-04-15,934.26,967.93,932.0,932.66,255389
2020-04-16,944.85,997.93,937.21,978.52,483953
2020-04-17,1006.14,1026.05,965.25,991.8,282312
2020-04-20,994.44,1001.91,972.93,988.15,185834
2020-04-21,975.0,990.0,973.06,978.85,196060
2020-04-22,988.68,1004.99,980.01,999.55,222689
2020-04-23,1012.32,1024.0,1005.02,1005.71,259887
2020-04-24,1017.64,1050.57,1008.59,1047.04,200355
2020-04-27,1054.76,1067.27,1049.31,1060.52,177305
2020-04-28,1063.77,1080.0,1051.8,1055.45,207763
2020-04-29,1078.0,1082.31,1051.27,1054.15,233160
2020-04-30,1040.84,1049.8,1017.95,1020.32,327421
2020-05-01,1001.05,1017.41,984.0,994.45,251069
2020-05-04,985.71,1023.13,982.3,1009.94,226899
2020-05-05,1021.52,1032.14,1014.88,1023.16,228667
2020-05-06,1029.09,1049.3,1007.92,1032.36,192698
2020-05-07,1042.56,1063.76,1007.17,1012.16,349540
2020-05-08,1032.34,1059.69,1017.26,1057.9,203801
2020-05-11,1051.39,1062.8,1036.49,1053.88,315766
2020-05-12,1061.0,1068.99,1044.64,1046.58,275245
2020-05-13,1048.76,1058.02,1024.24,1044.1,317997
2020-05-14,1029.69,1061.65,1023.06,1055.58,229289
2020-05-15,1049.25,1083.06,1049.25,1074.98,235691
2020-05-18,1097.51,1124.08,1083.0,1083.0,309447
2020-05-19,1117.67,1117.67,1091.83,1104.41,287325
2020-05-20,1116.37,1142.99,1105.02,1113.01,317394
2020-05-21,1111.83,1113.25,1094.76,1104.47,187248
2020-05-22,1106.69,1124.94,1088.13,1122.94,246622
2020-05-26,1167.57,1178.19,1115.0,1123.2,531071
2020-05-27,1140.0,1165.67,1110.01,1164.42,325502
2020-05-28,1171.4,1171.4,1138.42,1147.55,288578
2020-05-29,1141.28,1160.0,1137.2,1147.86,330366
2020-06-01,1145.48,1153.24,1135.65,1138.2,175661
2020-06-02,1138.76,1140.02,1120.0,1125.99,290325
2020-06-03,1127.39,1165.05,1127.39,1150.46,183256
2020-06-04,1141.34,1149.62,1124.24,1134.8,339270
2020-06-05,1155.22,1157.98,1133.7,1153.93,215032
2020-06-08,1140.45,1163.38,1136.15,1143.8,182925
2020-06-09,1138.19,1150.22,1131.79,1144.76,182144
2020-06-10,1144.02,1150.48,1122.0,1126.88,210745
2020-06-11,1109.17,1127.26,1090.97,1095.7,277549
2020-06-12,1119.0,1119.0,1082.02,1100.51,284074
2020-06-15,1077.41,1124.45,1074.45,1118.66,217871
2020-06-16,1145.28,1160.0,1121.84,1139.7,292024
2020-06-17,1144.98,1156.27,1129.95,1147.36,247864
2020-06-18,1140.85,1148.08,1128.19,1140.06,238574
2020-06-19,1159.37,1159.37,1121.74,1130.6,330254
2020-06-22,1130.0,1146.67,1120.02,1139.68,217791
2020-06-23,1144.66,1149.17,1133.32,1135.02,173470
2020-06-24,1129.01,1129.01,1098.82,1100.21,229477
2020-06-25,1096.71,1108.1,1081.54,1103.3,168031
2020-06-26,1099.9,1111.2,1097.86,1104.93,335809
2020-06-29,1116.13,1129.71,1098.73,1127.92,199041
2020-06-30,1128.1,1135.8,1111.58,1128.12,174150
2020-07-01,1125.22,1139.0,1108.0,1130.48,251183
2020-07-02,1139.82,1152.96,1135.35,1148.97,249810
2020-07-06,1157.57,1160.0,1133.62,1137.38,230334
2020-07-07,1137.3,1145.21,1127.45,1128.58,138616
2020-07-08,1127.49,1130.85,1104.01,1117.98,157498
2020-07-09,1116.32,1116.32,1095.0,1107.76,118604
2020-07-10,1106.21,1114.63,1090.12,1113.59,160097
2020-07-13,1119.99,1131.59,1106.3,1108.33,162887
2020-07-14,1108.21,1137.62,1107.33,1133.37,218479
2020-07-15,1145.96,1156.16,1141.5,1149.23,295903
2020-07-16,1150.07,1158.03,1147.55,1149.32,154116
2020-07-17,1156.85,1158.69,1136.12,1157.3,139148
2020-07-20,1157.38,1163.8,1145.37,1156.12,113689
2020-07-21,1153.74,1164.17,1146.12,1155.77,143611
2020-07-22,1159.9,1175.97,1159.9,1168.98,212070
2020-07-23,1178.03,1179.41,1159.96,1168.46,162226
2020-07-24,1168.29,1178.55,1162.05,1168.59,136086
2020-07-27,1169.15,1179.78,1162.09,1170.8,228656
2020-07-28,1171.08,1180.0,1164.77,1166.15,142134
2020-07-29,1169.87,1185.1,1163.99,1179.55,187657
2020-07-30,1193.93,1230.54,1193.93,1209.75,253263
2020-07-31,1210.58,1210.58,1190.22,1207.42,181763
2020-08-03,1212.69,1217.25,1199.81,1206.9,158451
2020-08-04,1203.73,1224.95,1191.72,1206.04,132887
2020-08-05,1209.31,1209.35,1192.61,1192.61,236145
2020-08-06,1181.7,1194.97,1177.42,1178.37,157699
2020-08-07,1178.37,1184.95,1170.22,1182.22,200916
2020-08-10,1185.26,1186.88,1169.14,1174.72,128558
2020-08-11,1179.2,1182.87,1160.78,1171.56,162751
2020-08-12,1176.85,1193.79,1174.45,1188.37,167012
2020-08-13,1183.36,1190.92,1177.31,1187.14,103893
2020-08-14,1190.07,1207.18,1190.0,1196.05,124074
2020-08-17,1199.01,1210.65,1198.65,1207.75,236890
2020-08-18,1215.7,1227.27,1203.66,1211.81,252182
2020-08-19,1213.57,1221.48,1200.36,1210.0,131457
2020-08-20,1204.86,1213.23,1196.33,1203.5,120485
2020-08-21,1206.07,1211.31,1200.94,1209.07,143442
2020-08-24,1211.61,1219.13,1201.45,1209.93,143212
2020-08-25,1209.93,1213.98,1188.44,1201.66,132616
2020-08-26,1198.43,1208.48,1188.7,1198.01,152803
2020-08-27,1203.17,1204.46,1193.8,1195.89,136072
2020-08-28,1193.11,1199.71,1178.79,1189.12,152613
2020-08-31,1188.68,1200.85,1175.92,1196.31,226333
2020-09-01,1198.35,1223.47,1193.9,1222.43,225425
2020-09-02,1227.64,1267.93,1225.62,1250.35,216054
2020-09-03,1245.07,1246.89,1205.15,1215.7,166244
2020-09-04,1216.55,1222.18,1194.65,1206.79,157763
2020-09-08,1204.78,1224.3,1196.43,1211.49,159753
2020-09-09,1216.98,1247.16,1212.76,1233.0,199913
2020-09-10,1235.68,1238.13,1208.55,1216.04,172183
2020-09-11,1222.66,1240.89,1216.72,1234.45,150458
2020-09-14,1248.96,1251.81,1232.25,1241.66,163472
2020-09-15,1247.73,1251.31,1239.9,1242.95,110982
2020-09-16,1250.56,1251.26,1225.91,1229.23,200939
2020-09-17,1229.0,1230.0,1214.49,1224.12,176700
2020-09-18,1214.81,1224.04,1188.47,1205.28,364080
2020-09-21,1196.26,1197.03,1164.8,1186.01,342541
2020-09-22,1224.17,1236.01,1155.0,1166.71,537115
2020-09-23,1174.44,1174.44,1128.01,1128.95,428484
2020-09-24,1129.11,1145.34,1108.62,1129.63,252110
2020-09-25,1121.76,1146.65,1120.55,1135.02,201571
2020-09-28,1145.48,1162.5,1140.35,1155.56,211772
2020-09-29,1150.78,1167.06,1146.0,1154.92,175921
2020-09-30,1153.64,1183.58,1153.64,1177.64,254889
2020-10-01,1181.06,1192.95,1168.19,1181.72,222745
2020-10-02,1169.81,1183.76,1158.86,1176.99,137320
2020-10-05,1174.17,1191.76,1174.17,1178.27,161142
2020-10-06,1180.75,1182.84,1132.12,1138.53,251591
2020-10-07,1146.46,1155.34,1136.0,1139.99,190985
2020-10-08,1146.11,1157.48,1145.92,1150.0,150832
2020-10-09,1156.65,1156.65,1137.08,1137.74,159997
2020-10-12,1142.62,1158.72,1129.78,1144.06,218935
2020-10-13,1142.21,1170.99,1142.21,1164.59,150041
2020-10-14,1192.55,1196.76,1163.38,1169.03,193767
2020-10-15,1160.0,1199.25,1154.28,1193.26,202636
2020-10-16,1192.44,1206.45,1184.5,1193.38,250231
2020-10-19,1194.53,1199.98,1174.33,1176.42,155893
2020-10-20,1177.59,1196.5,1176.72,1178.62,196051
2020-10-21,1179.77,1192.46,1174.55,1178.12,149803
2020-10-22,1176.47,1185.0,1168.0,1175.55,151421
2020-10-23,1180.51,1187.1,1161.46,1183.16,148937
2020-10-26,1168.75,1169.45,1141.79,1152.0,148776
2020-10-27,1155.36,1156.74,1132.3,1133.59,179215
2020-10-28,1119.83,1138.67,1112.13,1128.85,241357
2020-10-29,1128.5,1142.65,1118.49,1129.76,273852
2020-10-30,1128.02,1135.44,1115.36,1128.98,198224
2020-11-02,1138.55,1160.89,1123.96,1141.15,242782
2020-11-03,1147.25,1172.44,1127.41,1164.65,290598
2020-11-04,1168.1,1184.29,1153.71,1154.02,381927
2020-11-05,1170.11,1174.4,1145.94,1149.51,306040
2020-11-06,1153.46,1162.61,1137.74,1158.53,245183
2020-11-09,1182.84,1204.4,1150.96,1151.39,349318
2020-11-10,1151.27,1181.91,1150.05,1170.41,357375
2020-11-11,1182.13,1189.16,1171.65,1181.83,318394
2020-11-12,1179.83,1185.2,1152.06,1159.73,183938
2020-11-13,1160.92,1167.85,1145.9,1155.8,191199
2020-11-16,1164.28,1164.28,1137.57,1146.02,346738
2020-11-17,1135.8,1135.85,1111.69,1124.21,293742
2020-11-18,1118.78,1151.24,1118.78,1131.65,182410
2020-11-19,1129.32,1136.98,1114.68,1133.76,244492
2020-11-20,1133.5,1137.54,1112.01,1114.2,187948
2020-11-23,1114.07,1123.62,1106.74,1113.41,237326
2020-11-24,1123.44,1152.31,1112.48,1135.79,247822
2020-11-25,1137.39,1141.23,1120.55,1129.6,194236
2020-11-27,1127.54,1141.34,1118.28,1119.24,109731
2020-11-30,1114.81,1141.98,1106.62,1137.65,272502
2020-12-01,1148.23,1170.82,1140.33,1164.84,260254
2020-12-02,1157.95,1158.88,1130.33,1152.22,283331
2020-12-03,1147.08,1160.41,1144.0,1154.01,181404
2020-12-04,1150.88,1165.0,1150.79,1162.63,208374
2020-12-07,1169.9,1172.58,1141.63,1157.18,403514
2020-12-08,1128.0,1138.0,1085.85,1095.99,789646
2020-12-09,1107.17,1146.4,1098.69,1136.67,705649
2020-12-10,1127.57,1147.84,1122.47,1137.85,335260
2020-12-11,1146.11,1163.1,1137.0,1155.3,329659
2020-12-14,1159.63,1182.41,1142.74,1151.13,346187
2020-12-15,1157.33,1182.44,1150.14,1179.37,350063
2020-12-16,1186.25,1210.15,1180.61,1190.5,331008
2020-12-17,1196.51,1208.13,1172.45,1180.89,315440
2020-12-18,1180.68,1190.17,1174.78,1181.9,443420
2020-12-21,1177.17,1196.19,1166.21,1192.91,249753
2020-12-22,1192.04,1196.06,1177.65,1190.19,205064
2020-12-23,1187.72,1205.64,1179.55,1192.99,180301
2020-12-24,1195.94,1208.01,1187.13,1204.22,82345
2020-12-28,1210.48,1220.98,1186.73,1192.62,214188
2020-12-29,1192.36,1197.37,1172.41,1177.12,213824
2020-12-30,1177.61,1188.31,1175.29,1175.87,146096
2020-12-31,1173.58,1187.47,1169.01,1185.44,168568
2021-01-04,1183.56,1190.9,1166.64,1180.4,277574
2021-01-05,1175.84,1188.45,1164.16,1180.35,185261
2021-01-06,1175.34,1231.77,1175.34,1229.7,270199
2021-01-07,1228.27,1249.02,1218.72,1246.04,216054
2021-01-08,1248.76,1257.53,1240.88,1252.92,208817
2021-01-11,1248.59,1269.33,1246.72,1265.46,207743
2021-01-12,1265.84,1297.82,1264.5,1282.15,256258
2021-01-13,1276.96,1279.07,1253.18,1259.44,237305
2021-01-14,1265.88,1266.54,1242.34,1248.02,184055
2021-01-15,1242.97,1249.36,1238.13,1248.33,257431
2021-01-19,1248.0,1251.73,1230.19,1238.29,230836
2021-01-20,1239.17,1244.54,1226.24,1239.98,168792
2021-01-21,1239.34,1251.37,1236.35,1246.41,204567
2021-01-22,1241.39,1241.39,1225.37,1227.16,181321
2021-01-25,1227.0,1227.01,1179.79,1196.04,322572
2021-01-26,1200.26,1203.05,1177.0,1194.55,251387
2021-01-27,1184.75,1189.56,1116.0,1137.21,555001
2021-01-28,1137.29,1162.21,1133.18,1146.64,402370
2021-01-29,1145.0,1147.03,1111.71,1118.37,349121
2021-02-01,1125.0,1168.48,1122.24,1159.33,292693
2021-02-02,1160.16,1206.21,1160.16,1193.67,242524
2021-02-03,1187.84,1203.4,1181.01,1194.6,160540
2021-02-04,1200.0,1224.89,1198.81,1220.39,207413
2021-02-05,1230.51,1232.83,1215.39,1220.43,230950
2021-02-08,1220.43,1234.27,1219.71,1224.95,161199
2021-02-09,1224.6,1237.89,1217.39,1224.32,198691
2021-02-10,1235.16,1235.24,1211.14,1212.67,205039
2021-02-11,1210.97,1218.21,1139.18,1150.42,366368
2021-02-12,1151.12,1166.33,1143.33,1146.65,191141
2021-02-16,1143.0,1181.65,1143.0,1173.32,225236
2021-02-17,1165.37,1200.47,1165.37,1192.97,184811
2021-02-18,1190.45,1217.68,1185.37,1211.29,187423
2021-02-19,1212.34,1222.5,1198.31,1205.73,208151
2021-02-22,1207.47,1207.47,1183.8,1188.59,260859
2021-02-23,1195.31,1197.22,1175.11,1185.19,221002
2021-02-24,1182.23,1194.02,1168.06,1189.86,217819
2021-02-25,1185.62,1199.88,1155.67,1160.57,300549
2021-02-26,1170.04,1184.0,1159.45,1159.92,352993
2021-03-01,1173.8,1180.95,1164.41,1169.39,339710
2021-03-02,1184.9,1200.0,1146.95,1180.0,380081
2021-03-03,1184.01,1191.68,1150.76,1179.74,351233
2021-03-04,1178.2,1189.19,1145.16,1168.44,314609
2021-03-05,1174.68,1225.69,1168.0,1220.25,271245
2021-03-08,1220.0,1251.75,1220.0,1241.11,247220
2021-03-09,1254.63,1256.95,1222.42,1222.49,194500
2021-03-10,1230.56,1263.76,1213.79,1256.0,260753
2021-03-11,1255.98,1276.9,1246.56,1261.93,228185
2021-03-12,1268.04,1290.63,1266.29,1285.52,210581
2021-03-15,1283.44,1297.05,1274.48,1295.22,171445
2021-03-16,1294.54,1303.25,1279.41,1299.0,260121
2021-03-17,1306.3,1307.23,1285.22,1290.94,287829
2021-03-18,1286.92,1313.81,1286.79,1303.58,224135
2021-03-19,1299.26,1339.87,1293.05,1324.76,526346
2021-03-22,1325.95,1343.92,1325.61,1341.22,262679
2021-03-23,1343.06,1354.18,1322.75,1323.57,235833
2021-03-24,1330.56,1363.63,1329.21,1353.49,283655
2021-03-25,1349.47,1378.2,1343.31,1374.41,301304
2021-03-26,1374.26,1424.01,1370.79,1413.73,289128
2021-03-29,1416.84,1440.55,1409.94,1432.28,251696
2021-03-30,1432.28,1446.24,1405.28,1425.36,228253
2021-03-31,1429.83,1429.83,1402.2,1404.3,224241
2021-04-01,1407.92,1422.91,1397.2,1418.84,164707
2021-04-05,1425.0,1431.93,1413.06,1415.88,148706
2021-04-06,1410.53,1441.0,1409.04,1431.85,208121
2021-04-07,1438.08,1439.96,1414.23,1423.27,168828
2021-04-08,1421.22,1423.32,1408.12,1417.15,137925
2021-04-09,1422.27,1441.89,1409.73,1438.5,240023
2021-04-12,1439.8,1458.18,1433.49,1454.19,207868
2021-04-13,1454.91,1454.91,1430.5,1435.91,147809
2021-04-14,1437.85,1455.36,1424.1,1450.89,171197
2021-04-15,1451.01,1470.93,1450.72,1467.44,108080
2021-04-16,1475.84,1499.74,1468.88,1495.84,237595
2021-04-19,1495.74,1516.59,1494.2,1504.3,149850
2021-04-20,1512.35,1524.98,1501.69,1514.11,161042
2021-04-21,1500.97,1515.87,1483.55,1486.89,199865
2021-04-22,1488.61,1490.73,1465.1,1478.87,181600
2021-04-23,1487.02,1487.02,1451.77,1471.35,178192
2021-04-26,1466.52,1467.0,1443.18,1443.88,169782
2021-04-27,1451.33,1462.16,1441.7,1455.79,188348
2021-04-28,1464.25,1478.85,1453.14,1460.0,171796
2021-04-29,1468.27,1478.56,1452.07,1474.96,190344
2021-04-30,1472.45,1477.81,1463.34,1464.12,201507
2021-05-04,1479.86,1488.49,1469.86,1477.0,210203
2021-05-05,1481.01,1472.11,1457.59,1472.11,129105
2021-05-06,1478.0,1493.01,1474.84,1488.85,179989
2021-05-07,1491.47,1510.08,1480.26,1507.2,161864
2021-05-10,1513.17,1542.3,1507.28,1519.62,187083
2021-05-11,1513.89,1516.11,1478.68,1495.13,193194
2021-05-12,1505.25,1519.76,1488.88,1495.88,267790
2021-05-13,1495.19,1541.26,1495.19,1533.76,180894
2021-05-17,1529.41,1540.27,1523.34,1531.89,138605
2021-05-18,1532.09,1538.95,1509.3,1510.87,160181
2021-05-19,1500.29,1502.48,1458.62,1466.82,220897
2021-05-20,1466.8,1488.64,1466.62,1471.77,139937
2021-05-21,1475.01,1487.17,1452.75,1460.26,283096
2021-05-24,1461.03,1472.16,1442.24,1448.4,251226
2021-05-25,1453.6,1455.0,1411.23,1420.56,432773
2021-05-26,1415.61,1419.02,1388.85,1410.0,287199
2021-05-27,1420.64,1425.52,1406.06,1411.22,237122
2021-05-28,1408.0,1422.48,1405.53,1406.6,175351
2021-06-01,1414.81,1415.72,1398.02,1410.85,198016
2021-06-02,1419.61,1419.61,1400.0,1404.67,160826
2021-06-03,1391.91,1401.21,1388.9,1392.2,174581
2021-06-04,1397.04,1397.04,1367.96,1387.21,192710
2021-06-07,1381.38,1394.92,1373.48,1384.65,215162
2021-06-08,1384.35,1399.93,1375.06,1393.13,173044
2021-06-09,1393.19,1394.8,1381.47,1386.85,134134
2021-06-10,1390.24,1392.54,1371.14,1374.53,209990
2021-06-11,1378.82,1395.66,1376.23,1394.61,157318
2021-06-14,1394.77,1399.06,1374.53,1385.99,174965
2021-06-15,1390.14,1404.22,1377.03,1403.04,191667
2021-06-16,1398.26,1402.6,1383.97,1390.47,156576
2021-06-17,1397.47,1397.47,1374.13,1390.9,171319
2021-06-18,1376.77,1398.23,1376.77,1386.28,329608
2021-06-21,1400.0,1419.59,1399.61,1415.6,160236
2021-06-22,1418.6,1440.06,1411.4,1434.5,169135
2021-06-23,1436.54,1449.95,1418.26,1443.03,174267
2021-06-24,1447.2,1459.55,1441.84,1454.55,178926
2021-06-25,1454.87,1486.21,1454.56,1479.27,439077
2021-06-28,1479.21,1498.44,1472.31,1496.16,181762
2021-06-29,1500.0,1503.3,1486.97,1491.7,151050
2021-06-30,1496.0,1504.37,1488.04,1492.22,154935
2021-07-01,1497.65,1528.78,1494.97,1525.73,182711
2021-07-02,1525.81,1551.49,1525.81,1549.45,144508
2021-07-06,1546.85,1554.9,1535.82,1542.25,193036
2021-07-09,1556.14,1566.16,1545.3,1564.53,177502
2021-07-12,1563.26,1585.31,1556.6,1577.55,163207
2021-07-13,1573.04,1579.45,1552.44,1557.36,156369
2021-07-14,1558.34,1582.41,1554.98,1579.97,122754
2021-07-15,1574.15,1599.81,1573.13,1597.08,165045
2021-07-16,1600.0,1612.33,1593.49,1605.3,141906
2021-07-19,1606.04,1612.0,1571.48,1584.57,181894
2021-07-20,1587.76,1611.55,1587.76,1601.75,167705
2021-07-21,1602.96,1608.98,1579.38,1591.25,142204
2021-07-22,1591.84,1600.0,1580.91,1593.9,148027
2021-07-23,1598.0,1632.81,1591.43,1632.13,118758
2021-07-26,1629.88,1633.8,1614.97,1622.16,148984
2021-07-27,1615.02,1628.21,1600.85,1624.95,130803
2021-07-28,1629.48,1631.21,1606.97,1608.6,110286
2021-07-29,1615.68,1633.51,1594.05,1625.91,142304
2021-07-30,1623.87,1631.0,1614.01,1623.57,132154
2021-08-02,1633.44,1638.31,1609.55,1634.01,150286
2021-08-03,1628.42,1666.63,1628.42,1660.11,137818
2021-08-04,1661.89,1663.75,1634.39,1644.9,139148
2021-08-05,1654.17,1658.03,1625.73,1639.61,109131
2021-08-06,1637.73,1646.68,1626.17,1629.85,112543
2021-08-09,1632.15,1636.6,1612.13,1616.74,108973
2021-08-10,1618.83,1643.98,1613.79,1632.82,162966
2021-08-11,1634.06,1650.04,1633.37,1637.19,103982
2021-08-12,1636.23,1639.23,1619.02,1630.5,130176
2021-08-13,1630.11,1634.64,1609.04,1612.61,118821
2021-08-16,1610.0,1635.64,1607.13,1633.07,140977
2021-08-17,1627.46,1630.0,1599.71,1616.47,133451
2021-08-18,1614.85,1632.32,1607.39,1613.8,114774
2021-08-19,1601.57,1641.28,1600.0,1632.64,106794
2021-08-20,1637.41,1653.87,1630.99,1640.76,154582
2021-08-23,1643.59,1656.29,1617.45,1622.98,120312
2021-08-24,1615.97,1624.29,1594.71,1599.98,150326
2021-08-25,1597.42,1617.22,1588.74,1613.41,123335
2021-08-26,1607.94,1607.94,1586.79,1588.9,151104
2021-08-27,1578.59,1578.59,1544.31,1548.49,231367
2021-08-30,1555.75,1562.88,1544.01,1555.71,166699
2021-08-31,1551.02,1559.95,1540.41,1549.15,250950
2021-09-01,1553.09,1553.58,1530.02,1540.09,207214
2021-09-02,1538.56,1545.6,1503.3,1520.65,213248
2021-09-03,1516.38,1540.34,1508.86,1537.25,149610
2021-09-07,1529.99,1545.38,1522.96,1526.22,131339
2021-09-08,1529.19,1558.06,1521.01,1556.35,152207
2021-09-09,1557.23,1564.7,1547.32,1551.89,119284
2021-09-10,1557.92,1567.37,1548.85,1550.56,117305
2021-09-13,1548.63,1561.2,1540.98,1553.1,179453
2021-09-14,1563.64,1565.96,1550.61,1563.77,164137
2021-09-15,1568.52,1597.88,1552.65,1596.72,155690
2021-09-16,1605.45,1616.17,1591.05,1607.42,135824
2021-09-17,1602.66,1619.81,1592.58,1592.88,263158
2021-09-20,1583.62,1597.63,1559.43,1585.16,221302
2021-09-21,1616.0,1660.0,1605.97,1643.07,287742
2021-09-22,1655.0,1694.27,1642.05,1683.76,238882
2021-09-23,1692.39,1704.02,1675.0,1687.79,210191
2021-09-24,1660.0,1703.0,1660.0,1694.83,218489
2021-09-27,1692.4,1702.55,1678.51,1691.33,160547
2021-09-28,1694.1,1701.35,1668.92,1688.57,153402
2021-09-29,1697.6,1738.78,1688.77,1737.0,228612
2021-09-30,1727.34,1734.01,1679.21,1697.99,327374
2021-10-01,1706.77,1706.77,1657.46,1672.28,200602
2021-10-04,1663.44,1676.74,1634.34,1642.51,190211
2021-10-05,1655.03,1673.27,1639.12,1651.22,169914
2021-10-06,1660.19,1679.92,1647.29,1663.81,205261
2021-10-07,1662.28,1690.82,1654.27,1683.73,158041
2021-10-08,1681.08,1699.3,1666.71,1681.37,125756
2021-10-11,1680.19,1697.47,1674.03,1674.08,109775
2021-10-12,1677.31,1679.82,1657.23,1677.29,124794
2021-10-13,1675.25,1687.99,1649.59,1683.08,140803
2021-10-14,1689.43,1719.97,1685.98,1717.55,147767
2021-10-15,1731.96,1741.91,1722.43,1736.03,177277
2021-10-18,1733.43,1767.88,1730.35,1758.49,237950
2021-10-19,1758.33,1777.92,1753.72,1764.21,174825
2021-10-20,1771.27,1791.97,1763.66,1769.05,191511
2021-10-21,1781.5,1815.57,1780.72,1807.68,185237
2021-10-22,1811.23,1840.55,1793.5,1832.89,175232
2021-10-25,1839.21,1844.99,1812.23,1821.09,142482
2021-10-26,1828.3,1833.0,1812.1,1826.0,138954
2021-10-27,1824.88,1837.54,1817.84,1825.86,138189
2021-10-28,1825.27,1831.39,1775.45,1780.1,203702
2021-10-29,1779.73,1796.92,1772.04,1784.84,232311
2021-11-01,1794.05,1801.0,1767.52,1779.44,177025
2021-11-02,1785.28,1802.95,1779.0,1788.15,180923
2021-11-03,1791.27,1799.31,1768.72,1791.68,140086
2021-11-04,1799.38,1832.49,1794.76,1809.05,145931
2021-11-05,1822.37,1830.0,1802.27,1817.94,116087
2021-11-08,1826.55,1835.0,1799.09,1820.93,140079
2021-11-09,1824.9,1868.69,1814.32,1866.38,190516
2021-11-10,1863.21,1897.52,1863.21,1881.42,195606
2021-11-11,1878.59,1904.0,1876.11,1886.89,129487
2021-11-12,1896.45,1904.84,1880.18,1886.23,120512
2021-11-15,1895.24,1921.37,1886.09,1911.84,153194
2021-11-16,1907.16,1941.36,1905.08,1911.28,140307
2021-11-17,1920.0,1922.35,1892.5,1893.84,122427
2021-11-18,1893.84,1893.84,1873.24,1875.85,138530
2021-11-19,1886.9,1886.9,1856.99,1859.68,206673
2021-11-22,1860.28,1875.89,1851.38,1864.88,114403
2021-11-23,1874.15,1883.78,1849.57,1880.1,119331
2021-11-24,1866.32,1870.44,1852.0,1855.05,122927
2021-11-26,1836.51,1843.14,1806.89,1814.18,90605
2021-11-29,1828.1,1855.43,1815.82,1838.69,137302
2021-11-30,1835.0,1852.8,1812.97,1817.07,218350
2021-12-01,1835.57,1861.15,1806.83,1806.83,139015
2021-12-02,1817.59,1873.86,1816.02,1868.29,146950
2021-12-03,1875.46,1897.88,1855.14,1863.0,175547
2021-12-06,1877.81,1886.01,1858.23,1879.99,178675
2021-12-07,1914.37,2028.66,1890.71,2023.57,280428
2021-12-08,2013.76,2019.97,1940.6,1988.86,251101
2021-12-09,1978.23,2008.24,1951.86,1965.83,268817
2021-12-10,1975.79,2006.67,1958.95,2003.02,161271
2021-12-13,2001.38,2001.39,1963.63,1986.1,169793
2021-12-14,1982.98,2011.21,1971.08,1999.54,158164
2021-12-15,1991.47,2053.0,1983.8,2048.59,166797
2021-12-16,2057.01,2065.72,2008.49,2011.22,169985
2021-12-17,2016.34,2016.34,1972.87,1996.37,342168
2021-12-20,1985.93,1997.84,1941.05,1994.3,170549
2021-12-21,2012.1,2012.1,1975.0,1990.37,124594
2021-12-22,1989.63,2028.0,1989.42,2024.16,92775
2021-12-23,2027.04,2039.51,2007.6,2014.5,103098
2021-12-27,2014.98,2047.89,2004.74,2047.06,72457
2021-12-28,2048.39,2064.17,2037.4,2059.94,83936
2021-12-29,2067.65,2110.0,2058.28,2104.04,100822
2021-12-30,2103.0,2107.21,2076.88,2084.52,76220
2021-12-31,2083.69,2107.9,2069.37,2096.39,105669
2022-01-03,2077.49,2089.19,2024.5,2045.11,150353
2022-01-04,2058.19,2098.39,2046.87,2080.25,148056
2022-01-05,2075.0,2096.9,2031.92,2034.03,196770
2022-01-06,2046.84,2075.8,2040.35,2062.49,135524
2022-01-07,2044.34,2049.21,2006.3,2014.77,130469
2022-01-10,1997.67,2015.01,1960.03,2012.66,147036
2022-01-11,2012.66,2025.24,1975.02,2000.98,138969
2022-01-12,2010.22,2055.09,2002.76,2052.88,195941
2022-01-13,2058.04,2077.07,2042.6,2048.4,114990
2022-01-14,2030.0,2057.71,2020.12,2033.48,123182
2022-01-18,2008.45,2012.76,1953.6,1967.56,178906
2022-01-19,1981.09,1991.97,1945.19,1945.89,120504
2022-01-20,1957.4,1988.68,1930.22,1932.71,151418
2022-01-21,1939.26,1964.5,1932.73,1942.17,171818
2022-01-24,1920.66,1979.83,1891.28,1972.13,285185
2022-01-25,1960.57,1964.09,1915.15,1930.94,202561
2022-01-26,1952.44,1952.44,1876.57,1881.7,242981
2022-01-27,1904.69,1927.5,1891.29,1907.73,185356
2022-01-28,1912.92,1952.54,1893.02,1951.16,166054
2022-01-31,1944.3,1996.37,1944.3,1986.35,243708
2022-02-01,1983.06,2014.88,1974.51,2011.57,192582
2022-02-02,2032.46,2071.07,2024.59,2064.18,198052
2022-02-03,2040.94,2078.73,2025.52,2030.17,223807
2022-02-04,2024.21,2041.1,1975.36,2018.7,175789
2022-02-07,2023.89,2045.53,1989.77,1996.5,182685
2022-02-08,1991.88,2047.6,1980.03,2017.01,157061
2022-02-09,2035.88,2047.44,1995.0,2005.31,142229
2022-02-10,1944.83,1952.37,1904.84,1939.54,355486
2022-02-11,1947.8,1991.58,1940.0,1949.11,182850
2022-02-14,1942.85,1947.16,1906.76,1924.6,190362
2022-02-15,1936.77,1938.58,1913.81,1933.9,152315
2022-02-16,1929.99,1947.67,1901.54,1927.47,137443
2022-02-17,1919.81,1933.11,1885.0,1893.11,133389
2022-02-18,1886.64,1931.97,1886.64,1920.01,122028
2022-02-22,1914.08,1927.66,1842.13,1850.9,182710
2022-02-23,1860.99,1863.83,1781.8,1794.28,221610
2022-02-24,1759.02,1799.73,1759.02,1794.77,215237
2022-02-25,1811.98,1869.93,1795.52,1864.63,187211
2022-02-28,1829.69,1875.0,1825.06,1863.39,294628
2022-03-01,1880.0,1953.96,1760.0,1817.06,394381
2022-03-02,1819.99,1891.52,1818.48,1878.77,243601
2022-03-03,1879.53,1895.68,1837.97,1885.35,162887
2022-03-04,1870.63,1897.21,1856.73,1891.36,167169
2022-03-07,1878.71,1903.04,1848.85,1860.3,234348
2022-03-08,1860.39,1907.12,1836.61,1849.12,186857
2022-03-09,1896.04,1903.51,1867.38,1884.56,172044
2022-03-10,1865.83,1870.91,1844.37,1867.9,122591
2022-03-11,1870.72,1894.68,1860.44,1864.59,98045
2022-03-14,1879.56,1905.0,1860.08,1869.23,164042
2022-03-15,1894.67,1928.38,1891.7,1923.94,181203
2022-03-16,1927.04,1975.6,1927.04,1970.74,393425
2022-03-17,1962.45,1970.5,1910.34,1945.3,207975
2022-03-18,1937.81,1954.37,1881.91,1952.75,308114
2022-03-21,1936.14,1960.32,1924.18,1938.69,169097
2022-03-22,1958.17,1965.2,1938.75,1946.82,193043
2022-03-23,1950.0,1977.41,1928.71,1972.28,186664
2022-03-24,1969.38,2014.41,1945.46,2013.61,161931
2022-03-25,2025.36,2043.48,1990.05,2027.29,185656
2022-03-28,2025.0,2034.86,2000.75,2019.54,165563
2022-03-29,2050.0,2082.2,2030.53,2077.73,254142
2022-03-30,2067.87,2078.0,2052.62,2064.08,168690
2022-03-31,2066.86,2072.36,2043.99,2044.58,166076
2022-04-01,2066.13,2067.31,1971.64,1974.51,214052
2022-04-04,1964.1,2017.99,1958.4,2016.38,168323
2022-04-05,1992.27,2046.24,1992.27,2041.53,162093
2022-04-06,2020.17,2074.99,2019.96,2072.75,168926
2022-04-07,2063.51,2160.49,2063.51,2155.59,246845
2022-04-08,2162.98,2221.57,2150.91,2190.56,205058
2022-04-11,2199.64,2204.22,2151.62,2158.48,194110
2022-04-12,2163.48,2186.39,2152.96,2168.44,143517
2022-04-13,2160.05,2172.18,2136.83,2171.43,132212
2022-04-14,2179.44,2193.71,2164.6,2164.6,91080
2022-04-18,2152.2,2190.88,2145.08,2174.65,139484
2022-04-19,2178.4,2202.03,2169.04,2196.79,121896
2022-04-20,2212.76,2267.23,2211.11,2254.03,158755
2022-04-21,2261.27,2267.4,2227.1,2233.31,122623
2022-04-22,2212.28,2212.59,2155.02,2160.27,149370
2022-04-25,2154.88,2204.66,2120.8,2195.68,165904
2022-04-26,2180.0,2229.48,2165.31,2195.94,224835
2022-04-27,2193.24,2225.0,2174.0,2181.34,152565
2022-04-28,2085.88,2085.88,2010.49,2014.44,333760
2022-04-29,2006.17,2006.17,1950.14,1955.47,275363
2022-05-02,1964.6,2009.99,1963.77,2006.69,188358
2022-05-03,2002.48,2014.0,1962.26,1976.29,141784
2022-05-04,1986.06,2054.58,1976.31,2054.58,165052
2022-05-05,2039.87,2043.11,1954.4,1973.09,138899
2022-05-06,1959.0,2002.03,1918.42,2000.0,170611
2022-05-09,1971.74,1992.42,1939.84,1951.66,172709
2022-05-10,1975.59,1984.41,1921.97,1950.89,162401
2022-05-11,1964.34,1974.96,1927.63,1930.98,174753
2022-05-12,1940.71,1981.19,1916.4,1954.76,189964
2022-05-13,1969.99,2022.6,1960.07,2001.11,186435
2022-05-16,1988.34,2034.1,1970.37,2023.49,133590
2022-05-17,2056.15,2056.15,2008.82,2031.87,196964
2022-05-18,2002.61,2002.61,1807.91,1839.62,382544
2022-05-19,1830.0,1919.57,1817.73,1889.39,304266
2022-05-20,1882.66,1886.53,1703.32,1771.68,443179
2022-05-23,1773.84,1821.13,1759.1,1805.22,314068
2022-05-24,1884.83,1916.76,1780.4,1910.22,403293
2022-05-25,1901.95,1978.08,1882.18,1964.66,293220
2022-05-26,1986.69,2039.91,1980.88,2028.96,235554
2022-05-27,2034.0,2069.34,2010.01,2055.39,226749
2022-05-31,2056.08,2082.07,2033.71,2059.65,244782
2022-06-01,2046.0,2060.4,2035.11,2035.11,153600
2022-06-02,2046.59,2062.91,1996.94,2061.3,136912
2022-06-03,2044.74,2070.3,2040.72,2058.04,94936
2022-06-06,2070.96,2107.43,2051.6,2099.06,149501
2022-06-07,2080.0,2121.72,2065.23,2119.98,120607
2022-06-08,2096.21,2120.63,2089.39,2092.35,104611
2022-06-09,2082.3,2130.5,2082.3,2101.15,133526
2022-06-10,2066.17,2084.79,2050.71,2064.46,112958
2022-06-13,2031.56,2056.11,2012.08,2026.66,160110
2022-06-14,2024.5,2068.55,2008.05,2033.58,166652
2022-06-15,2028.0,2054.34,1991.06,2013.81,173056
2022-06-16,2017.97,2024.18,1968.11,2001.16,201279
2022-06-17,1983.99,2005.0,1959.58,1992.55,412020
2022-06-21,2026.24,2037.76,1980.74,2032.12,151464
2022-06-22,2043.55,2090.91,2013.28,2071.62,144610
2022-06-23,2100.0,2119.28,2067.0,2108.64,154109
2022-06-24,2127.64,2175.27,2106.98,2158.91,442241
2022-06-27,2190.0,2200.22,2159.45,2169.27,166243
2022-06-28,2168.0,2195.57,2116.51,2125.33,194177
2022-06-29,2127.5,2165.04,2106.27,2140.0,137986
2022-06-30,2131.93,2173.15,2100.1,2149.12,232853
2022-07-01,2148.61,2165.06,2114.05,2159.81,110828
2022-07-05,2139.72,2160.0,2103.07,2140.39,185321
2022-07-06,2137.46,2182.5,2123.78,2167.54,160454
2022-07-07,2170.01,2177.32,2133.12,2168.6,113938
2022-07-08,2177.85,2210.16,2166.58,2182.37,149324
2022-07-11,2188.24,2189.23,2160.01,2160.01,129006
2022-07-12,2164.89,2190.63,2152.07,2158.6,95965
2022-07-13,2155.84,2197.83,2155.84,2174.89,120694
2022-07-14,2135.65,2185.11,2122.66,2175.34,180140
2022-07-15,2198.08,2218.85,2169.87,2215.03,152054
2022-07-18,2228.32,2246.41,2180.19,2191.8,132287
2022-07-19,2216.78,2224.32,2182.68,2224.32,169671
2022-07-20,2224.81,2234.88,2182.79,2194.53,143379
2022-07-21,2181.11,2200.25,2115.27,2138.75,247321
2022-07-22,2139.89,2163.03,2136.93,2147.62,146705
2022-07-25,2148.84,2169.33,2135.36,2144.87,118096
2022-07-26,2120.15,2133.17,2078.83,2097.4,202461
2022-07-27,2102.86,2144.96,2064.23,2132.67,137540
2022-07-28,2127.85,2146.79,2079.69,2130.45,205718
2022-07-29,2123.15,2141.54,2108.45,2137.39,156100
2022-08-01,2119.53,2170.52,2113.82,2161.36,126171
2022-08-02,2164.47,2164.47,2127.24,2153.92,144769
2022-08-03,2169.62,2183.37,2113.96,2148.03,128790
2022-08-04,2150.91,2191.18,2145.92,2164.13,154047
2022-08-05,2152.27,2196.64,2148.94,2195.19,92359
2022-08-08,2200.04,2230.64,2200.04,2218.67,90745
2022-08-09,2228.19,2241.52,2199.92,2222.51,111212
2022-08-10,2249.1,2250.35,2208.83,2223.27,142974
2022-08-11,2233.23,2244.11,2219.9,2230.83,101578
2022-08-12,2230.61,2259.23,2221.73,2259.18,129362
2022-08-15,2259.99,2293.19,2245.05,2285.96,116946
2022-08-16,2279.43,2362.24,2279.43,2329.52,191942
2022-08-17,2327.87,2354.2,2321.09,2328.6,169045
2022-08-18,2318.07,2353.19,2308.6,2320.09,133540
2022-08-19,2320.0,2340.84,2310.93,2332.09,121402
2022-08-22,2321.94,2344.59,2309.73,2310.67,118511
2022-08-23,2308.0,2318.64,2287.96,2291.49,97954
2022-08-24,2244.13,2246.28,2206.4,2231.81,194274
2022-08-25,2223.96,2227.34,2182.08,2223.6,134846
2022-08-26,2234.48,2234.48,2162.22,2163.02,118712
2022-08-29,2145.07,2186.79,2138.79,2167.36,124786
2022-08-30,2167.36,2169.1,2131.94,2137.02,96402
2022-08-31,2132.1,2147.83,2116.68,2119.21,169626
2022-09-01,2115.66,2146.64,2110.68,2145.59,133519
2022-09-02,2150.83,2160.99,2112.35,2120.88,137234
2022-09-06,2121.15,2145.73,2119.08,2130.86,119814
2022-09-07,2147.65,2197.86,2144.52,2197.06,130177
2022-09-08,2182.91,2200.09,2165.79,2193.25,114757
2022-09-09,2195.75,2214.8,2177.63,2199.08,110997
2022-09-12,2202.98,2222.17,2202.98,2220.38,137477
2022-09-13,2200.0,2200.2,2133.5,2138.36,152668
2022-09-14,2153.24,2153.24,2105.71,2133.01,141484
2022-09-15,2146.31,2155.9,2124.79,2144.94,173738
2022-09-16,2138.05,2185.13,2126.45,2165.65,263845
2022-09-19,2204.37,2220.0,2065.29,2097.59,403331
2022-09-20,2088.7,2148.15,2082.6,2131.47,253412
2022-09-21,2150.51,2172.4,2102.6,2104.02,146901
2022-09-22,2102.3,2102.3,2059.35,2082.64,157305
2022-09-23,2051.38,2106.42,2050.21,2096.84,187862
2022-09-26,2100.48,2135.0,2091.16,2093.68,198002
2022-09-27,2106.44,2130.26,2088.52,2099.5,181812
2022-09-28,2120.66,2179.25,2107.66,2169.44,143465
2022-09-29,2150.94,2161.62,2131.76,2159.02,125916
2022-09-30,2153.93,2165.94,2120.0,2141.93,171262
2022-10-03,2163.35,2205.85,2157.75,2197.71,141255
2022-10-04,2206.3,2219.01,2177.7,2205.03,136924
2022-10-05,2205.22,2273.64,2184.66,2245.45,162827
2022-10-06,2244.36,2258.48,2214.42,2215.88,180124
2022-10-07,2213.96,2213.96,2165.86,2174.0,139676
2022-10-10,2175.65,2235.75,2165.05,2233.54,138619
2022-10-11,2223.87,2293.86,2223.87,2267.51,182689
2022-10-12,2263.81,2271.46,2239.53,2245.99,162058
2022-10-13,2225.43,2291.06,2212.64,2282.76,193959
2022-10-14,2279.75,2300.0,2255.17,2255.17,165064
2022-10-17,2261.0,2305.0,2258.08,2289.79,141297
2022-10-18,2311.69,2323.42,2272.02,2306.86,156459
2022-10-19,2314.96,2330.07,2283.12,2289.8,133054
2022-10-20,2309.31,2309.31,2249.36,2258.83,195601
2022-10-21,2250.33,2307.48,2250.33,2301.03,197868
2022-10-24,2320.78,2423.8,2320.78,2407.52,209369
2022-10-25,2416.57,2463.24,2379.33,2439.89,222313
2022-10-26,2434.89,2450.0,2401.21,2423.68,125002
2022-10-27,2443.47,2548.47,2423.71,2521.77,235168
2022-10-28,2524.12,2554.67,2495.52,2543.5,209961
2022-10-31,2525.97,2560.01,2525.55,2532.88,188743
2022-11-01,2554.52,2554.52,2525.71,2535.0,130262
2022-11-02,2529.99,2541.33,2478.68,2478.68,157661
2022-11-03,2473.3,2499.51,2440.02,2478.46,123149
2022-11-04,2478.57,2495.93,2432.72,2465.1,155186
2022-11-07,2460.52,2524.2,2454.35,2505.01,89803
2022-11-08,2503.7,2525.19,2469.63,2495.6,101643
2022-11-09,2496.3,2507.05,2464.03,2464.89,108503
2022-11-10,2506.34,2511.59,2450.86,2467.66,181588
2022-11-11,2461.49,2461.49,2342.05,2408.99,201283
2022-11-14,2416.77,2479.27,2400.72,2446.88,142722
2022-11-15,2456.69,2459.21,2393.12,2425.6,156763
2022-11-16,2382.88,2480.15,2382.88,2450.51,161905
2022-11-17,2432.19,2449.25,2404.82,2420.82,120809
2022-11-18,2434.48,2462.32,2421.12,2460.84,98516
2022-11-21,2477.75,2510.97,2460.88,2501.0,100584
2022-11-22,2519.8,2537.12,2507.0,2528.81,79157
2022-11-23,2527.99,2538.54,2512.39,2516.58,95154
2022-11-25,2535.6,2575.29,2526.77,2562.12,60799
2022-11-28,2558.67,2572.45,2537.89,2545.98,132716
2022-11-29,2550.0,2570.0,2520.77,2556.05,124105
2022-11-30,2559.13,2587.6,2536.14,2579.0,183514
2022-12-01,2609.29,2610.05,2539.28,2552.97,126083
2022-12-02,2541.51,2579.69,2539.36,2571.59,152667
2022-12-05,2550.0,2566.69,2522.0,2526.92,198974
2022-12-06,2441.0,2499.5,2386.75,2456.92,401466
2022-12-07,2460.0,2487.0,2442.02,2455.26,164500
2022-12-08,2454.33,2497.8,2454.33,2488.9,132106
2022-12-09,2480.0,2491.81,2449.31,2454.99,124668
2022-12-12,2475.24,2475.78,2435.07,2451.95,123244
2022-12-13,2485.82,2492.18,2389.47,2393.46,178111
2022-12-14,2388.78,2402.62,2354.9,2360.47,159771
2022-12-15,2343.82,2372.34,2333.29,2358.5,212903
2022-12-16,2342.4,2389.9,2337.74,2380.45,326603
2022-12-19,2394.58,2406.06,2369.88,2379.17,157165
2022-12-20,2377.98,2400.0,2368.46,2384.15,112581
2022-12-21,2392.0,2434.37,2364.92,2430.48,138089
2022-12-22,2416.27,2416.27,2377.02,2403.86,120552
2022-12-23,2393.9,2440.6,2393.9,2430.65,66220
2022-12-27,2434.61,2465.39,2429.78,2454.32,83886
2022-12-28,2450.0,2481.01,2450.0,2461.63,100394
2022-12-29,2470.49,2489.6,2452.79,2464.38,74787
2022-12-30,2464.48,2471.57,2452.19,2466.18,69583
2023-01-03,2441.51,2454.71,2420.32,2431.06,134526
2023-01-04,2429.67,2454.37,2421.01,2445.46,122292
2023-01-05,2425.27,2450.0,2413.57,2416.57,155296
2023-01-06,2431.62,2498.05,2431.62,2486.64,150272
2023-01-09,2500.0,2500.0,2437.32,2441.75,142253
2023-01-10,2453.09,2455.37,2425.16,2435.52,105850
2023-01-11,2448.0,2453.82,2423.73,2433.23,115250
2023-01-12,2424.71,2424.71,2361.33,2363.0,171203
2023-01-13,2335.97,2395.24,2325.02,2368.88,122829
2023-01-17,2366.06,2384.34,2332.08,2355.88,152377
2023-01-18,2355.88,2360.99,2340.01,2344.93,125442
2023-01-19,2338.79,2352.41,2327.0,2327.54,113586
2023-01-20,2329.99,2333.99,2300.0,2326.61,146457
2023-01-23,2342.42,2342.42,2309.95,2318.96,143090
2023-01-24,2313.5,2350.5,2305.66,2341.56,142983
2023-01-25,2339.36,2381.46,2325.01,2357.81,166975
2023-01-26,2380.0,2431.19,2374.92,2415.27,193766
2023-01-27,2406.66,2424.67,2356.33,2369.34,189532
2023-01-30,2389.75,2440.69,2389.06,2428.58,169243
2023-01-31,2439.2,2449.99,2405.0,2438.85,155212
2023-02-01,2435.98,2497.85,2435.98,2495.68,179725
2023-02-02,2473.89,2502.32,2430.46,2443.55,228473
2023-02-03,2436.43,2455.37,2389.7,2398.51,163189
2023-02-06,2408.76,2443.13,2401.08,2425.88,128326
2023-02-07,2399.1,2422.67,2372.0,2419.81,123880
2023-02-08,2407.93,2435.47,2402.03,2424.36,139301
2023-02-09,2443.84,2504.4,2431.15,2490.28,206628
2023-02-10,2501.07,2560.36,2501.07,2513.69,227880
2023-02-13,2510.5,2546.37,2500.5,2543.51,106592
2023-02-14,2547.98,2559.96,2540.77,2546.27,107206
2023-02-15,2560.89,2582.35,2547.26,2580.27,124940
2023-02-16,2578.8,2586.85,2543.95,2571.35,125772
2023-02-17,2579.28,2605.62,2571.15,2605.62,131720
2023-02-21,2590.64,2605.23,2562.44,2573.14,166170
2023-02-22,2572.64,2581.92,2556.58,2567.36,176925
2023-02-23,2555.28,2575.29,2538.48,2571.46,105958
2023-02-24,2556.9,2564.56,2532.58,2540.56,148550
2023-02-27,2552.19,2576.1,2542.5,2572.25,242226
2023-02-28,2584.96,2584.96,2483.54,2486.54,284293
2023-03-01,2458.51,2468.83,2424.44,2456.37,209003
2023-03-02,2471.49,2497.58,2439.34,2485.63,157392
2023-03-03,2496.82,2503.36,2463.94,2497.34,157288
2023-03-06,2498.38,2523.08,2498.38,2520.0,147572
2023-03-07,2522.88,2529.66,2471.18,2474.83,157471
2023-03-08,2472.27,2477.0,2446.49,2459.57,106553
2023-03-09,2467.1,2467.1,2411.92,2422.19,139250
2023-03-10,2419.23,2441.0,2404.0,2421.39,144944
2023-03-13,2411.59,2461.38,2411.59,2429.86,138025
2023-03-14,2446.66,2446.66,2413.06,2427.41,164410
2023-03-15,2408.23,2430.08,2398.7,2415.68,211171
2023-03-16,2405.26,2427.5,2394.03,2413.32,112325
2023-03-17,2411.36,2411.36,2360.02,2365.0,198928
2023-03-20,2372.31,2400.0,2365.13,2391.17,140245
2023-03-21,2406.29,2409.49,2383.22,2394.95,93561
2023-03-22,2397.66,2397.66,2347.78,2349.3,109697
2023-03-23,2349.71,2356.84,2307.14,2307.82,155539
2023-03-24,2316.31,2338.52,2294.75,2329.4,148505
2023-03-27,2336.49,2386.55,2333.15,2368.55,220050
2023-03-28,2370.92,2411.49,2370.92,2405.22,139896
2023-03-29,2394.45,2406.07,2380.53,2395.37,167085
2023-03-30,2398.2,2418.33,2395.73,2406.19,132257
2023-03-31,2416.21,2460.15,2414.34,2458.15,186711
2023-04-03,2466.44,2530.32,2465.0,2511.54,207137
2023-04-04,2502.42,2513.87,2495.0,2502.05,120747
2023-04-05,2502.07,2511.77,2488.26,2494.44,159469
2023-04-06,2500.81,2531.38,2491.1,2530.68,142670
2023-04-10,2529.02,2562.54,2521.75,2554.44,171292
2023-04-11,2553.11,2570.02,2540.07,2559.54,106016
2023-04-12,2560.57,2603.81,2549.5,2598.89,168772
2023-04-13,2608.75,2625.71,2580.34,2618.65,124633
2023-04-14,2619.76,2643.07,2616.51,2638.32,97942
2023-04-17,2644.84,2668.43,2644.84,2665.41,139529
2023-04-18,2665.92,2691.99,2665.66,2681.65,153430
2023-04-19,2671.85,2686.04,2643.62,2663.16,140998
2023-04-20,2671.82,2703.0,2651.24,2701.84,139668
2023-04-21,2722.6,2722.6,2681.0,2681.41,135410
2023-04-24,2676.32,2689.88,2672.62,2677.12,132215
2023-04-25,2684.19,2697.36,2674.54,2678.34,109064
2023-04-26,2655.0,2690.43,2634.67,2644.83,141506
2023-04-27,2636.26,2664.5,2629.79,2660.73,105421
2023-04-28,2654.84,2667.99,2640.51,2663.31,106143
2023-05-01,2669.93,2710.21,2669.86,2679.54,132942
2023-05-02,2683.66,2708.24,2667.8,2702.89,120885
2023-05-03,2708.91,2717.57,2676.56,2677.58,148120
2023-05-04,2675.76,2681.85,2652.56,2661.6,87388
2023-05-05,2665.21,2698.08,2665.21,2691.58,75805
2023-05-08,2692.24,2715.07,2679.25,2709.54,77792
2023-05-09,2715.89,2737.12,2709.14,2726.51,120981
2023-05-10,2736.09,2750.0,2714.42,2733.65,110590
2023-05-11,2731.99,2735.36,2704.35,2715.2,119477
2023-05-12,2721.28,2744.25,2698.74,2729.06,110245
2023-05-15,2727.29,2727.29,2697.94,2706.53,105726
2023-05-16,2687.69,2711.65,2673.41,2673.46,106422
2023-05-17,2675.11,2692.42,2669.15,2679.55,103406
2023-05-18,2676.39,2687.14,2634.3,2648.95,133857
2023-05-19,2649.0,2657.38,2629.76,2653.18,153272
2023-05-22,2671.25,2679.5,2617.0,2619.8,179041
2023-05-23,2492.01,2548.25,2423.45,2463.41,489675
2023-05-24,2463.41,2474.74,2421.82,2423.62,269726
2023-05-25,2413.42,2467.27,2398.24,2459.75,295548
2023-05-26,2461.15,2471.47,2426.57,2460.79,214810
2023-05-30,2438.73,2459.9,2427.96,2454.64,209248
2023-05-31,2336.47,2390.86,2277.88,2386.84,645431
2023-06-01,2386.21,2406.62,2360.0,2373.58,260241
2023-06-02,2362.17,2398.26,2345.08,2381.23,241901
2023-06-05,2376.39,2397.42,2337.59,2339.95,266237
2023-06-06,2333.69,2341.57,2315.07,2323.05,228407
2023-06-07,2317.79,2340.74,2303.93,2306.65,235549
2023-06-08,2304.44,2361.68,2304.44,2360.61,290599
2023-06-09,2357.11,2378.94,2349.1,2363.19,153066
2023-06-12,2390.33,2424.99,2389.28,2415.0,228728
2023-06-13,2408.06,2423.52,2397.85,2420.95,193437
2023-06-14,2426.8,2438.95,2397.66,2399.42,196425
2023-06-15,2425.83,2506.7,2425.0,2497.37,256120
2023-06-16,2539.49,2539.49,2465.53,2493.83,417347
2023-06-20,2493.83,2493.83,2446.95,2453.07,215864
2023-06-21,2458.7,2482.97,2443.85,2446.28,175012
2023-06-22,2456.06,2456.06,2431.63,2438.63,100871
2023-06-23,2431.97,2439.11,2408.12,2423.73,448648
2023-06-26,2428.53,2484.28,2423.73,2476.55,211921
2023-06-27,2473.9,2497.36,2439.88,2439.88,220998
2023-06-28,2420.0,2469.77,2420.0,2437.63,172016
2023-06-29,2425.88,2467.63,2425.88,2455.4,140919
2023-07-03,2468.55,2500.0,2460.0,2483.48,112195
2023-07-05,2482.69,2502.83,2434.37,2492.43,153136
2023-07-06,2482.34,2507.21,2481.35,2491.1,193950
2023-07-07,2481.35,2487.62,2467.5,2469.51,157521
2023-07-10,2464.2,2537.83,2463.94,2513.56,172802
2023-07-11,2525.66,2556.66,2525.66,2553.01,122566
2023-07-12,2556.78,2584.76,2556.62,2573.38,189067
2023-07-13,2577.15,2580.0,2525.14,2538.18,134251
2023-07-14,2550.0,2567.69,2542.43,2556.59,124663
2023-07-17,2556.59,2571.65,2543.49,2544.23,95063
2023-07-18,2530.0,2531.49,2498.67,2528.09,153435
2023-07-19,2529.93,2552.51,2504.49,2505.89,230902
2023-07-20,2483.27,2497.25,2437.86,2460.0,229415
2023-07-21,2465.5,2475.77,2446.09,2457.93,131503
2023-07-24,2459.5,2497.59,2446.8,2494.79,126974
2023-07-25,2478.42,2510.35,2467.13,2501.22,139632
2023-07-26,2501.22,2508.14,2475.35,2492.73,109986
2023-07-27,2454.41,2488.54,2440.58,2446.92,175576
2023-07-28,2456.99,2491.29,2456.99,2477.77,111072
2023-07-31,2481.47,2489.37,2467.22,2481.72,106126
2023-08-01,2487.46,2502.69,2472.0,2481.1,119167
2023-08-02,2470.0,2492.7,2432.85,2433.89,191751
2023-08-03,2449.11,2486.88,2443.0,2476.95,142377
2023-08-04,2477.05,2479.6,2449.04,2450.99,127133
2023-08-07,2457.57,2475.0,2450.06,2464.01,120350
2023-08-08,2468.18,2472.78,2449.84,2461.11,102163
2023-08-09,2462.93,2480.7,2452.91,2466.56,86511
2023-08-10,2480.0,2489.92,2454.05,2462.89,120952
2023-08-11,2461.02,2494.09,2446.97,2483.83,90626
2023-08-14,2489.22,2517.5,2485.47,2517.17,133310
2023-08-15,2516.8,2537.1,2507.87,2510.42,136381
2023-08-16,2517.81,2530.36,2488.0,2489.52,124391
2023-08-17,2488.0,2505.0,2454.52,2457.28,153277
2023-08-18,2455.86,2482.95,2450.42,2458.39,221919
2023-08-21,2447.84,2459.15,2424.56,2449.8,132973
2023-08-22,2438.14,2456.44,2414.99,2450.2,104775
2023-08-23,2449.95,2481.7,2447.99,2475.01,106280
2023-08-24,2478.0,2486.7,2447.0,2447.54,108458
2023-08-25,2462.85,2468.94,2435.03,2453.4,109199
2023-08-28,2452.83,2486.23,2452.83,2469.13,98523
2023-08-29,2470.46,2530.9,2469.98,2527.5,143025
2023-08-30,2534.59,2573.92,2534.59,2563.18,133346
2023-08-31,2558.16,2563.65,2530.84,2531.33,136332
2023-09-01,2547.21,2547.21,2519.51,2542.39,75848
2023-09-05,2527.54,2569.49,2511.03,2556.06,113617
2023-09-06,2550.21,2578.51,2535.29,2568.89,96472
2023-09-07,2583.92,2600.71,2552.72,2572.21,128774
2023-09-08,2579.93,2628.61,2575.0,2619.29,139177
2023-09-11,2614.04,2623.86,2572.8,2572.96,145573
2023-09-12,2571.28,2582.54,2522.73,2527.08,136041
2023-09-13,2528.62,2554.88,2528.62,2531.04,141340
2023-09-14,2538.5,2578.48,2538.5,2576.1,126902
2023-09-15,2581.32,2581.32,2525.13,2529.68,266989
2023-09-18,2525.26,2538.49,2491.82,2522.1,169919
2023-09-19,2448.9,2531.34,2422.53,2475.12,284605
2023-09-20,2497.83,2595.0,2487.34,2583.36,161030
2023-09-21,2576.24,2576.24,2529.62,2530.76,161711
2023-09-22,2528.93,2576.05,2528.93,2570.27,112836
2023-09-25,2563.91,2595.58,2555.07,2580.3,114397
2023-09-26,2570.03,2599.25,2549.9,2553.37,128362
2023-09-27,2548.0,2557.27,2519.49,2540.9,154835
2023-09-28,2555.93,2566.43,2522.0,2559.48,84499
2023-09-29,2578.2,2578.26,2528.96,2539.99,149824
2023-10-02,2535.0,2552.8,2515.28,2522.93,108654
2023-10-03,2520.47,2528.22,2463.46,2472.04,100339
2023-10-04,2471.91,2509.21,2458.72,2497.6,118068
2023-10-05,2499.55,2527.47,2449.29,2521.68,118622
2023-10-06,2496.79,2566.56,2476.5,2549.04,165073
2023-10-09,2540.0,2570.0,2524.64,2564.93,109783
2023-10-10,2578.37,2601.92,2568.77,2577.58,112244
2023-10-11,2582.41,2582.41,2531.69,2571.86,98693
2023-10-12,2577.06,2577.06,2543.02,2561.65,105607
2023-10-13,2550.34,2569.07,2529.78,2552.7,121962
2023-10-16,2564.62,2617.35,2564.62,2602.75,138991
2023-10-17,2598.9,2651.89,2593.04,2650.7,117049
2023-10-18,2652.74,2658.18,2627.56,2629.4,146569
2023-10-19,2602.27,2629.7,2493.89,2494.66,182992
2023-10-20,2491.39,2526.08,2488.4,2488.55,128516
2023-10-23,2485.0,2485.0,2432.07,2432.82,130209
2023-10-24,2434.11,2459.01,2408.3,2416.54,162724
2023-10-25,2400.0,2441.64,2375.35,2436.12,161288
2023-10-26,2452.2,2489.18,2445.77,2450.73,150004
2023-10-27,2438.53,2460.0,2425.0,2446.17,150921
2023-10-30,2455.43,2482.09,2448.8,2469.7,114992
2023-10-31,2473.48,2488.28,2465.0,2477.13,87473
2023-11-01,2476.85,2499.99,2463.45,2490.72,130424
2023-11-02,2491.5,2555.1,2491.5,2546.02,138563
2023-11-03,2548.56,2598.14,2548.56,2574.54,132809
2023-11-06,2581.71,2609.01,2581.71,2605.82,107941
2023-11-07,2617.92,2660.0,2615.2,2650.45,119983
2023-11-08,2658.55,2675.0,2645.62,2652.85,122155
2023-11-09,2661.53,2686.61,2650.92,2678.96,132367
2023-11-10,2679.24,2712.91,2667.4,2702.34,161794
2023-11-13,2702.34,2734.16,2696.87,2707.12,156883
2023-11-14,2731.92,2733.2,2667.66,2684.53,200387
2023-11-15,2693.38,2698.4,2625.0,2686.42,167426
2023-11-16,2680.97,2683.47,2647.4,2658.23,151936
2023-11-17,2676.28,2676.28,2625.1,2627.05,152820
2023-11-20,2625.73,2664.24,2617.96,2649.25,120665
2023-11-21,2660.0,2683.69,2643.87,2676.09,86344
2023-11-22,2685.54,2685.54,2662.54,2671.77,93165
2023-11-24,2670.04,2690.0,2666.84,2688.0,37502
2023-11-27,2683.26,2688.53,2610.07,2613.15,198933
2023-11-28,2615.13,2636.69,2587.27,2602.18,121875
2023-11-29,2606.77,2613.63,2587.71,2596.51,160219
2023-11-30,2597.05,2624.91,2593.04,2609.93,266452
2023-12-01,2616.82,2644.57,2603.0,2641.75,233808
2023-12-04,2637.81,2674.0,2630.69,2664.11,205789
2023-12-05,2700.0,2704.01,2632.56,2671.13,221858
2023-12-06,2702.83,2730.64,2696.53,2710.62,173609
2023-12-07,2714.55,2730.4,2632.14,2632.7,180557
2023-12-08,2640.0,2640.0,2610.5,2620.49,110335
2023-12-11,2621.61,2642.61,2610.48,2633.5,112702
2023-12-12,2644.65,2663.6,2640.03,2661.25,113243
2023-12-13,2677.64,2724.11,2668.93,2719.78,132434
2023-12-14,2728.69,2728.69,2632.77,2636.69,187959
2023-12-15,2600.91,2634.62,2566.8,2628.05,357564
2023-12-18,2638.0,2639.08,2608.97,2637.36,106511
2023-12-19,2645.71,2661.98,2632.22,2649.32,117298
2023-12-20,2637.56,2661.0,2606.24,2607.34,128672
2023-12-21,2621.0,2634.35,2603.21,2612.67,99015
2023-12-22,2610.91,2645.48,2606.37,2608.69,91414
2023-12-26,2600.01,2605.99,2569.32,2569.36,131413
2023-12-27,2568.15,2581.36,2549.24,2573.32,94723
2023-12-28,2566.81,2583.5,2556.21,2567.65,68769
2023-12-29,2570.75,2585.87,2554.76,2585.61,116891
2024-01-02,2590.0,2623.58,2564.17,2568.5,177484
2024-01-03,2561.02,2612.32,2561.02,2567.59,168970
2024-01-04,2577.61,2584.78,2557.39,2557.41,127021
2024-01-05,2565.29,2575.49,2544.88,2550.93,190441
2024-01-08,2540.1,2560.9,2513.86,2553.93,135078
2024-01-09,2541.85,2546.35,2510.0,2521.28,139785
2024-01-10,2521.61,2542.91,2514.08,2537.16,152013
2024-01-11,2536.45,2548.62,2512.61,2546.65,108624
2024-01-12,2540.08,2577.22,2540.08,2569.1,109326
2024-01-16,2578.72,2671.4,2575.0,2669.56,205406
2024-01-17,2676.2,2692.63,2655.75,2669.21,144182
2024-01-18,2658.18,2724.99,2658.18,2722.98,183847
2024-01-19,2728.01,2774.99,2715.88,2746.44,195683
2024-01-22,2738.99,2779.99,2704.35,2770.99,220525
2024-01-23,2770.99,2783.52,2731.21,2768.31,155200
2024-01-24,2770.0,2770.0,2743.39,2751.62,113880
2024-01-25,2750.0,2759.93,2722.4,2748.61,124067
2024-01-26,2748.05,2780.24,2748.05,2780.24,103009
2024-01-29,2783.8,2806.71,2776.9,2794.44,148185
2024-01-30,2803.71,2849.99,2785.07,2838.66,170348
2024-01-31,2828.63,2840.8,2758.67,2762.13,202565
2024-02-01,2751.85,2800.14,2747.0,2798.15,176473
2024-02-02,2794.97,2841.81,2773.81,2821.89,167710
2024-02-05,2801.12,2810.2,2769.82,2803.98,134739
2024-02-06,2799.83,2820.0,2792.97,2811.86,138745
2024-02-07,2812.0,2855.21,2807.2,2842.54,153247
2024-02-08,2757.0,2798.56,2707.5,2731.66,283679
2024-02-09,2735.04,2742.31,2679.41,2680.0,220953
2024-02-12,2680.0,2709.1,2672.31,2703.88,142579
2024-02-13,2701.51,2761.0,2689.77,2726.15,149588
2024-02-14,2740.36,2740.36,2708.0,2726.87,95619
2024-02-15,2720.23,2742.55,2702.87,2724.88,148751
2024-02-16,2739.31,2746.68,2719.75,2727.83,152204
2024-02-20,2727.83,2733.55,2696.15,2696.15,132028
2024-02-21,2699.83,2740.11,2680.96,2729.69,139702
2024-02-22,2759.7,2778.98,2742.89,2758.77,109234
2024-02-23,2747.49,2775.23,2714.24,2756.34,223331
2024-02-26,2757.39,2785.16,2708.09,2770.46,221922
2024-02-27,2850.0,2956.85,2825.0,2954.99,376166
2024-02-28,2972.9,3017.31,2956.46,3011.62,253298
2024-02-29,3025.96,3025.96,2977.6,3006.02,253075
2024-03-01,3005.65,3038.68,2983.09,3035.99,134815
2024-03-04,3028.39,3088.85,3028.39,3079.94,165976
2024-03-05,3083.88,3113.84,3066.83,3102.86,149683
2024-03-06,3106.0,3130.25,3086.37,3104.2,108700
2024-03-07,3127.92,3152.66,3094.71,3124.01,119849
2024-03-08,3114.26,3119.54,3064.47,3079.49,139488
2024-03-11,3069.0,3069.0,3014.72,3060.28,146755
2024-03-12,3065.35,3075.2,3036.42,3059.51,125891
2024-03-13,3059.51,3105.54,3042.57,3089.24,172084
2024-03-14,3110.54,3119.04,3079.45,3119.04,109042
2024-03-15,3101.9,3133.07,3101.9,3124.33,290918
2024-03-18,3131.0,3147.35,3094.84,3101.97,130043
2024-03-19,3134.95,3161.44,3130.94,3153.81,121627
2024-03-20,3160.0,3192.2,3154.75,3187.38,220965
2024-03-21,3185.1,3236.13,3160.15,3210.4,123537
2024-03-22,3207.3,3256.37,3180.27,3239.32,101955
2024-03-26,3166.58,3206.37,3166.58,3191.48,133885
2024-03-27,3208.88,3212.52,3171.11,3192.79,102097
2024-03-28,3198.59,3198.59,3151.55,3151.65,173056
2024-04-01,3139.14,3182.14,3139.14,3168.6,105628
2024-04-02,3179.37,3198.49,3155.06,3170.04,100332
2024-04-03,3171.13,3189.02,3145.83,3146.63,100044
2024-04-04,3161.49,3161.49,3084.03,3085.04,117448
2024-04-05,3097.07,3121.07,3094.88,3104.94,84683
2024-04-08,3089.25,3113.46,3064.95,3076.09,148325
2024-04-09,3078.1,3078.1,3016.48,3043.62,225883
2024-04-10,3023.13,3040.7,3000.29,3025.75,90558
2024-04-11,3025.75,3031.79,2980.68,3006.76,116477
2024-04-12,2994.75,3006.73,2955.26,2962.32,147791
2024-04-15,3007.56,3007.56,2900.0,2903.51,168946
2024-04-16,2910.3,2926.3,2877.2,2910.27,174293
2024-04-17,2933.35,2949.46,2900.0,2938.26,118449
2024-04-18,2964.06,3005.0,2952.27,2973.17,131450
2024-04-19,2987.22,2999.86,2971.71,2985.54,113008
2024-04-22,3004.96,3004.96,2951.41,2961.66,160737
2024-04-23,2990.44,2990.44,2957.49,2961.04,83843
2024-04-24,2945.86,2994.26,2944.06,2988.51,127468
2024-04-25,2901.84,2952.55,2851.42,2945.25,235905
2024-04-26,2934.56,2962.74,2933.5,2945.98,115445
2024-04-29,2944.98,2998.78,2943.61,2998.78,134119
2024-04-30,2997.89,3005.19,2943.07,2956.4,124421
2024-05-01,2952.86,2970.85,2927.58,2946.81,90795
2024-05-02,2955.0,2972.54,2946.84,2962.09,89647
2024-05-03,2966.5,2987.11,2949.82,2952.2,101377
2024-05-06,2967.47,2976.51,2956.3,2967.7,117338
2024-05-07,2986.71,3008.33,2973.24,2990.65,112269
2024-05-08,2991.12,3004.91,2957.68,2962.52,81215
2024-05-09,2977.42,2990.79,2970.02,2987.05,77942
2024-05-10,2997.05,3005.6,2970.97,2979.32,105350
2024-05-13,3003.93,3003.93,2919.5,2937.92,161304
2024-05-14,2948.22,2950.69,2912.27,2921.43,213086
2024-05-15,2921.43,2938.72,2911.22,2930.17,222578
2024-05-16,2932.6,2942.93,2890.8,2900.99,186402
2024-05-17,2933.85,2933.85,2890.11,2917.5,188080
2024-05-20,2917.5,2941.83,2905.03,2924.04,245072
2024-05-21,2877.15,2895.0,2796.85,2820.83,291676
2024-05-22,2807.02,2825.7,2760.04,2772.64,235259
2024-05-23,2766.73,2789.13,2750.7,2777.54,139601
2024-05-24,2790.85,2797.09,2776.7,2792.9,92021
2024-05-28,2792.9,2803.25,2776.72,2800.0,124514
2024-05-29,2768.7,2787.95,2739.1,2739.1,179897
2024-05-30,2745.66,2783.66,2745.66,2772.56,110071
2024-05-31,2768.19,2790.38,2741.14,2769.94,155504
2024-06-03,2772.18,2794.34,2728.97,2772.62,154779
2024-06-04,2764.19,2801.89,2762.2,2790.98,142573
2024-06-05,2801.72,2803.5,2750.53,2776.28,193694
2024-06-06,2785.0,2785.05,2753.61,2764.69,151549
2024-06-07,2761.75,2810.65,2760.0,2800.7,110085
2024-06-10,2800.0,2800.0,2765.82,2780.95,161376
2024-06-11,2778.38,2818.7,2769.0,2811.03,157440
2024-06-12,2808.77,2823.25,2804.14,2817.93,168583
2024-06-13,2822.6,2830.09,2798.61,2813.4,90635
2024-06-14,2803.27,2838.32,2792.14,2835.82,112913
2024-06-17,2836.0,2943.82,2835.0,2938.83,183029
2024-06-18,2943.78,2986.52,2943.78,2968.75,119780
2024-06-20,2979.47,3029.88,2979.47,3008.23,283993
2024-06-21,3020.81,3054.5,2984.81,2990.35,186272
2024-06-24,2981.55,2992.57,2962.37,2985.44,119766
2024-06-25,2982.48,2986.0,2925.41,2936.41,117409
2024-06-26,2926.68,2936.64,2893.3,2929.7,139983
2024-06-27,2951.0,2955.41,2924.5,2955.4,102734
2024-06-28,2948.42,2989.15,2939.79,2964.1,179935
2024-07-01,2956.35,2956.35,2806.51,2832.79,168417
2024-07-02,2833.74,2870.0,2811.34,2870.0,127965
2024-07-03,2869.59,2870.0,2818.0,2844.88,88346
2024-07-05,2841.87,2841.87,2801.49,2815.0,109258
2024-07-08,2839.59,2863.48,2811.76,2836.4,97723
2024-07-09,2836.4,2836.65,2805.0,2817.06,84721
2024-07-10,2829.44,2859.51,2802.79,2856.35,69848
2024-07-11,2838.71,2885.15,2836.81,2881.9,120443
2024-07-12,2917.44,2955.59,2898.13,2920.83,109174
2024-07-15,2912.5,2960.24,2912.5,2941.46,115307
2024-07-16,2954.69,3007.65,2954.69,2985.33,117349
2024-07-17,2996.0,2996.47,2957.51,2984.11,109595
2024-07-18,2983.59,2990.0,2921.27,2926.35,93577
2024-07-19,2949.34,2973.71,2931.91,2950.4,90132
2024-07-22,2955.83,2976.14,2940.68,2957.73,87446
2024-07-23,2940.0,2967.82,2914.25,2921.53,85623
2024-07-24,2918.95,2950.73,2894.02,2941.73,125757
2024-07-25,2930.0,3048.9,2921.87,3030.97,185595
2024-07-26,3028.34,3115.18,3028.34,3090.31,181026
2024-07-29,3088.0,3102.58,3028.54,3072.66,103347
2024-07-30,3074.9,3116.68,3046.74,3108.4,102078
2024-07-31,3100.0,3145.59,3098.09,3133.69,120982
2024-08-01,3135.07,3158.68,3119.89,3148.36,96944
2024-08-02,3145.99,3178.8,3119.27,3177.67,139192
2024-08-05,3173.93,3192.17,3104.3,3112.43,180797
2024-08-06,3112.88,3190.5,3112.88,3119.59,113449
2024-08-07,3115.68,3163.88,3083.32,3084.34,96435
2024-08-08,3084.34,3168.96,3084.19,3157.02,120686
2024-08-09,3173.27,3173.27,3109.36,3120.25,73151
2024-08-12,3162.11,3164.45,3101.47,3148.6,124980
2024-08-13,3138.13,3168.88,3122.91,3155.91,120437
2024-08-14,3153.86,3225.58,3153.86,3196.42,111206
2024-08-15,3207.73,3207.73,3153.04,3168.94,107571
2024-08-16,3176.36,3227.4,3172.36,3212.87,83215
2024-08-19,3194.76,3205.91,3156.02,3172.18,127594
2024-08-20,3176.99,3208.76,3172.21,3186.81,75140
2024-08-21,3198.95,3213.24,3193.76,3202.22,78186
2024-08-22,3180.0,3189.48,3160.08,3170.89,80135
2024-08-23,3192.69,3192.69,3108.29,3125.67,120091
2024-08-26,3136.76,3178.15,3136.76,3157.1,83341
2024-08-27,3148.18,3187.27,3148.18,3181.85,59796
2024-08-28,3190.2,3211.33,3179.52,3196.7,59118
2024-08-29,3217.24,3231.85,3176.78,3204.73,91538
2024-08-30,3210.87,3234.02,3149.74,3181.48,124227
2024-09-03,3185.73,3185.73,3128.71,3139.67,131420
2024-09-04,3141.16,3169.73,3117.29,3166.71,96114
2024-09-05,3166.43,3166.43,3110.52,3141.17,85042
2024-09-06,3143.23,3159.69,3084.58,3092.56,106877
2024-09-09,3095.11,3151.02,3081.6,3120.5,100323
2024-09-10,3109.58,3134.87,3081.16,3132.27,96404
2024-09-11,3123.15,3123.15,3046.49,3119.31,95268
2024-09-12,3114.83,3126.03,3083.69,3104.76,97811
2024-09-13,3122.27,3140.3,3098.39,3123.36,94863
2024-09-16,3145.22,3157.62,3086.65,3101.04,115787
2024-09-17,3106.09,3142.09,3070.37,3078.31,137746
2024-09-18,3097.12,3103.51,3060.7,3074.71,123673
2024-09-19,3088.01,3088.01,3025.01,3040.09,206731
2024-09-20,3038.26,3056.56,3005.1,3020.66,259778
2024-09-23,3042.65,3064.8,3013.05,3048.82,202836
2024-09-24,2919.88,3097.81,2898.57,3043.97,311782
2024-09-25,3077.89,3119.98,3035.51,3108.97,136446
2024-09-26,3095.92,3198.44,3095.92,3189.09,124784
2024-09-27,3178.74,3207.75,3169.35,3196.61,114537
2024-09-30,3200.0,3200.0,3137.68,3150.04,108415
2024-10-01,3151.16,3182.46,3119.92,3172.98,99589
2024-10-02,3160.11,3199.0,3076.0,3083.43,175713
2024-10-03,3062.44,3079.29,3041.37,3066.92,121081
2024-10-04,3080.0,3089.0,3020.99,3033.58,94121
2024-10-07,3025.24,3096.8,3015.0,3053.45,87674
2024-10-08,3072.22,3102.49,3042.07,3102.09,96675
2024-10-09,3088.06,3159.81,3085.36,3146.07,99636
2024-10-10,3156.44,3156.44,3083.56,3106.55,95087
2024-10-11,3122.17,3138.99,3100.11,3129.78,66292
2024-10-14,3075.15,3167.26,3075.15,3153.04,97178
2024-10-15,3127.0,3160.61,3076.75,3100.0,187168
2024-10-16,3100.0,3136.78,3078.46,3128.64,132953
2024-10-17,3120.0,3158.0,3102.51,3158.0,86187
2024-10-18,3180.46,3197.21,3141.44,3182.07,111922
2024-10-21,3185.0,3223.49,3185.0,3218.48,93684
2024-10-22,3179.86,3201.42,3149.78,3172.05,81124
2024-10-23,3183.45,3196.55,3163.39,3196.55,127854
2024-10-24,3146.28,3171.18,3112.33,3153.25,109520
2024-10-25,3165.6,3172.57,3119.99,3130.96,84188
2024-10-28,3126.12,3139.28,3078.47,3105.93,98283
2024-10-29,3090.88,3108.01,3060.89,3060.89,104653
2024-10-30,3065.79,3066.47,3012.4,3017.98,104299
2024-10-31,3008.94,3029.15,2990.4,3009.0,152180
2024-11-01,3020.56,3026.92,2980.1,2981.19,114584
2024-11-04,2981.19,3051.97,2981.19,3046.35,101723
2024-11-05,3034.46,3071.92,3010.45,3059.83,137972
2024-11-06,3123.03,3232.94,3123.03,3196.38,214400
2024-11-07,3205.05,3205.05,3143.2,3150.18,140102
2024-11-08,3166.93,3172.65,3105.63,3110.12,144727
2024-11-11,3117.96,3182.56,3117.96,3173.4,152492
2024-11-12,3172.97,3218.71,3169.61,3175.72,123796
2024-11-13,3173.99,3195.87,3155.82,3161.87,91969
2024-11-14,3189.0,3200.0,3131.22,3136.06,105027
2024-11-15,3133.0,3150.79,3100.0,3107.53,115102
2024-11-18,3093.01,3176.91,3093.01,3166.93,121021
2024-11-19,3141.27,3141.27,3097.54,3106.91,106196
2024-11-20,3121.45,3121.45,3036.4,3049.58,96988
2024-11-21,3083.39,3083.39,3055.02,3068.69,91601
2024-11-22,3086.56,3114.93,3082.08,3099.38,124250
2024-11-25,3121.62,3164.73,3104.36,3109.56,186350
2024-11-26,3099.81,3157.53,3076.44,3144.21,244436
2024-11-27,3124.74,3194.45,3124.74,3190.1,136442
2024-11-29,3173.94,3232.99,3169.54,3169.54,90787
2024-12-02,3184.0,3210.04,3173.38,3179.52,155451
2024-12-03,3187.63,3209.47,3171.29,3189.5,126304
2024-12-04,3177.27,3252.3,3173.75,3189.98,140593
2024-12-05,3199.89,3242.55,3179.0,3190.07,104138
2024-12-06,3238.2,3313.0,3218.0,3309.44,183226
2024-12-09,3333.25,3345.28,3305.57,3324.01,215367
2024-12-10,3278.21,3416.71,3270.0,3347.16,229337
2024-12-11,3339.95,3394.19,3339.95,3342.72,115160
2024-12-12,3338.5,3352.71,3300.0,3340.48,123468
2024-12-13,3359.34,3378.96,3345.44,3370.27,102404
2024-12-16,3369.0,3392.47,3335.97,3350.13,132451
2024-12-17,3350.0,3352.16,3314.37,3319.11,129254
2024-12-18,3318.3,3324.36,3236.7,3238.52,133702
2024-12-19,3266.08,3266.08,3209.25,3215.29,123735
2024-12-20,3221.13,3274.26,3206.16,3253.47,252717
2024-12-23,3225.23,3251.84,3198.92,3242.23,159934
2024-12-24,3269.0,3286.97,3252.56,3283.48,57456
2024-12-26,3271.84,3286.6,3239.99,3241.25,77577
2024-12-27,3225.0,3262.1,3220.96,3241.62,77776
2024-12-30,3235.78,3235.78,3180.49,3185.71,100340
2024-12-31,3177.0,3223.75,3174.51,3202.0,101983
2025-01-02,3211.15,3250.0,3211.15,3250.0,103868
2025-01-03,3241.02,3270.28,3235.07,3268.78,107838
2025-01-06,3245.87,3328.66,3245.87,3293.46,170611
2025-01-07,3309.31,3334.64,3254.44,3259.91,103198
2025-01-08,3253.19,3305.23,3248.98,3303.35,77524
2025-01-10,3235.01,3288.1,3232.93,3251.32,129833
2025-01-13,3237.12,3276.9,3232.87,3239.62,114694
2025-01-14,3246.8,3259.21,3218.2,3227.8,82178
2025-01-15,3252.92,3254.48,3203.26,3206.05,93869
2025-01-16,3212.75,3217.33,3162.0,3193.96,109114
2025-01-17,3207.68,3230.85,3202.13,3228.4,142794
2025-01-21,3237.21,3312.59,3205.23,3297.72,101222
2025-01-22,3301.64,3331.77,3276.51,3326.01,95513
2025-01-23,3346.83,3376.75,3311.65,3373.57,93579
2025-01-24,3360.67,3361.41,3301.83,3332.53,80130
2025-01-27,3329.54,3437.63,3329.54,3372.82,134385
2025-01-28,3362.4,3378.16,3313.7,3318.58,91775
2025-01-29,3306.83,3325.55,3295.09,3314.05,83583
2025-01-30,3340.41,3364.2,3331.0,3351.01,73380
2025-01-31,3351.66,3375.67,3331.85,3350.21,91690
2025-02-03,3338.21,3445.05,3312.4,3432.2,206456
2025-02-04,3425.36,3475.1,3389.84,3459.0,124310
2025-02-05,3470.14,3481.36,3440.0,3474.08,92136
2025-02-06,3454.95,3484.42,3435.0,3466.69,73204
2025-02-07,3457.0,3467.0,3410.35,3420.19,82734
2025-02-10,3427.75,3437.49,3413.19,3427.55,66357
2025-02-11,3409.26,3450.91,3406.75,3445.79,79833
2025-02-12,3412.42,3444.4,3412.42,3432.96,57979
2025-02-13,3445.51,3474.18,3427.87,3469.71,67661
2025-02-14,3477.83,3478.0,3435.61,3458.55,76039
2025-02-18,3451.0,3451.0,3371.72,3384.43,102117
2025-02-19,3399.66,3417.37,3388.27,3396.46,60638
2025-02-20,3389.05,3414.73,3384.41,3406.66,69684
2025-02-21,3415.9,3415.9,3359.5,3368.98,66620
2025-02-24,3391.97,3401.67,3373.8,3401.0,77819
2025-02-25,3416.3,3435.0,3411.77,3425.6,121267
2025-02-26,3430.67,3430.67,3381.21,3392.97,92733
2025-02-27,3400.67,3459.76,3395.28,3444.69,105397
2025-02-28,3479.76,3500.0,3437.51,3493.01,146396
2025-03-03,3498.0,3519.0,3449.94,3477.76,178739
2025-03-04,3425.73,3563.57,3411.2,3473.66,303046
2025-03-05,3474.93,3570.5,3469.6,3555.88,163688
2025-03-06,3544.81,3615.79,3532.27,3615.79,179416
2025-03-07,3589.95,3636.96,3549.8,3614.97,195381
2025-03-10,3622.04,3704.43,3622.04,3690.12,185284
2025-03-11,3680.0,3680.0,3524.57,3562.76,200056
2025-03-12,3562.76,3573.79,3492.87,3547.13,113679
2025-03-13,3559.7,3565.02,3502.99,3545.65,157371
2025-03-14,3550.0,3578.06,3520.92,3554.91,162502
2025-03-17,3555.18,3627.44,3550.52,3620.82,125106
2025-03-18,3634.21,3634.21,3585.96,3614.27,84611
2025-03-19,3616.0,3620.48,3571.37,3591.61,126947
2025-03-20,3584.09,3610.0,3567.09,3573.38,79855
2025-03-21,3594.29,3617.28,3547.8,3606.34,192692
2025-03-24,3639.18,3680.0,3619.73,3657.82,110687
2025-03-25,3655.85,3678.39,3612.78,3672.23,134968
2025-03-26,3680.0,3693.88,3663.0,3681.68,127753
2025-03-27,3700.0,3838.0,3680.0,3828.11,285678
2025-03-28,3817.82,3832.09,3745.49,3771.0,166683
2025-03-31,3776.84,3842.82,3776.84,3812.78,209703
2025-04-01,3801.0,3830.26,3786.92,3813.27,221779
2025-04-02,3778.0,3822.84,3760.92,3809.26,100230
2025-04-03,3770.9,3916.81,3770.9,3826.15,182066
2025-04-04,3792.72,3845.1,3652.22,3653.24,209942
2025-04-07,3550.0,3572.34,3434.0,3478.38,313760
2025-04-08,3535.54,3603.69,3473.33,3499.08,206142
2025-04-09,3468.27,3708.04,3433.65,3575.12,248593
2025-04-10,3551.04,3650.0,3513.33,3615.24,180674
2025-04-11,3598.4,3681.64,3598.4,3659.6,144459
2025-04-14,3671.29,3700.35,3648.09,3680.78,118255
2025-04-15,3699.75,3699.75,3631.17,3631.17,113217
2025-04-16,3638.03,3661.54,3565.0,3566.86,89698
2025-04-17,3575.19,3630.71,3575.19,3603.47,84447
2025-04-21,3591.9,3618.75,3506.62,3569.24,129920
2025-04-22,3592.22,3682.0,3592.22,3678.66,115731
2025-04-23,3679.0,3712.91,3629.66,3652.11,114376
2025-04-24,3626.57,3700.0,3565.86,3609.65,122391
2025-04-25,3623.84,3623.84,3533.32,3609.33,103830
2025-04-28,3636.0,3636.0,3604.24,3617.91,87116
2025-04-29,3603.73,3706.73,3603.73,3704.95,111367
2025-04-30,3704.95,3774.54,3662.73,3762.6,159793
2025-05-01,3721.28,3757.48,3711.71,3732.92,103351
2025-05-02,3790.87,3790.87,3737.57,3756.33,77268
2025-05-05,3767.49,3783.23,3730.83,3775.55,105312
2025-05-06,3768.06,3773.48,3733.91,3747.02,71842
2025-05-07,3740.15,3773.04,3738.3,3745.54,86473
2025-05-08,3742.2,3742.2,3658.15,3674.73,86809
2025-05-09,3700.54,3700.54,3636.99,3663.73,81999
2025-05-12,3699.07,3706.09,3565.02,3664.25,135035
2025-05-13,3665.0,3694.84,3638.98,3644.75,77899
2025-05-14,3647.0,3665.02,3633.17,3645.43,99850
2025-05-15,3654.47,3758.37,3654.47,3758.37,135800
2025-05-16,3760.42,3791.32,3747.2,3786.42,161341
2025-05-19,3813.8,3882.53,3797.45,3879.97,139165
2025-05-20,3875.0,3900.0,3834.55,3880.15,106646
2025-05-21,3910.0,3910.0,3837.01,3872.6,114316
2025-05-22,3871.88,3900.0,3846.91,3859.25,105508
2025-05-23,3855.01,3882.87,3821.96,3826.46,151279
2025-05-27,3750.0,3860.92,3641.55,3695.66,322962
2025-05-28,3702.96,3790.1,3702.96,3744.42,205391
2025-05-29,3730.59,3730.59,3668.89,3689.63,135305
2025-05-30,3706.3,3764.38,3695.6,3733.04,190985
2025-06-02,3709.45,3769.77,3702.19,3749.81,138343
2025-06-03,3740.0,3768.44,3708.0,3748.0,95969
2025-06-04,3740.0,3752.9,3699.37,3717.04,95057
2025-06-05,3733.8,3737.5,3686.43,3725.25,84536
2025-06-06,3730.01,3737.16,3677.06,3719.24,98854
2025-06-09,3711.14,3711.14,3642.55,3697.48,173555
2025-06-10,3700.0,3723.3,3694.01,3713.57,178388
2025-06-11,3703.22,3723.99,3650.0,3658.59,115358
2025-06-12,3660.07,3688.37,3620.08,3683.47,156630
2025-06-13,3664.81,3686.0,3625.8,3642.6,119861
2025-06-16,3644.03,3644.97,3565.99,3603.17,146780
2025-06-17,3597.51,3646.96,3597.51,3604.65,138805
2025-06-18,3620.63,3642.17,3596.35,3603.63,131704
2025-06-20,3606.5,3656.28,3591.1,3655.33,206080
2025-06-23,3664.64,3727.43,3642.31,3709.54,214693
2025-06-24,3697.24,3697.24,3575.41,3577.54,161492
2025-06-25,3568.48,3583.84,3477.88,3489.54,227757
2025-06-26,3502.98,3525.6,3442.76,3522.25,204167
2025-06-27,3517.04,3612.1,3517.04,3609.49,367907
2025-06-30,3628.18,3723.42,3583.11,3712.23,185440
2025-07-01,3707.51,3750.99,3688.61,3718.59,134612
2025-07-02,3695.27,3720.15,3661.76,3685.34,111429
2025-07-03,3723.44,3770.29,3695.15,3769.26,84770
2025-07-07,3763.91,3795.23,3746.49,3790.64,115822
2025-07-08,3782.35,3783.5,3721.05,3742.08,108452
2025-07-09,3731.64,3748.75,3703.28,3742.18,83517
2025-07-10,3749.73,3779.95,3700.0,3728.48,188280
2025-07-11,3710.51,3731.65,3681.83,3705.64,105637
2025-07-14,3711.21,3778.49,3695.59,3772.3,126875
2025-07-15,3749.85,3789.93,3690.49,3696.94,67955
2025-07-16,3693.75,3693.75,3632.15,3682.62,110828
2025-07-17,3674.25,3719.96,3637.07,3649.42,96368
2025-07-18,3665.22,3715.93,3650.0,3713.93,100747
2025-07-21,3714.36,3774.5,3705.35,3729.7,107565
2025-07-22,3730.29,3775.98,3706.04,3773.71,101528
2025-07-23,3764.0,3773.87,3705.89,3771.19,123018
2025-07-24,3774.53,3891.7,3762.18,3841.5,174310
2025-07-25,3861.06,3893.21,3814.11,3820.91,80668
2025-07-28,3802.9,3822.0,3780.77,3796.56,77286
2025-07-29,3824.6,3879.46,3803.93,3873.85,171138
2025-07-30,3891.28,3919.5,3817.45,3843.11,124303
2025-07-31,3828.99,3860.93,3754.42,3768.38,162308
2025-08-01,3816.88,3859.12,3755.89,3858.86,104926
2025-08-04,3870.61,3972.19,3870.61,3967.76,113031
2025-08-05,3961.6,4021.93,3961.6,4011.25,152531
2025-08-06,4023.05,4094.69,4020.0,4072.8,109262
2025-08-07,4072.8,4081.06,4012.31,4060.33,73360
2025-08-08,4060.32,4078.8,4027.79,4035.16,93620
2025-08-11,4043.99,4055.63,4017.39,4036.79,96364
2025-08-12,4041.62,4045.99,3974.09,4000.67,95653
2025-08-13,4022.92,4049.62,4013.15,4036.43,108337
2025-08-14,4030.86,4041.1,3989.53,3992.48,80540
2025-08-15,4005.6,4021.01,3989.25,4006.91,100173
2025-08-18,4030.0,4066.68,4023.75,4039.95,137264
2025-08-19,4029.3,4138.36,4029.3,4128.8,114158
2025-08-20,4154.28,4187.39,4121.34,4158.1,121758
2025-08-21,4109.29,4147.49,4100.02,4127.69,91574
2025-08-22,4151.15,4157.57,4089.14,4110.61,119374
2025-08-25,4100.0,4141.5,4086.89,4139.83,80325
2025-08-26,4145.85,4187.37,4117.2,4180.17,117471
2025-08-27,4216.02,4216.02,4164.02,4205.41,113462
2025-08-28,4187.3,4222.44,4172.78,4197.09,78903
2025-08-29,4213.99,4229.68,4182.26,4198.53,89713
2025-09-02,4198.0,4225.0,4165.17,4179.84,96722
2025-09-03,4174.94,4195.48,4165.82,4189.48,92157
2025-09-04,4195.15,4238.19,4180.0,4232.96,80653
2025-09-05,4237.05,4248.14,4200.0,4219.41,92447
2025-09-08,4218.0,4259.22,4218.0,4242.88,112955
2025-09-09,4224.0,4291.12,4204.31,4291.12,94181
2025-09-10,4282.0,4304.94,4238.89,4252.9,99407
2025-09-11,4263.88,4388.11,4263.88,4354.54,163210
2025-09-12,4316.68,4363.29,4316.68,4322.15,100880
2025-09-15,4334.81,4357.81,4198.57,4233.3,166866
2025-09-16,4237.6,4285.34,4212.34,4223.93,118951
2025-09-17,4234.99,4236.62,4194.28,4232.57,106792
2025-09-18,4223.61,4235.68,4112.51,4132.83,242654
2025-09-19,4146.22,4149.73,4114.5,4140.36,184765
2025-09-22,4166.62,4188.36,4105.2,4121.0,192843
2025-09-23,4034.73,4179.22,3969.59,4120.0,263838
2025-09-24,4109.72,4228.0,4050.01,4176.89,182978
2025-09-25,4176.89,4176.89,4090.17,4136.07,142982
2025-09-26,4139.35,4217.55,4118.29,4198.03,87223
2025-09-29,4189.56,4276.0,4139.91,4273.84,132131
2025-09-30,4270.0,4332.68,4270.0,4290.24,121599
2025-10-01,4267.32,4286.38,4197.86,4247.96,118763
2025-10-02,4222.28,4293.03,4184.59,4253.71,106397
2025-10-03,4245.54,4252.54,4177.21,4215.08,91424
2025-10-06,4213.53,4224.08,4101.8,4174.43,136514
2025-10-07,4170.0,4170.0,4068.23,4085.93,115876
2025-10-08,4073.63,4090.13,4020.01,4027.76,112744
2025-10-09,4054.99,4054.99,3916.63,3967.28,171517
2025-10-10,3986.8,4093.92,3941.29,4075.31,156696
2025-10-13,4056.66,4146.42,4056.66,4097.97,93431
2025-10-14,4095.24,4113.44,4051.46,4055.99,112531
2025-10-15,4022.0,4076.34,4000.0,4027.03,120311
2025-10-16,4035.82,4047.41,4002.3,4007.91,76524
2025-10-17,4019.51,4036.22,3981.36,4030.17,110156
2025-10-20,4030.17,4034.1,3945.12,3968.57,119632
2025-10-21,3985.4,4015.0,3952.7,4006.21,102701
2025-10-22,4010.0,4040.0,3974.38,3997.26,79593
2025-10-23,3986.0,3986.51,3744.02,3850.0,307068
2025-10-24,3880.35,3880.35,3788.91,3805.56,125480
2025-10-27,3775.0,3835.0,3775.0,3814.21,127000
2025-10-28,3785.05,3878.37,3785.05,3803.0,140559
2025-10-29,3793.5,3826.67,3692.32,3709.12,147067
2025-10-30,3670.6,3756.33,3670.6,3705.63,136583
2025-10-31,3669.6,3708.02,3654.76,3674.43,145563
2025-11-03,3665.31,3665.31,3492.6,3576.14,227384
2025-11-04,3594.11,3690.05,3572.48,3675.9,186348
2025-11-05,3683.88,3749.94,3652.61,3661.81,131537
2025-11-06,3630.0,3714.42,3613.12,3673.66,137793
2025-11-07,3695.39,3718.84,3645.96,3718.26,115712
2025-11-10,3681.11,3741.88,3657.03,3728.09,107853
2025-11-11,3735.0,3778.04,3720.54,3756.24,75763
2025-11-12,3778.26,3808.0,3752.5,3788.7,101734
2025-11-13,3867.06,3886.28,3817.08,3819.29,127041
2025-11-14,3837.41,3878.94,3817.48,3856.87,124601
2025-11-17,3863.8,3893.55,3851.02,3855.26,123453
2025-11-18,3847.14,3860.21,3807.6,3827.89,102759
2025-11-19,3824.1,3853.39,3772.81,3808.55,101492
2025-11-20,3805.02,3858.84,3783.09,3849.81,123418
2025-11-21,3867.04,3939.0,3845.63,3897.88,123764
2025-11-24,3876.53,3903.81,3840.0,3851.52,141670
2025-11-25,3841.55,3962.09,3818.86,3948.07,110498
2025-11-26,3932.16,3975.0,3932.16,3967.95,67884
2025-11-28,3951.59,3979.99,3944.01,3954.33,51386
2025-12-01,3949.99,3996.25,3942.83,3946.99,91470
2025-12-02,3946.61,3946.61,3808.48,3826.77,157856
2025-12-03,3837.37,3870.44,3806.61,3822.92,115028
2025-12-04,3858.74,3872.8,3817.69,3840.5,110016
2025-12-05,3837.66,3868.46,3781.58,3822.66,116124
2025-12-08,3790.0,3829.6,3763.0,3766.96,229316
2025-12-09,3694.89,3720.63,3460.23,3496.77,380104
2025-12-10,3473.49,3503.09,3388.57,3421.13,264779
2025-12-11,3449.97,3490.85,3395.5,3469.1,271592
2025-12-12,3484.78,3490.87,3416.85,3445.71,165347
2025-12-15,3453.67,3511.0,3442.04,3488.71,224132
2025-12-16,3466.01,3491.95,3408.52,3417.42,168022
2025-12-17,3401.0,3441.02,3390.02,3393.35,180405
2025-12-18,3384.27,3430.55,3344.04,3426.61,250490
2025-12-19,3423.06,3457.98,3376.89,3392.34,327771
2025-12-22,3381.78,3424.99,3380.23,3413.81,136784
2025-12-23,3436.29,3486.2,3419.36,3463.61,196167
2025-12-24,3447.01,3479.73,3447.01,3456.02,91572
2025-12-26,3459.31,3467.0,3438.66,3448.7,66595
2025-12-29,3471.11,3471.11,3400.6,3415.81,137818
2025-12-30,3405.0,3413.0,3378.09,3398.85,89197
2025-12-31,3390.0,3409.35,3383.95,3391.5,88261
2026-01-02,3375.31,3384.25,3285.16,3303.82,175320
2026-01-05,3259.95,3288.0,3232.48,3268.3,165416
2026-01-06,3243.64,3267.39,3210.72,3244.92,183518
2026-01-07,3238.67,3353.49,3238.67,3318.08,336226
2026-01-08,3307.75,3336.77,3285.43,3313.99,231645
2026-01-09,3303.69,3429.0,3303.69,3421.17,250181
2026-01-12,3439.0,3529.13,3428.22,3523.0,235645
2026-01-13,3510.74,3529.99,3441.83,3505.75,139709
2026-01-14,3508.78,3529.76,3457.78,3472.66,134788
2026-01-15,3440.3,3478.18,3381.9,3465.45,150438
2026-01-16,3456.63,3528.4,3410.72,3522.02,192096
2026-01-20,3479.96,3577.0,3477.11,3573.98,296342
2026-01-21,3576.82,3678.57,3576.82,3671.68,254165
2026-01-22,3657.99,3707.96,3640.76,3698.63,186307
2026-01-23,3711.52,3731.66,3652.38,3700.0,173769
2026-01-26,3724.96,3805.89,3702.22,3786.03,189824
2026-01-27,3801.84,3819.53,3742.72,3799.99,146792
2026-01-28,3781.91,3806.39,3722.01,3782.14,118594
