Date,Open,High,Low,Close,Volume
2011-01-03,57.61,57.65,57.2,57.24,5467396
2011-01-04,57.21,57.42,56.16,56.5,4479518
2011-01-05,56.17,57.27,56.17,57.2,4289658
2011-01-06,57.09,57.33,56.76,57.06,3558301
2011-01-07,57.05,57.38,56.52,56.83,2610298
2011-01-10,57.36,57.55,56.84,57.18,3879572
2011-01-11,57.33,57.97,57.17,57.95,3852286
2011-01-12,58.31,58.46,58.04,58.21,2323361
2011-01-13,58.27,58.4,57.71,58.0,1950854
2011-01-14,57.87,58.38,57.47,58.16,3500793
2011-01-18,58.32,58.32,57.98,58.1,2797308
2011-01-19,57.95,58.16,57.64,57.91,3575635
2011-01-20,57.67,57.8,56.91,57.48,3973482
2011-01-21,57.95,58.27,57.39,57.54,3347856
2011-01-24,57.49,58.14,57.32,58.02,2721972
2011-01-25,57.86,58.18,57.57,58.18,2286248
2011-01-26,58.24,59.69,58.24,59.08,6740127
2011-01-27,58.92,59.14,58.46,58.49,4177273
2011-01-28,58.63,58.85,56.84,56.96,5038351
2011-01-31,57.32,58.91,57.11,58.88,8963968
2011-02-01,58.32,59.76,57.73,59.76,8033248
2011-02-02,59.94,60.28,59.59,59.85,3599283
2011-02-03,59.82,60.39,59.16,60.24,3368649
2011-02-04,60.29,60.63,59.9,60.59,3230780
2011-02-07,60.92,60.97,60.48,60.85,2957441
2011-02-08,61.0,61.62,60.77,61.33,3716652
2011-02-09,61.0,61.2,60.63,60.99,2635068
2011-02-10,60.72,61.71,60.49,60.89,4005000
2011-02-11,60.69,61.72,60.55,61.56,2742000
2011-02-14,61.46,64.56,61.27,61.85,2458629
2011-02-15,61.47,61.72,61.04,61.55,2712653
2011-02-16,61.63,61.85,61.31,61.59,3455910
2011-02-17,61.6,61.99,61.34,61.66,2827584
2011-02-18,61.79,62.24,61.46,61.78,3861091
2011-02-22,60.89,61.31,60.25,60.43,4168779
2011-02-23,60.43,60.67,59.15,59.46,4447388
2011-02-24,59.22,59.65,58.72,59.23,4284627
2011-02-25,59.43,60.17,59.36,59.97,2416933
2011-02-28,60.17,60.25,59.24,59.66,4129106
2011-03-01,60.04,60.22,57.94,58.16,5237120
2011-03-02,58.3,59.52,58.15,58.92,4440317
2011-03-03,59.67,60.65,59.49,60.53,2800287
2011-03-04,60.35,60.51,59.18,59.74,2818245
2011-03-07,60.03,60.3,58.79,59.08,2677107
2011-03-08,59.04,60.37,58.65,60.15,3695506
2011-03-09,60.02,60.42,59.55,60.08,2174702
2011-03-10,59.5,59.5,58.57,58.89,4107135
2011-03-11,58.75,59.7,58.52,59.41,2522957
2011-03-14,59.04,59.47,58.27,58.92,3152832
2011-03-15,56.87,58.55,56.59,58.18,3796710
2011-03-16,57.99,58.12,55.86,56.35,7600914
2011-03-17,57.21,57.92,56.81,57.23,3689125
2011-03-18,57.69,58.07,56.65,57.14,7758744
2011-03-21,57.54,58.68,57.54,58.14,2803968
2011-03-22,58.03,58.12,57.08,57.42,4296613
2011-03-23,57.25,57.45,56.71,57.27,4094378
2011-03-24,57.62,57.88,57.18,57.63,4185843
2011-03-25,57.84,58.0,57.55,57.82,3008844
2011-03-28,58.32,58.36,57.18,57.21,8088141
2011-03-29,57.1,57.17,56.22,57.11,7417411
2011-03-30,57.51,57.96,57.22,57.41,6672182
2011-03-31,58.01,58.89,57.72,58.43,7203914
2011-04-01,58.86,59.25,58.5,59.0,4340720
2011-04-04,59.1,59.43,58.72,58.8,4102784
2011-04-05,58.65,59.25,58.37,58.94,4008969
2011-04-06,59.19,59.26,58.28,58.56,3870346
2011-04-07,58.4,58.76,58.01,58.28,3191824
2011-04-08,58.57,58.78,57.45,57.75,2495202
2011-04-11,57.77,58.09,57.36,57.64,2714539
2011-04-12,57.18,57.31,56.73,57.16,4219615
2011-04-13,57.55,57.55,56.85,57.24,2727428
2011-04-14,56.86,57.52,56.44,57.41,3104893
2011-04-15,57.77,58.18,57.51,57.55,4474690
2011-04-18,56.94,56.94,55.72,56.56,4072535
2011-04-19,56.8,56.89,56.18,56.73,4503444
2011-04-20,58.17,58.36,57.41,58.29,5425194
2011-04-21,58.7,59.19,58.34,59.14,4662138
2011-04-22,58.7,59.19,58.34,59.14,4662138
2011-04-25,59.17,59.17,58.34,58.55,3210727
2011-04-26,58.91,60.15,58.91,59.58,3433605
2011-04-27,60.2,60.3,58.87,60.03,4208153
2011-04-28,60.1,60.28,59.73,60.05,2746426
2011-04-29,60.21,60.84,60.18,60.77,3922141
2011-05-02,61.08,61.29,60.67,60.81,4959503
2011-05-03,58.87,59.0,56.77,56.89,12980137
2011-05-04,56.89,57.42,55.7,55.84,8950688
2011-05-05,56.89,57.42,55.7,55.84,8950688
2011-05-06,56.12,56.5,55.4,55.66,6768878
2011-05-09,55.83,56.49,55.11,56.18,4355121
2011-05-10,56.52,56.52,55.34,55.37,7710762
2011-05-11,55.25,55.26,54.38,54.49,6832609
2011-05-12,54.11,54.55,53.5,54.24,6532017
2011-05-13,54.35,54.53,53.12,53.53,8303874
2011-05-16,53.44,53.72,53.1,53.18,5878719
2011-05-17,53.02,53.31,52.58,52.82,7747986
2011-05-18,52.82,54.23,52.47,54.07,7598417
2011-05-19,54.55,55.0,53.9,54.61,6124148
2011-05-20,54.61,54.66,53.68,54.09,6076018
2011-05-23,53.4,54.26,53.21,53.9,5288038
2011-05-24,54.14,54.19,53.2,53.35,5450164
2011-05-25,53.13,54.32,52.58,53.89,7161928
2011-05-26,53.69,54.2,53.3,54.04,4268565
2011-05-27,54.41,54.48,53.92,54.12,3144352
2011-05-31,54.56,54.75,53.9,54.55,4399380
2011-06-01,54.37,54.56,52.18,52.18,6560822
2011-06-02,52.39,52.46,51.47,51.86,8208324
2011-06-03,51.13,51.58,50.84,51.22,6049447
2011-06-06,51.08,51.64,51.08,51.35,4453962
2011-06-07,51.62,51.84,51.37,51.44,4516531
2011-06-08,51.3,51.79,51.0,51.43,6397820
2011-06-09,51.42,52.04,51.26,51.69,4597309
2011-06-10,51.56,51.7,50.97,51.37,5272833
2011-06-13,51.47,51.85,51.0,51.21,4354804
2011-06-14,51.79,52.92,51.77,52.66,5924436
2011-06-15,52.09,52.76,51.8,51.88,6885635
2011-06-16,51.96,52.59,51.73,52.5,6041519
2011-06-17,52.63,53.03,51.87,52.06,7173416
2011-06-20,51.99,52.98,51.99,52.83,4502067
2011-06-21,53.16,54.01,53.16,53.92,5208187
2011-06-22,53.58,53.98,53.37,53.4,3490806
2011-06-23,52.4,53.97,52.4,53.94,5676359
2011-06-24,53.95,54.25,53.44,53.57,4555268
2011-06-27,53.65,54.16,53.25,53.87,4163913
2011-06-28,54.02,54.78,53.6,54.78,5298905
2011-06-29,55.06,55.23,54.65,54.93,4258232
2011-06-30,55.09,56.27,55.09,56.25,5682892
2011-07-01,55.88,57.22,55.69,57.09,4287841
2011-07-05,57.61,57.62,56.98,57.16,5834535
2011-07-06,57.16,57.84,56.97,57.64,5124768
2011-07-07,58.27,58.47,57.82,58.15,3999483
2011-07-08,57.46,57.67,56.89,57.19,6036030
2011-07-11,56.38,56.69,56.2,56.36,4417855
2011-07-12,56.28,56.44,55.93,56.18,4817651
2011-07-13,56.48,56.8,55.86,56.06,4348576
2011-07-14,56.16,56.31,55.25,55.6,5278918
2011-07-15,55.84,55.84,54.68,55.37,5225069
2011-07-18,55.36,55.36,54.58,54.86,3656575
2011-07-19,54.98,55.61,54.97,55.47,4115678
2011-07-20,55.94,55.96,55.26,55.74,3334424
2011-07-21,56.04,56.54,55.68,55.97,4353309
2011-07-22,55.89,56.01,54.96,55.1,6049289
2011-07-25,54.61,55.65,54.38,55.28,3748440
2011-07-26,55.08,55.09,53.95,54.05,5669003
2011-07-27,51.54,52.15,50.03,50.43,14614148
2011-07-28,50.15,50.4,49.33,49.62,12235430
2011-07-29,48.83,50.05,48.6,49.09,9950060
2011-08-01,49.75,50.03,47.9,49.06,8903680
2011-08-02,48.48,48.87,47.0,47.06,10307966
2011-08-03,47.24,48.6,46.72,48.46,8784547
2011-08-04,47.74,47.92,46.01,46.01,9102881
2011-08-05,46.91,47.18,44.52,45.39,17726617
2011-08-08,44.46,44.77,42.45,42.53,14996010
2011-08-09,43.48,44.81,41.37,44.73,14565861
2011-08-10,43.88,43.95,41.76,41.89,16320499
2011-08-11,42.36,46.28,42.21,45.68,13596021
2011-08-12,46.17,46.78,45.61,46.3,8176660
2011-08-15,46.62,47.47,46.41,46.91,5481619
2011-08-16,46.34,46.81,45.63,46.07,6102459
2011-08-17,46.42,46.68,45.42,45.89,4629889
2011-08-18,44.43,44.54,42.56,42.95,8874437
2011-08-19,42.31,43.84,42.21,42.46,6726579
2011-08-22,43.58,43.68,42.51,42.6,5520248
2011-08-23,42.98,44.39,42.5,44.39,6135126
2011-08-24,44.2,45.87,44.02,45.79,5870237
2011-08-25,46.03,46.42,44.31,44.46,5519582
2011-08-26,44.08,45.81,43.37,45.41,7459025
2011-08-29,46.19,46.89,46.01,46.88,4997495
2011-08-30,46.13,46.84,45.53,46.46,8071110
2011-08-31,46.96,47.58,46.13,46.55,7477696
2011-09-01,46.49,46.74,45.5,45.6,6942193
2011-09-02,44.72,44.94,43.7,44.03,6370662
2011-09-06,42.56,43.58,42.25,43.45,6230767
2011-09-07,44.21,44.79,43.93,44.74,4713628
2011-09-08,44.42,45.13,44.1,44.38,6815208
2011-09-09,43.88,44.42,42.96,43.4,11885473
2011-09-12,43.2,44.09,42.59,43.8,8743281
2011-09-13,43.99,44.9,43.78,44.65,5900223
2011-09-14,44.9,45.69,43.7,45.0,8003788
2011-09-15,45.5,45.91,45.06,45.91,6016859
2011-09-16,46.06,46.52,45.39,45.74,6721385
2011-09-19,44.87,45.7,44.23,45.44,4341270
2011-09-20,45.87,46.27,45.22,45.55,5575230
2011-09-21,45.22,45.76,43.74,43.75,6149015
2011-09-22,42.35,42.35,41.36,41.98,10244604
2011-09-23,41.97,43.01,41.63,42.33,7225944
2011-09-26,42.89,43.77,42.01,43.7,6726072
2011-09-27,44.91,45.06,43.75,44.07,7083693
2011-09-28,44.0,44.78,43.12,43.23,6061428
2011-09-29,44.16,44.76,42.76,43.79,5710140
2011-09-30,43.19,43.26,41.31,41.31,7666298
2011-10-03,41.04,42.2,40.65,40.69,8081689
2011-10-04,40.18,42.23,39.5,42.13,8465864
2011-10-05,42.29,43.41,41.8,43.27,5178432
2011-10-06,43.15,44.52,42.71,44.5,4413611
2011-10-07,44.92,44.92,43.66,44.01,5918785
2011-10-10,44.45,45.41,44.23,45.39,4047828
2011-10-11,44.93,45.82,44.89,45.66,3649702
2011-10-12,45.98,47.04,45.85,46.53,5779451
2011-10-13,46.24,46.54,45.85,46.38,3852882
2011-10-14,47.05,47.62,46.7,47.51,3319759
2011-10-17,47.3,47.6,45.81,45.92,4473134
2011-10-18,45.84,48.25,45.7,47.79,5796241
2011-10-19,47.61,47.84,46.43,46.64,4988650
2011-10-20,46.53,46.93,45.66,46.48,5590743
2011-10-21,46.98,47.45,46.76,47.42,5460357
2011-10-24,47.25,47.79,46.87,47.66,6269314
2011-10-25,47.25,47.31,46.23,46.52,5190225
2011-10-26,47.29,47.4,45.92,47.15,7748159
2011-10-27,48.89,50.7,48.38,49.83,6755883
2011-10-28,49.98,50.64,49.15,49.61,6109099
2011-10-31,48.78,49.35,48.12,48.12,7297707
2011-11-01,46.65,50.61,45.17,48.31,9591303
2011-11-02,49.42,50.07,49.27,49.79,7596368
2011-11-03,50.49,51.96,49.78,51.82,7974894
2011-11-04,51.42,51.76,50.49,51.26,4783048
2011-11-07,51.11,51.44,50.02,50.89,4437003
2011-11-08,51.54,52.48,51.16,52.13,6169338
2011-11-09,50.86,50.86,49.73,50.11,6486737
2011-11-10,50.92,51.06,50.31,50.56,3849054
2011-11-11,51.08,51.95,51.08,51.36,3187029
2011-11-14,51.31,51.63,50.62,50.96,2958333
2011-11-15,50.77,51.75,50.33,51.39,3715262
2011-11-16,50.79,51.49,50.32,50.43,4231910
2011-11-17,50.27,50.59,49.13,49.56,5094194
2011-11-18,49.86,50.28,49.43,49.71,3322286
2011-11-21,48.65,49.15,47.96,48.9,4226267
2011-11-22,48.39,48.96,48.04,48.31,4246616
2011-11-23,47.91,48.25,47.06,47.06,4201393
2011-11-25,47.0,47.9,46.96,47.11,1581255
2011-11-28,48.54,49.53,48.49,49.14,4860679
2011-11-29,49.36,49.95,49.03,49.1,3280301
2011-11-30,50.91,52.29,50.81,52.25,5446083
2011-12-01,51.99,52.31,51.41,51.84,3554469
2011-12-02,52.24,52.64,51.25,51.36,3930933
2011-12-05,52.18,52.59,51.71,52.13,3381610
2011-12-06,52.3,52.41,51.5,51.97,3117208
2011-12-07,51.84,52.32,51.07,51.98,3930815
2011-12-08,51.59,51.74,50.06,50.52,4472468
2011-12-09,51.0,51.78,50.57,51.54,3582517
2011-12-12,51.07,51.23,49.8,50.38,3381114
2011-12-13,50.6,51.11,49.5,49.82,3920483
2011-12-14,49.51,49.74,48.75,48.96,4373013
2011-12-15,49.71,49.86,48.75,48.87,3926436
2011-12-16,49.39,50.04,48.87,49.13,6721812
2011-12-19,49.15,49.24,47.74,47.92,4734980
2011-12-20,48.86,49.93,48.81,49.67,3792021
2011-12-21,48.16,48.24,46.28,46.97,10524765
2011-12-22,46.81,46.99,45.0,45.18,11319227
2011-12-23,45.41,46.37,45.41,46.29,5115487
2011-12-27,46.36,46.6,45.86,46.37,2956825
2011-12-28,46.49,46.55,45.46,45.64,3075120
2011-12-29,45.83,46.66,45.72,46.63,3589563
2011-12-30,46.53,47.1,46.41,46.59,2831002
2012-01-03,48.24,48.69,47.59,47.72,5262147
2012-01-04,47.7,48.11,47.43,48.03,3517777
2012-01-05,47.58,47.98,47.0,47.72,6010099
2012-01-06,47.94,48.21,47.01,47.15,4894646
2012-01-09,47.38,48.33,47.33,47.89,4247982
2012-01-10,48.56,48.87,48.19,48.7,4701451
2012-01-11,48.22,48.4,47.73,47.83,6785374
2012-01-12,48.13,49.53,47.71,49.25,5582395
2012-01-13,48.8,49.19,48.29,48.54,5381206
2012-01-17,49.24,49.95,48.99,49.05,4549164
2012-01-18,49.25,49.81,48.81,49.81,4427342
2012-01-19,50.0,50.0,49.4,49.8,4647439
2012-01-20,49.73,49.73,48.96,49.33,5589422
2012-01-23,49.41,50.09,49.25,49.74,4689326
2012-01-24,49.42,50.67,49.27,50.64,4339769
2012-01-25,50.64,52.42,50.18,52.1,6705150
2012-01-26,52.23,52.76,51.77,52.07,5250757
2012-01-27,51.85,52.24,51.59,51.67,3837757
2012-01-30,51.43,51.72,51.0,51.72,3389536
2012-01-31,52.07,52.27,50.89,51.38,4646274
2012-02-01,52.08,52.49,51.54,51.88,4537974
2012-02-02,52.11,52.2,51.44,51.45,5321233
2012-02-03,52.18,52.92,52.0,52.46,5814607
2012-02-06,52.27,53.78,52.26,53.37,5232099
2012-02-07,51.79,52.5,51.25,51.92,9621059
2012-02-08,51.82,52.2,51.6,52.06,3428192
2012-02-09,52.34,52.96,51.83,52.74,4122801
2012-02-10,52.14,52.28,51.82,52.2,2992163
2012-02-13,52.5,52.8,51.9,52.8,3082412
2012-02-14,52.89,52.89,50.11,51.62,6382686
2012-02-15,51.68,51.68,50.71,50.97,4311893
2012-02-16,50.88,51.54,50.82,51.38,3554962
2012-02-17,51.68,51.77,51.3,51.5,3532809
2012-02-21,51.85,52.25,51.75,51.88,4426615
2012-02-22,51.84,52.12,51.5,51.96,3568058
2012-02-23,51.84,51.84,50.95,51.07,4639428
2012-02-24,51.1,51.14,50.65,50.88,4065530
2012-02-27,50.67,51.29,50.44,51.05,3263748
2012-02-28,51.01,51.01,50.26,50.65,4589311
2012-02-29,50.82,50.85,50.16,50.31,4851296
2012-03-01,50.31,50.56,50.0,50.18,3731482
2012-03-02,50.21,50.45,49.94,50.23,3258310
2012-03-05,50.01,50.17,49.37,49.56,3241190
2012-03-06,49.15,49.23,48.63,48.8,5191391
2012-03-07,48.96,49.29,48.85,49.09,4463885
2012-03-08,49.37,49.79,48.96,49.67,3473790
2012-03-09,49.96,50.24,49.6,49.99,2541966
2012-03-12,50.15,50.52,49.95,50.44,2527492
2012-03-13,50.86,51.82,50.61,51.77,4066960
2012-03-14,51.64,52.2,51.54,51.72,2998887
2012-03-15,51.75,52.05,51.4,52.0,2895400
2012-03-16,52.04,52.63,51.9,52.37,4673768
2012-03-19,52.17,52.45,51.71,51.81,3700253
2012-03-20,51.61,51.71,51.12,51.53,3487219
2012-03-21,52.11,52.58,51.72,51.95,3199070
2012-03-22,52.52,52.69,51.51,52.0,4287070
2012-03-23,52.2,52.2,51.15,51.21,4316745
2012-03-26,51.44,51.97,51.28,51.35,5310148
2012-03-27,51.5,51.89,51.32,51.38,4570106
2012-03-28,51.36,51.79,51.11,51.75,4953911
2012-03-29,51.27,51.96,51.03,51.87,2613079
2012-03-30,52.19,52.35,51.77,52.18,2771888
2012-04-02,52.24,53.01,51.8,52.54,3960871
2012-04-03,52.37,52.42,51.42,51.78,3702651
2012-04-04,51.38,51.44,50.99,51.36,2634383
2012-04-05,51.14,51.42,50.76,50.96,3287302
2012-04-09,50.06,50.59,49.96,50.34,2960377
2012-04-10,50.27,50.36,49.31,49.64,4425308
2012-04-11,50.29,50.49,49.48,49.73,3790055
2012-04-12,49.79,51.07,49.73,51.02,3511158
2012-04-13,50.86,50.91,50.03,50.09,3070872
2012-04-16,50.34,50.67,50.0,50.2,5783435
2012-04-17,50.67,51.27,50.37,51.08,2968581
2012-04-18,50.82,50.91,50.55,50.55,2865651
2012-04-19,50.65,50.69,49.72,50.08,2878354
2012-04-20,50.25,50.81,50.01,50.27,3397234
2012-04-23,49.78,50.1,49.53,49.95,2836151
2012-04-24,50.1,51.05,50.01,50.91,3399603
2012-04-25,51.77,51.77,51.02,51.25,3943667
2012-04-26,51.68,52.01,51.23,51.88,3014561
2012-04-27,52.0,52.86,52.0,52.67,4239797
2012-04-30,52.63,52.99,52.07,52.54,4623895
2012-05-01,50.0,50.41,48.75,49.18,14524346
2012-05-02,49.03,49.59,48.59,49.5,7070045
2012-05-03,49.77,49.83,49.16,49.36,4955490
2012-05-04,49.15,49.42,48.53,48.73,4159152
2012-05-07,48.52,49.05,48.51,48.7,3893458
2012-05-08,48.57,49.26,48.15,49.16,5310308
2012-05-09,48.19,48.63,47.88,48.16,7284117
2012-05-10,48.63,48.64,48.21,48.5,4865785
2012-05-11,48.22,48.93,48.12,48.18,3915020
2012-05-14,47.81,48.21,47.6,47.79,3453171
2012-05-15,47.65,48.07,47.41,47.52,4069936
2012-05-16,47.77,48.21,47.17,47.17,5097442
2012-05-17,47.16,47.23,46.1,46.19,4785886
2012-05-18,46.42,47.15,45.79,45.93,5738219
2012-05-21,46.3,47.03,46.22,46.77,3265695
2012-05-22,47.09,47.63,46.86,47.18,3697796
2012-05-23,46.98,47.92,46.84,47.86,5649176
2012-05-24,47.87,47.99,47.27,47.7,3860457
2012-05-25,47.7,47.8,47.11,47.28,2872291
2012-05-29,47.7,48.09,47.56,47.95,2460494
2012-05-30,47.53,47.75,46.95,47.09,3985216
2012-05-31,47.07,47.1,46.41,46.77,5671640
2012-06-01,45.94,46.07,45.53,45.63,5214952
2012-06-04,45.64,45.8,44.63,45.07,4392002
2012-06-05,44.93,45.21,44.47,44.81,4695942
2012-06-06,45.35,46.01,45.09,45.94,7812194
2012-06-07,46.55,47.35,46.19,46.41,6941192
2012-06-08,46.43,46.85,46.04,46.69,2957023
2012-06-11,47.44,47.44,46.61,46.69,3959238
2012-06-12,46.75,47.14,46.31,47.05,4087624
2012-06-13,46.85,47.1,46.22,46.51,2841275
2012-06-14,46.69,46.7,46.2,46.49,4023140
2012-06-15,46.7,46.87,46.41,46.67,4114297
2012-06-18,46.48,46.87,46.25,46.65,2596740
2012-06-19,46.87,47.34,46.84,46.97,2546243
2012-06-20,46.99,47.17,45.64,46.02,6605330
2012-06-21,46.46,47.13,45.41,45.56,5660252
2012-06-22,45.81,46.0,45.4,45.71,6710169
2012-06-25,45.2,45.2,44.34,44.51,3629672
2012-06-26,44.67,44.85,43.87,44.09,5140692
2012-06-27,44.13,44.73,44.03,44.61,3183877
2012-06-28,44.09,44.5,43.75,44.29,3338444
2012-06-29,45.13,46.6,45.02,46.58,6047708
2012-07-02,46.76,46.76,45.05,45.4,4780354
2012-07-03,45.43,45.7,45.37,45.54,3044305
2012-07-05,45.02,45.98,45.02,45.81,3846684
2012-07-06,45.35,45.37,44.64,45.16,2934746
2012-07-09,45.0,45.11,44.7,44.93,2680716
2012-07-10,45.12,45.59,44.44,44.65,5706897
2012-07-11,44.58,44.73,44.16,44.43,3440527
2012-07-12,44.09,44.26,43.59,44.03,3664726
2012-07-13,44.1,45.02,44.01,44.94,3441324
2012-07-16,44.83,44.99,44.46,44.71,2861491
2012-07-17,44.81,45.29,44.57,45.21,3189833
2012-07-18,45.15,47.48,44.81,47.16,5521996
2012-07-19,47.25,47.38,46.68,47.03,3799097
2012-07-20,46.74,46.89,46.19,46.25,4430427
2012-07-23,45.67,46.45,45.28,46.3,3237721
2012-07-24,46.3,46.45,45.01,45.35,4061752
2012-07-25,45.66,46.28,45.2,45.6,3128556
2012-07-26,46.29,46.9,46.16,46.69,2711412
2012-07-27,46.97,48.28,46.73,48.03,4229818
2012-07-30,47.83,48.34,47.7,47.93,2803405
2012-07-31,47.82,48.21,47.58,47.77,3202723
2012-08-01,47.5,47.5,47.5,47.5,123816
2012-08-02,47.24,47.61,46.77,47.41,2368168
2012-08-03,48.28,48.86,48.2,48.5,3196279
2012-08-06,48.96,49.4,48.89,48.94,4756857
2012-08-07,50.48,51.1,49.7,49.79,5770340
2012-08-08,49.61,50.18,49.0,49.98,3672921
2012-08-09,50.05,50.39,50.0,50.3,3217321
2012-08-10,50.25,51.31,50.01,51.25,3897504
2012-08-13,51.14,51.31,50.66,51.15,2721138
2012-08-14,51.4,51.91,51.16,51.81,4849429
2012-08-15,51.48,51.67,51.17,51.52,2802187
2012-08-16,51.49,52.24,51.45,52.09,3174426
2012-08-17,52.13,52.37,51.99,52.3,3506694
2012-08-20,52.17,52.38,51.84,52.24,2088261
2012-08-21,52.41,52.98,52.24,52.31,3091397
2012-08-22,52.04,52.16,51.25,51.66,3870125
2012-08-23,51.68,51.79,51.35,51.47,2890615
2012-08-24,51.38,51.97,51.26,51.72,2207311
2012-08-27,51.85,52.01,51.55,51.6,2123215
2012-08-28,51.55,51.87,51.34,51.58,2240979
2012-08-29,51.71,51.93,51.37,51.54,2836377
2012-08-30,51.11,51.34,50.56,50.74,3389706
2012-08-31,51.06,51.48,50.61,50.72,3524637
2012-09-04,50.62,50.84,49.39,49.84,5679579
2012-09-05,49.77,49.86,48.82,49.0,6131423
2012-09-06,49.38,50.12,49.38,49.98,4265989
2012-09-07,49.71,50.0,49.37,49.8,6903859
2012-09-10,49.89,50.34,49.63,49.77,4199836
2012-09-11,49.78,49.95,49.3,49.42,3508574
2012-09-12,49.54,49.58,49.15,49.42,3266270
2012-09-13,49.35,50.24,48.61,49.97,5111550
2012-09-14,50.01,50.52,49.54,49.81,5726057
2012-09-17,49.74,50.3,49.6,50.24,3619092
2012-09-18,50.17,50.61,50.12,50.54,3278506
2012-09-19,50.62,50.95,50.25,50.56,3137361
2012-09-20,50.31,50.7,49.85,50.42,3432666
2012-09-21,50.68,50.79,50.04,50.1,3495057
2012-09-24,49.86,50.23,49.75,50.03,2330974
2012-09-25,49.09,49.56,48.29,48.3,6059224
2012-09-26,48.45,48.55,47.78,47.9,4547518
2012-09-27,48.25,48.63,48.02,48.35,4644384
2012-09-28,48.05,48.55,47.79,48.27,4318538
2012-10-01,47.75,48.69,47.66,47.93,3957054
2012-10-02,48.06,48.3,47.84,48.03,4122123
2012-10-03,48.22,48.76,47.95,48.56,3416635
2012-10-04,48.8,49.46,48.68,49.05,4333764
2012-10-05,49.38,49.86,49.05,49.19,3459362
2012-10-08,49.0,49.19,48.81,49.12,2958066
2012-10-09,49.11,49.2,48.55,49.0,3799484
2012-10-10,48.85,48.96,48.06,48.29,2831543
2012-10-11,48.85,49.0,48.32,48.32,2264499
2012-10-12,48.54,48.82,48.02,48.35,2464422
2012-10-15,48.46,48.59,48.17,48.4,3499052
2012-10-16,48.63,49.0,48.54,48.88,2180660
2012-10-17,49.18,49.37,48.97,49.31,2925544
2012-10-18,49.18,49.74,49.09,49.6,2944636
2012-10-19,49.22,49.48,48.0,48.25,5130184
2012-10-22,48.04,48.56,47.88,48.22,3311998
2012-10-23,47.66,48.0,47.1,47.32,4113659
2012-10-24,47.59,47.64,47.17,47.34,2594762
2012-10-25,47.83,48.1,47.66,47.96,3806742
2012-10-26,47.88,48.15,47.62,47.84,2984499
2012-10-30,47.88,48.15,47.62,47.84,2984499
2012-10-31,48.32,48.9,48.05,48.43,5113019
2012-11-01,48.84,50.69,48.58,50.38,5361910
2012-11-02,50.69,50.89,49.73,49.81,4206252
2012-11-05,49.91,50.57,49.6,50.5,4353497
2012-11-06,52.3,52.81,51.33,51.46,5969864
2012-11-07,50.91,51.19,50.21,50.28,4228786
2012-11-08,50.21,50.46,49.65,49.78,3496966
2012-11-09,49.55,50.92,49.48,50.15,3951835
2012-11-12,50.2,50.7,50.07,50.34,2474204
2012-11-13,50.0,50.56,49.83,49.91,4125215
2012-11-14,49.8,49.85,48.18,48.37,4304623
2012-11-15,48.31,48.74,47.92,48.14,3398517
2012-11-16,48.15,48.34,47.63,48.19,3910587
2012-11-19,49.09,49.41,48.71,48.95,3510380
2012-11-20,48.35,48.64,47.74,48.49,4444685
2012-11-21,48.77,48.8,48.3,48.55,2568147
2012-11-23,48.71,49.12,48.68,49.12,1473645
2012-11-26,48.72,49.05,48.53,48.86,3883613
2012-11-27,48.89,49.89,48.8,49.2,6822661
2012-11-28,49.0,50.0,48.85,49.97,3590398
2012-11-29,50.15,50.84,49.98,50.58,4732113
2012-11-30,50.52,50.78,50.2,50.23,4184978
2012-12-03,50.56,50.65,49.54,49.6,2707894
2012-12-04,49.65,49.9,49.39,49.74,2889001
2012-12-05,49.84,50.95,49.83,50.65,4124008
2012-12-06,50.64,50.8,50.28,50.8,4261327
2012-12-07,50.97,51.2,50.65,50.85,2216065
2012-12-10,50.85,51.3,50.79,51.23,2251455
2012-12-11,51.54,51.78,51.24,51.52,2711812
2012-12-12,51.71,52.14,51.44,51.62,4278723
2012-12-13,51.53,52.02,51.42,51.66,2970290
2012-12-14,51.4,52.17,51.4,51.75,3745942
2012-12-17,52.03,52.27,51.85,52.25,2790622
2012-12-18,52.3,53.23,52.06,53.11,4329958
2012-12-19,53.15,53.62,53.14,53.18,3611258
2012-12-20,53.08,53.26,52.72,53.25,3550715
2012-12-21,52.54,53.01,52.4,53.01,5412075
2012-12-24,52.87,53.0,52.56,52.85,1043872
2012-12-26,53.0,53.23,52.44,52.67,2237695
2012-12-27,52.75,52.84,52.1,52.67,2388568
2012-12-28,52.32,52.76,52.08,52.14,2028070
2012-12-31,51.95,52.99,51.65,52.96,3039502
2013-01-02,53.96,54.85,53.83,54.6,5417507
2013-01-03,54.87,55.6,54.49,54.86,5705728
2013-01-04,55.04,55.25,54.62,55.07,3243191
2013-01-07,54.81,55.15,54.55,54.7,4297812
2013-01-08,54.12,54.68,53.86,54.21,4129499
2013-01-09,54.51,55.08,54.28,54.7,2998163
2013-01-10,55.03,55.14,54.55,55.14,3451254
2013-01-11,55.1,55.2,54.79,55.04,2067370
2013-01-14,55.07,55.35,54.75,55.32,2648420
2013-01-15,55.01,55.09,54.6,55.01,3367489
2013-01-16,54.86,54.9,54.42,54.57,2401609
2013-01-17,54.82,55.68,54.63,55.35,3039675
2013-01-18,55.47,56.0,55.25,55.89,3968674
2013-01-21,55.47,56.0,55.25,55.89,3968674
2013-01-22,55.96,56.82,55.88,56.82,3795519
2013-01-23,56.72,56.87,56.44,56.87,2849092
2013-01-24,57.09,57.9,57.07,57.27,4639522
2013-01-25,57.3,57.57,56.96,57.47,2874429
2013-01-28,57.65,57.71,56.98,57.29,2223457
2013-01-29,56.97,57.55,56.87,57.47,2264261
2013-01-30,57.33,57.55,57.06,57.21,2382513
2013-01-31,57.14,57.66,56.78,57.25,4899365
2013-02-01,57.65,58.3,57.53,58.08,3244493
2013-02-04,57.86,57.98,57.31,57.49,3393670
2013-02-05,56.98,57.57,56.1,56.91,5733122
2013-02-06,56.62,57.47,56.62,57.44,3464757
2013-02-07,57.33,57.51,56.84,57.47,2912675
2013-02-08,57.49,57.9,57.41,57.5,3878522
2013-02-11,57.51,57.87,57.06,57.73,2929551
2013-02-12,57.75,58.36,57.65,58.08,3890737
2013-02-13,57.95,58.34,57.81,58.1,4298754
2013-02-14,57.9,58.49,57.69,58.41,3649002
2013-02-15,58.48,58.65,57.98,58.29,5043710
2013-02-18,58.48,58.65,57.98,58.29,5043710
2013-02-19,58.32,58.67,57.93,58.56,2772379
2013-02-20,58.64,58.64,57.75,57.75,3092365
2013-02-21,57.41,57.62,56.8,56.99,3809725
2013-02-22,57.22,57.69,56.92,57.27,2648837
2013-02-25,57.5,57.64,55.77,55.77,4349998
2013-02-26,56.18,56.31,55.57,56.12,3733395
2013-02-27,56.03,57.44,55.94,57.26,3368970
2013-02-28,57.26,57.48,56.68,56.7,3642808
2013-03-01,56.41,56.62,55.84,56.07,4424816
2013-03-04,55.83,55.85,55.04,55.54,4075984
2013-03-05,55.87,56.3,55.65,56.25,3904210
2013-03-06,56.47,56.77,56.19,56.36,2889725
2013-03-07,56.37,56.79,56.35,56.48,2875483
2013-03-08,56.77,57.39,56.44,57.29,3231831
2013-03-11,57.35,57.52,56.92,57.49,2471108
2013-03-12,57.51,57.59,56.66,56.82,2949653
2013-03-13,56.75,56.87,56.06,56.2,3372941
2013-03-14,56.31,57.6,56.25,57.52,4242326
2013-03-15,57.21,57.84,57.09,57.59,3824002
2013-03-18,56.95,57.49,56.69,56.93,2906036
2013-03-19,57.1,57.22,56.24,56.95,2895771
2013-03-20,57.33,57.4,56.71,57.11,2388595
2013-03-21,56.77,56.94,56.14,56.47,3095479
2013-03-22,56.67,56.89,56.36,56.79,2236193
2013-03-25,56.87,56.98,55.6,55.83,3683007
2013-03-26,55.72,55.81,54.73,55.49,5929892
2013-03-27,55.12,55.49,54.76,55.36,3883479
2013-03-28,55.37,55.96,55.29,55.87,3070239
2013-03-29,55.37,55.96,55.29,55.87,3070239
2013-04-01,55.59,55.79,54.82,55.01,2484215
2013-04-02,55.36,55.51,54.73,54.89,3159076
2013-04-03,55.05,55.44,54.7,54.93,4140456
2013-04-04,55.14,56.12,54.99,56.08,4022808
2013-04-05,55.45,55.86,55.03,55.73,3452122
2013-04-08,55.67,55.99,55.18,55.99,3352995
2013-04-09,56.0,56.89,55.81,56.53,3220627
2013-04-10,56.87,57.2,56.54,57.08,2785075
2013-04-11,57.15,57.37,56.37,56.65,3962929
2013-04-12,56.41,56.63,55.66,55.83,3237308
2013-04-15,55.52,55.59,53.59,53.59,6031377
2013-04-16,54.05,54.41,53.54,54.37,3821761
2013-04-17,54.01,54.07,53.21,53.58,4297287
2013-04-18,53.76,53.99,53.09,53.32,2927259
2013-04-19,53.56,53.73,53.1,53.48,4684023
2013-04-22,53.58,54.09,53.11,53.79,4360435
2013-04-23,53.28,54.67,53.27,54.64,4646825
2013-04-24,54.75,55.57,54.75,55.28,4892629
2013-04-25,55.45,55.79,55.09,55.39,3173801
2013-04-26,55.25,55.42,54.38,54.44,3234519
2013-04-29,54.65,55.47,54.4,55.31,3165335
2013-04-30,55.23,55.88,54.96,55.51,4281109
2013-05-01,55.2,55.23,54.27,54.3,4062821
2013-05-02,54.75,55.94,54.51,55.8,4243379
2013-05-03,56.31,57.09,56.31,56.82,3965102
2013-05-06,56.84,57.68,56.67,57.3,4546788
2013-05-07,55.77,56.66,55.63,56.56,8356431
2013-05-08,56.28,57.19,55.8,57.17,4130704
2013-05-09,57.13,58.45,57.05,57.71,5035397
2013-05-10,57.83,58.11,57.48,57.96,2534038
2013-05-13,57.9,58.08,57.45,57.82,2012582
2013-05-14,57.81,59.0,57.81,59.0,3310760
2013-05-15,58.4,58.74,58.34,58.5,3910410
2013-05-16,58.31,58.84,57.8,58.03,4831696
2013-05-17,58.2,59.55,58.17,59.36,5159142
2013-05-20,59.08,60.08,59.05,59.3,4335490
2013-05-21,59.44,59.6,58.68,58.78,4000490
2013-05-22,58.76,58.95,57.63,57.89,4781947
2013-05-23,57.18,57.53,56.95,57.14,4349740
2013-05-24,56.75,57.13,56.53,56.94,2422000
2013-05-28,57.67,58.2,57.41,57.66,3071811
2013-05-29,57.41,57.77,57.16,57.27,3055650
2013-05-30,57.34,58.2,57.34,57.81,2223610
2013-05-31,57.62,58.52,57.25,57.46,3675237
2013-06-03,57.62,57.86,56.88,57.75,4162019
2013-06-04,57.66,58.13,56.74,57.15,3185465
2013-06-05,56.96,57.05,55.65,55.95,4302459
2013-06-06,56.03,56.39,55.74,56.32,3386710
2013-06-07,56.87,57.68,56.54,57.63,3390605
2013-06-10,57.95,57.96,57.16,57.49,2698303
2013-06-11,56.67,56.94,56.3,56.43,2563698
2013-06-12,56.8,56.96,55.83,55.89,3036314
2013-06-13,55.88,56.92,55.5,56.75,2381203
2013-06-14,56.64,56.93,56.07,56.14,2327187
2013-06-17,56.68,56.78,56.25,56.56,2933772
2013-06-18,56.62,57.58,56.61,57.34,2784006
2013-06-19,57.23,57.47,56.39,56.41,2428753
2013-06-20,55.8,55.87,54.27,54.38,5847612
2013-06-21,54.78,55.04,54.13,54.76,4893004
2013-06-24,54.13,54.45,53.42,54.0,4165374
2013-06-25,54.53,55.06,54.43,54.83,3580779
2013-06-26,55.41,55.65,54.71,55.31,3169670
2013-06-27,55.77,55.95,55.27,55.39,2730877
2013-06-28,55.22,55.37,54.45,54.54,5158369
2013-07-01,54.58,55.68,54.55,55.35,2750425
2013-07-02,55.39,56.15,55.24,55.41,3773168
2013-07-03,55.06,55.31,54.72,55.19,2118514
2013-07-04,55.06,55.31,54.72,55.19,2118514
2013-07-05,55.62,56.53,55.05,56.43,3331572
2013-07-08,56.89,57.41,56.6,56.72,2929776
2013-07-09,57.36,57.8,57.2,57.61,2540905
2013-07-10,57.61,57.75,56.92,57.1,2957495
2013-07-11,57.95,58.01,57.62,57.87,2758505
2013-07-12,57.67,57.83,56.79,57.22,3954673
2013-07-15,57.24,57.76,57.22,57.37,2577375
2013-07-16,57.49,57.57,56.96,57.21,2568812
2013-07-17,57.56,57.56,57.14,57.33,1864931
2013-07-18,57.34,57.97,57.14,57.74,2591908
2013-07-19,57.72,58.8,57.56,58.8,4823503
2013-07-22,59.85,60.95,59.58,60.26,5728696
2013-07-23,60.28,60.5,60.1,60.23,2147036
2013-07-24,60.55,60.55,59.65,60.0,2332274
2013-07-25,59.75,59.77,59.25,59.75,3527723
2013-07-26,59.35,59.83,59.25,59.8,2029104
2013-07-29,59.61,60.13,59.6,59.78,1705983
2013-07-30,60.13,60.55,60.05,60.49,2965995
2013-07-31,60.63,61.81,60.51,61.37,4970648
2013-08-01,61.98,62.7,61.78,62.55,4020884
2013-08-02,62.16,62.55,61.8,62.55,3810711
2013-08-05,62.32,62.68,62.18,62.34,2864377
2013-08-06,61.74,62.53,61.3,62.39,3679912
2013-08-07,62.27,62.39,61.2,61.64,3835606
2013-08-08,61.99,62.56,61.94,62.31,3409886
2013-08-09,62.26,62.48,61.59,61.9,3378321
2013-08-12,61.55,62.66,61.55,62.5,3645316
2013-08-13,62.54,62.91,62.12,62.41,2495745
2013-08-14,61.92,62.38,61.92,62.07,3142773
2013-08-15,61.46,61.61,60.59,60.88,3309354
2013-08-16,60.67,61.51,60.64,61.27,2731653
2013-08-19,61.21,61.44,60.99,61.12,2008284
2013-08-20,61.17,61.81,60.81,61.56,2478643
2013-08-21,61.11,61.69,60.81,60.88,3310472
2013-08-22,61.18,62.32,61.04,62.03,2729770
2013-08-23,62.14,62.2,61.66,61.96,1819312
2013-08-26,62.06,62.39,61.63,61.75,1730734
2013-08-27,61.05,61.19,60.5,60.58,2883636
2013-08-28,60.56,61.1,60.45,60.49,2638315
2013-08-29,60.33,61.08,60.17,60.61,1636374
2013-08-30,60.92,60.92,60.14,60.37,2442950
2013-09-03,61.06,61.63,60.48,60.7,3282651
2013-09-04,60.66,61.6,60.56,61.33,3795639
2013-09-05,61.29,62.05,61.07,61.67,2775940
2013-09-06,61.95,62.25,61.08,61.47,3973629
2013-09-09,61.66,62.77,61.65,62.5,2910499
2013-09-10,63.1,63.83,63.02,63.66,3719896
2013-09-11,63.64,63.9,63.17,63.59,2479445
2013-09-12,63.49,64.13,63.4,63.61,2354167
2013-09-13,63.68,64.26,63.57,64.04,3039000
2013-09-16,64.8,65.0,64.41,64.53,2818131
2013-09-17,64.55,64.97,64.3,64.89,2315631
2013-09-18,64.7,65.93,64.6,65.69,2904078
2013-09-19,65.88,66.79,65.88,66.5,3184357
2013-09-20,66.46,66.5,64.92,64.92,5805481
2013-09-23,64.78,65.56,64.78,64.96,3209476
2013-09-24,65.0,65.6,64.9,64.96,3940484
2013-09-25,65.22,65.37,64.86,64.86,3056654
2013-09-26,64.94,65.46,64.92,65.42,2511751
2013-09-27,65.13,65.18,64.74,64.9,3463609
2013-09-30,64.27,64.99,64.15,64.7,3321298
2013-10-01,64.72,65.42,64.5,65.07,3003961
2013-10-02,64.67,64.97,64.16,64.43,4068656
2013-10-03,64.27,64.46,63.15,63.73,3682318
2013-10-04,63.79,64.14,63.52,63.97,2726095
2013-10-07,63.32,64.26,63.23,63.72,1968853
2013-10-08,63.7,63.94,62.93,62.98,3246814
2013-10-09,62.98,63.53,62.73,63.18,3478026
2013-10-10,63.8,65.03,63.73,64.98,3553107
2013-10-11,64.85,65.43,64.76,65.35,2068867
2013-10-14,64.96,65.65,64.91,65.6,1762323
2013-10-15,65.21,65.37,64.74,64.77,3422559
2013-10-16,65.2,65.41,64.68,64.74,2944429
2013-10-17,64.53,65.3,64.53,65.21,3031713
2013-10-18,65.34,65.76,65.06,65.64,4670726
2013-10-21,65.65,66.19,65.5,65.94,2355728
2013-10-22,66.22,67.0,66.13,66.4,2304882
2013-10-23,66.31,66.55,65.94,66.47,2740629
2013-10-24,66.44,66.8,66.38,66.53,2036530
2013-10-25,66.74,67.22,66.39,67.22,2465129
2013-10-28,67.2,67.25,66.79,67.12,1914160
2013-10-29,67.26,67.39,66.71,67.39,2186530
2013-10-30,67.39,67.45,66.78,66.9,2410894
2013-10-31,66.9,67.49,66.61,66.97,2450534
2013-11-01,67.27,67.37,66.55,67.03,3177813
2013-11-04,67.46,67.57,67.18,67.37,2319634
2013-11-05,66.42,67.34,66.06,66.85,3188260
2013-11-06,67.24,67.5,66.64,67.41,2758227
2013-11-07,67.21,67.45,65.84,66.05,5119629
2013-11-08,66.01,67.04,65.99,66.97,2727463
2013-11-11,66.89,67.1,66.72,66.95,2012991
2013-11-12,66.7,66.96,66.2,66.3,3072420
2013-11-13,65.47,66.86,65.47,66.85,2468964
2013-11-14,66.89,67.49,66.83,67.21,3323174
2013-11-15,68.25,68.44,67.45,67.97,3750841
2013-11-18,68.11,68.27,67.44,67.59,2432803
2013-11-19,67.59,67.85,67.22,67.36,2080125
2013-11-20,67.79,67.92,66.89,67.09,2184544
2013-11-21,67.26,67.78,67.19,67.72,2121184
2013-11-22,67.85,68.05,67.47,68.0,1905406
2013-11-25,68.24,68.24,66.83,67.0,3607914
2013-11-26,67.01,67.66,67.01,67.24,2012834
2013-11-27,67.36,67.62,67.26,67.52,1317962
2013-11-29,67.36,67.62,67.26,67.52,1317962
2013-12-02,66.99,67.34,66.69,66.76,2405972
2013-12-03,66.65,67.03,66.28,66.7,3490105
2013-12-04,66.34,67.05,65.97,66.46,2060053
2013-12-05,66.33,66.66,66.01,66.45,2167445
2013-12-06,66.67,67.31,66.51,67.18,3023543
2013-12-09,67.29,67.73,67.22,67.64,2005177
2013-12-10,67.51,67.9,67.3,67.54,2310149
2013-12-11,67.42,67.53,66.22,66.4,2956641
2013-12-12,66.29,66.86,66.17,66.61,2445501
2013-12-13,66.67,66.82,66.05,66.2,2687421
2013-12-16,66.53,67.36,66.23,66.89,3894443
2013-12-17,66.89,67.22,66.42,66.46,2785670
2013-12-18,66.73,67.97,65.99,67.95,2749551
2013-12-19,67.97,68.8,67.66,68.66,3430782
2013-12-20,68.69,69.55,68.69,69.34,5507565
2013-12-23,69.56,69.7,69.17,69.37,1728897
2013-12-24,69.48,69.84,69.28,69.76,841141
2013-12-26,69.92,70.27,69.72,70.1,1276261
2013-12-27,70.22,70.47,70.01,70.21,974369
2013-12-30,70.2,70.66,70.08,70.26,1143377
2013-12-31,70.3,70.45,69.95,70.18,1665767
2014-01-02,69.83,70.03,69.1,69.3,1803110
2014-01-03,69.62,69.9,69.24,69.37,1634150
2014-01-06,69.78,69.88,68.65,68.85,2492072
2014-01-07,69.01,69.13,68.45,68.9,3025885
2014-01-08,68.86,68.99,68.25,68.55,2755910
2014-01-09,68.89,69.74,68.02,68.27,3431591
2014-01-10,68.53,68.91,67.92,68.55,3569717
2014-01-13,68.42,69.29,67.93,68.05,3519592
2014-01-14,68.36,69.23,68.11,69.21,2780776
2014-01-15,69.24,69.99,69.2,69.78,2088225
2014-01-16,69.7,70.29,69.54,69.95,2068720
2014-01-17,69.73,70.02,68.96,69.12,3596547
2014-01-21,69.37,69.9,69.15,69.55,2359846
2014-01-22,69.59,69.63,68.51,68.96,2954025
2014-01-23,68.44,68.49,67.11,67.35,4377122
2014-01-24,66.54,66.83,65.26,65.26,5543282
2014-01-27,65.21,66.05,64.65,65.52,4461529
2014-01-28,65.71,66.42,65.63,66.34,3777526
2014-01-29,65.71,66.29,65.52,65.67,3673788
2014-01-30,66.12,66.73,65.73,66.58,2806084
2014-01-31,65.4,66.45,65.32,65.94,2577201
2014-02-03,65.86,66.3,64.18,64.25,4708135
2014-02-04,63.52,65.0,62.25,64.06,5501253
2014-02-05,63.78,64.12,63.29,63.76,3943580
2014-02-06,63.78,64.41,63.73,63.94,3110882
2014-02-07,64.38,65.26,64.24,65.19,2616483
2014-02-10,64.93,65.0,64.48,64.99,2613130
2014-02-11,65.07,65.29,64.54,64.95,3255344
2014-02-12,64.78,65.39,64.65,65.11,3475526
2014-02-13,64.56,64.71,63.95,64.54,4202715
2014-02-14,64.39,64.97,64.0,64.51,4436082
2014-02-18,64.44,64.56,63.76,63.8,4956040
2014-02-19,63.61,64.26,63.18,63.27,3890866
2014-02-20,63.39,64.1,63.04,63.56,3369647
2014-02-21,63.7,64.15,63.42,63.42,2969856
2014-02-24,63.62,64.89,63.62,64.32,3556068
2014-02-25,64.34,64.91,64.06,64.55,3017729
2014-02-26,64.75,65.8,64.58,65.23,4014798
2014-02-27,65.22,65.74,64.96,65.25,3091874
2014-02-28,65.37,65.91,64.94,65.26,3393814
2014-03-03,64.8,64.8,63.95,64.35,2641248
2014-03-04,65.44,65.58,64.79,65.12,3201212
2014-03-05,65.12,65.3,64.96,65.06,2234706
2014-03-06,65.11,65.46,65.0,65.05,2462504
2014-03-07,65.35,65.88,65.3,65.6,3200699
2014-03-10,65.73,65.73,64.77,64.93,3092549
2014-03-11,65.14,65.32,64.14,64.41,2030199
2014-03-12,64.03,64.11,63.7,64.0,3032301
2014-03-13,64.45,64.63,62.77,63.02,4547294
2014-03-14,62.9,63.1,62.42,62.56,4438511
2014-03-17,62.98,63.84,62.98,63.66,3165736
2014-03-18,63.84,64.17,63.73,63.87,2624912
2014-03-19,64.02,64.2,63.13,63.63,4126726
2014-03-20,63.52,63.76,63.18,63.59,2806917
2014-03-21,64.85,66.02,64.47,65.35,7957105
2014-03-24,65.44,65.85,64.93,65.39,4184003
2014-03-25,65.73,66.37,65.68,66.35,4944376
2014-03-26,66.5,66.79,65.73,65.74,3889388
2014-03-27,65.56,66.29,65.02,66.2,4387989
2014-03-28,66.46,67.16,66.2,66.76,3143946
2014-03-31,67.28,67.36,66.64,66.8,3079245
2014-04-01,66.64,67.37,66.64,67.32,2766555
2014-04-02,67.32,68.01,67.22,67.84,3023821
2014-04-03,68.05,68.29,67.62,67.94,2282062
2014-04-04,68.23,68.56,67.23,67.27,3125673
2014-04-07,67.21,67.36,66.47,66.48,3716963
2014-04-08,66.51,66.8,66.08,66.66,4848988
2014-04-09,66.96,67.13,66.35,67.1,2691060
2014-04-10,67.04,67.3,65.94,66.05,3769723
2014-04-11,64.7,66.42,64.7,65.4,2837859
2014-04-14,65.99,66.17,64.78,65.37,3378007
2014-04-15,65.31,66.64,65.15,66.55,3554502
2014-04-16,66.97,67.64,66.84,67.61,3171777
2014-04-17,67.8,68.59,67.61,68.44,3945874
2014-04-21,68.31,68.83,68.17,68.59,1815620
2014-04-22,68.61,69.08,68.32,68.7,2029222
2014-04-23,68.58,69.44,68.44,69.4,4076494
2014-04-24,69.8,69.94,69.37,69.5,3494437
2014-04-25,69.36,69.36,68.33,68.44,2964970
2014-04-28,68.78,69.18,67.51,68.22,3095387
2014-04-29,68.63,68.71,67.63,68.05,2546760
2014-04-30,67.93,68.26,67.61,68.18,2322112
2014-05-01,68.12,68.28,67.58,67.99,2158818
2014-05-02,67.79,68.17,67.43,67.53,2785661
2014-05-05,67.3,67.7,66.87,67.62,2614428
2014-05-06,67.45,67.6,66.53,66.56,3351123
2014-05-07,66.92,67.33,66.41,67.2,2181227
2014-05-08,66.94,67.77,66.86,67.21,2317253
2014-05-09,67.14,67.33,66.54,67.12,1836721
2014-05-12,67.61,68.31,67.5,68.22,2461337
2014-05-13,68.39,68.65,68.15,68.28,2632627
2014-05-14,67.99,68.07,67.19,67.3,2073391
2014-05-15,67.02,67.18,65.93,66.64,3120948
2014-05-16,66.71,66.77,66.19,66.55,3603365
2014-05-19,66.26,66.98,66.25,66.73,2091007
2014-05-20,66.59,66.71,65.18,65.37,2650574
2014-05-21,65.47,66.01,65.29,65.57,3057544
2014-05-22,65.66,66.5,65.57,66.13,2234958
2014-05-23,66.19,66.75,65.94,66.5,1672407
2014-05-27,66.7,67.14,66.48,66.85,2233899
2014-05-28,67.12,67.23,66.6,66.65,1804865
2014-05-29,66.88,66.91,66.24,66.8,1812479
2014-05-30,66.76,66.86,66.44,66.73,2213005
2014-06-02,66.87,67.32,66.46,67.17,2099885
2014-06-03,66.88,67.36,66.62,66.94,3353156
2014-06-04,66.78,67.04,66.62,66.74,2239607
2014-06-05,67.04,67.53,66.79,67.39,2407945
2014-06-06,67.53,67.81,67.5,67.66,2747642
2014-06-09,67.55,68.63,67.55,68.1,3109672
2014-06-10,67.99,68.05,67.48,67.5,3482831
2014-06-11,67.26,67.67,67.18,67.25,2677647
2014-06-12,67.03,67.19,66.4,66.44,3723093
2014-06-13,66.5,66.85,66.24,66.47,3088127
2014-06-16,66.37,66.92,66.12,66.33,2717614
2014-06-17,66.2,67.48,66.1,67.24,3379176
2014-06-18,67.28,68.19,67.08,68.07,3232305
2014-06-19,68.08,68.31,67.39,67.61,3283548
2014-06-20,67.75,68.8,67.66,68.24,4236954
2014-06-23,68.47,68.67,67.77,67.81,2602773
2014-06-24,67.59,68.04,67.0,67.07,2010520
2014-06-25,66.96,67.49,66.91,67.02,2203166
2014-06-26,66.87,67.05,66.28,66.73,2006826
2014-06-27,66.54,67.2,66.49,66.92,2428896
2014-06-30,66.82,66.98,66.23,66.36,2675160
2014-07-01,66.18,66.95,65.96,66.55,2910338
2014-07-02,66.59,66.73,66.13,66.64,2230761
2014-07-03,66.97,67.65,66.93,67.37,1946588
2014-07-07,67.36,67.95,66.82,67.65,4105465
2014-07-08,67.38,68.05,67.22,67.83,4211842
2014-07-09,67.89,68.16,67.49,67.7,2958946
2014-07-10,67.11,67.59,67.0,67.2,2569872
2014-07-11,67.76,67.76,66.74,67.1,2964139
2014-07-14,67.71,67.77,67.24,67.26,2259527
2014-07-15,67.17,67.72,67.11,67.5,3003246
2014-07-16,67.96,68.23,67.75,67.99,3475716
2014-07-17,67.55,67.61,66.95,66.98,3334113
2014-07-18,67.12,67.48,67.01,67.39,2535419
2014-07-21,67.31,67.61,66.99,67.36,1842056
2014-07-22,67.5,67.87,67.36,67.42,1899038
2014-07-23,67.44,67.47,66.87,67.02,1341034
2014-07-24,66.94,67.51,66.91,67.05,2396469
2014-07-25,67.17,67.77,66.91,67.43,2965289
2014-07-28,67.24,67.24,66.57,67.08,3044887
2014-07-29,66.98,67.17,66.1,66.1,2704045
2014-07-30,66.15,66.23,64.79,65.21,4661822
2014-07-31,64.82,64.92,63.64,63.65,5419752
2014-08-01,63.27,63.78,62.71,63.4,4900767
2014-08-04,63.42,64.14,63.11,63.99,3924487
2014-08-05,62.1,63.96,60.85,62.84,6971203
2014-08-06,62.05,62.51,61.54,61.85,5195181
2014-08-07,62.24,62.39,61.65,61.79,2959312
2014-08-08,62.04,62.84,61.91,62.8,2232542
2014-08-11,63.11,63.13,62.51,62.58,2064471
2014-08-12,62.65,63.1,62.47,62.67,2099477
2014-08-13,62.49,63.14,62.28,63.05,3137256
2014-08-14,62.93,63.23,62.75,62.95,2726847
2014-08-15,63.24,63.41,62.55,62.97,3051098
2014-08-18,63.82,64.2,63.8,63.93,2293779
2014-08-19,63.82,64.2,63.8,63.93,2293779
2014-08-20,64.5,64.7,64.16,64.56,1774112
2014-08-21,64.5,64.7,64.16,64.56,1774112
2014-08-22,64.74,64.93,64.43,64.6,2433394
2014-08-25,64.91,65.16,64.64,64.75,1483873
2014-08-26,64.93,64.96,64.29,64.34,1857628
2014-08-27,64.38,64.58,64.08,64.4,1507549
2014-08-28,64.0,64.38,63.9,64.26,1192515
2014-08-29,64.39,64.57,63.99,64.02,2074387
2014-09-01,64.33,64.67,64.07,64.31,3087456
2014-09-02,64.33,64.67,64.07,64.31,3087456
2014-09-03,64.75,64.85,64.19,64.29,2176739
2014-09-04,64.33,65.48,64.19,64.64,3406406
2014-09-05,64.64,65.3,64.24,65.08,3698056
2014-09-08,64.92,65.32,64.86,64.98,3218314
2014-09-09,64.98,65.43,64.79,65.11,3204590
2014-09-10,65.19,65.35,64.87,65.01,2626310
2014-09-11,64.76,65.07,64.55,64.66,2734812
2014-09-12,64.53,64.66,64.15,64.49,3030355
2014-09-15,64.31,64.54,64.18,64.3,2134060
2014-09-16,64.29,64.43,63.75,64.41,2563770
2014-09-17,64.75,65.1,64.33,64.53,3243474
2014-09-18,64.87,64.92,64.57,64.74,1998215
2014-09-19,65.16,65.22,64.58,65.0,4764050
2014-09-22,64.87,64.98,64.0,64.25,2639330
2014-09-23,63.9,64.23,63.49,63.5,3891110
2014-09-24,63.55,64.46,63.22,64.21,3889208
2014-09-25,63.79,63.84,62.4,62.41,4041084
2014-09-26,62.51,63.09,62.19,63.04,3282733
2014-09-29,62.28,62.76,62.01,62.67,2883675
2014-09-30,62.59,63.08,62.44,62.58,3581589
2014-10-01,62.02,62.06,61.11,61.4,3938675
2014-10-02,61.48,62.49,61.31,62.14,3890445
2014-10-03,63.22,63.22,62.21,62.42,3813616
2014-10-06,62.59,62.86,62.1,62.46,2024110
2014-10-07,62.0,62.13,60.96,61.0,3082176
2014-10-08,61.16,61.9,60.6,61.82,4033297
2014-10-09,61.7,61.7,59.51,59.66,5497287
2014-10-10,59.71,60.38,59.09,59.43,5397166
2014-10-13,59.63,59.97,58.63,58.67,4256905
2014-10-14,59.07,60.36,58.99,59.17,4613809
2014-10-15,58.47,59.52,57.76,59.35,5419667
2014-10-16,58.44,60.92,58.4,60.47,6910607
2014-10-17,60.93,61.69,60.85,61.22,5441613
2014-10-20,60.88,61.24,60.64,61.23,3655440
2014-10-21,61.75,63.12,61.71,62.96,3634818
2014-10-22,63.08,63.29,60.91,60.95,6431620
2014-10-23,61.69,62.43,61.62,62.05,3100544
2014-10-24,61.69,62.43,61.62,62.05,3100544
2014-10-27,62.07,62.32,61.64,62.27,2369980
2014-10-28,63.76,63.76,62.93,63.3,4025514
2014-10-29,63.76,63.76,62.93,63.3,4025514
2014-10-30,62.83,63.65,62.52,63.42,3146900
2014-10-31,64.23,64.52,63.79,64.06,5405908
2014-11-03,64.24,64.71,63.92,64.51,4040443
2014-11-04,65.05,65.41,63.78,64.19,6902586
2014-11-05,64.9,64.91,64.15,64.41,3899052
2014-11-06,64.63,64.89,64.24,64.67,3475061
2014-11-07,64.81,65.24,64.51,64.86,3368448
2014-11-10,64.97,65.26,64.87,65.11,2013881
2014-11-11,65.11,65.11,64.4,64.56,2464549
2014-11-12,63.89,64.38,63.89,64.05,2859866
2014-11-13,64.1,64.18,63.1,63.52,3597739
2014-11-14,63.37,63.89,63.37,63.62,2345487
2014-11-17,63.53,63.95,63.38,63.74,2249910
2014-11-18,63.63,64.36,63.54,64.04,2515704
2014-11-19,63.89,64.33,63.64,64.15,2103241
2014-11-20,63.75,64.6,63.65,64.21,2222770
2014-11-21,65.0,65.79,64.92,65.59,3993730
2014-11-24,65.59,65.89,65.39,65.77,2503233
2014-11-25,65.85,65.94,65.21,65.7,2901416
2014-11-26,65.63,65.79,65.16,65.38,1852152
2014-11-27,65.63,65.79,65.16,65.38,1852152
2014-11-28,64.87,64.92,63.29,63.75,3486450
2014-12-01,63.29,63.31,62.45,62.81,4786791
2014-12-02,62.85,63.64,62.67,63.54,3091586
2014-12-03,63.8,64.62,63.64,64.48,5283998
2014-12-04,64.45,64.82,64.2,64.56,2332544
2014-12-05,64.65,65.16,64.41,64.88,3242097
2014-12-08,64.86,64.89,63.1,63.61,4195673
2014-12-09,62.78,63.67,62.53,63.63,4086769
2014-12-10,63.36,63.5,61.25,61.45,4427068
2014-12-11,61.83,62.11,61.15,61.32,3627345
2014-12-12,60.4,60.51,58.27,58.43,8183674
2014-12-15,58.93,59.52,57.8,58.15,6956509
2014-12-16,58.25,60.9,58.17,59.21,7726467
2014-12-17,59.01,59.96,58.3,59.74,7855001
2014-12-18,60.61,62.0,60.61,62.0,5488695
2014-12-19,62.02,62.77,61.71,62.33,7342634
2014-12-22,62.48,62.82,62.12,62.6,2712603
2014-12-23,62.83,63.41,62.73,62.83,2627954
2014-12-24,62.89,63.01,62.58,62.73,1405629
2014-12-26,63.09,63.15,62.75,62.78,1595531
2014-12-29,62.58,62.85,62.46,62.61,2116741
2014-12-30,62.5,62.66,62.26,62.37,2034207
2014-12-31,62.63,62.84,61.67,61.73,2225073
2015-01-02,61.84,62.25,60.99,61.79,3396049
2015-01-05,61.83,62.16,60.45,60.52,7148427
2015-01-06,60.74,60.86,59.73,60.42,5451839
2015-01-07,61.0,61.02,60.07,60.29,5283510
2015-01-08,60.73,61.93,60.56,61.87,4899288
2015-01-09,61.82,61.97,60.37,60.9,3638561
2015-01-12,60.61,60.76,59.6,60.17,5807433
2015-01-13,60.53,61.16,59.55,60.08,4379412
2015-01-14,59.26,59.66,58.64,59.62,6715104
2015-01-15,60.03,60.1,59.22,59.38,6035180
2015-01-16,59.23,60.4,59.13,60.35,7268006
2015-01-20,60.76,60.93,59.81,60.48,5774831
2015-01-21,60.44,61.28,60.06,60.98,4490207
2015-01-22,60.3,60.48,59.49,59.81,9337627
2015-01-23,59.51,59.64,58.05,58.12,9666024
2015-01-26,58.21,59.48,57.53,59.43,7435759
2015-01-27,57.37,58.33,57.12,57.3,9315295
2015-01-28,57.46,57.8,56.19,56.23,7567364
2015-01-29,56.09,57.19,55.81,56.88,7405493
2015-01-30,56.53,57.55,56.48,56.94,8147122
2015-02-02,57.06,59.17,57.03,58.97,10199110
2015-02-03,58.15,60.0,57.58,59.44,20572890
2015-02-04,59.14,59.35,57.13,57.33,10933917
2015-02-05,57.33,57.66,56.81,57.15,8895146
2015-02-06,57.16,57.49,56.82,57.03,6159990
2015-02-09,56.77,57.71,56.75,57.35,6025630
2015-02-10,57.55,58.13,57.02,58.04,6049960
2015-02-11,57.82,57.96,57.19,57.69,4182703
2015-02-12,57.68,58.67,57.68,58.6,4897029
2015-02-13,58.68,59.31,58.55,58.68,3796567
2015-02-17,58.59,58.62,58.17,58.3,3499854
2015-02-18,58.17,59.24,58.16,58.85,3309334
2015-02-19,58.67,58.96,58.35,58.69,3185325
2015-02-20,58.53,58.77,57.78,58.67,5883462
2015-02-23,58.67,58.76,58.24,58.74,4148787
2015-02-24,58.41,58.72,57.96,58.55,5259571
2015-02-25,58.72,58.79,57.8,58.3,5087242
2015-02-26,58.23,58.4,57.91,57.94,3878644
2015-02-27,58.01,58.26,57.88,57.92,4779035
2015-03-02,58.01,58.51,57.9,58.33,3693212
2015-03-03,57.96,58.46,57.92,58.38,3097375
2015-03-04,58.08,58.26,57.5,57.78,3451683
2015-03-05,57.77,58.08,57.45,58.08,4852678
2015-03-06,57.45,57.45,56.34,56.56,7698358
2015-03-09,56.92,57.33,56.65,57.1,6179773
2015-03-10,56.54,56.54,55.9,56.09,6115224
2015-03-11,56.34,56.36,55.5,55.51,4172115
2015-03-12,55.68,56.16,55.63,56.05,4695630
2015-03-13,55.92,55.94,54.95,55.26,4879230
2015-03-16,55.48,56.25,55.46,56.23,4967125
2015-03-17,55.71,55.88,55.48,55.69,4235732
2015-03-18,55.54,57.09,55.02,56.78,5922498
2015-03-19,56.47,56.6,55.79,56.27,3907756
2015-03-20,56.51,56.79,56.24,56.69,8023337
2015-03-23,56.73,57.16,56.62,56.93,4194555
2015-03-24,56.87,56.96,56.54,56.81,6166673
2015-03-25,57.0,57.13,56.48,56.6,5731965
2015-03-26,56.19,56.8,55.9,56.47,5074596
2015-03-27,56.65,56.65,56.0,56.54,3677666
2015-03-30,56.72,57.24,56.56,56.59,4314353
2015-03-31,56.36,56.68,55.8,56.62,6236964
2015-04-01,56.26,56.33,55.72,55.89,4704660
2015-04-02,55.91,56.26,55.5,55.54,5912846
2015-04-06,55.88,57.75,55.25,56.99,7784678
2015-04-07,56.68,56.87,56.16,56.47,4364230
2015-04-08,56.36,56.93,56.2,56.74,4925779
2015-04-09,56.63,57.15,56.58,56.72,5385402
2015-04-10,56.88,57.02,56.53,56.85,3712383
2015-04-13,56.92,58.46,56.87,58.4,9402654
2015-04-14,58.16,58.59,57.96,58.33,4561684
2015-04-15,58.65,59.31,58.55,59.16,4734761
2015-04-16,58.86,59.15,58.61,58.91,3919946
2015-04-17,58.55,58.57,57.87,58.43,5091310
2015-04-20,58.67,59.21,58.63,58.7,3552813
2015-04-21,58.72,58.97,57.77,58.22,3642174
2015-04-22,58.21,58.29,57.51,58.15,3622589
2015-04-23,57.75,58.58,57.56,58.21,3775424
2015-04-24,57.87,58.19,57.31,57.65,3953631
2015-04-27,57.81,58.67,57.77,58.46,3909094
2015-04-28,58.21,58.82,58.02,58.66,3464815
2015-04-29,58.45,59.28,58.01,59.09,4709572
2015-04-30,59.01,59.36,58.55,58.83,3988039
2015-05-01,59.04,59.39,58.83,59.33,3016121
2015-05-04,59.59,59.81,59.32,59.49,3809231
2015-05-05,57.61,58.87,57.5,58.4,8422721
2015-05-06,58.39,58.48,57.53,58.22,6646975
2015-05-07,58.45,58.46,57.63,58.1,5785700
2015-05-08,58.74,59.07,58.57,58.79,4051577
2015-05-11,58.73,59.54,58.4,59.3,5284437
2015-05-12,59.19,60.49,59.04,60.18,7415831
2015-05-13,60.04,60.86,60.04,60.34,7257154
2015-05-14,60.78,60.86,60.34,60.53,4121708
2015-05-15,60.59,60.69,60.06,60.19,3653580
2015-05-18,60.32,60.45,59.9,60.2,3998448
2015-05-19,59.99,60.2,59.52,59.9,5030673
2015-05-20,59.85,60.28,59.4,60.13,4926238
2015-05-21,60.25,62.75,60.2,61.72,10752742
2015-05-22,61.57,62.3,61.56,61.78,5323515
2015-05-26,61.76,61.77,60.65,60.83,4579843
2015-05-27,60.89,61.15,60.59,60.95,2667741
2015-05-28,60.7,61.07,60.3,61.02,3710009
2015-05-29,61.23,61.28,60.01,60.31,4545316
2015-06-01,60.64,60.82,60.0,60.24,2836708
2015-06-02,60.07,60.77,60.01,60.3,3004648
2015-06-03,60.3,60.7,60.13,60.34,2639406
2015-06-04,59.87,60.02,58.82,58.92,6019268
2015-06-05,58.8,59.27,58.63,59.21,3299087
2015-06-08,59.04,59.47,58.98,59.12,2805750
2015-06-09,58.75,59.39,58.68,59.18,2467607
2015-06-10,59.55,59.91,59.41,59.77,3149109
2015-06-11,59.89,60.22,59.74,60.14,2967584
2015-06-12,59.91,60.18,59.47,59.63,2878303
2015-06-15,59.1,59.17,58.53,58.7,2791750
2015-06-16,58.68,58.87,58.4,58.61,2343400
2015-06-17,58.74,58.98,57.93,58.35,4112425
2015-06-18,58.5,59.37,58.37,58.75,5450465
2015-06-19,58.44,58.8,58.09,58.11,6871065
2015-06-22,57.85,58.64,57.85,58.26,4133090
2015-06-23,58.35,58.43,57.62,57.88,3397807
2015-06-24,57.86,57.91,57.33,57.49,2373720
2015-06-25,57.41,57.52,56.62,56.62,3129160
2015-06-26,56.62,56.74,56.34,56.58,3582362
2015-06-29,56.24,56.5,55.5,55.56,2681427
2015-06-30,56.21,57.27,55.23,55.43,7572771
2015-07-01,55.67,55.68,55.02,55.45,5230501
2015-07-02,55.67,56.12,55.54,55.86,4948156
2015-07-06,55.53,55.92,55.15,55.26,3064781
2015-07-07,55.19,55.29,54.15,55.05,4512428
2015-07-08,54.69,54.87,53.81,53.98,4231458
2015-07-09,54.75,54.92,53.76,53.76,3743526
2015-07-10,54.49,54.58,53.69,53.83,3979241
2015-07-13,54.2,54.37,53.98,54.3,3399066
2015-07-14,54.31,54.41,53.98,54.2,2925934
2015-07-15,54.11,54.25,53.26,53.48,4180257
2015-07-16,53.88,54.05,53.14,53.37,4587480
2015-07-17,53.16,53.37,52.45,52.59,6374696
2015-07-20,52.62,52.98,52.5,52.74,3986621
2015-07-21,52.57,52.58,51.95,52.14,5266625
2015-07-22,51.99,52.24,51.73,51.76,4665429
2015-07-23,51.76,52.21,51.46,51.52,4148472
2015-07-24,51.45,51.54,50.63,50.68,3527582
2015-07-27,50.39,50.6,50.1,50.46,3435881
2015-07-28,50.68,51.96,50.62,51.8,5544859
2015-07-29,51.64,52.36,51.42,52.21,3945763
2015-07-30,51.92,52.21,51.7,51.98,3040324
2015-07-31,52.3,52.4,51.68,51.75,4019910
2015-08-03,51.58,51.86,51.16,51.33,3839784
2015-08-04,51.33,52.18,49.54,49.64,7360458
2015-08-05,50.13,50.46,49.71,49.91,7088051
2015-08-06,49.81,50.06,49.45,49.74,5833787
2015-08-07,49.56,49.68,49.1,49.19,5430032
2015-08-10,49.62,50.23,49.62,50.02,6008584
2015-08-11,49.5,49.6,48.77,48.93,6288311
2015-08-12,48.24,49.17,47.83,49.08,6236858
2015-08-13,49.06,49.65,48.9,49.41,4545281
2015-08-14,49.26,49.72,49.26,49.6,3163851
2015-08-17,49.36,50.47,49.22,50.34,4120918
2015-08-18,50.0,50.22,49.79,50.11,2858694
2015-08-19,49.75,50.1,49.22,49.73,4644535
2015-08-20,49.31,49.57,48.89,49.07,5604110
2015-08-21,48.68,49.18,47.95,47.96,6704635
2015-08-24,45.5,48.05,44.03,46.36,9120513
2015-08-25,48.4,48.5,45.1,45.16,7418348
2015-08-26,46.18,46.49,45.4,46.41,6266834
2015-08-27,46.96,47.79,46.63,47.64,4215689
2015-08-28,47.59,48.19,47.51,48.05,4098610
2015-08-31,47.63,48.01,47.19,47.72,3650134
2015-09-01,46.67,47.09,46.02,46.27,4252475
2015-09-02,46.86,47.06,46.18,46.79,3230065
2015-09-03,45.77,46.77,45.76,46.43,5766853
2015-09-04,45.74,46.17,45.62,45.82,4683441
2015-09-08,46.47,46.85,46.3,46.85,4440030
2015-09-09,47.37,47.46,46.43,46.52,6041316
2015-09-10,46.45,46.74,45.97,46.37,3933723
2015-09-11,46.27,46.4,45.8,46.04,3368710
2015-09-14,45.92,46.03,45.41,45.52,3404579
2015-09-15,45.66,46.41,45.6,46.32,2357788
2015-09-16,46.49,47.15,46.34,47.06,3014311
2015-09-17,46.98,47.81,46.73,46.85,5107041
2015-09-18,45.91,46.06,44.89,45.11,10416603
2015-09-21,45.29,45.51,45.02,45.12,3516014
2015-09-22,44.5,45.02,44.24,44.65,4113441
2015-09-23,44.77,44.85,43.43,43.67,4987161
2015-09-24,43.22,43.83,42.8,43.66,5727121
2015-09-25,43.99,44.0,43.57,43.78,3899188
2015-09-28,43.34,43.42,42.87,43.04,4703055
2015-09-29,43.22,43.67,43.0,43.46,5049779
2015-09-30,43.9,44.24,43.48,44.17,4332616
2015-10-01,43.94,44.25,42.64,42.78,5478802
2015-10-02,42.43,44.21,42.21,44.19,5258617
2015-10-05,44.61,46.3,44.52,46.02,5722474
2015-10-06,46.13,46.57,46.02,46.2,3857106
2015-10-07,46.61,47.11,45.7,46.35,6393301
2015-10-08,46.32,47.62,46.16,47.52,3323713
2015-10-09,47.61,47.9,46.92,47.15,4048675
2015-10-12,47.19,47.42,46.75,46.95,2182480
2015-10-13,46.82,47.14,46.38,46.49,4132858
2015-10-14,46.57,46.73,45.95,46.27,4092227
2015-10-15,46.5,46.84,45.71,46.82,3852866
2015-10-16,47.35,47.35,44.88,45.27,6386806
2015-10-19,45.03,45.58,45.03,45.48,3443523
2015-10-20,45.3,46.41,45.11,46.12,4197193
2015-10-21,46.36,47.14,46.09,46.29,3678031
2015-10-22,46.43,48.07,46.25,47.78,6691046
2015-10-23,48.05,48.18,47.44,48.18,5557947
2015-10-26,48.17,48.26,47.76,48.01,4439219
2015-10-27,47.6,47.63,46.81,46.89,3819418
2015-10-28,47.17,47.72,46.81,47.41,3975973
2015-10-29,47.23,47.54,47.04,47.18,2254137
2015-10-30,47.45,47.51,46.93,47.23,6658484
2015-11-02,47.21,48.52,47.05,48.35,5238074
2015-11-03,48.21,50.24,48.0,49.64,5704895
2015-11-04,49.92,50.27,49.58,49.68,4676299
2015-11-05,49.43,49.78,48.54,49.15,4963471
2015-11-06,48.81,49.42,48.44,49.23,4224695
2015-11-09,49.13,49.4,47.88,48.32,4048069
2015-11-10,47.67,48.02,47.16,47.79,3762663
2015-11-11,48.0,48.28,47.47,47.97,2900660
2015-11-12,47.5,48.13,47.11,47.25,5182926
2015-11-13,47.0,47.93,47.0,47.69,4351728
2015-11-16,47.69,48.9,47.68,48.85,4774000
2015-11-17,48.87,49.06,48.41,48.68,3294933
2015-11-18,48.83,50.07,48.64,50.01,3947912
2015-11-19,50.1,50.32,49.9,50.14,3124467
2015-11-20,50.31,50.57,49.99,50.16,3296288
2015-11-23,50.2,50.35,49.87,50.02,3682949
2015-11-24,49.88,51.47,49.71,50.07,3017970
2015-11-25,49.98,50.46,49.86,50.24,2787153
2015-11-27,50.1,50.42,49.76,50.29,2039329
2015-11-30,50.37,50.41,49.96,50.0,4882450
2015-12-01,50.22,50.44,48.95,49.62,5528022
2015-12-02,49.4,50.05,48.8,48.91,4373707
2015-12-03,48.99,49.0,48.19,48.58,6121985
2015-12-04,48.47,49.3,48.38,49.17,4635514
2015-12-07,48.99,49.09,48.37,48.51,4775276
2015-12-08,48.11,48.35,47.16,47.28,6179634
2015-12-09,47.09,47.94,46.81,47.14,6712707
2015-12-10,47.39,47.6,46.88,46.97,4422135
2015-12-11,46.5,46.55,45.4,45.48,7010107
2015-12-14,45.44,45.62,44.63,44.99,7332890
2015-12-15,45.46,45.46,44.9,45.22,5751001
2015-12-16,45.47,46.24,44.97,46.1,5596649
2015-12-17,46.03,46.36,44.97,45.0,5047258
2015-12-18,44.84,45.34,44.59,44.59,7207829
2015-12-21,45.09,45.96,45.04,45.88,6236062
2015-12-22,46.0,47.05,46.0,46.85,4724804
2015-12-23,47.09,48.4,46.97,48.33,5859920
2015-12-24,48.18,48.53,48.04,48.26,1691783
2015-12-28,48.1,48.37,47.67,48.26,3105920
2015-12-29,48.5,48.93,47.99,48.49,2988065
2015-12-30,48.35,48.86,48.23,48.53,5110812
2015-12-31,48.28,48.8,47.82,47.83,3326287
2016-01-04,47.32,47.34,46.52,47.3,4949326
2016-01-05,47.58,47.67,46.63,46.99,3656417
2016-01-06,46.29,46.66,45.92,46.45,5420434
2016-01-07,45.6,45.8,44.53,44.61,6162036
2016-01-08,44.99,45.11,44.01,44.1,5405251
2016-01-11,44.18,44.36,43.25,43.8,4296700
2016-01-12,44.28,44.76,43.63,44.22,4136893
2016-01-13,44.57,44.73,43.16,43.26,4621868
2016-01-14,43.53,44.13,42.86,43.83,4280643
2016-01-15,42.7,43.34,42.17,43.09,6386900
2016-01-19,43.61,43.7,42.56,43.14,4097019
2016-01-20,42.31,42.97,41.25,42.64,5907250
2016-01-21,42.35,43.39,41.79,42.94,4323754
2016-01-22,43.89,43.97,42.44,43.17,4686522
2016-01-25,42.99,43.1,42.18,42.29,4471399
2016-01-26,42.68,43.49,42.54,43.1,6502379
2016-01-27,43.11,44.31,42.68,43.38,7135309
2016-01-28,44.11,44.67,43.57,44.6,4906098
2016-01-29,44.77,45.98,44.62,45.98,7578033
2016-02-01,45.4,45.75,45.04,45.5,4527222
2016-02-02,45.0,47.19,44.84,45.84,6788710
2016-02-03,46.2,46.47,44.75,46.09,6058037
2016-02-04,46.32,48.29,46.2,46.87,7855602
2016-02-05,46.64,47.2,46.39,46.91,3919984
2016-02-08,46.45,47.33,45.98,47.06,5171753
2016-02-09,46.5,47.31,46.2,46.91,4920223
2016-02-10,46.43,46.69,45.69,45.77,4447411
2016-02-11,44.85,45.81,44.7,45.43,4030491
2016-02-12,45.47,46.29,45.36,46.02,4250594
2016-02-16,46.72,46.82,45.82,46.62,4602718
2016-02-17,47.05,48.21,46.98,47.76,3753605
2016-02-18,48.03,48.78,47.93,48.34,5215704
2016-02-19,48.19,48.31,47.61,48.06,4399689
2016-02-22,48.5,49.47,48.49,49.28,3814106
2016-02-23,49.21,49.57,48.34,48.46,2764917
2016-02-24,47.8,48.42,47.18,48.36,3140911
2016-02-25,48.38,48.65,47.92,48.63,2258649
2016-02-26,48.98,49.81,48.83,49.38,4070579
2016-02-29,49.4,49.52,48.8,48.83,4165403
2016-03-01,49.49,50.32,49.15,49.97,2843581
2016-03-02,49.89,50.43,49.58,50.41,3561428
2016-03-03,50.41,50.85,50.25,50.79,2496690
2016-03-04,50.8,51.5,50.63,51.26,3612025
2016-03-07,51.1,51.93,51.0,51.91,3122825
2016-03-08,51.44,51.9,50.64,50.73,5065566
2016-03-09,50.94,51.13,50.0,50.06,4737155
2016-03-10,50.52,50.63,49.8,50.55,4765455
2016-03-11,50.88,51.46,50.74,51.26,3484903
2016-03-14,50.9,51.42,50.86,51.24,2748806
2016-03-15,50.69,50.84,50.07,50.79,3040780
2016-03-16,51.0,51.6,50.63,51.45,3033689
2016-03-17,51.66,55.19,51.56,54.74,12089211
2016-03-18,54.95,55.0,54.22,54.64,12733228
2016-03-21,54.68,55.05,54.54,54.99,4917435
2016-03-22,54.6,55.54,54.57,55.32,3535660
2016-03-23,54.98,55.08,54.44,54.6,3780532
2016-03-24,54.17,54.46,53.84,54.39,3722945
2016-03-28,54.42,54.62,53.96,54.33,3011174
2016-03-29,54.09,54.53,53.63,54.45,3343595
2016-03-30,55.0,55.09,54.3,54.56,2225906
2016-03-31,54.54,54.71,54.14,54.38,2941383
2016-04-01,53.11,54.78,53.03,54.75,3539413
2016-04-04,54.78,54.84,53.56,54.11,4260681
2016-04-05,54.04,54.21,53.18,53.51,3198757
2016-04-06,53.74,53.75,52.6,53.22,4489591
2016-04-07,52.99,53.63,52.79,52.87,4587097
2016-04-08,53.49,54.4,53.37,53.84,3714528
2016-04-11,53.93,54.52,53.78,53.78,4324949
2016-04-12,53.87,54.9,53.79,54.53,3385152
2016-04-13,54.99,55.51,54.58,55.47,4258999
2016-04-14,55.74,55.74,54.97,55.07,2440289
2016-04-15,55.13,55.59,55.01,55.32,3483875
2016-04-18,54.82,55.36,54.45,55.22,3458904
2016-04-19,55.59,56.1,55.22,55.65,3705465
2016-04-20,55.92,55.99,55.03,55.07,3682504
2016-04-21,55.11,55.52,55.06,55.17,2719272
2016-04-22,55.35,55.9,55.1,55.47,3579065
2016-04-25,55.4,55.63,55.0,55.31,3416365
2016-04-26,55.63,56.15,55.55,56.11,3170778
2016-04-27,56.23,56.82,55.96,56.29,4200641
2016-04-28,56.11,56.11,54.81,55.02,3572378
2016-04-29,54.94,55.31,54.36,54.63,4193233
2016-05-02,54.5,55.27,54.2,55.21,4255697
2016-05-03,55.48,55.73,54.18,54.67,4960241
2016-05-04,54.3,54.47,52.37,52.78,5742425
2016-05-05,53.13,53.4,52.53,52.98,3993060
2016-05-06,52.95,53.39,52.66,53.31,2409610
2016-05-09,53.35,53.36,52.39,52.62,2938101
2016-05-10,52.77,53.52,52.65,53.5,2745039
2016-05-11,53.29,53.47,52.74,52.86,3624487
2016-05-12,53.21,53.44,52.58,52.91,2790479
2016-05-13,52.73,52.92,51.65,51.81,3276829
2016-05-16,52.0,52.98,51.96,52.81,4127317
2016-05-17,52.75,53.14,52.14,52.35,2802365
2016-05-18,51.92,52.0,50.54,50.8,6519118
2016-05-19,50.54,50.58,49.48,50.14,6088640
2016-05-20,50.45,50.85,50.35,50.65,2439042
2016-05-23,50.57,50.96,50.22,50.69,3818521
2016-05-24,50.84,51.4,50.64,51.17,2461107
2016-05-25,51.28,52.25,51.18,52.09,2853278
2016-05-26,52.19,52.46,51.86,52.02,1857502
2016-05-27,52.19,52.22,51.91,52.2,1663461
2016-05-31,52.23,52.46,51.6,52.02,3519362
2016-06-01,51.79,52.18,51.34,52.16,2483264
2016-06-02,52.05,52.31,51.56,52.24,3189660
2016-06-03,52.18,52.34,51.57,52.3,2543727
2016-06-06,52.56,53.54,52.48,53.48,3596856
2016-06-07,53.71,54.01,53.45,53.53,3272212
2016-06-08,53.75,54.04,53.48,53.82,3013630
2016-06-09,53.23,53.72,53.11,53.59,2946805
2016-06-10,53.26,53.32,52.29,52.73,3241062
2016-06-13,52.23,52.43,51.63,51.63,3720213
2016-06-14,51.6,52.08,51.5,52.02,2805089
2016-06-15,52.29,52.47,51.87,51.96,2456906
2016-06-16,51.56,52.25,51.11,52.12,2233784
2016-06-17,52.12,52.6,51.99,52.44,3628146
2016-06-20,53.29,53.87,53.27,53.36,3798051
2016-06-21,53.34,53.54,52.75,53.15,3120139
2016-06-22,52.79,53.04,52.49,52.59,3683962
2016-06-23,53.19,53.69,52.99,53.67,2650546
2016-06-24,51.94,52.13,50.58,50.83,9501081
2016-06-27,50.38,50.4,48.45,49.23,5972459
2016-06-28,50.01,50.02,49.11,49.73,5218965
2016-06-29,50.39,50.79,49.77,50.66,3314031
2016-06-30,50.9,52.16,50.71,52.16,4271712
2016-07-01,51.97,52.49,51.79,52.2,2732074
2016-07-05,52.04,52.05,50.71,51.05,3098602
2016-07-06,51.73,51.86,50.55,51.67,2743970
2016-07-07,51.75,52.45,51.74,52.37,4177929
2016-07-08,52.79,53.5,52.77,53.44,3703828
2016-07-11,53.7,54.16,53.52,53.89,3091739
2016-07-12,54.09,55.14,54.08,55.03,4558533
2016-07-13,55.2,55.27,54.78,55.23,3179288
2016-07-14,55.71,56.25,55.6,56.05,6207412
2016-07-15,56.17,56.27,55.78,56.23,4355413
2016-07-18,55.94,56.28,55.65,56.19,2976794
2016-07-19,56.03,56.36,55.9,56.34,2440471
2016-07-20,56.38,56.5,56.12,56.18,3672120
2016-07-21,56.18,56.4,55.38,55.49,3509403
2016-07-22,55.41,55.86,55.07,55.81,3575865
2016-07-25,55.7,55.79,55.42,55.61,2043152
2016-07-26,55.47,56.2,55.47,56.18,2072140
2016-07-27,56.4,56.72,55.84,56.04,3046767
2016-07-28,55.85,56.05,55.39,55.83,2354751
2016-07-29,55.77,56.04,55.21,55.9,4482421
2016-08-01,55.63,56.0,55.11,55.78,4359888
2016-08-02,53.88,54.09,52.95,53.03,7589188
2016-08-03,52.56,53.06,52.32,52.91,6769201
2016-08-04,52.96,53.46,52.85,53.03,3551905
2016-08-05,53.37,53.84,53.27,53.79,3000845
2016-08-08,54.11,55.05,54.03,54.31,4468990
2016-08-09,54.45,54.8,54.0,54.33,3106533
2016-08-10,53.81,53.97,53.31,53.44,2529144
2016-08-11,53.67,54.11,53.51,54.03,2261245
2016-08-12,53.98,54.05,53.71,53.97,2251968
2016-08-15,54.06,54.84,54.06,54.71,2945170
2016-08-16,54.59,54.83,54.33,54.57,2073374
2016-08-17,54.68,55.0,54.59,54.9,2160485
2016-08-18,54.74,54.85,54.39,54.67,2410720
2016-08-19,52.28,53.2,52.07,52.98,8071575
2016-08-22,52.85,53.02,52.58,52.92,4287959
2016-08-23,53.15,54.06,53.05,53.98,4983321
2016-08-24,53.89,54.26,53.69,53.89,3320919
2016-08-25,53.64,54.11,53.51,54.09,2795540
2016-08-26,54.27,54.6,53.51,53.73,2614538
2016-08-29,53.73,54.05,53.58,53.73,2659710
2016-08-30,53.73,53.91,53.23,53.47,2228385
2016-08-31,53.36,53.4,52.6,52.68,4561458
2016-09-01,53.01,53.01,52.18,52.66,4259234
2016-09-02,52.99,53.16,52.75,52.91,2162276
2016-09-06,53.13,53.13,52.35,52.56,2362558
2016-09-07,52.56,52.85,52.43,52.79,2283165
2016-09-08,52.69,52.95,52.41,52.82,3442498
2016-09-09,52.43,52.58,50.81,50.86,5163750
2016-09-12,50.6,52.28,50.41,52.09,4169072
2016-09-13,51.63,51.86,51.11,51.21,3572304
2016-09-14,51.21,51.73,51.0,51.29,4055285
2016-09-15,51.2,51.74,51.04,51.58,3268652
2016-09-16,51.36,51.36,50.85,51.09,3873793
2016-09-19,51.34,51.8,51.08,51.19,2304994
2016-09-20,51.53,51.73,51.21,51.22,2125725
2016-09-21,51.4,51.83,51.14,51.77,2908469
2016-09-22,52.24,52.9,52.24,52.8,3515606
2016-09-23,52.54,52.6,51.79,51.92,2997351
2016-09-26,51.77,51.89,51.39,51.43,2365689
2016-09-27,51.24,51.82,51.05,51.82,2803238
2016-09-28,51.85,52.73,51.73,52.69,2824116
2016-09-29,52.45,53.43,52.42,53.02,5379182
2016-09-30,53.2,54.9,53.2,54.51,7460094
2016-10-03,53.98,54.2,53.44,53.8,3814274
2016-10-04,53.7,53.89,53.25,53.35,3447189
2016-10-05,53.55,53.91,53.48,53.69,2385550
2016-10-06,53.61,53.69,52.87,53.39,3119038
2016-10-07,53.13,53.13,52.38,52.7,4069353
2016-10-10,52.82,52.91,51.64,51.77,3952117
2016-10-11,51.53,51.68,50.53,50.79,4656819
2016-10-12,50.12,50.62,49.37,50.2,6426680
2016-10-13,49.62,50.26,49.22,50.2,4296132
2016-10-14,50.56,50.65,49.88,49.88,3790225
2016-10-17,49.91,50.04,49.61,49.69,3871721
2016-10-18,50.11,50.16,49.65,49.88,3944062
2016-10-19,50.0,50.13,49.79,49.91,5539982
2016-10-20,49.78,50.25,49.66,50.15,2829735
2016-10-21,49.74,50.26,49.56,50.11,3616238
2016-10-24,50.53,50.61,50.12,50.31,2442453
2016-10-25,50.21,50.39,49.83,50.11,3040205
2016-10-26,49.93,50.65,49.82,50.44,3066291
2016-10-27,50.4,50.47,49.74,49.84,3861761
2016-10-28,49.93,50.48,49.62,50.09,4267276
2016-10-31,50.38,50.76,50.18,50.68,6160424
2016-11-01,51.89,52.47,50.68,51.0,6969663
2016-11-02,50.84,51.04,49.97,50.04,5540395
2016-11-03,50.07,50.28,49.7,49.84,3232454
2016-11-04,49.85,50.13,49.38,49.41,4672482
2016-11-07,50.22,50.42,49.92,50.39,5731558
2016-11-08,49.85,51.62,49.73,51.33,4499732
2016-11-09,51.11,53.84,50.82,53.39,7518055
2016-11-10,53.74,56.17,53.67,55.75,8678864
2016-11-11,55.44,55.73,54.96,55.5,4494636
2016-11-14,55.68,56.17,55.5,55.51,3046721
2016-11-15,55.38,55.79,54.89,55.78,3238811
2016-11-16,55.46,55.59,54.83,54.97,2898233
2016-11-17,55.1,55.37,54.59,54.7,2865486
2016-11-18,54.57,54.78,54.01,54.2,4428800
2016-11-21,54.58,54.87,54.43,54.51,3004186
2016-11-22,54.81,54.9,53.92,54.35,6647168
2016-11-23,54.42,55.17,54.42,55.06,2574973
2016-11-25,55.06,55.24,54.91,55.24,802124
2016-11-28,54.95,55.36,54.35,54.43,3271338
2016-11-29,54.29,54.59,53.92,54.4,3408230
2016-11-30,54.8,57.43,54.8,56.44,8784880
2016-12-01,56.73,57.48,56.42,56.77,5500693
2016-12-02,56.58,56.9,56.03,56.35,2932668
2016-12-05,56.81,56.99,56.42,56.93,3132737
2016-12-06,56.76,56.89,56.47,56.57,3040131
2016-12-07,56.72,58.28,56.57,58.26,4372789
2016-12-08,58.06,58.07,57.24,57.6,3727248
2016-12-09,57.42,57.7,57.29,57.49,3028941
2016-12-12,57.51,57.68,56.75,57.09,3162263
2016-12-13,57.28,57.63,56.64,56.77,3784264
2016-12-14,56.7,57.22,56.17,56.27,3015234
2016-12-15,55.98,56.62,55.67,56.18,3962073
2016-12-16,56.31,56.63,55.66,55.73,6332540
2016-12-19,55.92,56.6,55.82,56.31,2779734
2016-12-20,56.66,57.63,56.51,57.31,3471294
2016-12-21,57.15,57.25,56.58,56.92,2716727
2016-12-22,56.93,56.95,56.45,56.69,2013669
2016-12-23,56.78,57.07,56.69,56.8,1157846
2016-12-27,56.79,57.2,56.75,57.17,1251183
2016-12-28,57.15,57.3,56.29,56.3,1680769
2016-12-29,56.37,56.5,56.0,56.2,1173188
2016-12-30,56.19,56.36,55.56,55.75,1957014
2017-01-03,56.25,57.2,56.17,56.95,3383005
2017-01-04,57.05,57.44,56.34,56.61,4155422
2017-01-05,56.52,56.91,55.4,56.14,2657112
2017-01-06,56.19,56.63,56.0,56.4,1786481
2017-01-09,56.8,56.81,56.17,56.19,2130881
2017-01-10,56.48,57.12,56.39,56.69,2535001
2017-01-11,56.7,57.58,56.52,57.57,2685833
2017-01-12,57.39,57.5,56.77,57.47,2551152
2017-01-13,57.55,57.7,56.93,57.12,2964516
2017-01-17,56.8,57.08,56.0,56.31,3152560
2017-01-18,56.43,57.35,56.26,57.22,2575446
2017-01-19,58.5,59.32,58.28,58.43,5955059
2017-01-20,58.5,58.9,58.39,58.83,4193906
2017-01-23,58.69,58.93,58.0,58.29,3174517
2017-01-24,58.51,59.44,58.3,59.11,3202092
2017-01-25,59.59,60.38,59.42,60.26,4133113
2017-01-26,60.19,60.93,59.81,60.08,3469556
2017-01-27,60.56,60.56,60.01,60.14,3260633
2017-01-30,60.1,60.11,58.73,59.14,5213912
2017-01-31,59.08,59.1,58.24,58.66,5894458
2017-02-01,58.5,59.1,58.37,58.78,2954532
2017-02-02,58.61,59.12,58.42,58.88,6198965
2017-02-03,59.12,59.56,58.84,59.54,3523090
2017-02-06,59.3,59.96,59.28,59.86,6248054
2017-02-07,61.3,63.5,61.02,62.54,10588333
2017-02-08,62.0,62.51,61.67,62.41,5735491
2017-02-09,62.59,63.48,62.46,62.71,3457275
2017-02-10,62.69,63.4,62.69,63.26,4619032
2017-02-13,63.46,64.27,63.45,64.15,4056958
2017-02-14,63.69,64.37,63.55,64.14,3949199
2017-02-15,63.61,63.87,63.13,63.73,5215621
2017-02-16,63.58,63.59,62.38,62.9,6228880
2017-02-17,62.52,62.55,61.7,61.89,5091075
2017-02-21,62.05,62.21,61.7,62.17,4569114
2017-02-22,61.75,62.17,61.72,61.82,3411219
2017-02-23,61.77,61.97,60.39,60.61,4824736
2017-02-24,60.22,60.51,59.79,60.48,7139458
2017-02-27,60.5,60.76,60.12,60.43,3501228
2017-02-28,60.26,60.51,59.88,60.1,4204867
2017-03-01,60.75,61.39,60.65,60.88,6216434
2017-03-02,60.88,61.08,60.09,60.31,3559793
2017-03-03,60.92,60.92,60.08,60.37,2335536
2017-03-06,60.2,60.51,59.8,60.33,3278744
2017-03-07,60.24,60.56,60.05,60.22,3749898
2017-03-08,60.46,60.49,59.69,59.79,2809600
2017-03-09,59.8,59.97,58.86,59.28,3580059
2017-03-10,59.59,59.93,59.28,59.52,3478330
2017-03-13,59.6,60.14,59.42,60.13,4333420
2017-03-14,59.55,59.55,58.41,58.97,3162592
2017-03-15,59.21,60.55,59.21,60.27,4197864
2017-03-16,60.33,60.59,60.16,60.23,3108399
2017-03-17,60.44,60.78,59.91,60.6,4896113
2017-03-20,60.56,60.6,59.95,60.1,2270091
2017-03-21,60.14,60.51,58.85,58.96,4011683
2017-03-22,58.97,59.18,58.6,59.12,3264312
2017-03-23,59.12,59.43,58.82,58.99,2569889
2017-03-24,58.98,59.36,58.38,58.57,3160240
2017-03-27,58.03,58.56,57.45,58.43,2587727
2017-03-28,58.42,59.68,58.24,59.44,2799042
2017-03-29,59.17,59.74,59.07,59.55,2447395
2017-03-30,59.45,59.83,59.35,59.61,2393074
2017-03-31,59.45,60.28,59.45,59.86,3420096
2017-04-03,59.8,60.3,59.16,59.82,4280500
2017-04-04,59.65,59.9,59.35,59.71,1967542
2017-04-05,60.13,60.9,59.38,59.56,3237011
2017-04-06,59.53,59.95,59.27,59.69,3005225
2017-04-07,59.63,59.72,59.15,59.36,2162145
2017-04-10,59.48,60.23,59.37,59.62,1968064
2017-04-11,59.47,59.8,59.08,59.73,2685905
2017-04-12,59.64,59.73,58.21,58.42,3550893
2017-04-13,58.31,58.67,57.86,57.87,3469509
2017-04-17,58.22,58.46,57.74,58.4,3621798
2017-04-18,57.99,58.8,57.89,58.41,2904712
2017-04-19,58.8,58.95,57.96,58.21,2528354
2017-04-20,58.61,59.44,58.48,59.17,3484549
2017-04-21,59.2,59.3,58.91,59.0,3316697
2017-04-24,59.91,59.99,59.43,59.86,3541199
2017-04-25,60.76,61.51,60.54,61.22,4565630
2017-04-26,61.22,61.63,61.02,61.22,3140807
2017-04-27,61.39,61.5,60.48,60.83,3713162
2017-04-28,60.81,60.92,60.03,60.28,3384601
2017-05-01,60.06,60.52,59.85,60.37,3797116
2017-05-02,57.71,59.2,56.77,59.16,13249395
2017-05-03,58.94,59.89,58.8,59.27,5053866
2017-05-04,59.34,59.35,57.74,58.17,4693927
2017-05-05,58.45,59.08,58.32,58.94,3669560
2017-05-08,58.86,59.02,58.44,58.62,2168003
2017-05-09,58.5,58.93,58.34,58.85,4542278
2017-05-10,58.56,58.99,58.36,58.93,3713790
2017-05-11,58.65,58.87,58.01,58.16,3219438
2017-05-12,57.9,58.04,57.24,57.44,2983787
2017-05-15,57.72,58.63,57.71,58.34,3497788
2017-05-16,58.5,58.67,58.06,58.6,3104515
2017-05-17,58.1,58.44,57.74,57.99,3735955
2017-05-18,57.75,58.66,57.36,58.45,3054485
2017-05-19,58.74,59.65,58.57,59.4,3190069
2017-05-22,59.55,59.91,59.44,59.46,3282518
2017-05-23,59.57,59.66,59.06,59.24,3334404
2017-05-24,59.49,60.45,59.34,59.77,3524115
2017-05-25,59.79,59.81,58.96,59.25,3885482
2017-05-26,59.11,59.15,58.58,58.92,2489721
2017-05-30,58.79,59.15,58.59,58.95,2593275
2017-05-31,59.0,59.22,58.41,59.12,4073132
2017-06-01,59.3,59.61,58.99,59.25,2573346
2017-06-02,59.21,59.93,59.08,59.34,2681294
2017-06-05,59.25,59.42,58.96,59.07,3179759
2017-06-06,58.86,58.87,58.37,58.65,2631138
2017-06-07,58.66,58.71,57.39,57.62,3386664
2017-06-08,57.86,59.76,57.83,59.65,7352793
2017-06-09,59.98,60.79,59.87,60.71,5542421
2017-06-12,60.71,61.38,60.6,60.95,6077524
2017-06-13,60.96,61.04,60.42,60.84,4531583
2017-06-14,60.85,60.97,59.71,59.99,6740506
2017-06-15,59.43,60.26,59.39,60.26,3255310
2017-06-16,60.48,60.81,60.36,60.68,4138133
2017-06-19,60.92,61.49,60.85,61.38,4072384
2017-06-20,60.99,61.22,60.19,60.23,3763065
2017-06-21,60.3,60.31,58.59,58.64,3969118
2017-06-22,59.0,59.25,58.4,58.73,4478016
2017-06-23,58.78,59.19,58.41,59.08,3868500
2017-06-26,59.38,59.68,58.96,58.99,2913687
2017-06-27,59.0,59.11,58.53,58.64,3046246
2017-06-28,59.04,59.45,58.96,59.06,2148902
2017-06-29,59.2,59.24,58.01,58.38,2721915
2017-06-30,58.67,60.02,58.65,59.62,3209032
2017-07-03,59.56,60.47,59.44,60.25,2343356
2017-07-05,60.17,60.18,59.02,59.32,3445076
2017-07-06,59.15,59.83,59.11,59.18,3230399
2017-07-07,59.3,59.83,58.99,59.47,2344229
2017-07-10,59.47,60.04,59.41,59.74,2574404
2017-07-11,59.73,59.98,59.3,59.82,1927550
2017-07-12,60.26,60.55,59.96,60.06,2860130
2017-07-13,60.06,60.27,59.76,59.81,2320500
2017-07-14,60.01,60.36,59.82,60.18,2499153
2017-07-17,60.01,60.65,59.77,60.36,2826593
2017-07-18,60.33,60.38,59.63,59.83,3407859
2017-07-19,59.97,60.64,59.85,60.6,1786753
2017-07-20,60.38,60.68,60.05,60.3,2370364
2017-07-21,59.94,60.08,59.65,60.04,2280835
2017-07-24,60.12,60.15,59.67,60.03,1795015
2017-07-25,60.63,60.68,60.16,60.43,1785151
2017-07-26,60.38,60.43,59.68,59.8,1756164
2017-07-27,59.92,60.0,59.42,59.91,2311901
2017-07-28,59.65,59.71,58.94,59.53,2887463
2017-07-31,59.84,60.02,59.51,59.61,3315262
2017-08-01,59.45,60.05,58.46,59.96,4827900
2017-08-02,59.75,61.02,59.64,60.99,5345710
2017-08-03,60.97,61.08,60.37,60.68,3115616
2017-08-04,60.72,61.21,60.6,61.15,2304403
2017-08-07,60.99,61.38,60.84,60.91,2703842
2017-08-08,60.75,61.14,60.25,60.43,2155211
2017-08-09,59.83,60.18,59.73,60.03,1775395
2017-08-10,59.76,60.08,59.12,59.14,2039008
2017-08-11,59.16,59.33,58.75,58.89,2802773
2017-08-14,59.22,59.85,59.22,59.63,2070785
2017-08-15,59.6,59.67,59.34,59.41,2261964
2017-08-16,59.63,59.92,59.27,59.32,2200203
2017-08-17,59.11,59.32,58.28,58.29,1775100
2017-08-18,58.15,58.6,57.81,58.0,2063512
2017-08-21,58.01,58.24,57.82,58.0,2080402
2017-08-22,58.23,58.91,58.1,58.82,2894539
2017-08-23,58.57,58.83,58.34,58.43,1946428
2017-08-24,58.51,58.59,57.99,58.02,1523504
2017-08-25,58.39,58.73,58.29,58.56,1239543
2017-08-28,58.68,58.74,58.06,58.4,1526444
2017-08-29,58.13,58.41,57.91,58.35,2015904
2017-08-30,58.36,58.68,58.31,58.63,1890906
2017-08-31,58.9,59.22,58.55,59.04,2415193
2017-09-01,59.26,59.36,58.81,58.81,1833159
2017-09-05,58.74,59.06,58.44,58.66,3370155
2017-09-06,59.23,59.92,58.88,59.91,3776719
2017-09-07,60.0,60.31,59.51,60.21,3151889
2017-09-08,60.15,60.62,59.84,60.4,2254779
2017-09-11,60.77,60.93,60.64,60.91,2380383
2017-09-12,61.0,61.37,60.85,61.26,2004832
2017-09-13,61.12,61.36,61.08,61.3,1451418
2017-09-14,61.3,61.98,61.06,61.89,2401636
2017-09-15,61.8,62.49,61.76,62.35,4441677
2017-09-18,62.47,63.0,62.17,62.99,2355609
2017-09-19,62.99,63.32,62.85,63.21,2131466
2017-09-20,63.42,63.9,63.36,63.89,3069955
2017-09-21,63.85,64.18,63.42,63.44,2408534
2017-09-22,63.35,63.56,63.09,63.44,2271452
2017-09-25,63.45,63.86,63.29,63.61,2806312
2017-09-26,63.64,63.65,63.0,63.1,3698570
2017-09-27,63.28,63.58,62.97,63.34,3419175
2017-09-28,63.13,63.46,62.64,62.86,2621732
2017-09-29,62.75,63.07,62.54,62.84,2903664
2017-10-02,62.87,63.32,62.65,63.2,3332635
2017-10-03,63.3,63.39,63.04,63.33,2826003
2017-10-04,63.31,64.0,63.03,63.92,2759634
2017-10-05,63.9,64.11,63.62,63.98,1726019
2017-10-06,63.75,64.08,63.56,63.7,1934078
2017-10-09,63.71,64.04,63.59,63.82,1474302
2017-10-10,64.11,64.11,63.34,63.42,1991451
2017-10-11,63.4,63.52,63.17,63.43,1862937
2017-10-12,63.36,64.03,63.36,63.92,1574371
2017-10-13,64.25,64.4,63.87,63.97,1986165
2017-10-16,64.12,64.92,63.65,64.44,2489934
2017-10-17,65.57,66.1,65.3,65.48,3794441
2017-10-18,65.43,65.81,65.25,65.51,2330216
2017-10-19,65.31,65.52,65.04,65.16,2103132
2017-10-20,65.52,65.84,65.23,65.78,2648105
2017-10-23,65.74,66.45,65.73,66.1,2488174
2017-10-24,66.49,67.31,66.42,66.74,2980195
2017-10-25,66.74,66.95,65.87,66.5,2745131
2017-10-26,66.79,67.05,66.43,66.83,2006067
2017-10-27,66.92,67.79,66.71,67.38,3545190
2017-10-30,67.27,67.64,67.07,67.34,3841723
2017-10-31,67.02,67.12,64.33,64.46,9603582
2017-11-01,64.56,64.89,64.04,64.07,5365549
2017-11-02,64.18,64.23,63.55,63.62,4037090
2017-11-03,63.8,64.76,63.57,64.1,4439470
2017-11-06,64.25,64.81,63.98,64.52,3690440
2017-11-07,64.04,64.38,62.68,63.08,4358115
2017-11-08,63.04,63.22,62.21,62.52,2553277
2017-11-09,62.11,62.32,60.16,61.48,5954140
2017-11-10,61.35,61.64,60.95,61.61,3613357
2017-11-13,61.63,61.63,61.19,61.39,2557309
2017-11-14,61.22,61.47,60.73,60.74,2850095
2017-11-15,60.49,60.7,59.49,59.59,4276694
2017-11-16,58.05,59.74,57.47,59.02,10266696
2017-11-17,58.86,60.24,58.69,59.85,5091761
2017-11-20,59.87,60.44,59.62,60.26,5449384
2017-11-21,60.34,60.69,60.02,60.35,3277548
2017-11-22,60.75,62.08,60.72,61.88,5881522
2017-11-24,61.98,62.12,61.56,61.63,2182603
2017-11-27,61.62,62.28,61.62,61.88,3663521
2017-11-28,62.62,64.17,62.58,64.15,6466878
2017-11-29,64.06,64.57,63.81,63.87,3929495
2017-11-30,64.18,65.06,64.04,64.82,5307042
2017-12-01,64.91,65.3,63.54,64.69,4002806
2017-12-04,65.35,66.65,65.08,65.1,4531121
2017-12-05,65.14,65.32,64.59,64.68,2806107
2017-12-06,64.64,65.38,64.55,64.73,3011741
2017-12-07,64.86,65.8,64.68,65.78,3412629
2017-12-08,65.83,66.77,65.59,66.55,3973899
2017-12-11,66.68,66.91,66.3,66.41,2291936
2017-12-12,66.27,67.03,66.27,66.67,2756398
2017-12-13,66.9,67.55,66.81,67.2,3306823
2017-12-14,67.43,67.83,66.5,66.51,2887715
2017-12-15,67.0,67.53,66.75,67.26,4387039
2017-12-18,67.78,68.88,67.51,68.36,3989432
2017-12-19,68.46,68.77,68.15,68.54,3494373
2017-12-20,69.0,69.74,68.69,68.96,5109796
2017-12-21,69.25,69.8,68.81,69.58,2668652
2017-12-22,69.71,69.84,69.19,69.66,1790218
2017-12-26,69.7,69.77,69.36,69.53,1002200
2017-12-27,69.75,69.78,69.4,69.75,1043448
2017-12-28,69.86,70.0,69.54,69.98,1452960
2017-12-29,70.04,70.21,69.69,69.69,1848874
2018-01-02,70.06,70.76,69.7,70.74,3086515
2018-01-03,70.72,71.46,70.22,71.39,3308783
2018-01-04,71.5,71.81,71.21,71.49,2806379
2018-01-05,71.76,72.48,71.2,72.43,3118806
2018-01-08,72.43,72.43,71.68,72.2,2334812
2018-01-09,72.42,72.59,71.89,72.32,3367691
2018-01-10,71.74,72.7,71.7,72.59,2411341
2018-01-11,72.88,73.9,72.46,73.88,2917413
2018-01-12,74.0,74.45,73.85,73.91,3500893
2018-01-16,73.39,73.88,72.11,72.83,3899883
2018-01-17,73.05,73.78,72.89,73.07,3276125
2018-01-18,73.48,73.95,73.0,73.45,2356169
2018-01-19,73.63,73.8,72.88,73.14,3538255
2018-01-22,72.94,73.28,72.35,73.26,3521480
2018-01-23,73.34,73.85,73.01,73.12,3205619
2018-01-24,73.54,73.7,72.16,72.63,3284325
2018-01-25,73.08,73.2,71.79,72.68,3293690
2018-01-26,72.9,74.05,72.68,74.05,3587451
2018-01-29,73.67,73.87,72.91,72.99,2136367
2018-01-30,72.43,72.91,72.09,72.47,2311602
2018-01-31,72.95,73.25,72.03,72.23,5458129
2018-02-01,71.43,73.1,69.73,72.58,3022225
2018-02-02,71.86,72.34,70.51,70.57,4852958
2018-02-05,70.02,71.42,68.22,68.44,4426299
2018-02-06,66.7,71.38,66.0,69.25,7320437
2018-02-07,69.41,70.52,68.73,68.96,4045693
2018-02-08,68.96,69.12,66.36,66.4,4350192
2018-02-09,67.5,69.77,66.4,69.07,5979295
2018-02-12,69.71,71.06,69.54,70.31,5187914
2018-02-13,69.89,70.52,69.4,70.38,3542085
2018-02-14,70.71,71.91,69.73,71.31,5000194
2018-02-15,71.93,72.59,70.59,71.5,4089784
2018-02-16,71.38,73.37,71.33,72.99,4783836
2018-02-20,72.42,73.16,70.89,71.07,3897201
2018-02-21,71.12,72.57,71.04,71.81,4368230
2018-02-22,72.06,72.56,71.54,72.09,2534679
2018-02-23,72.48,72.55,71.26,72.19,1901649
2018-02-26,72.85,73.62,72.28,73.53,3881238
2018-02-27,73.48,74.43,73.09,73.09,3454843
2018-02-28,73.41,73.42,71.04,71.06,4858805
2018-03-01,70.96,71.51,69.33,69.58,4605649
2018-03-02,69.11,69.62,68.44,69.36,3893723
2018-03-05,69.14,70.52,68.97,70.15,3935463
2018-03-06,70.61,70.61,69.71,70.47,2480550
2018-03-07,69.67,70.58,69.27,69.59,3511699
2018-03-08,69.95,70.28,69.22,70.21,3190706
2018-03-09,71.4,72.31,70.66,72.27,3389652
2018-03-12,72.31,72.48,71.02,71.42,2250810
2018-03-13,71.61,71.96,70.9,71.23,3549283
2018-03-14,71.74,71.74,70.58,70.74,3885315
2018-03-15,70.82,71.21,70.3,70.93,3015210
2018-03-16,71.12,72.38,70.78,72.38,9730928
2018-03-19,71.87,71.87,70.02,70.73,3945227
2018-03-20,71.1,71.63,70.49,70.55,2285285
2018-03-21,70.7,71.83,70.41,71.15,2068518
2018-03-22,70.28,70.34,68.71,68.77,3153787
2018-03-23,69.01,69.32,67.23,67.36,2836151
2018-03-26,68.44,69.67,67.8,69.51,3321810
2018-03-27,69.64,69.89,67.42,67.92,2840773
2018-03-28,68.15,68.4,66.95,67.3,2668733
2018-03-29,67.64,68.82,67.44,68.3,1890758
2018-04-02,68.05,68.11,65.14,66.28,3740005
2018-04-03,66.79,67.89,66.32,67.85,5067089
2018-04-04,66.67,68.39,66.29,68.13,3791880
2018-04-05,68.52,68.77,67.87,68.41,2930364
2018-04-06,67.8,68.16,65.14,66.31,4475551
2018-04-09,66.65,67.42,66.09,66.19,2321435
2018-04-10,67.03,67.94,67.03,67.56,2430264
2018-04-11,66.91,67.91,66.69,67.08,2736705
2018-04-12,67.35,68.61,67.28,68.2,3195090
2018-04-13,68.81,69.19,68.19,68.42,3226301
2018-04-16,69.09,69.16,68.54,68.81,2517375
2018-04-17,69.46,69.68,69.05,69.39,3914809
2018-04-18,69.84,71.32,69.38,70.62,3057596
2018-04-19,70.55,70.92,70.09,70.67,2291995
2018-04-20,70.73,70.74,69.5,70.2,3962630
2018-04-23,70.4,71.12,69.76,69.9,2809181
2018-04-24,71.29,71.29,66.8,68.3,4130006
2018-04-25,68.03,69.04,67.14,68.71,2380324
2018-04-26,68.7,68.87,67.05,67.49,3411413
2018-04-27,67.35,67.92,66.9,67.82,4801013
2018-04-30,67.99,68.15,66.31,66.41,4419117
2018-05-01,66.44,69.06,65.86,68.98,7483838
2018-05-02,68.88,68.93,67.51,67.6,4454605
2018-05-03,67.51,67.83,66.53,67.42,3486499
2018-05-04,66.95,68.75,66.76,68.42,2476304
2018-05-07,68.65,69.9,68.6,69.3,3219318
2018-05-08,69.32,69.86,69.01,69.76,3768761
2018-05-09,70.11,71.94,69.8,71.93,3831413
2018-05-10,71.95,72.06,71.42,71.97,2353645
2018-05-11,71.97,72.58,71.59,72.0,2687263
2018-05-14,72.3,72.73,71.88,72.16,3086937
2018-05-15,71.69,72.11,71.42,71.83,2036682
2018-05-16,71.93,72.47,71.67,71.95,1598656
2018-05-17,72.05,73.18,71.61,72.97,2717512
2018-05-18,72.85,73.37,72.79,73.14,1848222
2018-05-21,73.6,74.35,73.5,74.08,2234496
2018-05-22,74.08,74.36,73.16,73.26,2002678
2018-05-23,72.83,73.27,72.41,73.01,1922152
2018-05-24,72.93,73.37,72.06,73.25,2419365
2018-05-25,72.85,72.86,71.98,72.49,2888452
2018-05-29,71.77,71.82,70.27,70.77,2756573
2018-05-30,71.18,71.9,70.81,71.65,2145336
2018-05-31,71.88,71.93,70.52,70.84,2782845
2018-06-01,71.55,71.85,71.02,71.37,3483127
2018-06-04,71.7,72.17,71.15,71.51,1921794
2018-06-05,71.86,73.05,71.83,72.67,4009254
2018-06-06,72.83,73.36,72.56,73.29,2854408
2018-06-07,73.44,73.89,72.81,73.37,1879496
2018-06-08,73.18,73.3,72.64,73.15,2270183
2018-06-11,73.2,73.68,72.93,73.18,1782146
2018-06-12,73.42,73.42,73.0,73.21,1582622
2018-06-13,73.17,73.37,72.64,72.78,2260432
2018-06-14,73.17,73.41,72.35,72.9,2461900
2018-06-15,72.83,73.09,71.33,72.28,4378145
2018-06-18,71.59,72.32,71.35,72.14,2017479
2018-06-19,70.91,71.22,69.6,70.56,3445619
2018-06-20,70.99,70.99,70.09,70.39,1630449
2018-06-21,70.07,70.34,68.95,69.2,3272752
2018-06-22,70.73,70.73,69.71,69.87,5207472
2018-06-25,69.44,69.78,68.37,69.15,4148870
2018-06-26,69.36,69.83,68.84,68.95,3007293
2018-06-27,69.31,70.12,68.54,68.55,2782823
2018-06-28,68.48,68.9,67.67,68.59,1978030
2018-06-29,69.1,70.03,68.88,69.14,4025739
2018-07-02,68.5,69.57,68.38,69.44,2515124
2018-07-03,70.14,70.45,68.58,68.77,1842679
2018-07-05,69.25,69.35,68.64,69.18,2559115
2018-07-06,69.22,69.56,68.62,69.28,2300066
2018-07-09,69.57,71.01,69.47,70.84,2234589
2018-07-10,70.84,71.29,70.55,70.99,2671809
2018-07-11,70.3,70.35,68.81,69.07,3253939
2018-07-12,70.33,70.35,69.44,70.23,2226019
2018-07-13,70.21,70.85,70.04,70.58,1553656
2018-07-16,70.65,70.81,69.18,69.31,2727528
2018-07-17,69.17,69.64,68.62,69.48,2646495
2018-07-18,69.54,70.05,68.94,69.69,2902217
2018-07-19,69.35,70.32,69.23,69.8,2490468
2018-07-20,69.27,69.88,69.18,69.28,2233792
2018-07-23,69.2,69.24,67.81,67.89,2832114
2018-07-24,68.42,69.26,68.35,68.87,3076319
2018-07-25,68.8,70.28,68.7,70.2,2768294
2018-07-26,70.39,71.7,70.39,71.26,2755473
2018-07-27,71.46,71.65,70.93,71.26,1753257
2018-07-30,71.47,71.98,70.44,70.53,1811969
2018-07-31,70.84,72.49,70.71,72.28,3021518
2018-08-01,71.98,72.04,70.6,71.3,2611095
2018-08-02,70.83,71.33,70.21,71.28,2852222
2018-08-03,71.47,72.02,71.34,71.48,3682780
2018-08-06,71.31,71.79,71.16,71.62,2640257
2018-08-07,73.31,75.0,72.11,74.66,4945408
2018-08-08,74.57,75.25,74.01,74.04,3592759
2018-08-09,74.29,74.45,73.91,74.05,2071041
2018-08-10,73.84,74.47,73.51,73.86,3101064
2018-08-13,74.0,74.32,73.35,73.45,2888607
2018-08-14,73.8,74.83,73.65,74.24,2933779
2018-08-15,73.73,73.73,72.41,73.56,2851425
2018-08-16,73.34,74.27,73.09,73.96,2056426
2018-08-17,74.05,75.07,73.58,74.86,2862525
2018-08-20,75.13,75.68,75.02,75.54,2697924
2018-08-21,75.93,76.78,75.62,76.6,2526073
2018-08-22,76.09,76.28,75.01,75.16,2501420
2018-08-23,75.07,75.65,75.0,75.57,1608761
2018-08-24,75.85,76.0,75.42,75.67,2499167
2018-08-27,75.96,76.8,75.91,76.65,2093011
2018-08-28,76.82,77.0,76.24,76.53,2422984
2018-08-29,76.73,76.9,76.26,76.8,1576549
2018-08-30,76.63,76.89,76.08,76.36,1543173
2018-08-31,76.23,76.87,76.22,76.73,1967668
2018-09-04,76.7,76.7,75.71,76.4,2021141
2018-09-05,76.21,77.6,76.11,77.27,4056357
2018-09-06,77.2,77.24,75.91,76.21,3288585
2018-09-07,75.99,76.23,75.5,75.79,2038706
2018-09-10,76.29,76.64,76.0,76.27,2256753
2018-09-11,76.09,76.64,75.8,76.22,1461947
2018-09-12,76.2,77.26,76.03,77.11,2110454
2018-09-13,77.56,78.0,77.12,77.75,2451698
2018-09-14,77.75,77.91,77.34,77.54,1716809
2018-09-17,77.51,77.99,77.39,77.77,1465139
2018-09-18,78.05,78.62,77.58,78.41,2313513
2018-09-19,78.02,78.34,77.19,77.41,2680665
2018-09-20,77.93,78.41,77.44,78.38,2581521
2018-09-21,78.62,78.75,77.72,78.01,3042153
2018-09-24,77.88,77.91,76.94,77.48,1947156
2018-09-25,77.77,78.03,77.05,77.21,2496801
2018-09-26,77.26,77.42,76.42,76.65,1874664
2018-09-27,77.06,77.27,76.48,76.79,1517546
2018-09-28,76.9,77.33,76.4,76.58,2012916
2018-10-01,77.12,77.93,76.78,77.64,3207417
2018-10-02,77.45,78.3,77.13,77.86,3994018
2018-10-03,78.02,78.59,77.9,78.52,2580516
2018-10-04,78.57,79.7,77.66,78.16,3271746
2018-10-05,78.26,78.65,77.47,78.06,4116004
2018-10-08,77.48,78.09,76.93,77.9,2690204
2018-10-09,77.77,77.9,75.74,75.98,3638530
2018-10-10,75.89,75.99,73.29,73.35,4161238
2018-10-11,73.1,73.6,71.02,71.2,4341850
2018-10-12,72.66,72.82,71.2,71.92,3542298
2018-10-15,71.7,72.22,71.42,71.42,2559350
2018-10-16,72.17,73.66,71.95,73.57,3389852
2018-10-17,73.47,74.31,72.71,74.0,3635316
2018-10-18,73.65,74.26,71.93,72.44,2857727
2018-10-19,72.52,73.37,71.94,72.27,2948112
2018-10-22,72.65,72.71,71.47,71.72,2655762
2018-10-23,69.16,69.8,68.05,68.97,5538403
2018-10-24,68.93,69.18,65.82,66.01,5148572
2018-10-25,66.9,67.65,66.49,67.1,3646734
2018-10-26,66.23,67.34,65.56,66.25,3506251
2018-10-29,67.4,68.33,65.45,66.33,3439438
2018-10-30,66.27,67.92,66.17,67.81,2876289
2018-10-31,68.61,69.52,67.83,67.88,3603352
2018-11-01,68.39,70.26,68.24,69.95,3550424
2018-11-02,70.67,70.96,69.08,69.62,4625508
2018-11-05,69.91,70.98,69.72,70.35,4503920
2018-11-06,67.4,71.0,67.18,70.35,3775383
2018-11-07,71.08,71.18,68.58,69.87,6506329
2018-11-08,68.98,70.26,68.98,69.76,5342750
2018-11-09,68.84,69.53,67.89,68.49,4235293
2018-11-12,68.45,68.79,66.87,67.01,4730626
2018-11-13,67.29,68.78,66.47,66.76,4877774
2018-11-14,67.53,68.99,66.83,67.4,4786298
2018-11-15,66.63,69.23,66.33,68.81,4314756
2018-11-16,68.47,70.31,68.39,69.62,4732514
2018-11-19,69.29,69.34,67.7,68.46,5274254
2018-11-20,67.94,68.11,66.71,67.11,3346079
2018-11-21,67.42,67.88,67.13,67.28,3089220
2018-11-23,66.57,66.66,65.65,65.81,1888147
2018-11-26,66.28,67.1,65.84,66.62,3056577
2018-11-27,66.5,67.07,65.94,66.75,2155804
2018-11-28,67.0,68.07,66.22,68.07,2253536
2018-11-29,67.75,67.94,66.98,67.33,3083331
2018-11-30,67.15,67.65,66.42,67.52,3418692
2018-12-03,69.56,69.95,68.4,68.86,5007240
2018-12-04,68.66,69.19,65.58,65.65,6528852
2018-12-06,64.0,64.34,62.04,63.79,7591370
2018-12-07,63.89,64.87,62.79,62.95,5171732
2018-12-10,62.44,63.04,61.14,62.55,4060995
2018-12-11,63.71,64.0,61.71,62.28,3096971
2018-12-12,60.59,62.14,60.57,61.08,7486662
2018-12-13,61.46,61.67,60.5,60.73,6478073
2018-12-14,60.13,60.93,59.96,60.44,6144915
2018-12-17,60.12,60.21,58.27,58.72,6482852
2018-12-18,59.2,59.97,58.13,58.49,5949021
2018-12-19,58.49,59.94,57.11,57.68,5055869
2018-12-20,57.22,57.63,56.18,56.7,6270143
2018-12-21,56.64,57.97,56.6,56.87,10185835
2018-12-24,56.3,56.85,55.45,55.49,3719805
2018-12-26,55.68,58.52,55.39,58.47,5440756
2018-12-27,57.51,59.33,57.25,59.33,5605963
2018-12-28,59.5,60.03,58.92,59.13,4262826
2018-12-31,59.23,59.88,59.09,59.75,4149381
2019-01-02,58.8,59.82,58.54,59.75,3343793
2019-01-03,60.13,60.15,58.23,58.46,5791173
2019-01-04,59.2,59.9,58.75,59.72,5494765
2019-01-07,60.0,60.82,59.48,60.17,5973506
2019-01-08,60.78,61.31,60.02,60.67,3842799
2019-01-09,61.24,61.88,61.13,61.4,3633815
2019-01-10,60.79,62.48,60.79,62.11,2836704
2019-01-11,61.89,62.16,61.41,62.02,2250726
2019-01-14,61.47,62.02,61.18,61.69,2633154
2019-01-15,61.87,61.98,61.08,61.52,2615685
2019-01-16,61.5,61.61,61.19,61.38,2636400
2019-01-17,60.98,62.36,60.85,62.0,5144213
2019-01-18,62.49,64.11,62.44,63.68,4497324
2019-01-22,63.26,63.26,62.08,63.01,5511672
2019-01-23,63.21,63.55,61.94,62.4,2988550
2019-01-24,62.4,63.12,62.27,63.04,2974398
2019-01-25,63.94,64.23,63.66,63.94,2052740
2019-01-28,63.07,63.22,62.02,62.41,4316704
2019-01-29,63.04,63.57,62.69,63.43,3200218
2019-01-30,64.26,65.9,64.08,65.69,5838853
2019-01-31,65.75,65.91,65.08,65.47,5378299
2019-02-01,65.98,66.68,65.55,66.65,3797871
2019-02-04,66.67,67.78,66.28,67.65,6653720
2019-02-05,66.48,67.28,65.2,66.9,6852690
2019-02-06,67.07,67.23,66.25,67.01,4915796
2019-02-07,66.5,66.82,65.9,66.34,3938275
2019-02-08,66.02,66.81,65.75,66.74,4521177
2019-02-11,66.87,67.1,66.49,66.92,2654813
2019-02-12,67.55,68.32,67.22,68.07,2708382
2019-02-13,68.44,68.58,68.01,68.41,3167825
2019-02-14,67.62,67.62,66.46,68.41,4342492
2019-02-15,67.19,68.38,66.88,68.31,3901281
2019-02-19,67.99,68.21,67.44,67.89,2468504
2019-02-20,68.02,68.71,67.88,68.58,3843215
2019-02-21,68.18,68.36,67.57,67.74,2490259
2019-02-22,68.11,68.57,67.94,68.55,2354700
2019-02-25,69.0,69.29,68.57,68.75,2785947
2019-02-26,68.32,68.83,68.29,68.34,2050508
2019-02-27,68.2,68.67,67.95,68.54,1421709
2019-02-28,68.39,68.49,67.96,68.15,2607168
2019-03-01,68.64,68.91,68.03,68.4,2778043
2019-03-04,68.83,69.04,67.53,68.06,2937944
2019-03-05,67.97,68.18,67.71,67.73,2375750
2019-03-06,67.89,68.0,67.6,67.7,2869515
2019-03-07,67.6,67.6,66.41,67.3,3552040
2019-03-08,66.37,66.82,65.91,66.6,3875531
2019-03-11,66.39,67.47,66.38,67.44,3822622
2019-03-12,67.58,67.98,67.24,67.32,3048469
2019-03-13,67.69,68.32,67.56,67.92,3941440
2019-03-14,67.82,68.01,67.38,67.48,3074130
2019-03-15,67.38,67.61,66.92,67.33,11041417
2019-03-18,67.44,68.91,67.44,68.79,3926201
2019-03-19,69.2,69.34,68.14,68.42,2379986
2019-03-20,68.35,68.9,67.68,68.28,2971588
2019-03-21,68.01,69.42,67.81,69.26,3588651
2019-03-22,68.76,68.94,66.8,66.86,3482131
2019-03-25,66.8,67.18,66.17,66.48,3626101
2019-03-26,67.11,67.63,66.84,67.28,2068078
2019-03-27,67.34,67.47,66.77,67.15,1723814
2019-03-28,67.21,67.84,67.0,67.56,1577751
2019-03-29,68.23,68.52,67.93,68.47,3028982
2019-04-01,69.59,70.23,69.16,70.13,2747453
2019-04-02,70.17,70.3,69.5,69.93,2681508
2019-04-03,70.4,70.99,69.99,70.77,2908171
2019-04-04,70.88,71.16,70.3,71.12,2190013
2019-04-05,71.41,71.46,70.74,71.14,1972299
2019-04-08,71.3,71.73,70.79,71.71,2335451
2019-04-09,71.57,71.58,70.74,70.81,2300721
2019-04-10,71.09,71.47,70.61,71.13,1750160
2019-04-11,71.32,71.59,71.06,71.46,1489899
2019-04-12,72.0,72.4,71.7,72.1,1782192
2019-04-15,72.07,72.11,71.49,71.8,1395743
2019-04-16,72.05,72.29,71.86,72.18,1676598
2019-04-17,72.76,73.04,72.27,72.31,2501339
2019-04-18,72.59,72.95,72.31,72.51,3211878
2019-04-22,72.02,72.97,71.8,72.73,2457362
2019-04-23,72.67,73.24,72.34,73.16,2143057
2019-04-24,72.92,73.15,72.4,72.53,2739890
2019-04-25,71.61,72.22,70.8,71.28,2785277
2019-04-26,71.54,71.73,71.14,71.72,2175135
2019-04-29,71.72,71.79,70.44,71.07,3208082
2019-04-30,70.9,71.05,69.64,70.99,4778398
2019-05-01,71.1,71.32,70.25,70.28,2162332
2019-05-02,70.24,70.6,69.53,70.1,3010338
2019-05-03,70.5,71.19,70.5,71.1,2516196
2019-05-06,69.74,70.41,69.15,70.15,3316064
2019-05-07,66.8,68.41,66.33,67.53,5958349
2019-05-08,67.35,67.49,66.2,66.29,4311500
2019-05-09,65.61,66.88,65.27,66.8,2902258
2019-05-10,66.25,67.15,65.06,66.93,2778226
2019-05-13,65.44,65.58,64.14,64.64,2734133
2019-05-14,65.25,65.86,64.88,65.15,2151101
2019-05-15,64.52,65.95,64.28,65.55,2036658
2019-05-16,65.54,65.85,65.16,65.66,2370393
2019-05-17,64.89,65.54,64.68,64.82,2613975
2019-05-20,64.43,64.53,63.58,63.9,3418254
2019-05-21,64.33,65.62,64.31,65.33,3715464
2019-05-22,65.06,65.19,64.6,64.67,2579265
2019-05-23,63.74,63.85,62.0,62.68,2950324
2019-05-24,63.36,63.49,62.38,62.53,2630171
2019-05-28,62.76,63.0,61.18,61.2,3901845
2019-05-29,60.62,61.29,60.38,60.99,4191652
2019-05-30,61.29,61.81,60.98,61.2,2125461
2019-05-31,60.43,61.05,60.13,60.24,3937992
2019-06-03,60.27,61.24,60.11,60.58,3192127
2019-06-04,61.4,62.56,61.02,62.46,3262601
2019-06-05,63.1,63.53,62.35,63.29,5089856
2019-06-06,63.29,63.44,62.01,62.65,3138826
2019-06-07,63.14,64.16,62.83,63.68,3463344
2019-06-10,64.16,65.2,64.02,64.63,2995958
2019-06-11,65.41,65.64,63.43,63.46,3915467
2019-06-12,63.19,63.43,62.34,62.74,3710899
2019-06-13,63.17,63.36,62.75,63.2,2762720
2019-06-14,63.04,63.11,62.02,62.77,2822252
2019-06-17,62.83,63.05,62.52,62.68,2968686
2019-06-18,63.16,64.46,62.96,63.96,3877731
2019-06-19,64.14,64.3,63.34,63.48,2695179
2019-06-20,64.67,65.63,63.99,65.51,3797455
2019-06-21,65.5,66.11,65.2,65.63,4356395
2019-06-24,65.64,65.89,65.33,65.41,2717207
2019-06-25,65.49,65.58,65.15,65.29,2093805
2019-06-26,65.53,66.11,65.35,65.85,2602591
2019-06-27,66.11,66.45,65.7,66.1,3291064
2019-06-28,66.23,67.05,66.06,66.72,7114971
2019-07-01,67.9,68.07,66.44,66.71,2895731
2019-07-02,66.46,66.59,65.69,66.3,2618915
2019-07-03,66.46,66.56,65.58,66.19,1595936
2019-07-05,65.46,65.79,64.2,65.4,2275204
2019-07-08,65.09,65.66,64.66,64.85,2128631
2019-07-09,64.33,64.67,63.79,64.25,2227160
2019-07-10,64.71,64.85,63.51,63.7,2719307
2019-07-11,63.8,64.27,63.45,64.16,2074901
2019-07-12,64.58,66.02,64.5,65.69,2391544
2019-07-15,65.87,65.97,65.29,65.69,1416558
2019-07-16,65.61,66.83,65.43,66.24,1891790
2019-07-17,66.07,66.18,64.58,64.67,2174874
2019-07-18,64.47,64.64,63.97,64.23,3174599
2019-07-19,64.85,65.61,64.59,65.29,2929193
2019-07-22,65.41,65.75,64.99,65.4,2216041
2019-07-23,65.8,66.87,65.5,66.85,2112878
2019-07-24,66.27,67.38,66.09,67.26,1924367
2019-07-25,66.96,67.19,66.29,66.93,2204841
2019-07-26,66.9,67.0,66.27,66.66,2052167
2019-07-29,66.12,66.63,64.83,66.3,3196454
2019-07-30,66.2,67.36,65.8,67.29,2298137
2019-07-31,67.3,67.3,63.93,64.88,6588315
2019-08-01,64.93,65.3,62.53,62.76,4532406
2019-08-02,62.5,62.5,61.31,61.66,4570430
2019-08-05,60.34,60.6,59.04,59.45,5653485
2019-08-06,59.86,61.26,59.27,60.82,4068492
2019-08-07,59.65,59.88,58.38,59.58,3930578
2019-08-08,60.27,60.84,59.77,60.77,3217597
2019-08-09,60.37,60.46,59.24,59.48,2948442
2019-08-12,59.21,59.35,58.2,58.29,2310278
2019-08-13,57.73,60.53,57.65,59.19,3427853
2019-08-14,58.02,58.51,57.01,57.14,3880596
2019-08-15,56.77,57.1,55.98,56.41,4393435
2019-08-16,56.87,58.09,56.77,57.92,3332630
2019-08-19,59.0,59.04,58.35,58.55,4095222
2019-08-20,58.39,58.61,57.93,57.98,2531039
2019-08-21,58.81,58.85,58.3,58.46,2645487
2019-08-22,58.72,58.96,57.95,58.2,2178160
2019-08-26,57.46,57.83,56.74,57.28,3194686
2019-08-27,57.65,57.72,56.84,57.27,2610874
2019-08-28,56.95,57.93,56.64,57.83,1735606
2019-08-29,58.69,59.36,58.47,59.14,2323469
2019-08-30,59.8,59.97,59.49,59.59,2684425
2019-09-03,59.0,59.0,58.03,58.4,3131936
2019-09-04,59.12,59.82,59.12,59.61,3286315
2019-09-05,60.63,62.13,60.5,61.84,3509237
2019-09-06,62.05,62.39,61.65,62.25,2653633
2019-09-09,62.54,63.88,62.41,63.78,3505778
2019-09-10,63.88,64.81,63.59,64.81,3056875
2019-09-11,64.96,65.37,64.19,65.2,3047321
2019-09-12,65.0,65.52,64.41,64.71,2408460
2019-09-13,65.58,66.21,65.16,65.55,2247727
2019-09-16,65.53,65.91,65.22,65.66,2279358
2019-09-18,64.57,64.92,64.02,64.91,3523240
2019-09-19,65.1,65.54,64.79,65.17,2067722
2019-09-20,65.35,65.74,64.51,64.95,4134010
2019-09-23,64.4,65.26,64.15,64.93,2610564
2019-09-24,65.0,65.28,63.78,63.99,3693382
2019-09-25,63.89,64.59,63.75,64.46,2399496
2019-09-26,64.48,64.48,63.83,64.19,1933669
2019-09-27,65.08,66.8,64.0,66.4,6476658
2019-09-30,66.95,67.21,66.62,66.86,5055231
2019-10-01,67.97,68.27,65.18,65.25,7704578
2019-10-02,64.28,64.6,62.98,63.5,4188617
2019-10-03,63.1,64.43,62.8,64.4,3331469
2019-10-04,64.36,65.2,64.36,65.19,3216013
2019-10-07,65.03,65.49,64.44,64.45,2053741
2019-10-08,63.76,64.02,63.1,63.16,2742670
2019-10-09,63.68,64.12,62.98,63.62,2778156
2019-10-10,63.78,65.43,63.78,65.05,2842115
2019-10-11,66.25,68.03,65.97,67.04,3738215
2019-10-14,66.61,67.38,66.54,67.21,2156895
2019-10-15,67.21,68.42,66.64,67.73,4784747
2019-10-16,67.43,68.09,67.28,67.32,2783137
2019-10-17,67.8,68.47,67.7,68.05,2832710
2019-10-18,67.97,68.82,67.92,68.65,3877198
2019-10-21,69.06,69.75,68.94,69.43,2348098
2019-10-22,69.56,70.43,68.95,70.23,2227297
2019-10-23,70.25,70.63,69.92,70.56,2498727
2019-10-24,70.75,70.8,69.44,69.88,1790553
2019-10-25,70.11,71.1,69.91,70.82,1945357
2019-10-28,71.27,71.44,70.53,70.99,2078087
2019-10-29,70.55,71.22,70.51,70.86,2436575
2019-10-30,70.75,71.05,69.86,71.03,1796491
2019-10-31,70.75,71.03,69.39,70.15,2936128
2019-11-01,70.61,71.79,70.46,71.79,2897445
2019-11-04,72.47,75.54,72.29,73.22,6675739
2019-11-05,72.1,73.93,72.0,73.79,6575541
2019-11-06,73.13,74.25,72.87,73.6,4031051
2019-11-07,73.88,74.29,73.57,73.79,2571954
2019-11-08,73.71,73.9,73.32,73.88,2216434
2019-11-11,73.29,73.89,73.17,73.81,1674105
2019-11-12,74.26,74.7,73.89,74.07,2310124
2019-11-13,73.5,73.8,73.26,73.58,2785724
2019-11-14,72.34,73.25,72.27,72.73,2001019
2019-11-15,73.39,73.7,72.99,73.53,2134196
2019-11-18,73.15,73.3,72.75,73.07,1678582
2019-11-19,73.58,73.58,72.85,73.28,2133182
2019-11-20,72.97,73.21,72.31,72.75,2243477
2019-11-21,72.94,73.6,72.53,73.56,2116199
2019-11-22,73.69,73.75,73.23,73.66,2425845
2019-11-25,74.0,74.38,73.68,74.35,2274639
2019-11-26,74.41,74.45,73.89,74.43,2077265
2019-11-27,74.43,74.53,73.87,74.44,1505077
2019-11-29,74.16,74.31,73.69,73.86,1086887
2019-12-02,73.95,74.75,73.31,73.36,2444586
2019-12-03,72.67,72.86,71.9,72.61,2772737
2019-12-04,73.27,74.19,73.08,73.5,2463552
2019-12-05,73.99,74.11,73.38,73.98,2970077
2019-12-06,74.9,75.2,74.63,75.09,3087876
2019-12-09,75.14,75.54,75.04,75.16,2972805
2019-12-10,74.95,75.23,74.52,74.55,4268869
2019-12-11,74.89,75.77,74.55,75.73,2237405
2019-12-12,75.67,77.12,75.47,76.97,2496553
2019-12-13,76.53,77.24,75.59,75.98,3425622
2019-12-16,76.57,76.96,76.16,76.16,2276117
2019-12-17,76.61,76.61,76.02,76.15,10667330
2019-12-18,76.46,76.48,75.63,76.04,2664232
2019-12-19,76.06,76.28,75.72,76.09,2426942
2019-12-20,76.92,76.95,76.07,76.27,5460172
2019-12-23,76.44,76.86,76.22,76.79,1458313
2019-12-24,76.99,76.99,76.08,76.1,489733
2019-12-26,76.35,76.67,76.07,76.67,877370
2019-12-27,76.86,76.87,76.33,76.51,992714
2019-12-30,76.63,76.81,76.12,76.44,1253969
2019-12-31,76.36,76.75,76.03,76.26,1655564
2020-01-02,76.57,77.51,76.28,77.48,2447577
2020-01-03,76.0,76.51,75.56,76.42,2672646
2020-01-06,75.88,77.09,75.75,77.05,3788980
2020-01-07,76.54,77.45,76.37,77.24,2497027
2020-01-08,77.11,77.77,76.84,77.51,2554317
2020-01-09,77.76,77.82,77.03,77.8,2309130
2020-01-10,77.95,77.98,76.83,76.94,2628909
2020-01-13,77.15,77.44,76.95,77.39,1964450
2020-01-14,77.23,77.56,76.78,76.87,2280248
2020-01-15,76.87,77.28,76.32,76.66,2367984
2020-01-16,77.09,77.89,77.01,77.87,2438803
2020-01-17,77.84,78.38,77.66,77.78,5008297
2020-01-21,77.43,77.64,76.68,77.25,3146356
2020-01-22,77.78,77.8,76.87,77.02,3024260
2020-01-23,76.61,77.71,76.03,77.59,1819619
2020-01-24,77.83,77.83,76.23,76.7,2037816
2020-01-27,75.04,75.23,73.73,73.74,3566001
2020-01-28,74.12,74.89,73.6,74.43,4289661
2020-01-29,74.98,75.0,73.87,73.91,3087519
2020-01-30,73.0,73.86,72.65,73.83,2659389
2020-01-31,73.31,73.7,71.2,71.63,4309872
2020-02-03,72.1,73.34,71.74,72.6,3933625
2020-02-04,74.54,74.76,72.97,73.24,3781151
2020-02-05,74.6,76.16,74.54,76.01,3944289
2020-02-06,76.63,76.63,74.91,75.25,2241710
2020-02-07,74.94,74.94,73.61,73.77,2283730
2020-02-10,73.46,73.76,72.77,73.39,2753052
2020-02-11,73.87,74.67,73.7,73.83,2729780
2020-02-12,74.55,75.58,74.3,75.4,3357951
2020-02-13,74.35,74.49,72.39,73.14,3549835
2020-02-14,73.06,73.51,72.61,73.51,2797075
2020-02-18,72.26,72.71,70.7,71.44,4292381
2020-02-19,71.87,72.58,71.58,71.86,2961410
2020-02-20,71.76,72.82,71.51,72.02,2338207
2020-02-21,71.47,72.1,71.0,72.09,2593358
2020-02-24,69.57,69.95,69.0,69.19,3591952
2020-02-25,69.37,69.69,66.32,66.6,4330268
2020-02-26,67.27,68.61,66.57,66.63,4799644
2020-02-27,65.05,67.71,64.37,64.38,4641667
2020-02-28,62.45,64.22,62.11,64.11,6483771
2020-03-02,64.54,66.53,63.52,66.3,4778469
2020-03-03,66.22,67.9,63.21,63.74,5142525
2020-03-04,64.72,66.94,64.41,66.67,4313422
2020-03-05,64.51,66.5,64.26,64.73,4692958
2020-03-06,62.82,64.06,61.22,62.14,7721439
2020-03-09,55.0,57.0,50.33,50.36,12611004
2020-03-10,52.52,53.87,49.77,53.86,10773525
2020-03-11,51.66,53.1,50.94,52.14,11823016
2020-03-12,47.54,51.86,45.12,46.18,8994572
2020-03-13,48.8,50.33,45.3,50.33,12188128
2020-03-16,44.92,48.46,43.44,46.96,10564270
2020-03-17,47.66,48.0,45.16,47.42,8577972
2020-03-18,43.99,44.55,38.0,41.14,10350068
2020-03-19,40.52,47.97,39.3,46.02,7001028
2020-03-20,46.5,48.12,43.22,44.09,7373698
2020-03-23,42.84,43.0,37.75,38.08,7546190
2020-03-24,40.89,44.74,40.16,44.3,5698011
2020-03-25,44.75,49.94,44.2,47.61,6406966
2020-03-26,48.69,49.36,46.23,48.8,6629779
2020-03-27,46.18,47.04,45.1,45.58,5209613
2020-03-30,45.96,46.98,45.26,46.63,4569310
2020-03-31,46.31,48.13,46.21,47.65,4996266
2020-04-01,44.82,45.92,43.55,45.7,4608066
2020-04-02,45.54,48.64,45.45,47.73,5714118
2020-04-03,47.78,48.69,45.37,45.72,4739068
2020-04-06,48.46,49.8,47.83,49.39,3850302
2020-04-07,52.3,53.41,50.18,50.29,4636750
2020-04-08,50.64,52.89,50.64,52.1,3722622
2020-04-09,53.51,55.14,50.55,51.78,3978766
2020-04-13,51.45,51.6,50.02,51.19,3612992
2020-04-14,52.32,52.35,49.89,50.49,3872371
2020-04-15,48.74,49.15,46.58,47.91,4022463
2020-04-16,47.96,48.26,46.34,47.37,5423792
2020-04-17,48.98,50.71,48.98,50.54,5357570
2020-04-20,49.28,51.77,48.64,50.92,5376504
2020-04-21,50.0,51.46,49.12,50.77,7351901
2020-04-22,52.34,52.72,51.69,52.11,3726551
2020-04-23,52.6,54.19,52.6,52.91,4729058
2020-04-24,53.53,54.19,52.62,53.82,5052890
2020-04-27,53.99,56.48,53.99,56.03,2852208
2020-04-28,57.37,58.41,56.18,57.53,3973316
2020-04-29,59.0,59.66,58.38,59.07,2902049
2020-04-30,58.14,58.34,56.72,57.03,4807906
2020-05-01,55.87,55.99,53.38,53.79,4095948
2020-05-04,53.19,54.32,52.25,54.29,4255154
2020-05-05,55.45,55.74,54.6,54.7,3124137
2020-05-06,54.5,55.14,53.77,54.58,3597559
2020-05-07,55.86,56.25,55.06,55.26,2763848
2020-05-08,56.34,56.45,55.7,56.1,2938160
2020-05-11,56.27,56.39,55.27,56.02,3662497
2020-05-12,56.25,56.58,53.42,53.44,2893872
2020-05-13,53.23,53.4,51.37,51.9,3649369
2020-05-14,50.2,53.43,50.03,53.38,4718472
2020-05-15,52.95,54.46,52.82,52.94,8300030
2020-05-18,54.97,56.83,54.97,56.42,4306116
2020-05-19,56.03,57.16,55.38,55.7,2672750
2020-05-20,56.51,57.7,56.45,56.81,3218944
2020-05-21,56.88,57.04,55.93,56.25,2602912
2020-05-22,56.37,56.53,55.36,55.87,4231769
2020-05-26,58.26,59.65,57.79,59.27,3461697
2020-05-27,61.03,62.04,60.4,61.89,4238905
2020-05-28,62.31,62.41,60.51,61.03,3073410
2020-05-29,60.33,61.25,59.53,61.02,4713397
2020-06-01,60.81,61.23,60.12,60.4,2294921
2020-06-02,60.85,61.69,60.45,61.15,2580060
2020-06-03,62.24,63.16,62.0,62.92,2987699
2020-06-04,62.46,63.16,61.91,63.13,2606569
2020-06-05,66.05,67.5,65.44,67.1,4348297
2020-06-08,68.0,69.4,67.78,69.33,3853831
2020-06-09,67.7,68.12,66.8,67.51,3094788
2020-06-10,67.24,67.24,65.51,65.88,3717805
2020-06-11,62.64,63.16,60.4,60.46,4186232
2020-06-12,62.7,62.81,59.76,61.35,3067943
2020-06-15,59.39,62.85,59.21,62.27,2757018
2020-06-16,65.16,65.38,62.52,63.46,2904635
2020-06-17,63.64,63.74,62.49,62.59,2165270
2020-06-18,61.8,62.8,61.06,61.39,2696366
2020-06-19,62.58,62.58,60.47,61.98,9675107
2020-06-22,61.45,61.85,60.26,61.44,2744460
2020-06-23,62.28,62.59,61.58,61.82,2080266
2020-06-24,61.0,61.18,59.5,59.63,3896770
2020-06-25,59.3,60.41,58.67,60.35,2337690
2020-06-26,59.89,60.37,59.27,59.87,4462105
2020-06-29,60.78,61.38,60.37,61.38,2001523
2020-06-30,61.24,62.29,60.92,62.03,2590065
2020-07-01,62.09,62.33,60.92,61.21,2486453
2020-07-02,62.24,63.44,61.59,61.65,2327654
2020-07-06,62.88,63.04,61.83,62.51,2543821
2020-07-07,62.09,62.25,60.63,60.82,2977852
2020-07-08,61.1,61.34,60.52,61.09,2624528
2020-07-09,60.98,61.2,59.35,59.47,2039710
2020-07-10,59.68,59.93,59.07,59.77,2330992
2020-07-13,60.06,61.94,59.88,60.83,3155697
2020-07-14,60.35,62.27,59.83,62.09,2889357
2020-07-15,63.48,63.96,62.57,63.63,2262643
2020-07-16,63.24,64.1,62.79,63.14,2493390
2020-07-17,63.61,63.92,63.21,63.53,2091315
2020-07-20,62.83,63.38,62.04,62.35,1936517
2020-07-21,63.11,64.26,63.0,63.79,2509123
2020-07-22,63.54,64.02,63.18,63.96,2143304
2020-07-23,63.9,64.34,63.63,64.01,1659292
2020-07-24,64.24,64.33,63.24,63.36,1427748
2020-07-27,63.16,63.61,62.75,63.41,2496569
2020-07-28,63.08,63.42,62.19,62.27,2341346
2020-07-29,62.76,63.89,62.42,63.74,2749143
2020-07-30,62.79,62.93,61.65,62.65,2103445
2020-07-31,62.31,62.32,60.78,62.01,3472268
2020-08-03,62.37,63.65,62.22,62.77,2823875
2020-08-04,62.79,63.62,61.41,61.93,3501162
2020-08-05,63.13,64.97,62.79,64.69,3182345
2020-08-06,65.0,65.32,64.56,65.12,2060482
2020-08-07,65.34,66.41,64.66,66.37,3830918
2020-08-10,66.41,68.55,66.39,68.17,3431888
2020-08-11,69.94,71.54,69.91,70.29,5555028
2020-08-12,70.95,71.91,70.31,71.79,6260111
2020-08-13,70.64,71.21,69.98,70.2,3635524
2020-08-14,69.55,70.31,69.4,69.73,2018433
2020-08-17,69.99,70.51,69.04,69.25,1435044
2020-08-18,68.91,69.44,68.29,68.36,2302610
2020-08-19,68.65,68.86,67.9,68.32,3146030
2020-08-20,67.68,67.97,67.41,67.66,2830595
2020-08-21,67.79,68.04,67.41,67.86,2730385
2020-08-24,68.23,69.65,67.94,69.65,2539101
2020-08-25,70.29,70.49,69.11,69.78,2094858
2020-08-26,69.87,70.71,69.04,70.27,2901710
2020-08-27,70.72,71.19,69.13,69.59,2122765
2020-08-28,69.61,70.93,69.27,70.65,2049656
2020-08-31,70.5,70.59,69.26,69.47,2387289
2020-09-01,69.46,70.17,69.04,70.13,2255879
2020-09-02,69.79,70.97,69.71,70.7,2880967
2020-09-03,70.85,71.08,68.18,68.74,2243234
2020-09-04,69.76,70.55,68.65,69.54,2236430
2020-09-08,68.7,69.04,67.6,67.76,2716902
2020-09-09,68.58,69.54,68.3,68.7,1671768
2020-09-10,68.86,69.17,67.2,67.51,2226976
2020-09-11,67.91,68.48,67.49,67.92,2253642
2020-09-14,68.43,68.82,67.73,68.19,2684342
2020-09-15,68.52,69.54,68.34,68.41,2233592
2020-09-16,68.93,69.32,67.52,68.68,3143617
2020-09-17,67.93,69.38,67.23,69.09,2398248
2020-09-18,68.73,69.62,67.75,67.85,3503617
2020-09-21,66.5,66.89,64.15,64.98,2767771
2020-09-22,64.84,65.68,64.49,65.23,2114586
2020-09-23,65.58,66.32,63.74,63.89,1918651
2020-09-24,63.71,65.1,63.16,64.39,1646114
2020-09-25,63.69,64.64,63.61,64.33,1847877
2020-09-28,65.55,66.23,65.19,65.52,1949318
2020-09-29,65.74,65.95,64.71,65.16,1399086
2020-09-30,65.62,66.64,65.03,65.57,2687053
2020-10-01,66.23,66.34,64.16,64.63,2314846
2020-10-02,63.38,66.31,63.26,65.54,2090072
2020-10-05,66.5,67.84,66.31,67.59,2295294
2020-10-06,67.78,69.13,67.17,67.28,2160879
2020-10-07,68.21,69.07,67.87,68.88,1883294
2020-10-08,69.23,69.58,68.7,69.28,1627128
2020-10-09,70.0,71.2,69.91,69.95,3006341
2020-10-12,70.3,70.47,69.21,69.58,1999871
2020-10-13,69.65,69.98,68.45,68.89,1878988
2020-10-14,69.08,70.14,69.08,69.38,1918620
2020-10-15,68.42,69.6,68.31,69.58,2020634
2020-10-16,70.0,70.8,69.87,70.28,2848169
2020-10-19,70.33,70.73,69.74,69.96,3219543
2020-10-20,70.39,71.09,69.74,70.0,1882882
2020-10-21,69.39,70.32,69.09,69.21,2525606
2020-10-22,69.57,69.87,69.21,69.76,1556759
2020-10-23,70.48,70.9,69.69,70.02,2044761
2020-10-26,69.18,69.18,67.05,67.73,2514970
2020-10-27,67.57,68.05,66.84,66.92,3110088
2020-10-28,65.22,66.15,64.49,64.99,3326015
2020-10-29,64.53,65.5,64.15,64.44,4505755
2020-10-30,64.41,64.81,63.65,64.79,3902890
2020-11-02,65.9,68.35,65.74,67.96,5200490
2020-11-03,68.2,70.87,68.07,70.4,4692298
2020-11-04,68.67,69.92,66.5,68.15,4053493
2020-11-05,69.86,71.23,69.17,70.47,2700772
2020-11-06,70.56,70.7,69.56,70.12,2348877
2020-11-09,75.0,77.56,75.0,76.29,6659396
2020-11-10,76.56,77.91,75.97,77.44,3291184
2020-11-11,77.18,77.4,74.78,74.9,3441219
2020-11-12,74.42,74.75,73.47,74.23,2387268
2020-11-13,74.61,75.92,74.61,75.81,1789272
2020-11-16,77.23,78.14,76.51,77.99,2742274
2020-11-17,77.75,77.88,75.82,76.39,2269819
2020-11-18,76.78,78.11,76.41,76.89,2559466
2020-11-19,76.68,77.36,75.89,77.24,1563387
2020-11-20,77.0,77.05,75.47,75.96,1810734
2020-11-23,76.62,77.99,76.52,77.81,2205829
2020-11-24,78.99,80.19,78.51,79.95,4222538
2020-11-25,79.32,79.46,78.21,78.26,1658718
2020-11-27,78.73,79.09,77.84,78.16,664103
2020-11-30,78.0,78.0,75.97,76.82,2724625
2020-12-01,77.95,78.34,75.65,75.77,3076655
2020-12-02,74.55,76.15,74.5,75.9,3035287
2020-12-03,75.94,76.37,75.36,75.48,2582650
2020-12-04,75.71,80.44,75.58,80.1,5503052
2020-12-07,79.83,79.97,78.25,79.17,4038858
2020-12-08,78.22,81.48,78.11,81.34,3918028
2020-12-09,81.37,82.0,80.73,81.6,3746692
2020-12-10,81.35,81.84,80.64,81.36,2990242
2020-12-11,80.59,82.65,80.5,82.42,3870830
2020-12-14,82.82,83.14,80.32,80.41,3428238
2020-12-15,82.75,82.96,80.86,82.44,3170091
2020-12-16,81.97,82.38,80.59,81.28,1852850
2020-12-17,81.92,82.19,80.44,81.16,2528285
2020-12-18,81.11,81.51,80.06,80.9,5390413
2020-12-21,79.03,81.15,78.41,80.57,3195329
2020-12-22,80.3,80.5,79.05,79.33,2897710
2020-12-23,79.99,80.44,79.33,80.02,2551137
2020-12-24,80.49,80.49,79.54,79.98,456579
2020-12-28,80.55,81.29,79.85,79.87,1736343
2020-12-29,80.52,80.56,78.44,79.24,1318320
2020-12-30,79.67,80.23,79.44,79.82,1169933
2020-12-31,80.12,80.48,79.11,80.37,1239842
2021-01-04,80.58,80.96,77.76,78.01,2227659
2021-01-05,78.18,79.75,78.01,79.36,2687583
2021-01-06,80.26,83.12,80.21,82.03,3791014
2021-01-07,82.69,83.17,81.4,82.07,2435585
2021-01-08,82.57,82.67,80.6,81.82,2156948
2021-01-11,80.79,83.12,80.51,82.62,1749683
2021-01-12,82.62,84.28,82.52,83.97,2646271
2021-01-13,84.18,84.44,82.43,82.64,2189188
2021-01-14,82.88,83.91,82.62,83.34,1883200
2021-01-15,83.97,83.97,81.78,82.75,2926945
2021-01-19,85.0,85.39,83.42,83.43,2980972
2021-01-20,83.6,84.72,83.22,84.39,2377927
2021-01-21,84.52,84.88,83.74,84.26,1796951
2021-01-22,83.54,84.26,82.29,83.73,2432159
2021-01-25,83.25,83.5,81.53,82.48,2137489
2021-01-26,82.98,83.04,81.67,81.89,2010930
2021-01-27,80.14,80.88,78.33,79.52,4835783
2021-01-28,80.45,82.49,79.82,81.08,2530259
2021-01-29,80.64,81.52,78.95,79.35,3545390
2021-02-01,80.3,81.48,79.28,80.82,3674880
2021-02-02,83.37,84.81,83.0,83.78,4023220
2021-02-03,83.6,83.73,82.06,83.68,3728710
2021-02-04,84.51,85.13,83.73,84.16,4457242
2021-02-05,85.04,86.61,84.59,86.11,3833054
2021-02-08,86.55,87.07,85.78,86.52,3248650
2021-02-09,86.42,86.52,85.45,85.9,1565993
2021-02-10,86.28,86.43,84.96,85.06,2540282
2021-02-11,85.29,85.72,83.64,85.16,1622419
2021-02-12,84.58,85.58,84.56,85.33,1400829
2021-02-16,86.0,86.2,84.92,85.07,2751622
2021-02-17,84.93,85.41,84.21,84.87,1835363
2021-02-18,84.45,84.63,83.65,84.38,1334767
2021-02-19,84.75,86.12,84.63,85.45,2461758
2021-02-22,85.44,86.89,84.33,86.17,2043987
2021-02-23,85.96,87.16,85.5,86.8,2665047
2021-02-24,87.05,89.1,86.94,88.97,2827271
2021-02-25,88.47,88.63,86.89,87.33,2783057
2021-02-26,87.36,87.88,85.87,85.9,3235741
2021-03-01,87.07,89.17,86.92,88.44,1844652
2021-03-02,88.33,88.87,87.45,87.63,2024907
2021-03-03,87.83,89.53,87.39,88.53,3487374
2021-03-04,88.46,89.92,86.76,88.49,3805048
2021-03-05,89.79,91.27,88.06,91.04,3299009
2021-03-08,92.0,93.38,91.08,92.13,3993890
2021-03-09,92.65,92.94,89.98,90.0,3371312
2021-03-10,90.35,92.14,90.08,91.72,3057516
2021-03-11,92.04,92.75,91.02,91.31,2660048
2021-03-12,91.45,92.25,91.13,92.2,2440213
2021-03-15,91.75,92.38,89.64,90.92,2676230
2021-03-16,90.55,90.75,88.54,89.06,3362204
2021-03-17,89.11,90.69,89.0,90.52,2364920
2021-03-18,90.39,91.81,89.22,89.46,2301491
2021-03-19,88.97,89.42,87.26,88.49,10934601
2021-03-22,88.68,89.88,87.79,89.35,2199029
2021-03-23,88.45,89.72,86.85,87.22,2643132
2021-03-24,88.0,89.92,88.0,88.06,2166933
2021-03-25,87.62,89.44,86.75,89.19,2156911
2021-03-26,90.09,91.7,89.57,91.57,4093255
2021-03-29,91.03,92.25,90.76,91.23,3267259
2021-03-30,91.52,91.91,90.65,91.14,2598480
2021-03-31,91.14,91.65,90.01,90.22,3555480
2021-04-01,90.17,90.62,89.55,90.41,3358574
2021-04-05,91.16,92.55,91.15,91.61,3658829
2021-04-06,91.83,92.63,91.13,91.47,2844029
2021-04-07,91.32,91.94,90.58,91.09,2847373
2021-04-08,91.03,91.21,90.04,91.04,2422257
2021-04-09,91.47,92.63,90.93,91.94,3256348
2021-04-12,91.9,92.37,91.58,92.01,2258617
2021-04-13,91.49,91.65,89.96,90.63,2728360
2021-04-14,90.54,91.83,90.48,91.54,2889534
2021-04-15,92.17,92.3,90.84,91.72,3052997
2021-04-16,92.69,93.27,91.81,92.2,2468757
2021-04-19,92.2,92.66,91.11,91.79,2532722
2021-04-20,91.41,91.7,89.91,90.83,2726282
2021-04-21,90.6,92.25,90.43,92.11,2373744
2021-04-22,92.47,92.47,91.42,91.52,2526059
2021-04-23,91.91,92.88,91.35,92.46,2374111
2021-04-26,92.77,93.57,92.09,92.13,2246712
2021-04-27,92.29,92.41,91.39,92.16,1925688
2021-04-28,92.11,92.69,91.78,92.08,1449040
2021-04-29,92.85,92.91,91.88,92.79,1611683
2021-04-30,92.12,92.45,90.13,90.49,2537980
2021-05-04,90.51,91.27,89.58,91.11,3092501
2021-05-05,89.77,91.39,90.59,90.89,3256363
2021-05-06,91.52,93.86,91.01,93.72,4282664
2021-05-07,93.66,95.26,92.61,95.05,3415600
2021-05-10,95.6,96.9,95.37,95.38,2357586
2021-05-11,94.5,95.65,93.77,95.26,3358636
2021-05-12,95.19,95.45,93.19,93.35,4069919
2021-05-13,92.92,95.12,92.79,94.71,2295613
2021-05-17,95.73,96.05,94.93,95.52,2305096
2021-05-18,95.62,95.89,94.08,94.22,1993479
2021-05-19,92.65,93.35,91.75,93.32,2750557
2021-05-20,93.55,93.77,92.8,93.44,2146040
2021-05-21,93.98,94.64,92.94,93.65,2421873
2021-05-24,94.15,94.53,93.31,94.01,1872811
2021-05-25,94.02,94.63,93.26,93.41,1991134
2021-05-26,93.34,93.75,92.61,93.31,1982386
2021-05-27,94.53,95.66,94.11,95.45,3795286
2021-05-28,95.74,96.0,94.96,95.69,2555518
2021-06-01,96.91,97.24,96.28,97.1,2408776
2021-06-02,97.17,97.58,96.47,97.48,2303437
2021-06-03,97.31,97.97,96.66,97.5,1911441
2021-06-04,98.0,98.74,97.75,98.21,1770141
2021-06-07,98.36,98.41,97.27,97.87,1916613
2021-06-08,97.8,99.09,97.2,98.51,2793093
2021-06-09,98.28,98.36,97.47,97.9,1843940
2021-06-10,98.48,98.88,97.45,97.59,2099043
2021-06-11,97.94,98.08,96.59,97.03,2144351
2021-06-14,96.64,97.41,96.19,97.38,2497259
2021-06-15,97.62,98.65,97.18,98.61,3647777
2021-06-16,98.52,98.97,97.58,98.24,3527689
2021-06-17,98.31,98.31,93.86,94.02,3278245
2021-06-18,92.29,93.25,92.07,92.27,5239933
2021-06-21,93.22,95.08,93.01,94.93,2580230
2021-06-22,94.75,95.52,93.96,94.78,2058333
2021-06-23,95.11,96.03,94.45,94.5,2234949
2021-06-24,94.97,95.42,94.14,95.35,2585059
2021-06-25,95.76,96.49,95.47,96.0,2076210
2021-06-28,96.23,96.27,94.66,95.03,1726344
2021-06-29,95.94,96.47,94.46,94.69,3409277
2021-06-30,94.46,96.43,94.46,96.24,2283075
2021-07-01,97.01,97.59,96.72,96.92,1904751
2021-07-02,96.91,97.71,96.35,97.44,1347512
2021-07-06,97.3,97.3,94.77,95.7,2286552
2021-07-09,97.41,98.14,97.21,97.61,2143743
2021-07-12,97.61,98.79,96.75,98.61,2339539
2021-07-13,98.61,98.61,97.66,97.8,2210568
2021-07-14,98.2,98.9,97.88,98.06,2815141
2021-07-15,97.61,98.85,97.4,98.52,2003246
2021-07-16,99.0,99.09,97.04,97.26,4560946
2021-07-19,95.69,96.04,93.33,93.81,3795121
2021-07-20,93.94,97.35,93.88,97.13,3335240
2021-07-21,97.63,98.54,97.39,98.27,1799735
2021-07-22,98.49,98.5,97.25,97.44,1150467
2021-07-23,97.97,98.65,97.25,98.48,1656990
2021-07-26,98.48,99.2,97.82,98.34,1258500
2021-07-27,97.77,99.13,97.15,98.34,1515943
2021-07-28,98.22,98.92,97.06,98.36,1742399
2021-07-29,99.44,100.21,98.56,100.0,2445855
2021-07-30,99.77,101.03,99.47,100.89,2807154
2021-08-02,101.65,102.42,99.63,99.72,1970348
2021-08-03,100.09,101.29,99.18,101.16,2193137
2021-08-04,97.7,101.82,97.7,100.2,1928475
2021-08-05,101.4,102.07,100.7,101.06,2086310
2021-08-06,101.96,102.34,100.96,101.44,1708027
2021-08-09,101.38,101.46,100.62,101.16,1314626
2021-08-10,101.5,103.24,101.14,103.07,2247266
2021-08-11,103.07,104.36,102.8,104.28,2185153
2021-08-12,103.7,104.25,103.07,104.11,1920436
2021-08-13,103.94,104.18,103.29,103.74,1183586
2021-08-16,103.42,103.82,102.57,103.64,1339478
2021-08-17,102.97,103.35,101.69,102.71,2006567
2021-08-18,102.26,103.02,101.52,101.63,1336456
2021-08-19,100.76,101.96,99.78,101.23,2820017
2021-08-20,101.06,102.23,101.06,101.7,1389613
2021-08-23,102.38,103.43,102.38,102.6,1786080
2021-08-24,102.92,104.04,102.92,103.42,1542219
2021-08-25,103.13,104.61,102.9,104.2,1777080
2021-08-26,104.14,104.55,103.82,104.14,1242633
2021-08-27,104.51,105.03,104.49,104.77,2003590
2021-08-30,105.0,105.92,104.41,105.27,1707027
2021-08-31,105.41,105.62,104.5,105.5,3391980
2021-09-01,105.68,105.93,103.69,104.05,2963862
2021-09-02,104.58,105.7,104.46,105.7,1723342
2021-09-03,105.81,105.99,104.9,105.38,2008573
2021-09-07,105.06,105.09,103.64,103.67,1722873
2021-09-08,103.2,103.68,102.5,103.1,2060912
2021-09-09,103.32,103.32,99.91,100.08,4196284
2021-09-10,101.03,101.48,99.92,100.09,2428022
2021-09-13,100.82,101.3,98.4,99.16,3633664
2021-09-14,99.57,99.79,97.29,97.65,3967339
2021-09-15,97.66,99.55,97.14,99.33,3600345
2021-09-16,99.53,99.54,98.21,98.78,1871743
2021-09-17,97.12,98.22,96.0,96.46,4932833
2021-09-20,94.65,94.98,93.25,94.67,2992295
2021-09-21,95.15,95.43,93.6,93.71,2204396
2021-09-22,94.57,96.2,94.52,95.5,2729603
2021-09-23,96.29,97.77,96.12,96.96,2367528
2021-09-24,96.51,97.39,96.17,96.31,1712188
2021-09-27,96.47,97.62,96.47,96.73,2440037
2021-09-28,96.33,96.94,95.54,95.67,2093760
2021-09-29,95.87,96.2,95.28,95.64,2622836
2021-09-30,96.27,96.31,94.17,94.2,2659855
2021-10-01,94.44,95.63,93.57,95.16,2748334
2021-10-04,94.81,95.54,93.26,93.64,3906151
2021-10-05,93.93,96.0,93.63,95.48,2265167
2021-10-06,94.64,95.92,93.84,95.64,2855624
2021-10-07,97.07,99.17,97.07,97.34,3956214
2021-10-08,96.61,97.53,95.99,96.64,3192357
2021-10-11,92.63,95.76,92.59,94.18,4300161
2021-10-12,94.64,95.1,92.11,92.32,3533456
2021-10-13,92.79,92.79,90.36,91.87,4837601
2021-10-14,93.57,95.16,92.96,94.75,4219166
2021-10-15,95.56,96.56,95.17,95.73,5417279
2021-10-18,95.21,95.84,94.72,95.77,2371230
2021-10-19,96.44,96.59,95.63,96.42,1906284
2021-10-20,97.0,97.69,96.41,97.27,1912631
2021-10-21,96.79,97.01,95.79,96.65,2002293
2021-10-22,97.0,97.58,96.27,96.64,1728124
2021-10-25,96.43,97.29,95.98,96.55,2047278
2021-10-26,97.09,98.37,96.52,97.1,2841015
2021-10-27,97.13,98.0,96.13,96.15,1925821
2021-10-28,96.57,97.88,96.4,97.51,1587735
2021-10-29,97.2,98.03,96.5,97.01,2635796
2021-11-01,97.81,98.43,97.24,97.9,1842802
2021-11-02,98.15,100.47,97.63,100.15,3695716
2021-11-03,94.77,99.0,94.0,95.27,4225296
2021-11-04,96.37,97.49,95.9,97.16,2789533
2021-11-05,98.16,98.77,97.3,97.93,1793397
2021-11-08,99.15,99.45,97.52,97.75,2977347
2021-11-09,98.0,98.54,96.84,97.5,3974824
2021-11-10,96.93,97.49,96.43,97.03,1930196
2021-11-11,97.53,97.61,96.74,97.29,1634957
2021-11-12,97.64,97.74,96.82,97.42,1824424
2021-11-15,97.66,97.66,96.01,96.38,1544122
2021-11-16,96.68,97.28,95.97,96.21,2395684
2021-11-17,96.54,96.69,94.15,94.31,4046828
2021-11-18,94.33,95.52,93.62,94.57,5096236
2021-11-19,94.37,94.91,93.32,93.34,4019903
2021-11-22,94.07,95.99,93.86,94.44,5223258
2021-11-23,94.48,95.05,93.98,94.47,3099454
2021-11-24,93.98,95.15,93.98,94.23,2738368
2021-11-26,91.73,91.76,89.9,90.31,2767477
2021-11-29,91.31,92.19,90.23,90.86,3420326
2021-11-30,90.0,90.72,87.61,87.84,5950108
2021-12-01,89.9,90.45,86.72,86.79,4779571
2021-12-02,87.68,91.04,87.54,90.38,4290711
2021-12-03,90.81,91.42,89.29,90.28,2907477
2021-12-06,91.26,92.14,90.23,90.94,2592900
2021-12-07,91.84,92.92,91.53,92.23,3456676
2021-12-08,92.43,92.84,92.03,92.48,2265826
2021-12-09,92.1,92.74,91.81,91.99,2044128
2021-12-10,92.36,92.98,91.89,92.59,2883198
2021-12-13,92.73,93.05,91.9,92.33,2612907
2021-12-14,91.59,92.81,90.84,91.35,3204810
2021-12-15,91.54,92.9,91.16,92.73,2550828
2021-12-16,93.85,94.85,93.23,93.89,2943928
2021-12-17,93.17,93.42,90.41,90.69,6637455
2021-12-20,89.29,90.0,88.54,89.46,3041313
2021-12-21,90.17,91.21,90.14,91.03,2816502
2021-12-22,90.69,91.35,89.55,89.87,3615222
2021-12-23,90.24,91.71,90.17,91.28,2367799
2021-12-27,91.34,92.28,91.31,92.17,1626480
2021-12-28,92.36,93.1,92.34,92.89,1271484
2021-12-29,92.54,93.25,92.27,92.95,1434230
2021-12-30,93.12,93.66,92.51,92.66,1202296
2021-12-31,92.45,93.43,92.2,92.97,1283530
2022-01-03,93.3,93.42,91.06,91.76,2436610
2022-01-04,93.25,96.27,92.49,95.83,4466662
2022-01-05,97.06,97.99,95.56,95.69,4180138
2022-01-06,95.91,96.89,95.27,96.23,2477049
2022-01-07,96.55,96.97,95.61,95.69,2863648
2022-01-10,95.21,95.61,94.19,95.3,2840131
2022-01-11,95.75,96.59,94.64,96.38,2144346
2022-01-12,97.29,97.73,96.26,96.92,2191373
2022-01-13,97.21,98.3,96.93,97.28,2131934
2022-01-14,96.4,97.58,95.69,97.47,2624419
2022-01-18,96.77,97.14,95.65,96.37,2777051
2022-01-19,96.56,96.94,94.84,94.92,2145157
2022-01-20,95.2,96.3,93.45,93.65,2417679
2022-01-21,93.84,94.71,92.67,93.2,3253469
2022-01-24,92.01,93.42,89.66,93.04,4210234
2022-01-25,91.41,92.05,89.81,91.21,3723003
2022-01-26,92.37,92.86,89.93,90.58,4229973
2022-01-27,91.43,92.74,89.94,90.63,2470713
2022-01-28,90.13,90.77,88.65,90.71,2937107
2022-01-31,90.7,92.09,89.85,91.95,3710290
2022-02-01,91.95,92.56,91.1,92.48,4371831
2022-02-02,94.26,97.76,94.25,97.56,4920774
2022-02-03,96.42,98.48,96.28,96.59,3306563
2022-02-04,96.57,97.13,94.1,95.38,4979348
2022-02-07,95.69,96.36,94.56,95.73,4505570
2022-02-08,96.12,97.67,95.72,97.12,4809394
2022-02-09,98.1,98.63,97.64,98.42,3700487
2022-02-10,96.99,98.84,96.49,96.87,4274449
2022-02-11,97.05,97.91,94.21,94.74,3620279
2022-02-14,95.07,95.07,92.95,93.97,2698425
2022-02-15,94.85,95.61,94.31,94.88,3251971
2022-02-16,94.69,96.24,94.64,95.87,3059770
2022-02-17,95.08,95.34,92.78,93.19,2689815
2022-02-18,93.1,93.96,92.28,92.77,2413254
2022-02-22,92.44,93.47,91.84,92.74,2891662
2022-02-23,93.07,93.1,90.61,90.91,2687253
2022-02-24,89.39,90.39,87.95,90.0,4244349
2022-02-25,90.07,93.25,90.07,92.82,2864875
2022-02-28,91.77,93.51,91.45,92.92,3874118
2022-03-01,92.88,93.33,89.05,89.51,3558056
2022-03-02,90.12,93.77,90.09,93.23,3281361
2022-03-03,93.98,94.28,92.21,93.22,2510010
2022-03-04,91.64,92.13,90.8,91.58,3096637
2022-03-07,91.73,93.5,90.88,91.64,3547042
2022-03-08,92.19,96.9,92.14,93.7,4872396
2022-03-09,97.37,97.39,94.11,94.39,4150451
2022-03-10,94.12,95.0,93.61,94.74,3302215
2022-03-11,95.39,96.46,92.86,93.0,3239766
2022-03-14,93.56,94.13,91.28,92.32,3628993
2022-03-15,92.86,93.05,91.06,92.65,3984075
2022-03-16,93.11,94.53,91.55,93.76,4378763
2022-03-17,93.47,95.61,93.11,95.49,3643255
2022-03-18,95.35,97.28,93.87,97.0,16105123
2022-03-21,97.84,98.92,97.29,98.2,3708147
2022-03-22,98.65,98.98,97.21,98.02,3266569
2022-03-23,97.66,98.18,97.17,97.29,2299556
2022-03-24,98.45,98.7,97.42,97.77,2122780
2022-03-25,97.76,98.58,97.47,98.51,2136004
2022-03-28,97.62,98.24,96.83,98.22,2184395
2022-03-29,98.74,99.35,96.55,99.06,2913477
2022-03-30,98.69,99.95,98.59,98.98,1596110
2022-03-31,98.79,100.0,98.0,98.05,2786716
2022-04-01,99.08,99.38,97.71,98.42,2413964
2022-04-04,98.08,98.7,97.15,98.3,2633407
2022-04-05,98.21,98.59,96.14,96.56,2741863
2022-04-06,95.4,96.76,94.84,96.18,2839238
2022-04-07,95.56,96.19,94.84,95.89,2853122
2022-04-08,96.13,96.22,94.05,94.57,3660315
2022-04-11,94.65,94.92,92.96,93.18,2798207
2022-04-12,93.59,94.44,92.4,92.82,2193330
2022-04-13,92.86,93.71,92.46,93.31,2020297
2022-04-14,93.59,93.96,92.66,92.86,5319951
2022-04-18,92.63,94.53,92.63,93.97,2051919
2022-04-19,94.64,95.88,94.17,95.69,2314836
2022-04-20,96.52,97.57,96.51,97.14,2055387
2022-04-21,97.98,99.03,96.46,96.71,2217638
2022-04-22,96.04,96.33,93.47,93.6,2565483
2022-04-25,92.91,93.0,89.6,92.21,2635482
2022-04-26,91.6,92.43,89.65,89.67,2508944
2022-04-27,89.84,91.5,89.53,90.61,1992013
2022-04-28,91.28,92.56,90.15,92.31,2320881
2022-04-29,91.99,92.53,89.99,90.18,2975211
2022-05-02,89.77,91.45,88.4,90.43,3409912
2022-05-03,89.83,91.05,88.9,90.48,3330517
2022-05-04,85.76,91.74,83.42,91.34,5737167
2022-05-05,91.26,91.83,88.2,89.23,2973059
2022-05-06,88.89,88.89,86.69,88.01,3262318
2022-05-09,86.56,86.75,83.93,84.41,4179322
2022-05-10,85.16,85.56,83.12,83.61,3286615
2022-05-11,83.96,85.33,82.96,83.13,3788909
2022-05-12,82.42,83.06,81.01,82.75,3683002
2022-05-13,83.2,84.35,82.52,83.68,3580401
2022-05-16,83.57,85.03,82.85,84.45,3454884
2022-05-17,86.29,87.27,85.77,86.39,4136236
2022-05-18,86.04,86.28,83.21,83.56,3346368
2022-05-19,82.75,84.37,82.27,83.3,2834231
2022-05-20,83.8,84.26,81.64,83.64,3120912
2022-05-23,84.13,85.19,83.69,84.97,2822258
2022-05-24,84.29,84.71,82.42,83.89,3318324
2022-05-25,83.75,84.48,82.96,84.23,2781558
2022-05-26,85.27,87.15,85.11,86.6,3062138
2022-05-27,86.81,88.44,86.81,88.4,2004810
2022-05-31,87.46,89.54,86.85,88.66,4198500
2022-06-01,89.09,89.46,87.63,88.57,2797315
2022-06-02,89.54,90.35,87.99,89.88,3016900
2022-06-03,89.29,90.37,89.23,90.28,2541949
2022-06-06,91.1,91.39,90.06,90.25,1675658
2022-06-07,89.41,91.68,89.21,91.53,2007584
2022-06-08,91.67,92.22,90.9,91.15,1704307
2022-06-09,90.22,91.27,89.84,89.94,2195096
2022-06-10,88.81,88.81,86.77,87.06,2982425
2022-06-13,85.0,86.37,84.34,85.28,3161426
2022-06-14,85.41,86.17,83.97,84.7,2091217
2022-06-15,85.39,86.64,84.22,85.46,2630757
2022-06-16,83.3,83.79,80.75,81.0,4639347
2022-06-17,80.48,81.39,78.54,78.65,6444755
2022-06-21,79.85,81.21,79.15,80.22,3034137
2022-06-22,78.48,79.5,77.73,78.47,3985615
2022-06-23,78.59,79.02,76.77,77.79,4619121
2022-06-24,78.72,82.09,78.47,82.03,5699746
2022-06-27,82.57,82.8,81.58,82.49,2643916
2022-06-28,83.09,84.11,81.39,81.52,2934943
2022-06-29,81.58,81.64,79.84,80.51,2032577
2022-06-30,79.28,80.31,78.97,79.54,2861113
2022-07-01,79.64,81.05,79.22,80.36,2286254
2022-07-05,78.76,79.27,77.97,79.13,3048313
2022-07-06,79.35,80.57,78.25,79.75,3111131
2022-07-07,80.47,81.0,79.72,80.87,3097466
2022-07-08,81.3,81.49,79.7,80.67,2295399
2022-07-11,79.95,80.67,79.74,80.26,1755600
2022-07-12,79.67,80.64,78.78,79.05,2809170
2022-07-13,77.77,79.45,77.62,78.64,2632043
2022-07-14,76.77,77.75,76.16,77.67,2513200
2022-07-15,78.95,79.68,78.18,79.6,2675612
2022-07-18,80.36,80.7,79.04,79.36,1726793
2022-07-19,80.35,82.38,80.01,82.24,1826203
2022-07-20,82.59,82.86,81.81,82.63,1909296
2022-07-21,82.57,83.8,82.3,83.7,2042133
2022-07-22,84.11,84.33,82.49,83.1,1932428
2022-07-25,83.5,84.43,82.82,84.19,2033850
2022-07-26,84.55,85.29,83.89,84.07,2490454
2022-07-27,84.45,86.98,84.22,86.36,2595701
2022-07-28,87.21,88.64,86.93,88.39,2960238
2022-07-29,88.72,90.5,88.51,90.07,3568242
2022-08-01,89.2,89.77,88.45,89.34,1823760
2022-08-02,88.84,89.85,88.41,89.11,2173192
2022-08-03,89.4,90.1,88.78,89.82,1522822
2022-08-04,90.05,90.16,89.36,89.59,2082094
2022-08-05,89.27,90.45,89.07,90.39,2425569
2022-08-08,91.13,91.22,89.43,90.03,3600639
2022-08-09,87.69,87.91,86.08,86.59,4884455
2022-08-10,88.35,88.35,87.04,87.54,3428651
2022-08-11,87.97,88.83,87.4,87.49,2929361
2022-08-12,87.55,89.25,87.55,89.22,2425654
2022-08-15,88.3,88.98,87.66,88.84,2014253
2022-08-16,88.53,90.17,88.53,89.95,2817670
2022-08-17,88.82,89.37,88.36,88.86,1966592
2022-08-18,89.44,90.52,89.0,90.29,2158981
2022-08-19,89.62,89.76,88.44,88.68,1880741
2022-08-22,87.11,87.44,85.92,86.25,2500141
2022-08-23,86.36,87.56,86.17,86.73,2562046
2022-08-24,86.94,87.25,86.28,86.94,1423737
2022-08-25,87.59,88.06,87.05,87.97,1964127
2022-08-26,88.16,88.16,84.6,84.66,2038262
2022-08-29,83.93,85.26,83.69,84.82,2001753
2022-08-30,85.0,85.05,82.93,83.32,2147474
2022-08-31,83.47,83.63,81.59,81.74,3576628
2022-09-01,81.04,82.07,80.41,82.01,2387850
2022-09-02,83.02,83.32,81.2,81.75,4156260
2022-09-06,82.24,82.29,80.63,81.51,3096343
2022-09-07,81.29,82.64,81.02,82.24,4764825
2022-09-08,81.79,83.72,81.57,83.67,2587960
2022-09-09,84.24,84.97,83.98,84.71,2512820
2022-09-12,85.31,85.71,84.88,85.56,2038141
2022-09-13,83.71,84.3,82.11,82.49,1993674
2022-09-14,82.38,82.76,81.53,82.3,2180534
2022-09-15,82.12,82.52,80.25,80.52,2220289
2022-09-16,79.26,79.44,77.95,78.21,5214646
2022-09-19,77.34,79.73,77.32,79.6,2484665
2022-09-20,78.77,78.83,77.15,78.02,3269757
2022-09-21,78.86,79.08,76.52,76.52,2235304
2022-09-22,76.48,76.98,75.5,75.53,2459473
2022-09-23,74.49,74.62,72.87,73.84,3258340
2022-09-26,73.53,74.56,72.92,73.14,2668359
2022-09-27,74.12,74.4,72.41,73.06,2658848
2022-09-28,74.02,75.52,73.34,75.02,3851148
2022-09-29,74.23,74.35,73.03,74.2,2304394
2022-09-30,74.18,74.83,73.11,73.22,2768017
2022-10-03,74.29,76.21,73.94,75.54,2950620
2022-10-04,77.18,78.52,77.05,78.25,2947413
2022-10-05,78.99,80.34,77.84,79.77,4965932
2022-10-06,79.13,80.81,79.13,79.47,3697015
2022-10-07,78.95,79.07,76.97,77.83,4655310
2022-10-10,78.64,78.9,77.37,78.37,4016811
2022-10-11,78.0,78.9,77.31,78.0,4205941
2022-10-12,78.16,78.75,77.43,77.5,2565088
2022-10-13,76.53,81.12,76.08,80.79,4100020
2022-10-14,81.06,81.16,77.92,78.22,3237311
2022-10-17,79.86,80.57,79.39,80.07,2649364
2022-10-18,81.78,82.08,80.36,81.6,2610716
2022-10-19,81.38,81.8,80.49,81.2,3058101
2022-10-20,81.25,81.72,79.64,80.15,2547547
2022-10-21,80.51,83.36,80.31,83.16,3168218
2022-10-24,83.65,84.5,83.19,83.89,2274560
2022-10-25,83.44,84.76,83.33,84.55,2385549
2022-10-26,84.97,85.95,83.99,85.2,2014699
2022-10-27,86.42,87.18,85.77,85.89,2412493
2022-10-28,86.15,87.52,85.55,87.4,2499355
2022-10-31,87.67,88.21,86.39,86.6,6653625
2022-11-01,86.4,87.23,84.18,85.85,4960423
2022-11-02,85.73,88.45,84.68,84.95,6772363
2022-11-03,84.15,88.33,84.15,87.01,5364876
2022-11-04,88.75,89.64,88.16,89.09,5106954
2022-11-07,89.69,91.53,89.37,91.24,3754772
2022-11-08,91.13,92.93,90.53,91.26,3714820
2022-11-09,90.11,92.25,89.99,90.12,3517054
2022-11-10,92.78,94.21,91.79,94.0,4138174
2022-11-11,94.11,96.36,94.02,95.44,4345215
2022-11-14,94.49,96.22,94.04,94.79,3046880
2022-11-15,95.5,97.02,95.16,96.18,3685747
2022-11-16,96.08,96.23,95.05,95.23,2820618
2022-11-17,93.77,94.65,93.63,94.61,2743082
2022-11-18,95.82,96.15,93.49,93.7,4213562
2022-11-21,93.36,94.83,93.15,94.67,3054196
2022-11-22,95.25,96.3,95.18,96.02,2571471
2022-11-23,95.9,96.61,95.2,95.89,2901012
2022-11-25,95.89,96.65,95.26,96.12,1324777
2022-11-28,94.84,95.31,93.63,94.22,3934648
2022-11-29,94.4,94.64,93.29,94.31,3414706
2022-11-30,94.46,95.77,93.27,95.77,4132917
2022-12-01,95.75,96.07,94.58,95.64,2893217
2022-12-02,94.79,97.11,94.72,96.87,3736504
2022-12-05,95.8,96.77,95.09,95.15,3202432
2022-12-06,95.2,95.65,93.42,94.35,3281187
2022-12-07,94.01,95.09,93.75,94.71,4378735
2022-12-08,95.19,95.64,94.58,94.93,2718823
2022-12-09,95.21,95.89,94.05,94.19,2579644
2022-12-12,94.59,96.2,94.36,96.15,2869505
2022-12-13,98.0,98.88,97.31,98.07,4060726
2022-12-14,98.45,99.09,97.36,97.72,4101191
2022-12-15,96.15,96.92,94.73,95.25,4252890
2022-12-16,94.32,95.43,93.89,94.96,5704808
2022-12-19,94.98,95.93,94.33,94.58,3527637
2022-12-20,94.59,95.85,94.59,95.04,3678377
2022-12-21,95.73,97.27,95.58,96.78,3541893
2022-12-22,96.02,96.72,93.83,95.08,4534652
2022-12-23,94.75,96.04,94.59,95.54,2977772
2022-12-27,95.85,96.73,95.54,96.66,3330046
2022-12-28,96.74,97.23,95.13,95.26,2222760
2022-12-29,95.84,96.68,95.81,96.36,1830005
2022-12-30,95.95,96.25,95.14,96.06,1423120
2023-01-03,96.6,96.99,94.95,96.11,2519166
2023-01-04,95.78,95.78,93.86,95.42,3965516
2023-01-05,94.8,95.49,93.98,95.01,2480227
2023-01-06,96.31,98.45,95.9,97.95,2610988
2023-01-09,98.42,99.65,97.2,97.26,3147739
2023-01-10,97.32,97.94,96.84,97.82,2929338
2023-01-11,98.34,98.34,97.27,98.2,2718865
2023-01-12,99.0,99.28,98.02,98.05,2524575
2023-01-13,97.48,98.05,97.05,97.92,2229207
2023-01-17,95.45,95.45,90.43,91.24,8797662
2023-01-18,90.97,91.31,89.12,89.21,6030297
2023-01-19,88.58,88.8,86.82,86.89,4789614
2023-01-20,87.35,87.66,86.62,87.35,6212405
2023-01-23,88.24,89.9,88.07,89.0,5340462
2023-01-24,89.41,90.0,87.78,89.48,2805656
2023-01-25,88.18,89.35,88.04,89.08,3455943
2023-01-26,89.94,90.64,88.58,90.62,3293947
2023-01-27,90.54,90.59,89.33,89.43,3657487
2023-01-30,88.58,90.28,88.34,89.69,2965281
2023-01-31,90.0,90.43,89.02,90.22,3698481
2023-02-01,89.52,92.29,89.38,91.62,3742485
2023-02-02,91.16,91.67,90.55,91.48,4925287
2023-02-03,90.99,91.85,90.57,91.39,3266288
2023-02-06,90.84,91.0,89.79,90.43,3252851
2023-02-07,90.14,91.6,89.45,91.18,3241504
2023-02-08,88.12,88.16,85.0,85.99,6672141
2023-02-09,86.21,86.7,84.59,85.15,6777186
2023-02-10,85.23,85.93,84.4,85.85,4813574
2023-02-13,85.87,87.16,85.67,86.91,3210032
2023-02-14,85.8,86.79,85.29,85.99,2910604
2023-02-15,85.44,87.25,85.28,86.92,3137747
2023-02-16,85.37,86.53,85.16,85.7,2096099
2023-02-17,85.33,85.81,84.43,85.44,2528896
2023-02-21,84.55,84.96,81.71,82.05,4196746
2023-02-22,82.28,83.16,81.64,82.3,3932234
2023-02-23,83.01,83.39,81.52,82.31,3053985
2023-02-24,81.03,82.26,80.8,82.18,2863206
2023-02-27,83.08,83.08,81.98,82.1,2910099
2023-02-28,82.12,83.05,82.07,82.71,3177401
2023-03-01,82.69,83.62,82.39,83.06,2960247
2023-03-02,82.72,84.05,82.55,83.8,2186514
2023-03-03,84.25,85.67,83.35,85.54,3807247
2023-03-06,86.9,88.41,86.63,87.15,5398477
2023-03-07,87.08,87.31,85.33,85.84,3938502
2023-03-08,85.81,86.21,84.76,85.62,3129293
2023-03-09,85.99,86.1,83.32,83.44,2802815
2023-03-10,83.51,83.91,81.75,82.17,3784790
2023-03-13,81.18,82.65,80.7,81.9,3225908
2023-03-14,83.65,83.95,82.27,83.09,3453882
2023-03-15,81.52,81.69,79.03,80.53,4213758
2023-03-16,80.12,82.23,79.65,81.92,3420630
2023-03-17,81.87,81.87,79.89,80.84,9040120
2023-03-20,81.37,82.7,81.32,82.27,2469197
2023-03-21,84.4,84.96,83.58,83.99,4290939
2023-03-22,84.0,84.91,83.33,83.4,3252221
2023-03-23,83.53,84.57,82.57,83.1,3184761
2023-03-24,82.39,82.92,81.3,82.89,2269840
2023-03-27,83.5,83.75,82.32,82.74,2233849
2023-03-28,82.98,84.0,82.98,83.7,2306652
2023-03-29,84.8,85.12,83.99,84.94,2435646
2023-03-30,85.95,86.0,85.46,85.59,1920192
2023-03-31,86.11,87.2,85.74,87.14,2674048
2023-04-03,87.15,88.5,86.89,87.24,2838933
2023-04-04,87.15,87.34,84.75,85.18,1763770
2023-04-05,84.62,84.9,82.63,83.09,2647755
2023-04-06,82.82,83.78,82.07,83.3,2966573
2023-04-10,83.16,84.47,82.95,84.45,1997192
2023-04-11,85.0,85.34,84.24,84.44,2071094
2023-04-12,83.2,83.97,82.39,83.64,8052563
2023-04-13,84.06,85.53,82.4,85.41,6979233
2023-04-14,85.7,87.86,85.67,86.36,6120746
2023-04-17,86.37,87.67,86.23,86.58,3005294
2023-04-18,87.77,88.45,86.89,87.27,3310655
2023-04-19,87.04,87.2,85.64,86.37,3244478
2023-04-20,85.94,86.39,85.5,85.87,2932319
2023-04-21,86.19,86.19,85.1,85.6,7833623
2023-04-24,85.71,86.01,85.2,85.59,2114893
2023-04-25,85.12,85.5,84.23,84.52,2100410
2023-04-26,83.9,84.18,82.02,82.48,3383885
2023-04-27,82.34,82.87,80.31,82.83,4838253
2023-04-28,82.44,83.54,82.31,83.26,3020291
2023-05-01,83.47,83.86,83.14,83.35,2340215
2023-05-02,82.83,83.26,81.1,82.22,3762669
2023-05-03,85.46,87.0,83.77,83.82,6211922
2023-05-04,83.74,83.86,82.39,82.74,4498487
2023-05-05,83.92,85.07,83.68,84.4,3885273
2023-05-08,85.14,85.14,83.55,83.81,1855322
2023-05-09,83.45,84.03,82.79,83.65,1941777
2023-05-10,84.21,84.46,81.7,82.48,2368738
2023-05-11,81.07,82.09,81.07,81.98,1953615
2023-05-12,82.67,82.98,81.61,82.52,2625187
2023-05-15,82.79,83.82,82.21,83.12,2208803
2023-05-16,82.49,82.91,81.12,81.15,2743273
2023-05-17,81.66,82.53,81.5,82.25,2853606
2023-05-18,82.01,82.57,81.37,82.3,3074465
2023-05-19,83.13,83.35,82.07,82.49,2489497
2023-05-22,82.67,82.9,81.26,81.71,2229446
2023-05-23,81.15,82.0,80.89,81.11,2817463
2023-05-24,80.61,80.77,78.82,78.95,2536987
2023-05-25,78.86,79.14,78.05,79.02,3456552
2023-05-26,79.28,79.82,79.04,79.51,2533592
2023-05-30,79.35,79.64,77.93,78.39,2660788
2023-05-31,77.59,77.99,76.94,77.68,6147186
2023-06-01,77.96,79.64,76.96,79.35,3927944
2023-06-02,80.8,83.23,80.69,82.81,3723619
2023-06-05,83.08,83.38,82.06,82.19,2592321
2023-06-06,82.19,83.0,81.81,82.54,2876179
2023-06-07,82.9,84.27,82.35,84.24,3029673
2023-06-08,84.09,84.43,83.59,84.07,3019386
2023-06-09,84.23,84.38,83.59,84.2,2039568
2023-06-12,84.19,84.36,83.69,84.07,2021998
2023-06-13,84.43,86.33,84.31,86.13,2374726
2023-06-14,86.72,87.58,85.48,85.84,2273768
2023-06-15,86.4,88.62,86.38,88.03,4426115
2023-06-16,88.55,88.85,87.38,87.41,5523028
2023-06-20,86.64,87.05,85.86,86.78,2254908
2023-06-21,86.15,87.59,85.97,87.45,2111123
2023-06-22,87.45,87.83,87.03,87.42,3012393
2023-06-23,86.69,87.18,86.16,86.68,5603907
2023-06-26,87.22,88.44,86.88,88.31,2423485
2023-06-27,88.5,89.99,88.36,89.63,2571736
2023-06-28,89.66,89.94,88.97,89.35,3453921
2023-06-29,89.5,89.78,88.73,89.22,2661972
2023-07-03,90.04,91.06,89.61,90.76,1217239
2023-07-05,90.0,90.5,89.41,89.41,1801574
2023-07-06,88.66,88.88,87.47,88.24,2199033
2023-07-07,87.83,89.56,87.81,88.94,1816508
2023-07-10,89.02,90.02,88.98,89.43,3332624
2023-07-11,89.9,91.95,89.9,91.8,3559192
2023-07-12,92.64,93.04,91.64,92.12,2871498
2023-07-13,92.3,92.65,91.9,92.32,1888814
2023-07-14,92.29,92.31,91.33,92.09,1738414
2023-07-17,91.83,92.04,90.98,91.32,1886840
2023-07-18,91.09,91.98,90.86,91.8,1841145
2023-07-19,91.32,91.92,90.51,91.67,1958447
2023-07-20,92.27,92.75,91.8,91.89,1844373
2023-07-21,91.82,92.05,91.17,91.23,1643561
2023-07-24,91.6,92.57,91.57,92.24,2205374
2023-07-25,91.77,92.73,91.77,92.59,1844875
2023-07-26,91.77,92.64,91.69,92.39,1789558
2023-07-27,92.64,92.94,91.57,91.84,1869979
2023-07-28,92.53,92.65,90.58,90.97,2807651
2023-07-31,91.43,91.76,90.79,91.35,3971789
2023-08-01,90.75,91.86,90.41,91.63,3131334
2023-08-02,98.54,98.54,94.41,95.14,7346451
2023-08-03,96.11,97.3,95.46,95.89,4754052
2023-08-04,96.77,97.69,95.42,95.55,3560587
2023-08-07,96.31,97.4,96.15,97.22,2459386
2023-08-08,96.35,96.73,95.32,96.5,2099551
2023-08-09,96.74,97.4,95.97,96.04,2246813
2023-08-10,95.46,96.45,95.12,95.51,1614572
2023-08-11,95.63,96.21,95.27,95.74,1338910
2023-08-14,95.49,95.99,95.31,95.9,2232746
2023-08-15,95.37,95.8,95.25,95.47,2026515
2023-08-16,95.38,96.68,95.38,96.01,2493933
2023-08-17,96.85,97.31,95.7,95.73,2561009
2023-08-18,95.05,96.26,95.0,95.79,1978814
2023-08-21,95.79,95.91,94.14,95.06,1842859
2023-08-22,96.4,97.27,95.5,96.08,2339336
2023-08-23,96.19,96.92,95.81,96.63,1975756
2023-08-24,96.43,97.29,95.71,95.75,2030508
2023-08-25,96.21,98.38,96.21,97.64,4124896
2023-08-28,98.39,98.82,97.94,98.12,2228878
2023-08-29,98.12,98.79,97.9,98.65,2235322
2023-08-30,98.79,99.1,97.64,98.29,3229705
2023-08-31,98.54,99.15,98.01,98.25,2604483
2023-09-01,98.35,99.39,98.35,98.92,1762343
2023-09-05,98.77,99.0,97.66,97.88,2897805
2023-09-06,97.73,98.95,97.51,98.67,2406288
2023-09-07,98.52,99.61,98.19,99.4,3304194
2023-09-08,99.03,99.65,98.59,98.95,1952228
2023-09-11,99.01,100.56,98.91,100.12,3921459
2023-09-12,100.14,100.62,99.79,99.92,2447928
2023-09-13,99.66,99.94,97.42,97.68,2497053
2023-09-14,98.4,99.06,98.04,98.6,2637021
2023-09-15,98.2,99.69,97.9,98.86,7287061
2023-09-18,98.87,100.38,98.78,99.61,2163159
2023-09-19,99.99,100.01,98.14,98.82,1891736
2023-09-20,99.04,99.67,97.89,98.01,1646275
2023-09-21,97.79,97.84,96.44,96.49,2181290
2023-09-22,96.52,97.64,96.33,97.1,2448719
2023-09-25,96.8,98.14,96.4,98.1,1869202
2023-09-26,97.98,97.98,95.59,95.6,2496840
2023-09-27,96.43,97.25,95.57,96.86,2323152
2023-09-28,97.02,97.64,96.6,97.01,1861447
2023-09-29,97.79,97.93,96.45,96.57,2041477
2023-10-02,96.36,96.88,95.05,95.71,2600619
2023-10-03,95.25,95.85,94.03,94.85,2743179
2023-10-04,94.75,95.25,93.89,94.66,3361362
2023-10-05,94.3,94.67,93.34,93.59,2758386
2023-10-06,93.39,95.92,93.26,95.04,2154736
2023-10-09,95.04,95.99,94.77,95.87,2581145
2023-10-10,96.0,97.23,95.76,96.37,2688347
2023-10-11,96.39,97.22,96.07,97.09,2231340
2023-10-12,97.5,97.5,95.38,96.05,1853157
2023-10-13,96.39,96.8,94.49,94.76,2148964
2023-10-16,96.18,97.19,96.02,96.35,2670695
2023-10-17,96.16,96.96,95.79,95.97,2196537
2023-10-18,95.2,95.2,93.64,93.7,2503443
2023-10-19,93.81,95.11,93.1,93.14,2678805
2023-10-20,92.87,93.23,91.33,91.47,5700833
2023-10-23,91.53,91.93,90.0,90.16,2790838
2023-10-24,90.83,91.22,90.22,90.74,2566038
2023-10-25,90.67,90.67,88.4,88.83,3484353
2023-10-26,89.1,89.37,87.94,88.6,4452200
2023-10-27,88.45,89.02,87.53,88.03,2429304
2023-10-30,88.45,88.6,87.26,88.45,2772991
2023-10-31,88.35,89.07,88.05,88.97,4904176
2023-11-01,89.23,89.64,88.78,89.61,2771556
2023-11-02,89.96,91.41,89.39,91.16,4912211
2023-11-03,92.09,92.7,91.97,91.97,2686668
2023-11-06,92.16,92.18,90.76,91.74,3004010
2023-11-07,83.8,85.1,83.1,84.94,9919947
2023-11-08,85.49,86.18,84.61,84.75,5833485
2023-11-09,85.5,87.21,85.0,85.2,4765133
2023-11-10,85.75,86.82,85.17,86.5,2922740
2023-11-13,86.54,86.92,85.91,86.6,3123211
2023-11-14,87.69,89.49,87.51,88.55,3646010
2023-11-15,88.42,89.4,88.09,88.37,3272988
2023-11-16,87.74,88.24,87.17,87.5,2719611
2023-11-17,87.95,89.42,87.73,89.27,3494310
2023-11-20,89.3,89.36,88.59,88.79,2607210
2023-11-21,88.41,88.66,87.94,88.6,2467101
2023-11-22,88.55,89.14,88.02,88.84,2778827
2023-11-24,88.71,88.97,88.31,88.51,1248058
2023-11-27,88.11,88.49,87.84,87.99,2657881
2023-11-28,87.75,88.71,87.55,87.9,3418181
2023-11-29,88.5,88.73,87.67,88.31,2128444
2023-11-30,88.78,89.1,87.99,88.9,4201393
2023-12-01,89.26,90.31,89.05,90.12,2651181
2023-12-04,88.74,89.17,88.17,88.91,4068908
2023-12-05,88.51,88.7,87.78,88.35,3327870
2023-12-06,88.41,88.7,87.59,87.7,3336320
2023-12-07,88.11,89.15,87.71,88.72,3577199
2023-12-08,88.92,89.86,88.53,89.55,2366068
2023-12-11,89.6,90.54,89.46,89.72,3068155
2023-12-12,89.8,90.82,89.17,90.44,2905680
2023-12-13,91.08,92.99,90.66,92.23,4146120
2023-12-14,92.98,96.67,92.94,96.54,4417800
2023-12-15,95.58,96.56,95.3,95.65,5091567
2023-12-18,95.78,96.16,95.29,96.05,1889733
2023-12-19,96.2,96.51,95.56,95.74,1856064
2023-12-20,95.57,96.35,94.64,94.66,1782588
2023-12-21,95.18,95.91,95.01,95.71,2112963
2023-12-22,95.95,96.94,95.75,96.44,1634018
2023-12-26,96.78,97.69,96.67,97.52,1536405
2023-12-27,97.55,98.09,97.3,97.6,1844438
2023-12-28,97.67,97.75,96.91,97.09,1527727
2023-12-29,96.93,97.58,96.9,97.33,1448069
2024-01-02,96.52,96.92,95.38,95.88,2159895
2024-01-03,95.2,95.39,94.25,94.68,2198992
2024-01-04,95.01,95.95,94.69,95.1,2221213
2024-01-05,95.03,95.59,94.76,95.47,1638272
2024-01-08,95.08,95.82,94.49,95.77,2045467
2024-01-09,95.32,95.62,94.41,94.62,2378478
2024-01-10,94.55,95.02,94.32,94.77,1665206
2024-01-11,95.01,95.11,93.67,94.8,2066890
2024-01-12,95.44,95.63,94.48,94.87,1572093
2024-01-16,94.36,94.38,92.97,93.26,2401741
2024-01-17,92.28,92.9,91.99,92.42,2894159
2024-01-18,92.91,93.81,92.6,93.68,2426261
2024-01-19,93.52,95.0,93.08,94.91,5133595
2024-01-22,95.1,96.37,95.1,96.14,2862880
2024-01-23,96.55,96.6,95.1,95.78,1768155
2024-01-24,96.74,96.74,94.31,94.39,2467334
2024-01-25,95.23,96.28,94.51,96.24,2344531
2024-01-26,96.48,96.48,94.71,95.06,2344507
2024-01-29,94.71,95.14,93.7,95.01,2856406
2024-01-30,94.34,95.03,93.74,94.75,2896509
2024-01-31,94.61,94.71,91.65,91.73,4273032
2024-02-01,92.66,93.9,92.44,93.76,2724716
2024-02-02,93.26,94.49,92.75,93.98,2128644
2024-02-05,93.29,93.48,92.16,93.4,2412820
2024-02-06,93.74,94.38,93.03,94.26,2776626
2024-02-07,101.88,105.71,100.3,104.09,9072196
2024-02-08,104.63,105.25,102.02,102.38,5306000
2024-02-09,102.46,103.32,102.04,103.2,3497349
2024-02-12,103.18,104.45,102.9,104.28,3904332
2024-02-13,103.41,104.73,102.63,104.68,5069083
2024-02-14,105.66,106.6,105.29,106.24,5078231
2024-02-15,106.07,106.59,105.45,105.71,3104844
2024-02-16,105.72,107.08,105.49,106.15,3167551
2024-02-20,106.0,106.09,104.5,104.8,2517514
2024-02-21,104.56,105.41,103.86,104.96,2138687
2024-02-22,105.72,106.17,105.21,105.29,2362562
2024-02-23,105.87,106.16,105.58,105.91,1819837
2024-02-26,105.77,106.53,105.38,106.19,2393714
2024-02-27,106.79,106.79,105.37,106.13,2235632
2024-02-28,106.2,106.23,105.25,105.56,2189984
2024-02-29,105.99,107.58,105.52,106.85,5067753
2024-03-01,108.49,109.18,107.59,108.14,3356781
2024-03-04,108.18,109.83,108.09,109.51,3703207
2024-03-05,109.07,109.67,108.92,109.02,3465045
2024-03-06,110.0,110.64,109.54,109.8,2561558
2024-03-07,110.3,111.05,110.01,110.28,2033838
2024-03-08,110.69,111.2,109.98,110.15,1655816
2024-03-11,109.63,109.77,108.48,109.65,1892247
2024-03-12,109.73,110.69,109.26,110.6,1755611
2024-03-13,110.71,111.13,109.89,110.35,1801876
2024-03-14,110.64,111.0,109.69,110.41,2883388
2024-03-15,109.69,111.07,109.59,110.59,6537768
2024-03-18,111.17,112.08,110.96,111.06,3071527
2024-03-19,110.67,111.73,110.19,111.29,2543971
2024-03-20,111.16,112.2,110.23,112.02,2195361
2024-03-21,112.48,113.35,112.02,112.6,2410915
2024-03-22,112.57,112.86,111.98,112.45,1479391
2024-03-26,111.62,112.08,111.31,111.95,1812807
2024-03-27,112.0,113.46,111.65,113.45,1937349
2024-03-28,113.69,113.89,113.04,113.42,2322592
2024-04-01,113.27,114.11,113.18,113.54,2057339
2024-04-02,113.32,113.57,112.29,113.27,1964421
2024-04-03,113.44,114.19,113.08,113.54,1981851
2024-04-04,114.45,114.94,112.64,113.04,1888559
2024-04-05,113.61,114.77,113.3,114.54,1693801
2024-04-08,114.71,114.97,113.98,114.67,1775778
2024-04-09,115.0,115.26,113.1,114.25,1873613
2024-04-10,112.65,114.24,112.52,114.08,2012866
2024-04-11,114.03,114.21,112.96,113.52,1673055
2024-04-12,112.75,113.42,111.82,112.65,1981072
2024-04-15,114.26,114.37,111.44,111.76,1665463
2024-04-16,111.87,112.02,110.5,111.49,2271686
2024-04-17,112.05,112.33,109.6,109.81,2268788
2024-04-18,110.83,110.83,108.94,109.31,1633177
2024-04-19,109.58,110.12,108.36,108.58,1954245
2024-04-22,108.83,109.67,108.11,108.63,1759666
2024-04-23,109.1,110.44,108.7,109.77,1537783
2024-04-24,110.44,110.5,108.65,109.62,1798404
2024-04-25,108.45,110.31,107.8,109.6,1581997
2024-04-26,109.36,110.73,109.02,109.89,1278848
2024-04-29,109.4,110.76,109.36,109.76,2097041
2024-04-30,109.5,109.9,107.59,107.78,3865919
2024-05-01,107.53,108.61,106.22,106.45,3572298
2024-05-02,107.2,107.86,105.27,106.41,3547844
2024-05-03,107.17,107.38,105.95,106.54,5628769
2024-05-06,107.03,107.41,104.93,106.24,7003056
2024-05-07,106.61,107.56,106.01,107.4,6618918
2024-05-08,104.2,113.0,103.9,112.65,5912073
2024-05-09,114.39,115.77,114.13,115.59,4610666
2024-05-10,116.31,116.76,115.17,115.55,2369181
2024-05-13,115.47,115.96,114.71,114.82,1798549
2024-05-14,114.64,115.02,113.97,114.35,1486148
2024-05-15,115.0,115.39,114.39,114.82,1921848
2024-05-16,114.0,114.64,112.79,112.82,1870523
2024-05-17,113.38,113.38,112.26,112.88,1560886
2024-05-20,113.11,114.55,113.01,113.7,1820371
2024-05-21,113.54,114.05,113.38,113.7,1954858
2024-05-22,113.68,114.68,113.36,114.68,1886121
2024-05-23,115.44,115.62,112.34,112.49,2206116
2024-05-24,113.04,113.67,112.67,113.42,1320024
2024-05-28,113.66,114.04,111.77,112.05,2241009
2024-05-29,111.29,111.54,110.52,110.92,1733552
2024-05-30,110.78,111.43,110.1,110.9,1961842
2024-05-31,110.75,112.25,109.54,112.16,3840040
2024-06-03,112.69,112.79,108.67,109.03,2685770
2024-06-04,108.28,108.88,106.5,106.87,2938145
2024-06-05,107.49,108.33,107.04,108.28,1977473
2024-06-06,108.36,108.53,105.8,105.97,2349804
2024-06-07,106.15,108.13,105.87,107.98,3131981
2024-06-10,107.98,109.51,107.69,108.73,1719602
2024-06-11,108.2,108.54,106.64,107.61,1527233
2024-06-12,108.54,109.14,107.25,108.5,2062952
2024-06-13,108.24,108.73,107.29,108.53,1780842
2024-06-14,107.36,107.75,105.88,106.46,1733096
2024-06-17,106.52,107.41,105.7,107.37,1973970
2024-06-18,107.35,108.84,106.78,108.68,2018074
2024-06-20,108.74,108.75,107.71,108.14,1915858
2024-06-21,108.25,108.61,106.69,108.41,2873886
2024-06-24,109.02,110.15,108.67,109.32,1969589
2024-06-25,109.21,109.56,107.5,107.87,1944738
2024-06-26,107.38,107.76,105.7,106.12,2443002
2024-06-27,106.5,108.32,106.25,108.29,3406685
2024-06-28,108.76,111.05,108.44,110.16,4621639
2024-07-01,111.06,111.34,107.94,108.05,2352586
2024-07-02,108.0,109.34,107.86,109.27,2341925
2024-07-03,109.73,110.73,109.11,109.56,1059824
2024-07-05,109.42,109.9,108.27,109.46,1419467
2024-07-08,110.51,110.88,109.93,109.97,1261783
2024-07-09,109.45,110.59,109.01,109.59,1223223
2024-07-10,109.71,111.61,109.63,111.5,1833847
2024-07-11,111.77,114.29,111.45,114.15,2201131
2024-07-12,115.01,115.42,113.91,114.59,1978960
2024-07-15,114.83,117.35,114.74,116.97,2648846
2024-07-16,117.5,119.53,117.05,118.87,2173555
2024-07-17,118.35,118.75,117.14,118.25,3175476
2024-07-18,117.16,118.8,116.02,116.54,3919333
2024-07-19,117.36,117.43,114.96,115.68,2409830
2024-07-22,116.47,117.96,115.67,117.83,1863463
2024-07-23,117.52,118.67,117.12,117.62,1272046
2024-07-24,117.09,117.78,113.96,114.08,2090841
2024-07-25,114.33,116.43,113.51,114.59,2019033
2024-07-26,115.65,117.66,115.18,116.84,1448092
2024-07-29,116.9,118.07,116.36,117.8,1875360
2024-07-30,118.18,118.96,114.87,115.7,2979293
2024-07-31,117.58,118.04,116.63,117.11,1911013
2024-08-01,117.06,117.25,112.3,113.09,2409442
2024-08-02,110.94,111.0,107.48,109.21,3147758
2024-08-05,106.35,107.78,105.13,106.39,2589727
2024-08-06,106.82,109.36,106.44,107.78,2969522
2024-08-07,103.64,106.0,99.29,99.54,7898411
2024-08-08,100.85,104.86,100.46,104.61,4822321
2024-08-09,104.46,104.57,102.25,103.69,3563826
2024-08-12,103.81,103.99,102.3,103.07,2497667
2024-08-13,103.65,104.31,102.96,104.1,2571622
2024-08-14,102.5,103.99,102.37,103.49,3879187
2024-08-15,105.0,105.47,103.73,104.29,3265030
2024-08-16,103.64,103.82,102.24,103.09,3130446
2024-08-19,103.65,104.37,102.93,103.84,1503386
2024-08-20,103.92,104.26,102.8,103.12,2184219
2024-08-21,103.24,104.69,103.09,104.02,2206575
2024-08-22,104.35,105.03,103.48,104.36,2388998
2024-08-23,105.0,105.77,104.03,104.64,2739883
2024-08-26,105.32,105.67,104.19,104.91,1749799
2024-08-27,104.56,104.88,103.77,103.86,1511783
2024-08-28,103.84,104.79,103.48,103.91,1696227
2024-08-29,104.22,105.46,103.74,104.09,2903393
2024-08-30,104.29,105.5,103.89,105.39,3367686
2024-09-03,104.58,104.8,101.55,102.02,3273377
2024-09-04,101.75,102.4,100.23,100.86,2696659
2024-09-05,100.37,100.59,98.32,99.97,3876722
2024-09-06,99.96,100.77,97.35,98.19,2598986
2024-09-09,99.26,100.15,98.9,99.58,2662768
2024-09-10,99.76,99.83,98.1,99.1,2812302
2024-09-11,98.87,100.07,96.62,99.91,2226122
2024-09-12,100.24,101.6,99.14,101.47,3346269
2024-09-13,102.0,102.73,101.53,102.03,2122004
2024-09-16,102.69,103.5,102.02,102.39,2276674
2024-09-17,102.81,104.58,102.81,103.9,3077958
2024-09-18,104.18,105.4,103.41,103.68,2069284
2024-09-19,106.06,106.25,105.02,105.91,2663514
2024-09-20,105.23,105.89,104.28,105.16,7719397
2024-09-23,105.74,106.46,104.56,105.05,2387503
2024-09-24,106.25,108.0,106.05,106.34,2837574
2024-09-25,106.37,106.94,104.31,104.4,2766815
2024-09-26,105.64,109.16,105.48,108.9,3959977
2024-09-27,109.47,110.46,108.87,109.22,3073802
2024-09-30,108.65,109.56,108.12,109.37,2806542
2024-10-01,109.19,110.24,108.51,109.26,2724124
2024-10-02,109.26,110.99,108.95,110.47,3106322
2024-10-03,110.01,110.32,108.95,109.63,3077051
2024-10-04,111.88,111.88,109.93,111.44,2051556
2024-10-07,110.66,112.77,110.35,112.52,2679991
2024-10-08,111.45,111.62,108.57,109.42,2196189
2024-10-09,109.91,111.15,109.6,110.88,1493618
2024-10-10,110.79,111.28,109.85,110.88,1753865
2024-10-11,110.96,112.71,110.96,112.06,1975224
2024-10-14,112.06,112.75,111.45,112.64,1166984
2024-10-15,112.22,112.74,109.15,109.25,2539560
2024-10-16,109.64,111.18,109.17,110.59,1595625
2024-10-17,111.27,111.27,109.87,110.45,2077897
2024-10-18,110.99,110.99,109.79,110.44,1950831
2024-10-21,110.51,110.81,109.6,110.41,2051208
2024-10-22,108.9,110.01,108.55,109.48,1498816
2024-10-23,108.72,109.58,107.91,108.51,3478093
2024-10-24,108.65,108.67,107.45,108.26,1794429
2024-10-25,108.67,109.08,107.97,108.13,1379351
2024-10-28,108.36,109.29,108.15,108.66,2089651
2024-10-29,108.26,109.67,107.78,108.91,1895496
2024-10-30,108.41,109.96,108.37,109.02,1786486
2024-10-31,108.54,109.45,107.82,108.27,2759958
2024-11-01,108.3,109.37,108.05,108.46,1763294
2024-11-04,107.75,110.76,107.46,109.81,3402307
2024-11-05,115.75,119.61,115.38,117.67,7139387
2024-11-06,126.47,127.74,123.13,126.86,6975665
2024-11-07,126.2,127.38,124.46,127.19,3525048
2024-11-08,126.32,128.56,126.32,127.26,2656974
2024-11-11,126.12,130.0,126.12,129.2,3094812
2024-11-12,129.18,130.3,127.47,128.4,2952832
2024-11-13,129.0,131.56,128.8,130.16,3036917
2024-11-14,129.77,130.75,128.92,129.0,3611785
2024-11-15,128.46,129.12,126.53,126.78,2501580
2024-11-18,126.93,129.47,126.83,129.16,3321810
2024-11-19,127.2,129.66,127.2,129.56,2673886
2024-11-20,130.1,130.57,128.49,129.1,2165319
2024-11-21,129.03,130.1,128.07,128.27,2764280
2024-11-22,128.69,130.6,128.21,130.07,2058893
2024-11-25,130.8,133.54,130.68,132.75,4576097
2024-11-26,132.95,134.17,132.3,133.0,2957931
2024-11-27,132.87,133.64,131.85,132.59,1812785
2024-11-29,132.8,133.54,132.29,132.6,1399820
2024-12-02,133.5,134.05,132.61,133.77,2806143
2024-12-03,133.68,133.91,131.04,133.4,3015734
2024-12-04,133.54,134.85,133.05,134.33,2437621
2024-12-05,134.16,134.45,132.75,133.15,2088629
2024-12-06,133.53,133.77,130.84,130.98,2557973
2024-12-09,131.28,132.71,130.32,130.43,2726439
2024-12-10,129.71,130.38,128.06,129.15,2616288
2024-12-11,130.56,131.29,129.89,130.87,2218502
2024-12-12,130.92,132.0,130.25,131.16,2243017
2024-12-13,131.36,131.94,129.65,130.2,3002776
2024-12-16,129.98,130.58,128.7,130.19,2707118
2024-12-17,129.69,130.43,127.54,128.08,3355764
2024-12-18,127.63,127.72,121.88,122.38,4023048
2024-12-19,124.22,125.38,122.15,122.35,3151472
2024-12-20,121.25,124.76,121.09,124.09,7589028
2024-12-23,123.8,124.41,122.58,123.93,2163826
2024-12-24,124.1,126.3,123.81,126.23,1237999
2024-12-26,126.11,126.83,125.22,126.39,1475487
2024-12-27,125.18,126.58,124.9,125.71,1622331
2024-12-30,124.19,124.97,122.99,124.26,2342100
2024-12-31,124.28,124.91,123.5,123.93,1758597
2025-01-02,125.4,125.5,121.24,122.18,1790207
2025-01-03,122.61,123.57,121.78,123.44,1499959
2025-01-06,124.13,124.61,121.75,122.09,2225851
2025-01-07,122.57,123.68,119.78,120.68,2569782
2025-01-08,120.5,120.5,118.59,120.3,2507225
2025-01-10,118.44,119.1,117.22,117.94,3517568
2025-01-13,116.73,118.6,116.5,118.47,2123977
2025-01-14,119.41,120.59,118.64,119.79,2037332
2025-01-15,122.07,122.5,120.0,120.72,2038308
2025-01-16,120.58,123.5,120.51,123.29,2798531
2025-01-17,124.6,125.41,123.7,124.53,3991623
2025-01-21,126.23,129.6,125.63,129.48,4302102
2025-01-22,131.2,131.63,129.8,129.94,2572546
2025-01-23,129.74,132.06,128.92,131.17,3854302
2025-01-24,131.34,131.81,130.22,130.6,2625534
2025-01-27,128.0,130.0,127.4,128.98,4199297
2025-01-28,129.61,130.76,127.3,130.0,3596047
2025-01-29,130.0,130.53,128.74,128.85,2109492
2025-01-30,129.7,131.71,129.08,130.44,2386282
2025-01-31,130.94,131.57,129.23,129.95,4331946
2025-02-03,126.87,129.09,126.24,127.85,3760036
2025-02-04,129.05,129.95,127.41,127.69,2934702
2025-02-05,127.03,127.05,122.37,124.76,4743370
2025-02-06,126.08,128.0,125.02,127.48,3860705
2025-02-07,128.24,128.24,123.79,124.37,2910939
2025-02-10,125.62,126.8,124.85,126.75,2301013
2025-02-11,126.15,127.08,125.5,126.91,1902035
2025-02-12,124.71,125.62,123.9,124.5,2004892
2025-02-13,124.52,125.35,123.93,125.3,1889942
2025-02-14,125.27,125.5,123.08,123.34,2077159
2025-02-18,124.3,125.69,123.58,125.01,2219545
2025-02-19,124.3,124.55,122.94,124.43,1722141
2025-02-20,124.45,124.8,122.96,124.75,1382574
2025-02-21,124.95,125.22,120.89,121.85,2165592
2025-02-24,122.03,122.28,119.89,120.68,2231019
2025-02-25,119.47,120.97,118.23,119.72,2417281
2025-02-26,120.58,121.4,119.64,119.86,2115771
2025-02-27,120.37,122.13,119.89,120.0,2327018
2025-02-28,120.14,121.83,119.12,121.61,2369826
2025-03-03,122.84,123.03,116.4,117.17,2420538
2025-03-04,115.12,116.67,112.63,114.03,4092873
2025-03-05,114.74,116.6,113.69,115.84,2514513
2025-03-06,114.52,116.87,113.59,116.34,3404127
2025-03-07,115.33,118.9,114.94,118.61,3914926
2025-03-10,113.1,115.15,110.8,111.83,5057960
2025-03-11,112.13,112.24,109.02,110.72,4953101
2025-03-12,112.46,113.0,110.4,110.84,2191644
2025-03-13,110.56,111.58,108.68,109.2,2016324
2025-03-14,110.9,112.15,110.03,111.93,2003336
2025-03-17,112.1,114.32,111.41,113.59,2532148
2025-03-18,112.85,113.31,111.04,111.85,2622947
2025-03-19,111.89,112.95,110.9,112.39,4028816
2025-03-20,110.87,112.21,109.72,111.8,3528208
2025-03-21,110.66,113.13,109.93,113.11,8431437
2025-03-24,114.59,115.7,114.3,115.37,2687864
2025-03-25,115.61,116.25,114.58,115.3,1574818
2025-03-26,115.0,116.11,113.03,113.59,1918882
2025-03-27,113.6,113.61,111.32,112.08,2719235
2025-03-28,111.57,111.85,108.1,108.64,3085436
2025-03-31,107.97,110.25,106.5,109.64,3372702
2025-04-01,109.35,110.4,108.18,110.0,2490601
2025-04-02,108.34,111.99,108.26,111.54,2036458
2025-04-03,105.99,107.22,101.45,101.89,3730368
2025-04-04,97.05,97.31,92.23,94.57,5816522
2025-04-07,94.0,99.91,90.06,96.97,6936845
2025-04-08,99.89,100.45,91.94,94.15,4820033
2025-04-09,93.29,105.07,92.36,104.43,4978078
2025-04-10,101.53,102.32,96.01,99.73,3565956
2025-04-11,99.19,101.35,97.61,100.49,3621147
2025-04-14,102.16,102.16,99.74,101.04,3387971
2025-04-15,100.86,101.64,99.88,100.44,2972896
2025-04-16,99.52,100.36,97.72,98.67,2460362
2025-04-17,99.2,101.05,99.2,99.57,2879178
2025-04-21,97.89,98.54,95.31,96.42,2721637
2025-04-22,97.65,100.11,97.61,99.79,2797670
2025-04-23,103.31,106.79,100.79,101.07,3838128
2025-04-24,101.05,105.24,100.69,105.05,2762752
2025-04-25,104.62,105.97,104.52,105.28,2636092
2025-04-28,105.12,106.3,103.42,104.5,2676572
2025-04-29,104.31,105.4,103.8,105.09,1635313
2025-04-30,103.89,105.33,102.84,105.11,3842208
2025-05-01,105.64,107.02,104.52,105.81,2687189
2025-05-02,108.0,109.39,106.51,108.32,2569992
2025-05-05,107.1,109.25,106.74,108.38,2551561
2025-05-06,107.06,108.56,106.53,107.27,4424879
2025-05-07,114.96,115.0,108.37,109.86,5066125
2025-05-08,110.52,113.44,109.53,112.38,3481469
2025-05-09,113.26,113.54,112.0,112.55,2581418
2025-05-12,118.73,120.14,117.01,119.41,4028434
2025-05-13,119.85,122.62,119.02,121.49,3944255
2025-05-14,121.35,122.24,121.1,121.47,3305142
2025-05-15,120.93,121.25,119.59,120.25,2496554
2025-05-16,120.2,120.71,119.31,120.61,2712225
2025-05-19,118.92,120.12,118.77,119.58,2651858
2025-05-20,118.68,119.38,117.46,117.99,2770708
2025-05-21,117.07,118.52,116.1,116.15,2243610
2025-05-22,115.79,118.25,114.83,117.35,3058506
2025-05-23,114.95,118.44,114.91,118.24,4430967
2025-05-27,119.97,121.02,118.87,120.97,2591992
2025-05-28,121.25,121.49,119.38,119.74,2372694
2025-05-29,120.48,120.62,118.87,119.92,1990244
2025-05-30,119.45,119.65,118.16,119.38,4057168
2025-06-02,119.01,119.16,117.16,118.86,2102153
2025-06-03,118.95,121.03,118.48,120.39,2626947
2025-06-04,121.0,122.17,120.47,121.61,2481118
2025-06-05,122.38,123.67,121.56,122.5,2823469
2025-06-06,124.07,124.45,122.11,123.51,2668600
2025-06-09,124.18,126.48,124.0,125.6,3303746
2025-06-10,125.75,127.08,125.17,126.94,3314763
2025-06-11,126.45,128.0,125.71,126.49,3488625
2025-06-12,125.44,126.86,124.75,126.72,3605705
2025-06-13,125.91,126.94,125.25,125.54,3368306
2025-06-16,127.26,128.93,126.45,128.68,2853704
2025-06-17,128.13,128.87,127.35,127.37,2788013
2025-06-18,127.17,130.07,127.02,128.66,2429527
2025-06-20,129.45,129.84,127.85,128.33,5780119
2025-06-23,128.61,129.57,126.8,129.41,1901243
2025-06-24,130.29,131.33,129.64,130.73,2723076
2025-06-25,130.94,130.99,129.03,129.44,2589404
2025-06-26,130.26,133.01,130.02,132.73,3019425
2025-06-27,133.41,134.15,132.33,133.17,4286977
2025-06-30,133.34,133.56,132.47,133.33,2277870
2025-07-01,132.94,135.96,132.6,135.51,2724815
2025-07-02,135.87,138.12,134.66,137.79,2874574
2025-07-03,138.11,139.9,137.86,139.76,1475981
2025-07-07,139.07,139.66,137.5,138.4,5800867
2025-07-08,138.9,139.65,138.32,138.73,3312537
2025-07-09,139.7,139.91,138.02,139.8,1939767
2025-07-10,140.0,142.32,139.59,140.67,2237617
2025-07-11,139.64,140.62,139.07,140.1,2107746
2025-07-14,139.6,140.07,138.92,139.9,1636155
2025-07-15,140.84,141.1,139.28,139.69,2311834
2025-07-16,140.05,140.86,138.43,140.3,3253660
2025-07-17,141.0,144.56,140.5,144.39,3394393
2025-07-18,144.97,145.28,143.5,144.23,1918401
2025-07-21,144.94,144.94,142.86,142.91,1986235
2025-07-22,143.04,144.94,141.9,144.34,2684507
2025-07-23,145.54,147.02,145.17,146.88,2996618
2025-07-24,146.78,147.57,146.19,146.82,3024572
2025-07-25,147.49,149.84,146.59,149.63,2594158
2025-07-28,149.51,149.83,148.76,149.48,2528643
2025-07-29,150.0,150.27,146.14,147.61,3428161
2025-07-30,147.65,147.65,145.23,146.06,3815277
2025-07-31,146.16,147.25,144.95,145.51,4561759
2025-08-01,142.11,142.48,139.82,141.78,4078741
2025-08-04,142.49,143.14,141.61,142.62,4189904
2025-08-05,142.6,143.14,139.37,140.57,5765293
2025-08-06,130.79,134.39,123.71,133.93,12875834
2025-08-07,135.75,135.99,131.0,132.83,5119873
2025-08-08,133.21,134.17,131.8,132.74,2443667
2025-08-11,132.98,133.32,131.73,131.96,2259160
2025-08-12,132.2,133.36,131.14,132.95,3713846
2025-08-13,133.5,135.14,133.03,135.0,3274222
2025-08-14,134.26,135.06,132.86,134.37,3193373
2025-08-15,133.92,133.99,131.44,131.75,3316428
2025-08-18,131.03,132.34,130.67,131.83,2781915
2025-08-19,132.0,132.83,130.55,131.59,1714691
2025-08-20,131.24,132.03,130.15,130.89,2062228
2025-08-21,130.41,131.32,129.9,130.09,3035777
2025-08-22,130.94,134.55,130.22,133.77,3643527
2025-08-25,133.78,134.14,132.38,132.38,2123218
2025-08-26,132.35,133.51,132.24,133.35,3381420
2025-08-27,132.97,133.81,132.55,133.45,2520328
2025-08-28,134.0,135.09,133.77,134.55,3487815
2025-08-29,133.72,134.65,131.63,132.0,2345711
2025-09-02,130.27,131.41,129.08,131.38,2771839
2025-09-03,131.36,131.36,128.64,129.5,2059987
2025-09-04,129.95,133.14,129.57,133.1,2958728
2025-09-05,133.58,134.47,130.8,132.55,3207890
2025-09-08,133.17,133.82,131.65,132.73,2152392
2025-09-09,132.62,132.79,131.65,132.05,1590377
2025-09-10,132.66,135.46,132.41,133.67,2499387
2025-09-11,134.01,137.68,133.15,137.47,2678680
2025-09-12,137.35,137.54,135.03,135.1,1821862
2025-09-15,136.01,136.62,134.79,135.66,1770981
2025-09-16,131.58,132.87,128.0,129.03,6082397
2025-09-17,129.52,132.52,129.21,131.0,5106950
2025-09-18,131.56,132.55,130.82,131.91,3261535
2025-09-19,132.13,132.66,130.83,132.34,3774162
2025-09-22,132.47,134.0,131.78,132.84,3109341
2025-09-23,133.39,133.55,130.67,131.46,2634289
2025-09-24,132.88,133.24,130.85,131.92,3712625
2025-09-25,130.08,130.69,129.34,130.11,1746660
2025-09-26,130.46,131.1,126.55,128.6,6874726
2025-09-29,129.52,130.12,128.52,129.25,3018197
2025-09-30,129.26,131.27,128.91,131.18,3589122
2025-10-01,129.95,131.63,129.57,131.19,1926592
2025-10-02,132.24,133.34,131.23,133.05,2424921
2025-10-03,133.27,135.8,133.15,134.76,2711943
2025-10-06,133.2,135.49,132.79,134.77,2218363
2025-10-07,135.77,135.77,130.89,131.49,2625379
2025-10-08,132.22,134.04,130.85,132.94,1699023
2025-10-09,133.45,134.23,130.82,131.53,1851030
2025-10-10,132.1,132.4,125.89,126.01,2712970
2025-10-13,128.58,129.73,127.66,128.18,2028893
2025-10-14,126.0,131.32,125.72,129.77,1981462
2025-10-15,131.15,132.45,128.46,130.27,2636054
2025-10-16,130.94,131.45,128.44,128.89,2430967
2025-10-17,128.4,129.86,128.01,129.28,1971884
2025-10-20,130.05,131.11,129.29,130.35,1813730
2025-10-21,129.98,133.07,129.27,132.17,1779540
2025-10-22,133.18,133.54,129.89,130.11,1913381
2025-10-23,130.47,133.25,130.43,133.19,1800664
2025-10-24,134.21,134.57,132.66,132.68,1251162
2025-10-27,133.69,134.9,133.18,134.46,2325543
2025-10-28,134.85,135.87,133.83,134.52,2525807
2025-10-29,134.75,137.82,134.0,136.43,3356748
2025-10-30,135.11,139.58,134.72,136.82,3160171
2025-10-31,136.61,140.28,136.45,139.57,4636939
2025-11-03,139.36,141.06,137.86,140.03,3373106
2025-11-04,137.78,139.5,137.13,137.74,3866353
2025-11-05,129.49,135.33,128.51,132.45,4780469
2025-11-06,131.47,134.13,131.28,131.49,3634604
2025-11-07,130.01,131.33,128.48,129.49,4631063
2025-11-10,130.42,130.56,127.97,129.99,2509071
2025-11-11,130.23,131.0,129.26,129.53,1689927
2025-11-12,130.62,134.04,130.21,132.44,2564953
2025-11-13,131.42,132.7,127.89,128.46,2346949
2025-11-14,126.76,129.37,125.79,127.58,1955479
2025-11-17,127.22,129.9,126.68,126.93,2827262
2025-11-18,126.16,127.84,125.83,126.75,2235874
2025-11-19,126.66,128.98,126.51,128.17,2349134
2025-11-20,129.96,131.19,123.38,123.72,2930253
2025-11-21,124.1,129.35,123.67,128.22,3667898
2025-11-24,128.88,130.21,127.24,128.62,2982747
2025-11-25,128.94,132.39,128.63,130.9,2357403
2025-11-26,131.52,132.38,130.82,131.44,1484465
2025-11-28,131.81,133.86,131.81,133.38,1135956
2025-12-01,132.17,133.78,131.87,131.94,2517947
2025-12-02,132.5,132.6,130.23,131.84,2049739
2025-12-03,131.99,135.1,131.0,134.89,2008905
2025-12-04,134.9,137.03,134.54,136.64,2675333
2025-12-05,136.34,138.09,136.0,137.39,1578770
2025-12-08,137.71,137.71,135.54,135.93,2541116
2025-12-09,135.49,136.89,135.23,135.25,1646197
2025-12-10,134.04,137.58,134.04,137.01,2650943
2025-12-11,137.0,140.85,137.0,139.57,2277813
2025-12-12,139.83,140.26,136.25,136.64,2240020
2025-12-15,138.0,138.14,136.52,137.26,2070091
2025-12-16,137.36,137.62,133.67,134.09,3151661
2025-12-17,134.3,135.31,130.5,131.64,3502399
2025-12-18,133.45,134.37,131.55,131.6,2305064
2025-12-19,131.79,133.27,131.45,132.98,6224266
2025-12-22,134.2,135.75,133.65,134.99,2019141
2025-12-23,134.81,136.17,134.4,135.49,1815995
2025-12-24,135.46,137.25,135.46,136.3,912865
2025-12-26,136.14,136.24,135.12,135.71,740093
2025-12-29,135.31,136.23,135.0,135.22,1006352
2025-12-30,135.01,135.95,134.5,135.29,2239762
2025-12-31,135.35,135.51,132.65,132.72,1888631
2026-01-02,133.23,136.39,132.68,135.82,1886583
2026-01-05,138.08,144.37,138.0,142.85,5453291
2026-01-06,142.45,146.19,142.11,145.62,2973982
2026-01-07,145.77,146.3,142.13,142.15,2780772
2026-01-08,142.1,144.11,141.41,143.85,2594760
2026-01-09,143.15,144.72,142.02,144.2,2477214
2026-01-12,143.54,145.91,143.05,145.36,2267251
2026-01-13,146.04,147.44,145.46,146.35,3569983
2026-01-14,145.93,148.42,145.88,148.15,4132962
2026-01-15,150.01,151.34,147.72,148.02,3013666
2026-01-16,148.95,150.57,148.6,149.46,3430545
2026-01-20,148.0,148.7,144.0,145.22,2720194
2026-01-21,146.85,150.55,145.87,149.57,2396040
2026-01-22,150.82,151.74,149.32,150.26,2060915
2026-01-23,149.76,151.38,147.67,147.68,3027443
2026-01-26,148.29,149.59,147.69,149.13,1909956
2026-01-27,148.0,148.75,147.14,147.67,2543333
2026-01-28,147.61,149.69,146.42,148.42,3351620
