Date,Open,High,Low,Close,Volume
2011-01-03,102.47,104.26,102.18,103.67,1814147
2011-01-04,103.72,103.87,101.08,103.22,1974371
2011-01-05,102.55,104.45,102.55,103.95,1322090
2011-01-06,103.84,104.16,102.27,102.59,930426
2011-01-07,102.61,104.31,101.95,102.6,1104774
2011-01-10,101.89,102.85,101.55,102.68,1340539
2011-01-11,102.97,104.43,102.51,103.98,730359
2011-01-12,104.98,105.8,104.43,105.44,884136
2011-01-13,105.5,105.79,103.48,103.78,1058785
2011-01-14,103.67,104.55,103.57,104.15,1119316
2011-01-18,104.27,106.2,104.27,106.1,1178823
2011-01-19,105.92,106.75,104.0,104.21,1303274
2011-01-20,103.33,103.39,100.01,100.21,2468784
2011-01-21,104.03,104.03,101.14,102.45,2070568
2011-01-24,102.56,103.52,102.01,102.7,1119847
2011-01-25,102.85,103.54,101.79,103.24,1235819
2011-01-26,103.75,105.58,103.43,104.61,2212314
2011-01-27,103.24,107.11,102.77,106.46,4173742
2011-01-28,106.95,107.81,104.06,104.26,1922025
2011-01-31,106.21,109.08,105.51,107.96,2240799
2011-02-01,109.01,109.72,107.69,109.15,1734876
2011-02-02,108.73,109.56,108.22,108.85,1169209
2011-02-03,108.16,109.18,107.79,109.0,1160797
2011-02-04,108.93,109.82,108.74,109.56,971835
2011-02-07,109.48,109.99,108.81,109.23,1267363
2011-02-08,109.58,111.14,109.14,111.14,1213362
2011-02-09,110.84,110.94,109.47,110.78,1295493
2011-02-10,110.0,112.1,110.0,111.93,924512
2011-02-11,111.32,112.98,111.05,112.44,891701
2011-02-14,111.69,112.92,111.53,111.67,804721
2011-02-15,111.39,111.49,109.66,109.89,1171333
2011-02-16,110.6,111.99,110.3,111.41,1028160
2011-02-17,110.78,111.25,110.08,110.87,812158
2011-02-18,111.11,111.42,110.1,110.92,1826819
2011-02-22,109.45,110.33,107.22,107.42,1437126
2011-02-23,106.93,107.39,103.96,105.52,2482670
2011-02-24,104.8,105.82,103.39,104.9,2698837
2011-02-25,106.85,108.1,106.5,106.93,2405248
2011-02-28,107.85,110.89,107.54,110.78,2422679
2011-03-01,55.82,56.15,53.5,53.55,2695640
2011-03-02,53.38,54.83,53.35,54.08,2434338
2011-03-03,54.87,56.21,54.67,55.84,2908255
2011-03-04,55.78,55.84,54.13,54.35,2657696
2011-03-07,54.8,54.84,52.65,53.03,3919716
2011-03-08,53.04,53.99,52.57,53.76,3400219
2011-03-09,53.55,53.6,52.55,52.67,2582444
2011-03-10,51.95,52.07,51.16,51.24,3203104
2011-03-11,50.95,51.78,50.75,51.62,3157710
2011-03-14,51.21,51.65,50.78,51.53,2637494
2011-03-15,49.71,51.48,48.57,51.02,2288758
2011-03-16,50.9,51.55,50.03,50.3,2978270
2011-03-17,51.12,51.72,50.56,51.35,2979514
2011-03-18,52.08,52.52,51.51,51.75,3665268
2011-03-21,52.75,53.23,52.14,53.17,2297472
2011-03-22,53.51,53.51,52.43,52.48,2385116
2011-03-23,52.3,52.65,51.55,52.38,1737161
2011-03-24,52.87,53.54,52.21,53.42,1852581
2011-03-25,53.59,54.25,53.36,54.01,2108946
2011-03-28,54.2,54.22,53.92,54.01,2217584
2011-03-29,53.82,54.4,53.51,54.39,1609176
2011-03-30,54.85,54.89,54.57,54.82,2144814
2011-03-31,54.7,55.62,54.51,55.44,2171285
2011-04-01,55.97,56.2,55.67,55.91,1854318
2011-04-04,56.27,56.42,55.2,55.6,1591281
2011-04-05,55.39,55.88,55.18,55.22,1686329
2011-04-06,55.3,55.66,54.56,55.1,1750439
2011-04-07,54.91,55.19,54.39,54.99,1919157
2011-04-08,55.34,55.42,53.75,54.26,1511932
2011-04-11,54.25,54.32,53.17,53.58,2089264
2011-04-12,53.1,53.22,51.98,52.5,2962029
2011-04-13,53.03,53.07,51.91,52.3,1889866
2011-04-14,51.93,52.62,51.37,52.37,2636065
2011-04-15,52.41,52.8,51.99,52.35,2963244
2011-04-18,51.49,51.83,50.63,51.57,2594297
2011-04-19,52.77,53.11,52.41,52.63,2999570
2011-04-20,52.7,53.61,51.61,53.5,6072377
2011-04-21,53.99,54.23,53.25,53.89,3450175
2011-04-22,53.99,54.23,53.25,53.89,3450175
2011-04-25,54.01,54.4,53.15,53.61,1860619
2011-04-26,54.31,55.28,54.24,54.91,2139990
2011-04-27,55.0,55.76,54.27,55.55,2970917
2011-04-28,55.46,55.64,54.48,54.59,2415189
2011-04-29,54.65,54.88,53.41,53.56,4986181
2011-05-02,53.76,53.96,52.79,53.13,2937559
2011-05-03,53.0,53.1,52.16,52.39,2567500
2011-05-04,52.56,52.82,51.84,52.27,4097814
2011-05-05,52.56,52.82,51.84,52.27,4097814
2011-05-06,52.43,53.15,51.56,51.78,2753444
2011-05-09,51.9,52.06,51.44,51.76,2173892
2011-05-10,51.72,52.25,51.67,52.02,3233433
2011-05-11,52.05,52.43,51.64,52.04,3420684
2011-05-12,52.04,53.03,51.72,52.66,3737054
2011-05-13,52.72,53.14,51.72,51.92,2312760
2011-05-16,51.62,52.5,51.32,51.54,2405163
2011-05-17,51.17,51.19,49.5,49.65,5355452
2011-05-18,49.82,50.4,49.5,50.08,4236582
2011-05-19,51.5,51.75,50.96,51.38,4405384
2011-05-20,51.27,51.6,50.82,50.97,4447478
2011-05-23,50.0,50.09,49.45,49.79,2672718
2011-05-24,49.93,50.37,49.6,49.71,1848151
2011-05-25,49.31,50.73,49.22,50.41,2644357
2011-05-26,50.17,50.9,49.94,50.67,1620274
2011-05-27,50.93,51.53,50.72,51.38,1490782
2011-05-31,51.77,51.99,50.92,51.67,2742103
2011-06-01,51.58,51.85,49.17,49.22,3407320
2011-06-02,49.39,50.78,49.36,50.04,4145421
2011-06-03,49.25,49.73,48.7,48.91,3304545
2011-06-06,48.8,48.8,47.28,48.29,5941499
2011-06-07,48.45,48.58,47.53,47.57,6780712
2011-06-08,47.55,47.71,46.13,46.25,5712368
2011-06-09,46.3,47.01,46.26,46.81,3382030
2011-06-10,46.57,46.65,45.79,45.81,2946344
2011-06-13,46.14,46.62,45.85,46.3,3430286
2011-06-14,46.62,47.76,46.48,47.41,3647154
2011-06-15,46.82,47.09,46.34,46.52,2663276
2011-06-16,46.47,47.26,46.05,46.71,3787835
2011-06-17,47.33,47.62,46.95,47.0,5803957
2011-06-20,46.78,47.62,46.68,47.41,2513676
2011-06-21,47.86,49.0,47.66,48.69,7377304
2011-06-22,48.57,49.07,48.19,48.38,3449651
2011-06-23,47.62,49.02,47.16,48.85,4200890
2011-06-24,48.77,49.01,48.02,48.19,3102934
2011-06-27,48.13,48.48,47.56,48.23,2205854
2011-06-28,48.5,49.65,48.15,49.47,3285945
2011-06-29,49.65,50.38,49.05,50.15,3980344
2011-06-30,50.25,51.71,50.25,51.45,4265070
2011-07-01,51.26,52.86,50.99,52.65,3887243
2011-07-05,52.55,52.76,52.17,52.32,2343445
2011-07-06,52.1,52.35,51.64,51.94,3239683
2011-07-07,52.49,53.15,52.47,52.88,2667182
2011-07-08,52.13,52.58,51.79,52.53,2550066
2011-07-11,51.59,52.02,51.2,51.6,3242144
2011-07-12,51.53,52.15,51.32,51.47,4456462
2011-07-13,51.8,52.74,51.61,52.11,4539728
2011-07-14,52.31,52.47,50.87,51.05,3001748
2011-07-15,51.5,51.62,50.77,51.33,2659237
2011-07-18,51.12,51.21,50.24,50.59,2121946
2011-07-19,50.91,51.59,50.81,51.45,1903666
2011-07-20,51.68,51.73,50.87,51.1,2050797
2011-07-21,51.49,51.86,50.83,51.55,2290856
2011-07-22,51.4,51.64,50.98,51.16,2966815
2011-07-25,51.77,53.23,51.09,52.59,4672424
2011-07-26,53.04,53.1,50.69,50.83,4887508
2011-07-27,50.43,50.47,49.14,49.3,7087232
2011-07-28,49.34,49.62,48.0,48.02,4110198
2011-07-29,47.58,48.73,47.32,47.95,4524852
2011-08-01,48.86,48.98,46.86,47.54,4282014
2011-08-02,47.05,47.57,45.19,45.2,5246275
2011-08-03,45.5,45.69,44.01,45.48,5869372
2011-08-04,44.46,44.46,41.87,41.94,7547369
2011-08-05,42.75,43.19,40.66,42.35,9419185
2011-08-08,40.67,41.4,37.95,37.97,14627530
2011-08-09,38.87,40.78,37.89,40.75,8261917
2011-08-10,39.81,40.63,38.89,39.01,10338602
2011-08-11,39.1,41.23,38.65,40.65,6695113
2011-08-12,41.21,41.95,40.71,41.81,4605635
2011-08-15,42.24,42.8,41.85,42.68,3793255
2011-08-16,42.25,42.86,41.97,42.24,4812638
2011-08-17,42.43,42.93,41.23,41.54,2697064
2011-08-18,39.92,40.16,38.3,38.7,7585997
2011-08-19,38.2,39.49,37.83,37.9,4987436
2011-08-22,39.48,39.58,37.72,37.86,3828241
2011-08-23,38.23,39.33,37.79,39.33,3489832
2011-08-24,39.28,40.78,39.05,40.7,4332500
2011-08-25,40.95,41.27,39.3,39.42,2763978
2011-08-26,39.15,40.43,38.3,40.23,3911896
2011-08-29,41.0,42.15,40.96,42.1,2769778
2011-08-30,41.94,43.0,41.57,42.75,3009839
2011-08-31,43.11,44.17,42.5,42.95,4330738
2011-09-01,42.8,43.07,41.72,42.05,4354181
2011-09-02,40.82,41.16,40.04,40.32,4153181
2011-09-06,39.04,40.17,38.81,40.05,4045732
2011-09-07,40.71,41.28,40.6,41.23,6300945
2011-09-08,40.85,41.0,39.47,39.86,7063111
2011-09-09,39.24,39.32,38.1,38.66,5888502
2011-09-12,37.95,38.46,37.26,38.46,6194935
2011-09-13,38.45,39.46,38.22,39.31,4715323
2011-09-14,39.64,40.84,38.78,40.19,5744248
2011-09-15,40.75,41.32,40.1,41.22,4535956
2011-09-16,41.22,41.48,39.55,39.74,6564201
2011-09-19,39.08,39.96,38.67,39.77,4883353
2011-09-20,39.84,40.0,38.49,38.56,3696100
2011-09-21,38.44,38.82,36.18,36.21,5235590
2011-09-22,35.06,35.36,34.26,34.81,7415882
2011-09-23,34.67,35.2,33.97,34.73,4751658
2011-09-26,35.01,35.94,34.01,35.85,4462270
2011-09-27,37.11,38.57,36.47,37.13,5982146
2011-09-28,37.34,38.21,36.28,36.39,4585239
2011-09-29,37.44,37.82,36.05,36.81,4562018
2011-09-30,36.1,36.57,35.5,35.5,3630024
2011-10-03,35.3,35.98,34.13,34.16,3989672
2011-10-04,33.68,35.83,33.09,35.75,6023818
2011-10-05,35.84,37.69,35.48,37.54,5997214
2011-10-06,37.67,39.0,37.37,38.99,5326907
2011-10-07,39.35,39.98,38.46,38.63,7039128
2011-10-10,39.55,40.0,39.3,39.94,3432642
2011-10-11,39.5,40.78,39.42,40.49,2909014
2011-10-12,40.86,42.51,40.7,41.55,6084484
2011-10-13,40.76,42.11,40.45,42.0,7315120
2011-10-14,42.99,43.22,41.79,42.17,4858259
2011-10-17,42.15,42.15,40.74,40.87,3325578
2011-10-18,41.34,42.66,40.54,42.32,4541721
2011-10-19,42.07,42.81,41.66,41.83,3109409
2011-10-20,42.02,42.15,40.68,41.45,4081703
2011-10-21,42.38,42.38,41.42,42.25,4251461
2011-10-24,42.27,44.46,41.1,44.23,7426887
2011-10-25,44.2,44.2,42.4,43.14,3724978
2011-10-26,43.9,44.33,42.5,43.74,4407999
2011-10-27,46.01,47.25,45.77,46.53,5867552
2011-10-28,46.25,47.44,46.2,46.97,3382981
2011-10-31,46.16,46.67,44.8,44.82,4996354
2011-11-01,43.16,45.15,42.22,44.28,6457938
2011-11-02,45.9,45.9,44.54,45.28,4474409
2011-11-03,45.62,46.46,44.75,46.35,4179437
2011-11-04,45.65,46.27,45.0,45.94,2871403
2011-11-07,45.7,46.03,44.46,45.26,4521650
2011-11-08,45.54,46.1,44.6,45.99,4244926
2011-11-09,44.58,45.08,43.76,43.95,3525496
2011-11-10,44.61,44.94,43.98,44.49,2861667
2011-11-11,45.42,46.25,45.13,45.64,2245603
2011-11-14,45.48,46.26,45.28,46.1,3856594
2011-11-15,46.03,46.73,45.64,46.44,2539623
2011-11-16,45.87,46.16,44.84,44.95,3766822
2011-11-17,44.7,44.91,43.4,43.85,3522698
2011-11-18,44.17,44.34,43.6,43.92,2078809
2011-11-21,43.05,43.35,42.41,43.1,2485736
2011-11-22,43.05,43.05,41.89,42.56,2629916
2011-11-23,41.92,42.06,40.83,40.87,3159223
2011-11-25,40.85,41.42,40.52,40.55,1337657
2011-11-28,42.14,42.58,41.8,42.33,2299456
2011-11-29,42.59,43.1,42.28,42.37,2118883
2011-11-30,44.26,45.26,44.09,44.91,3968105
2011-12-01,44.67,45.41,44.49,44.59,2258466
2011-12-02,45.09,45.57,44.76,44.83,2634134
2011-12-05,45.77,46.64,45.31,46.01,3477877
2011-12-06,46.03,46.46,45.76,46.11,3080358
2011-12-07,45.74,45.86,44.87,45.59,4218052
2011-12-08,45.16,45.33,43.79,43.93,3211184
2011-12-09,44.24,44.71,43.67,44.35,4163880
2011-12-12,43.66,43.85,42.95,43.41,2576952
2011-12-13,43.83,44.35,42.71,43.13,4723556
2011-12-14,42.68,42.75,41.54,41.84,3968746
2011-12-15,42.41,42.54,41.38,41.98,3760312
2011-12-16,42.52,43.34,42.06,42.19,7263409
2011-12-19,42.5,42.77,41.62,41.76,2212484
2011-12-20,42.49,43.77,42.44,43.63,2655388
2011-12-21,43.7,43.83,42.63,43.7,3862540
2011-12-22,43.75,44.18,43.23,43.38,2804631
2011-12-23,43.66,44.43,43.52,44.36,2196352
2011-12-27,44.33,44.7,44.08,44.46,1071686
2011-12-28,44.37,44.54,43.25,43.3,1771300
2011-12-29,43.29,44.01,43.29,43.91,1938996
2011-12-30,43.79,43.98,43.5,43.53,1722482
2012-01-03,44.78,45.64,44.73,45.49,3382263
2012-01-04,45.46,45.72,45.16,45.48,2456658
2012-01-05,45.49,45.76,44.99,45.66,3620550
2012-01-06,45.96,45.96,45.02,45.29,3010041
2012-01-09,45.32,45.62,45.05,45.54,6210695
2012-01-10,46.21,47.78,46.21,47.74,4057778
2012-01-11,47.52,48.34,47.5,48.27,3545845
2012-01-12,48.46,49.29,47.99,49.17,2476577
2012-01-13,48.54,48.82,48.11,48.71,3140174
2012-01-17,49.57,49.94,48.89,48.94,3330838
2012-01-18,48.85,49.5,48.72,49.43,3489392
2012-01-19,49.55,50.2,49.36,50.03,3542273
2012-01-20,49.03,49.03,48.2,48.38,4949074
2012-01-23,48.47,49.02,47.94,48.08,3279845
2012-01-24,47.94,48.84,47.53,48.81,2283523
2012-01-25,48.83,49.7,48.2,49.54,3016857
2012-01-26,47.82,49.03,47.7,48.93,7390854
2012-01-27,48.75,49.99,48.69,49.57,3880129
2012-01-30,49.08,49.66,48.75,49.66,3031168
2012-01-31,49.92,50.08,48.68,49.03,3463255
2012-02-01,49.64,50.15,49.2,49.82,3653101
2012-02-02,49.56,49.86,49.2,49.33,1919060
2012-02-03,50.15,51.19,50.05,50.93,2897767
2012-02-06,50.51,51.5,50.37,51.09,3860293
2012-02-07,50.8,51.49,50.62,51.29,2377740
2012-02-08,51.46,51.65,51.12,51.65,2077257
2012-02-09,51.77,51.9,51.4,51.8,2042777
2012-02-10,51.02,51.53,50.79,51.44,2510450
2012-02-13,51.78,52.19,51.38,52.05,2284047
2012-02-14,51.94,51.94,51.16,51.74,2713468
2012-02-15,51.91,51.91,50.56,50.87,3833908
2012-02-16,50.78,51.15,50.3,51.01,4861755
2012-02-17,51.34,51.4,50.77,50.82,2662311
2012-02-21,51.51,52.42,51.44,51.94,3294889
2012-02-22,51.95,52.61,51.86,52.16,2615420
2012-02-23,51.97,52.16,51.38,51.87,2254460
2012-02-24,52.02,52.5,51.67,51.75,4729614
2012-02-27,51.55,52.68,51.2,52.18,2933214
2012-02-28,52.16,52.57,51.95,52.51,2584743
2012-02-29,52.55,53.06,52.15,52.19,3906123
2012-03-01,52.3,52.7,51.72,52.21,2521593
2012-03-02,52.1,52.15,51.14,51.27,2025158
2012-03-05,51.27,51.35,50.55,50.72,2171187
2012-03-06,49.94,50.01,48.48,48.7,4230049
2012-03-07,48.9,49.17,48.5,48.75,4340936
2012-03-08,49.33,49.51,48.87,49.28,3475892
2012-03-09,49.59,49.71,48.94,49.01,3345196
2012-03-12,49.12,49.13,48.45,48.62,3781591
2012-03-13,49.25,50.32,48.95,50.23,4630160
2012-03-14,50.09,50.6,50.09,50.37,3201991
2012-03-15,50.4,50.67,50.16,50.65,3014995
2012-03-16,50.77,51.13,50.6,51.02,3147992
2012-03-19,50.96,51.16,50.62,50.86,2762678
2012-03-20,50.45,50.66,49.82,49.95,2626285
2012-03-21,50.05,50.26,49.5,49.93,2753931
2012-03-22,49.48,49.58,47.96,48.67,4033198
2012-03-23,48.67,49.47,48.3,49.3,2719902
2012-03-26,50.03,50.33,49.74,50.26,3032444
2012-03-27,50.49,50.49,50.05,50.12,2225100
2012-03-28,50.13,50.22,48.53,49.31,3968958
2012-03-29,48.77,49.32,48.26,49.15,3038302
2012-03-30,49.55,49.87,48.92,49.83,3552681
2012-04-02,49.82,50.29,49.36,50.09,2362068
2012-04-03,49.88,50.23,49.22,49.39,2645503
2012-04-04,49.01,49.01,48.37,48.49,2720752
2012-04-05,48.4,48.57,47.76,48.0,3082839
2012-04-09,47.38,47.48,46.88,47.32,2598151
2012-04-10,47.23,47.39,46.12,46.45,2750912
2012-04-11,47.2,47.27,45.91,46.16,4824972
2012-04-12,46.35,47.93,46.31,47.72,2627744
2012-04-13,47.52,47.67,46.76,46.87,2283519
2012-04-16,47.15,47.63,46.55,46.71,6722900
2012-04-17,47.18,47.95,46.92,47.6,2791358
2012-04-18,47.31,47.69,46.96,47.46,2781544
2012-04-19,47.41,47.67,46.51,46.93,2605214
2012-04-20,47.13,47.98,47.11,47.44,3035332
2012-04-23,46.28,47.54,46.11,47.4,4876557
2012-04-24,47.74,49.09,47.74,48.46,4483225
2012-04-25,49.34,49.42,48.63,48.78,4370140
2012-04-26,48.59,48.98,48.16,48.97,7451676
2012-04-27,49.31,49.43,48.99,49.07,2964227
2012-04-30,49.04,49.08,48.05,48.18,2154557
2012-05-01,48.12,48.48,47.02,47.95,3690671
2012-05-02,47.72,47.77,47.3,47.63,2694854
2012-05-03,47.4,47.41,46.34,46.51,4058725
2012-05-04,46.25,46.31,45.28,45.37,4122200
2012-05-07,45.22,46.15,45.2,45.6,4747167
2012-05-08,45.27,45.63,44.62,45.51,4676422
2012-05-09,44.8,45.8,44.53,45.07,3031893
2012-05-10,45.56,45.65,44.76,44.91,2690432
2012-05-11,44.64,45.36,44.5,44.71,1876275
2012-05-14,44.15,44.71,43.81,44.22,2802224
2012-05-15,44.34,44.52,44.0,44.09,2949775
2012-05-16,44.36,44.73,43.64,43.67,3064124
2012-05-17,43.61,43.81,42.45,42.47,3245229
2012-05-18,42.75,43.32,42.22,42.4,3348411
2012-05-21,42.85,43.37,41.75,42.09,19515767
2012-05-22,42.18,42.73,42.0,42.67,10777530
2012-05-23,42.31,42.95,41.93,42.91,7604467
2012-05-24,43.14,43.5,42.7,43.5,5343710
2012-05-25,43.32,43.85,42.98,43.3,4679390
2012-05-29,43.69,44.2,43.47,43.77,4638412
2012-05-30,43.11,43.46,42.72,43.34,4826857
2012-05-31,43.29,43.5,42.23,42.66,5311534
2012-06-01,41.41,41.6,40.22,40.24,7708285
2012-06-04,40.14,40.29,38.28,39.21,9143874
2012-06-05,39.03,40.17,38.7,40.09,9262087
2012-06-06,40.48,41.34,40.17,41.34,10249912
2012-06-07,42.15,42.75,41.05,41.15,4649987
2012-06-08,41.04,41.26,40.64,41.24,4931997
2012-06-11,41.73,41.85,40.03,40.09,4263489
2012-06-12,40.69,40.69,39.9,40.66,5278958
2012-06-13,40.36,40.47,39.11,39.28,5462309
2012-06-14,39.34,39.77,39.17,39.48,3759062
2012-06-15,39.6,39.87,39.38,39.84,4082793
2012-06-18,39.54,39.75,39.26,39.46,2975848
2012-06-19,39.63,40.25,39.63,39.9,4412436
2012-06-20,39.83,39.96,39.07,39.23,4959920
2012-06-21,39.54,39.57,37.7,37.78,4468928
2012-06-22,38.76,38.78,37.95,38.26,9481171
2012-06-25,37.84,37.99,36.97,37.09,7228651
2012-06-26,37.31,37.63,36.97,37.41,8331012
2012-06-27,37.58,37.7,37.22,37.57,4512759
2012-06-28,37.19,37.56,36.94,37.48,5042547
2012-06-29,38.39,39.63,38.31,39.63,7889425
2012-07-02,39.55,39.61,38.73,39.21,5470528
2012-07-03,39.46,40.49,39.3,40.49,2904496
2012-07-05,40.22,40.65,39.95,40.26,3890902
2012-07-06,39.57,39.68,39.0,39.5,3062205
2012-07-09,39.49,39.61,38.95,39.19,3383969
2012-07-10,39.41,39.77,37.38,37.75,6720451
2012-07-11,37.85,37.91,36.85,37.04,7978747
2012-07-12,36.77,37.27,36.38,37.11,5163441
2012-07-13,37.44,38.23,37.16,38.09,4305530
2012-07-16,38.05,38.05,37.27,37.89,2571839
2012-07-17,38.19,38.68,37.51,38.37,3456316
2012-07-18,37.98,39.59,37.92,39.12,4385269
2012-07-19,39.25,40.0,39.02,39.53,4572560
2012-07-20,39.24,39.36,38.84,39.06,5319742
2012-07-23,38.45,41.75,38.0,40.57,10316772
2012-07-24,40.46,41.06,40.41,41.0,7748423
2012-07-25,41.76,42.25,41.29,42.06,7445948
2012-07-26,42.91,43.5,42.57,43.16,6833610
2012-07-27,43.51,44.33,43.37,44.05,6963319
2012-07-30,43.9,44.05,43.72,43.93,4371379
2012-07-31,43.91,44.02,43.68,43.84,5631628
2012-08-02,43.13,43.3,42.4,43.13,5607080
2012-08-03,43.9,44.47,43.71,44.23,4573350
2012-08-06,44.45,44.82,44.21,44.32,3118906
2012-08-07,44.45,45.1,44.45,44.65,3086287
2012-08-08,44.43,45.42,44.19,45.35,4916370
2012-08-09,45.23,45.7,45.2,45.5,2324215
2012-08-10,45.28,46.18,45.17,46.15,2582981
2012-08-13,46.02,46.19,45.48,45.94,3531618
2012-08-14,46.07,46.14,45.25,45.75,5252577
2012-08-15,45.79,45.8,45.34,45.72,3352734
2012-08-16,45.7,46.25,45.42,46.05,2892522
2012-08-17,46.14,46.51,45.99,46.36,2606845
2012-08-20,46.13,46.34,45.66,46.06,2294690
2012-08-21,46.13,46.77,45.58,45.68,2718555
2012-08-22,45.55,45.99,45.24,45.9,2843751
2012-08-23,45.7,46.19,45.5,45.77,2729714
2012-08-24,45.59,46.67,45.37,46.44,3700618
2012-08-27,46.41,46.63,45.97,46.17,2388011
2012-08-28,45.92,46.08,45.53,45.64,2644341
2012-08-29,45.09,45.51,44.94,45.31,4110935
2012-08-30,45.0,45.12,44.33,44.5,2634070
2012-08-31,44.86,45.08,44.49,44.72,2501832
2012-09-04,44.75,44.76,43.06,44.22,6527946
2012-09-05,44.42,44.42,43.7,43.98,2798661
2012-09-06,44.43,46.6,44.42,46.1,5719543
2012-09-07,47.0,48.15,46.88,47.43,6581539
2012-09-10,47.19,47.45,46.92,47.12,3279981
2012-09-11,47.1,47.86,46.8,47.62,3236527
2012-09-12,47.67,47.96,47.38,47.66,3104438
2012-09-13,47.64,47.95,46.79,47.82,4617669
2012-09-14,48.06,48.4,46.97,47.23,6824016
2012-09-17,47.25,47.41,46.94,47.26,3345577
2012-09-18,47.54,47.96,47.13,47.65,3969654
2012-09-19,47.79,49.18,47.26,48.52,5073386
2012-09-20,48.21,48.21,47.22,47.97,4714811
2012-09-21,48.13,48.42,47.6,48.13,4204181
2012-09-24,47.72,48.01,47.33,47.73,2278948
2012-09-25,47.63,47.74,46.17,46.23,3989129
2012-09-26,46.23,46.71,45.76,46.28,3328873
2012-09-27,46.73,47.14,46.47,47.1,2634808
2012-09-28,46.73,47.36,46.4,47.27,3693532
2012-10-01,47.08,47.99,46.85,47.14,4294371
2012-10-02,47.24,47.42,46.33,46.64,3682499
2012-10-03,46.94,47.14,46.35,46.64,3663766
2012-10-04,46.66,46.88,46.22,46.66,3197744
2012-10-05,47.12,47.72,46.98,47.28,3000546
2012-10-08,46.99,47.12,46.51,46.81,2862267
2012-10-09,46.8,46.87,46.23,46.29,2478364
2012-10-10,45.58,46.12,44.68,44.86,6361991
2012-10-11,45.17,45.45,44.36,44.65,4047039
2012-10-12,44.66,45.35,44.47,44.97,4280402
2012-10-15,44.98,45.3,44.36,45.2,3676532
2012-10-16,45.51,46.03,45.35,46.0,3104202
2012-10-17,46.11,46.77,45.7,46.74,2963913
2012-10-18,46.52,46.63,46.01,46.51,3526801
2012-10-19,46.07,46.22,45.3,45.81,5367892
2012-10-22,46.85,46.99,45.74,46.1,4846953
2012-10-23,45.51,45.85,44.85,45.55,3953589
2012-10-24,46.04,46.17,44.91,44.99,3621880
2012-10-25,45.66,46.17,44.71,45.42,2964134
2012-10-26,45.46,45.75,44.66,45.12,3108879
2012-10-30,45.46,45.75,44.66,45.12,3108879
2012-10-31,44.96,47.98,44.96,47.22,7928148
2012-11-01,47.74,49.79,47.74,49.59,8070092
2012-11-02,49.88,50.33,49.04,49.2,5772809
2012-11-05,48.98,50.61,48.84,50.49,5325910
2012-11-06,50.44,50.83,50.3,50.42,4338082
2012-11-07,49.44,50.11,48.88,49.55,4935684
2012-11-08,49.31,49.58,48.7,48.88,4796578
2012-11-09,48.4,49.83,48.1,49.05,3849376
2012-11-12,49.07,49.88,48.93,49.55,2594720
2012-11-13,48.93,49.89,48.13,49.47,2953799
2012-11-14,48.9,49.75,48.32,48.45,3688113
2012-11-15,48.3,49.0,47.93,48.26,4565154
2012-11-16,48.79,49.15,48.24,48.94,4987375
2012-11-19,49.52,50.3,49.5,50.25,2972383
2012-11-20,50.08,50.94,49.81,50.72,3933123
2012-11-21,50.79,51.04,50.21,50.73,4016103
2012-11-23,50.77,51.66,50.62,51.58,1841282
2012-11-26,52.32,52.68,51.05,51.17,5698274
2012-11-27,51.38,51.85,50.97,51.05,3831431
2012-11-28,50.87,52.17,50.5,52.03,4370966
2012-11-29,52.11,52.43,51.64,51.99,4063850
2012-11-30,51.93,52.25,51.64,52.16,7808630
2012-12-03,51.48,52.19,51.12,51.15,4526756
2012-12-04,51.19,51.68,50.9,51.28,4314282
2012-12-05,51.22,51.8,50.75,51.18,4206250
2012-12-06,51.13,51.52,50.74,51.4,4440680
2012-12-07,52.12,52.51,51.72,52.47,3887865
2012-12-10,52.21,52.42,51.5,52.34,3841354
2012-12-11,52.48,52.75,52.17,52.45,2576932
2012-12-12,52.58,52.81,51.91,52.04,4025076
2012-12-13,52.04,52.36,51.54,51.68,3268840
2012-12-14,51.53,52.76,51.53,52.57,3323815
2012-12-17,52.74,52.97,52.14,52.45,3374456
2012-12-18,52.53,54.09,52.53,53.88,4555644
2012-12-19,54.25,54.72,54.12,54.12,3386453
2012-12-20,54.23,54.7,54.03,54.66,3511516
2012-12-21,53.94,54.75,53.76,53.84,6049938
2012-12-24,53.61,53.76,53.18,53.47,1293084
2012-12-26,53.68,54.14,53.33,53.84,1607711
2012-12-27,53.99,54.26,52.87,53.63,2299458
2012-12-28,53.27,53.59,52.9,53.09,1924493
2012-12-31,52.72,54.23,52.45,54.18,2619498
2013-01-02,55.55,57.35,55.55,56.45,4104506
2013-01-03,56.3,56.93,56.09,56.37,3124608
2013-01-04,56.65,56.82,56.35,56.75,2312827
2013-01-07,56.47,56.49,55.19,55.75,3183941
2013-01-08,55.53,56.02,55.02,55.02,4255189
2013-01-09,55.34,55.92,55.26,55.77,2627011
2013-01-10,56.0,56.05,55.01,55.93,3524592
2013-01-11,55.4,55.95,55.08,55.75,2753379
2013-01-14,55.82,55.98,55.16,55.33,2037569
2013-01-15,55.2,55.78,55.2,55.59,2164260
2013-01-16,55.54,55.54,55.0,55.1,2600207
2013-01-17,55.48,56.52,55.28,56.42,3511609
2013-01-18,56.56,57.03,55.75,56.67,3590263
2013-01-21,56.56,57.03,55.75,56.67,3590263
2013-01-22,56.75,56.99,55.97,56.98,3274566
2013-01-23,56.76,56.84,56.38,56.56,2386873
2013-01-24,56.5,57.48,56.28,57.31,3866482
2013-01-25,57.4,57.73,57.05,57.52,2888555
2013-01-28,57.68,57.86,57.06,57.25,2093071
2013-01-29,57.21,57.61,56.82,57.54,1665692
2013-01-30,57.43,57.66,56.87,56.95,1904048
2013-01-31,56.7,57.11,56.47,56.95,2890589
2013-02-01,57.65,58.87,57.1,57.52,6603170
2013-02-04,56.08,57.3,55.6,56.58,5462262
2013-02-05,56.93,60.45,56.02,59.37,10296181
2013-02-06,59.4,59.82,59.0,59.65,6833774
2013-02-07,59.76,59.79,58.6,58.88,4628370
2013-02-08,58.95,59.6,58.82,58.92,4440923
2013-02-11,58.83,59.77,58.81,59.67,2990535
2013-02-12,59.68,60.3,59.44,60.21,2833020
2013-02-13,60.41,61.47,60.31,61.04,3037705
2013-02-14,60.67,61.46,60.61,61.24,2522415
2013-02-15,61.52,61.54,60.73,60.87,2936384
2013-02-18,61.52,61.54,60.73,60.87,2936384
2013-02-19,61.05,61.55,61.05,61.49,2514414
2013-02-20,61.61,61.71,60.62,60.74,3835075
2013-02-21,60.24,60.28,59.29,59.45,3779126
2013-02-22,59.79,60.36,59.69,59.75,2712049
2013-02-25,60.32,61.06,59.25,59.27,4589941
2013-02-26,59.96,60.23,58.93,59.56,3254914
2013-02-27,59.44,61.98,59.32,61.69,3003600
2013-02-28,61.53,62.56,61.25,61.97,3799958
2013-03-01,61.45,63.63,61.17,62.66,5229186
2013-03-04,62.51,62.85,61.03,62.12,3952018
2013-03-05,62.41,63.12,62.01,62.15,3418399
2013-03-06,62.4,62.94,61.95,62.62,2813464
2013-03-07,62.37,62.51,61.8,62.02,1915062
2013-03-08,62.46,63.42,62.24,63.35,2581901
2013-03-11,63.11,63.5,62.83,63.39,1704751
2013-03-12,63.29,63.29,61.96,62.84,2717157
2013-03-13,62.85,63.59,62.57,63.42,3145390
2013-03-14,63.79,63.81,62.81,63.17,2794495
2013-03-15,62.88,63.24,62.51,62.57,4205965
2013-03-18,61.9,62.44,61.57,61.83,2596168
2013-03-19,62.0,62.1,60.78,61.39,2408938
2013-03-20,61.96,62.85,61.94,62.68,2487536
2013-03-21,62.39,63.27,62.25,62.62,3026642
2013-03-22,62.85,63.49,62.63,63.27,2610267
2013-03-25,63.18,63.66,61.92,61.98,3461689
2013-03-26,62.22,62.45,61.14,61.16,3364825
2013-03-27,60.71,61.2,60.35,60.74,5384486
2013-03-28,60.86,61.46,60.6,61.25,4510680
2013-03-29,60.86,61.46,60.6,61.25,4510680
2013-04-01,61.25,62.15,60.81,61.18,3277273
2013-04-02,61.56,61.68,60.68,60.93,2706750
2013-04-03,61.13,61.23,58.55,59.25,5596531
2013-04-04,59.2,59.82,58.93,59.53,3921575
2013-04-05,58.63,59.4,58.27,59.32,3303267
2013-04-08,59.31,60.34,59.13,60.33,2720238
2013-04-09,60.48,60.72,59.8,60.47,3067682
2013-04-10,60.47,61.24,60.1,61.12,2475755
2013-04-11,61.17,62.88,61.1,61.69,2978777
2013-04-12,61.24,61.49,60.0,60.3,2648435
2013-04-15,59.9,60.04,57.09,57.22,4963822
2013-04-16,58.1,59.18,58.0,59.05,3129041
2013-04-17,58.54,58.55,56.72,57.35,4571261
2013-04-18,57.5,57.58,55.41,55.8,6419429
2013-04-19,55.78,57.19,55.69,56.96,4691141
2013-04-22,57.0,57.42,56.45,56.89,3818124
2013-04-23,57.01,58.6,56.98,58.16,3768121
2013-04-24,58.02,58.83,58.02,58.62,2912326
2013-04-25,58.91,59.24,58.64,58.69,2487029
2013-04-26,59.15,59.37,57.96,58.65,3571192
2013-04-29,60.41,62.03,60.04,60.28,6085537
2013-04-30,60.41,61.72,59.89,61.41,4320578
2013-05-01,61.02,61.02,59.18,59.27,4419937
2013-05-02,59.21,60.08,59.18,59.45,3951231
2013-05-03,60.25,62.18,60.25,61.65,4798844
2013-05-06,61.54,62.62,61.49,62.07,2563022
2013-05-07,62.52,63.49,62.39,63.46,2643880
2013-05-08,63.5,64.7,63.21,64.56,3384191
2013-05-09,64.3,65.32,64.2,64.74,2851339
2013-05-10,64.68,65.31,64.57,64.93,2155184
2013-05-13,64.81,65.0,64.11,64.23,2015140
2013-05-14,64.14,65.18,64.14,65.09,2853762
2013-05-15,64.59,65.71,64.51,65.68,2263456
2013-05-16,65.29,66.22,65.28,65.7,3090953
2013-05-17,66.31,67.01,65.85,66.86,3978402
2013-05-20,66.75,68.16,66.43,68.07,2801662
2013-05-21,67.99,68.82,67.96,68.69,3104814
2013-05-22,68.67,69.53,68.04,68.88,5065055
2013-05-23,67.78,68.6,67.3,68.24,3687341
2013-05-24,67.3,68.26,67.3,68.23,2251592
2013-05-28,69.2,69.92,68.5,68.67,2589676
2013-05-29,68.2,68.26,67.03,67.24,3386557
2013-05-30,67.58,67.99,67.11,67.77,1945986
2013-05-31,67.28,67.82,66.06,66.06,3848419
2013-06-03,66.4,66.81,64.97,66.22,3151839
2013-06-04,66.2,67.01,65.19,65.59,2930857
2013-06-05,65.3,65.46,64.02,64.08,3229093
2013-06-06,64.21,64.4,63.48,64.4,2681710
2013-06-07,64.87,65.75,64.78,65.62,3174395
2013-06-10,65.69,66.98,65.07,65.64,7466839
2013-06-11,65.04,65.43,64.3,64.56,3501373
2013-06-12,65.43,65.43,63.44,63.52,2932969
2013-06-13,63.39,65.2,63.12,64.83,2937957
2013-06-14,64.69,65.28,64.4,64.58,1792983
2013-06-17,65.02,65.47,64.28,64.74,2537284
2013-06-18,64.88,65.97,64.55,65.84,1951121
2013-06-19,65.82,65.94,64.7,64.7,1890008
2013-06-20,63.75,64.4,63.17,63.57,3600337
2013-06-21,64.12,64.62,63.0,63.96,3829101
2013-06-24,62.82,62.89,61.23,62.19,4371874
2013-06-25,62.78,63.35,61.97,63.15,3033698
2013-06-26,63.75,64.23,63.21,63.94,1977105
2013-06-27,64.56,65.58,64.56,65.22,2815941
2013-06-28,65.08,65.88,64.91,65.81,8401288
2013-07-01,65.76,67.17,65.55,66.48,3159134
2013-07-02,66.23,67.08,65.72,66.04,2699241
2013-07-03,65.75,66.56,65.51,66.22,1227811
2013-07-04,65.75,66.56,65.51,66.22,1227811
2013-07-05,66.61,67.76,66.55,67.72,2388545
2013-07-08,68.11,68.3,67.76,67.96,2549134
2013-07-09,68.25,68.87,67.96,68.11,2504790
2013-07-10,68.14,68.32,67.06,67.39,2581939
2013-07-11,68.38,68.63,67.83,68.21,3210320
2013-07-12,68.24,68.4,67.83,68.34,1916467
2013-07-15,68.07,68.56,68.02,68.19,2920835
2013-07-16,68.15,68.25,66.44,66.5,2788910
2013-07-17,66.99,67.49,66.89,66.92,2091115
2013-07-18,67.33,67.73,66.95,67.64,2058940
2013-07-19,67.83,68.35,67.42,68.28,2020618
2013-07-22,68.26,68.65,68.02,68.12,1304200
2013-07-23,68.34,69.11,68.16,68.95,2228247
2013-07-24,69.11,69.18,67.9,68.08,2424815
2013-07-25,67.66,68.04,67.11,68.02,1913239
2013-07-26,67.44,68.04,67.31,68.03,1754879
2013-07-29,68.0,68.18,67.54,67.62,1383941
2013-07-30,68.08,68.57,67.83,68.3,1726663
2013-07-31,68.36,69.44,68.23,68.95,2220462
2013-08-01,69.53,70.07,69.29,69.93,2843684
2013-08-02,66.64,67.7,65.4,66.06,10999110
2013-08-05,66.15,66.54,65.66,66.33,3920920
2013-08-06,66.0,66.18,65.36,65.5,2868033
2013-08-07,65.4,65.4,64.39,64.55,3384833
2013-08-08,64.8,65.58,64.8,65.35,3983896
2013-08-09,64.89,65.97,64.85,65.62,2291409
2013-08-12,65.38,66.84,65.19,66.47,2518185
2013-08-13,66.66,67.3,66.42,66.94,1842779
2013-08-14,66.93,67.17,66.63,66.79,1464095
2013-08-15,66.08,66.11,65.0,65.24,3035671
2013-08-16,65.24,65.97,65.17,65.44,2615649
2013-08-19,65.27,65.54,64.75,64.83,1510529
2013-08-20,64.83,65.4,64.32,65.12,1575458
2013-08-21,64.92,65.98,64.64,65.47,2636193
2013-08-22,65.85,67.24,65.68,67.0,1766019
2013-08-23,67.11,67.24,66.25,66.89,1546173
2013-08-26,66.96,67.0,65.82,65.98,1613944
2013-08-27,65.12,65.23,63.95,64.04,2660283
2013-08-28,63.95,64.29,63.61,63.81,1832772
2013-08-29,63.71,64.67,63.61,63.99,1452960
2013-08-30,64.0,64.1,63.19,63.32,1672556
2013-09-03,64.28,64.67,62.89,63.08,3364419
2013-09-04,63.09,65.11,63.01,64.99,3411704
2013-09-05,64.84,65.66,64.64,65.44,1707527
2013-09-06,65.61,66.43,64.57,65.63,2595149
2013-09-09,66.19,67.66,66.13,66.75,3578618
2013-09-10,67.41,67.97,67.36,67.88,2787165
2013-09-11,67.54,68.35,67.26,68.0,1735937
2013-09-12,67.99,68.05,66.91,67.17,1959191
2013-09-13,67.03,67.46,66.62,67.33,1320176
2013-09-16,68.45,68.98,68.23,68.53,2138744
2013-09-17,68.35,68.42,67.92,68.22,1594739
2013-09-18,68.11,69.89,68.07,69.74,2288596
2013-09-19,69.94,71.16,69.9,70.79,3727878
2013-09-20,70.77,71.36,70.57,70.57,3476067
2013-09-23,70.23,70.43,68.95,69.49,2521300
2013-09-24,69.03,71.28,68.96,70.43,2762636
2013-09-25,70.4,71.11,69.83,70.4,1865695
2013-09-26,70.7,70.95,70.15,70.51,1272052
2013-09-27,70.29,70.29,69.43,69.69,1789242
2013-09-30,68.92,69.26,68.43,68.84,2857156
2013-10-01,68.72,70.15,68.72,68.99,3149887
2013-10-02,68.66,69.57,67.88,69.26,4071278
2013-10-03,69.14,69.15,67.84,68.23,2433228
2013-10-04,68.31,69.16,67.85,69.05,1744581
2013-10-07,68.12,68.26,67.19,67.21,3019874
2013-10-08,67.34,67.4,65.75,65.9,3132286
2013-10-09,66.01,66.17,65.2,65.65,2914130
2013-10-10,66.57,68.09,66.43,67.92,3014503
2013-10-11,67.89,69.3,67.75,69.3,2468386
2013-10-14,68.47,69.38,68.02,68.95,1865170
2013-10-15,68.5,68.59,66.65,66.94,3976898
2013-10-16,67.52,67.63,66.06,66.79,3517163
2013-10-17,66.57,67.46,66.4,67.33,2986533
2013-10-18,67.51,68.86,67.41,68.73,3388685
2013-10-21,69.11,69.19,68.16,68.38,2883931
2013-10-22,68.76,69.38,68.58,69.02,2210311
2013-10-23,68.72,68.75,67.35,67.77,2428671
2013-10-24,67.77,68.9,67.11,68.5,3792740
2013-10-25,68.02,72.54,67.5,71.64,10768954
2013-10-28,71.72,71.92,70.11,70.55,3995594
2013-10-29,70.93,71.43,70.09,71.31,3117636
2013-10-30,71.16,72.1,70.9,71.29,4247973
2013-10-31,70.66,71.14,70.18,70.56,3287240
2013-11-01,70.55,71.13,69.73,70.67,2956859
2013-11-04,70.95,71.16,70.26,70.62,1760093
2013-11-05,70.3,70.54,69.7,70.06,2595493
2013-11-06,70.42,70.96,69.96,70.21,1956535
2013-11-07,70.45,70.71,68.79,68.92,2629749
2013-11-08,69.04,70.64,69.0,70.6,2350191
2013-11-11,70.66,71.27,70.48,70.99,1686156
2013-11-12,70.9,72.09,70.59,71.9,3317197
2013-11-13,71.42,72.45,71.41,72.45,1925831
2013-11-14,72.48,72.74,72.03,72.3,1935624
2013-11-15,72.46,72.53,72.13,72.3,2417913
2013-11-18,72.43,72.73,71.83,72.07,2415547
2013-11-19,72.07,72.25,71.06,71.29,2163457
2013-11-20,71.3,72.04,70.75,70.89,1926578
2013-11-21,71.45,72.72,71.39,72.54,2262989
2013-11-22,72.33,73.2,72.05,73.0,2214045
2013-11-25,73.07,73.44,72.51,72.77,2114258
2013-11-26,72.8,73.13,72.57,72.83,1903773
2013-11-27,72.91,73.4,72.68,72.85,1129751
2013-11-29,72.91,73.4,72.68,72.85,1129751
2013-12-02,72.66,73.23,71.73,71.89,1936431
2013-12-03,72.08,72.21,70.86,71.16,2456976
2013-12-04,70.8,71.7,70.09,70.3,3904656
2013-12-05,70.16,71.7,70.12,71.32,2449432
2013-12-06,72.31,73.0,71.71,72.42,2221527
2013-12-09,72.26,72.71,71.8,72.3,2215482
2013-12-10,72.16,72.74,71.79,72.09,2106889
2013-12-11,72.09,72.41,70.76,70.96,1843414
2013-12-12,70.67,71.25,70.36,70.57,1638725
2013-12-13,70.85,71.16,70.41,70.97,2078912
2013-12-16,72.08,73.05,71.93,72.87,3110851
2013-12-17,72.86,73.72,72.44,73.45,3609683
2013-12-18,73.45,75.0,72.92,75.0,3080227
2013-12-19,74.48,74.6,73.81,74.48,2105110
2013-12-20,74.83,76.22,74.77,75.72,3619229
2013-12-23,76.08,76.2,74.9,75.44,2354002
2013-12-24,75.34,76.1,75.17,75.73,610065
2013-12-26,75.8,76.73,75.8,76.58,1441151
2013-12-27,76.61,77.0,76.51,76.75,964409
2013-12-30,76.53,76.75,75.95,76.01,1728361
2013-12-31,76.19,76.27,75.78,76.12,2722645
2014-01-02,75.74,75.99,75.18,75.49,3774166
2014-01-03,75.55,76.09,75.38,75.71,1936371
2014-01-06,76.19,76.45,75.18,75.38,2077233
2014-01-07,75.44,75.98,75.11,75.54,1940949
2014-01-08,75.58,75.58,74.95,75.28,2330001
2014-01-09,75.74,76.21,75.01,75.55,2436609
2014-01-10,75.67,76.42,75.36,76.32,2360597
2014-01-13,75.07,75.57,73.57,74.07,6969354
2014-01-14,74.17,75.7,73.89,75.7,3925242
2014-01-15,75.87,76.57,75.64,76.44,2637547
2014-01-16,76.27,77.12,76.21,76.54,2381617
2014-01-17,76.63,77.16,76.31,76.85,3159795
2014-01-21,77.64,78.19,77.13,77.67,3205390
2014-01-22,77.35,77.55,76.56,77.19,2863789
2014-01-23,76.4,76.48,75.29,75.94,2733579
2014-01-24,75.12,75.25,72.98,73.13,4557245
2014-01-27,73.33,73.98,72.12,72.79,2676117
2014-01-28,73.22,74.01,72.99,73.55,1748898
2014-01-29,72.85,74.2,72.68,73.48,2793363
2014-01-30,74.12,74.24,73.4,73.91,2833798
2014-01-31,72.66,73.47,72.45,73.09,3121157
2014-02-03,73.44,73.84,70.18,70.27,4858628
2014-02-04,68.5,69.0,67.3,68.65,9152235
2014-02-05,67.91,69.15,66.89,69.1,6970503
2014-02-06,69.03,70.18,68.88,69.07,4986203
2014-02-07,69.32,70.84,68.8,70.62,5040840
2014-02-10,70.5,70.64,69.34,69.54,2816512
2014-02-11,69.92,70.3,69.41,70.01,3348940
2014-02-12,70.33,71.38,70.17,71.1,4603648
2014-02-13,70.43,71.7,70.25,71.55,2169260
2014-02-14,71.49,73.07,71.23,72.72,2826570
2014-02-18,72.97,73.06,72.11,72.47,1773705
2014-02-19,72.11,73.16,72.09,72.13,2146217
2014-02-20,72.16,73.16,71.75,72.97,2619294
2014-02-21,73.39,73.97,73.2,73.5,2663094
2014-02-24,73.78,75.39,73.78,74.98,3503612
2014-02-25,74.73,75.89,74.56,75.36,3373951
2014-02-26,75.46,76.16,75.31,75.78,3933254
2014-02-27,75.68,76.0,75.22,75.45,2607275
2014-02-28,75.45,76.14,74.25,74.71,4704971
2014-03-03,73.95,74.1,72.55,73.47,5792142
2014-03-04,74.5,74.7,73.87,73.88,4624043
2014-03-05,74.27,74.64,73.95,74.4,3526856
2014-03-06,74.1,75.38,74.03,75.34,3215258
2014-03-07,75.73,76.65,75.55,76.15,4177380
2014-03-10,75.87,75.94,74.72,74.87,2467552
2014-03-11,75.04,75.48,74.16,74.53,2721634
2014-03-12,74.02,74.25,73.08,73.8,2409520
2014-03-13,74.06,74.19,72.1,72.55,2776900
2014-03-14,72.01,72.89,71.18,71.27,3474431
2014-03-17,71.98,73.15,71.97,72.4,3343145
2014-03-18,72.78,73.43,72.7,73.33,1962053
2014-03-19,73.26,73.37,71.62,72.06,3096497
2014-03-20,72.02,72.98,71.89,72.77,1731084
2014-03-21,73.46,74.44,72.58,72.65,2526849
2014-03-24,73.06,73.42,71.71,72.68,2570302
2014-03-25,73.54,74.2,73.18,73.93,2663265
2014-03-26,74.51,74.61,72.97,72.98,2554472
2014-03-27,72.79,73.49,72.1,73.3,2380225
2014-03-28,73.46,74.51,73.31,74.23,1705508
2014-03-31,74.72,75.54,74.71,75.12,2315721
2014-04-01,74.77,75.8,74.59,75.77,2587134
2014-04-02,76.05,77.16,75.7,76.67,2521076
2014-04-03,77.0,77.62,76.67,77.02,2750352
2014-04-04,77.31,77.71,75.37,75.57,3811707
2014-04-07,75.19,75.36,72.99,73.39,3325562
2014-04-08,73.51,73.82,72.78,73.38,3352231
2014-04-09,73.5,74.84,73.38,74.79,2354391
2014-04-10,74.86,74.94,72.69,72.84,2394184
2014-04-11,72.59,72.59,70.56,70.92,4130226
2014-04-14,71.72,71.89,70.4,71.03,3497892
2014-04-15,71.07,71.93,70.26,71.89,3159740
2014-04-16,72.39,73.04,72.09,72.95,2137557
2014-04-17,73.53,74.26,72.99,73.82,2757117
2014-04-21,73.8,74.07,73.25,73.93,1686196
2014-04-22,73.99,74.89,73.82,74.43,1662517
2014-04-23,74.33,75.02,74.09,74.38,1961320
2014-04-24,74.71,75.32,74.06,74.96,2031642
2014-04-25,74.74,74.97,73.72,73.95,1966859
2014-04-28,74.1,75.05,73.46,74.5,3172035
2014-04-29,73.89,74.5,71.78,72.15,5958051
2014-04-30,72.08,72.99,71.31,72.64,3968208
2014-05-01,72.27,73.25,72.11,73.14,3201626
2014-05-02,72.92,73.7,72.72,72.86,2735213
2014-05-05,72.41,73.17,71.81,72.83,1885266
2014-05-06,72.57,72.8,72.19,72.37,2316919
2014-05-07,72.64,72.71,71.61,72.5,2355785
2014-05-08,72.46,73.05,71.65,71.92,2946984
2014-05-09,72.0,72.01,71.18,71.62,1939755
2014-05-12,72.17,73.31,72.03,73.04,2388990
2014-05-13,73.3,73.91,73.0,73.2,2469652
2014-05-14,73.34,73.45,72.59,72.74,1503371
2014-05-15,72.35,72.74,71.55,72.39,2763242
2014-05-16,72.71,72.76,71.59,72.21,3956919
2014-05-19,71.89,72.96,71.78,72.64,1705170
2014-05-20,72.53,72.74,71.72,72.09,2350523
2014-05-21,72.34,73.0,72.34,72.94,2250817
2014-05-22,73.01,73.97,72.74,73.3,1969780
2014-05-23,73.4,73.8,72.85,73.72,1629730
2014-05-27,74.0,74.95,73.75,74.26,1945181
2014-05-28,74.26,74.59,73.9,73.98,2141121
2014-05-29,74.23,74.46,73.55,74.03,1619290
2014-05-30,73.73,73.94,73.28,73.69,2047803
2014-06-02,73.75,73.93,72.95,73.6,1776724
2014-06-03,73.4,73.67,73.14,73.54,2131411
2014-06-04,73.44,73.67,73.1,73.38,1808190
2014-06-05,73.58,74.44,73.31,73.56,5181198
2014-06-06,73.81,74.89,73.65,74.89,2589028
2014-06-09,74.92,76.14,74.77,75.56,2840977
2014-06-10,75.4,75.55,74.83,75.15,1529913
2014-06-11,74.72,75.48,74.72,75.26,1981512
2014-06-12,75.39,75.56,74.74,74.93,2860509
2014-06-13,75.09,75.5,74.93,75.16,1577672
2014-06-16,74.99,76.23,74.98,75.82,2218512
2014-06-17,75.64,76.35,75.3,76.16,2207881
2014-06-18,76.14,76.68,75.64,76.59,1958237
2014-06-19,77.45,77.62,76.25,76.83,2314852
2014-06-20,77.06,77.74,76.69,77.56,4811156
2014-06-23,79.21,79.65,78.56,79.24,4317055
2014-06-24,78.86,79.08,77.32,77.46,2998136
2014-06-25,77.12,77.61,76.77,76.99,2617232
2014-06-26,77.05,77.07,76.21,76.97,2107142
2014-06-27,76.72,77.3,76.43,77.26,2189763
2014-06-30,77.07,77.33,76.67,77.18,2187040
2014-07-01,77.49,77.87,77.0,77.36,2435651
2014-07-02,77.37,78.35,77.33,77.6,2747309
2014-07-03,77.86,78.48,77.8,78.29,1563641
2014-07-07,78.08,78.58,77.35,78.45,2797094
2014-07-08,77.89,78.05,77.2,77.43,2622134
2014-07-09,78.05,78.33,77.55,77.9,2039750
2014-07-10,76.85,77.74,76.59,77.66,2644695
2014-07-11,77.7,78.0,77.1,77.82,1869285
2014-07-14,78.63,79.98,78.58,79.05,3857513
2014-07-15,79.21,79.43,78.04,78.62,2791770
2014-07-16,79.09,79.88,78.91,79.44,3057739
2014-07-17,79.15,79.35,78.11,78.25,1986241
2014-07-18,78.45,78.86,78.25,78.57,2435165
2014-07-21,77.79,78.05,77.01,77.92,3528258
2014-07-22,78.63,78.76,78.12,78.32,1729110
2014-07-23,78.5,78.62,77.66,78.03,1715413
2014-07-24,78.15,78.18,77.3,77.38,2241959
2014-07-25,77.1,77.64,77.02,77.47,2404927
2014-07-28,77.46,77.53,76.2,76.75,2612259
2014-07-29,75.04,75.11,70.16,70.51,10520349
2014-07-30,69.38,70.13,68.76,69.9,11758400
2014-07-31,68.91,69.24,67.76,67.92,6087986
2014-08-01,67.54,67.87,66.98,67.18,4525619
2014-08-04,67.58,67.97,66.86,67.68,4331310
2014-08-05,67.32,68.46,67.17,67.5,4262513
2014-08-06,66.8,67.15,66.57,66.76,4946751
2014-08-07,67.35,67.6,66.54,66.72,3455436
2014-08-08,67.0,67.76,66.98,67.71,3209928
2014-08-11,67.86,68.46,67.7,67.93,2178265
2014-08-12,67.8,68.19,67.72,67.96,2100736
2014-08-13,68.38,68.96,68.14,68.69,3316882
2014-08-14,68.78,68.87,68.32,68.57,2500275
2014-08-15,68.89,68.9,67.69,68.11,3390038
2014-08-18,69.55,69.68,69.04,69.2,2188916
2014-08-19,69.55,69.68,69.04,69.2,2188916
2014-08-20,70.6,70.6,69.88,70.05,1518653
2014-08-21,70.6,70.6,69.88,70.05,1518653
2014-08-22,69.91,70.1,69.64,69.81,2038155
2014-08-25,70.23,70.63,70.06,70.29,1585429
2014-08-26,70.56,70.69,70.0,70.0,1840467
2014-08-27,70.0,70.26,69.65,69.77,1826296
2014-08-28,69.8,69.8,69.01,69.57,1767959
2014-08-29,69.98,69.98,69.31,69.81,1272111
2014-09-01,70.0,70.49,69.72,70.27,1937124
2014-09-02,70.0,70.49,69.72,70.27,1937124
2014-09-03,70.56,70.6,69.71,69.81,2682413
2014-09-04,69.81,70.34,69.3,69.37,2198550
2014-09-05,69.24,69.37,68.31,69.17,3128801
2014-09-08,68.98,69.47,68.7,68.85,1559933
2014-09-09,68.89,68.94,68.11,68.23,1924092
2014-09-10,68.26,68.4,67.81,68.1,2166812
2014-09-11,67.9,68.0,67.6,67.78,3338791
2014-09-12,67.8,67.8,67.01,67.09,2836542
2014-09-15,67.01,67.35,66.44,67.0,2666548
2014-09-16,66.77,66.92,65.87,66.71,3621242
2014-09-17,66.71,66.86,66.27,66.36,2808501
2014-09-18,66.64,66.92,66.45,66.56,2701427
2014-09-19,66.89,67.05,66.12,66.37,2639609
2014-09-22,66.17,66.24,64.78,65.07,3670582
2014-09-23,64.7,65.4,64.11,65.14,4035805
2014-09-24,65.02,65.81,64.9,65.63,3101914
2014-09-25,65.21,65.24,64.44,64.45,3834132
2014-09-26,64.65,65.41,64.44,65.31,2890597
2014-09-29,64.53,64.89,64.4,64.69,2529638
2014-09-30,64.76,64.9,62.84,63.37,5353279
2014-10-01,63.03,63.37,62.43,62.68,5461347
2014-10-02,62.0,62.58,60.38,62.04,6621304
2014-10-03,62.62,63.22,62.51,63.15,3790696
2014-10-06,63.27,63.8,62.83,63.41,2843304
2014-10-07,62.98,62.98,61.69,61.69,3267461
2014-10-08,61.82,62.86,60.94,62.81,3740107
2014-10-09,62.53,62.64,59.49,59.52,6369391
2014-10-10,59.38,59.64,58.46,58.92,5005954
2014-10-13,58.84,59.74,58.21,58.27,3723738
2014-10-14,59.05,60.33,58.78,59.05,4858914
2014-10-15,58.38,59.28,57.11,58.97,4671267
2014-10-16,57.83,60.55,57.71,59.92,3940596
2014-10-17,60.92,63.04,60.82,61.44,5617302
2014-10-20,60.97,61.19,60.37,61.1,2708834
2014-10-21,61.7,62.99,61.63,62.9,2389770
2014-10-22,62.91,63.0,61.02,61.1,3120063
2014-10-23,62.08,63.08,61.92,62.74,3428868
2014-10-24,62.08,63.08,61.92,62.74,3428868
2014-10-27,62.74,62.85,62.23,62.55,2248790
2014-10-28,66.22,67.22,65.17,65.92,6768923
2014-10-29,66.22,67.22,65.17,65.92,6768923
2014-10-30,65.51,67.23,65.48,66.77,3687513
2014-10-31,67.85,68.42,67.26,68.39,4427873
2014-11-03,68.37,68.68,67.8,68.43,3955857
2014-11-04,68.34,68.56,67.36,67.91,2911542
2014-11-05,68.76,68.88,67.7,68.32,2736587
2014-11-06,68.5,69.1,68.38,69.06,2741785
2014-11-07,68.89,69.31,68.41,69.17,3087225
2014-11-10,69.15,69.41,68.79,69.38,2575510
2014-11-11,69.03,69.35,68.26,68.44,2346219
2014-11-12,67.77,67.95,67.17,67.64,3016113
2014-11-13,67.7,67.79,66.17,66.5,3353593
2014-11-14,66.58,67.02,66.27,66.94,1955651
2014-11-17,66.88,67.29,66.51,67.08,1632462
2014-11-18,66.95,67.55,66.59,67.41,1982893
2014-11-19,67.37,67.37,66.59,66.84,1568313
2014-11-20,66.5,67.55,66.31,67.36,1385744
2014-11-21,68.23,69.07,68.15,68.39,2514765
2014-11-24,68.54,69.12,68.4,69.07,1886191
2014-11-25,68.97,69.6,68.8,69.47,2777777
2014-11-26,69.34,69.45,68.72,69.21,1552238
2014-11-27,69.34,69.45,68.72,69.21,1552238
2014-11-28,68.92,69.27,67.28,67.83,1915121
2014-12-01,67.57,67.74,66.99,67.19,3349201
2014-12-02,67.39,68.58,67.25,68.5,3488776
2014-12-03,68.85,70.5,68.81,70.21,3183803
2014-12-04,69.75,69.85,68.92,69.48,1768655
2014-12-05,69.27,69.61,69.02,69.41,1497932
2014-12-08,69.25,69.5,67.89,67.92,2828270
2014-12-09,67.05,68.53,66.85,68.5,2045084
2014-12-10,68.21,68.31,66.59,66.81,2452117
2014-12-11,67.08,67.79,66.67,66.83,2399821
2014-12-12,66.02,66.27,64.69,64.72,3350853
2014-12-15,66.0,66.0,64.23,64.4,2885890
2014-12-16,64.07,65.91,64.03,65.17,3474677
2014-12-17,65.11,65.15,64.1,64.88,4484201
2014-12-18,65.82,67.46,65.82,67.45,3147917
2014-12-19,67.62,69.26,67.6,69.16,4570778
2014-12-22,69.61,69.99,68.51,69.07,2896970
2014-12-23,69.57,70.51,69.25,69.39,1969323
2014-12-24,69.56,69.77,69.16,69.3,734580
2014-12-26,69.41,69.92,69.36,69.43,851364
2014-12-29,69.15,69.5,69.0,69.34,1424723
2014-12-30,69.09,69.4,68.7,68.77,1455442
2014-12-31,69.12,69.23,67.93,67.96,1222339
2015-01-02,68.39,68.57,66.99,67.93,1638237
2015-01-05,67.11,67.14,64.95,65.12,3206165
2015-01-06,65.09,65.25,63.57,64.39,3246867
2015-01-07,65.31,65.57,64.35,64.58,3121006
2015-01-08,65.2,66.92,65.2,66.89,3445867
2015-01-09,67.09,67.24,65.85,66.06,2810794
2015-01-12,65.95,66.2,64.94,65.48,2848828
2015-01-13,65.75,66.59,64.64,65.46,3576876
2015-01-14,64.01,64.58,63.31,64.24,2394482
2015-01-15,64.53,64.66,63.58,64.07,3640779
2015-01-16,63.65,64.64,63.62,64.59,3488807
2015-01-20,64.89,64.97,64.25,64.8,3265241
2015-01-21,64.35,65.92,64.23,65.82,3277056
2015-01-22,66.6,67.91,66.14,67.68,3463428
2015-01-23,67.73,67.73,66.72,67.01,2360690
2015-01-26,66.72,67.12,66.07,66.82,1950483
2015-01-27,65.4,65.81,64.69,65.02,3771724
2015-01-28,65.34,65.51,63.52,63.61,3197406
2015-01-29,63.44,64.35,62.8,64.19,3359637
2015-01-30,63.53,64.1,63.07,63.09,3911540
2015-02-02,63.62,64.91,62.84,64.4,4116886
2015-02-03,67.89,70.33,67.42,69.79,7275174
2015-02-04,69.38,69.49,68.17,68.48,4301176
2015-02-05,68.73,69.58,68.73,69.22,2552639
2015-02-06,69.49,70.87,69.49,70.05,3272425
2015-02-09,69.55,70.72,69.54,70.14,2079740
2015-02-10,70.9,70.94,69.65,70.74,1971648
2015-02-11,70.36,70.74,69.95,70.33,2024695
2015-02-12,70.79,71.85,70.35,71.65,2697345
2015-02-13,71.63,72.71,71.45,72.55,3118775
2015-02-17,72.37,72.37,71.53,72.13,1977798
2015-02-18,72.08,72.78,71.73,72.29,1656188
2015-02-19,71.81,72.54,71.5,72.12,1381737
2015-02-20,72.13,72.59,71.3,72.51,1779937
2015-02-23,72.17,72.45,71.51,71.64,1996626
2015-02-24,71.59,72.0,71.47,71.72,2073817
2015-02-25,71.87,72.0,70.85,71.55,2585577
2015-02-26,71.53,71.97,71.31,71.79,1905292
2015-02-27,71.19,71.51,70.76,71.01,2396575
2015-03-02,71.01,71.49,70.73,71.0,2208432
2015-03-03,70.47,70.98,70.18,70.44,2239769
2015-03-04,70.23,70.33,69.15,69.65,2186389
2015-03-05,69.3,69.46,68.82,69.35,1733474
2015-03-06,68.68,69.21,67.98,68.17,1969058
2015-03-09,68.23,68.65,68.02,68.5,1633834
2015-03-10,67.77,67.84,67.16,67.16,1988589
2015-03-11,67.32,67.36,66.47,66.57,1874590
2015-03-12,66.86,67.28,66.64,67.25,2301528
2015-03-13,67.0,67.25,66.04,66.64,2503415
2015-03-16,68.12,68.23,66.89,67.79,3203040
2015-03-17,67.49,67.85,67.13,67.68,2215701
2015-03-18,67.35,68.72,66.73,68.52,3470858
2015-03-19,68.1,68.21,67.26,67.58,2032313
2015-03-20,68.03,68.65,67.91,68.48,4282411
2015-03-23,68.46,68.7,67.81,68.06,2288443
2015-03-24,68.03,68.36,67.48,67.87,2150644
2015-03-25,67.92,68.19,66.81,66.81,2193605
2015-03-26,66.5,66.97,66.23,66.67,1981312
2015-03-27,66.95,66.95,66.32,66.7,1386792
2015-03-30,67.0,68.11,67.0,67.82,1385296
2015-03-31,67.28,68.08,67.05,67.94,3182345
2015-04-01,67.95,67.97,67.1,67.58,2935223
2015-04-02,67.38,68.3,66.98,67.68,1987786
2015-04-06,67.02,69.36,66.95,68.94,2186667
2015-04-07,68.57,69.08,68.35,68.56,1765904
2015-04-08,68.21,68.5,67.79,68.15,1967203
2015-04-09,68.13,68.71,67.65,68.55,2398816
2015-04-10,68.52,68.97,68.09,68.69,2529406
2015-04-13,68.78,68.78,68.03,68.34,1839855
2015-04-14,68.01,68.87,67.76,68.66,2583061
2015-04-15,69.0,70.0,68.6,69.74,2984674
2015-04-16,69.72,69.72,69.03,69.43,1662366
2015-04-17,68.94,69.11,68.3,69.11,2910111
2015-04-20,69.42,69.81,69.27,69.81,2749395
2015-04-21,70.0,70.25,69.04,69.35,2378418
2015-04-22,69.44,69.54,68.69,69.28,2352653
2015-04-23,69.12,69.43,68.8,69.1,2075272
2015-04-24,69.36,69.36,68.42,68.58,2130901
2015-04-27,68.68,69.62,68.68,69.38,3086583
2015-04-28,68.83,69.0,68.13,68.61,4924284
2015-04-29,69.38,70.38,68.37,69.54,4306807
2015-04-30,68.41,69.41,68.25,68.73,3521370
2015-05-01,69.27,70.57,68.95,70.52,3468193
2015-05-04,70.55,70.98,70.29,70.8,2805316
2015-05-05,71.01,72.76,70.99,71.41,4437081
2015-05-06,71.84,71.97,71.11,71.56,3019953
2015-05-07,71.58,71.58,70.83,71.25,2448315
2015-05-08,72.0,72.29,71.75,72.1,2076145
2015-05-11,71.9,72.66,71.9,72.27,1854551
2015-05-12,71.92,72.01,71.44,71.94,1693423
2015-05-13,72.1,73.26,72.01,72.81,2621003
2015-05-14,73.41,73.82,73.12,73.5,2767436
2015-05-15,73.36,73.4,72.7,73.32,2944728
2015-05-18,73.05,73.62,72.66,73.46,1748890
2015-05-19,73.28,73.36,72.41,72.8,1904750
2015-05-20,72.91,73.0,72.49,72.77,6877855
2015-05-21,72.41,73.62,72.39,73.4,2564566
2015-05-22,73.38,73.51,73.09,73.09,1515202
2015-05-26,72.8,72.84,71.65,72.01,2452156
2015-05-27,72.32,73.13,71.97,72.98,1949406
2015-05-28,72.63,72.94,72.11,72.78,1716606
2015-05-29,72.81,73.0,71.37,71.59,2497283
2015-06-01,71.79,72.07,71.28,71.58,1613159
2015-06-02,71.53,72.73,71.49,72.35,1759643
2015-06-03,72.71,73.28,72.13,72.87,1776876
2015-06-04,72.45,72.49,71.66,72.04,2222738
2015-06-05,71.92,72.09,71.46,71.75,1854453
2015-06-08,71.67,72.09,71.49,71.66,1575500
2015-06-09,71.66,72.11,71.4,71.49,1292284
2015-06-10,72.03,72.68,71.94,72.54,1718466
2015-06-11,72.88,72.99,72.17,72.57,1315857
2015-06-12,72.31,72.48,71.52,71.88,1746589
2015-06-15,71.33,71.33,70.53,70.89,1781159
2015-06-16,70.62,70.82,69.96,70.44,2345250
2015-06-17,70.63,70.69,69.89,70.38,2082837
2015-06-18,70.55,71.31,70.48,71.05,1826000
2015-06-19,70.88,70.88,70.17,70.2,3127233
2015-06-22,70.61,70.76,70.07,70.2,1863306
2015-06-23,70.08,70.42,70.0,70.3,1936160
2015-06-24,70.05,70.23,69.48,69.59,2142345
2015-06-25,69.67,69.83,68.45,68.54,2238822
2015-06-26,68.74,68.8,68.1,68.28,2348730
2015-06-29,67.75,68.09,66.86,66.93,2255789
2015-06-30,67.83,68.14,67.11,67.49,3044900
2015-07-01,67.98,68.13,67.39,67.64,2151564
2015-07-02,67.76,68.23,67.35,67.41,1971058
2015-07-06,66.66,67.45,66.35,66.74,1868899
2015-07-07,66.92,66.96,65.27,66.91,3143465
2015-07-08,66.41,66.51,65.21,65.41,2036997
2015-07-09,66.22,67.72,65.39,65.39,2297215
2015-07-10,66.25,66.38,65.43,65.77,1570240
2015-07-13,66.28,66.48,65.95,66.41,1795525
2015-07-14,66.26,66.61,66.04,66.43,1712125
2015-07-15,66.3,66.36,65.42,65.74,2299917
2015-07-16,66.33,66.4,65.6,65.98,2103188
2015-07-17,65.66,65.97,64.91,65.11,2177670
2015-07-20,65.04,65.51,64.95,65.25,1659398
2015-07-21,64.98,65.14,63.91,64.01,3461995
2015-07-22,63.79,64.2,63.37,63.48,2167038
2015-07-23,63.41,63.81,62.87,62.99,3664898
2015-07-24,63.0,63.03,60.48,61.15,7003745
2015-07-27,60.85,61.23,60.34,60.57,3084930
2015-07-28,61.07,61.8,60.69,61.49,3041183
2015-07-29,60.05,62.52,59.5,61.8,7330771
2015-07-30,60.64,61.28,60.12,61.08,3394471
2015-07-31,61.31,61.31,60.51,60.58,3295168
2015-08-03,60.45,60.58,59.84,60.26,2767745
2015-08-04,60.43,60.71,59.49,59.58,3022150
2015-08-05,60.11,60.6,59.5,59.62,3420158
2015-08-06,59.88,60.42,59.5,59.98,2528258
2015-08-07,59.83,60.29,59.55,59.85,2371350
2015-08-10,60.26,61.4,60.15,61.39,2425208
2015-08-11,60.65,60.65,59.77,60.11,2668060
2015-08-12,59.78,60.41,59.43,60.3,2953456
2015-08-13,59.98,60.59,59.7,59.94,1719018
2015-08-14,59.6,60.26,59.6,59.96,2080336
2015-08-17,59.66,60.43,59.26,60.33,1375452
2015-08-18,60.07,60.23,59.74,59.82,2128754
2015-08-19,59.36,59.61,58.21,58.65,3259631
2015-08-20,58.29,58.61,58.0,58.12,3600350
2015-08-21,57.63,58.0,56.69,56.69,4869162
2015-08-24,51.77,56.07,49.21,54.32,6020168
2015-08-25,56.39,56.39,52.67,52.71,4600337
2015-08-26,54.01,54.78,53.14,54.57,4609687
2015-08-27,55.25,56.74,55.01,56.63,4180453
2015-08-28,56.35,57.45,56.17,57.05,2974520
2015-08-31,56.7,57.54,56.13,57.06,2835255
2015-09-01,55.75,56.32,54.61,54.9,3634443
2015-09-02,55.78,55.79,54.54,55.57,2914996
2015-09-03,55.33,56.02,55.04,55.29,3216686
2015-09-04,54.49,55.31,54.13,55.05,3366998
2015-09-08,55.98,56.81,55.76,56.68,2952013
2015-09-09,57.34,57.63,55.87,55.99,2676011
2015-09-10,56.13,56.52,55.46,55.86,2396002
2015-09-11,55.91,56.16,55.34,55.72,1762794
2015-09-14,55.64,55.74,54.55,54.68,4092788
2015-09-15,54.71,55.82,54.55,55.74,3461474
2015-09-16,55.79,56.65,55.53,56.54,2364096
2015-09-17,56.23,56.42,54.91,55.05,4300842
2015-09-18,54.3,54.44,52.51,52.93,6767394
2015-09-21,53.03,53.49,52.69,53.26,3546522
2015-09-22,52.45,53.01,52.15,53.0,3802452
2015-09-23,53.06,53.18,52.21,52.36,3649920
2015-09-24,51.73,52.33,50.86,52.19,6620242
2015-09-25,52.4,52.56,51.62,51.92,6819522
2015-09-28,51.48,51.68,49.93,50.05,6838024
2015-09-29,50.22,50.85,49.93,50.66,3104170
2015-09-30,51.29,51.57,50.75,51.3,3120541
2015-10-01,51.44,51.67,50.27,50.58,2934781
2015-10-02,49.78,51.41,49.46,51.4,5100825
2015-10-05,51.57,53.3,51.5,52.76,3842713
2015-10-06,52.9,53.33,52.22,52.58,5230127
2015-10-07,53.25,54.73,52.88,54.11,5440058
2015-10-08,54.01,55.48,53.9,55.3,3902419
2015-10-09,54.8,55.65,54.55,54.82,3168310
2015-10-12,54.86,55.0,53.96,54.14,2491855
2015-10-13,53.83,54.11,53.45,53.5,2498568
2015-10-14,53.4,53.5,52.58,52.75,2935665
2015-10-15,52.46,52.61,51.41,52.1,4716010
2015-10-16,52.07,52.07,50.68,51.15,6785314
2015-10-19,50.75,51.32,50.61,51.27,4398218
2015-10-20,51.04,53.08,50.88,52.37,7151809
2015-10-21,52.84,53.3,52.4,52.52,3649334
2015-10-22,52.73,54.96,52.72,54.35,4617731
2015-10-23,54.64,55.34,54.0,54.31,3169014
2015-10-26,54.49,54.68,53.69,53.78,2820288
2015-10-27,53.31,53.31,51.89,52.75,3036401
2015-10-28,52.88,54.23,52.87,54.08,3409535
2015-10-29,53.68,54.45,53.68,54.31,3574598
2015-10-30,54.31,56.49,54.0,55.91,7023427
2015-11-02,55.49,56.97,55.19,56.72,4576077
2015-11-03,56.5,57.46,56.4,56.74,4003137
2015-11-04,57.01,57.81,56.66,56.74,3962828
2015-11-05,56.13,57.41,55.96,57.11,6716472
2015-11-06,56.7,57.4,56.46,57.22,5281963
2015-11-09,57.23,57.29,56.04,56.36,3952205
2015-11-10,55.83,56.44,55.54,56.23,3707675
2015-11-11,55.8,56.1,55.4,55.52,4159827
2015-11-12,54.92,55.21,54.08,54.19,5806323
2015-11-13,54.08,54.77,53.99,54.11,3638435
2015-11-16,54.1,55.42,54.04,55.41,2748513
2015-11-17,55.6,55.88,55.03,55.44,2918848
2015-11-18,55.04,56.95,55.04,56.88,3028261
2015-11-19,56.97,56.98,56.15,56.77,4470662
2015-11-20,57.03,57.68,56.93,57.59,4809959
2015-11-23,57.45,57.78,57.19,57.22,3386123
2015-11-24,57.0,57.77,56.55,57.69,3163773
2015-11-25,57.61,58.18,57.44,57.95,3167769
2015-11-27,57.87,58.18,57.6,58.1,1049154
2015-11-30,58.2,58.59,57.98,58.16,3267115
2015-12-01,58.35,58.58,58.01,58.45,3122362
2015-12-02,58.1,58.47,56.96,57.13,3042304
2015-12-03,57.09,57.22,55.15,55.62,5184923
2015-12-04,55.74,56.24,55.52,56.05,3245098
2015-12-07,55.85,55.88,54.6,54.71,3528982
2015-12-08,54.0,54.21,52.82,53.0,5690686
2015-12-09,52.86,53.7,52.47,52.67,3593143
2015-12-10,52.64,53.05,52.02,52.14,4156400
2015-12-11,51.42,51.86,50.66,50.87,5868400
2015-12-14,50.71,51.08,49.98,50.38,4220684
2015-12-15,50.62,50.9,49.93,50.58,3653471
2015-12-16,51.3,52.19,50.97,51.99,4287023
2015-12-17,51.93,52.17,50.11,50.13,4476079
2015-12-18,50.1,50.51,49.65,49.74,8579257
2015-12-21,50.26,50.9,50.1,50.71,5618911
2015-12-22,51.0,52.34,50.87,51.81,6196238
2015-12-23,52.36,53.5,52.28,53.28,3577768
2015-12-24,53.2,53.5,53.01,53.25,985943
2015-12-28,53.1,53.21,52.25,52.59,1913364
2015-12-29,53.03,53.46,52.71,53.08,2587295
2015-12-30,52.89,53.3,52.51,52.59,1842663
2015-12-31,52.41,52.79,52.02,52.04,2164435
2016-01-04,51.21,52.26,50.78,52.22,3840063
2016-01-05,52.22,52.34,51.26,51.85,2102326
2016-01-06,50.82,51.29,50.36,50.92,2872987
2016-01-07,49.95,50.26,49.38,49.73,4586590
2016-01-08,50.05,50.41,49.06,49.17,3448157
2016-01-11,49.64,49.81,48.58,49.15,3175986
2016-01-12,49.73,50.09,48.85,49.95,3416108
2016-01-13,50.11,50.59,48.35,48.43,3562316
2016-01-14,48.71,48.71,47.15,48.32,4650711
2016-01-15,47.01,48.12,46.98,47.86,4605502
2016-01-19,48.6,48.74,47.45,48.09,3473380
2016-01-20,47.23,47.95,46.19,47.51,4127041
2016-01-21,47.57,48.69,46.78,47.78,3767211
2016-01-22,48.87,49.47,47.69,48.51,3436793
2016-01-25,48.23,48.56,47.15,47.27,2505955
2016-01-26,48.27,49.14,47.46,49.02,3406979
2016-01-27,48.99,50.71,48.32,49.44,4581492
2016-01-28,50.3,50.7,49.5,50.19,3825820
2016-01-29,48.6,50.51,47.75,50.51,8031291
2016-02-01,50.04,50.45,49.27,50.22,3903200
2016-02-02,49.61,50.08,48.61,49.0,5797628
2016-02-03,51.95,52.62,50.31,52.48,7387875
2016-02-04,52.47,55.26,52.47,54.36,6098116
2016-02-05,53.97,55.25,53.75,54.66,4270921
2016-02-08,54.0,55.3,53.14,55.11,6236687
2016-02-09,53.76,55.25,53.76,54.48,5233751
2016-02-10,54.6,54.96,53.64,53.7,3496537
2016-02-11,52.59,53.72,52.35,53.1,4928156
2016-02-12,53.91,54.51,53.05,54.2,4027021
2016-02-16,54.18,54.91,53.51,54.82,3512403
2016-02-17,55.41,56.77,55.1,56.01,3586735
2016-02-18,56.16,56.49,55.87,56.2,2727819
2016-02-19,55.86,56.15,54.92,56.01,2669660
2016-02-22,56.68,57.91,56.58,57.68,4353253
2016-02-23,57.4,57.93,56.41,56.55,2522731
2016-02-24,55.81,56.92,54.91,56.8,2784622
2016-02-25,56.75,57.34,56.09,57.28,2418101
2016-02-26,57.54,57.98,57.06,57.27,2385030
2016-02-29,57.43,57.76,56.68,56.71,4059530
2016-03-01,57.69,58.58,57.04,58.06,3732352
2016-03-02,57.91,57.97,57.14,57.95,3066408
2016-03-03,57.39,57.85,56.97,57.83,2272109
2016-03-04,57.87,58.54,57.27,57.95,2887472
2016-03-07,57.77,59.11,57.75,59.02,2580361
2016-03-08,58.54,58.54,57.71,57.87,2248861
2016-03-09,58.23,58.74,57.86,58.56,2851441
2016-03-10,58.65,59.45,58.38,59.41,4580921
2016-03-11,59.65,60.63,59.65,60.13,3767758
2016-03-14,59.69,60.66,59.5,60.5,2466976
2016-03-15,60.03,60.49,59.36,60.45,2490232
2016-03-16,60.43,61.07,59.93,60.78,2992880
2016-03-17,60.78,63.3,60.78,63.11,4275953
2016-03-18,63.31,63.99,62.53,63.47,7865052
2016-03-21,63.46,63.76,63.14,63.68,3562234
2016-03-22,63.2,63.96,62.84,63.42,3401196
2016-03-23,63.26,63.26,62.4,62.48,2905454
2016-03-24,61.93,62.4,61.31,62.37,2160172
2016-03-28,62.52,62.63,62.01,62.47,1647835
2016-03-29,62.0,62.5,61.62,62.37,2488451
2016-03-30,62.88,63.17,62.46,62.75,1758630
2016-03-31,62.75,62.97,62.26,62.56,2140745
2016-04-01,61.89,63.8,61.44,63.66,3007469
2016-04-04,62.89,63.33,62.49,62.65,2364521
2016-04-05,61.68,61.71,60.22,60.39,6084392
2016-04-06,60.27,60.42,58.13,59.55,6787894
2016-04-07,59.07,60.2,58.94,59.48,4162304
2016-04-08,60.11,60.76,59.79,59.91,2640253
2016-04-11,60.16,61.2,60.1,60.62,2430935
2016-04-12,60.78,61.79,60.74,61.54,2525443
2016-04-13,61.95,63.14,61.73,63.04,2420235
2016-04-14,63.31,63.39,62.43,62.58,2107994
2016-04-15,62.65,63.26,62.58,62.83,2308564
2016-04-18,62.59,62.9,62.2,62.68,1538901
2016-04-19,63.44,63.44,62.61,62.77,2124777
2016-04-20,62.86,62.95,62.07,62.16,2858188
2016-04-21,62.08,62.66,61.83,62.15,2383880
2016-04-22,61.9,63.06,61.9,62.99,1903532
2016-04-25,62.55,62.88,61.85,62.26,1833492
2016-04-26,62.7,63.38,62.65,63.25,2066907
2016-04-27,63.33,63.91,63.06,63.83,1830044
2016-04-28,63.51,63.98,62.9,63.19,2457837
2016-04-29,62.5,63.75,62.32,63.27,3369480
2016-05-02,63.48,63.62,62.17,63.46,2722034
2016-05-03,63.16,63.5,62.53,63.29,3956861
2016-05-04,62.4,62.59,60.45,60.97,3102513
2016-05-05,61.13,61.61,60.62,60.98,1891626
2016-05-06,60.83,61.38,60.32,61.3,1895871
2016-05-09,61.11,61.19,60.31,60.66,1764897
2016-05-10,60.78,62.13,60.59,62.1,1567106
2016-05-11,62.05,62.64,61.8,62.0,1837541
2016-05-12,62.27,62.49,61.68,62.07,1608579
2016-05-13,61.92,62.39,60.62,60.87,1693920
2016-05-16,61.06,62.12,61.02,61.95,2061819
2016-05-17,61.84,62.38,61.09,61.32,1809717
2016-05-18,61.08,61.35,59.8,60.1,2202794
2016-05-19,59.64,59.74,58.86,59.54,3452133
2016-05-20,59.99,60.54,59.5,59.8,3077706
2016-05-23,59.67,60.28,59.32,60.05,1692730
2016-05-24,60.43,60.63,60.13,60.4,1952441
2016-05-25,60.68,61.83,60.59,61.61,2221151
2016-05-26,61.54,62.29,61.38,61.52,1527473
2016-05-27,61.63,61.92,61.25,61.63,1030647
2016-05-31,61.7,62.03,61.18,61.63,1849521
2016-06-01,61.22,61.73,60.75,61.65,2083835
2016-06-02,61.53,61.79,61.12,61.75,1789289
2016-06-03,61.72,61.81,61.01,61.45,1809322
2016-06-06,61.74,62.76,61.56,62.67,1620120
2016-06-07,62.85,63.36,62.5,62.53,1820063
2016-06-08,62.96,63.57,62.91,63.14,1817150
2016-06-09,62.66,62.92,62.23,62.77,1197547
2016-06-10,62.21,62.35,61.19,61.62,1872178
2016-06-13,61.25,61.49,60.6,60.63,2656193
2016-06-14,60.46,60.88,59.94,60.44,2619796
2016-06-15,60.79,61.14,60.41,60.65,1537468
2016-06-16,60.23,60.98,59.62,60.79,1662465
2016-06-17,60.9,61.85,60.79,61.62,2472837
2016-06-20,62.54,63.25,62.25,62.29,1983507
2016-06-21,62.25,62.5,61.47,61.85,1566384
2016-06-22,61.88,62.1,61.62,61.76,1661974
2016-06-23,62.56,62.82,62.23,62.82,1189635
2016-06-24,60.05,60.73,57.92,58.03,5749409
2016-06-27,57.28,57.42,54.3,55.57,5786258
2016-06-28,56.14,57.11,55.85,56.86,4623995
2016-06-29,57.73,58.32,57.15,58.09,2720616
2016-06-30,58.34,59.73,57.96,59.73,2897578
2016-07-01,59.63,60.93,59.63,60.27,2663664
2016-07-05,59.66,60.0,58.29,58.72,2490344
2016-07-06,58.71,59.46,58.28,59.45,3073660
2016-07-07,59.52,60.49,59.48,60.11,2689835
2016-07-08,60.72,62.0,60.52,61.92,2001832
2016-07-11,62.22,62.72,62.0,62.4,2075325
2016-07-12,62.93,64.16,62.53,63.96,2501766
2016-07-13,63.98,64.15,63.32,63.87,1960584
2016-07-14,63.86,64.71,63.35,63.8,3706491
2016-07-15,63.97,64.19,63.54,63.83,2670788
2016-07-18,63.57,63.73,63.08,63.49,1872230
2016-07-19,63.05,63.52,62.78,63.05,2493088
2016-07-20,63.15,63.74,62.67,63.5,1697487
2016-07-21,63.6,63.86,62.86,63.21,1594982
2016-07-22,63.37,63.44,62.63,63.38,1376972
2016-07-25,63.39,63.47,62.93,63.47,1520526
2016-07-26,63.47,64.66,63.34,64.57,2305945
2016-07-27,64.8,64.85,64.13,64.41,2075684
2016-07-28,64.15,64.15,63.53,64.01,1404517
2016-07-29,63.91,64.0,63.06,63.41,3157865
2016-08-01,63.43,63.94,62.63,63.94,4819987
2016-08-02,65.0,65.51,63.91,64.01,5154781
2016-08-03,63.51,64.6,63.14,64.24,3161177
2016-08-04,64.36,64.91,64.13,64.5,2641189
2016-08-05,64.78,65.71,64.62,65.46,2300665
2016-08-08,65.72,66.54,65.49,65.83,2780637
2016-08-09,66.0,66.47,65.8,65.84,2461828
2016-08-10,66.34,66.74,66.06,66.71,2736771
2016-08-11,66.9,67.37,66.7,67.33,3085563
2016-08-12,67.07,67.46,66.94,67.21,2359043
2016-08-15,67.39,68.01,67.33,67.63,1948705
2016-08-16,67.54,67.55,67.19,67.27,2044561
2016-08-17,67.47,67.7,67.14,67.62,1805357
2016-08-18,67.66,67.73,67.37,67.72,1732290
2016-08-19,67.3,67.76,67.16,67.66,1898276
2016-08-22,67.58,67.87,67.17,67.7,1601068
2016-08-23,68.0,68.18,67.64,67.68,1409002
2016-08-24,67.59,67.72,67.19,67.3,1510476
2016-08-25,67.24,67.58,66.86,67.39,1485136
2016-08-26,67.67,68.2,67.06,67.32,1509493
2016-08-29,67.28,67.94,67.22,67.71,1105554
2016-08-30,67.6,67.75,67.0,67.15,2180307
2016-08-31,67.0,67.15,66.26,66.54,2390688
2016-09-01,66.66,66.94,65.91,66.92,2041211
2016-09-02,67.33,67.66,67.1,67.54,1509518
2016-09-06,67.69,67.69,66.37,66.62,1995793
2016-09-07,66.71,66.84,66.49,66.74,1470580
2016-09-08,66.6,66.66,66.06,66.08,1925652
2016-09-09,65.22,65.5,63.55,63.57,3580670
2016-09-12,63.11,65.35,62.8,64.99,2699844
2016-09-13,64.06,64.24,62.93,63.21,3266878
2016-09-14,63.12,63.6,62.72,62.98,2545209
2016-09-15,62.9,63.38,62.65,63.09,2954577
2016-09-16,62.61,62.63,61.95,62.35,4824833
2016-09-19,63.06,63.89,62.75,63.25,1966307
2016-09-20,63.8,63.88,62.73,62.74,2406627
2016-09-21,62.97,63.78,62.89,63.73,1844604
2016-09-22,64.5,64.67,63.87,64.09,2680000
2016-09-23,63.95,63.98,63.26,63.31,1444482
2016-09-26,63.1,63.44,62.78,62.9,1327347
2016-09-27,62.68,63.43,62.23,63.41,1690842
2016-09-28,63.69,64.61,63.52,64.57,1916683
2016-09-29,64.28,65.09,63.98,64.16,1885752
2016-09-30,64.44,66.21,64.43,65.71,3886882
2016-10-03,65.48,66.19,65.23,65.87,2566006
2016-10-04,66.05,66.25,64.14,64.32,2110609
2016-10-05,64.67,65.97,64.64,65.54,2260455
2016-10-06,65.5,65.61,64.83,65.5,1389961
2016-10-07,65.24,65.24,64.05,64.48,2232550
2016-10-10,65.01,65.27,64.0,64.14,2704891
2016-10-11,63.87,64.13,62.66,63.12,2934188
2016-10-12,63.12,64.45,62.85,64.26,2793865
2016-10-13,63.48,63.59,62.63,63.15,2731905
2016-10-14,63.55,63.92,63.2,63.3,2043908
2016-10-17,63.24,63.36,62.09,63.12,2671990
2016-10-18,63.86,63.92,63.16,63.19,1956000
2016-10-19,63.3,63.99,62.91,63.68,1935234
2016-10-20,63.45,64.14,63.34,63.8,2365808
2016-10-21,63.13,63.91,62.89,63.71,2116980
2016-10-24,64.16,64.34,62.91,63.37,1857694
2016-10-25,63.15,63.59,62.47,63.18,1989349
2016-10-26,62.88,64.36,62.7,64.21,1989493
2016-10-27,64.05,64.17,61.97,62.29,4973746
2016-10-28,62.37,63.29,62.2,62.38,2166804
2016-10-31,62.76,63.85,62.64,63.77,4261118
2016-11-01,62.76,62.8,60.22,60.7,8389246
2016-11-02,60.6,61.32,60.37,60.88,4162555
2016-11-03,60.06,60.32,59.07,59.72,4735109
2016-11-04,59.91,61.45,59.7,60.76,4583405
2016-11-07,62.25,62.6,61.89,62.43,2840641
2016-11-08,62.18,63.34,61.95,63.0,3381967
2016-11-09,62.59,66.9,62.59,66.32,5690105
2016-11-10,66.86,68.95,66.86,68.7,6947861
2016-11-11,68.5,68.9,66.6,67.31,5332425
2016-11-14,67.37,68.32,66.79,67.06,5788838
2016-11-15,66.88,66.93,65.29,65.85,4859311
2016-11-16,65.54,65.94,65.25,65.54,3154648
2016-11-17,66.15,66.28,64.65,64.79,3407400
2016-11-18,64.66,64.75,63.94,64.15,4728919
2016-11-21,64.66,65.78,64.62,65.54,4399535
2016-11-22,65.76,65.95,64.96,65.58,2131944
2016-11-23,65.63,66.61,65.25,66.49,2618631
2016-11-25,66.49,66.97,66.49,66.81,920589
2016-11-28,66.4,66.62,65.83,65.98,2221683
2016-11-29,65.61,66.39,65.35,65.69,2779295
2016-11-30,66.26,67.38,66.26,66.51,2426203
2016-12-01,66.86,68.19,66.73,67.65,3073653
2016-12-02,67.61,68.04,67.09,67.76,2352241
2016-12-05,68.03,68.64,67.48,68.01,2252875
2016-12-06,67.88,68.59,67.78,68.45,2763323
2016-12-07,68.38,69.17,68.23,68.9,3512149
2016-12-08,68.78,69.38,68.27,68.98,2099032
2016-12-09,69.68,69.8,68.93,69.53,1988048
2016-12-12,69.43,70.0,69.35,69.86,2233580
2016-12-13,69.72,69.93,68.36,68.85,2846731
2016-12-14,68.72,69.22,67.58,67.67,3039631
2016-12-15,67.37,67.95,67.04,67.89,2839461
2016-12-16,67.92,68.53,67.7,68.06,4108885
2016-12-19,68.1,68.47,67.34,67.82,1621836
2016-12-20,68.06,68.65,67.85,68.45,2988076
2016-12-21,68.23,68.37,67.67,67.82,1574211
2016-12-22,67.66,68.33,67.66,68.07,1560308
2016-12-23,68.0,68.28,67.75,68.26,757227
2016-12-27,68.47,68.61,68.18,68.49,618980
2016-12-28,68.53,68.58,67.66,67.7,1237463
2016-12-29,67.74,67.99,67.25,67.61,703739
2016-12-30,67.74,67.86,66.8,67.09,1262148
2017-01-03,67.59,68.58,67.22,68.53,2231867
2017-01-04,68.6,68.82,67.85,68.17,1635025
2017-01-05,68.06,68.45,66.6,67.35,2394192
2017-01-06,67.61,68.46,67.5,68.01,2590041
2017-01-09,68.48,68.51,66.86,66.88,2704975
2017-01-10,67.21,67.54,66.77,67.21,2214514
2017-01-11,66.95,68.49,66.77,68.46,2126430
2017-01-12,68.39,68.4,67.15,68.2,1357187
2017-01-13,68.36,68.94,68.35,68.66,1264710
2017-01-17,68.34,68.36,67.28,67.56,1697656
2017-01-18,67.69,68.0,67.4,67.8,1651334
2017-01-19,68.13,68.49,67.28,67.73,1431074
2017-01-20,68.02,68.5,67.57,67.93,1559863
2017-01-23,67.92,68.16,66.98,67.74,1195877
2017-01-24,68.05,69.32,67.75,69.17,2044395
2017-01-25,69.64,71.28,69.64,71.18,3278098
2017-01-26,70.82,71.68,70.33,71.31,2249868
2017-01-27,71.13,71.39,70.81,70.95,1899836
2017-01-30,71.02,71.02,69.68,70.41,2034894
2017-01-31,70.09,70.91,69.47,70.78,3016733
2017-02-01,70.97,71.71,70.28,71.31,3919539
2017-02-02,70.69,72.0,69.41,70.02,4690674
2017-02-03,70.33,70.73,69.61,70.22,2946175
2017-02-06,70.11,70.31,69.46,69.98,2548192
2017-02-07,70.33,71.1,70.13,70.24,2221414
2017-02-08,70.02,70.24,69.45,69.97,2304671
2017-02-09,70.04,71.27,70.03,70.79,2204443
2017-02-10,71.03,71.17,70.8,71.0,1946099
2017-02-13,71.31,72.26,71.31,72.2,2537139
2017-02-14,72.0,72.19,71.58,72.01,2083863
2017-02-15,72.06,72.28,71.68,72.1,1971821
2017-02-16,72.04,72.24,71.24,71.78,2081038
2017-02-17,71.54,71.63,70.89,71.63,2356679
2017-02-21,71.64,72.15,71.58,71.89,1903539
2017-02-22,71.68,72.74,71.52,72.5,2315157
2017-02-23,72.82,72.92,71.75,72.12,2237934
2017-02-24,71.54,72.39,71.13,72.39,2528808
2017-02-27,72.21,72.7,72.12,72.35,2287721
2017-02-28,72.35,72.59,71.71,71.98,2504223
2017-03-01,72.81,73.86,72.81,73.24,2653565
2017-03-02,72.67,72.74,71.78,72.11,2236749
2017-03-03,72.23,72.44,71.4,71.93,2024927
2017-03-06,71.22,72.12,71.08,71.84,2711697
2017-03-07,71.64,72.0,71.44,71.54,1391909
2017-03-08,71.6,72.34,71.52,71.83,2008990
2017-03-09,71.72,72.12,71.23,71.6,2473155
2017-03-10,72.04,72.59,72.0,72.49,2131119
2017-03-13,72.67,72.98,72.36,72.75,1832594
2017-03-14,72.2,72.33,71.48,71.82,1394811
2017-03-15,72.12,74.08,72.02,73.96,2435587
2017-03-16,73.74,74.35,73.09,73.35,2412633
2017-03-17,73.67,73.84,72.91,73.25,3245317
2017-03-20,73.27,73.76,72.87,73.37,1560531
2017-03-21,73.58,74.02,71.85,71.99,2315334
2017-03-22,71.96,72.82,71.78,72.54,1989869
2017-03-23,72.55,73.24,72.25,72.78,1653853
2017-03-24,72.81,73.42,72.56,72.84,2612364
2017-03-27,72.55,72.97,71.46,72.68,2225399
2017-03-28,72.36,73.79,72.08,73.29,1700153
2017-03-29,73.53,74.41,73.21,73.94,2492284
2017-03-30,73.78,74.53,73.54,74.2,2111070
2017-03-31,73.8,74.63,73.67,74.15,2011463
2017-04-03,74.32,74.79,73.42,74.16,2813176
2017-04-04,74.31,75.08,73.95,74.88,2783431
2017-04-05,75.27,76.36,74.34,74.65,2770697
2017-04-06,74.84,75.25,74.5,74.73,1592474
2017-04-07,74.52,74.93,74.2,74.57,1790941
2017-04-10,74.79,76.39,74.62,75.6,2959703
2017-04-11,75.31,75.41,74.59,75.39,2105202
2017-04-12,75.58,76.0,73.96,74.24,3322174
2017-04-13,74.09,74.34,73.51,73.51,1405817
2017-04-17,73.87,74.3,73.46,74.28,1372129
2017-04-18,73.82,74.66,73.82,74.47,1744042
2017-04-19,74.88,75.18,73.52,73.63,2223945
2017-04-20,74.03,74.61,73.76,74.03,3645720
2017-04-21,74.23,74.45,73.63,73.85,2637083
2017-04-24,75.03,75.64,74.68,75.48,2875186
2017-04-25,76.07,76.93,75.84,76.52,3044749
2017-04-26,76.68,77.39,76.59,76.72,2014489
2017-04-27,76.7,77.11,76.26,76.49,2073825
2017-04-28,76.46,76.61,75.47,75.64,2351090
2017-05-01,75.9,76.49,75.16,76.13,4044217
2017-05-02,77.74,79.31,76.37,77.11,4359573
2017-05-03,76.39,76.45,75.78,76.33,2748296
2017-05-04,76.54,76.6,75.62,75.84,2514459
2017-05-05,76.11,76.89,75.9,76.86,2160124
2017-05-08,76.8,77.05,76.43,76.78,1686796
2017-05-09,76.67,77.0,76.5,76.76,1386652
2017-05-10,76.73,77.25,76.57,77.09,1327308
2017-05-11,76.79,77.17,76.28,77.03,1828679
2017-05-12,76.54,77.11,76.44,76.68,1825674
2017-05-15,77.13,77.24,76.72,76.97,1840797
2017-05-16,77.37,77.37,76.51,77.24,1478093
2017-05-17,76.22,77.07,76.11,76.18,2787163
2017-05-18,76.36,76.4,75.11,76.07,2940037
2017-05-19,76.44,78.19,76.43,78.01,3142555
2017-05-22,78.11,78.45,77.44,77.7,2589342
2017-05-23,77.85,77.93,77.33,77.65,2296168
2017-05-24,77.63,78.0,77.21,77.57,1303282
2017-05-25,77.92,78.27,77.0,77.31,1753182
2017-05-26,77.28,77.72,77.1,77.56,1063016
2017-05-30,77.47,77.81,77.12,77.72,1023445
2017-05-31,77.31,78.4,76.73,77.38,1658998
2017-06-01,77.9,78.57,77.26,78.08,1800072
2017-06-02,78.2,78.62,77.69,77.88,1868944
2017-06-05,77.87,77.92,76.76,76.77,2583218
2017-06-06,76.44,76.73,76.08,76.33,1924288
2017-06-07,76.5,76.5,74.26,74.95,3520748
2017-06-08,74.94,75.61,74.6,75.47,3669906
2017-06-09,75.71,75.95,75.28,75.74,2882002
2017-06-12,75.83,76.21,75.46,75.77,1706487
2017-06-13,75.94,76.3,75.52,76.11,1397505
2017-06-14,76.28,76.32,74.84,75.34,2319965
2017-06-15,74.46,76.53,74.43,76.14,1946013
2017-06-16,76.36,77.05,76.22,76.8,2623751
2017-06-19,77.28,78.42,77.24,78.07,2505811
2017-06-20,77.67,77.85,77.0,77.06,1796709
2017-06-21,77.24,77.38,75.76,75.92,1702935
2017-06-22,75.99,76.42,75.71,75.77,1946630
2017-06-23,75.84,76.93,75.66,76.88,2995752
2017-06-26,77.14,77.61,76.3,76.77,1415651
2017-06-27,76.69,76.94,76.15,76.43,1642021
2017-06-28,77.0,77.64,76.78,77.44,1608561
2017-06-29,77.59,78.0,76.0,76.63,1751300
2017-06-30,76.9,78.32,76.86,77.83,1843617
2017-07-03,78.37,78.77,77.71,78.35,1386832
2017-07-05,78.33,78.86,78.0,78.63,1892701
2017-07-06,78.32,78.98,78.26,78.55,1923390
2017-07-07,78.55,79.9,78.35,79.36,1934334
2017-07-10,79.28,80.83,79.28,80.4,2238511
2017-07-11,80.3,80.5,79.47,80.45,2314978
2017-07-12,80.79,81.63,80.48,80.51,1843368
2017-07-13,80.41,80.69,79.94,80.32,1857897
2017-07-14,80.52,80.85,80.38,80.61,1683278
2017-07-17,80.48,80.53,80.06,80.21,1808266
2017-07-18,80.17,80.23,79.63,80.23,1583540
2017-07-19,80.44,80.6,79.78,80.38,1758258
2017-07-20,80.32,80.34,79.53,79.56,1530099
2017-07-21,79.19,79.41,78.36,78.97,2436414
2017-07-24,79.0,79.11,78.48,78.65,1786912
2017-07-25,79.5,79.59,78.74,79.33,2311751
2017-07-26,79.35,79.35,78.51,79.0,1821870
2017-07-27,79.11,79.18,77.95,78.49,2638713
2017-07-28,78.45,78.59,77.62,78.43,1734915
2017-07-31,78.43,79.08,77.85,78.25,3675636
2017-08-01,75.49,75.49,72.16,74.26,10716944
2017-08-02,73.4,74.44,73.11,74.1,5824347
2017-08-03,73.9,73.98,72.97,73.61,4533726
2017-08-04,73.68,74.57,73.61,74.53,2778315
2017-08-07,73.76,74.44,73.68,73.99,3197306
2017-08-08,73.71,74.3,72.92,72.99,4769918
2017-08-09,72.77,73.37,72.66,73.14,3167251
2017-08-10,72.89,72.97,71.61,71.65,2704385
2017-08-11,71.74,71.93,71.38,71.48,1294693
2017-08-14,72.19,72.58,71.82,72.48,2032861
2017-08-15,72.44,72.89,72.12,72.31,1973921
2017-08-16,72.53,72.94,72.44,72.67,2103335
2017-08-17,71.52,72.68,71.47,71.72,4160596
2017-08-18,71.62,71.97,71.2,71.2,2261065
2017-08-21,71.13,71.39,70.69,71.14,2134123
2017-08-22,71.31,72.11,71.2,71.9,2317420
2017-08-23,71.43,71.75,71.12,71.21,1182801
2017-08-24,71.37,71.37,70.53,70.64,2530326
2017-08-25,71.04,71.17,70.58,70.7,1734668
2017-08-28,70.98,71.14,70.25,70.44,1319877
2017-08-29,70.16,70.7,69.82,70.52,2684823
2017-08-30,70.5,71.16,70.49,71.05,2561602
2017-08-31,71.45,71.88,71.19,71.76,2252886
2017-09-01,72.04,72.15,71.58,71.63,1707331
2017-09-05,71.61,71.93,70.73,71.1,2039028
2017-09-06,71.57,71.62,71.12,71.33,1700425
2017-09-07,71.48,71.52,70.63,71.32,1439251
2017-09-08,71.2,72.42,71.09,72.14,1775647
2017-09-11,72.69,73.38,72.48,73.35,2186492
2017-09-12,73.5,74.65,73.46,74.6,2483067
2017-09-13,74.54,74.95,74.2,74.93,2137316
2017-09-14,74.76,75.72,74.39,75.62,2480978
2017-09-15,75.59,76.98,75.22,76.91,4901320
2017-09-18,77.0,78.04,76.53,77.9,2832521
2017-09-19,77.74,77.87,76.96,77.03,3215299
2017-09-20,77.22,78.21,77.12,77.77,2482024
2017-09-21,77.7,78.25,77.66,78.06,1784557
2017-09-22,77.99,78.51,77.69,78.1,1624863
2017-09-25,78.14,78.23,76.89,77.55,2669637
2017-09-26,77.6,77.65,77.02,77.11,1855662
2017-09-27,77.44,77.61,76.81,77.12,2015333
2017-09-28,76.84,76.97,75.43,76.09,3048055
2017-09-29,75.95,76.94,75.72,76.79,2236259
2017-10-02,76.95,77.58,76.39,77.54,1755411
2017-10-03,77.68,77.76,77.25,77.45,2018426
2017-10-04,77.35,78.19,77.01,78.06,2209413
2017-10-05,77.96,78.25,77.59,77.8,2032978
2017-10-06,77.63,78.22,77.43,77.75,2281192
2017-10-09,77.76,78.12,77.31,77.68,1368753
2017-10-10,77.96,78.13,77.4,77.98,1612769
2017-10-11,77.95,78.67,77.73,78.53,2390582
2017-10-12,78.56,79.16,78.31,78.72,2504019
2017-10-13,79.12,79.19,78.47,78.53,1942761
2017-10-16,78.82,79.31,78.52,79.23,1400456
2017-10-17,77.83,78.43,76.6,78.07,3535673
2017-10-18,78.16,78.61,77.94,77.97,2249476
2017-10-19,77.37,78.19,77.34,78.02,2168542
2017-10-20,78.47,79.04,78.19,78.93,2560550
2017-10-23,79.03,79.09,78.43,78.48,2196924
2017-10-24,78.92,80.14,78.91,79.58,3107856
2017-10-25,79.44,79.69,78.33,78.98,2311198
2017-10-26,79.5,79.94,79.2,79.5,1642770
2017-10-27,79.47,79.99,79.14,79.77,1987626
2017-10-30,79.65,80.43,79.18,79.23,3741342
2017-10-31,77.94,81.5,77.62,80.02,4955367
2017-11-01,80.88,82.34,80.8,81.51,3680458
2017-11-02,81.05,81.34,79.33,79.38,3227141
2017-11-03,79.15,79.24,77.08,78.1,4477267
2017-11-06,78.1,78.64,77.64,78.31,2239793
2017-11-07,78.4,78.98,78.16,78.67,1454311
2017-11-08,78.41,79.21,77.94,79.05,2281816
2017-11-09,78.72,79.49,77.8,77.86,2957064
2017-11-10,77.9,78.08,77.48,77.92,1380391
2017-11-13,77.7,78.16,77.51,77.94,1393571
2017-11-14,77.49,77.67,76.89,76.89,1844785
2017-11-15,76.47,76.6,75.6,75.87,2029864
2017-11-16,76.14,76.8,76.14,76.44,1824814
2017-11-17,75.99,76.0,75.42,75.64,2965255
2017-11-20,75.86,75.98,75.5,75.69,2934168
2017-11-21,76.09,76.33,75.83,76.3,1802331
2017-11-22,76.33,76.67,76.18,76.22,995281
2017-11-24,76.37,76.37,75.83,75.92,698922
2017-11-27,75.94,76.05,75.53,75.53,1493915
2017-11-28,75.67,77.04,75.56,76.85,2029079
2017-11-29,77.02,77.29,76.36,76.84,1839554
2017-11-30,76.98,77.99,76.92,77.78,2725330
2017-12-01,77.99,78.42,76.4,77.7,2263985
2017-12-04,78.31,78.61,76.4,76.41,2329218
2017-12-05,76.55,76.62,74.94,74.95,3000553
2017-12-06,74.94,76.26,74.9,75.79,3000765
2017-12-07,75.65,77.47,75.62,77.26,3538475
2017-12-08,77.49,77.86,77.01,77.29,2363727
2017-12-11,77.34,78.11,77.11,77.77,3755061
2017-12-12,77.84,78.45,77.73,77.76,2189309
2017-12-13,77.96,78.49,77.54,77.57,2148054
2017-12-14,77.67,77.77,76.41,76.44,1719715
2017-12-15,76.61,77.78,76.58,77.29,3503663
2017-12-18,78.11,78.43,76.98,77.06,2747431
2017-12-19,77.27,77.32,76.74,76.86,1930790
2017-12-20,77.36,77.54,77.01,77.15,2319027
2017-12-21,77.48,78.38,77.16,78.1,2076889
2017-12-22,78.28,78.28,77.51,77.51,1362123
2017-12-26,77.6,77.71,77.21,77.32,676303
2017-12-27,77.4,77.68,77.01,77.42,1135454
2017-12-28,77.57,78.19,77.43,78.16,1083189
2017-12-29,78.91,79.65,78.56,79.01,3245939
2018-01-02,79.23,79.52,77.52,78.86,2814918
2018-01-03,79.26,81.67,78.86,81.64,4255893
2018-01-04,81.69,81.99,80.46,80.77,3936423
2018-01-05,80.88,81.42,80.25,81.39,2398900
2018-01-08,81.37,82.3,81.0,82.03,1818233
2018-01-09,81.87,82.49,80.31,81.98,2216041
2018-01-10,81.67,82.68,81.32,82.47,2127301
2018-01-11,82.66,83.99,82.33,83.99,1897871
2018-01-12,84.16,84.35,83.47,84.24,2417481
2018-01-16,84.44,84.5,82.7,83.35,2198454
2018-01-17,83.49,83.99,83.28,83.6,1379432
2018-01-18,83.69,84.0,83.02,83.56,2001600
2018-01-19,83.9,84.41,83.55,83.95,3215005
2018-01-22,83.93,84.42,83.51,84.36,2413427
2018-01-23,83.96,85.32,83.83,85.12,2393651
2018-01-24,85.6,85.61,84.34,84.5,2862229
2018-01-25,85.09,85.67,83.93,85.22,2592225
2018-01-26,85.5,86.51,85.04,86.49,1863270
2018-01-29,86.21,86.82,85.37,85.59,1883793
2018-01-30,84.91,85.63,84.33,84.74,2478757
2018-01-31,85.33,85.53,83.43,83.97,2901044
2018-02-01,86.93,89.85,86.65,87.86,6112747
2018-02-02,87.12,87.4,84.9,85.09,6100278
2018-02-05,85.67,85.68,81.58,81.58,5528363
2018-02-06,80.24,83.28,79.5,82.68,4994543
2018-02-07,82.32,84.38,81.59,81.62,3908996
2018-02-08,81.81,82.31,79.4,79.41,3150932
2018-02-09,80.7,81.6,78.99,80.77,4925807
2018-02-12,81.45,82.57,81.24,82.02,2789839
2018-02-13,81.46,82.14,80.99,81.83,1332524
2018-02-14,81.24,82.86,81.02,82.67,2399575
2018-02-15,83.11,83.42,81.78,82.76,1516624
2018-02-16,82.66,83.91,82.2,82.79,2200193
2018-02-20,82.43,83.04,81.45,81.71,3344556
2018-02-21,81.72,82.65,81.26,81.56,2219257
2018-02-22,82.03,82.65,81.68,81.88,1778941
2018-02-23,82.5,82.66,81.57,82.22,2204900
2018-02-26,82.36,82.55,81.54,82.28,2855451
2018-02-27,82.19,83.1,81.93,81.96,2514839
2018-02-28,82.16,82.51,80.68,80.7,2323493
2018-03-01,81.1,81.71,79.21,79.59,3527381
2018-03-02,79.16,80.09,78.39,79.7,3251021
2018-03-05,79.18,80.32,78.4,80.22,2983457
2018-03-06,80.79,80.97,79.72,80.94,2658735
2018-03-07,79.99,81.19,79.77,81.03,2741702
2018-03-08,81.93,81.96,80.49,81.14,5636039
2018-03-09,81.07,83.16,80.71,83.14,3155007
2018-03-12,83.09,83.24,81.21,81.53,3666118
2018-03-13,81.71,82.67,81.14,81.28,2869572
2018-03-14,81.89,81.92,79.96,80.09,2395910
2018-03-15,80.25,80.68,79.88,80.27,2840689
2018-03-16,80.43,81.3,80.23,80.98,4651868
2018-03-19,80.75,80.99,79.82,80.46,1709062
2018-03-20,80.7,81.87,80.5,81.16,1783183
2018-03-21,81.33,82.1,80.93,81.48,1847279
2018-03-22,80.64,81.36,79.28,79.43,2650354
2018-03-23,79.68,80.12,78.09,78.18,3332249
2018-03-26,80.18,81.43,79.51,81.1,4143089
2018-03-27,81.24,81.6,79.2,79.71,3678024
2018-03-28,79.81,79.87,78.57,79.05,2858409
2018-03-29,79.61,80.65,79.25,79.91,2902710
2018-04-02,79.47,79.63,76.51,77.69,2401543
2018-04-03,78.0,78.28,76.39,77.86,4515385
2018-04-04,76.48,78.67,76.14,78.58,3064081
2018-04-05,79.32,79.52,78.62,79.25,2434620
2018-04-06,78.35,78.92,75.66,75.97,4025877
2018-04-09,76.72,77.17,75.78,75.93,2921956
2018-04-10,77.9,78.45,77.41,77.59,2786342
2018-04-11,76.9,77.51,76.62,77.17,2279930
2018-04-12,77.5,78.06,77.36,77.44,3177046
2018-04-13,78.06,78.34,76.98,77.26,3313384
2018-04-16,77.89,78.14,77.26,77.45,3675910
2018-04-17,78.23,78.72,77.83,77.95,2536280
2018-04-18,78.42,79.4,78.11,79.19,2337716
2018-04-19,79.15,79.67,78.56,79.15,3317107
2018-04-20,79.32,79.6,78.47,79.06,2259388
2018-04-23,79.24,79.63,78.33,78.53,2085935
2018-04-24,79.12,79.51,74.71,75.93,3012983
2018-04-25,75.74,76.93,74.81,76.73,2744168
2018-04-26,76.69,76.84,75.0,75.91,3276460
2018-04-27,75.65,76.23,75.26,76.15,3401889
2018-04-30,76.2,76.58,75.03,75.03,3824731
2018-05-01,74.38,74.68,72.35,73.86,6034210
2018-05-02,73.51,74.26,72.63,72.82,4617956
2018-05-03,71.92,73.56,71.62,73.07,4229462
2018-05-04,72.56,75.3,72.31,74.87,3872138
2018-05-07,75.01,75.07,74.08,74.7,6020077
2018-05-08,74.8,74.99,74.29,74.82,3044136
2018-05-09,75.11,75.72,74.72,75.66,1596061
2018-05-10,75.82,76.58,75.45,76.45,2775146
2018-05-11,76.45,77.32,76.06,76.47,2188845
2018-05-14,76.76,76.95,76.27,76.58,2042274
2018-05-15,76.18,76.81,76.03,76.73,2588226
2018-05-16,76.71,77.89,76.61,77.33,2174777
2018-05-17,77.24,78.05,77.12,77.67,1607115
2018-05-18,78.52,79.05,78.43,78.59,2587510
2018-05-21,79.18,80.27,79.07,79.89,3375538
2018-05-22,80.1,80.5,79.11,79.16,1734103
2018-05-23,78.72,79.1,78.3,79.0,2805642
2018-05-24,78.98,79.43,78.0,78.91,3276757
2018-05-25,78.36,78.64,77.85,78.27,1688394
2018-05-29,77.48,77.61,76.24,76.94,2014584
2018-05-30,77.44,78.21,77.08,77.91,1575400
2018-05-31,78.21,78.21,76.31,76.58,2802323
2018-06-01,77.22,77.45,76.84,76.9,2043571
2018-06-04,77.25,77.68,76.78,76.97,2188772
2018-06-05,77.27,79.58,77.19,79.45,5141375
2018-06-06,79.81,80.28,79.0,80.28,3051580
2018-06-07,80.38,80.59,79.91,80.34,2362166
2018-06-08,80.08,80.4,79.74,80.35,1681497
2018-06-11,80.42,80.94,79.96,80.81,2111545
2018-06-12,80.84,81.18,80.14,80.41,2133638
2018-06-13,80.46,80.63,80.01,80.05,2598648
2018-06-14,80.21,80.54,79.08,79.28,1620671
2018-06-15,78.93,79.26,77.94,79.25,3580963
2018-06-18,78.51,79.28,78.17,79.23,2707871
2018-06-19,78.33,78.33,77.53,78.21,2510923
2018-06-20,78.67,78.76,77.73,77.94,1722951
2018-06-21,77.64,77.64,76.15,76.36,4231675
2018-06-22,77.03,77.26,76.5,76.59,2433622
2018-06-25,76.34,76.69,75.43,75.94,3283873
2018-06-26,76.13,76.4,75.41,75.51,2615118
2018-06-27,75.86,76.84,75.25,75.26,3630630
2018-06-28,75.22,75.5,73.48,74.44,5594906
2018-06-29,74.87,75.6,74.64,74.74,3533811
2018-07-02,74.19,75.09,74.11,74.93,2660116
2018-07-03,75.78,76.66,75.28,75.45,1378089
2018-07-05,75.84,76.0,75.15,75.84,1565231
2018-07-06,75.69,76.35,75.22,76.02,1736956
2018-07-09,76.15,77.82,76.07,77.8,1565434
2018-07-10,78.57,78.66,77.88,78.31,2027429
2018-07-11,77.47,77.47,75.44,75.76,2856038
2018-07-12,77.04,77.73,76.09,76.87,1875879
2018-07-13,76.64,77.8,76.54,77.76,1431933
2018-07-16,77.94,77.96,77.14,77.34,1975667
2018-07-17,77.12,78.04,76.96,77.82,2431713
2018-07-18,77.92,78.96,77.74,78.37,1944278
2018-07-19,77.9,78.35,77.58,78.21,2152556
2018-07-20,77.8,78.01,77.43,77.64,2212528
2018-07-23,77.62,77.78,76.7,76.87,3315936
2018-07-24,77.68,78.42,77.09,77.45,3754351
2018-07-25,77.36,79.08,77.13,78.98,3133580
2018-07-26,78.94,80.3,78.94,79.96,3256365
2018-07-27,80.12,80.91,79.96,80.57,2096747
2018-07-30,81.0,81.49,79.69,79.86,2812988
2018-07-31,80.2,83.55,80.13,83.17,4753375
2018-08-01,83.22,83.63,82.32,82.37,3613784
2018-08-02,81.23,81.7,80.78,81.17,2317120
2018-08-03,81.31,81.74,80.74,81.57,1861934
2018-08-06,81.72,81.9,81.08,81.19,1830838
2018-08-07,81.35,82.82,81.34,82.58,2823822
2018-08-08,82.5,82.62,81.7,81.91,1499870
2018-08-09,81.91,82.61,81.47,81.71,2096122
2018-08-10,81.16,81.24,80.26,80.55,2144474
2018-08-13,81.52,81.52,79.87,80.12,3273732
2018-08-14,80.27,80.65,79.83,80.14,2878820
2018-08-15,79.4,79.74,78.75,79.63,2158247
2018-08-16,80.22,80.99,80.18,80.51,2360406
2018-08-17,80.61,81.19,80.31,81.0,1664291
2018-08-20,81.27,81.85,81.15,81.35,1741685
2018-08-21,81.44,82.37,81.38,82.03,2936637
2018-08-22,81.93,81.99,81.17,81.49,2307564
2018-08-23,81.35,81.66,80.47,80.92,1846619
2018-08-24,81.35,81.71,80.96,81.68,1139190
2018-08-27,82.0,83.18,81.84,83.09,2144715
2018-08-28,83.42,83.88,83.35,83.57,2764039
2018-08-29,83.54,83.84,83.07,83.57,2092740
2018-08-30,83.28,83.48,82.71,82.83,1418538
2018-08-31,82.55,83.25,82.54,83.14,1887870
2018-09-04,83.09,83.13,81.91,82.77,2861363
2018-09-05,82.62,84.66,82.41,84.56,2506629
2018-09-06,84.55,84.92,84.21,84.67,1631200
2018-09-07,84.39,84.39,83.24,83.81,2974051
2018-09-10,84.65,85.68,84.56,85.25,2098856
2018-09-11,84.86,85.49,84.35,85.06,2129934
2018-09-12,85.1,86.17,84.69,85.97,2862879
2018-09-13,86.47,87.33,86.3,86.7,1858036
2018-09-14,86.9,87.41,86.57,87.15,1519259
2018-09-17,87.16,87.64,86.85,87.13,2451449
2018-09-18,87.24,87.53,86.03,86.93,2351779
2018-09-19,87.17,88.35,86.9,88.01,1794738
2018-09-20,88.51,88.84,87.21,88.32,2682966
2018-09-21,87.67,89.46,87.31,88.5,3753835
2018-09-24,88.25,88.39,87.17,87.45,2128699
2018-09-25,87.8,87.8,86.87,87.15,2480511
2018-09-26,87.34,87.76,86.79,86.91,2310087
2018-09-27,87.33,87.33,86.55,86.76,1691021
2018-09-28,86.85,87.09,86.45,86.73,1990573
2018-10-01,87.57,87.71,86.79,87.45,1957116
2018-10-02,87.45,87.93,87.19,87.85,1726213
2018-10-03,88.27,89.02,87.39,87.72,2532653
2018-10-04,87.56,88.57,86.98,87.7,1504753
2018-10-05,87.91,88.21,86.31,86.67,2359376
2018-10-08,86.43,86.84,85.54,86.67,1647086
2018-10-09,86.46,86.74,84.75,84.93,3363906
2018-10-10,84.72,84.84,81.69,81.75,3590736
2018-10-11,81.69,82.09,79.26,79.53,3284476
2018-10-12,81.2,81.71,78.69,79.77,3419244
2018-10-15,79.8,80.04,79.04,79.16,2105330
2018-10-16,79.76,80.35,79.2,80.26,1783084
2018-10-17,80.1,80.74,78.89,79.81,1764400
2018-10-18,79.21,79.68,77.88,78.38,1869355
2018-10-19,78.22,78.72,77.08,77.29,2075619
2018-10-22,77.57,77.95,76.48,76.56,2461486
2018-10-23,74.42,74.77,73.24,73.51,4750963
2018-10-24,73.51,73.85,70.2,70.39,4296363
2018-10-25,71.23,72.79,70.85,72.2,4172816
2018-10-26,71.37,72.95,70.58,72.01,4475218
2018-10-29,73.45,73.68,69.97,71.03,3105202
2018-10-30,68.75,70.88,67.7,70.35,7674472
2018-10-31,71.36,73.12,71.15,71.67,5765756
2018-11-01,71.55,74.11,71.27,73.75,3276447
2018-11-02,74.42,74.58,72.89,73.24,3366551
2018-11-05,73.64,74.28,73.28,73.75,3648809
2018-11-06,73.51,75.35,73.5,73.75,2315677
2018-11-07,75.81,76.16,74.67,75.42,3337256
2018-11-08,75.13,75.68,73.85,74.24,4073484
2018-11-09,73.67,74.05,72.75,73.43,3026843
2018-11-12,73.5,73.61,72.4,72.51,2144117
2018-11-13,72.52,73.8,72.01,72.31,2377446
2018-11-14,72.97,73.92,71.9,72.36,2694429
2018-11-15,72.0,74.33,71.64,73.98,2645106
2018-11-16,73.64,74.53,73.43,74.24,2379802
2018-11-19,73.93,74.48,73.07,73.48,1895353
2018-11-20,72.66,73.32,72.34,72.95,2037181
2018-11-21,73.35,74.77,73.05,74.08,3035878
2018-11-23,73.37,74.82,73.37,74.09,1254328
2018-11-26,74.68,75.56,74.29,75.09,2689873
2018-11-27,74.58,75.41,74.26,75.35,2315374
2018-11-28,75.68,76.63,74.4,76.57,2204564
2018-11-29,76.3,76.69,75.59,76.01,1638173
2018-11-30,75.57,77.0,75.25,76.94,3120511
2018-12-03,78.76,79.17,77.32,78.01,1959376
2018-12-04,77.99,78.2,74.84,74.99,2492949
2018-12-06,73.49,73.5,71.17,73.29,3854401
2018-12-07,73.42,74.39,70.99,71.25,3294346
2018-12-10,71.09,71.67,69.45,71.33,2213625
2018-12-11,72.8,72.87,70.5,70.92,1548181
2018-12-12,72.08,72.4,71.07,71.11,2296610
2018-12-13,71.57,71.75,70.39,70.8,2142006
2018-12-14,70.03,71.25,69.93,70.58,2813557
2018-12-17,70.39,70.79,68.7,69.18,3060188
2018-12-18,69.88,70.14,68.3,68.88,2859194
2018-12-19,68.94,70.12,67.45,68.01,4447927
2018-12-20,67.42,68.57,66.46,67.11,3844093
2018-12-21,67.05,68.7,66.19,66.37,5149933
2018-12-24,65.94,66.23,64.57,64.86,1750303
2018-12-26,65.32,67.82,64.46,67.79,2641291
2018-12-27,66.66,68.73,66.27,68.73,3162887
2018-12-28,69.25,69.26,68.04,68.24,2190772
2018-12-31,68.49,68.83,67.98,68.66,1916416
2019-01-02,67.72,68.96,67.6,68.61,2743666
2019-01-03,68.24,68.24,66.22,66.63,2772294
2019-01-04,67.7,68.54,67.0,68.53,3801406
2019-01-07,68.75,69.63,68.16,68.73,2253693
2019-01-08,69.47,69.75,67.75,68.18,4305036
2019-01-09,69.04,69.6,68.85,69.06,3184028
2019-01-10,68.59,70.35,68.44,70.19,2261138
2019-01-11,69.63,70.37,69.63,70.22,1676694
2019-01-14,69.73,70.54,69.27,70.38,1858832
2019-01-15,70.54,70.54,69.22,69.88,1796707
2019-01-16,69.8,70.36,69.73,70.1,1779580
2019-01-17,69.58,71.31,69.58,70.97,1396763
2019-01-18,71.46,72.54,71.26,71.87,2465096
2019-01-22,71.45,71.45,69.71,70.44,4081807
2019-01-23,70.54,70.8,69.55,70.15,2593435
2019-01-24,70.28,70.63,69.87,70.16,2997265
2019-01-25,71.0,71.42,70.75,71.07,2632634
2019-01-28,69.84,69.84,67.97,69.11,4635755
2019-01-29,69.85,71.25,69.44,71.11,3485138
2019-01-30,72.0,73.04,70.95,72.88,3646895
2019-01-31,75.0,76.52,74.46,76.25,6112323
2019-02-01,76.56,76.58,75.27,76.48,4149461
2019-02-04,76.73,77.15,76.01,77.1,2845167
2019-02-05,77.11,77.21,76.5,77.15,2464491
2019-02-06,76.44,77.46,76.44,76.94,2454757
2019-02-07,76.52,77.13,75.7,76.36,2467081
2019-02-08,75.78,76.09,75.12,75.83,1903422
2019-02-11,75.89,75.98,75.33,75.63,1754016
2019-02-12,76.21,76.85,76.05,76.67,2327715
2019-02-13,77.07,77.84,76.86,77.67,2106205
2019-02-14,77.14,77.84,76.68,77.67,1551897
2019-02-15,77.97,78.81,77.78,78.73,2233251
2019-02-19,78.31,79.02,78.05,78.8,1993834
2019-02-20,79.06,79.78,78.77,79.72,2211542
2019-02-21,79.62,79.81,79.14,79.69,1926085
2019-02-22,80.0,80.87,79.75,80.79,2584072
2019-02-25,81.51,81.51,80.71,80.92,2210477
2019-02-26,80.54,81.2,80.45,80.49,1549168
2019-02-27,80.38,80.68,79.7,80.64,2056699
2019-02-28,80.66,80.69,79.7,79.77,2522356
2019-03-01,81.18,81.36,79.04,80.23,4009210
2019-03-04,81.09,82.08,80.2,81.3,4031364
2019-03-05,81.15,81.44,80.68,80.8,3173958
2019-03-06,80.73,81.34,80.54,80.95,3878076
2019-03-07,80.12,80.12,78.74,79.93,2831492
2019-03-08,78.86,79.7,78.76,79.38,2243966
2019-03-11,79.2,80.37,79.15,80.31,2067612
2019-03-12,80.89,81.1,80.14,80.36,3261611
2019-03-13,80.71,81.19,80.28,80.59,2201664
2019-03-14,80.43,81.2,79.93,80.99,2444479
2019-03-15,80.97,81.42,80.43,80.58,4940006
2019-03-18,80.82,82.25,80.75,82.1,2575414
2019-03-19,82.5,82.84,81.83,82.22,2235583
2019-03-20,82.15,82.15,80.88,81.23,3259002
2019-03-21,80.78,82.3,80.78,82.01,1862461
2019-03-22,81.51,81.71,78.86,79.02,3789972
2019-03-25,79.0,79.57,78.62,78.96,2801538
2019-03-26,79.75,79.92,79.08,79.52,2063365
2019-03-27,79.6,80.06,78.95,79.37,2133359
2019-03-28,79.85,80.35,79.24,79.86,1766960
2019-03-29,80.65,80.67,80.25,80.56,2166073
2019-04-01,81.56,82.39,81.26,82.24,2080674
2019-04-02,82.49,82.94,82.13,82.64,1677330
2019-04-03,83.15,83.67,82.47,82.87,2080123
2019-04-04,82.24,83.24,82.24,83.18,1917440
2019-04-05,83.29,83.68,83.1,83.25,1513536
2019-04-08,83.0,83.69,82.52,83.68,1406527
2019-04-09,83.2,83.23,82.23,82.35,1736546
2019-04-10,82.44,82.75,81.98,82.42,1400714
2019-04-11,82.74,83.18,82.5,82.98,1349733
2019-04-12,83.52,83.9,83.08,83.88,1486433
2019-04-15,83.88,84.0,83.27,83.61,864007
2019-04-16,84.0,84.24,83.56,84.15,1821953
2019-04-17,84.81,85.25,84.14,84.43,1485130
2019-04-18,84.93,85.49,84.75,85.21,1629834
2019-04-22,84.9,85.07,84.45,84.94,1222840
2019-04-23,84.8,86.08,84.73,85.59,1996260
2019-04-24,85.44,85.87,85.21,85.34,1505390
2019-04-25,84.48,84.77,83.64,83.8,1582295
2019-04-26,83.96,84.02,83.07,83.77,2454818
2019-04-29,84.2,84.47,83.56,83.99,2426686
2019-04-30,82.49,83.52,80.68,82.82,4726674
2019-05-01,83.34,84.2,81.83,81.91,3521542
2019-05-02,81.16,82.05,80.77,81.42,3010674
2019-05-03,81.82,82.82,81.79,82.8,1982157
2019-05-06,81.28,82.3,80.76,82.04,1645516
2019-05-07,80.81,81.24,80.42,81.03,2641636
2019-05-08,80.88,81.7,80.76,80.96,2735538
2019-05-09,80.11,81.09,79.83,80.96,1910639
2019-05-10,80.62,81.84,79.43,81.49,1800036
2019-05-13,79.52,79.95,78.22,78.5,2729577
2019-05-14,78.88,79.65,78.7,79.15,1658364
2019-05-15,78.75,79.86,78.42,79.54,1304428
2019-05-16,79.74,80.31,79.51,80.01,1419904
2019-05-17,79.09,79.9,78.63,78.75,1557284
2019-05-20,78.12,78.82,77.92,78.42,1318613
2019-05-21,78.97,80.15,78.91,79.92,2048088
2019-05-22,79.52,79.81,78.86,78.93,1915369
2019-05-23,78.06,78.06,76.71,77.03,1981438
2019-05-24,77.65,77.85,77.03,77.39,1660656
2019-05-28,77.36,77.56,76.12,76.19,1949480
2019-05-29,75.75,76.35,75.21,75.59,2337927
2019-05-30,75.71,76.32,75.54,75.85,1265669
2019-05-31,74.81,74.87,74.29,74.49,1840079
2019-06-03,74.57,76.01,74.42,75.38,2129887
2019-06-04,76.27,78.04,76.06,77.77,2419007
2019-06-05,78.57,78.71,77.55,78.22,1744987
2019-06-06,78.49,78.78,77.59,78.3,1579202
2019-06-07,78.94,79.4,78.71,79.08,1736708
2019-06-10,79.54,80.12,79.11,79.32,1424034
2019-06-11,80.07,80.56,79.03,79.21,1724896
2019-06-12,79.11,79.26,78.34,78.67,1328193
2019-06-13,79.27,79.4,78.63,79.29,1487103
2019-06-14,78.76,79.08,77.74,78.37,1380736
2019-06-17,78.2,78.47,77.46,77.64,1315718
2019-06-18,78.12,79.76,78.08,79.47,1732125
2019-06-19,79.77,80.23,79.4,79.95,2498589
2019-06-20,81.4,82.92,81.18,82.64,4201206
2019-06-21,82.86,83.74,82.23,83.22,4828412
2019-06-24,82.92,83.31,81.85,82.27,2754815
2019-06-25,82.37,82.67,81.94,82.08,3184227
2019-06-26,82.35,82.89,82.16,82.63,1859221
2019-06-27,82.83,83.39,81.94,82.72,2214748
2019-06-28,82.87,83.48,82.72,83.28,3083492
2019-07-01,84.55,84.7,82.9,83.18,2292890
2019-07-02,82.88,82.88,80.99,81.74,2787774
2019-07-03,81.75,82.37,81.33,82.32,869966
2019-07-05,81.5,81.84,80.48,81.81,1322137
2019-07-08,81.22,82.22,80.86,81.26,1328719
2019-07-09,80.54,80.83,79.91,80.25,3588276
2019-07-10,80.59,81.06,78.98,79.04,1924896
2019-07-11,79.29,79.34,78.24,79.15,2868267
2019-07-12,79.62,81.55,79.3,81.21,1829041
2019-07-15,81.22,81.41,80.32,80.69,1988064
2019-07-16,80.61,81.41,80.2,81.15,2058333
2019-07-17,81.05,81.14,79.32,79.35,1705905
2019-07-18,79.27,79.43,78.7,79.06,2721557
2019-07-19,79.63,80.48,79.38,79.86,2380447
2019-07-22,80.04,80.48,79.46,79.56,1699543
2019-07-23,80.13,81.87,79.65,81.81,2702594
2019-07-24,81.23,82.86,80.91,82.73,2009948
2019-07-25,82.56,82.76,81.57,81.98,2180741
2019-07-26,81.62,82.1,81.13,81.57,1783683
2019-07-29,81.45,81.65,80.67,81.07,2472496
2019-07-30,80.59,83.94,79.74,83.12,3136758
2019-07-31,83.08,83.38,81.33,82.19,4566390
2019-08-01,81.23,82.84,79.68,79.97,3124955
2019-08-02,79.57,80.03,78.98,79.3,2683498
2019-08-05,77.91,78.03,76.46,76.83,3098480
2019-08-06,78.28,79.08,77.1,78.89,2404304
2019-08-07,77.72,78.46,76.33,78.09,3220373
2019-08-08,78.71,80.02,78.71,79.76,1879044
2019-08-09,79.3,79.71,78.26,79.03,2388272
2019-08-12,78.55,78.84,77.77,77.95,2250996
2019-08-13,78.02,80.37,77.62,79.41,2349375
2019-08-14,77.6,77.94,74.95,75.19,5155737
2019-08-15,75.28,76.07,74.86,75.91,2479580
2019-08-16,76.37,77.68,76.3,77.32,1655170
2019-08-19,78.91,79.36,78.44,79.14,2158611
2019-08-20,79.0,79.0,77.98,78.16,1610006
2019-08-21,79.26,79.3,78.26,78.65,1483029
2019-08-22,78.98,79.08,77.73,78.37,1631546
2019-08-26,77.16,77.4,76.05,76.83,1670046
2019-08-27,77.43,77.43,76.49,76.86,1853964
2019-08-28,76.5,77.99,76.12,77.87,1346992
2019-08-29,78.95,79.78,78.8,79.64,1646946
2019-08-30,80.44,81.29,80.29,80.72,2715656
2019-09-03,79.52,79.6,77.62,78.49,3527639
2019-09-04,79.3,79.76,78.92,79.17,1660066
2019-09-05,80.43,82.42,80.28,81.95,2243561
2019-09-06,81.98,83.49,81.71,83.25,1983946
2019-09-09,83.82,84.93,83.49,84.85,2055230
2019-09-10,85.0,86.86,85.0,86.84,3290339
2019-09-11,86.89,88.07,85.82,88.03,1999277
2019-09-12,88.01,88.1,86.7,87.3,2330262
2019-09-13,87.91,89.07,87.14,87.47,3175581
2019-09-16,86.97,86.99,85.86,86.46,1563449
2019-09-18,85.43,85.86,84.05,84.98,2536323
2019-09-19,85.34,85.72,84.38,84.51,1852438
2019-09-20,84.8,85.31,83.49,83.57,3064339
2019-09-23,82.97,84.43,82.71,83.91,2369888
2019-09-24,84.14,84.29,81.8,82.32,2809617
2019-09-25,82.04,83.18,81.8,82.67,2387928
2019-09-26,82.63,82.83,82.0,82.49,1909156
2019-09-27,82.89,83.29,81.78,83.01,1503838
2019-09-30,83.35,83.56,82.77,83.15,1752265
2019-10-01,83.92,84.05,80.41,80.8,1814674
2019-10-02,79.68,79.68,76.86,77.76,2873482
2019-10-03,77.57,78.65,76.43,78.47,1568340
2019-10-04,78.54,79.42,78.43,79.32,1539115
2019-10-07,79.13,79.55,78.09,78.3,1945454
2019-10-08,77.38,77.39,76.2,76.25,1767936
2019-10-09,76.69,77.67,76.11,77.39,2226021
2019-10-10,77.65,79.2,77.5,78.6,1893632
2019-10-11,80.22,82.81,80.1,81.36,2721018
2019-10-14,80.91,81.27,80.4,80.86,1596832
2019-10-15,80.88,82.49,80.1,82.12,1922209
2019-10-16,80.81,82.87,80.81,81.07,2594545
2019-10-17,81.8,82.52,81.04,81.41,4792472
2019-10-18,81.47,82.91,81.39,82.56,1981762
2019-10-21,83.0,84.04,82.97,83.5,1875339
2019-10-22,83.71,85.16,83.18,84.72,1669828
2019-10-23,84.75,84.92,84.02,84.66,1548970
2019-10-24,84.99,85.17,83.87,84.25,1548111
2019-10-25,84.85,85.91,84.27,85.62,2083355
2019-10-28,86.48,87.63,86.48,87.22,3246473
2019-10-29,86.49,89.45,85.63,88.96,3551829
2019-10-30,88.98,88.98,87.22,88.25,2326978
2019-10-31,87.41,87.54,85.93,87.11,1953389
2019-11-01,87.61,88.64,86.89,88.61,2250102
2019-11-04,89.5,91.2,89.19,91.16,2523106
2019-11-05,90.87,91.65,89.89,90.64,2242135
2019-11-06,90.75,91.22,90.01,91.2,2097445
2019-11-07,91.89,92.15,90.68,90.9,1885910
2019-11-08,90.67,92.37,90.46,92.22,1980978
2019-11-11,90.98,92.0,90.98,91.88,1110042
2019-11-12,91.6,92.96,91.54,92.35,3600215
2019-11-13,91.48,91.85,90.57,90.78,2133281
2019-11-14,90.61,91.18,90.49,90.89,1166761
2019-11-15,91.7,92.16,91.36,91.79,1914045
2019-11-18,90.91,91.67,90.2,90.73,2306795
2019-11-19,90.73,90.86,89.87,90.21,2873828
2019-11-20,89.9,90.23,89.15,89.82,1855726
2019-11-21,89.98,90.19,89.36,90.16,1609934
2019-11-22,90.68,91.07,90.25,90.74,1652302
2019-11-25,91.37,92.53,90.71,92.15,3961101
2019-11-26,91.96,92.77,91.7,92.7,2510594
2019-11-27,92.67,93.12,91.84,93.0,1477475
2019-11-29,92.97,92.97,92.29,92.5,1032413
2019-12-02,92.98,93.38,91.94,91.98,2387774
2019-12-03,90.96,91.79,90.35,91.4,2908555
2019-12-04,90.86,92.64,90.86,91.12,2832583
2019-12-05,91.92,91.98,90.93,91.86,2982763
2019-12-06,93.34,93.76,92.57,93.08,1562251
2019-12-09,92.91,93.05,92.51,92.76,3380134
2019-12-10,92.76,93.37,92.18,92.68,1574133
2019-12-11,93.09,93.5,92.16,93.39,2134956
2019-12-12,93.5,94.64,93.07,94.45,2735221
2019-12-13,94.19,94.96,93.21,93.6,1844921
2019-12-16,94.05,94.83,93.9,94.08,1891479
2019-12-17,94.67,94.96,94.15,94.23,1693617
2019-12-18,94.21,94.48,93.44,94.43,2008363
2019-12-19,94.52,94.75,93.87,94.24,3083386
2019-12-20,94.99,95.46,94.08,94.4,5245705
2019-12-23,94.72,95.28,94.16,95.13,2332399
2019-12-24,95.36,95.36,94.3,94.48,664210
2019-12-26,94.66,95.05,94.26,95.04,1264601
2019-12-27,95.34,95.39,94.83,94.99,1004303
2019-12-30,94.95,95.48,94.56,94.93,1451864
2019-12-31,94.78,95.29,94.41,94.72,1461939
2020-01-02,95.24,95.88,94.24,95.87,2203938
2020-01-03,94.23,95.24,93.71,95.16,1557897
2020-01-06,94.54,95.43,94.27,95.34,3665159
2020-01-07,94.16,95.0,94.01,94.84,2632362
2020-01-08,94.84,95.56,94.65,95.13,2480492
2020-01-09,95.61,95.64,94.82,95.19,2736940
2020-01-10,95.52,95.61,94.7,94.98,2213033
2020-01-13,94.63,95.03,94.25,94.86,1638280
2020-01-14,95.05,95.19,93.99,94.1,2349912
2020-01-15,93.55,94.29,93.34,93.9,2653192
2020-01-16,94.71,94.84,93.98,94.82,1677013
2020-01-17,94.79,95.95,94.62,95.68,2978620
2020-01-21,95.35,95.49,94.32,94.52,3505271
2020-01-22,98.32,99.82,96.59,97.16,5604149
2020-01-23,96.33,97.97,95.41,97.9,3081270
2020-01-24,98.26,98.31,96.43,96.84,2626023
2020-01-27,94.86,95.15,93.96,94.64,2194436
2020-01-28,94.84,97.02,94.68,96.27,3394249
2020-01-29,96.87,97.48,96.12,96.87,2108130
2020-01-30,95.62,97.41,95.49,97.23,2680516
2020-01-31,96.38,96.86,94.03,94.47,4701832
2020-02-03,95.06,96.81,94.95,95.49,2745651
2020-02-04,97.97,101.54,97.86,100.91,4735385
2020-02-05,102.32,103.21,101.68,102.34,3339436
2020-02-06,103.5,103.5,101.86,102.48,2507867
2020-02-07,101.9,102.94,101.13,101.96,3063989
2020-02-10,101.84,102.93,101.5,102.91,2039630
2020-02-11,103.42,104.39,103.01,103.53,2481266
2020-02-12,104.5,104.97,103.8,104.03,2006249
2020-02-13,103.41,103.98,102.82,102.89,2059513
2020-02-14,102.96,103.6,102.51,103.55,1991932
2020-02-18,104.03,104.64,103.52,104.47,2298410
2020-02-19,104.5,104.98,104.16,104.31,1873054
2020-02-20,104.26,105.78,104.1,105.1,1755692
2020-02-21,104.23,105.14,103.81,104.93,2465728
2020-02-24,101.67,102.65,101.12,101.65,4178141
2020-02-25,101.95,102.46,98.1,98.21,4140859
2020-02-26,98.89,99.74,96.58,96.58,4108627
2020-02-27,94.34,96.63,92.63,93.24,5546358
2020-02-28,90.82,92.1,89.08,90.72,6790079
2020-03-02,91.5,95.75,91.01,95.68,5188931
2020-03-03,96.27,99.26,92.49,92.85,5114596
2020-03-04,94.71,98.2,94.43,98.12,4268982
2020-03-05,94.92,96.4,93.32,93.66,3980361
2020-03-06,90.31,93.93,90.08,92.77,4760047
2020-03-09,85.09,86.47,78.0,83.13,5205877
2020-03-10,86.23,89.52,84.63,89.06,4973962
2020-03-11,86.41,87.5,83.11,84.37,4422864
2020-03-12,78.25,80.49,75.01,75.92,5814852
2020-03-13,80.82,87.04,78.19,85.56,5712266
2020-03-16,75.81,81.28,74.87,75.32,4825509
2020-03-17,76.9,77.98,70.28,73.74,5774007
2020-03-18,68.13,69.44,58.72,68.82,5784857
2020-03-19,67.52,72.68,62.1,72.45,4599012
2020-03-20,73.86,73.86,64.47,64.93,4540884
2020-03-23,63.83,64.31,56.42,57.77,6097249
2020-03-24,61.64,72.41,61.17,71.21,5155932
2020-03-25,72.09,79.31,69.41,74.6,5259105
2020-03-26,76.29,78.96,73.82,78.25,3073456
2020-03-27,73.03,76.51,71.92,74.54,2621388
2020-03-30,74.42,78.71,74.0,78.32,2873415
2020-03-31,77.67,79.04,75.87,77.69,5641240
2020-04-01,72.57,74.04,71.13,73.14,3769692
2020-04-02,72.44,75.09,71.58,73.59,3162497
2020-04-03,74.12,74.12,70.34,71.25,2606693
2020-04-06,75.21,77.89,75.13,77.4,3109271
2020-04-07,81.17,82.25,75.94,76.16,3372098
2020-04-08,77.24,80.7,76.13,80.14,3272812
2020-04-09,80.69,84.84,80.5,81.44,4472118
2020-04-13,79.4,79.93,76.74,78.39,2238205
2020-04-14,80.51,81.24,78.68,79.84,1943416
2020-04-15,77.76,78.01,75.39,75.74,2040536
2020-04-16,75.6,76.24,74.35,75.82,2960974
2020-04-17,78.58,80.88,78.12,79.26,2450924
2020-04-21,76.71,77.86,75.8,76.91,2400334
2020-04-22,78.92,79.68,77.5,77.65,2639352
2020-04-23,78.78,80.29,78.03,78.15,2289281
2020-04-24,78.98,79.38,77.7,78.86,2085053
2020-04-27,79.29,83.23,79.29,82.54,1992281
2020-04-28,84.53,85.45,82.63,83.1,2249204
2020-04-29,84.99,86.77,84.3,85.78,2563586
2020-04-30,85.31,85.49,82.67,83.5,3597945
2020-05-01,82.0,82.89,79.87,82.07,2505796
2020-05-04,80.47,81.14,78.1,79.32,2839853
2020-05-05,81.05,82.36,80.5,80.8,2260095
2020-05-06,80.77,81.65,79.92,79.92,1825490
2020-05-07,81.26,81.57,79.87,80.26,2219287
2020-05-08,81.5,82.4,81.09,82.25,1555139
2020-05-11,81.44,81.79,80.19,81.08,1786775
2020-05-12,81.47,82.09,77.27,77.46,1996443
2020-05-13,76.43,76.6,73.06,73.87,2336713
2020-05-14,71.91,74.99,70.54,74.91,2734043
2020-05-15,74.22,75.22,73.12,73.71,2661181
2020-05-18,77.0,79.0,76.64,78.27,1916472
2020-05-19,77.77,78.46,76.26,76.34,2356168
2020-05-20,77.68,78.62,76.56,77.93,1905104
2020-05-21,77.64,78.67,77.47,78.29,2130067
2020-05-22,78.41,78.76,77.06,78.67,1784379
2020-05-26,80.23,82.45,80.17,81.92,2683100
2020-05-27,84.28,86.47,83.91,86.28,3191019
2020-05-28,86.96,87.1,84.64,85.13,3491155
2020-05-29,84.31,85.16,83.06,84.9,3361668
2020-06-01,84.67,85.36,84.18,84.66,1584138
2020-06-02,85.14,85.62,84.24,85.62,1741342
2020-06-03,86.9,89.55,86.65,89.33,1819516
2020-06-04,88.47,92.04,87.94,91.99,3069596
2020-06-05,96.59,98.46,95.16,95.43,3398101
2020-06-08,94.76,96.31,94.66,95.67,2574156
2020-06-09,93.87,96.49,93.25,95.42,2260669
2020-06-10,95.0,95.42,91.98,91.98,2023642
2020-06-11,88.16,88.42,84.97,85.13,2069804
2020-06-12,88.45,88.66,83.95,86.01,1788060
2020-06-15,83.33,87.86,82.98,86.69,2651619
2020-06-16,90.01,90.97,87.25,88.94,2000571
2020-06-17,89.63,89.63,87.66,88.84,2027450
2020-06-18,88.1,88.83,87.16,87.53,1932044
2020-06-19,89.48,89.48,86.8,89.34,6551268
2020-06-22,88.75,88.75,86.43,87.08,2600267
2020-06-23,88.0,88.21,87.09,87.12,1841403
2020-06-24,86.31,86.45,83.88,84.01,2500893
2020-06-25,83.57,85.64,82.44,85.47,2502301
2020-06-26,85.24,85.96,84.67,85.5,3696068
2020-06-29,86.34,87.74,85.75,86.91,1690803
2020-06-30,86.47,87.93,86.12,87.48,1910093
2020-07-01,87.91,88.3,86.54,87.1,2183173
2020-07-02,88.72,89.98,88.09,88.24,1587747
2020-07-06,89.82,90.15,88.2,88.88,1516411
2020-07-07,88.37,88.58,87.12,87.4,1499633
2020-07-08,87.62,88.38,86.54,87.34,1561777
2020-07-09,87.1,87.52,85.05,85.64,2132438
2020-07-10,85.86,86.5,84.87,86.44,1380131
2020-07-13,87.01,89.17,86.63,87.43,1557049
2020-07-14,87.52,90.98,86.75,90.67,2221703
2020-07-15,92.3,93.84,91.26,93.4,2711575
2020-07-16,92.94,94.74,92.55,93.56,1397144
2020-07-17,94.14,95.25,93.63,94.57,1791671
2020-07-20,94.05,94.16,92.43,92.78,1419165
2020-07-21,93.4,94.6,93.0,93.56,1303372
2020-07-22,93.16,94.42,93.12,93.97,903887
2020-07-23,94.03,94.34,93.38,93.83,1200441
2020-07-24,93.97,94.5,93.05,93.61,1004114
2020-07-27,93.38,95.4,92.59,95.23,1265121
2020-07-28,94.76,95.18,93.3,93.34,1374036
2020-07-29,95.55,97.53,93.84,96.89,1964093
2020-07-30,95.3,95.3,93.39,94.46,1396255
2020-07-31,94.14,94.17,91.72,93.13,1664194
2020-08-03,93.82,95.49,93.26,94.87,1278546
2020-08-04,94.19,94.8,93.26,94.65,945629
2020-08-05,95.43,96.8,95.3,96.34,1355713
2020-08-06,96.17,96.77,95.54,96.51,960680
2020-08-07,96.71,97.85,95.96,97.76,1139960
2020-08-10,97.92,99.96,97.58,99.76,1574474
2020-08-11,100.28,103.73,100.28,102.18,2442787
2020-08-12,103.43,103.45,102.11,102.55,2671218
2020-08-13,101.11,101.92,100.61,101.43,1803229
2020-08-14,100.48,101.84,100.35,100.89,1192240
2020-08-17,101.27,102.2,100.31,100.9,1513145
2020-08-18,100.69,101.37,100.05,100.71,1205295
2020-08-19,100.34,101.51,99.53,100.48,1365747
2020-08-20,99.34,100.19,99.06,99.47,1209740
2020-08-21,99.58,101.19,99.32,100.59,1658149
2020-08-24,101.39,102.89,100.76,102.88,1595761
2020-08-25,103.6,103.82,101.82,102.82,1250067
2020-08-26,102.44,102.82,101.32,102.4,1127353
2020-08-27,102.88,103.26,101.47,102.09,947961
2020-08-28,102.49,103.57,101.51,103.51,1049714
2020-08-31,103.07,103.5,101.76,102.1,1690130
2020-09-01,101.75,103.52,101.32,103.43,1256948
2020-09-02,103.5,106.07,103.09,105.57,1393762
2020-09-03,105.5,105.84,101.5,102.15,3002817
2020-09-04,103.87,104.55,101.81,102.58,1545524
2020-09-08,101.59,102.18,99.87,100.48,1450901
2020-09-09,101.76,103.7,101.2,102.56,1346318
2020-09-10,103.0,103.98,100.64,101.0,1299285
2020-09-11,101.66,103.41,101.08,102.52,1049887
2020-09-14,103.31,103.92,102.63,103.18,1686231
2020-09-15,103.89,104.56,102.79,102.88,1490022
2020-09-16,103.68,105.39,103.0,104.39,1897510
2020-09-17,103.31,105.47,102.09,105.01,1384766
2020-09-18,104.77,105.89,103.08,103.4,2613141
2020-09-21,101.07,101.52,96.24,97.38,2353575
2020-09-22,97.57,99.56,97.02,99.31,1730477
2020-09-23,99.19,101.05,98.68,98.78,1981012
2020-09-24,98.48,100.77,98.05,99.65,1859484
2020-09-25,98.51,100.75,98.4,99.96,1605452
2020-09-28,101.53,103.52,101.2,102.34,1599663
2020-09-29,102.49,102.49,100.87,101.18,1077602
2020-09-30,101.71,103.65,100.95,102.03,1664804
2020-10-01,102.71,103.21,99.66,100.59,1355864
2020-10-02,99.13,104.21,98.99,102.65,1923951
2020-10-05,103.88,105.47,103.6,105.09,1467376
2020-10-06,105.31,106.79,104.33,104.44,1330595
2020-10-07,105.79,107.13,105.46,106.95,1481608
2020-10-08,107.29,107.92,106.23,107.48,1009244
2020-10-09,108.46,109.2,107.3,107.53,1512418
2020-10-12,108.61,109.63,108.0,108.21,1196298
2020-10-13,107.69,108.53,106.87,107.6,1547898
2020-10-14,107.89,109.46,107.66,108.19,826512
2020-10-15,106.97,108.7,106.64,108.63,955667
2020-10-16,109.36,111.19,108.81,109.26,1520184
2020-10-19,109.46,109.86,107.33,107.89,1207703
2020-10-20,108.6,110.65,108.12,108.74,1069802
2020-10-21,108.31,110.06,108.24,108.28,985650
2020-10-22,108.74,110.45,108.74,109.88,1199741
2020-10-23,110.8,111.65,109.7,109.81,1088648
2020-10-26,108.25,108.71,105.77,107.42,1330086
2020-10-27,107.43,107.71,105.18,105.42,943272
2020-10-28,103.14,104.91,101.84,102.31,1446598
2020-10-29,101.79,105.15,101.52,104.22,1148447
2020-10-30,103.86,104.68,102.28,103.79,1494490
2020-11-02,105.76,107.71,105.25,107.34,2226910
2020-11-03,109.26,111.99,106.92,111.25,2345031
2020-11-04,110.2,110.2,104.34,105.9,2874912
2020-11-05,107.78,110.49,107.37,109.81,1975800
2020-11-06,109.84,111.18,109.25,109.96,1212459
2020-11-09,116.12,119.48,113.42,113.5,2959828
2020-11-10,113.66,115.82,113.23,114.86,1992565
2020-11-11,116.99,117.0,113.2,114.07,2120709
2020-11-12,113.61,114.16,112.37,113.32,1159167
2020-11-13,114.0,115.24,113.49,114.45,1679595
2020-11-16,116.8,117.91,114.67,117.5,1913599
2020-11-17,116.19,116.91,114.45,116.07,1307617
2020-11-18,116.14,118.05,115.66,116.75,1282111
2020-11-19,117.58,118.93,114.91,118.12,2244538
2020-11-20,118.23,118.73,117.01,117.4,2182322
2020-11-23,118.3,120.34,118.06,120.26,2330185
2020-11-24,121.58,123.67,120.69,123.25,2709113
2020-11-25,122.64,122.64,120.71,122.19,1774226
2020-11-27,122.7,122.85,121.26,121.9,1039853
2020-11-30,121.8,122.15,120.01,121.11,3567106
2020-12-01,122.58,123.43,120.61,120.7,2483226
2020-12-02,119.61,120.99,117.99,118.92,2101199
2020-12-03,118.79,119.44,116.4,116.73,3257231
2020-12-04,116.94,119.66,116.94,118.82,1490767
2020-12-07,118.45,118.59,116.97,117.4,1310403
2020-12-08,116.83,118.54,116.27,117.86,1617962
2020-12-09,118.42,118.99,116.8,117.89,1511153
2020-12-10,117.13,117.13,114.77,115.15,1401479
2020-12-11,114.31,115.97,114.1,115.6,1279415
2020-12-14,115.97,116.47,113.83,113.84,1771650
2020-12-15,115.06,117.13,113.79,116.54,1983600
2020-12-16,116.6,116.69,115.07,115.37,1610573
2020-12-17,115.81,116.14,114.13,115.29,1794732
2020-12-18,115.03,116.48,114.3,116.08,4499221
2020-12-21,115.18,117.55,113.95,116.98,2548516
2020-12-22,117.18,117.63,115.73,116.61,1552777
2020-12-23,117.51,118.66,116.98,117.02,1109358
2020-12-24,117.2,118.08,116.01,118.07,362213
2020-12-28,119.07,119.96,117.66,117.72,1075481
2020-12-29,118.24,118.53,116.04,117.16,874309
2020-12-30,117.87,119.6,117.55,119.3,1288411
2020-12-31,119.27,120.4,118.73,120.14,1056873
2021-01-04,120.3,121.58,117.87,118.75,1947789
2021-01-05,118.32,120.54,118.18,120.01,1217420
2021-01-06,122.31,128.36,122.16,126.45,3083004
2021-01-07,127.79,130.0,126.43,129.09,2585346
2021-01-08,129.28,129.9,125.14,126.88,2695628
2021-01-11,125.2,127.77,125.13,126.96,1490239
2021-01-12,126.99,128.61,126.16,128.34,1479967
2021-01-13,127.91,128.34,125.3,125.41,2344135
2021-01-14,126.23,126.6,124.19,124.62,4047729
2021-01-15,122.88,123.4,121.0,123.17,2590518
2021-01-19,124.5,126.96,124.01,125.5,2144502
2021-01-20,125.55,126.49,124.37,125.98,1698637
2021-01-21,125.93,126.87,124.9,125.13,1348540
2021-01-22,124.43,125.22,122.93,124.43,1405702
2021-01-25,123.96,124.23,121.29,121.82,1598960
2021-01-26,122.53,122.61,120.5,120.74,1140763
2021-01-27,118.68,118.91,114.01,114.86,2062196
2021-01-28,115.92,119.71,115.52,118.29,1537357
2021-01-29,117.83,121.75,116.74,117.7,2444790
2021-02-01,119.0,122.17,118.33,121.54,3054736
2021-02-02,121.75,123.43,118.66,120.44,4882987
2021-02-03,120.89,121.55,119.0,119.54,2133231
2021-02-04,119.74,120.89,119.01,120.54,2184182
2021-02-05,122.04,122.69,120.06,121.94,1983024
2021-02-08,122.7,123.03,119.42,120.22,2548191
2021-02-09,120.45,120.61,118.6,119.83,1857658
2021-02-10,121.59,122.79,120.87,121.76,2988453
2021-02-11,122.34,123.98,121.46,123.53,2285849
2021-02-12,122.59,124.2,122.32,123.98,1586775
2021-02-16,126.0,126.37,124.95,125.0,2167913
2021-02-17,123.3,125.34,123.3,125.03,1302913
2021-02-18,124.24,125.73,124.11,125.19,1513392
2021-02-19,126.37,128.67,126.03,127.8,2662222
2021-02-22,127.22,131.72,126.7,130.85,2533163
2021-02-23,130.77,131.5,127.4,130.86,2963779
2021-02-24,131.31,133.92,131.03,132.68,3035379
2021-02-25,132.8,133.57,129.69,130.16,2635746
2021-02-26,130.48,132.04,128.58,130.19,2539119
2021-03-01,132.01,135.84,131.3,134.24,2858060
2021-03-02,134.26,134.92,133.34,133.97,1936485
2021-03-03,137.04,138.18,135.02,135.53,3316145
2021-03-04,134.46,136.55,131.46,134.45,2390915
2021-03-05,136.34,137.92,132.21,137.39,2381991
2021-03-08,138.69,141.05,137.6,139.44,2174633
2021-03-09,139.9,139.9,136.2,136.25,2805009
2021-03-10,136.78,140.35,136.22,139.25,2313655
2021-03-11,139.58,141.37,138.96,139.21,1844942
2021-03-12,140.32,141.0,139.46,140.77,1759504
2021-03-15,137.89,139.59,136.56,139.55,3192149
2021-03-16,139.55,139.55,135.82,136.83,2427111
2021-03-17,137.3,138.53,136.06,138.0,2594030
2021-03-18,138.2,139.76,136.68,136.96,2707571
2021-03-19,136.64,136.68,133.18,133.26,12545649
2021-03-22,133.47,135.34,132.24,134.86,2805093
2021-03-23,133.92,135.88,132.33,132.93,1851306
2021-03-24,134.01,136.19,133.85,134.45,2195606
2021-03-25,133.73,136.46,131.86,135.82,1511706
2021-03-26,136.97,138.86,136.31,138.69,1988339
2021-03-29,138.0,139.6,137.76,138.55,2399463
2021-03-30,138.58,140.18,138.46,139.66,2058599
2021-03-31,140.06,141.29,138.25,138.28,2338219
2021-04-01,139.03,139.78,137.96,139.49,2379395
2021-04-05,141.39,143.24,140.43,142.36,2039079
2021-04-06,142.17,143.29,140.87,141.12,1393304
2021-04-07,140.71,141.49,139.67,140.38,1882552
2021-04-08,139.98,140.56,138.78,139.9,1743311
2021-04-09,140.7,141.05,139.04,140.45,2430789
2021-04-12,140.2,141.6,140.2,141.29,1438041
2021-04-13,140.5,140.77,138.35,139.8,1536042
2021-04-14,139.85,141.24,139.71,140.24,1552207
2021-04-15,140.87,141.22,139.91,140.8,1619894
2021-04-16,142.46,143.09,140.41,141.15,1369999
2021-04-19,141.4,141.4,140.01,140.78,1259251
2021-04-20,140.02,140.28,137.56,138.46,1503744
2021-04-21,138.53,141.59,138.2,141.51,1432751
2021-04-22,142.14,142.57,140.9,141.4,2295004
2021-04-23,141.89,143.68,141.33,142.97,1652423
2021-04-26,143.33,144.55,143.07,143.37,1288369
2021-04-27,143.37,145.01,142.52,144.59,1874926
2021-04-28,144.13,145.89,143.8,144.53,1570109
2021-04-29,145.91,145.95,143.6,145.02,1602675
2021-04-30,143.91,144.42,142.66,142.93,1489756
2021-05-04,143.19,145.09,141.23,144.67,3727652
2021-05-05,145.31,146.5,144.66,145.48,1859399
2021-05-06,145.75,146.5,144.59,146.44,1901050
2021-05-07,145.65,148.34,144.46,147.52,1593294
2021-05-10,148.04,149.38,147.39,147.42,1452669
2021-05-11,146.52,146.92,144.38,145.76,1636255
2021-05-12,145.02,146.09,143.3,143.69,3123338
2021-05-13,142.61,146.79,142.61,145.8,2040071
2021-05-17,147.67,148.65,146.8,147.43,1466798
2021-05-18,147.3,147.42,144.27,144.33,1267421
2021-05-19,142.18,143.16,140.52,142.76,1950554
2021-05-20,143.39,143.81,141.88,143.63,2279161
2021-05-21,144.63,145.56,142.77,143.43,1790863
2021-05-24,144.62,144.62,142.64,143.64,1341074
2021-05-25,143.64,144.67,142.29,142.81,1685335
2021-05-26,143.2,143.69,142.12,142.98,1170402
2021-05-27,144.44,145.41,144.07,144.59,3082455
2021-05-28,145.27,145.53,144.28,145.25,1539505
2021-06-01,146.98,147.25,145.6,146.29,1321055
2021-06-02,146.2,146.89,145.41,145.97,1545876
2021-06-03,145.74,147.06,144.56,146.42,1277346
2021-06-04,146.91,148.85,146.91,148.51,1616973
2021-06-07,148.85,149.05,145.86,146.85,1820472
2021-06-08,146.81,147.96,145.33,147.12,1327491
2021-06-09,146.88,147.31,145.83,146.41,978325
2021-06-10,147.13,147.73,145.97,146.82,1648059
2021-06-11,147.01,148.12,145.62,146.63,997931
2021-06-14,146.45,146.69,144.88,146.0,1318350
2021-06-15,146.29,147.87,145.37,147.85,1475941
2021-06-16,147.74,148.67,145.7,146.37,1590450
2021-06-17,146.22,146.42,140.91,142.62,2517795
2021-06-18,140.57,141.43,139.12,139.26,3066903
2021-06-21,140.47,143.6,140.41,143.04,1488934
2021-06-22,142.94,143.92,141.78,142.83,1487761
2021-06-23,143.19,145.59,142.97,144.41,1962420
2021-06-24,145.28,146.08,144.29,145.65,1291555
2021-06-25,146.16,147.5,146.08,146.69,1469648
2021-06-28,146.95,146.95,144.78,146.5,1170641
2021-06-29,147.35,147.98,146.43,146.49,1433483
2021-06-30,146.1,148.49,145.79,148.18,1597431
2021-07-01,149.88,150.71,149.35,150.17,2246292
2021-07-02,150.01,151.45,149.39,151.4,1187276
2021-07-06,151.25,151.25,147.37,149.7,1633065
2021-07-09,152.33,154.3,152.24,153.56,1479466
2021-07-12,152.96,155.25,152.33,155.07,1764631
2021-07-13,154.6,155.31,153.77,154.04,1644254
2021-07-14,154.73,155.67,148.31,153.4,3902550
2021-07-15,152.22,154.54,152.18,153.87,1278237
2021-07-16,154.81,155.25,152.61,152.74,1636260
2021-07-19,150.53,150.53,146.99,149.19,1872834
2021-07-20,150.33,154.42,149.11,154.09,1744937
2021-07-21,154.96,156.64,154.75,155.63,1555654
2021-07-22,156.07,156.23,154.9,156.05,1313154
2021-07-23,156.86,157.34,155.85,156.73,1105793
2021-07-26,156.48,157.64,155.34,156.03,1708364
2021-07-27,155.12,157.23,154.3,156.14,1326628
2021-07-28,156.36,156.93,154.76,155.46,1890670
2021-07-29,156.64,158.11,155.93,157.71,1224796
2021-07-30,157.43,158.69,157.04,158.05,1501955
2021-08-02,158.59,159.96,156.49,156.49,1372388
2021-08-03,159.6,163.29,158.89,162.81,2420875
2021-08-04,163.07,164.27,161.69,161.83,1571933
2021-08-05,163.01,163.66,161.09,161.92,1280740
2021-08-06,163.0,163.73,162.04,162.89,1059967
2021-08-09,162.21,163.79,161.63,163.29,1181218
2021-08-10,164.05,167.53,163.9,167.35,2058504
2021-08-11,168.04,168.88,166.39,166.91,1476170
2021-08-12,165.84,167.35,165.04,167.17,1711903
2021-08-13,166.85,167.93,166.23,167.62,1717277
2021-08-16,167.31,168.9,166.34,168.51,1181701
2021-08-17,167.62,167.9,164.96,166.9,1181203
2021-08-18,166.49,168.3,166.33,166.44,1323389
2021-08-19,165.04,168.18,163.58,166.94,1384539
2021-08-20,167.92,167.92,166.23,167.46,1025260
2021-08-23,168.29,169.64,167.73,168.84,1398273
2021-08-24,168.4,170.26,167.67,169.39,1524485
2021-08-25,169.77,171.32,169.42,170.21,994676
2021-08-26,170.27,170.57,169.19,169.36,1201044
2021-08-27,170.13,170.67,168.64,170.03,1137988
2021-08-30,170.68,171.23,169.71,170.21,969396
2021-08-31,169.93,170.2,168.02,168.36,1863735
2021-09-01,168.22,168.41,165.76,166.75,1548784
2021-09-02,167.34,168.17,166.68,168.13,1529481
2021-09-03,168.19,168.19,166.33,166.38,1255407
2021-09-07,165.75,165.8,163.56,163.7,1748901
2021-09-08,162.62,164.3,161.4,163.36,1601893
2021-09-09,163.34,164.33,161.21,161.53,1215816
2021-09-10,163.14,163.28,160.31,160.39,1655009
2021-09-13,161.08,162.0,156.19,158.27,2685182
2021-09-14,155.52,158.47,155.52,156.3,2784901
2021-09-15,156.01,161.14,155.76,160.55,2965185
2021-09-16,160.71,160.71,158.23,159.29,1479103
2021-09-17,157.98,158.16,156.17,157.53,3115140
2021-09-20,154.45,156.65,153.89,156.5,1700839
2021-09-21,157.09,157.52,153.89,154.59,1231870
2021-09-22,155.63,157.59,155.63,156.43,1343946
2021-09-23,157.58,158.46,157.36,158.0,2237604
2021-09-24,157.51,158.2,155.88,156.01,1045781
2021-09-27,155.97,157.31,155.08,155.15,1642505
2021-09-28,155.0,155.39,152.52,153.99,1806491
2021-09-29,154.33,154.64,153.17,153.47,1590262
2021-09-30,153.84,154.19,149.25,149.31,2122134
2021-10-01,149.72,151.63,148.19,150.65,1605912
2021-10-04,149.95,151.39,147.35,148.36,1748637
2021-10-05,149.02,152.12,148.2,151.26,1762288
2021-10-06,149.74,151.82,148.11,151.7,1067724
2021-10-07,153.39,154.65,153.21,153.92,1783443
2021-10-08,153.34,154.22,152.77,153.56,1154280
2021-10-11,153.43,154.76,152.43,152.56,1179880
2021-10-12,153.31,154.28,151.36,151.62,1270825
2021-10-13,152.36,154.45,151.54,153.39,1404203
2021-10-14,154.64,159.95,153.75,159.57,2075424
2021-10-15,160.86,162.45,159.53,161.45,1678798
2021-10-18,160.37,161.88,159.81,161.27,884216
2021-10-19,162.08,162.57,160.89,161.48,883310
2021-10-20,161.74,163.33,160.73,163.2,1146025
2021-10-21,162.06,162.57,160.67,162.12,1368209
2021-10-22,162.74,164.04,162.28,162.38,771819
2021-10-25,162.2,163.94,161.33,162.51,1022893
2021-10-26,163.18,163.18,161.27,161.34,983566
2021-10-27,161.73,163.45,160.06,160.12,1029689
2021-10-28,160.12,165.07,160.12,164.96,1632917
2021-10-29,164.34,165.96,163.82,164.76,1678069
2021-11-01,165.2,165.94,163.26,164.34,1637291
2021-11-02,166.14,172.24,165.0,171.63,2398119
2021-11-03,169.64,172.01,167.33,169.49,1953930
2021-11-04,170.92,173.06,170.59,171.98,1147624
2021-11-05,172.93,173.45,170.28,171.3,1217567
2021-11-08,174.33,174.81,172.3,173.72,1695295
2021-11-09,173.89,175.24,173.43,174.66,1036894
2021-11-10,173.95,173.95,171.32,171.87,1314442
2021-11-11,172.03,172.13,169.51,169.92,1155962
2021-11-12,170.46,172.32,168.82,171.8,1188389
2021-11-15,171.99,173.21,171.56,172.74,1019587
2021-11-16,172.74,175.72,172.42,173.8,1434795
2021-11-17,173.8,174.3,171.51,173.1,1433286
2021-11-18,173.16,173.58,171.66,173.32,900831
2021-11-19,173.38,173.81,171.92,172.3,1334167
2021-11-22,173.38,174.91,172.19,172.32,1254785
2021-11-23,172.02,172.94,171.28,172.57,1054299
2021-11-24,171.46,172.23,170.17,170.95,1235941
2021-11-26,166.64,168.18,164.41,167.51,1121028
2021-11-29,169.38,169.65,165.45,167.38,2068803
2021-11-30,166.07,166.91,161.38,162.06,4247208
2021-12-01,165.48,167.26,161.37,161.47,1947197
2021-12-02,162.1,167.53,162.1,166.63,1413168
2021-12-03,167.33,168.1,164.48,166.44,1360784
2021-12-06,167.79,170.66,166.53,169.83,1733496
2021-12-07,172.17,174.47,170.25,170.59,1884605
2021-12-08,170.89,171.45,168.03,169.92,1986906
2021-12-09,169.78,170.0,167.46,168.59,1844828
2021-12-10,169.57,170.89,169.14,170.46,1432785
2021-12-13,170.64,171.35,168.8,169.7,1598830
2021-12-14,168.41,169.35,162.55,164.84,2837980
2021-12-15,166.15,169.5,165.4,169.26,2263770
2021-12-16,170.67,171.25,167.94,168.8,1403549
2021-12-17,168.53,169.49,164.72,165.07,2666699
2021-12-20,163.32,164.55,161.16,164.06,2146699
2021-12-21,165.42,167.37,164.4,167.24,2014086
2021-12-22,166.75,167.68,166.32,166.74,1259755
2021-12-23,167.27,169.18,167.15,168.04,861887
2021-12-27,168.94,170.74,167.73,170.67,730724
2021-12-28,170.62,171.76,170.31,171.2,672388
2021-12-29,171.65,172.12,170.48,171.71,1467762
2021-12-30,172.08,172.52,171.22,171.42,884412
2021-12-31,170.97,173.68,170.97,172.82,838589
2022-01-03,173.39,173.39,167.92,168.66,1307164
2022-01-04,169.63,172.28,168.84,171.46,2065406
2022-01-05,171.89,172.91,168.83,169.01,1718636
2022-01-06,168.9,170.74,168.4,169.41,1433797
2022-01-07,169.5,170.88,167.81,167.85,2079837
2022-01-10,166.51,166.9,162.8,166.42,1896408
2022-01-11,167.0,168.03,164.65,167.76,1075660
2022-01-12,169.17,172.0,168.7,171.46,1983440
2022-01-13,171.54,172.29,170.37,171.18,1336068
2022-01-14,168.94,171.71,167.6,170.92,2824600
2022-01-18,168.51,169.17,164.69,166.63,2106943
2022-01-19,166.79,167.13,163.19,163.39,2368283
2022-01-20,163.99,165.32,160.77,161.06,2067469
2022-01-21,161.35,163.74,159.62,160.54,2242063
2022-01-24,157.54,161.27,153.9,160.72,2614381
2022-01-25,158.07,159.39,153.33,157.44,2486995
2022-01-26,159.13,161.26,156.26,158.24,2024091
2022-01-27,160.41,161.0,154.26,155.42,1679328
2022-01-28,154.55,156.81,151.63,156.69,2339528
2022-01-31,155.63,158.54,154.5,158.43,2192570
2022-02-01,158.95,159.91,156.52,159.39,1571404
2022-02-02,159.78,161.85,158.95,161.41,1565640
2022-02-03,159.43,161.75,156.45,156.83,2492392
2022-02-04,154.58,155.95,150.24,151.0,4095463
2022-02-07,152.77,153.04,149.67,150.13,3515922
2022-02-08,150.19,152.0,148.62,151.5,2586427
2022-02-09,153.68,157.05,153.21,156.85,2809670
2022-02-10,154.02,158.26,153.85,154.79,2450889
2022-02-11,154.9,154.9,149.4,150.66,2104919
2022-02-14,150.98,153.0,149.29,152.17,2206427
2022-02-15,154.37,156.13,153.85,155.53,2061641
2022-02-16,154.86,157.49,154.78,157.03,2194034
2022-02-17,155.78,156.11,152.04,152.4,1324780
2022-02-18,152.34,154.19,151.7,153.36,3466582
2022-02-22,153.29,154.36,150.71,151.76,1684020
2022-02-23,152.43,152.89,148.92,149.31,1506040
2022-02-24,145.86,150.79,144.26,150.31,2168798
2022-02-25,150.3,154.24,150.1,154.12,2427372
2022-02-28,151.81,155.05,151.25,154.29,2454819
2022-03-01,154.0,154.68,144.37,146.45,4790365
2022-03-02,147.71,152.88,147.36,152.17,1880660
2022-03-03,153.08,156.2,153.08,154.97,2861399
2022-03-04,151.99,153.45,147.81,149.78,2678905
2022-03-07,149.79,149.79,145.01,145.79,2411606
2022-03-08,146.93,151.57,145.57,146.2,2235261
2022-03-09,150.25,151.5,148.98,149.12,1794236
2022-03-10,145.09,149.06,145.09,148.2,1782294
2022-03-11,149.36,150.33,146.74,146.92,1350025
2022-03-14,147.9,150.82,147.16,148.46,1581583
2022-03-15,150.18,150.74,148.07,150.27,1541717
2022-03-16,151.98,154.45,150.04,153.34,1892424
2022-03-17,151.93,154.71,151.01,154.69,1389940
2022-03-18,155.26,155.97,151.51,155.58,2792229
2022-03-21,156.08,156.35,153.31,154.6,1934317
2022-03-22,155.77,156.01,154.2,155.25,1226752
2022-03-23,154.05,154.94,152.34,152.43,1331864
2022-03-24,153.4,153.65,152.36,153.2,1078288
2022-03-25,153.77,154.8,152.84,154.18,1196464
2022-03-28,153.26,154.21,152.14,154.21,1239822
2022-03-29,156.46,158.01,155.27,157.53,1530844
2022-03-30,156.33,157.32,154.77,155.46,1294087
2022-03-31,155.06,156.36,151.59,151.76,2286239
2022-04-01,153.45,153.45,150.4,151.81,2098864
2022-04-04,150.92,151.05,148.32,150.92,1435091
2022-04-05,150.73,151.28,145.91,146.61,2046748
2022-04-06,144.36,145.28,142.84,144.86,2701440
2022-04-07,143.66,146.64,142.89,145.87,1788057
2022-04-08,145.62,147.31,144.46,145.18,1644360
2022-04-11,144.66,146.28,142.03,142.27,1800152
2022-04-12,142.89,144.97,140.02,140.82,1766180
2022-04-13,140.58,142.71,140.58,141.77,1530637
2022-04-14,141.01,142.71,139.41,139.91,1833025
2022-04-18,139.68,142.11,139.6,140.66,1561086
2022-04-19,141.72,146.07,140.8,145.77,1826746
2022-04-20,147.37,150.56,147.37,149.38,1834561
2022-04-21,151.69,153.27,149.2,149.95,2293864
2022-04-22,148.5,148.96,145.89,146.04,1655104
2022-04-25,145.9,147.09,142.72,147.07,1905474
2022-04-26,145.18,146.95,143.5,143.78,2313717
2022-04-27,143.75,146.89,143.47,145.71,1930473
2022-04-28,146.1,148.08,144.28,147.88,2473844
2022-04-29,147.75,149.83,144.77,145.02,2467483
2022-05-02,144.99,147.02,143.42,146.5,2732670
2022-05-03,144.51,150.96,144.51,146.58,3004852
2022-05-04,146.8,150.71,143.98,149.93,2558134
2022-05-05,148.72,150.88,147.1,148.38,3870981
2022-05-06,147.79,148.46,144.45,147.29,2101758
2022-05-09,145.34,149.31,145.05,147.96,3028912
2022-05-10,149.01,149.91,140.53,140.98,3543092
2022-05-11,141.13,144.3,140.22,140.81,1852352
2022-05-12,139.47,142.53,138.69,141.75,2251986
2022-05-13,142.85,143.44,139.65,141.33,2813091
2022-05-16,140.56,140.74,137.55,138.98,2551858
2022-05-17,141.41,143.84,140.79,143.38,1988472
2022-05-18,141.09,141.79,135.96,136.52,1946519
2022-05-19,135.0,138.01,132.38,136.08,2992348
2022-05-20,136.87,137.43,132.16,134.14,4686664
2022-05-23,135.62,136.87,133.16,136.76,2169613
2022-05-24,132.98,134.62,130.44,133.83,2709812
2022-05-25,133.51,135.28,131.5,134.08,1877463
2022-05-26,135.74,137.22,133.68,136.28,1366431
2022-05-27,137.6,139.88,137.09,139.82,1458990
2022-05-31,138.35,140.03,136.81,138.6,2900456
2022-06-01,139.94,140.25,136.45,137.72,1750761
2022-06-02,139.51,140.92,137.45,140.82,1289917
2022-06-03,139.64,140.96,139.35,140.35,1421333
2022-06-06,142.29,142.7,141.13,141.36,1659402
2022-06-07,140.6,145.49,139.67,145.41,2237455
2022-06-08,144.4,146.29,143.41,144.48,2273971
2022-06-09,143.37,145.21,142.43,142.5,1594841
2022-06-10,139.79,140.64,136.83,137.03,1543914
2022-06-13,134.77,134.77,132.0,132.85,1596743
2022-06-14,132.85,134.47,129.2,130.52,1927351
2022-06-15,131.55,132.75,128.87,131.01,1658652
2022-06-16,127.91,128.46,125.14,126.11,2006534
2022-06-17,125.12,127.35,124.57,125.52,3126530
2022-06-21,126.71,127.52,125.11,126.14,1584393
2022-06-22,123.69,126.95,123.69,126.22,1921722
2022-06-23,125.27,127.26,124.12,126.89,2022830
2022-06-24,128.47,131.91,127.58,131.83,1974203
2022-06-27,132.77,133.5,131.15,132.25,1596981
2022-06-28,132.84,133.93,129.25,129.32,1914874
2022-06-29,129.69,130.09,126.04,127.27,1740119
2022-06-30,125.11,127.07,124.66,125.99,2370068
2022-07-01,126.4,128.34,125.11,127.37,1749735
2022-07-05,125.57,126.81,123.18,126.68,1934152
2022-07-06,127.2,128.79,125.93,128.0,1734528
2022-07-07,129.39,129.92,127.37,129.59,1662731
2022-07-08,129.05,129.09,126.71,127.82,1213584
2022-07-11,126.8,128.74,126.79,127.85,831188
2022-07-12,127.29,129.14,126.47,126.88,1051597
2022-07-13,124.62,126.65,123.52,125.72,1604979
2022-07-14,123.57,125.29,122.5,125.04,1274088
2022-07-15,127.18,129.48,125.51,128.99,1956403
2022-07-18,130.0,130.39,126.35,126.88,1441554
2022-07-19,128.65,132.75,128.37,132.3,1454452
2022-07-20,132.79,134.15,132.0,133.85,1281971
2022-07-21,134.15,137.47,133.51,137.34,2001203
2022-07-22,137.57,138.88,135.74,136.65,1763486
2022-07-25,136.7,137.16,135.32,137.1,955875
2022-07-26,137.15,139.63,136.31,139.14,2103064
2022-07-27,139.67,142.58,138.85,141.67,1490424
2022-07-28,143.77,146.96,143.4,146.26,2759905
2022-07-29,146.25,149.13,145.95,148.39,1609301
2022-08-01,146.81,148.26,146.42,147.5,1886187
2022-08-02,148.5,151.48,146.25,146.39,2292502
2022-08-03,147.73,149.43,146.3,148.7,1377887
2022-08-04,149.22,149.95,148.3,148.71,1128906
2022-08-05,147.73,148.85,147.19,148.65,1243449
2022-08-08,150.17,150.63,147.54,147.93,1340620
2022-08-09,147.07,147.56,146.2,146.41,1170330
2022-08-10,149.6,149.99,148.26,149.34,1595324
2022-08-11,150.03,150.99,149.16,149.45,1434941
2022-08-12,150.16,152.51,149.9,152.44,1318554
2022-08-15,152.26,152.87,151.32,152.42,1123085
2022-08-16,150.79,153.57,150.26,153.1,1293584
2022-08-17,151.19,152.59,150.62,151.99,1036668
2022-08-18,152.27,153.82,151.58,153.35,1104836
2022-08-19,152.36,152.7,150.33,150.84,1308529
2022-08-22,148.37,148.8,146.21,146.75,1737004
2022-08-23,146.81,147.85,146.04,146.31,824486
2022-08-24,146.49,146.75,144.89,145.52,1030386
2022-08-25,146.67,148.08,146.18,148.05,1090728
2022-08-26,148.37,148.37,140.77,141.08,1743418
2022-08-29,139.94,142.01,139.23,140.71,1223923
2022-08-30,142.38,142.59,138.14,139.24,1153676
2022-08-31,139.94,139.94,136.11,136.64,2249915
2022-09-01,135.78,138.84,135.17,138.77,1538902
2022-09-02,140.48,140.69,136.87,137.3,1080237
2022-09-06,137.7,138.64,136.02,138.46,1388307
2022-09-07,138.42,142.13,138.1,141.27,2112616
2022-09-08,140.41,143.37,139.64,143.24,1716374
2022-09-09,143.81,146.26,143.59,145.71,1636890
2022-09-12,146.75,148.62,146.28,147.61,1570696
2022-09-13,144.14,145.48,141.82,142.51,1297823
2022-09-14,143.37,143.68,141.43,143.1,1461771
2022-09-15,142.75,145.01,140.96,141.11,1759740
2022-09-16,139.72,139.85,136.59,138.27,3415671
2022-09-19,137.12,140.48,137.12,140.22,1372718
2022-09-20,138.87,139.97,137.62,139.18,1621613
2022-09-21,140.61,142.01,137.79,137.83,1112695
2022-09-22,136.93,137.76,134.53,135.13,1871616
2022-09-23,133.85,134.6,132.26,134.14,1726426
2022-09-26,133.89,135.46,132.39,133.53,1674210
2022-09-27,135.01,135.41,129.85,131.3,2237011
2022-09-28,132.39,134.59,131.34,133.91,2346133
2022-09-29,132.29,134.31,131.21,134.15,2711027
2022-09-30,134.17,136.27,132.53,133.36,2739788
2022-10-03,134.48,139.42,133.88,137.79,1903909
2022-10-04,140.79,143.61,140.65,143.48,1996329
2022-10-05,142.12,145.77,141.88,144.5,2255392
2022-10-06,143.99,144.44,141.53,142.45,2381145
2022-10-07,140.43,140.64,135.82,136.83,1884562
2022-10-10,137.78,137.78,134.82,136.38,1860732
2022-10-11,135.06,138.16,134.27,136.42,1566231
2022-10-12,136.54,136.96,135.28,135.45,2073433
2022-10-13,132.75,139.58,132.02,138.1,2423447
2022-10-14,139.1,140.23,133.89,134.31,1863515
2022-10-17,136.34,139.08,136.34,138.22,1510141
2022-10-18,141.93,142.58,138.69,140.64,2003457
2022-10-19,139.83,140.98,138.25,139.0,1845093
2022-10-20,139.04,139.8,134.84,135.26,2079452
2022-10-21,135.69,139.56,134.81,139.33,2346214
2022-10-24,141.0,142.55,139.65,141.57,1358524
2022-10-25,140.82,146.14,140.82,146.05,2782417
2022-10-26,147.1,147.86,144.61,145.52,2057523
2022-10-27,146.74,147.89,146.23,146.69,2015140
2022-10-28,147.07,151.03,146.68,150.28,2885088
2022-10-31,149.0,151.63,148.79,150.07,2773189
2022-11-01,151.96,152.92,146.76,151.64,3128480
2022-11-02,152.0,156.73,150.47,150.61,2908123
2022-11-03,149.04,157.12,148.97,154.59,3720688
2022-11-04,159.13,159.96,155.38,158.69,2915578
2022-11-07,158.59,159.87,157.1,158.4,2339792
2022-11-08,159.0,159.98,157.08,158.19,1604132
2022-11-09,156.32,158.63,155.88,156.3,1485532
2022-11-10,160.58,162.55,159.5,162.13,2386275
2022-11-11,162.69,163.52,160.85,161.6,2361328
2022-11-14,161.0,164.23,160.51,161.65,1938435
2022-11-15,163.57,163.65,160.96,162.39,1485407
2022-11-16,161.86,162.78,160.29,161.74,1498504
2022-11-17,160.13,162.89,159.09,162.63,1523413
2022-11-18,164.27,165.12,162.48,165.01,1870067
2022-11-21,164.84,165.94,164.05,164.55,1227129
2022-11-22,165.25,166.83,164.72,166.48,1568942
2022-11-23,167.0,167.51,164.99,165.36,1401645
2022-11-25,166.41,167.22,165.78,166.11,628913
2022-11-28,164.69,165.75,161.88,162.55,1723060
2022-11-29,162.07,162.98,161.12,162.15,1073385
2022-11-30,161.71,163.71,159.06,163.45,2788445
2022-12-01,163.9,164.92,161.11,163.36,1486856
2022-12-02,161.06,163.57,159.07,163.31,1861653
2022-12-05,161.2,161.78,159.73,160.36,1312959
2022-12-06,159.6,160.15,156.33,157.81,1567715
2022-12-07,157.09,158.42,156.59,157.27,1798003
2022-12-08,157.89,158.86,157.28,158.75,1323176
2022-12-09,159.03,159.43,157.41,158.28,1068951
2022-12-12,158.4,161.0,157.87,160.83,1517978
2022-12-13,165.0,165.33,161.74,163.64,2038878
2022-12-14,163.63,164.55,160.73,161.36,1616140
2022-12-15,158.93,159.42,154.84,155.38,1892392
2022-12-16,153.48,155.08,151.59,154.5,3378350
2022-12-19,154.65,156.66,154.05,154.5,1466007
2022-12-20,154.56,156.33,153.78,155.91,1441402
2022-12-21,157.27,158.44,156.7,158.12,1331093
2022-12-22,156.96,157.21,153.63,156.11,1124894
2022-12-23,155.66,157.01,155.22,156.8,907972
2022-12-27,157.4,158.28,156.43,157.34,1337629
2022-12-28,157.6,158.16,155.51,155.75,724690
2022-12-29,157.06,158.17,156.61,157.35,874828
2022-12-30,156.94,157.45,155.62,156.95,826799
2023-01-03,158.08,158.94,155.94,157.75,1185358
2023-01-04,159.37,159.55,156.75,158.82,1396393
2023-01-05,157.9,158.8,156.24,157.2,1494756
2023-01-06,159.04,162.23,157.76,161.1,1732513
2023-01-09,161.5,164.27,160.6,160.88,1235890
2023-01-10,160.98,162.07,160.03,160.41,1709395
2023-01-11,160.89,164.18,160.46,164.09,1557427
2023-01-12,165.64,166.5,164.3,164.71,1656106
2023-01-13,163.95,165.11,163.18,164.45,1589944
2023-01-17,164.37,164.82,162.07,162.41,1823318
2023-01-18,162.88,163.22,157.31,157.53,1736991
2023-01-19,156.37,156.92,151.58,151.86,3001917
2023-01-20,152.53,155.6,150.86,155.51,1947751
2023-01-23,155.82,159.32,154.95,158.92,1513839
2023-01-24,159.26,162.52,156.6,161.69,1589850
2023-01-25,160.13,160.13,156.08,159.14,1341121
2023-01-26,160.49,161.56,158.45,160.9,1363075
2023-01-27,160.5,163.36,160.12,162.24,1283679
2023-01-30,161.01,162.61,160.63,160.87,1157772
2023-01-31,161.81,162.48,159.08,162.21,2146885
2023-02-01,161.7,164.73,160.89,163.34,1757837
2023-02-02,164.32,164.76,161.06,161.96,2637642
2023-02-03,161.2,163.76,160.72,163.24,1753184
2023-02-06,161.41,163.02,161.1,162.35,1681853
2023-02-07,161.28,164.79,161.28,164.49,2222367
2023-02-08,162.63,170.37,162.09,168.88,3937750
2023-02-09,169.39,170.8,166.98,167.27,3273647
2023-02-10,167.81,171.17,166.91,170.91,2256067
2023-02-13,171.54,175.61,171.42,174.32,2501723
2023-02-14,173.34,175.04,171.26,172.97,1244763
2023-02-15,172.44,173.84,171.66,173.75,1037558
2023-02-16,172.24,174.8,171.23,174.11,1497532
2023-02-17,174.0,176.19,172.93,175.24,1682714
2023-02-21,173.72,174.62,169.95,170.76,1483981
2023-02-22,171.23,173.15,170.42,171.31,1555422
2023-02-23,172.59,173.17,170.0,172.78,1286522
2023-02-24,170.41,173.29,170.0,173.25,1708056
2023-02-27,174.55,175.25,173.42,174.38,1927906
2023-02-28,173.99,175.41,173.48,174.93,2288581
2023-03-01,174.51,175.85,173.41,173.83,1676640
2023-03-02,172.82,175.45,171.92,175.15,1442206
2023-03-03,175.49,177.66,173.94,177.55,1546465
2023-03-06,177.72,178.75,176.84,177.15,1386082
2023-03-07,177.07,177.15,174.86,175.5,1605740
2023-03-08,175.74,177.45,175.12,177.21,1975496
2023-03-09,178.26,178.26,173.85,174.37,2014123
2023-03-10,174.65,174.68,169.87,170.3,2754210
2023-03-13,167.89,171.53,166.64,169.17,2337942
2023-03-14,172.2,173.39,169.33,171.83,2462271
2023-03-15,168.15,168.25,157.9,159.27,4526142
2023-03-16,159.47,165.07,157.91,164.38,3451839
2023-03-17,163.56,163.93,158.96,160.15,6000390
2023-03-20,162.79,164.67,161.62,163.56,2008998
2023-03-21,166.09,167.44,165.59,166.94,1517462
2023-03-22,167.0,170.55,166.13,166.16,2213282
2023-03-23,166.12,168.34,163.14,164.54,2143445
2023-03-24,163.45,164.04,160.23,163.64,2194942
2023-03-27,165.08,165.16,163.13,163.88,1890892
2023-03-28,163.96,165.66,163.89,165.59,1637410
2023-03-29,167.14,167.82,165.74,167.63,1789571
2023-03-30,169.21,170.79,168.32,169.09,1699760
2023-03-31,170.24,171.76,169.27,171.34,2931576
2023-04-03,170.52,172.19,169.79,170.54,1352818
2023-04-04,170.64,170.64,161.55,162.25,3301434
2023-04-05,160.53,161.34,156.84,158.47,3049097
2023-04-06,157.8,158.9,155.71,156.25,2653218
2023-04-10,155.6,157.87,155.38,157.44,2701451
2023-04-11,157.98,159.31,157.3,158.8,2167350
2023-04-12,160.97,163.68,160.49,162.22,2271577
2023-04-13,161.25,161.53,156.8,160.69,2676425
2023-04-14,161.59,163.84,160.58,161.82,1178353
2023-04-17,162.61,163.9,162.06,163.06,1439163
2023-04-18,163.95,165.63,163.4,163.69,1620080
2023-04-19,163.82,164.78,161.27,163.4,1525644
2023-04-20,162.15,163.89,161.96,162.96,1119545
2023-04-21,163.41,163.79,161.18,162.88,1046320
2023-04-24,162.76,163.94,162.76,163.79,1047469
2023-04-25,164.84,168.17,163.63,163.78,2216032
2023-04-26,162.15,163.72,161.12,161.92,1504921
2023-04-27,163.1,168.03,162.04,167.97,2086617
2023-04-28,167.33,168.42,166.27,167.12,2140245
2023-05-01,167.21,170.42,166.53,168.78,1794079
2023-05-02,168.89,174.03,166.4,173.25,3755436
2023-05-03,174.95,176.9,172.01,172.38,2200798
2023-05-04,171.36,171.39,167.35,168.44,2115280
2023-05-05,169.55,171.66,169.2,171.05,1914904
2023-05-08,171.68,171.95,168.56,169.88,1657368
2023-05-09,169.31,171.0,168.28,170.55,1100257
2023-05-10,171.61,172.21,167.25,169.11,1435414
2023-05-11,167.96,168.69,166.95,168.52,1145910
2023-05-12,169.78,170.29,166.71,168.58,892113
2023-05-15,169.04,171.01,168.43,169.92,1317034
2023-05-16,168.67,168.69,165.24,166.41,2031298
2023-05-17,167.29,171.46,167.19,171.0,2022536
2023-05-18,170.62,174.95,170.4,174.61,2729894
2023-05-19,175.57,177.49,172.08,174.15,1762079
2023-05-22,174.21,176.13,172.14,174.18,1459174
2023-05-23,172.79,174.28,170.98,171.36,1949051
2023-05-24,170.28,170.3,167.33,168.17,1952822
2023-05-25,174.51,177.3,172.67,176.95,3880848
2023-05-26,177.98,183.75,177.58,182.46,4137157
2023-05-30,183.51,184.97,180.41,181.81,2266912
2023-05-31,181.09,181.69,175.51,175.9,3138961
2023-06-01,176.51,180.02,175.29,179.04,2083660
2023-06-02,181.41,187.38,181.3,186.48,2763156
2023-06-05,186.38,185.63,183.2,183.59,1769410
2023-06-06,182.82,185.27,182.36,183.42,1176777
2023-06-07,183.48,188.72,182.2,188.6,2622960
2023-06-08,187.44,188.78,184.7,187.82,3046055
2023-06-09,187.9,188.23,185.0,187.3,1559308
2023-06-12,187.31,190.1,185.55,189.55,1435275
2023-06-13,189.29,193.9,188.35,193.86,1938527
2023-06-14,193.56,194.88,191.93,193.07,1836749
2023-06-15,192.69,197.49,192.13,196.89,2287493
2023-06-16,192.79,196.88,190.28,191.26,6249297
2023-06-20,189.59,194.57,189.26,194.23,2234949
2023-06-21,193.45,195.72,192.85,194.84,2497289
2023-06-22,194.92,196.47,193.15,195.6,2189770
2023-06-23,193.78,195.48,192.97,194.46,2299396
2023-06-26,194.47,197.93,194.26,196.08,1205906
2023-06-27,196.1,198.39,195.71,197.65,1560712
2023-06-28,197.96,197.96,194.15,194.75,2791070
2023-06-29,196.06,199.72,194.86,198.85,2471936
2023-07-03,199.75,201.21,198.5,200.63,740859
2023-07-05,199.09,200.48,198.26,198.9,1585904
2023-07-06,197.55,198.75,196.35,197.75,1862871
2023-07-07,197.25,200.86,196.76,198.46,1586739
2023-07-10,199.19,203.15,198.94,203.06,1629127
2023-07-11,201.67,203.65,201.27,202.97,1769113
2023-07-12,205.0,205.02,201.66,201.92,1636468
2023-07-13,202.51,205.15,201.18,204.36,1498395
2023-07-14,203.96,204.34,202.1,203.46,1087027
2023-07-17,203.35,206.59,202.22,205.96,1385489
2023-07-18,206.21,210.73,205.97,210.34,2500124
2023-07-19,208.42,211.2,208.28,209.81,2516269
2023-07-20,210.87,211.83,209.86,210.91,1974627
2023-07-21,210.84,211.52,206.76,207.69,2583442
2023-07-24,208.33,209.68,207.0,207.36,1651289
2023-07-25,205.58,207.43,205.08,206.29,2275615
2023-07-26,204.84,205.98,200.86,203.04,2676166
2023-07-27,204.6,204.6,201.48,202.1,3367267
2023-07-28,203.91,204.57,202.25,203.3,2031430
2023-07-31,204.69,205.53,203.25,205.32,2346544
2023-08-01,211.39,219.9,211.0,219.0,5025272
2023-08-02,218.08,225.76,216.39,218.87,3603962
2023-08-03,217.74,219.44,215.64,217.1,2133156
2023-08-04,217.93,219.28,215.7,215.9,2044037
2023-08-07,217.32,221.73,217.0,221.09,1478529
2023-08-08,219.99,220.56,217.94,220.2,1593000
2023-08-09,219.91,220.56,216.92,217.83,1709256
2023-08-10,217.62,220.04,215.9,216.93,1313979
2023-08-11,217.69,219.72,217.05,218.36,1034286
2023-08-14,217.28,220.14,217.27,219.04,1274285
2023-08-15,217.8,218.64,216.79,217.94,965587
2023-08-16,218.0,219.9,216.0,216.09,1245475
2023-08-17,216.86,218.47,213.86,214.38,1092107
2023-08-18,212.74,216.27,212.1,214.65,1728580
2023-08-21,215.48,216.23,213.06,215.74,1342868
2023-08-22,217.11,217.84,215.34,217.29,1492887
2023-08-23,217.77,222.79,217.77,221.3,1757673
2023-08-24,221.8,224.18,220.71,220.91,2822623
2023-08-25,222.0,225.5,219.64,224.25,2433571
2023-08-28,224.22,227.7,224.16,226.24,1611330
2023-08-29,225.09,228.84,225.09,228.08,1392144
2023-08-30,229.04,230.23,227.96,230.08,1235614
2023-08-31,230.0,232.24,229.39,230.37,2040951
2023-09-01,231.44,233.98,231.18,233.67,1423299
2023-09-05,233.0,233.57,228.53,229.57,1614472
2023-09-06,229.57,232.54,229.14,231.61,1699349
2023-09-07,230.8,235.2,230.12,234.81,1751175
2023-09-08,234.44,236.19,233.87,236.13,1414711
2023-09-11,236.41,238.14,235.0,238.04,1539603
2023-09-12,236.92,240.44,225.64,227.9,5506832
2023-09-13,224.8,226.4,219.87,221.41,5816552
2023-09-14,223.4,224.44,221.12,222.15,2267662
2023-09-15,219.69,219.69,214.81,217.64,5063538
2023-09-18,217.27,221.63,216.41,219.15,2258446
2023-09-19,218.25,218.97,212.31,216.16,2551268
2023-09-20,217.44,220.22,214.34,214.65,1229595
2023-09-21,214.0,214.0,210.13,210.65,1937358
2023-09-22,209.77,214.18,209.02,212.66,2068295
2023-09-25,212.67,216.93,211.73,215.9,2133230
2023-09-26,214.48,215.46,210.61,211.07,1708348
2023-09-27,212.9,215.27,212.15,214.36,2033367
2023-09-28,213.63,217.34,213.07,215.53,1515931
2023-09-29,216.89,217.0,212.73,213.28,1317384
2023-10-02,213.44,214.61,207.94,210.24,1989396
2023-10-03,210.7,213.49,207.23,209.05,1676885
2023-10-04,208.85,210.35,206.55,209.34,1649726
2023-10-05,208.72,209.13,202.91,203.18,2983527
2023-10-06,204.0,211.63,202.84,210.19,2546801
2023-10-09,210.28,213.47,208.32,213.28,1721315
2023-10-10,213.41,216.22,212.33,213.24,1743587
2023-10-11,214.25,215.99,213.37,215.87,1132048
2023-10-12,216.45,220.46,215.35,217.45,2489494
2023-10-13,215.43,217.44,207.15,208.6,2656271
2023-10-16,211.08,214.6,208.91,211.63,1486765
2023-10-17,210.64,213.44,208.81,211.77,1149549
2023-10-18,206.91,206.91,201.12,202.41,2520033
2023-10-19,202.1,204.74,199.01,199.91,2001303
2023-10-20,199.37,199.99,191.82,193.99,4930394
2023-10-23,194.27,197.8,193.26,195.47,2759394
2023-10-24,197.48,199.85,195.67,199.64,2360059
2023-10-25,201.9,203.09,195.07,195.23,1810983
2023-10-26,196.15,200.15,195.3,196.55,1699930
2023-10-27,196.44,198.43,193.77,195.31,1780967
2023-10-30,197.65,199.1,196.12,197.78,2518799
2023-10-31,199.6,208.88,198.68,207.91,4811033
2023-11-01,209.33,215.72,208.85,214.83,3716411
2023-11-02,216.6,219.65,214.14,216.16,2628640
2023-11-03,218.71,219.54,214.72,214.79,1852921
2023-11-06,214.52,216.6,211.99,216.43,1584249
2023-11-07,214.81,218.22,214.03,215.84,1503584
2023-11-08,216.85,218.49,215.64,217.6,1508792
2023-11-09,219.5,223.27,217.61,218.38,2428927
2023-11-10,220.09,222.26,217.91,221.82,1632321
2023-11-13,221.57,223.03,220.24,222.57,1421768
2023-11-14,225.11,229.01,223.87,228.1,1801244
2023-11-15,228.0,228.98,225.23,225.65,2678071
2023-11-16,226.5,228.26,225.89,226.8,1633139
2023-11-17,226.72,228.44,226.38,227.8,2036267
2023-11-20,226.93,227.56,225.26,226.92,2142356
2023-11-21,226.63,227.71,225.58,227.01,1568474
2023-11-22,227.88,231.43,227.63,228.91,1470653
2023-11-24,229.74,230.35,228.14,228.72,526207
2023-11-27,228.28,229.89,227.7,228.78,975212
2023-11-28,228.56,229.33,224.52,224.59,1886169
2023-11-29,227.46,228.58,225.33,225.8,1432182
2023-11-30,226.94,228.47,225.92,227.69,2210140
2023-12-01,227.83,232.01,227.6,230.46,1605643
2023-12-04,228.62,229.32,226.19,228.2,1592443
2023-12-05,227.42,227.88,224.61,225.6,1392617
2023-12-06,228.04,232.59,226.63,226.92,1305378
2023-12-07,227.74,229.34,226.8,227.93,1397899
2023-12-08,228.18,233.45,227.93,232.31,1909765
2023-12-11,233.73,236.68,232.7,234.68,1575180
2023-12-12,235.03,237.62,234.81,237.05,1258935
2023-12-13,237.46,238.08,234.36,236.79,1210289
2023-12-14,238.84,239.89,235.87,237.7,2209005
2023-12-15,234.25,238.48,233.91,237.41,4369975
2023-12-18,237.71,238.7,236.37,237.13,1523957
2023-12-19,237.69,239.06,236.65,238.15,1012975
2023-12-20,237.98,238.59,233.74,233.95,1435139
2023-12-21,235.72,237.45,234.18,237.29,1054521
2023-12-22,237.9,239.26,237.3,238.64,743080
2023-12-26,238.73,240.72,238.73,240.21,683926
2023-12-27,240.03,241.36,239.82,240.82,938375
2023-12-28,239.5,241.84,238.39,240.75,773334
2023-12-29,241.29,241.97,239.91,240.82,949063
2024-01-02,238.89,240.27,236.85,238.9,1309123
2024-01-03,237.4,237.44,231.84,233.1,1843236
2024-01-04,233.76,236.95,233.76,234.48,1303589
2024-01-05,234.58,235.56,233.73,234.86,985758
2024-01-08,236.13,239.17,234.2,238.98,1278656
2024-01-09,237.45,239.76,235.67,239.48,974324
2024-01-10,241.0,242.41,239.81,240.89,1232995
2024-01-11,241.4,243.65,239.22,243.42,1366590
2024-01-12,244.27,244.27,240.77,242.11,1011668
2024-01-16,241.18,243.25,239.2,241.74,1538271
2024-01-17,236.9,238.98,236.04,237.26,2041823
2024-01-18,237.3,240.68,236.2,240.12,1295292
2024-01-19,241.77,244.62,240.05,244.6,1500477
2024-01-22,245.76,246.95,243.66,243.9,1727434
2024-01-23,244.0,244.0,239.17,243.25,1959271
2024-01-24,244.93,244.99,241.45,241.57,1541938
2024-01-25,243.73,246.29,241.87,245.82,1678461
2024-01-26,246.0,247.55,245.01,245.89,1138692
2024-01-29,244.41,248.81,244.35,248.72,1464781
2024-01-30,248.81,251.14,248.06,250.27,1827962
2024-01-31,248.76,250.64,245.66,246.08,2301039
2024-02-01,255.63,264.75,255.46,264.57,3663843
2024-02-02,266.13,271.78,265.26,270.1,3172824
2024-02-05,269.36,270.7,266.56,269.42,1990092
2024-02-06,270.3,272.32,267.96,271.12,1919656
2024-02-07,272.88,274.01,271.15,272.85,1377657
2024-02-08,273.0,274.7,272.39,273.21,1581042
2024-02-09,273.54,278.58,273.0,277.96,1557586
2024-02-12,276.93,277.51,272.51,274.05,1331703
2024-02-13,268.41,273.06,266.0,272.38,2512428
2024-02-14,274.27,277.15,272.61,275.62,1430988
2024-02-15,275.62,277.04,272.78,275.79,1398168
2024-02-16,276.07,278.94,273.8,277.52,1650973
2024-02-20,276.23,277.86,274.21,276.09,1263612
2024-02-21,275.3,278.04,274.15,277.16,1315192
2024-02-22,282.8,286.37,282.16,284.58,2496318
2024-02-23,285.45,288.46,283.0,284.93,1230856
2024-02-26,286.0,287.55,284.18,284.3,1960372
2024-02-27,284.52,285.4,282.24,283.57,1678204
2024-02-28,283.57,287.64,282.67,286.96,1278912
2024-02-29,287.0,289.86,285.93,289.0,2534517
2024-03-01,289.36,294.44,288.81,293.7,2314713
2024-03-04,295.89,298.13,294.53,296.58,1943458
2024-03-05,294.35,295.07,289.37,291.93,2263499
2024-03-06,295.32,298.39,294.88,296.74,1723870
2024-03-07,298.73,301.53,296.9,301.13,1869296
2024-03-08,299.76,303.4,295.56,297.49,1894395
2024-03-11,295.5,295.79,289.6,292.7,1656689
2024-03-12,293.42,298.31,291.94,297.74,2063392
2024-03-13,296.46,300.69,295.68,300.24,1891189
2024-03-14,302.67,302.98,297.46,300.29,2236478
2024-03-15,298.03,302.68,297.76,297.9,3024648
2024-03-18,300.81,303.25,298.58,298.75,1557447
2024-03-19,298.24,303.17,297.27,302.96,1462195
2024-03-20,304.56,310.43,303.36,309.81,1946502
2024-03-21,311.71,315.79,310.2,315.52,2167647
2024-03-22,314.93,317.02,314.36,316.58,2046499
2024-03-26,311.66,316.3,311.46,312.08,2247159
2024-03-27,314.0,314.64,308.22,314.4,1874489
2024-03-28,314.69,314.75,312.0,312.68,1983529
2024-04-01,313.0,314.13,311.07,312.03,1213210
2024-04-02,313.04,316.43,312.58,314.75,2773189
2024-04-03,315.5,322.36,315.5,320.94,2984709
2024-04-04,323.91,326.21,318.17,320.16,3039900
2024-04-05,323.93,331.47,322.79,330.51,2644238
2024-04-08,326.3,329.37,323.63,325.82,2423889
2024-04-09,324.94,325.51,313.0,313.87,4069521
2024-04-10,309.0,317.37,306.21,314.37,2426138
2024-04-11,314.41,319.36,312.95,317.26,1547427
2024-04-12,314.27,318.67,314.27,318.5,2248538
2024-04-15,324.0,324.82,313.89,315.28,2246155
2024-04-16,312.89,317.54,311.32,315.35,1509496
2024-04-17,316.68,316.68,305.85,310.18,2146345
2024-04-18,313.75,315.71,308.46,308.94,1830713
2024-04-19,309.04,311.66,302.26,303.02,2912847
2024-04-22,305.35,310.34,304.17,308.09,2219427
2024-04-23,311.94,315.28,310.4,312.84,2674118
2024-04-24,324.0,325.41,313.95,318.79,3293480
2024-04-25,314.05,318.88,312.15,317.1,2364083
2024-04-26,318.21,325.32,318.21,324.3,2108080
2024-04-29,324.92,327.19,321.42,326.51,2942326
2024-04-30,330.0,333.06,312.53,318.26,5242672
2024-05-01,318.83,319.48,311.74,312.03,3359332
2024-05-02,313.29,316.09,305.26,315.27,2953960
2024-05-03,318.51,322.59,316.59,320.5,1737517
2024-05-06,322.33,327.43,322.33,327.24,1248731
2024-05-07,328.11,329.0,325.62,327.43,1729985
2024-05-08,327.4,333.13,326.82,330.4,1385762
2024-05-09,330.0,333.45,329.98,333.26,1422963
2024-05-10,335.0,337.7,330.11,330.57,1933478
2024-05-13,331.01,331.88,325.86,328.51,1871314
2024-05-14,326.16,331.37,321.97,330.45,1570289
2024-05-15,332.0,338.15,332.0,337.96,1617503
2024-05-16,337.9,338.88,330.13,330.18,2114501
2024-05-17,332.0,333.61,326.71,330.24,1857510
2024-05-20,330.0,335.71,329.0,333.25,987380
2024-05-21,332.64,337.26,332.46,336.73,1356671
2024-05-22,336.74,338.41,333.18,336.18,1530680
2024-05-23,342.19,344.0,336.58,338.42,1732483
2024-05-24,339.08,345.19,338.93,340.89,1467702
2024-05-28,342.29,343.0,335.3,337.36,1747578
2024-05-29,335.3,336.43,332.69,332.89,1033628
2024-05-30,332.29,335.18,331.41,334.2,1125816
2024-05-31,333.45,335.0,322.22,332.85,3656290
2024-06-03,334.0,335.0,318.67,324.46,2420613
2024-06-04,324.52,325.5,310.15,316.17,4110446
2024-06-05,319.77,327.58,319.4,326.59,2455496
2024-06-06,325.0,326.99,311.37,313.46,3003395
2024-06-07,313.48,317.83,310.78,314.83,2346785
2024-06-10,313.46,323.39,313.25,322.98,2006821
2024-06-11,320.69,322.0,317.44,319.17,1797859
2024-06-12,321.55,328.91,319.5,327.17,1662388
2024-06-13,326.43,329.12,321.83,328.35,2171410
2024-06-14,324.37,325.64,316.93,319.02,1987717
2024-06-17,318.78,326.61,317.01,325.33,2512413
2024-06-18,324.0,330.18,321.2,327.59,1861754
2024-06-20,328.17,329.87,320.02,323.24,1765018
2024-06-21,322.94,322.94,316.51,320.06,2966259
2024-06-24,322.1,324.39,319.19,322.08,1540466
2024-06-25,322.36,324.09,318.33,322.76,1539387
2024-06-26,320.76,321.06,313.51,315.27,1790903
2024-06-27,314.16,314.79,311.25,313.94,2456778
2024-06-28,312.89,319.64,310.34,313.55,2461273
2024-07-01,316.45,316.48,307.76,312.37,1867331
2024-07-02,309.45,313.75,309.45,313.28,1965522
2024-07-03,313.82,319.25,312.95,318.42,1113027
2024-07-05,319.68,320.33,314.49,317.37,1518238
2024-07-08,320.17,322.88,318.22,318.96,1082180
2024-07-09,320.19,321.14,318.12,318.71,948035
2024-07-10,318.75,327.22,318.61,327.07,2041281
2024-07-11,329.18,331.13,325.7,328.82,2027486
2024-07-12,330.75,333.71,326.21,330.48,1579996
2024-07-15,329.34,330.96,325.84,327.03,1389492
2024-07-16,330.55,335.12,328.76,332.46,1609058
2024-07-17,326.97,327.62,311.11,311.5,3160091
2024-07-18,313.39,319.23,305.66,309.07,4348352
2024-07-19,312.23,316.31,310.7,311.89,2267195
2024-07-22,316.5,321.5,315.45,320.32,1866935
2024-07-23,320.0,325.33,319.67,321.94,1478332
2024-07-24,316.84,318.08,299.32,299.6,3651946
2024-07-25,298.73,300.28,286.87,292.88,5495667
2024-07-26,300.88,301.93,296.42,297.79,3014373
2024-07-29,298.6,300.39,294.56,296.61,2478963
2024-07-30,297.56,302.53,285.48,287.24,4740190
2024-07-31,306.19,310.87,301.37,304.79,5051680
2024-08-01,290.04,304.29,288.0,297.88,5373332
2024-08-02,290.0,290.64,276.01,280.26,4494121
2024-08-05,255.65,277.02,255.65,272.52,4524802
2024-08-06,274.65,282.03,274.65,277.65,3132792
2024-08-07,285.0,288.1,276.8,277.68,2257070
2024-08-08,282.05,288.06,278.11,287.48,3035199
2024-08-09,286.86,292.17,285.7,291.64,2024271
2024-08-12,291.12,293.45,285.53,288.43,1810710
2024-08-13,292.2,295.82,288.28,295.39,2039267
2024-08-14,296.01,300.05,294.43,298.3,1940363
2024-08-15,302.12,304.77,298.04,302.46,2284743
2024-08-16,302.07,302.53,293.38,296.68,2726020
2024-08-19,297.19,298.43,293.19,297.05,1523574
2024-08-20,297.92,299.64,294.58,296.24,1407635
2024-08-21,296.45,301.65,296.17,299.69,1356839
2024-08-22,300.46,303.4,296.7,297.69,2006621
2024-08-23,300.0,302.0,297.78,300.0,1928945
2024-08-26,300.28,301.75,296.0,296.91,1543765
2024-08-27,295.0,299.86,292.4,296.03,1688594
2024-08-28,296.82,297.49,292.23,293.6,1709378
2024-08-29,296.23,307.45,295.14,301.09,2378364
2024-08-30,301.49,307.65,300.13,306.93,2220448
2024-09-03,304.17,304.81,289.47,289.73,3015159
2024-09-04,288.2,292.79,286.62,288.77,2066962
2024-09-05,287.45,289.23,282.56,285.72,1892408
2024-09-06,288.62,292.2,281.34,284.97,2135449
2024-09-09,289.21,292.1,287.62,289.38,1663275
2024-09-10,291.23,291.9,284.46,288.3,1499220
2024-09-11,289.5,297.68,284.55,297.14,2325616
2024-09-12,296.85,304.47,294.84,303.38,2764553
2024-09-13,305.82,310.47,303.67,305.8,1997992
2024-09-16,306.0,306.98,301.48,306.55,1506601
2024-09-17,308.48,312.42,304.65,311.73,2076630
2024-09-18,313.56,321.15,313.55,314.65,2892845
2024-09-19,323.75,329.78,319.9,328.92,3125703
2024-09-20,326.68,331.42,326.0,330.6,3183338
2024-09-23,331.89,333.29,329.41,329.79,1720328
2024-09-24,329.71,330.23,326.3,327.39,1933164
2024-09-25,328.31,330.86,327.39,328.55,1569151
2024-09-26,333.17,336.3,329.34,333.02,2361500
2024-09-27,333.11,333.91,326.65,328.45,1885446
2024-09-30,326.69,331.7,324.69,331.44,2682185
2024-10-01,331.03,331.43,325.06,327.58,927317
2024-10-02,326.0,329.87,325.71,327.99,1112229
2024-10-03,327.34,328.45,324.42,326.96,925124
2024-10-04,331.9,333.31,328.25,333.05,1114806
2024-10-07,330.83,335.32,330.19,334.63,1282606
2024-10-08,336.5,337.75,333.03,335.58,994529
2024-10-09,335.48,338.86,334.72,338.25,1053181
2024-10-10,335.4,337.83,332.69,336.94,1224503
2024-10-11,337.0,341.98,335.9,341.39,1133310
2024-10-14,343.0,345.94,341.57,345.61,869766
2024-10-15,346.46,347.35,337.47,338.04,1827254
2024-10-16,338.95,341.38,337.81,341.1,829706
2024-10-17,345.0,349.74,340.89,348.49,1697371
2024-10-18,349.56,349.7,345.27,348.18,1145822
2024-10-21,348.0,348.73,345.25,347.07,1046525
2024-10-22,343.89,345.26,340.82,343.55,1180590
2024-10-23,341.0,345.72,340.31,344.96,1849699
2024-10-24,345.0,346.68,340.51,345.29,1372863
2024-10-25,347.07,348.56,342.9,344.49,757565
2024-10-28,347.95,348.62,345.11,345.51,2123734
2024-10-29,342.79,347.42,337.86,345.55,1723913
2024-10-30,344.65,346.69,340.86,342.81,2182019
2024-10-31,325.0,333.94,321.39,331.58,3799929
2024-11-01,335.95,337.02,329.65,335.0,2290563
2024-11-04,332.5,335.51,330.81,331.13,1853454
2024-11-05,331.87,338.22,331.82,337.48,1695012
2024-11-06,355.0,366.08,352.06,359.18,3669543
2024-11-07,360.0,363.14,357.93,360.56,2453520
2024-11-08,362.03,369.29,361.3,366.67,2151506
2024-11-11,371.78,373.39,368.65,371.95,1591372
2024-11-12,371.61,373.49,365.67,368.99,1912076
2024-11-13,369.74,372.68,369.01,369.66,1382492
2024-11-14,369.5,371.12,361.01,361.86,1771712
2024-11-15,358.12,361.22,355.38,358.99,2170843
2024-11-18,359.59,361.23,356.54,357.83,1515666
2024-11-19,355.0,365.03,353.42,363.69,1667373
2024-11-20,365.19,367.5,358.55,360.46,1376595
2024-11-21,364.49,373.39,362.45,370.95,1526440
2024-11-22,372.5,378.0,371.61,377.41,2321586
2024-11-25,378.0,379.12,372.14,376.68,3238069
2024-11-26,378.5,379.99,375.17,377.29,2051751
2024-11-27,375.5,377.56,371.01,371.98,1091870
2024-11-29,374.97,378.45,373.52,375.42,774191
2024-12-02,377.86,378.79,371.92,372.22,1037261
2024-12-03,372.29,375.44,368.62,373.75,1256041
2024-12-04,375.27,378.47,375.02,377.52,1400170
2024-12-05,377.52,377.82,370.0,371.05,1590485
2024-12-06,371.74,373.28,369.25,371.22,1422061
2024-12-09,371.44,373.0,358.33,364.06,2203951
2024-12-10,363.54,364.02,357.95,358.49,1810746
2024-12-11,364.41,365.0,353.33,361.91,2354271
2024-12-12,361.93,363.06,358.08,358.64,1180961
2024-12-13,359.76,360.82,355.89,356.01,1118624
2024-12-16,355.75,357.5,353.54,355.15,1401320
2024-12-17,351.38,351.55,344.67,347.08,2469092
2024-12-18,349.0,349.59,334.72,335.12,2323974
2024-12-19,339.9,340.1,334.33,335.64,2310854
2024-12-20,333.28,342.01,332.12,338.12,4057687
2024-12-23,337.13,338.52,334.2,337.71,1486950
2024-12-24,338.68,341.69,337.2,341.54,504939
2024-12-26,340.85,341.83,338.75,340.16,740161
2024-12-27,336.82,338.85,331.28,334.63,1577256
2024-12-30,329.14,334.07,327.54,332.38,1381179
2024-12-31,332.25,333.98,331.26,331.87,1093401
2025-01-02,334.68,337.91,330.24,331.96,1535458
2025-01-03,333.95,343.45,333.65,342.58,2123816
2025-01-06,348.0,353.4,346.68,348.56,2882548
2025-01-07,348.35,349.48,341.14,343.91,2017470
2025-01-08,341.67,345.68,338.0,345.11,1849528
2025-01-10,342.89,343.96,337.97,341.45,1779259
2025-01-13,333.88,343.04,333.88,340.88,2488518
2025-01-14,344.74,347.24,339.0,340.14,2936113
2025-01-15,346.91,349.69,340.71,342.58,3382641
2025-01-16,346.76,347.78,342.7,345.19,2380320
2025-01-17,348.29,349.47,345.75,346.28,2365439
2025-01-21,351.4,357.67,350.48,357.63,3520135
2025-01-22,372.27,377.93,365.0,371.23,3472233
2025-01-23,367.14,372.3,363.22,369.69,1916612
2025-01-24,377.12,378.0,367.16,368.98,1898239
2025-01-27,329.49,329.76,306.15,311.55,10132438
2025-01-28,311.76,313.66,298.29,312.67,8617329
2025-01-29,313.5,319.55,310.12,317.6,4171426
2025-01-30,324.83,329.59,321.11,327.1,4661322
2025-01-31,322.02,330.55,314.4,326.44,6395795
2025-02-03,317.34,322.1,311.12,315.41,3019148
2025-02-04,319.01,319.6,313.01,314.7,2281065
2025-02-05,315.55,316.76,311.3,315.25,3044140
2025-02-06,316.09,323.68,312.77,315.85,3303952
2025-02-07,318.1,322.64,311.97,313.05,2548900
2025-02-10,314.69,320.15,312.45,319.88,2632586
2025-02-11,317.36,318.25,311.1,316.51,3125921
2025-02-12,308.2,311.96,305.69,309.88,2596103
2025-02-13,312.76,312.76,304.07,307.81,2974167
2025-02-14,309.52,311.38,307.5,309.17,2478131
2025-02-18,313.17,316.59,310.39,313.12,2600081
2025-02-19,310.58,311.74,307.3,309.43,2638901
2025-02-20,309.2,310.0,305.84,308.82,1939314
2025-02-21,308.74,309.4,295.02,297.37,4294708
2025-02-24,297.54,298.79,285.51,289.85,5636059
2025-02-25,287.2,292.65,282.43,287.55,5957904
2025-02-26,292.09,299.6,290.57,297.35,4256350
2025-02-27,300.45,301.96,288.91,290.38,4476938
2025-02-28,289.45,293.38,284.79,293.32,3938983
2025-03-03,294.98,296.72,276.2,278.46,4176480
2025-03-04,273.12,285.56,267.63,279.22,6757948
2025-03-05,283.45,288.76,278.46,287.73,3602474
2025-03-06,277.22,280.67,272.28,277.55,3257639
2025-03-07,275.55,286.15,273.71,284.98,4479588
2025-03-10,275.88,282.67,272.67,277.61,4081479
2025-03-11,276.53,287.39,274.6,282.31,4166529
2025-03-12,297.46,300.04,285.54,292.04,5531456
2025-03-13,290.0,291.02,280.46,283.7,5278692
2025-03-14,290.45,294.61,286.6,293.61,3241324
2025-03-17,295.2,300.76,293.62,297.23,2911038
2025-03-18,293.82,295.58,288.37,290.64,2579479
2025-03-19,290.75,299.06,290.17,294.56,3117971
2025-03-20,291.1,300.24,290.12,295.53,3395585
2025-03-21,291.74,296.25,289.49,295.44,3105121
2025-03-24,300.49,304.54,298.56,302.84,2851400
2025-03-25,303.3,304.94,295.98,300.0,3369608
2025-03-26,297.97,297.97,283.68,285.52,4471924
2025-03-27,283.81,285.54,278.16,280.91,3453060
2025-03-28,278.26,279.73,271.65,274.17,3254508
2025-03-31,268.0,273.45,262.68,271.83,4883121
2025-04-01,271.81,278.05,269.85,276.7,2468835
2025-04-02,270.69,285.67,270.0,283.84,2681462
2025-04-03,260.03,271.5,258.6,260.85,5553701
2025-04-04,249.46,252.0,236.58,246.52,5290998
2025-04-07,237.85,262.92,231.85,252.45,5543485
2025-04-08,264.65,267.92,245.3,251.5,5127519
2025-04-09,249.46,286.61,248.18,283.59,6041196
2025-04-10,273.99,275.9,261.57,270.72,4996047
2025-04-11,268.47,278.65,265.09,277.53,3833273
2025-04-14,282.82,283.0,274.09,277.83,2632038
2025-04-15,278.5,280.05,275.45,277.12,2217556
2025-04-16,272.44,276.2,264.82,269.16,3411359
2025-04-17,272.0,272.0,265.97,268.32,2539744
2025-04-21,264.12,264.46,255.1,259.47,2863477
2025-04-22,263.15,268.79,262.41,266.91,2270723
2025-04-23,288.95,288.95,274.94,275.66,3149028
2025-04-24,277.6,288.26,275.98,287.02,2751643
2025-04-25,285.77,290.88,285.77,288.82,2177484
2025-04-28,288.06,293.54,283.11,287.74,2969782
2025-04-29,287.97,291.69,284.82,290.69,1965345
2025-04-30,284.42,295.1,283.0,294.37,2541698
2025-05-01,302.0,306.1,300.25,301.66,4722713
2025-05-02,293.72,303.97,286.6,299.71,5932238
2025-05-05,296.17,301.51,293.07,298.58,2455025
2025-05-06,296.28,301.25,296.09,298.11,2460451
2025-05-07,299.51,303.3,296.93,302.2,1888870
2025-05-08,304.54,310.0,304.22,307.04,2076705
2025-05-09,309.68,311.7,306.77,309.87,2038726
2025-05-12,324.95,324.95,319.15,322.09,3542369
2025-05-13,323.69,333.96,322.29,330.75,3439071
2025-05-14,330.63,333.98,328.27,329.09,1886783
2025-05-15,326.75,330.82,326.21,326.82,2300632
2025-05-16,328.42,329.5,325.12,329.07,1997690
2025-05-19,323.22,329.87,322.2,329.29,1482174
2025-05-20,326.53,330.06,325.5,328.25,1654516
2025-05-21,324.6,329.9,322.01,322.33,1725604
2025-05-22,319.96,323.75,315.71,321.07,1677806
2025-05-23,315.19,322.89,312.91,321.06,1432398
2025-05-27,324.72,328.93,323.37,328.16,1568849
2025-05-28,329.12,330.0,324.91,325.67,1982698
2025-05-29,329.9,330.79,323.34,324.81,1618185
2025-05-30,322.05,323.5,316.81,320.2,3788252
2025-06-02,319.48,319.92,311.9,318.86,1929142
2025-06-03,322.96,327.66,321.09,325.84,1979041
2025-06-04,327.0,329.68,325.53,327.08,1669745
2025-06-05,328.87,328.93,324.44,326.48,1600949
2025-06-06,331.2,333.5,329.78,331.45,2206481
2025-06-09,332.01,333.36,325.46,325.81,1621813
2025-06-10,327.5,327.5,318.76,324.24,1882177
2025-06-11,323.86,327.87,320.31,325.71,1424025
2025-06-12,322.98,331.46,322.45,330.34,1777321
2025-06-13,324.49,328.42,322.31,323.66,1565425
2025-06-16,330.09,339.71,328.3,338.01,3393439
2025-06-17,336.63,338.35,329.82,330.51,1870167
2025-06-18,329.85,338.16,329.8,334.86,2969142
2025-06-20,335.66,338.0,330.79,331.23,4407215
2025-06-23,331.32,333.45,324.38,332.95,1397853
2025-06-24,335.3,345.15,335.3,343.26,2977934
2025-06-25,346.35,347.43,341.79,342.35,1930170
2025-06-26,343.67,349.23,342.21,348.14,2284689
2025-06-27,353.37,357.6,351.64,353.23,3704374
2025-06-30,353.84,358.29,352.16,356.99,2212556
2025-07-01,355.78,357.38,350.06,355.04,2407924
2025-07-02,355.21,358.61,353.45,358.19,1787628
2025-07-03,359.11,363.42,358.35,362.22,1088101
2025-07-07,362.22,363.18,354.93,358.49,1800819
2025-07-08,359.98,360.8,353.98,356.98,1739360
2025-07-09,360.27,360.38,356.07,359.78,1196602
2025-07-10,360.21,361.72,345.74,357.64,2809572
2025-07-11,356.94,361.65,353.8,360.62,1698326
2025-07-14,358.79,361.16,357.1,360.29,1179749
2025-07-15,369.75,371.14,361.51,362.11,2062119
2025-07-16,362.12,364.31,356.72,362.89,1756478
2025-07-17,375.87,380.81,374.96,380.72,3687448
2025-07-18,382.73,384.51,378.0,378.62,2941050
2025-07-21,379.7,379.9,373.57,373.66,2445239
2025-07-22,372.1,373.86,365.0,372.65,1805263
2025-07-23,376.5,382.2,375.85,380.24,2355350
2025-07-24,382.0,386.17,380.24,384.9,1658976
2025-07-25,388.0,393.07,387.8,392.17,2107366
2025-07-28,399.56,399.56,391.52,392.76,2334879
2025-07-29,394.26,395.62,387.06,390.01,1777147
2025-07-30,392.09,393.85,387.26,390.09,2727033
2025-07-31,390.13,396.28,384.12,384.72,2900027
2025-08-01,374.51,383.0,373.05,381.29,2417151
2025-08-04,383.71,386.53,382.61,384.76,2741928
2025-08-05,360.94,363.79,353.7,356.45,7068161
2025-08-06,358.6,362.67,354.33,358.16,4507528
2025-08-07,360.0,361.29,354.0,360.16,3058114
2025-08-08,362.0,364.12,359.4,362.84,2139604
2025-08-11,362.4,363.25,358.01,360.11,2850167
2025-08-12,361.69,363.61,358.84,363.3,2489104
2025-08-13,364.2,365.2,351.78,357.49,2751572
2025-08-14,353.63,358.69,352.03,355.1,1895618
2025-08-15,355.0,355.0,350.27,351.03,1899900
2025-08-18,349.87,354.05,348.71,353.5,1158547
2025-08-19,352.72,353.5,347.24,349.0,1870499
2025-08-20,344.04,347.56,339.26,346.22,2454668
2025-08-21,345.19,348.61,344.29,345.38,1455380
2025-08-22,346.7,353.08,345.1,347.61,1965142
2025-08-25,349.31,350.13,345.72,345.76,1251552
2025-08-26,346.3,353.13,345.71,352.02,1995011
2025-08-27,350.96,353.68,350.0,351.4,1434520
2025-08-28,353.66,357.16,352.67,355.34,1773137
2025-08-29,354.95,356.52,345.27,349.14,2386266
2025-09-02,343.13,344.6,339.89,343.75,2464064
2025-09-03,345.78,346.07,339.66,342.99,1521312
2025-09-04,344.22,348.27,341.61,348.22,1859362
2025-09-05,350.47,351.28,342.27,349.03,2120796
2025-09-08,350.0,352.58,347.77,349.49,1631966
2025-09-09,349.94,350.27,343.64,348.23,1763305
2025-09-10,359.59,365.43,357.0,362.25,3483952
2025-09-11,363.68,365.31,359.38,360.08,2253528
2025-09-12,359.93,367.68,358.78,365.9,3108477
2025-09-15,370.02,378.16,369.19,375.54,3031539
2025-09-16,378.0,378.98,369.65,371.19,2251110
2025-09-17,370.59,371.46,359.28,363.35,3481432
2025-09-18,366.98,374.06,364.45,371.27,1857903
2025-09-19,373.6,375.36,369.98,374.5,3483273
2025-09-22,374.08,382.92,371.92,378.31,2399700
2025-09-23,381.76,382.0,366.06,368.52,2776645
2025-09-24,369.82,373.62,368.22,372.21,2290761
2025-09-25,366.86,368.16,360.34,364.74,2029278
2025-09-26,365.01,366.51,360.27,365.58,1625419
2025-09-29,370.01,370.98,367.02,367.15,1466252
2025-09-30,366.45,374.99,366.45,374.25,1805959
2025-10-01,369.66,378.03,369.09,373.84,1590582
2025-10-02,376.07,381.58,370.8,376.76,1778006
2025-10-03,377.8,378.04,371.61,373.46,1372536
2025-10-06,380.0,385.67,377.56,380.02,1852186
2025-10-07,382.0,384.86,367.49,370.94,2321869
2025-10-08,372.63,378.94,370.22,376.7,2168576
2025-10-09,381.58,381.87,373.29,377.19,1723584
2025-10-10,379.36,387.62,369.08,369.08,2164700
2025-10-13,374.73,379.19,372.83,375.37,2090196
2025-10-14,368.73,379.15,364.36,374.35,1669488
2025-10-15,379.74,385.96,375.4,381.72,1589473
2025-10-16,385.89,386.67,372.15,375.59,1597471
2025-10-17,373.4,379.01,370.26,373.3,1733043
2025-10-20,375.62,379.02,374.6,377.69,1331657
2025-10-21,377.64,378.46,371.44,373.46,2335107
2025-10-22,378.09,379.58,353.56,360.6,4029365
2025-10-23,361.36,373.82,361.36,372.4,1601613
2025-10-24,379.14,381.31,376.12,376.29,1650410
2025-10-27,381.0,381.0,376.53,379.74,1772600
2025-10-28,379.86,381.06,373.43,376.01,1551358
2025-10-29,376.88,390.0,376.28,387.75,2245001
2025-10-30,384.49,390.11,379.26,383.09,3112798
2025-10-31,386.02,393.59,379.22,381.56,2407267
2025-11-03,385.11,387.39,378.25,386.57,3254494
2025-11-04,360.63,382.63,352.1,377.72,7551357
2025-11-05,377.61,394.14,376.66,385.44,3075959
2025-11-06,384.07,386.61,373.85,377.4,2235866
2025-11-07,371.05,376.07,364.2,373.77,2604836
2025-11-10,380.92,382.56,372.4,379.57,1801833
2025-11-11,377.23,380.0,366.75,367.91,3103733
2025-11-12,368.01,372.0,366.37,369.4,1962092
2025-11-13,367.09,368.48,352.37,354.07,2762312
2025-11-14,350.0,361.0,347.0,352.39,3385162
2025-11-17,351.96,353.49,339.84,342.75,3019730
2025-11-18,340.33,343.0,335.1,338.29,3158325
2025-11-19,339.97,346.22,338.68,345.65,2650766
2025-11-20,356.38,357.78,326.95,328.19,4550624
2025-11-21,329.04,332.22,320.2,331.71,4397591
2025-11-24,334.73,335.64,329.27,330.43,3672784
2025-11-25,329.99,339.07,324.71,336.65,3968824
2025-11-26,338.55,344.6,337.18,341.69,2474729
2025-11-28,344.4,347.89,341.64,345.89,935120
2025-12-01,342.65,343.89,338.4,339.71,2248798
2025-12-02,343.5,343.78,332.88,333.11,3850288
2025-12-03,330.5,336.2,323.57,335.57,3079383
2025-12-04,335.48,340.9,332.5,338.93,2351829
2025-12-05,338.89,341.42,336.0,337.66,1845606
2025-12-08,337.45,345.69,336.13,343.39,3733865
2025-12-09,344.09,348.64,341.55,341.76,2149666
2025-12-10,343.87,354.37,342.21,353.45,2554134
2025-12-11,350.51,351.14,341.56,350.36,2405623
2025-12-12,349.17,349.98,329.4,331.98,3921907
2025-12-15,334.5,336.04,331.72,333.21,2568954
2025-12-16,333.22,334.31,326.71,329.93,2527409
2025-12-17,329.25,331.12,311.92,315.82,7694386
2025-12-18,322.04,323.08,314.0,315.95,3826602
2025-12-19,315.68,320.71,315.45,317.8,7357343
2025-12-22,322.61,322.77,318.27,320.39,2080366
2025-12-23,319.66,324.21,319.2,322.81,2197116
2025-12-24,323.42,324.07,321.15,323.67,766456
2025-12-26,323.28,323.53,321.32,322.17,1100856
2025-12-29,322.34,325.43,320.67,321.45,1948914
2025-12-30,321.48,322.28,320.05,320.86,1727313
2025-12-31,322.0,322.0,318.13,318.51,1553865
2026-01-02,323.21,328.21,321.22,327.31,2559333
2026-01-05,324.41,330.94,321.93,322.26,3381619
2026-01-06,322.33,333.07,315.76,332.97,3246589
2026-01-07,333.0,333.27,320.57,322.67,3166046
2026-01-08,320.11,320.86,315.78,320.58,4582189
2026-01-09,322.15,325.22,320.79,324.51,2653512
2026-01-12,323.09,330.17,323.09,329.1,2166760
2026-01-13,329.87,334.0,329.76,332.38,2521503
2026-01-14,331.07,334.47,328.23,331.14,2147832
2026-01-15,336.52,341.14,332.54,333.46,2127413
2026-01-16,343.45,349.6,340.57,343.75,3768454
2026-01-20,337.78,344.7,336.5,337.59,2869636
2026-01-21,340.01,342.59,334.44,337.96,3426282
2026-01-22,342.12,343.0,331.61,334.04,2548766
2026-01-23,335.62,336.77,330.68,331.22,2235616
2026-01-26,331.22,333.63,327.5,332.28,2805711
2026-01-27,332.7,341.96,329.23,341.19,2814381
2026-01-28,341.04,349.23,340.0,347.32,3072495
