Date,Open,High,Low,Close,Volume
2011-01-03,38.48,39.4,38.06,38.75,2017429
2011-01-04,38.7,39.0,38.26,38.48,1713077
2011-01-05,38.14,38.2,37.46,37.9,3176953
2011-01-06,37.92,38.55,37.83,38.2,1724967
2011-01-07,38.05,38.09,36.9,37.69,1972799
2011-01-10,37.49,38.69,37.34,38.65,2372486
2011-01-11,38.73,38.95,38.46,38.56,1694656
2011-01-12,38.89,39.07,38.63,38.99,1519098
2011-01-13,39.58,40.12,39.26,39.75,3511048
2011-01-14,41.84,42.75,41.28,42.11,7351942
2011-01-18,42.3,42.95,41.98,42.37,3104533
2011-01-19,42.34,42.34,41.48,41.61,2266499
2011-01-20,41.66,42.88,40.88,42.13,3222613
2011-01-21,42.24,42.45,41.72,41.83,1861210
2011-01-24,42.16,43.38,41.97,43.11,4527532
2011-01-25,42.96,43.75,42.72,43.67,4499156
2011-01-26,43.66,44.62,43.25,44.53,3799818
2011-01-27,44.45,45.0,44.36,44.68,2626717
2011-01-28,45.26,45.99,43.02,43.69,4161526
2011-01-31,43.55,44.36,43.01,44.08,2803941
2011-02-01,44.29,45.28,44.29,45.09,2980043
2011-02-02,44.73,45.43,44.63,45.16,2119199
2011-02-03,44.98,45.16,44.26,44.89,1234363
2011-02-04,44.9,45.93,44.71,45.63,1956458
2011-02-07,45.66,46.48,45.61,46.16,3432154
2011-02-08,46.1,46.2,45.37,46.2,2397689
2011-02-09,46.05,46.23,45.61,46.18,2187757
2011-02-10,45.76,46.25,45.09,46.17,2932378
2011-02-11,46.01,46.96,45.94,46.93,2614552
2011-02-14,47.13,48.43,47.06,48.18,2833035
2011-02-15,48.0,48.39,47.75,48.24,2472889
2011-02-16,48.78,48.95,48.33,48.82,2266458
2011-02-17,48.68,49.8,48.5,49.53,3010145
2011-02-18,49.73,49.98,49.04,49.89,2650230
2011-02-22,49.0,49.1,47.39,47.57,2397178
2011-02-23,47.37,47.94,46.37,47.11,2168163
2011-02-24,47.18,48.0,46.8,47.78,1531021
2011-02-25,48.05,49.04,47.78,48.96,1992529
2011-02-28,49.1,49.47,48.06,48.82,1983279
2011-03-01,49.0,49.26,47.82,47.95,2614684
2011-03-02,47.97,49.93,47.92,49.68,3001812
2011-03-03,50.0,51.83,49.96,51.15,4605136
2011-03-04,50.94,51.35,50.35,51.21,2345710
2011-03-07,51.25,51.3,48.37,49.25,3821095
2011-03-08,49.32,50.34,48.52,49.79,2043484
2011-03-09,49.55,49.6,47.27,47.5,2818811
2011-03-10,46.61,46.74,45.36,45.77,4146303
2011-03-11,45.46,46.48,45.21,46.13,1768822
2011-03-14,45.78,46.13,45.2,45.85,1465430
2011-03-15,44.72,46.0,44.04,45.58,3141286
2011-03-16,45.29,46.0,44.11,44.39,2690453
2011-03-17,45.29,46.21,44.91,45.15,2534135
2011-03-18,45.55,45.75,44.52,44.78,2964533
2011-03-21,45.47,46.38,45.38,45.96,1903579
2011-03-22,46.01,46.01,45.15,45.56,1497124
2011-03-23,45.35,46.3,44.95,46.12,2092421
2011-03-24,46.58,47.47,46.01,47.19,2264927
2011-03-25,47.4,47.82,46.84,46.86,2009486
2011-03-28,47.09,47.78,46.76,47.3,1424333
2011-03-29,47.09,47.71,46.64,47.54,1604295
2011-03-30,47.91,48.09,47.13,47.62,1840569
2011-03-31,47.64,47.81,46.67,47.32,2154050
2011-04-01,47.65,47.76,46.57,46.8,2597490
2011-04-04,47.12,47.18,46.05,46.43,1874473
2011-04-05,46.67,47.06,45.97,46.16,2531549
2011-04-06,46.55,46.61,45.48,46.17,2133083
2011-04-07,45.8,45.89,43.66,44.06,3952551
2011-04-08,44.35,44.48,43.28,43.7,2045634
2011-04-11,43.73,43.88,42.95,43.42,2408889
2011-04-12,43.07,43.2,42.09,42.36,2265772
2011-04-13,42.51,42.72,41.9,42.41,3178213
2011-04-14,41.99,42.66,41.6,42.48,2303119
2011-04-15,42.55,42.99,41.95,42.8,2188869
2011-04-18,42.11,42.41,41.38,41.58,2711806
2011-04-19,41.55,42.1,41.46,41.78,2002298
2011-04-20,44.0,44.68,43.81,44.63,3316726
2011-04-21,44.21,44.34,42.43,42.6,3830626
2011-04-22,44.21,44.34,42.43,42.6,3830626
2011-04-25,42.59,43.03,42.27,42.66,1857423
2011-04-26,42.59,43.98,42.57,43.95,2284136
2011-04-27,44.11,44.46,43.71,44.07,1678800
2011-04-28,43.69,43.77,42.34,43.36,3227134
2011-04-29,43.52,44.94,43.3,43.9,5624971
2011-05-02,44.06,44.31,43.25,43.68,3060134
2011-05-03,43.72,44.06,42.66,43.05,2266145
2011-05-04,44.18,44.79,42.54,43.83,3272246
2011-05-05,44.18,44.79,42.54,43.83,3272246
2011-05-06,45.18,46.18,44.72,44.96,2784307
2011-05-09,45.0,45.25,44.51,45.01,1594135
2011-05-10,45.22,45.42,44.71,45.01,1549210
2011-05-11,44.77,44.98,43.85,44.3,2323306
2011-05-12,43.96,45.13,43.57,44.89,2627312
2011-05-13,44.85,45.06,44.23,44.43,2111766
2011-05-16,44.32,44.87,43.35,43.48,2039550
2011-05-17,43.33,43.35,41.67,42.59,2972301
2011-05-18,42.63,43.09,42.42,42.83,2268001
2011-05-19,41.39,42.83,40.2,41.21,4365490
2011-05-20,41.1,41.44,40.57,41.2,2492166
2011-05-23,40.43,40.96,40.13,40.7,2708589
2011-05-24,40.91,41.05,40.5,40.59,1478366
2011-05-25,40.53,41.35,40.15,41.08,2371381
2011-05-26,40.92,41.51,40.66,41.34,1930726
2011-05-27,41.28,41.95,41.25,41.62,1371312
2011-05-31,42.04,43.14,42.03,43.1,2655541
2011-06-01,42.8,43.43,41.23,41.36,3899119
2011-06-02,41.58,42.32,41.48,41.72,1542462
2011-06-03,41.16,41.44,40.67,40.72,2000893
2011-06-06,40.7,40.97,40.47,40.56,1384282
2011-06-07,40.75,41.59,40.69,41.12,1974657
2011-06-08,40.95,41.04,40.21,40.35,1622141
2011-06-09,40.52,41.22,40.19,40.87,1853283
2011-06-10,40.64,40.68,39.56,39.95,2230671
2011-06-13,40.24,40.36,39.56,39.66,1458183
2011-06-14,40.13,40.77,40.02,40.62,2027330
2011-06-15,40.07,40.24,39.44,39.55,2182434
2011-06-16,39.7,39.74,38.19,38.39,3061084
2011-06-17,38.93,38.97,37.96,38.1,3097832
2011-06-20,37.87,38.41,37.85,38.18,1843533
2011-06-21,38.29,39.19,37.86,38.97,2161137
2011-06-22,38.86,39.32,38.69,38.85,1371850
2011-06-23,38.29,39.52,38.03,39.46,2435164
2011-06-24,39.49,39.93,38.64,39.03,4669304
2011-06-27,38.93,40.03,38.6,39.8,1847676
2011-06-28,39.87,40.15,39.5,40.14,1256986
2011-06-29,40.22,40.53,39.66,39.74,1634884
2011-06-30,39.92,40.72,39.77,40.48,1729388
2011-07-01,40.53,41.63,40.21,41.45,1739260
2011-07-05,41.24,41.36,40.41,40.61,2493815
2011-07-06,40.35,40.35,39.49,39.74,2383850
2011-07-07,40.41,42.95,40.35,42.53,5837244
2011-07-08,42.01,42.43,41.62,42.25,3107027
2011-07-11,42.6,43.81,42.03,42.29,5193440
2011-07-12,41.38,42.73,40.6,41.31,7990418
2011-07-13,41.54,42.31,41.11,41.63,3600676
2011-07-14,41.8,42.45,40.59,40.75,3148475
2011-07-15,41.34,41.35,40.29,40.95,2453061
2011-07-18,40.64,40.87,39.92,40.53,2174036
2011-07-19,40.89,42.47,40.89,42.44,2998767
2011-07-20,42.29,42.86,42.28,42.4,2977803
2011-07-21,42.4,43.22,41.88,42.99,2455383
2011-07-22,42.97,44.41,42.94,44.11,2122168
2011-07-25,43.36,44.21,43.33,44.04,2396295
2011-07-26,44.06,44.6,43.67,43.71,2117878
2011-07-27,43.3,43.42,41.62,41.77,3083297
2011-07-28,41.61,42.95,40.9,41.71,3419717
2011-07-29,40.23,41.71,39.45,39.82,4533044
2011-08-01,39.84,40.34,39.21,39.92,3509689
2011-08-02,39.37,39.67,38.22,38.36,4409848
2011-08-03,38.55,39.14,37.64,39.08,4215147
2011-08-04,38.42,38.53,36.62,36.66,4501908
2011-08-05,37.31,38.11,35.18,36.2,5492572
2011-08-08,35.58,36.09,33.95,34.23,6950309
2011-08-09,34.86,36.25,34.35,36.19,8725644
2011-08-10,35.83,36.33,34.74,35.36,6325547
2011-08-11,35.23,36.59,34.92,36.07,6281781
2011-08-12,36.24,36.53,35.27,35.93,4181094
2011-08-15,36.11,37.05,35.9,36.97,2187237
2011-08-16,36.67,36.89,35.7,36.29,3048945
2011-08-17,36.34,37.1,35.86,36.19,2556187
2011-08-18,35.13,35.27,33.99,34.21,2885682
2011-08-19,33.99,35.0,33.6,33.67,2240339
2011-08-22,34.4,34.55,33.58,33.82,2580722
2011-08-23,34.08,35.49,33.79,35.49,2224757
2011-08-24,35.35,35.78,34.68,35.48,1857223
2011-08-25,35.28,35.68,34.25,34.48,2978833
2011-08-26,34.49,35.5,33.96,35.47,2492631
2011-08-29,35.92,36.89,35.81,36.88,1640668
2011-08-30,36.62,36.9,36.0,36.64,2077351
2011-08-31,37.03,37.72,36.35,36.68,3560279
2011-09-01,36.84,36.91,36.03,36.07,2819349
2011-09-02,35.46,35.77,34.73,34.82,2387612
2011-09-06,33.32,34.32,33.2,34.25,2915501
2011-09-07,34.73,36.01,34.36,35.78,2368450
2011-09-08,35.67,36.47,34.96,35.37,2855703
2011-09-09,35.19,36.34,34.86,35.46,3454787
2011-09-12,34.98,36.41,34.98,36.41,3560997
2011-09-13,36.5,37.82,36.41,37.71,3867179
2011-09-14,38.0,39.07,37.46,38.71,4715181
2011-09-15,38.98,39.37,38.58,39.13,3031493
2011-09-16,39.33,39.76,38.91,39.35,3017299
2011-09-19,38.66,39.01,37.86,38.77,4172130
2011-09-20,38.94,39.21,38.24,38.33,2658462
2011-09-21,38.53,39.44,37.99,38.16,4200056
2011-09-22,37.37,37.44,36.28,37.08,4114602
2011-09-23,36.99,38.1,36.53,37.73,3594478
2011-09-26,38.2,39.79,37.67,39.69,9021148
2011-09-27,40.22,40.97,39.8,40.04,5398984
2011-09-28,39.91,40.43,38.74,38.86,4291077
2011-09-29,39.64,39.87,38.26,39.03,3775249
2011-09-30,38.78,39.18,38.15,38.28,3178740
2011-10-03,38.06,38.65,36.95,37.23,3834254
2011-10-04,36.71,38.77,36.62,38.77,4498282
2011-10-05,38.76,40.24,38.05,40.15,3539065
2011-10-06,40.04,40.36,39.41,40.08,5592660
2011-10-07,40.19,42.16,40.03,41.54,5502257
2011-10-10,42.26,43.2,41.86,42.91,4487973
2011-10-11,42.56,43.17,42.38,42.91,2801662
2011-10-12,43.18,44.59,43.17,43.83,5026203
2011-10-13,43.77,44.08,43.42,43.76,3777642
2011-10-14,44.26,44.26,43.07,43.85,2952507
2011-10-17,43.7,43.99,42.83,43.23,3348378
2011-10-18,43.18,43.94,42.67,43.75,2988755
2011-10-19,43.65,44.33,43.05,43.22,2786782
2011-10-20,42.67,42.82,41.57,42.54,5071683
2011-10-21,43.17,43.9,42.79,43.3,2469223
2011-10-24,43.78,45.0,43.68,44.82,3203552
2011-10-25,44.48,45.7,44.28,44.82,3020862
2011-10-26,45.83,45.83,44.41,45.21,3351868
2011-10-27,46.52,48.0,46.52,47.31,4472278
2011-10-28,45.94,47.57,45.78,47.35,3163773
2011-10-31,46.78,47.67,46.73,47.09,3432964
2011-11-01,45.49,46.19,45.16,45.2,3505947
2011-11-02,45.72,46.04,45.25,45.72,2591515
2011-11-03,46.24,47.32,45.06,47.26,3039043
2011-11-04,46.87,47.62,46.22,47.48,2509991
2011-11-07,47.67,47.67,46.36,47.29,2763436
2011-11-08,47.77,48.0,46.78,47.81,2523126
2011-11-09,46.26,46.37,45.38,45.49,3723166
2011-11-10,46.19,46.74,45.37,46.35,2685537
2011-11-11,46.97,48.62,46.73,48.45,2934438
2011-11-14,48.14,48.75,47.38,47.8,2510650
2011-11-15,47.7,48.75,47.47,48.42,2234724
2011-11-16,47.84,48.66,47.44,47.54,2230565
2011-11-17,47.3,47.37,44.85,45.49,5061356
2011-11-18,45.61,45.93,44.22,44.39,4090885
2011-11-21,43.99,44.48,43.34,44.26,3701513
2011-11-22,44.18,44.48,43.21,43.31,2501253
2011-11-23,42.99,43.17,42.3,42.51,2370307
2011-11-25,42.55,43.23,42.08,42.08,1020492
2011-11-28,43.37,43.76,43.13,43.52,2254476
2011-11-29,43.45,43.64,42.77,43.3,3324399
2011-11-30,44.81,46.25,44.18,46.1,3737855
2011-12-01,46.09,47.35,45.61,47.23,3000564
2011-12-02,47.67,48.07,46.92,46.95,3170530
2011-12-05,47.9,48.71,47.29,48.69,3926415
2011-12-06,48.47,49.39,48.46,49.15,3504262
2011-12-07,49.14,49.23,48.22,49.05,3112670
2011-12-08,48.66,49.31,47.95,48.05,2847345
2011-12-09,47.83,49.26,47.34,49.0,2418121
2011-12-12,48.22,48.49,46.96,47.59,3051747
2011-12-13,47.92,48.24,46.56,46.83,2550821
2011-12-14,46.75,46.99,45.88,46.22,2671534
2011-12-15,47.79,47.83,45.78,45.96,3274329
2011-12-16,46.35,46.71,45.67,46.04,4176747
2011-12-19,46.05,46.56,45.06,45.19,3333709
2011-12-20,46.2,47.9,46.12,47.81,3847484
2011-12-21,47.58,47.81,46.23,46.91,2731253
2011-12-22,47.04,48.28,46.82,48.14,2134932
2011-12-23,48.29,48.64,47.67,48.51,820199
2011-12-27,48.39,49.25,48.36,48.84,1279478
2011-12-28,48.87,49.15,48.3,48.37,1325497
2011-12-29,48.5,48.85,48.28,48.78,1043499
2011-12-30,48.72,49.08,48.23,48.25,1046505
2012-01-03,48.72,49.29,47.39,47.46,3310798
2012-01-04,47.38,47.64,46.88,46.91,3048953
2012-01-05,46.85,47.57,46.75,47.52,3034391
2012-01-06,47.49,48.2,47.17,47.73,2765506
2012-01-09,47.98,48.68,47.81,48.18,2976714
2012-01-10,48.73,49.27,48.43,48.57,2331569
2012-01-11,48.49,49.75,48.44,49.32,2718054
2012-01-12,49.39,49.53,48.73,48.8,2937250
2012-01-13,48.55,48.78,47.69,47.9,2309867
2012-01-17,48.49,49.0,48.42,48.53,2697993
2012-01-18,48.92,50.28,48.7,50.02,4924766
2012-01-19,50.02,51.45,50.02,51.03,4332813
2012-01-20,51.79,52.0,50.82,51.5,4627923
2012-01-23,51.31,51.5,50.55,50.57,2917363
2012-01-24,50.77,51.33,50.31,51.26,3203549
2012-01-25,50.98,51.5,50.53,51.24,2683669
2012-01-26,51.26,52.11,50.03,50.26,3879832
2012-01-27,51.45,53.05,50.91,52.33,6842395
2012-01-30,51.51,51.95,50.88,51.07,4263043
2012-01-31,51.75,51.78,50.5,51.11,3991709
2012-02-01,51.81,52.15,51.21,51.7,2548209
2012-02-02,51.81,51.99,51.48,51.53,1869854
2012-02-03,52.07,52.29,51.72,51.98,2695409
2012-02-06,51.65,51.69,50.78,50.83,2622953
2012-02-07,50.66,51.19,50.39,51.1,2887407
2012-02-08,50.96,51.72,50.94,51.32,1979328
2012-02-09,51.5,51.5,50.55,50.77,1943212
2012-02-10,50.23,50.35,49.21,49.41,2910649
2012-02-13,49.76,50.1,48.44,49.12,3265700
2012-02-14,49.09,49.63,48.91,49.6,2035689
2012-02-15,49.82,50.38,49.26,49.33,2371826
2012-02-16,49.18,50.84,49.03,50.68,2691235
2012-02-17,51.0,51.13,49.91,50.17,2273856
2012-02-21,48.9,49.28,48.03,48.21,3831957
2012-02-22,48.12,48.5,47.98,48.3,2945551
2012-02-23,48.4,48.75,47.96,48.55,2177355
2012-02-24,48.7,48.98,47.64,47.75,2469016
2012-02-27,47.67,48.75,47.29,48.25,2129480
2012-02-28,48.34,49.3,48.14,49.06,1983112
2012-02-29,49.09,49.3,48.23,48.39,2748502
2012-03-01,48.53,48.87,47.89,48.08,2343364
2012-03-02,47.95,48.27,47.64,47.75,1925870
2012-03-05,47.63,47.7,46.58,47.0,2949780
2012-03-06,46.79,47.48,46.66,47.33,3634467
2012-03-07,47.53,47.81,47.19,47.63,2430862
2012-03-08,47.9,48.03,47.53,47.95,2831871
2012-03-09,48.11,49.55,48.1,49.46,3807533
2012-03-12,49.29,49.96,48.94,49.82,2896079
2012-03-13,50.0,50.64,49.72,50.58,3489306
2012-03-14,50.52,51.43,50.5,50.65,2433000
2012-03-15,50.8,52.08,50.78,51.88,3439486
2012-03-16,51.79,52.05,51.22,51.99,2253023
2012-03-19,51.93,52.56,51.74,52.36,2116170
2012-03-20,52.04,52.81,51.84,52.69,2780441
2012-03-21,52.82,52.93,52.36,52.68,2652060
2012-03-22,52.38,52.74,52.07,52.28,2630845
2012-03-23,52.41,52.92,52.03,52.88,1738467
2012-03-26,53.0,54.11,52.99,54.08,2430990
2012-03-27,54.13,55.03,53.84,54.44,3383052
2012-03-28,54.95,55.15,53.55,54.05,2288220
2012-03-29,53.63,54.19,53.26,54.1,2050302
2012-03-30,54.35,54.82,53.91,54.42,1518325
2012-04-02,54.21,54.95,53.91,54.67,1480277
2012-04-03,54.57,54.79,53.73,53.95,1981367
2012-04-04,53.65,53.87,52.8,53.14,2350900
2012-04-05,52.91,53.74,52.85,53.66,1246218
2012-04-09,53.04,53.49,52.61,53.28,1604644
2012-04-10,53.24,53.43,51.86,52.06,2270820
2012-04-11,52.54,53.56,52.43,53.2,2599703
2012-04-12,53.5,54.19,52.67,53.73,1921735
2012-04-13,53.72,53.75,52.72,52.72,1677719
2012-04-16,52.91,53.13,52.14,52.68,1496255
2012-04-17,52.98,53.95,52.84,53.48,1524130
2012-04-18,53.19,53.63,52.41,53.49,2199386
2012-04-19,53.49,54.51,52.93,53.37,1720028
2012-04-20,53.5,53.6,52.48,52.63,1853041
2012-04-23,52.29,52.3,51.31,51.89,1474773
2012-04-24,51.99,52.29,51.24,51.63,1654334
2012-04-25,52.4,53.22,52.27,53.2,1654631
2012-04-26,53.42,55.43,53.42,55.11,5189420
2012-04-27,52.75,53.0,51.28,52.29,4668511
2012-04-30,52.27,52.37,51.83,52.14,1945690
2012-05-01,52.21,52.85,51.85,52.23,1628193
2012-05-02,51.85,52.07,51.33,51.86,2017226
2012-05-03,51.89,51.89,50.59,50.82,2395638
2012-05-04,50.46,50.62,49.61,49.86,2113945
2012-05-07,49.53,49.91,49.4,49.73,1871571
2012-05-08,49.3,50.13,48.82,49.9,2994999
2012-05-09,49.13,50.37,48.93,50.03,2596527
2012-05-10,50.07,50.38,49.55,50.0,3107968
2012-05-11,49.94,50.55,49.89,50.03,3850856
2012-05-14,49.48,50.14,49.15,49.98,1921233
2012-05-15,49.9,50.29,49.5,49.64,2062082
2012-05-16,48.67,48.91,47.08,47.11,4243847
2012-05-17,47.11,47.48,46.24,46.24,2854587
2012-05-18,46.53,46.7,45.55,45.56,2872537
2012-05-21,45.71,46.27,45.39,46.2,2695174
2012-05-22,46.29,46.34,45.82,46.0,2220369
2012-05-23,45.71,45.97,44.77,45.9,4266310
2012-05-24,46.1,46.13,45.27,45.74,1758990
2012-05-25,45.78,46.49,45.7,46.15,2000461
2012-05-29,46.74,47.14,46.38,46.84,2543335
2012-05-30,46.4,46.53,45.86,45.97,2397419
2012-05-31,45.86,46.08,45.0,45.83,2184159
2012-06-01,45.1,45.44,44.26,44.56,2614586
2012-06-04,44.71,45.32,44.06,44.65,1823646
2012-06-05,44.75,45.39,44.56,44.97,2221549
2012-06-06,45.35,46.56,45.26,46.53,1909481
2012-06-07,46.95,47.07,45.89,45.94,1936510
2012-06-08,45.9,47.38,45.69,47.33,2526677
2012-06-11,47.89,48.15,46.93,46.99,2206754
2012-06-12,47.13,47.66,46.75,47.65,1922499
2012-06-13,47.53,48.39,47.23,47.44,2218332
2012-06-14,47.53,47.82,46.79,47.31,1638438
2012-06-15,47.5,48.32,47.35,48.31,2432743
2012-06-18,48.17,49.48,48.03,49.42,1849260
2012-06-19,49.68,50.0,49.27,49.55,2316440
2012-06-20,49.75,50.15,49.3,49.75,1741020
2012-06-21,49.56,49.8,48.24,48.42,2086725
2012-06-22,48.58,48.96,48.3,48.49,5278292
2012-06-25,48.08,48.09,46.75,47.06,2262754
2012-06-26,47.26,47.66,46.76,47.46,1638670
2012-06-27,47.85,48.33,47.57,48.11,1335009
2012-06-28,47.91,48.0,46.9,47.5,1482823
2012-06-29,48.5,49.46,48.42,49.25,1779911
2012-07-02,49.07,49.5,48.56,48.95,1610712
2012-07-03,48.87,49.09,48.62,48.96,1043368
2012-07-05,48.6,49.17,48.16,48.8,1654932
2012-07-06,48.26,48.38,45.85,46.06,3682123
2012-07-09,45.99,46.08,45.05,45.62,2912988
2012-07-10,44.99,46.82,44.77,45.49,5577914
2012-07-11,45.63,46.23,45.13,45.54,2016688
2012-07-12,45.16,45.9,44.79,45.62,2028960
2012-07-13,45.63,46.31,45.52,45.71,1878975
2012-07-16,45.41,45.83,44.88,45.59,1739601
2012-07-17,45.95,46.26,45.41,46.02,2900006
2012-07-18,45.96,48.79,45.88,48.7,3224060
2012-07-19,48.88,49.35,48.55,49.34,2314559
2012-07-20,49.28,49.39,48.81,49.22,2364158
2012-07-23,48.37,48.44,47.62,48.23,2229645
2012-07-24,48.23,48.45,47.78,48.1,1815991
2012-07-25,48.5,49.55,48.23,48.94,2341990
2012-07-26,49.7,50.63,48.77,49.66,2754717
2012-07-27,48.65,51.17,48.25,50.91,2711070
2012-07-30,51.05,51.45,50.9,51.15,1768240
2012-07-31,51.04,51.42,50.86,50.91,2612014
2012-08-01,51.35,51.44,50.57,50.78,1725962
2012-08-02,50.71,52.34,50.48,51.6,2745919
2012-08-03,52.21,52.4,51.78,52.1,1895211
2012-08-06,52.21,52.56,51.99,52.03,1486972
2012-08-07,52.39,53.21,52.18,52.78,1776500
2012-08-08,52.75,53.17,52.4,52.91,1886565
2012-08-09,52.65,53.36,52.58,53.06,1529845
2012-08-10,52.76,53.21,52.6,53.12,896489
2012-08-13,52.87,53.12,52.28,52.95,1583139
2012-08-14,53.15,53.18,52.13,52.29,1528377
2012-08-15,52.3,52.89,52.3,52.55,1224080
2012-08-16,52.87,53.5,52.52,53.31,1776662
2012-08-17,53.43,53.65,53.13,53.34,1390249
2012-08-20,53.35,53.48,52.6,53.3,1221503
2012-08-21,53.55,54.11,53.36,53.59,1878938
2012-08-22,53.39,53.54,52.88,53.27,1565070
2012-08-23,53.03,53.45,52.9,53.06,1401192
2012-08-24,53.06,53.66,53.0,53.36,1450934
2012-08-27,53.42,53.59,52.87,52.98,1802925
2012-08-28,51.38,51.84,50.37,51.66,4090285
2012-08-29,51.9,52.44,51.59,52.23,1787412
2012-08-30,51.22,51.77,50.87,50.89,2155113
2012-08-31,51.38,51.69,50.72,51.31,1703579
2012-09-04,51.27,52.34,50.93,52.12,2112408
2012-09-05,52.2,52.2,51.07,51.16,1948856
2012-09-06,51.6,52.49,51.52,52.42,1600224
2012-09-07,51.31,52.14,50.8,51.85,2286728
2012-09-10,51.81,52.77,51.58,52.17,1932222
2012-09-11,52.08,52.57,51.68,51.83,2181851
2012-09-12,52.19,52.68,51.44,51.49,1814258
2012-09-13,51.48,51.64,50.74,51.48,2710685
2012-09-14,51.73,52.99,51.48,52.48,1771845
2012-09-17,51.86,52.21,51.4,51.85,1864515
2012-09-18,51.86,51.86,50.75,50.85,2325029
2012-09-19,49.19,49.35,48.28,48.43,6282365
2012-09-20,48.19,48.19,47.39,47.59,3402385
2012-09-21,47.42,47.94,47.41,47.66,2592584
2012-09-24,47.53,47.61,46.89,47.13,1987479
2012-09-25,47.5,47.79,46.66,46.85,2951233
2012-09-26,46.96,46.98,46.42,46.84,3244810
2012-09-27,47.22,47.98,46.62,47.9,3198233
2012-09-28,47.58,48.1,47.04,47.71,3175649
2012-10-01,48.0,48.94,47.21,47.3,3307779
2012-10-02,47.33,47.57,46.86,47.55,1993216
2012-10-03,47.63,47.77,47.1,47.18,1892542
2012-10-04,47.39,47.67,47.06,47.15,1670076
2012-10-05,47.41,48.02,47.06,47.12,1245862
2012-10-08,46.87,46.97,46.48,46.84,1336703
2012-10-09,46.82,47.06,46.2,46.47,2200829
2012-10-10,46.38,46.44,45.44,45.55,2455726
2012-10-11,45.62,45.75,44.88,44.9,2812979
2012-10-12,44.9,45.77,44.7,45.15,2204925
2012-10-15,45.38,45.96,45.17,45.76,2523766
2012-10-16,45.88,46.59,45.53,46.32,2364097
2012-10-17,46.02,47.12,45.6,45.73,3419875
2012-10-18,45.88,46.63,45.56,46.57,3292438
2012-10-19,46.58,46.64,45.42,45.58,2255834
2012-10-22,45.77,47.01,45.72,46.94,2573915
2012-10-23,46.28,46.88,45.81,46.6,2808330
2012-10-24,46.75,47.34,46.58,47.13,2775241
2012-10-25,47.29,47.48,46.22,47.14,4548920
2012-10-26,46.83,48.3,46.2,46.63,4278916
2012-10-30,46.83,48.3,46.2,46.63,4278916
2012-10-31,46.88,47.0,45.88,46.55,2608838
2012-11-01,46.92,48.79,46.68,48.72,2340857
2012-11-02,48.61,48.71,47.53,47.9,2824349
2012-11-05,47.71,48.48,47.48,48.23,1909491
2012-11-06,48.48,48.9,48.19,48.9,2942287
2012-11-07,48.36,48.51,46.74,46.92,2557884
2012-11-08,46.83,46.92,45.52,45.66,3519177
2012-11-09,45.65,46.6,45.6,46.24,3419377
2012-11-12,47.05,48.0,46.84,47.6,2710615
2012-11-13,47.23,47.44,46.05,46.07,2721313
2012-11-14,46.5,46.68,45.06,45.13,3009222
2012-11-15,44.81,45.07,43.75,43.97,3959486
2012-11-16,44.14,44.49,43.21,44.33,3017408
2012-11-19,44.42,44.78,43.99,44.25,2543306
2012-11-20,44.16,44.54,43.79,44.33,1924490
2012-11-21,44.33,44.36,44.02,44.13,978962
2012-11-23,44.5,45.35,44.47,45.17,732099
2012-11-26,44.96,45.37,44.69,45.12,1695059
2012-11-27,45.09,45.2,44.66,44.74,1664613
2012-11-28,44.56,45.55,43.85,45.53,2332178
2012-11-29,45.64,45.88,45.21,45.57,1329724
2012-11-30,45.66,45.7,44.96,45.47,2263515
2012-12-03,45.72,45.88,45.14,45.39,1897520
2012-12-04,45.42,47.23,45.22,47.19,3157185
2012-12-05,47.19,47.33,46.28,46.4,2219310
2012-12-06,46.42,47.06,46.42,46.96,1168406
2012-12-07,47.09,47.28,46.66,47.19,1208603
2012-12-10,47.14,47.81,47.14,47.42,1441809
2012-12-11,47.69,47.9,47.3,47.42,1561092
2012-12-12,47.67,47.72,46.99,47.08,1275200
2012-12-13,47.1,47.34,46.25,46.61,1334659
2012-12-14,46.67,47.55,46.35,47.18,1866680
2012-12-17,47.27,47.75,46.72,47.35,1464524
2012-12-18,47.37,47.89,47.12,47.84,1257934
2012-12-19,47.92,48.29,47.73,47.92,1066076
2012-12-20,48.06,48.7,47.71,48.51,1367384
2012-12-21,47.9,48.4,47.07,48.37,2375874
2012-12-24,48.08,48.79,47.73,47.81,571389
2012-12-26,48.0,48.25,47.55,47.68,798623
2012-12-27,47.7,47.8,46.75,47.43,1491376
2012-12-28,47.2,47.64,46.97,47.02,937860
2012-12-31,47.13,47.76,46.76,47.76,1032284
2013-01-02,48.77,49.7,48.73,49.57,1837451
2013-01-03,49.87,50.18,48.88,49.14,2237839
2013-01-04,49.16,49.34,48.77,48.98,1332206
2013-01-07,48.7,48.72,47.88,48.63,1547931
2013-01-08,48.36,48.5,47.37,47.37,1566615
2013-01-09,47.54,47.96,47.48,47.84,1020850
2013-01-10,48.12,48.7,48.03,48.59,1530880
2013-01-11,48.42,49.23,48.4,49.19,1771789
2013-01-14,49.0,49.48,48.72,48.92,1325645
2013-01-15,48.55,48.66,48.11,48.39,1663147
2013-01-16,48.22,48.73,48.16,48.5,1493235
2013-01-17,48.56,52.0,48.5,51.89,7126077
2013-01-18,52.0,52.42,51.49,51.84,4140084
2013-01-21,52.0,52.42,51.49,51.84,4140084
2013-01-22,51.8,51.98,51.46,51.8,1879722
2013-01-23,52.0,52.49,51.4,52.35,1968412
2013-01-24,52.22,52.56,51.77,51.97,2200797
2013-01-25,53.69,57.97,53.5,56.34,7161711
2013-01-28,56.22,56.51,55.86,56.1,2170587
2013-01-29,55.62,56.04,55.14,55.82,2721767
2013-01-30,55.89,56.0,55.06,55.17,2098528
2013-01-31,55.49,55.89,54.83,54.91,2098180
2013-02-01,55.43,56.05,55.21,55.76,1955970
2013-02-04,55.57,56.86,55.5,55.82,2866509
2013-02-05,56.19,56.64,55.86,56.55,2634365
2013-02-06,56.12,57.18,56.1,57.02,3169031
2013-02-07,56.86,56.94,55.92,56.79,2259676
2013-02-08,56.97,57.18,56.18,56.57,2066493
2013-02-11,56.67,56.89,56.26,56.38,1672238
2013-02-12,56.56,56.8,56.24,56.71,1860655
2013-02-13,56.76,57.0,56.21,56.61,1495197
2013-02-14,56.01,56.18,55.52,56.1,2182742
2013-02-15,56.13,56.28,55.34,55.76,1483716
2013-02-18,56.13,56.28,55.34,55.76,1483716
2013-02-19,55.99,57.14,55.85,56.39,2139955
2013-02-20,56.46,56.51,54.85,54.9,1675158
2013-02-21,54.9,55.1,53.53,53.86,3141749
2013-02-22,54.28,55.03,54.28,54.78,1576705
2013-02-25,55.22,55.57,53.0,53.02,2146725
2013-02-26,53.43,54.27,53.32,53.92,1695103
2013-02-27,53.72,55.08,53.54,54.73,1706468
2013-02-28,54.7,55.27,54.22,54.76,1810556
2013-03-01,54.36,54.75,53.61,54.5,2122329
2013-03-04,54.24,54.46,53.72,53.97,1781161
2013-03-05,54.42,55.82,54.31,55.55,2473083
2013-03-06,55.76,55.76,54.81,55.0,2691270
2013-03-07,55.24,55.55,54.87,55.04,1422428
2013-03-08,55.34,55.75,54.55,55.16,1157142
2013-03-11,54.97,55.0,54.55,54.71,1134768
2013-03-12,54.66,54.95,54.13,54.64,945399
2013-03-13,54.73,54.89,54.21,54.73,727219
2013-03-14,55.0,55.71,54.87,54.93,1222907
2013-03-15,54.7,54.85,52.39,52.65,5244368
2013-03-18,52.27,52.63,51.55,51.73,2397596
2013-03-19,51.73,52.18,50.8,51.35,2753772
2013-03-20,51.82,52.07,51.43,51.58,1410541
2013-03-21,51.2,51.71,51.0,51.26,1842722
2013-03-22,51.51,51.83,50.98,51.62,1918744
2013-03-25,52.0,52.17,51.15,51.65,1271602
2013-03-26,52.57,52.68,51.46,52.05,1682769
2013-03-27,51.54,51.78,51.31,51.74,1694988
2013-03-28,51.53,52.8,51.53,52.74,1554841
2013-03-29,51.53,52.8,51.53,52.74,1554841
2013-04-01,52.73,52.82,51.42,51.57,1500682
2013-04-02,51.59,51.89,51.29,51.4,1819087
2013-04-03,51.67,51.99,51.08,51.3,2082438
2013-04-04,51.27,51.81,51.1,51.54,1218278
2013-04-05,50.8,51.79,50.27,51.73,1879393
2013-04-08,51.62,52.0,51.3,51.99,1611277
2013-04-09,51.99,53.14,51.83,52.64,1530085
2013-04-10,52.65,54.28,52.6,54.26,1901542
2013-04-11,54.03,54.93,53.73,53.8,1602048
2013-04-12,53.79,53.85,53.04,53.77,1156809
2013-04-15,53.7,53.86,52.17,52.31,1666328
2013-04-16,52.45,53.51,52.16,53.43,1846107
2013-04-17,53.08,54.12,52.12,52.75,2312091
2013-04-18,53.32,53.93,52.73,52.87,2136963
2013-04-19,52.59,53.44,52.23,53.05,1795734
2013-04-22,53.42,54.21,52.34,53.76,1587440
2013-04-23,54.3,55.38,53.94,55.21,2307473
2013-04-24,55.12,55.55,54.88,55.49,1479865
2013-04-25,55.8,57.0,55.62,55.9,2457561
2013-04-26,51.61,53.0,50.23,52.11,7813287
2013-04-29,52.1,53.25,51.73,53.11,3191689
2013-04-30,53.15,54.5,53.02,54.25,4324969
2013-05-01,54.23,54.37,53.45,53.59,2246114
2013-05-02,53.59,54.1,53.49,53.89,2040793
2013-05-03,54.61,54.69,54.1,54.3,2840097
2013-05-06,54.25,54.37,53.85,54.06,2057307
2013-05-07,54.22,54.74,54.0,54.46,3404868
2013-05-08,54.4,54.9,54.09,54.7,1324432
2013-05-09,54.59,54.97,54.01,54.2,1970514
2013-05-10,54.29,54.78,53.81,54.47,1428586
2013-05-13,54.19,54.39,53.51,53.7,1599473
2013-05-14,53.78,54.47,53.53,54.45,1546250
2013-05-15,54.25,55.45,54.11,55.05,1646610
2013-05-16,55.26,55.69,55.0,55.21,2464596
2013-05-17,55.48,55.88,54.9,55.87,1948253
2013-05-20,55.61,56.3,55.43,55.62,2079787
2013-05-21,55.95,56.12,55.5,56.06,1362253
2013-05-22,56.15,56.72,55.38,55.48,2033732
2013-05-23,55.07,55.37,54.37,54.94,2324040
2013-05-24,54.47,55.0,54.35,54.67,1272626
2013-05-28,55.27,55.91,55.14,55.67,2213158
2013-05-29,55.45,56.05,55.01,55.62,2950417
2013-05-30,55.63,56.8,55.5,56.51,2102557
2013-05-31,56.33,56.79,56.16,56.29,2372431
2013-06-03,56.68,57.35,56.23,56.9,1849674
2013-06-04,57.04,57.56,56.64,56.98,1485301
2013-06-05,56.95,56.98,56.18,56.5,1312520
2013-06-06,56.69,56.93,55.67,56.08,970939
2013-06-07,56.67,56.88,56.03,56.77,1191526
2013-06-10,56.7,56.81,56.24,56.74,868043
2013-06-11,56.16,56.49,55.22,55.28,1158954
2013-06-12,56.02,56.1,55.09,55.18,2047374
2013-06-13,55.34,56.83,55.03,56.61,1340336
2013-06-14,56.55,56.65,55.7,55.71,1117328
2013-06-17,56.09,56.55,55.76,55.98,1321309
2013-06-18,56.19,56.67,56.01,56.39,1453330
2013-06-19,56.02,56.88,55.72,56.21,1691948
2013-06-20,55.55,55.87,54.23,54.43,1741440
2013-06-21,54.69,55.07,54.05,54.77,2756890
2013-06-24,54.51,54.61,53.38,53.81,2606663
2013-06-25,54.35,55.74,53.81,55.5,1968371
2013-06-26,56.11,56.22,55.12,55.33,1632641
2013-06-27,55.84,56.43,55.5,55.57,1766395
2013-06-28,55.19,56.63,55.0,55.73,2300855
2013-07-01,56.18,56.46,55.18,55.28,1239084
2013-07-02,55.13,55.78,54.46,54.85,1250396
2013-07-03,54.45,55.57,54.29,55.07,718432
2013-07-04,54.45,55.57,54.29,55.07,718432
2013-07-05,55.47,56.6,55.25,56.47,1675960
2013-07-08,56.61,56.8,55.29,55.49,1939259
2013-07-09,56.14,58.48,55.68,58.15,4090072
2013-07-10,58.07,59.38,57.85,59.24,2702563
2013-07-11,59.65,60.0,59.25,59.93,2226667
2013-07-12,60.0,60.4,59.66,60.39,2226203
2013-07-15,60.35,60.38,59.22,59.25,1900941
2013-07-16,59.45,59.99,59.28,59.48,1441695
2013-07-17,60.0,60.38,59.77,60.16,1339207
2013-07-18,60.0,60.47,59.47,60.18,1434700
2013-07-19,60.42,60.74,60.01,60.64,1827643
2013-07-22,60.94,60.94,59.93,60.31,1229242
2013-07-23,60.55,60.77,60.06,60.12,959862
2013-07-24,60.35,60.73,59.27,59.45,1428568
2013-07-25,59.3,60.0,59.3,59.79,2022551
2013-07-26,58.58,59.19,57.94,58.78,2782060
2013-07-29,58.66,58.68,57.59,57.76,2584222
2013-07-30,58.2,58.69,57.86,58.42,1344085
2013-07-31,58.94,59.09,58.5,58.63,1467559
2013-08-01,59.05,60.18,58.85,60.12,1380002
2013-08-02,59.88,59.95,59.21,59.5,1161623
2013-08-05,59.25,59.47,58.39,58.65,1157909
2013-08-06,58.61,58.88,58.28,58.37,870659
2013-08-07,58.45,58.57,57.9,58.41,991831
2013-08-08,58.66,58.9,57.71,58.43,1149929
2013-08-09,58.18,58.23,57.19,57.71,1578406
2013-08-12,57.67,58.82,57.51,58.75,1197371
2013-08-13,58.91,59.51,58.15,59.35,1440523
2013-08-14,59.18,59.18,58.45,58.77,1005955
2013-08-15,58.29,58.32,57.0,57.07,1381723
2013-08-16,56.7,57.22,56.28,56.54,2473831
2013-08-19,56.46,56.74,56.26,56.32,1109773
2013-08-20,56.48,56.72,55.69,56.35,1520093
2013-08-21,56.42,56.52,55.43,55.88,1092004
2013-08-22,56.2,56.84,56.04,56.43,1014983
2013-08-23,56.56,56.76,56.03,56.67,771549
2013-08-26,56.81,56.97,56.31,56.4,771667
2013-08-27,55.97,55.97,54.65,54.67,1374315
2013-08-28,54.81,55.26,54.7,54.85,993330
2013-08-29,54.85,55.63,54.7,55.34,611137
2013-08-30,55.66,55.87,54.9,55.15,892114
2013-09-03,55.8,56.43,55.11,55.38,1241540
2013-09-04,55.28,58.84,55.28,58.42,3239551
2013-09-05,58.46,58.69,57.77,58.54,1776366
2013-09-06,58.92,59.43,58.0,58.76,1545817
2013-09-09,58.85,59.12,58.38,58.9,1272293
2013-09-10,59.0,59.96,58.99,59.63,1653681
2013-09-11,59.39,60.0,59.06,59.72,905220
2013-09-12,59.83,60.41,59.65,60.2,948143
2013-09-13,60.46,60.47,59.67,60.28,793889
2013-09-16,60.47,61.46,60.46,61.09,2036331
2013-09-17,60.97,61.8,60.97,61.68,1439911
2013-09-18,61.8,62.11,60.93,62.01,974088
2013-09-19,62.11,62.45,61.32,61.76,957282
2013-09-20,61.83,62.07,61.17,61.25,1640910
2013-09-23,61.31,61.67,60.87,61.27,936109
2013-09-24,61.5,61.5,60.84,61.14,2233978
2013-09-25,61.21,61.95,61.16,61.48,1748560
2013-09-26,61.43,61.96,60.8,60.96,1368064
2013-09-27,60.75,61.02,60.45,60.91,1037944
2013-09-30,60.43,61.04,60.34,60.85,1087593
2013-10-01,60.99,61.28,60.53,60.99,1251477
2013-10-02,60.69,60.97,60.13,60.95,1026220
2013-10-03,60.81,61.03,59.79,60.42,1263875
2013-10-04,60.46,60.99,59.96,60.8,1471864
2013-10-07,60.41,61.13,59.95,60.76,749796
2013-10-08,60.89,61.07,59.68,59.7,1043532
2013-10-09,60.03,60.04,58.83,59.46,1414478
2013-10-10,60.04,61.28,59.86,61.2,1073237
2013-10-11,60.9,61.95,60.78,61.68,772133
2013-10-14,61.9,62.98,61.71,62.87,974685
2013-10-15,62.6,62.7,61.92,61.95,1131775
2013-10-16,62.09,62.97,61.76,62.83,1085520
2013-10-17,62.48,63.89,62.13,63.89,1134662
2013-10-18,63.92,64.88,63.53,64.46,1761320
2013-10-21,64.57,64.83,64.13,64.43,1160869
2013-10-22,64.84,65.25,64.45,64.82,1463028
2013-10-23,64.03,64.34,63.05,63.05,1523107
2013-10-24,64.14,64.29,63.58,63.73,1928845
2013-10-25,62.3,63.9,61.75,63.88,2633956
2013-10-28,63.6,64.97,63.6,64.75,1718290
2013-10-29,64.85,67.05,64.56,66.19,3053879
2013-10-30,66.06,66.22,65.28,65.82,1603430
2013-10-31,65.92,66.54,65.6,65.6,1329447
2013-11-01,65.89,65.9,64.29,64.89,1380848
2013-11-04,64.87,64.89,64.05,64.47,1463533
2013-11-05,63.57,64.62,63.57,63.97,1558341
2013-11-06,64.6,64.77,64.03,64.65,931695
2013-11-07,64.44,64.85,63.68,63.86,1228937
2013-11-08,63.99,64.8,63.53,64.8,816933
2013-11-11,63.8,63.91,62.36,62.78,1950348
2013-11-12,62.5,63.4,62.14,63.32,989417
2013-11-13,62.83,63.93,62.58,63.93,1031031
2013-11-14,63.45,63.5,62.56,62.63,1056237
2013-11-15,62.72,63.59,61.82,63.53,1912535
2013-11-18,63.64,63.71,62.74,62.88,943054
2013-11-19,62.38,62.87,61.83,62.02,1198406
2013-11-20,62.44,62.61,61.57,61.87,838114
2013-11-21,62.29,63.66,61.98,63.41,984678
2013-11-22,63.72,63.98,63.33,63.49,1209442
2013-11-25,63.52,63.66,63.18,63.46,864215
2013-11-26,63.68,64.68,63.48,64.45,894828
2013-11-27,64.6,64.6,63.75,64.03,1110157
2013-11-29,64.6,64.6,63.75,64.03,1110157
2013-12-02,64.02,64.3,63.52,63.65,856133
2013-12-03,63.35,64.48,63.23,63.66,965146
2013-12-04,63.36,63.74,60.5,61.93,3780775
2013-12-05,61.99,62.3,61.52,61.81,1675293
2013-12-06,62.57,63.05,62.28,62.65,1033345
2013-12-09,62.62,62.97,62.41,62.78,1080995
2013-12-10,62.71,62.87,61.98,62.37,904235
2013-12-11,62.55,62.78,61.95,61.97,799001
2013-12-12,61.73,62.13,60.55,60.92,1589279
2013-12-13,61.26,61.49,60.84,61.18,905360
2013-12-16,61.55,62.0,60.85,60.95,1375329
2013-12-17,60.77,62.1,60.68,61.94,1064127
2013-12-18,62.1,62.72,61.17,62.7,1196729
2013-12-19,62.55,62.75,61.95,62.7,670775
2013-12-20,62.7,63.46,62.49,63.12,1695903
2013-12-23,63.42,63.97,63.22,63.85,616232
2013-12-24,63.68,64.16,63.68,64.04,316023
2013-12-26,64.13,64.28,63.84,64.12,441535
2013-12-27,64.28,64.39,63.74,64.06,584144
2013-12-30,63.95,64.3,63.64,64.2,540436
2013-12-31,64.4,64.65,64.15,64.46,599211
2014-01-02,64.0,64.11,63.13,63.38,982745
2014-01-03,63.36,63.91,63.09,63.47,765993
2014-01-06,63.42,63.42,62.23,62.36,1067619
2014-01-07,62.44,62.78,62.08,62.33,1899866
2014-01-08,62.57,62.76,61.98,62.3,1444554
2014-01-09,62.5,63.5,62.25,62.49,1917029
2014-01-10,62.78,63.78,62.24,63.62,996908
2014-01-13,63.44,64.0,62.17,62.31,1307770
2014-01-14,62.44,64.3,62.42,63.86,1802519
2014-01-15,63.75,64.22,63.6,63.88,1604911
2014-01-16,63.4,63.72,62.75,63.06,1065875
2014-01-17,62.83,63.0,62.34,62.74,1446080
2014-01-21,63.22,63.27,62.33,62.44,1101266
2014-01-22,62.56,63.79,62.53,63.66,1639867
2014-01-23,63.4,63.83,62.76,63.53,1872634
2014-01-24,63.47,63.47,61.55,62.07,2513834
2014-01-27,62.22,62.37,61.18,61.7,1392716
2014-01-28,61.69,62.3,61.2,61.61,1811769
2014-01-29,61.44,61.92,61.13,61.52,1389341
2014-01-30,62.35,62.37,61.25,61.68,1498139
2014-01-31,60.69,61.66,60.62,61.47,1638394
2014-02-03,60.23,60.92,59.51,59.73,2006484
2014-02-04,60.0,60.36,59.44,60.29,1669532
2014-02-05,60.16,61.36,59.85,60.93,1556621
2014-02-06,61.0,62.64,60.9,61.83,1742967
2014-02-07,62.01,62.36,61.51,62.24,893950
2014-02-10,62.01,62.38,61.88,62.33,924080
2014-02-11,62.26,63.79,62.26,63.61,1070980
2014-02-12,63.78,64.19,63.47,63.79,1123730
2014-02-13,63.14,64.45,62.64,64.44,1287538
2014-02-14,64.1,65.44,64.1,65.28,1411917
2014-02-18,65.22,65.49,64.43,64.49,1350323
2014-02-19,64.4,64.69,64.07,64.4,1433624
2014-02-20,64.6,64.97,64.36,64.65,1154604
2014-02-21,64.94,65.64,64.51,64.97,1639731
2014-02-24,65.5,66.03,65.04,65.35,985415
2014-02-25,65.35,65.46,64.64,65.27,1081549
2014-02-26,65.55,66.12,65.05,65.24,870774
2014-02-27,65.07,65.36,64.5,64.97,871982
2014-02-28,65.12,65.58,64.57,65.15,1158627
2014-03-03,64.46,64.83,63.9,64.32,758124
2014-03-04,65.06,65.62,64.72,65.22,1097735
2014-03-05,65.29,65.56,64.88,65.46,602294
2014-03-06,65.44,66.24,65.29,66.13,830852
2014-03-07,66.42,67.16,66.12,66.85,1314168
2014-03-10,66.94,67.13,65.91,66.14,1168512
2014-03-11,66.53,67.5,65.95,66.37,1207318
2014-03-12,65.84,67.67,65.79,67.63,1767941
2014-03-13,67.63,67.81,66.41,66.75,2131019
2014-03-14,66.46,67.22,66.46,66.88,1429404
2014-03-17,67.13,67.83,67.01,67.78,1639696
2014-03-18,67.57,68.65,67.53,68.55,1213162
2014-03-19,68.67,69.13,68.08,68.6,1277486
2014-03-20,68.21,69.96,67.96,69.94,1791273
2014-03-21,70.74,70.77,69.76,70.02,2401291
2014-03-24,70.34,70.55,69.26,69.58,1890166
2014-03-25,69.81,70.0,69.36,69.81,1354365
2014-03-26,70.26,70.78,68.97,68.99,1366724
2014-03-27,69.03,69.03,68.22,68.5,1399308
2014-03-28,68.66,69.82,68.43,68.75,810576
2014-03-31,69.06,69.85,68.86,69.14,1171613
2014-04-01,69.56,70.04,69.07,70.02,1280264
2014-04-02,70.25,70.95,69.74,70.89,1697864
2014-04-03,70.95,71.93,70.53,71.22,1650834
2014-04-04,71.53,71.65,69.17,69.4,2415958
2014-04-07,69.32,69.39,68.05,68.81,2562318
2014-04-08,68.31,68.53,67.61,68.03,1711479
2014-04-09,68.36,68.96,67.71,68.87,1080137
2014-04-10,68.99,69.02,66.55,66.68,1809889
2014-04-11,66.13,66.87,65.33,65.5,2064044
2014-04-14,66.01,66.48,65.31,65.91,1162232
2014-04-15,66.0,66.37,65.02,66.15,1229648
2014-04-16,65.02,65.78,63.96,65.78,1923732
2014-04-17,65.61,66.63,65.59,66.11,1293663
2014-04-21,66.4,66.84,65.92,66.4,708204
2014-04-22,66.14,67.02,65.91,66.76,926313
2014-04-23,66.59,67.12,66.31,66.72,1553520
2014-04-24,68.02,68.59,66.5,67.74,2469428
2014-04-25,63.0,65.0,62.59,62.91,4479837
2014-04-28,63.2,63.8,62.17,63.45,2244990
2014-04-29,63.94,64.93,63.41,64.27,2534289
2014-04-30,64.1,64.88,63.82,63.99,3010803
2014-05-01,63.99,64.31,62.75,62.92,2399176
2014-05-02,63.02,63.56,62.75,63.2,1072636
2014-05-05,62.65,63.12,62.47,62.71,1215285
2014-05-06,62.79,62.85,62.06,62.3,1003454
2014-05-07,62.28,62.93,61.94,62.9,1428094
2014-05-08,62.55,63.84,62.4,62.59,1194792
2014-05-09,62.44,63.23,61.99,63.11,1117426
2014-05-12,63.5,64.45,63.33,64.12,1070372
2014-05-13,64.21,64.28,63.03,63.1,1527787
2014-05-14,63.02,63.34,62.34,62.99,986346
2014-05-15,62.51,62.56,61.43,62.38,1455002
2014-05-16,62.75,63.63,62.12,63.15,1552061
2014-05-19,63.0,63.98,63.0,63.67,1081452
2014-05-20,63.51,63.8,62.98,63.22,1045467
2014-05-21,63.52,63.87,63.22,63.56,603933
2014-05-22,63.72,64.05,63.45,63.64,826911
2014-05-23,63.9,64.3,63.67,64.18,886371
2014-05-27,64.39,65.24,64.11,65.24,1184327
2014-05-28,65.42,65.52,64.8,65.42,1062044
2014-05-29,65.43,65.71,65.04,65.65,1172122
2014-05-30,65.75,65.88,65.15,65.52,767273
2014-06-02,65.73,66.14,65.25,65.58,561742
2014-06-03,65.17,66.11,65.17,65.85,1032884
2014-06-04,65.7,66.36,65.67,66.25,1087961
2014-06-05,66.21,66.7,65.79,66.45,969677
2014-06-06,66.93,67.0,66.59,66.97,666102
2014-06-09,67.0,68.07,66.98,68.02,1287738
2014-06-10,68.11,68.25,67.42,68.11,1020667
2014-06-11,67.94,68.6,67.26,68.12,887848
2014-06-12,67.93,68.5,67.65,67.85,1527419
2014-06-13,68.26,68.74,67.97,68.57,791734
2014-06-16,68.39,69.0,67.95,68.7,574142
2014-06-17,68.46,69.29,68.4,69.14,697911
2014-06-18,69.23,69.3,68.19,69.04,707977
2014-06-19,69.08,69.28,68.22,68.92,1010062
2014-06-20,69.2,70.02,69.07,70.0,1963790
2014-06-23,70.0,70.35,69.73,70.31,956296
2014-06-24,70.0,70.31,69.28,69.44,1406422
2014-06-25,69.67,69.92,68.97,69.8,1483591
2014-06-26,69.8,69.96,69.14,69.96,1150270
2014-06-27,70.0,71.17,69.73,70.97,4251331
2014-06-30,71.96,72.78,71.49,72.64,1973549
2014-07-01,72.73,73.59,72.51,73.07,1810436
2014-07-02,72.78,73.45,72.74,73.24,1756045
2014-07-03,73.63,74.7,73.46,74.62,1509550
2014-07-07,74.73,75.07,73.83,74.03,2510687
2014-07-08,74.31,74.95,72.91,74.09,4082678
2014-07-09,74.25,75.01,73.68,74.86,2931401
2014-07-10,73.77,75.4,73.71,74.72,2034020
2014-07-11,74.86,74.86,74.22,74.61,909525
2014-07-14,75.22,75.27,74.61,74.9,1037172
2014-07-15,74.78,75.14,73.86,74.23,1773470
2014-07-16,74.36,75.38,73.85,74.12,2967964
2014-07-17,73.77,74.54,73.54,74.01,2266148
2014-07-18,74.25,74.79,73.97,74.5,969129
2014-07-21,73.98,74.9,73.96,74.62,770103
2014-07-22,74.81,75.0,74.41,74.52,1349505
2014-07-23,74.63,74.63,73.09,73.26,2646019
2014-07-24,73.46,73.89,72.81,73.02,2282213
2014-07-25,70.38,72.34,70.1,71.6,4968312
2014-07-28,71.52,72.06,70.73,71.83,1611889
2014-07-29,72.07,72.53,71.31,71.4,1329808
2014-07-30,72.09,72.39,71.38,71.89,1220157
2014-07-31,71.55,71.91,71.07,71.49,1584206
2014-08-01,71.37,72.12,71.21,71.63,1381097
2014-08-04,71.41,72.4,71.36,72.17,1265321
2014-08-05,71.54,72.28,71.3,71.6,1765568
2014-08-06,70.91,72.37,70.91,71.88,1306975
2014-08-07,72.3,72.3,71.33,71.63,1540693
2014-08-08,71.72,72.4,71.52,72.34,989464
2014-08-11,72.44,73.43,72.4,72.6,974094
2014-08-12,72.32,72.98,72.21,72.82,1080238
2014-08-13,72.85,73.29,72.66,72.93,1264734
2014-08-14,72.46,73.11,72.27,73.04,803543
2014-08-15,73.33,74.41,73.25,74.07,1564182
2014-08-18,74.3,75.07,72.33,74.96,708191
2014-08-19,74.3,75.07,72.33,74.96,708191
2014-08-20,74.68,75.08,74.48,74.7,694459
2014-08-21,74.85,75.3,74.6,75.14,576889
2014-08-22,75.15,75.49,74.85,74.98,603115
2014-08-25,75.3,75.66,75.2,75.51,749660
2014-08-26,75.73,76.09,75.51,75.97,1203397
2014-08-27,75.84,76.45,75.84,76.43,916579
2014-08-28,76.27,76.44,75.93,76.33,794521
2014-08-29,76.64,76.73,76.16,76.42,831510
2014-09-01,76.54,77.3,76.47,76.42,831510
2014-09-02,76.54,77.3,76.47,77.15,1328602
2014-09-03,77.27,77.91,77.08,77.72,1144927
2014-09-04,77.72,78.14,77.34,77.6,1532017
2014-09-05,77.45,78.33,77.4,78.31,1275314
2014-09-08,78.31,79.02,78.15,78.65,1856570
2014-09-09,78.39,79.07,78.03,78.57,2836034
2014-09-10,78.8,79.05,78.27,78.67,1754923
2014-09-11,78.38,78.78,78.12,78.64,1120817
2014-09-12,78.64,78.64,78.2,78.28,1466272
2014-09-15,78.08,78.48,77.24,77.33,2361400
2014-09-16,77.11,78.4,76.96,78.28,1249332
2014-09-17,78.31,79.77,78.02,79.57,1324488
2014-09-18,79.57,80.89,79.44,80.86,1401748
2014-09-19,81.23,81.27,80.52,80.77,2297255
2014-09-22,80.52,80.78,79.89,80.09,1898630
2014-09-23,79.92,80.52,79.61,80.0,1817637
2014-09-24,79.99,80.53,79.9,80.52,1402245
2014-09-25,80.33,80.51,78.89,79.53,1844057
2014-09-26,79.51,80.19,79.41,80.06,838905
2014-09-29,79.56,80.2,79.43,79.85,821012
2014-09-30,79.75,79.88,78.76,78.78,1350941
2014-10-01,78.88,78.88,76.29,76.54,2079501
2014-10-02,76.26,76.9,75.58,76.65,1403352
2014-10-03,76.27,76.67,75.93,76.25,1314735
2014-10-06,76.62,76.67,75.54,76.0,1540819
2014-10-07,75.59,76.15,75.32,75.51,2352317
2014-10-08,75.75,76.04,75.17,75.84,3846272
2014-10-09,75.57,76.0,73.62,73.65,2425585
2014-10-10,72.0,72.1,67.74,68.07,6705696
2014-10-13,67.92,68.29,65.6,65.61,3379220
2014-10-14,66.52,67.5,65.51,66.42,2430703
2014-10-15,65.29,67.84,65.25,67.46,2515863
2014-10-16,66.33,68.95,66.18,68.23,1684463
2014-10-17,68.93,69.62,68.3,68.44,1305413
2014-10-20,68.27,69.59,67.84,69.56,951403
2014-10-21,69.73,71.4,66.47,71.38,1088177
2014-10-22,71.79,71.99,70.24,70.3,1258136
2014-10-23,70.74,71.7,70.08,71.0,3933185
2014-10-24,70.74,71.7,70.08,71.0,3933185
2014-10-27,75.93,76.28,74.3,75.06,2689534
2014-10-28,75.25,76.11,74.97,76.1,2180495
2014-10-29,75.02,76.69,75.02,76.3,2082935
2014-10-30,75.98,76.41,75.15,76.36,1823992
2014-10-31,78.37,79.88,77.99,79.15,1918112
2014-11-03,79.04,80.52,79.02,79.95,1896302
2014-11-04,79.63,80.71,79.12,80.03,2122285
2014-11-05,80.32,81.65,79.54,81.28,1212551
2014-11-06,81.46,82.03,80.6,80.83,1399868
2014-11-07,81.15,81.16,79.26,80.0,1507256
2014-11-10,80.12,80.85,79.94,80.51,1019360
2014-11-11,80.63,80.85,80.0,80.19,799536
2014-11-12,80.12,80.28,79.3,79.73,945842
2014-11-13,79.57,80.27,79.23,79.44,1022293
2014-11-14,79.57,80.52,78.98,80.33,945253
2014-11-17,79.4,79.79,78.64,79.02,1288099
2014-11-18,78.99,80.91,78.99,80.71,1309126
2014-11-19,80.65,81.22,80.23,81.01,1911485
2014-11-20,80.88,81.36,80.25,80.7,2562186
2014-11-21,81.78,81.78,80.55,81.52,2434959
2014-11-24,82.1,83.92,81.8,83.71,2461351
2014-11-25,83.99,84.21,83.26,84.18,2533080
2014-11-26,67.53,67.89,66.74,67.34,2726216
2014-11-27,67.53,67.89,66.74,67.34,2726216
2014-11-28,67.68,69.62,67.5,69.44,1944093
2014-12-01,69.07,69.77,68.21,68.86,2106993
2014-12-02,68.94,69.1,68.18,68.84,1924985
2014-12-03,68.97,71.21,68.71,71.02,2272443
2014-12-04,71.14,71.71,69.97,70.33,1853470
2014-12-05,70.33,71.09,70.33,70.66,1413835
2014-12-08,70.4,70.76,69.25,69.56,1569088
2014-12-09,69.27,70.14,68.75,69.88,1243918
2014-12-10,69.82,70.37,69.04,69.13,1899108
2014-12-11,69.49,70.34,69.02,69.15,1361465
2014-12-12,68.75,69.81,68.5,68.63,1865855
2014-12-15,68.56,69.52,67.29,67.36,2173788
2014-12-16,67.47,68.2,66.68,66.72,1664797
2014-12-17,67.02,67.94,66.22,67.75,1198426
2014-12-18,68.67,69.58,68.07,69.58,1160376
2014-12-19,69.52,70.01,69.07,69.72,2978010
2014-12-22,70.9,72.35,70.3,72.16,1647330
2014-12-23,72.52,73.12,72.3,72.63,1752869
2014-12-24,72.63,72.89,71.97,72.02,478188
2014-12-26,72.03,72.36,71.76,71.85,554830
2014-12-29,71.5,71.93,71.31,71.64,705164
2014-12-30,71.28,71.76,71.0,71.19,768834
2014-12-31,71.61,71.88,70.29,70.32,992895
2015-01-02,70.62,71.26,69.81,70.29,821075
2015-01-05,69.77,70.05,68.68,68.72,1077091
2015-01-06,68.56,68.81,66.51,66.69,1952179
2015-01-07,66.78,67.83,66.51,67.8,1636594
2015-01-08,68.38,69.44,68.18,68.93,1276060
2015-01-09,69.29,69.55,68.34,69.17,714004
2015-01-12,69.14,69.32,66.67,67.09,1532468
2015-01-13,67.82,68.49,65.31,65.99,1475719
2015-01-14,65.21,66.24,64.91,65.55,1789394
2015-01-15,67.25,69.09,66.36,66.87,3301435
2015-01-16,66.73,67.99,66.46,67.84,1399215
2015-01-20,68.25,69.06,67.53,68.91,1515092
2015-01-21,68.48,69.93,68.48,69.41,1251192
2015-01-22,69.49,71.13,68.68,70.95,2274474
2015-01-23,66.58,67.5,65.12,65.24,5466770
2015-01-26,64.88,65.7,64.18,65.44,3084662
2015-01-27,63.86,64.18,63.01,63.34,2535142
2015-01-28,64.01,64.44,62.74,62.76,1701668
2015-01-29,62.53,63.57,62.11,63.39,1281010
2015-01-30,62.41,63.4,61.34,61.47,1631606
2015-02-02,61.42,62.1,60.21,61.87,1434221
2015-02-03,62.03,63.54,61.92,63.47,1482920
2015-02-04,63.41,63.85,62.75,63.16,1512392
2015-02-05,63.15,63.38,62.36,63.27,1298802
2015-02-06,63.56,63.96,62.39,62.61,1663184
2015-02-09,62.01,62.5,61.53,62.21,1789055
2015-02-10,62.75,63.88,62.23,63.81,1269656
2015-02-11,63.95,64.34,63.46,63.96,890885
2015-02-12,63.6,63.94,63.04,63.87,869881
2015-02-13,64.14,64.26,63.55,63.64,1419850
2015-02-17,63.67,64.15,63.5,63.93,1068650
2015-02-18,63.71,64.67,63.63,64.29,1014879
2015-02-19,63.96,64.99,63.82,64.66,640140
2015-02-20,64.55,65.19,64.2,64.97,995343
2015-02-23,64.83,64.93,64.36,64.48,942086
2015-02-24,64.68,66.36,64.48,66.28,1104696
2015-02-25,66.13,66.66,65.73,65.88,922135
2015-02-26,65.9,66.12,65.13,65.51,775610
2015-02-27,65.46,65.59,64.85,64.96,941081
2015-03-02,65.19,66.24,65.19,65.7,1370508
2015-03-03,65.3,65.59,63.85,63.9,1288259
2015-03-04,63.5,63.9,62.83,63.15,1052755
2015-03-05,63.14,63.41,62.15,62.23,2591739
2015-03-06,61.93,62.37,60.96,61.06,1478421
2015-03-09,61.01,61.66,61.01,61.37,1178154
2015-03-10,60.68,61.06,60.09,60.15,1545469
2015-03-11,60.54,61.02,60.16,60.28,812992
2015-03-12,60.08,60.47,59.55,60.41,1168290
2015-03-13,60.37,61.06,60.09,60.71,1078421
2015-03-16,61.0,62.03,60.86,61.92,1064401
2015-03-17,61.43,61.67,61.09,61.38,810102
2015-03-18,61.25,62.2,60.58,61.79,1449102
2015-03-19,61.89,62.53,61.86,62.23,1021180
2015-03-20,62.66,63.69,62.39,63.54,1937572
2015-03-23,63.36,63.83,63.25,63.27,1089566
2015-03-24,63.11,63.61,62.94,62.97,936460
2015-03-25,62.94,62.94,59.19,59.37,2139292
2015-03-26,58.28,59.02,57.49,58.43,1779476
2015-03-27,58.52,59.62,57.95,59.0,2175316
2015-03-30,59.6,59.86,59.07,59.41,1134723
2015-03-31,59.03,59.03,58.19,58.29,1873564
2015-04-01,58.27,58.35,57.21,57.75,1846263
2015-04-02,58.08,58.54,57.1,58.09,1117540
2015-04-06,57.64,58.52,57.21,58.14,1215750
2015-04-07,58.17,58.43,57.75,57.76,772396
2015-04-08,57.63,58.25,57.63,58.05,1004985
2015-04-09,58.13,59.05,57.73,58.94,1588361
2015-04-10,58.8,59.13,58.36,59.12,1196034
2015-04-13,59.07,59.67,58.78,59.0,1189709
2015-04-14,58.85,59.6,58.48,59.36,1484475
2015-04-15,59.28,60.58,59.23,60.04,1720791
2015-04-16,59.41,60.09,58.92,59.33,2134874
2015-04-17,58.84,58.89,57.67,58.0,1771402
2015-04-20,58.39,59.04,58.06,58.56,1208161
2015-04-21,59.99,60.34,58.93,59.34,2073437
2015-04-22,59.36,60.5,59.11,60.3,1283004
2015-04-23,59.68,60.27,59.45,59.85,1751984
2015-04-24,59.71,59.86,58.16,58.89,2964913
2015-04-27,58.88,60.8,58.67,59.48,2973484
2015-04-28,59.49,59.94,58.95,59.77,1136879
2015-04-29,59.29,59.85,58.96,59.26,1773276
2015-04-30,59.11,59.58,58.45,58.8,1478562
2015-05-01,59.11,60.09,58.89,60.09,984177
2015-05-04,60.17,60.46,60.1,60.29,719409
2015-05-05,59.84,60.0,58.46,58.49,1543065
2015-05-06,58.56,59.12,57.77,58.26,923796
2015-05-07,58.39,58.96,58.23,58.86,736866
2015-05-08,59.19,60.23,59.15,59.8,1596735
2015-05-11,59.67,60.17,59.49,59.61,1061474
2015-05-12,59.03,59.22,57.8,58.73,1533197
2015-05-13,58.77,59.48,58.33,58.88,988596
2015-05-14,59.11,59.49,58.36,59.35,1461119
2015-05-15,59.59,60.28,59.38,59.91,1361940
2015-05-18,59.85,60.09,59.63,59.73,958943
2015-05-19,59.74,60.15,58.88,59.08,1231914
2015-05-20,59.05,59.64,58.82,59.08,706484
2015-05-21,59.07,59.24,58.75,59.16,690505
2015-05-22,58.95,59.58,58.83,59.12,855488
2015-05-26,58.76,58.88,58.05,58.25,1005550
2015-05-27,58.33,60.13,58.08,59.98,1373192
2015-05-28,59.98,60.73,59.85,60.27,935961
2015-05-29,60.06,60.5,59.43,59.66,1688169
2015-06-01,60.07,60.09,59.41,59.79,1162742
2015-06-02,59.53,59.73,59.01,59.35,979544
2015-06-03,59.7,59.84,58.58,58.64,1374311
2015-06-04,58.27,58.49,57.02,57.25,1823833
2015-06-05,57.31,57.4,56.7,56.97,1038546
2015-06-08,56.8,57.02,55.62,55.97,1361692
2015-06-09,56.0,56.06,55.42,55.65,1233583
2015-06-10,55.96,56.76,55.92,56.16,1149733
2015-06-11,56.33,56.59,56.14,56.48,1009109
2015-06-12,56.05,56.05,55.51,55.89,793573
2015-06-15,55.32,56.69,55.24,56.43,1482846
2015-06-16,56.52,57.29,56.32,57.2,1258193
2015-06-17,57.23,57.42,56.7,57.13,857535
2015-06-18,57.31,58.34,57.17,58.21,1158615
2015-06-19,58.26,58.37,57.62,57.99,2199206
2015-06-22,58.37,58.68,57.93,58.21,1109389
2015-06-23,58.12,58.33,57.07,57.28,1182656
2015-06-24,57.2,57.64,57.14,57.21,972185
2015-06-25,57.42,57.81,57.07,57.34,1126596
2015-06-26,57.15,57.74,56.59,57.15,1872394
2015-06-29,56.54,56.81,55.63,55.76,2120129
2015-06-30,56.42,56.59,55.8,56.21,1093541
2015-07-01,56.72,57.15,56.52,56.79,868377
2015-07-02,56.73,57.35,56.7,57.26,829820
2015-07-06,56.45,57.33,55.9,56.18,1112350
2015-07-07,56.01,56.36,54.59,56.1,1316198
2015-07-08,55.39,55.79,54.57,54.8,1098669
2015-07-09,55.38,55.94,54.73,54.73,995729
2015-07-10,55.36,55.86,54.84,55.11,1098400
2015-07-13,55.48,56.58,55.13,56.32,1033794
2015-07-14,56.63,56.75,55.56,55.63,2298808
2015-07-15,55.69,55.73,54.48,54.76,1574664
2015-07-16,54.52,54.56,51.67,52.58,3049707
2015-07-17,52.65,52.68,51.78,51.93,1438856
2015-07-20,52.21,52.36,51.79,52.1,998994
2015-07-21,51.95,52.53,51.7,51.82,987370
2015-07-22,51.28,51.83,50.42,51.67,1517163
2015-07-23,51.76,53.34,51.51,52.84,2404453
2015-07-24,52.82,52.94,50.88,51.25,1700542
2015-07-27,51.15,51.69,50.64,51.04,1733447
2015-07-28,50.57,52.4,50.57,51.92,1461090
2015-07-29,51.6,51.84,50.95,51.74,1219704
2015-07-30,51.72,52.44,51.46,52.06,1462421
2015-07-31,51.1,53.48,51.04,53.05,3165338
2015-08-03,52.74,52.89,52.12,52.54,1622160
2015-08-04,52.36,52.83,51.58,51.85,1056625
2015-08-05,52.24,53.16,52.24,52.64,1271042
2015-08-06,52.72,52.72,51.42,51.95,1258902
2015-08-07,51.71,52.48,51.49,52.35,1207308
2015-08-10,52.92,54.45,52.92,54.15,1778030
2015-08-11,53.64,53.64,52.75,53.01,1211971
2015-08-12,52.28,53.48,51.55,53.28,1453784
2015-08-13,52.74,52.74,51.51,51.52,1159784
2015-08-14,51.61,51.62,50.44,51.2,1270788
2015-08-17,51.07,51.86,50.73,51.83,986403
2015-08-18,51.81,52.08,50.12,50.19,1506000
2015-08-19,50.06,50.57,49.53,50.01,965865
2015-08-20,49.35,49.54,48.41,48.44,1348491
2015-08-21,48.3,48.95,47.69,47.7,1828084
2015-08-24,45.51,48.66,44.95,46.97,2890174
2015-08-25,49.0,49.72,46.3,46.32,2315596
2015-08-26,47.41,48.16,46.37,48.11,1598315
2015-08-27,48.67,49.83,48.53,49.59,1190139
2015-08-28,49.21,50.15,49.17,49.89,1139119
2015-08-31,49.56,50.34,49.23,50.11,1727605
2015-09-01,48.27,49.3,47.73,48.03,1469147
2015-09-02,48.81,48.94,47.82,48.66,1071312
2015-09-03,48.68,49.65,48.56,48.83,1065525
2015-09-04,47.97,48.21,47.42,47.54,1044401
2015-09-08,48.47,49.86,48.43,49.8,1743523
2015-09-09,50.12,50.71,49.19,49.35,1683769
2015-09-10,49.17,51.85,49.02,51.48,2766583
2015-09-11,51.19,51.46,50.59,51.21,1616924
2015-09-14,51.33,52.59,51.3,52.18,2061093
2015-09-15,52.42,52.83,51.97,52.58,1821772
2015-09-16,52.57,53.28,52.45,53.19,1061879
2015-09-17,52.8,52.8,51.09,51.31,2308181
2015-09-18,50.64,51.2,50.12,50.42,3027043
2015-09-21,50.58,50.67,49.05,49.2,1960638
2015-09-22,49.11,49.64,48.47,49.4,2419771
2015-09-23,49.22,49.4,47.86,47.88,1955225
2015-09-24,47.34,48.61,46.76,48.2,2247056
2015-09-25,48.95,49.27,47.96,48.61,2073963
2015-09-28,48.17,48.81,48.17,48.49,2027293
2015-09-29,48.16,48.57,47.73,48.18,2850906
2015-09-30,48.91,50.04,48.68,50.0,2202070
2015-10-01,49.98,50.06,48.73,49.6,1784563
2015-10-02,49.15,50.43,48.85,50.43,1309023
2015-10-05,50.61,52.09,50.53,51.73,1796244
2015-10-06,51.82,52.56,51.15,52.47,2032780
2015-10-07,53.0,53.73,52.29,52.67,1772155
2015-10-08,52.78,53.44,52.4,53.29,1423867
2015-10-09,53.35,53.72,52.81,53.19,1111666
2015-10-12,53.28,53.46,52.71,52.82,1086805
2015-10-13,52.42,52.49,51.54,51.59,1339044
2015-10-14,51.3,53.03,51.16,52.59,2472565
2015-10-15,52.7,53.13,52.08,52.65,1464291
2015-10-16,52.77,53.1,52.12,52.97,1418700
2015-10-19,52.91,53.47,52.64,53.12,1388562
2015-10-20,52.95,54.82,52.89,53.86,2859717
2015-10-21,64.39,67.27,63.79,63.98,24477320
2015-10-22,63.41,65.89,63.41,64.9,11596463
2015-10-23,65.0,65.67,64.97,65.35,8384515
2015-10-26,65.59,65.61,64.87,65.29,4755069
2015-10-27,65.13,65.83,65.06,65.34,2795718
2015-10-28,65.39,65.96,65.01,65.81,4172015
2015-10-29,65.51,66.88,65.25,66.32,2018751
2015-10-30,66.47,67.25,66.08,67.12,1220913
2015-11-02,67.0,67.39,66.5,66.55,2938408
2015-11-03,66.49,66.64,66.17,66.5,2622887
2015-11-04,66.29,66.96,66.29,66.83,1903074
2015-11-05,67.03,67.35,66.43,67.0,1766536
2015-11-06,66.74,67.14,66.44,66.85,1215000
2015-11-09,66.71,67.02,66.45,66.92,2127454
2015-11-10,66.98,67.18,66.48,66.76,787415
2015-11-11,66.76,67.42,66.57,66.9,1144541
2015-11-12,66.23,66.38,65.75,65.86,2915341
2015-11-13,65.95,66.38,65.63,65.68,1795349
2015-11-16,65.83,66.38,65.29,66.35,2335274
2015-11-17,66.31,67.09,66.17,66.69,1444679
2015-11-18,66.5,67.15,66.34,67.1,1356267
2015-11-19,67.47,67.47,66.63,66.9,1380893
2015-11-20,67.0,67.49,66.72,67.02,841366
2015-11-23,66.92,67.1,66.41,66.66,1709514
2015-11-24,66.44,66.94,66.16,66.46,1996874
2015-11-25,66.61,66.7,66.23,66.37,1184319
2015-11-27,66.4,66.73,66.31,66.54,508237
2015-11-30,66.63,67.12,66.45,66.47,1783100
2015-12-01,66.77,68.0,66.77,67.9,1421931
2015-12-02,67.61,68.36,67.61,67.72,1393063
2015-12-03,67.86,68.12,66.61,66.61,1691245
2015-12-04,66.77,67.95,66.77,67.57,980940
2015-12-07,67.43,67.95,67.12,67.48,1374551
2015-12-08,66.96,69.05,66.96,68.73,1571874
2015-12-09,68.62,68.81,67.55,67.58,1387369
2015-12-10,67.58,68.99,67.47,68.49,1227030
2015-12-11,67.53,68.29,67.53,67.87,858290
2015-12-14,68.1,68.13,67.22,67.63,1026896
2015-12-15,67.99,69.37,67.95,68.88,1556444
2015-12-16,68.96,69.39,68.06,69.08,1715547
2015-12-17,69.25,69.39,68.05,68.05,1267498
2015-12-18,67.72,68.13,66.83,66.86,4793532
2015-12-21,67.38,68.39,67.06,68.37,1564060
2015-12-22,68.35,69.11,67.87,69.08,650125
2015-12-23,69.31,69.49,69.14,69.25,437246
2015-12-24,69.2,69.7,69.2,69.51,370175
2015-12-28,69.28,69.43,68.81,69.4,774363
2015-12-29,69.64,70.28,69.6,69.9,992266
2015-12-30,69.85,70.2,69.66,69.69,696623
2015-12-31,69.49,69.91,69.21,69.35,854096
2016-01-04,68.03,69.18,68.0,68.69,2185298
2016-01-05,68.38,69.05,68.37,68.74,2099815
2016-01-06,67.71,68.24,66.09,66.58,1525333
2016-01-07,65.42,66.66,65.41,65.94,1789560
2016-01-08,66.14,66.31,64.7,65.24,1676714
2016-01-11,65.76,65.76,64.83,65.51,1244451
2016-01-12,65.92,66.46,65.15,65.75,744796
2016-01-13,65.81,66.3,64.67,64.78,1245014
2016-01-14,65.03,67.14,64.81,66.66,2485231
2016-01-15,64.11,65.18,63.64,64.55,1750717
2016-01-19,65.5,65.5,64.07,64.32,920982
2016-01-20,64.21,65.57,63.98,65.06,2970912
2016-01-21,65.3,65.32,64.35,64.63,981124
2016-01-22,65.64,65.87,64.67,65.09,995274
2016-01-25,65.02,65.26,64.56,64.65,1251584
2016-01-26,64.64,65.31,64.46,65.14,1074654
2016-01-27,65.22,65.4,64.31,64.43,1577986
2016-01-28,64.38,66.34,64.38,65.45,1255149
2016-01-29,66.28,66.99,66.01,66.99,2401345
2016-02-01,66.4,67.61,66.35,67.12,2142331
2016-02-02,66.31,66.78,65.87,66.16,3585649
2016-02-03,66.59,66.99,65.6,66.8,1596869
2016-02-04,66.81,67.11,66.33,66.88,1663759
2016-02-05,66.49,66.95,65.11,65.51,1642920
2016-02-08,64.6,65.06,63.58,64.14,1386719
2016-02-09,63.63,64.42,63.38,63.96,2139601
2016-02-10,64.19,64.59,63.79,64.13,2674959
2016-02-11,62.54,63.36,62.33,62.88,2006865
2016-02-12,63.29,64.07,62.89,63.79,1046652
2016-02-16,64.24,65.32,64.16,64.74,2073154
2016-02-17,64.9,65.64,64.78,65.57,2394894
2016-02-18,65.56,65.69,64.82,64.85,3407279
2016-02-19,65.59,66.67,65.59,65.69,7484921
2016-02-22,65.99,66.76,65.69,66.14,4919778
2016-02-23,65.76,66.2,65.32,65.68,1319325
2016-02-24,65.12,66.37,65.12,66.34,913642
2016-02-25,66.3,67.46,66.19,67.45,979270
2016-02-26,67.62,68.2,67.46,67.97,1843935
2016-02-29,67.88,68.42,67.67,67.74,1703232
2016-03-01,68.22,69.08,67.75,68.98,2217955
2016-03-02,68.9,68.9,68.07,68.42,1357012
2016-03-03,68.36,68.71,68.08,68.7,1432964
2016-03-04,69.04,69.04,68.03,68.31,2460043
2016-03-07,68.09,68.92,68.04,68.84,610995
2016-03-08,68.42,68.83,67.71,67.73,1703342
2016-03-09,67.94,68.36,67.79,68.06,1296629
2016-03-10,68.13,69.17,68.13,68.7,1868612
2016-03-11,69.0,69.41,68.77,69.22,1443916
2016-03-14,68.97,69.62,68.97,69.56,1248665
2016-03-15,69.23,69.94,69.23,69.68,1218312
2016-03-16,69.42,70.26,69.12,70.15,895811
2016-03-17,70.47,70.96,70.15,70.86,760519
2016-03-18,71.08,71.33,70.67,71.18,1490499
2016-03-21,71.0,71.32,70.77,71.26,360737
2016-03-22,71.29,71.57,70.99,71.44,497140
2016-03-23,71.57,71.57,70.96,71.0,514947
2016-03-24,70.91,70.91,70.11,70.8,886502
2016-03-28,70.96,71.27,70.85,70.86,632440
2016-03-29,70.96,72.4,70.76,72.36,966305
2016-03-30,72.52,73.19,72.4,72.56,1220481
2016-03-31,72.7,72.97,71.92,72.81,954034
2016-04-01,72.74,73.26,72.39,73.05,884851
2016-04-04,73.16,73.23,72.56,72.83,861531
2016-04-05,72.51,72.95,72.27,72.37,677426
2016-04-06,71.5,72.82,71.5,72.74,1130037
2016-04-07,72.49,72.69,71.8,72.11,1232928
2016-04-08,72.44,72.72,71.89,72.07,608310
2016-04-11,72.43,72.7,72.15,72.17,2264010
2016-04-12,72.22,72.41,71.69,72.15,1199132
2016-04-13,72.22,72.91,72.19,72.9,553492
2016-04-14,72.38,72.7,71.93,72.49,521609
2016-04-15,72.55,72.62,71.88,72.53,493891
2016-04-18,72.53,72.88,72.26,72.75,530191
2016-04-19,72.89,73.27,72.66,73.12,657285
2016-04-20,72.9,73.01,72.06,72.97,634254
2016-04-21,73.0,73.59,71.7,71.99,1077953
2016-04-22,72.05,72.57,71.66,71.9,741352
2016-04-25,71.78,72.05,71.39,71.59,588308
2016-04-26,71.68,72.29,71.52,71.84,1068599
2016-04-27,71.25,72.3,71.25,72.23,1242710
2016-04-28,71.97,71.97,70.72,70.82,1485664
2016-04-29,70.61,70.67,69.54,69.94,887094
2016-05-02,70.32,70.33,69.74,70.07,871734
2016-05-03,70.0,70.0,69.38,69.63,882925
2016-05-04,69.18,69.82,69.03,69.1,433023
2016-05-05,69.09,69.63,69.07,69.39,1122740
2016-05-06,69.19,69.42,68.92,69.36,785223
2016-05-09,69.25,69.57,68.97,69.14,409950
2016-05-10,69.45,69.86,69.12,69.85,683369
2016-05-11,69.71,69.97,69.58,69.7,1404012
2016-05-12,69.52,69.57,68.49,68.82,687311
2016-05-13,68.66,68.89,68.44,68.6,639402
2016-05-16,68.12,68.16,67.32,67.9,1714225
2016-05-17,67.84,68.24,67.6,67.77,1365241
2016-05-18,67.8,68.64,67.8,68.21,824975
2016-05-19,68.0,68.25,67.73,67.88,708918
2016-05-20,68.44,69.75,68.37,69.59,1020901
2016-05-23,69.61,70.0,69.52,69.75,868436
2016-05-24,70.0,71.08,69.96,70.99,944393
2016-05-25,71.01,71.77,71.01,71.73,709372
2016-05-26,71.68,71.99,71.54,71.92,457812
2016-05-27,71.91,73.14,71.91,72.99,601114
2016-05-31,72.81,73.09,72.54,72.93,1157833
2016-06-01,72.83,73.19,72.55,73.13,934789
2016-06-02,72.98,73.65,72.75,73.27,1529840
2016-06-03,73.13,73.21,72.64,73.1,654399
2016-06-06,72.93,73.31,72.68,72.74,749613
2016-06-07,72.7,73.17,72.69,72.96,630934
2016-06-08,73.08,73.39,72.81,73.18,593450
2016-06-09,73.05,73.45,72.62,73.41,466057
2016-06-10,73.12,73.12,72.56,72.67,717074
2016-06-13,72.36,72.98,72.26,72.51,787209
2016-06-14,72.44,72.75,72.16,72.63,508176
2016-06-15,73.06,73.19,72.62,72.91,558083
2016-06-16,72.69,73.02,72.3,72.79,594122
2016-06-17,72.79,73.03,72.43,73.03,1710880
2016-06-20,73.3,74.01,73.28,73.65,1001155
2016-06-21,73.75,74.05,73.66,73.86,1232829
2016-06-22,73.96,74.47,73.85,74.3,1321210
2016-06-23,74.88,75.17,74.57,74.85,1638338
2016-06-24,72.97,74.46,72.5,72.55,1888278
2016-06-27,72.19,72.22,70.98,71.27,1237149
2016-06-28,71.61,72.2,71.55,71.99,2163501
2016-06-29,72.3,73.14,71.55,72.08,1896463
2016-06-30,72.37,73.25,72.02,73.25,1819624
2016-07-01,73.0,73.11,72.47,72.5,1098739
2016-07-05,72.23,72.36,71.68,72.11,1223996
2016-07-06,71.96,72.34,71.51,72.26,1895486
2016-07-07,72.16,72.9,72.08,72.24,1893686
2016-07-08,72.41,73.9,72.34,73.75,839294
2016-07-11,73.52,74.56,73.52,74.38,560767
2016-07-12,74.8,75.37,74.62,75.34,578588
2016-07-13,75.54,75.89,75.37,75.55,543225
2016-07-14,76.0,76.1,74.87,75.22,1854248
2016-07-15,75.38,75.58,74.96,75.13,1643886
2016-07-18,75.31,75.93,75.18,75.93,903964
2016-07-19,75.7,76.18,75.61,75.95,651005
2016-07-20,76.0,76.9,75.82,76.67,586708
2016-07-21,76.47,76.51,75.62,75.74,473702
2016-07-22,75.72,76.2,75.63,76.06,445515
2016-07-25,76.09,76.49,75.97,76.49,344831
2016-07-26,76.82,77.26,76.35,76.99,553845
2016-07-27,76.98,77.32,76.62,77.0,491625
2016-07-28,77.38,77.85,76.88,77.45,946068
2016-07-29,77.2,77.39,75.46,75.71,1446336
2016-08-01,75.62,76.58,75.58,76.58,763160
2016-08-02,76.44,76.5,75.42,75.72,872900
2016-08-03,75.6,76.1,75.56,76.09,1000344
2016-08-04,75.95,76.81,75.95,76.8,401520
2016-08-05,76.94,77.63,76.8,77.63,431291
2016-08-08,77.61,77.63,77.02,77.02,516865
2016-08-09,77.1,77.51,76.76,77.41,269918
2016-08-10,76.45,76.45,69.1,69.47,7369296
2016-08-11,69.86,70.16,66.88,67.51,3423726
2016-08-12,67.97,68.52,67.23,68.28,2896651
2016-08-15,68.28,69.51,68.16,69.44,2021307
2016-08-16,69.11,69.38,68.93,69.19,1218423
2016-08-17,69.08,69.85,68.65,69.64,1044635
2016-08-18,69.54,69.88,69.4,69.73,608373
2016-08-19,69.9,71.14,69.87,70.95,1636694
2016-08-22,70.8,71.22,70.35,70.52,1007467
2016-08-23,70.76,71.14,67.71,68.05,2441822
2016-08-24,68.0,68.14,67.02,67.17,1322386
2016-08-25,67.21,67.47,66.97,67.3,1365572
2016-08-26,67.28,67.64,66.89,67.52,1401487
2016-08-29,68.58,69.74,68.3,68.73,1967604
2016-08-30,68.87,69.03,68.03,68.36,1128562
2016-08-31,68.12,69.32,67.94,69.26,2829976
2016-09-01,69.56,70.77,69.34,70.74,1935572
2016-09-02,71.0,71.16,69.96,70.2,853026
2016-09-06,70.46,70.63,68.94,70.54,1179187
2016-09-07,70.81,70.81,70.0,70.8,1460643
2016-09-08,70.66,70.73,70.18,70.46,973168
2016-09-09,70.19,70.39,69.29,69.43,1687493
2016-09-12,69.01,70.66,68.71,70.62,1311062
2016-09-13,71.04,71.05,68.5,69.03,1107866
2016-09-14,68.99,69.36,68.54,68.9,1011943
2016-09-15,68.75,70.41,68.75,70.26,2449557
2016-09-16,70.09,70.4,69.43,70.23,1514794
2016-09-19,70.4,70.49,69.4,69.69,1206205
2016-09-20,70.03,70.1,69.18,69.18,831259
2016-09-21,69.16,70.21,69.11,69.79,1452669
2016-09-22,70.31,70.31,69.32,69.51,1565794
2016-09-23,69.22,69.92,69.18,69.32,553361
2016-09-26,69.26,69.86,68.76,69.0,846632
2016-09-27,68.94,70.0,68.92,70.0,1227454
2016-09-28,70.0,70.24,69.5,69.85,1056367
2016-09-29,69.49,69.57,68.43,68.77,3468218
2016-09-30,68.9,69.86,68.63,69.71,1466204
2016-10-03,69.95,70.98,69.75,70.41,1822580
2016-10-04,70.36,70.79,70.02,70.3,1795408
2016-10-05,70.43,71.33,70.03,71.21,1659470
2016-10-06,71.96,72.4,70.37,71.79,15108929
2016-10-07,72.22,72.79,71.46,72.67,7733661
2016-10-10,72.99,73.71,72.75,73.54,4908023
2016-10-11,73.5,73.67,72.11,72.39,3804966
2016-10-12,72.3,72.49,71.45,72.1,2818238
2016-10-13,71.58,71.59,70.72,71.34,2704776
2016-10-14,71.81,72.37,71.47,71.97,2832301
2016-10-17,73.4,73.41,71.79,71.99,2990294
2016-10-18,72.47,72.47,71.94,72.09,1475502
2016-10-19,72.08,72.17,71.36,71.94,2791766
2016-10-20,71.93,72.55,71.11,71.99,3070648
2016-10-21,74.98,75.0,72.88,73.64,4214882
2016-10-24,73.67,74.61,73.67,74.56,2409794
2016-10-25,74.34,75.0,73.87,74.9,3117282
2016-10-26,74.5,75.41,74.35,75.29,1878859
2016-10-27,75.49,75.5,74.37,74.72,2494687
2016-10-28,74.73,75.12,74.11,74.66,1783704
2016-10-31,74.8,75.37,74.53,75.11,1934757
2016-11-01,75.04,75.19,73.3,73.9,1555572
2016-11-02,73.78,75.01,73.51,74.73,2078571
2016-11-03,74.86,75.12,74.54,74.68,2100702
2016-11-04,74.75,75.19,74.35,74.52,1452936
2016-11-07,75.4,75.79,74.65,75.54,2336463
2016-11-08,75.67,75.86,75.05,75.53,2535255
2016-11-09,74.26,75.68,73.99,75.49,1614761
2016-11-10,75.45,76.34,74.28,74.51,1955701
2016-11-11,74.24,75.5,74.2,75.46,1010695
2016-11-14,75.79,76.43,75.47,75.48,1270883
2016-11-15,76.35,77.83,75.44,77.75,1745829
2016-11-16,77.47,77.86,77.24,77.7,930284
2016-11-17,77.88,79.84,77.7,79.05,1670983
2016-11-18,79.03,80.24,78.49,80.04,2012282
2016-11-21,80.05,81.75,79.74,80.96,1823742
2016-11-22,81.21,83.23,81.13,83.04,3431123
2016-11-23,83.0,83.0,81.43,81.83,3174246
2016-11-25,81.91,82.28,81.66,82.27,400170
2016-11-28,81.99,83.14,81.97,82.51,839705
2016-11-29,82.58,82.69,81.65,81.68,1460554
2016-11-30,81.78,82.0,79.84,79.84,2218518
2016-12-01,79.69,79.97,74.76,75.93,3435433
2016-12-02,76.0,76.84,74.66,76.26,2718969
2016-12-05,76.26,77.94,76.21,77.03,1402409
2016-12-06,76.99,78.37,76.45,78.12,1277247
2016-12-07,78.02,80.0,77.9,79.26,1765261
2016-12-08,79.25,79.71,78.32,78.85,1031294
2016-12-09,79.02,79.02,76.81,77.21,1538866
2016-12-12,77.34,77.5,76.56,77.32,1388167
2016-12-13,77.58,79.04,77.58,77.97,1356683
2016-12-14,79.33,80.45,77.51,77.81,2241095
2016-12-15,77.92,80.68,77.34,79.36,2226801
2016-12-16,79.62,80.43,77.84,78.19,7673964
2016-12-19,79.42,80.68,78.82,79.37,1916370
2016-12-20,79.73,79.99,78.68,78.88,908634
2016-12-21,79.1,79.33,78.66,78.98,798466
2016-12-22,78.98,79.35,78.38,79.15,1507342
2016-12-23,79.22,79.32,78.53,79.12,488480
2016-12-27,79.19,80.48,79.09,80.02,733429
2016-12-28,80.96,81.69,79.72,79.76,1057889
2016-12-29,79.58,79.78,78.52,79.29,636150
2016-12-30,79.29,79.54,78.12,78.68,784268
2017-01-03,78.97,80.45,78.48,79.41,1330860
2017-01-04,79.2,79.47,78.43,79.13,1165699
2017-01-05,78.76,79.27,77.86,78.42,1317168
2017-01-06,78.63,79.17,77.92,79.13,942696
2017-01-09,79.21,80.1,79.17,79.59,1040649
2017-01-10,79.6,79.7,78.83,79.33,561899
2017-01-11,79.24,80.46,79.03,80.27,1208074
2017-01-12,80.18,80.21,79.47,80.1,903990
2017-01-13,80.13,81.58,80.11,81.44,1148201
2017-01-17,81.38,81.38,79.2,80.0,1198991
2017-01-18,80.34,81.69,80.03,81.63,1297461
2017-01-19,81.67,81.89,80.82,81.15,911245
2017-01-20,81.0,81.88,80.68,81.56,965097
2017-01-23,81.69,82.11,81.39,82.1,1029770
2017-01-24,82.23,83.05,81.88,82.8,1135093
2017-01-25,83.6,85.14,83.13,84.67,2007413
2017-01-26,84.65,84.82,82.97,83.25,2715731
2017-01-27,85.97,87.96,85.23,86.16,3253500
2017-01-30,85.99,86.56,85.18,86.25,1635158
2017-01-31,86.23,86.23,84.57,85.11,1492809
2017-02-01,85.54,86.06,84.9,86.04,1399605
2017-02-02,85.94,87.57,85.33,87.36,1612911
2017-02-03,87.91,88.12,87.18,87.59,1298064
2017-02-06,87.27,87.9,86.9,87.0,1160861
2017-02-07,86.89,87.72,86.89,87.66,1256964
2017-02-08,87.76,87.83,86.87,86.87,1031752
2017-02-09,86.85,87.29,86.49,86.74,811672
2017-02-10,86.96,87.24,86.33,86.64,1422066
2017-02-13,86.8,87.48,86.72,87.22,698770
2017-02-14,87.16,87.29,86.36,86.99,1408884
2017-02-15,86.99,87.86,86.69,87.68,743737
2017-02-16,87.91,88.58,87.17,88.53,1936323
2017-02-17,88.26,88.47,87.41,88.46,1431179
2017-02-21,88.7,90.5,88.3,90.45,1301332
2017-02-22,90.15,90.4,89.56,90.27,836588
2017-02-23,90.35,90.88,89.34,89.9,808626
2017-02-24,89.46,90.35,89.11,90.29,762448
2017-02-27,90.46,90.46,89.51,90.22,437144
2017-02-28,90.26,90.46,89.78,90.12,989938
2017-03-01,90.66,91.65,89.86,91.44,1314195
2017-03-02,91.35,91.58,90.65,90.73,1091305
2017-03-03,90.93,91.02,89.87,90.42,751666
2017-03-06,90.03,91.06,89.6,90.82,774930
2017-03-07,90.52,91.43,89.52,91.04,879071
2017-03-08,91.27,91.89,90.79,91.55,1089434
2017-03-09,91.77,91.92,91.06,91.79,1022122
2017-03-10,92.59,93.22,91.89,93.2,1386573
2017-03-13,92.97,93.35,92.41,92.86,1113696
2017-03-14,92.86,93.39,92.05,92.87,712250
2017-03-15,93.1,93.65,92.64,93.61,784871
2017-03-16,93.61,94.66,93.53,94.2,843595
2017-03-17,94.43,95.27,93.99,94.69,1982335
2017-03-20,95.02,96.34,94.61,95.12,1013585
2017-03-21,95.34,95.74,93.24,94.19,1110306
2017-03-22,94.53,95.64,93.99,95.57,1076846
2017-03-23,95.58,96.0,94.85,95.23,766765
2017-03-24,96.05,96.91,95.3,95.72,514617
2017-03-27,95.33,96.11,94.61,95.8,572022
2017-03-28,95.79,96.2,95.21,95.65,732954
2017-03-29,95.44,95.67,95.04,95.45,637231
2017-03-30,95.74,96.12,95.46,95.64,395735
2017-03-31,95.38,96.43,94.74,95.07,772359
2017-04-03,95.34,96.38,94.81,95.97,963438
2017-04-04,95.97,96.66,95.87,96.46,967115
2017-04-05,96.47,97.49,95.56,95.73,1122973
2017-04-06,95.73,96.19,94.88,96.17,980730
2017-04-07,96.24,96.66,96.08,96.54,1128126
2017-04-10,96.75,96.97,95.85,96.33,1472725
2017-04-11,96.15,96.19,93.61,95.5,1406113
2017-04-12,95.76,95.99,94.73,95.21,1041037
2017-04-13,94.98,96.31,94.22,95.33,1134903
2017-04-17,94.52,95.74,94.33,95.5,1542877
2017-04-18,94.94,95.85,94.32,94.6,1416702
2017-04-19,95.69,97.66,95.57,97.59,1563146
2017-04-20,98.0,98.82,97.62,98.51,1021989
2017-04-21,98.57,98.65,97.67,98.37,799113
2017-04-24,99.71,100.98,99.21,100.83,1419037
2017-04-25,101.12,101.81,100.44,101.71,1007736
2017-04-26,101.78,101.78,100.63,100.8,791110
2017-04-27,101.29,104.22,101.29,103.59,2706251
2017-04-28,100.28,103.98,97.84,98.22,3066458
2017-05-01,98.71,99.5,97.47,99.17,1802029
2017-05-02,99.37,99.79,98.47,99.72,1483879
2017-05-03,99.68,100.02,99.09,99.45,1019348
2017-05-04,100.2,100.85,99.59,100.81,903485
2017-05-05,101.47,101.8,99.8,100.94,986052
2017-05-08,101.01,101.03,100.25,100.5,968398
2017-05-09,100.7,101.47,100.61,100.81,787807
2017-05-10,101.14,101.29,100.4,100.76,1155040
2017-05-11,100.29,100.73,99.57,100.26,867054
2017-05-12,100.39,101.0,99.5,100.04,907509
2017-05-15,100.09,101.81,100.09,101.25,1506266
2017-05-16,101.67,102.37,101.47,102.33,1158191
2017-05-17,101.42,101.53,99.83,99.88,1343637
2017-05-18,99.65,101.12,99.16,100.85,1387697
2017-05-19,101.36,102.56,101.1,101.78,970966
2017-05-22,102.2,102.88,101.63,102.71,902316
2017-05-23,102.97,103.08,102.04,102.49,952108
2017-05-24,103.11,103.64,102.61,103.28,681357
2017-05-25,103.5,105.14,103.35,104.85,691938
2017-05-26,104.75,104.8,103.91,104.74,566490
2017-05-30,104.85,105.67,104.52,104.54,1062827
2017-05-31,105.1,105.15,103.38,104.0,2005765
2017-06-01,104.0,105.1,104.0,104.75,1386188
2017-06-02,105.51,105.93,104.82,105.88,1840943
2017-06-05,105.9,106.79,105.53,106.4,1227529
2017-06-06,106.39,108.28,105.7,107.8,1413914
2017-06-07,108.0,108.93,107.65,108.67,1099122
2017-06-08,108.93,109.21,107.9,108.93,899181
2017-06-09,109.25,109.59,100.56,101.98,1888164
2017-06-12,100.54,101.92,98.13,101.14,2494886
2017-06-13,101.97,102.91,100.15,101.42,1064318
2017-06-14,101.44,102.71,97.63,98.55,1590058
2017-06-15,97.23,98.37,96.64,97.07,1603613
2017-06-16,97.46,98.82,96.87,97.7,1720718
2017-06-19,98.75,101.42,98.5,101.02,1604604
2017-06-20,100.86,101.2,97.48,97.58,1395791
2017-06-21,97.77,98.3,97.01,98.01,1038042
2017-06-22,97.95,98.58,96.35,96.67,778734
2017-06-23,96.68,98.06,96.62,97.95,1595330
2017-06-26,98.32,98.71,95.89,96.02,1239141
2017-06-27,95.72,95.96,93.7,93.87,1347091
2017-06-28,94.58,95.98,92.95,95.74,1593879
2017-06-29,95.36,95.36,91.09,92.51,1615783
2017-06-30,93.5,93.5,91.26,91.51,1320074
2017-07-03,92.3,92.93,90.77,91.55,748064
2017-07-05,91.74,92.53,90.69,92.29,1660634
2017-07-06,91.85,92.86,90.92,92.48,1222347
2017-07-07,93.21,95.09,92.96,94.57,1181004
2017-07-10,94.68,95.79,93.86,95.63,1184643
2017-07-11,95.64,97.43,95.14,96.93,1172745
2017-07-12,97.71,99.11,96.83,97.7,753381
2017-07-13,98.0,98.64,97.1,97.6,827433
2017-07-14,97.95,99.72,97.72,99.64,937242
2017-07-17,100.0,100.17,98.33,99.13,791511
2017-07-18,99.06,99.88,98.15,99.83,709515
2017-07-19,100.64,101.67,100.47,101.39,1088351
2017-07-20,101.68,101.75,100.47,101.7,571675
2017-07-21,100.97,101.55,99.13,99.89,978219
2017-07-24,99.96,100.91,99.84,100.21,776183
2017-07-25,99.98,100.35,98.91,99.12,1108988
2017-07-26,98.49,100.88,98.49,100.86,854882
2017-07-27,100.89,101.08,98.5,99.93,1478275
2017-07-28,97.74,97.89,94.2,94.4,1864670
2017-07-31,94.58,94.75,92.49,92.63,1231182
2017-08-01,92.85,93.05,91.86,92.63,1757748
2017-08-02,93.18,93.29,89.92,90.01,1549743
2017-08-03,89.87,90.32,88.48,88.96,1625042
2017-08-04,89.02,89.89,88.4,88.83,1133328
2017-08-07,89.03,92.69,89.03,92.01,2010096
2017-08-08,91.99,92.13,90.38,90.68,1319499
2017-08-09,90.08,91.85,89.49,91.48,929319
2017-08-10,90.79,91.09,87.93,88.14,1165498
2017-08-11,88.1,90.6,88.09,90.34,1069552
2017-08-14,91.47,92.73,91.0,91.5,1209029
2017-08-15,91.44,91.5,90.5,91.02,1123957
2017-08-16,91.01,92.31,90.42,91.88,769480
2017-08-17,91.5,91.77,89.75,89.77,925603
2017-08-18,90.09,90.99,89.31,90.26,1127512
2017-08-21,89.93,90.21,88.44,89.01,969306
2017-08-22,89.94,92.08,89.47,91.7,879694
2017-08-23,91.21,91.82,90.72,91.45,583580
2017-08-24,91.71,91.86,89.85,90.3,936205
2017-08-25,90.71,91.43,90.08,90.48,474123
2017-08-28,90.6,91.56,90.6,91.54,981566
2017-08-29,90.8,92.49,90.29,92.39,463597
2017-08-30,92.17,93.6,92.16,93.53,538179
2017-08-31,93.95,94.17,93.08,93.69,1038919
2017-09-01,94.1,94.37,93.09,94.08,549217
2017-09-05,93.94,94.63,92.53,93.66,851131
2017-09-06,93.73,94.55,92.82,94.5,957578
2017-09-07,94.54,95.43,93.76,95.32,681850
2017-09-08,95.24,95.78,94.06,94.35,675452
2017-09-11,95.21,97.73,95.21,97.17,1018420
2017-09-12,97.09,98.18,96.53,97.95,847150
2017-09-13,96.8,97.76,96.02,96.74,1291531
2017-09-14,96.58,97.94,96.42,97.46,994213
2017-09-15,97.62,98.85,97.24,98.64,2446361
2017-09-18,99.01,101.32,98.69,100.91,1571232
2017-09-19,101.32,102.97,100.55,102.01,1802074
2017-09-20,102.23,102.43,98.59,99.66,1756708
2017-09-21,99.75,100.0,98.56,99.52,1432615
2017-09-22,99.37,101.02,99.37,100.59,1208422
2017-09-25,100.09,100.51,98.39,99.01,1444215
2017-09-26,99.78,100.05,98.27,99.17,846388
2017-09-27,100.28,105.05,99.66,104.17,2231712
2017-09-28,103.23,105.19,103.23,104.92,1856142
2017-09-29,105.13,106.09,104.15,106.0,1078825
2017-10-02,105.54,105.99,103.87,104.95,1164028
2017-10-03,105.03,105.17,102.35,102.84,1727935
2017-10-04,102.63,103.08,101.04,103.0,1439395
2017-10-05,103.54,103.59,101.35,101.67,1155166
2017-10-06,101.74,102.66,101.27,102.47,965210
2017-10-09,102.73,104.46,102.63,103.95,884333
2017-10-10,104.94,104.94,103.37,104.45,859851
2017-10-11,104.07,105.14,103.79,104.59,664849
2017-10-12,104.89,105.76,104.5,104.82,937119
2017-10-13,105.23,106.1,104.82,105.3,1005775
2017-10-16,106.01,107.39,105.11,107.33,2080093
2017-10-17,107.84,108.29,106.74,108.01,1099644
2017-10-18,108.19,108.23,106.12,108.09,863223
2017-10-19,106.72,108.07,105.77,108.05,709023
2017-10-20,109.06,109.15,107.89,108.34,836109
2017-10-23,108.99,108.99,107.45,107.8,1162867
2017-10-24,107.76,108.17,107.06,107.69,1028470
2017-10-25,107.36,107.61,105.21,106.71,1597521
2017-10-26,107.04,109.78,107.0,108.85,2349172
2017-10-27,108.19,109.5,103.6,108.07,2477321
2017-10-30,108.17,108.63,106.45,107.35,1900976
2017-10-31,107.78,109.63,106.85,108.89,2733970
2017-11-01,110.0,110.01,103.09,105.15,2316109
2017-11-02,105.22,106.44,104.5,106.38,1739934
2017-11-03,106.08,106.65,105.57,106.3,1156007
2017-11-06,106.33,106.99,105.06,105.51,1125077
2017-11-07,105.43,107.56,105.16,107.5,1254063
2017-11-08,107.59,107.85,106.3,107.08,1111129
2017-11-09,106.53,106.54,101.78,102.4,2104575
2017-11-10,102.2,103.1,101.61,102.44,2176486
2017-11-13,101.52,103.03,101.23,101.93,2259068
2017-11-14,101.34,102.21,100.7,102.15,1844412
2017-11-15,102.04,103.31,100.51,102.95,2109443
2017-11-16,103.49,106.96,102.79,104.77,2262348
2017-11-17,105.76,106.52,101.53,101.65,1693609
2017-11-20,101.99,103.25,101.72,102.51,1615509
2017-11-21,103.26,104.88,103.25,104.73,1508630
2017-11-22,105.68,105.68,103.87,104.47,1206427
2017-11-24,104.73,105.42,104.08,105.04,891437
2017-11-27,103.64,105.1,102.3,104.39,1323952
2017-11-28,104.27,107.22,104.27,107.16,1670536
2017-11-29,107.16,107.38,98.91,100.35,3461417
2017-11-30,101.5,104.33,100.97,102.24,3569483
2017-12-01,101.26,104.0,99.72,103.87,2205134
2017-12-04,104.7,104.89,100.2,100.88,1882628
2017-12-05,101.15,104.66,100.05,102.64,1434192
2017-12-06,101.84,102.97,101.15,102.74,1271193
2017-12-07,103.11,105.0,102.86,104.58,1213479
2017-12-08,105.08,105.83,103.81,103.98,1017085
2017-12-11,104.25,104.69,102.49,103.85,1114089
2017-12-12,103.81,104.03,102.03,103.06,1297789
2017-12-13,103.26,104.27,102.31,103.87,1169933
2017-12-14,104.15,106.32,103.95,104.42,1372598
2017-12-15,104.33,106.22,103.18,105.63,2648414
2017-12-18,109.57,112.22,109.01,111.22,1753042
2017-12-19,111.0,112.15,110.42,111.62,1308166
2017-12-20,113.1,114.43,111.38,112.45,1530447
2017-12-21,112.5,112.7,108.5,108.62,1268136
2017-12-22,108.79,109.61,107.74,109.32,584961
2017-12-26,108.61,109.32,107.13,107.65,506959
2017-12-27,107.9,108.36,106.56,107.28,713875
2017-12-28,108.12,108.92,107.17,107.85,966379
2017-12-29,107.83,108.17,104.94,105.07,1089013
2018-01-02,105.76,106.63,104.92,106.13,1689230
2018-01-03,105.86,107.58,104.98,107.37,2734129
2018-01-04,107.95,109.48,106.35,107.56,1926199
2018-01-05,108.38,110.68,107.9,109.86,1468985
2018-01-08,108.55,110.94,108.55,110.16,772683
2018-01-09,110.33,110.71,108.63,109.2,866923
2018-01-10,108.41,108.41,104.71,106.28,1439468
2018-01-11,106.64,106.75,104.96,106.24,1000948
2018-01-12,106.65,108.3,106.29,107.29,990645
2018-01-16,108.53,109.25,107.13,107.66,1492749
2018-01-17,109.25,114.41,108.67,113.49,2047401
2018-01-18,112.84,115.83,112.01,114.65,1353370
2018-01-19,114.75,115.12,113.59,115.02,988469
2018-01-22,115.01,115.88,113.77,114.59,1097227
2018-01-23,114.82,116.35,114.48,116.01,1186178
2018-01-24,115.72,116.62,113.95,114.93,1320577
2018-01-25,117.29,121.65,112.59,113.09,1855670
2018-01-26,111.0,115.69,110.34,113.44,2314453
2018-01-29,113.37,113.73,111.31,112.13,1420475
2018-01-30,111.38,112.02,108.93,109.41,1541150
2018-01-31,110.03,111.04,109.05,109.8,1173972
2018-02-01,109.27,113.12,109.07,111.15,1451224
2018-02-02,110.04,110.18,106.47,106.52,1504833
2018-02-05,106.0,107.3,101.19,101.2,1885779
2018-02-06,99.12,105.3,98.73,105.23,2185559
2018-02-07,104.37,105.43,102.07,102.66,1631087
2018-02-08,103.01,103.84,97.58,98.54,2398985
2018-02-09,99.71,101.81,96.12,100.9,1734594
2018-02-12,101.75,104.81,101.2,103.91,1755823
2018-02-13,103.31,104.62,102.76,104.21,2036392
2018-02-14,103.09,108.43,102.89,107.47,2065027
2018-02-15,108.75,109.29,103.71,108.87,2950315
2018-02-16,108.54,110.77,107.45,107.52,1812313
2018-02-20,107.28,112.07,107.0,110.55,2034372
2018-02-21,110.81,111.48,109.24,109.67,1562650
2018-02-22,111.67,111.9,108.29,108.91,1548733
2018-02-23,109.93,110.66,108.72,110.47,1275752
2018-02-26,111.19,114.72,111.19,114.67,1173926
2018-02-27,114.47,115.61,113.04,113.46,949701
2018-02-28,114.19,115.0,112.98,113.31,1127253
2018-03-01,112.92,114.69,110.25,111.21,1193146
2018-03-02,110.05,113.28,109.39,113.01,962660
2018-03-05,112.61,115.13,111.79,113.83,878221
2018-03-06,114.77,116.72,114.19,116.07,1038540
2018-03-07,115.3,117.84,115.14,117.45,1298232
2018-03-08,118.05,118.07,116.37,117.0,782663
2018-03-09,117.67,121.34,117.01,121.15,1227857
2018-03-12,122.0,123.11,121.02,122.39,1042309
2018-03-13,123.41,123.96,120.05,120.48,1251164
2018-03-14,121.84,121.89,119.72,120.44,986645
2018-03-15,120.56,122.46,119.84,120.81,1046112
2018-03-16,121.51,121.62,120.15,120.62,1746005
2018-03-19,118.31,118.95,111.05,115.98,4159694
2018-03-20,115.71,118.78,114.86,117.19,2844611
2018-03-21,117.59,119.81,117.39,118.06,1456721
2018-03-22,116.09,117.28,112.79,112.92,1631874
2018-03-23,113.43,113.85,108.16,108.18,2171456
2018-03-26,110.69,113.49,110.2,113.36,2100903
2018-03-27,114.14,114.36,107.0,107.81,1477628
2018-03-28,107.63,108.82,105.05,106.57,1492970
2018-03-29,107.49,110.53,106.17,109.01,1122990
2018-04-02,108.31,108.64,104.03,105.33,1394818
2018-04-03,106.4,107.76,105.24,107.57,1281249
2018-04-04,104.92,109.67,103.63,109.25,1129086
2018-04-05,110.79,111.6,108.24,108.71,1659938
2018-04-06,106.72,108.25,103.54,104.07,1664299
2018-04-09,105.14,107.88,103.62,103.79,1506241
2018-04-10,106.04,109.47,105.69,108.57,1384386
2018-04-11,107.22,108.84,106.4,106.64,1198577
2018-04-12,107.58,109.46,107.06,109.12,1176617
2018-04-13,110.23,110.25,106.97,107.59,922756
2018-04-16,108.66,109.58,107.2,108.85,1027944
2018-04-17,110.15,111.03,109.17,110.62,1376641
2018-04-18,108.57,109.15,106.59,108.24,1076258
2018-04-19,106.6,106.6,101.89,102.29,1915504
2018-04-20,102.63,103.4,100.89,101.48,1558757
2018-04-23,102.26,102.56,100.08,101.0,2002050
2018-04-24,102.43,102.88,98.07,99.56,1815483
2018-04-25,99.75,100.49,97.94,98.65,1605456
2018-04-26,99.47,101.25,99.23,100.83,1673964
2018-04-27,101.57,103.65,99.06,102.18,2708656
2018-04-30,102.51,103.24,100.89,101.74,1618081
2018-05-01,101.65,102.62,100.39,102.33,1357252
2018-05-02,102.6,103.83,101.87,102.17,1103154
2018-05-03,101.45,103.35,100.45,102.99,1037985
2018-05-04,102.47,106.71,101.68,106.66,1334776
2018-05-07,107.0,107.25,106.12,106.71,1188371
2018-05-08,105.66,107.21,105.52,106.9,1160281
2018-05-09,107.5,109.22,106.9,109.17,1146422
2018-05-10,109.68,111.2,109.19,111.06,708076
2018-05-11,110.79,111.78,110.41,111.07,950149
2018-05-14,111.38,113.93,111.38,112.73,1513511
2018-05-15,111.83,112.0,110.25,111.33,1364034
2018-05-16,111.77,114.02,111.63,113.67,1157204
2018-05-17,113.4,114.36,111.83,113.24,1309732
2018-05-18,111.45,111.45,107.82,109.39,2021920
2018-05-21,110.87,111.89,109.85,111.44,1280957
2018-05-22,112.2,114.38,112.18,113.62,1335929
2018-05-23,112.32,113.32,111.34,113.3,1057505
2018-05-24,113.11,113.9,111.66,113.53,1366135
2018-05-25,113.29,114.96,113.16,114.32,825652
2018-05-29,113.5,114.46,112.08,113.65,1240958
2018-05-30,114.52,115.33,113.3,114.01,973239
2018-05-31,113.92,115.02,112.86,113.23,1373184
2018-06-01,114.51,116.42,113.85,115.84,1381708
2018-06-04,115.28,117.12,115.17,116.24,853989
2018-06-05,117.04,118.19,116.57,118.13,1084471
2018-06-06,118.14,118.56,116.9,117.43,1596984
2018-06-07,115.45,116.57,114.45,115.93,1899059
2018-06-08,114.39,114.57,113.14,114.2,1369690
2018-06-11,113.82,114.66,112.33,112.47,1306356
2018-06-12,113.12,113.68,111.53,113.59,1174704
2018-06-13,113.9,114.39,112.48,112.96,1415985
2018-06-14,113.5,113.75,112.36,113.13,1039029
2018-06-15,113.16,113.16,111.31,112.84,1728023
2018-06-18,111.83,112.39,109.83,112.05,1202039
2018-06-19,110.42,111.28,109.14,110.58,1080035
2018-06-20,111.07,111.78,109.32,109.77,1202060
2018-06-21,110.43,111.32,109.62,110.31,1142202
2018-06-22,107.11,108.96,105.29,106.56,2896037
2018-06-25,105.43,105.43,101.74,104.14,2198886
2018-06-26,105.11,105.61,103.76,104.59,1492583
2018-06-27,104.81,105.09,100.57,100.64,1469026
2018-06-28,100.53,101.89,99.84,101.81,1564223
2018-06-29,102.43,103.97,102.08,102.53,1727626
2018-07-02,101.28,103.87,100.36,103.8,1366009
2018-07-03,103.86,103.86,101.45,101.6,803832
2018-07-05,102.61,103.5,101.75,103.43,1031482
2018-07-06,103.17,105.0,102.25,104.87,676312
2018-07-09,105.11,105.99,104.28,105.96,769954
2018-07-10,106.61,107.02,105.58,106.06,1086630
2018-07-11,105.4,106.43,103.03,103.26,1120403
2018-07-12,104.06,104.82,103.49,104.55,1363379
2018-07-13,104.59,105.07,104.14,104.86,606876
2018-07-16,104.7,104.72,103.96,104.16,903912
2018-07-17,103.62,106.04,103.62,105.89,2037756
2018-07-18,107.62,110.82,107.45,110.23,1753335
2018-07-19,109.21,109.78,107.07,108.49,1314783
2018-07-20,108.01,108.01,106.45,106.92,1105768
2018-07-23,106.72,107.31,104.68,106.94,852919
2018-07-24,107.67,108.6,103.67,103.95,1688413
2018-07-25,103.95,104.52,101.42,104.44,1564204
2018-07-26,104.46,105.91,104.25,105.23,1549046
2018-07-27,105.82,108.93,105.61,107.57,1419196
2018-07-30,107.32,108.03,105.42,106.3,1863505
2018-07-31,111.89,122.4,111.6,117.42,4868324
2018-08-01,117.76,119.17,116.24,116.71,1839088
2018-08-02,115.31,118.71,114.5,118.47,1623379
2018-08-03,118.45,119.7,117.29,119.59,1247949
2018-08-06,118.87,119.33,117.86,118.27,1151741
2018-08-07,118.33,119.15,117.06,118.16,1414313
2018-08-08,118.13,119.19,115.62,118.17,1241207
2018-08-09,117.46,118.15,116.62,116.77,999063
2018-08-10,115.31,116.26,113.21,114.23,2340587
2018-08-13,114.75,116.19,114.26,116.15,1582192
2018-08-14,116.78,117.37,115.18,115.32,1094402
2018-08-15,113.88,114.14,111.74,112.75,1722452
2018-08-16,113.42,114.0,111.81,112.24,1482126
2018-08-17,110.93,113.06,108.36,112.4,2816365
2018-08-20,112.82,112.88,110.63,110.93,1242778
2018-08-21,111.05,113.83,110.93,113.29,1453605
2018-08-22,113.02,114.71,112.21,114.01,1158346
2018-08-23,113.74,114.74,113.39,113.93,766273
2018-08-24,114.79,115.78,114.33,115.44,853839
2018-08-27,116.3,118.35,115.86,117.48,1106423
2018-08-28,117.76,118.3,115.94,117.36,824181
2018-08-29,117.43,117.73,116.22,116.73,1037784
2018-08-30,116.42,117.53,116.11,116.75,1100578
2018-08-31,116.72,117.52,116.02,116.21,853424
2018-09-04,117.3,118.55,115.45,118.19,1694804
2018-09-05,117.46,119.3,116.87,118.83,1566571
2018-09-06,116.75,118.43,106.12,107.28,3692687
2018-09-07,106.64,107.78,103.89,104.18,2060682
2018-09-10,105.11,105.97,103.5,105.69,1679143
2018-09-11,105.09,106.31,104.65,105.62,1784103
2018-09-12,101.88,103.28,100.3,102.9,2233607
2018-09-13,104.5,107.5,103.69,104.16,1394231
2018-09-14,104.5,105.65,103.85,104.47,1370967
2018-09-17,104.56,105.24,102.92,103.27,1354910
2018-09-18,103.7,104.64,102.97,103.59,1474085
2018-09-19,103.8,104.02,101.93,102.45,1623328
2018-09-20,103.33,104.62,103.05,103.92,2364853
2018-09-21,104.72,105.45,103.54,104.52,3205102
2018-09-24,103.44,105.13,103.17,104.38,1124981
2018-09-25,104.22,104.4,102.07,102.36,1243826
2018-09-26,101.4,102.96,100.47,100.58,1490565
2018-09-27,101.31,102.0,100.77,100.91,1228809
2018-09-28,100.76,102.43,99.58,101.71,2777837
2018-10-01,102.46,102.66,100.52,100.76,1400569
2018-10-02,100.7,102.84,100.63,100.97,1278756
2018-10-03,101.6,102.97,100.13,102.81,1267629
2018-10-04,101.88,101.99,98.89,101.35,3186364
2018-10-05,101.44,101.73,98.54,99.34,1472250
2018-10-08,99.02,99.64,97.33,99.22,1203126
2018-10-09,100.18,101.21,97.75,99.15,2350856
2018-10-10,97.63,97.85,93.74,93.85,3569916
2018-10-11,94.12,95.98,91.29,91.77,2129486
2018-10-12,94.09,94.92,91.65,93.19,1473379
2018-10-15,92.61,93.52,91.06,91.09,1564039
2018-10-16,91.65,93.14,90.9,92.96,1621087
2018-10-17,96.98,97.0,93.21,93.82,1937757
2018-10-18,93.29,93.55,91.09,91.34,1583908
2018-10-19,91.61,92.82,90.13,90.81,1935041
2018-10-22,91.11,91.57,89.09,90.28,1996277
2018-10-23,87.86,90.82,87.02,90.49,1411902
2018-10-24,89.21,89.56,85.89,86.0,2238506
2018-10-25,87.54,89.57,87.0,89.03,1591925
2018-10-26,87.0,89.06,86.0,87.21,2684905
2018-10-29,88.67,89.04,84.59,85.13,2094450
2018-10-30,88.5,92.48,87.02,91.6,2867975
2018-10-31,92.71,92.75,90.04,91.54,1687479
2018-11-01,91.95,95.49,91.31,91.54,2943163
2018-11-02,95.1,95.99,92.58,93.29,1578787
2018-11-05,93.28,94.01,91.26,92.51,2468995
2018-11-06,92.84,95.22,92.15,92.51,1399031
2018-11-07,96.04,97.19,93.98,96.51,2205417
2018-11-08,95.71,97.47,95.33,97.05,1420996
2018-11-09,96.0,96.73,94.41,95.28,1639440
2018-11-12,93.74,95.05,91.64,92.29,1914274
2018-11-13,92.73,95.44,92.73,93.42,2475950
2018-11-14,94.22,95.15,92.11,92.32,2070433
2018-11-15,91.27,95.05,90.76,94.44,2020819
2018-11-16,92.59,97.68,91.83,96.9,2959609
2018-11-19,96.11,96.91,92.09,92.33,2484082
2018-11-20,90.36,95.61,90.25,94.48,1602003
2018-11-21,95.62,96.4,93.8,94.74,1192428
2018-11-23,94.17,95.84,93.0,94.31,692878
2018-11-26,95.77,96.07,94.12,95.83,1310229
2018-11-27,95.17,96.56,94.81,96.33,1157284
2018-11-28,97.22,98.89,95.68,98.73,1320841
2018-11-29,98.1,98.59,96.6,96.69,1035414
2018-11-30,96.47,98.68,96.0,98.56,1487865
2018-12-03,100.46,101.64,99.63,101.15,2305888
2018-12-04,99.21,99.89,95.73,95.92,2570366
2018-12-06,94.21,95.61,93.45,95.56,2111883
2018-12-07,95.42,96.01,91.6,92.19,1190770
2018-12-10,92.22,93.45,91.18,92.28,1067055
2018-12-11,94.27,95.41,91.67,92.73,1611057
2018-12-12,94.89,94.89,91.8,93.54,2103282
2018-12-13,93.96,94.48,92.05,92.68,1082756
2018-12-14,91.13,91.95,89.48,89.51,1900068
2018-12-17,89.44,91.23,88.3,88.94,2014888
2018-12-18,90.13,93.13,89.66,90.02,2330028
2018-12-19,89.64,92.01,86.33,86.94,2565515
2018-12-20,86.99,88.15,84.83,85.9,2099428
2018-12-21,86.82,88.73,84.61,85.67,4248784
2018-12-24,84.58,85.09,81.14,81.23,1700110
2018-12-26,82.05,86.09,80.65,86.05,1643865
2018-12-27,84.73,88.25,84.69,86.05,1498023
2018-12-28,88.3,90.34,88.0,88.63,1255979
2018-12-31,90.01,90.45,88.33,89.49,1034852
2019-01-02,87.53,91.69,87.53,90.91,1309267
2019-01-03,88.41,90.0,85.69,85.81,1857363
2019-01-04,87.25,91.38,87.21,91.3,1686802
2019-01-07,91.27,93.42,90.65,92.6,1315606
2019-01-08,93.49,93.49,89.36,91.13,1832895
2019-01-09,91.97,94.51,91.97,93.48,1471934
2019-01-10,92.54,93.91,92.01,93.71,1128783
2019-01-11,93.05,94.99,93.0,94.03,789363
2019-01-14,92.82,93.52,91.76,92.43,889998
2019-01-15,93.22,93.79,91.81,92.52,759470
2019-01-16,91.92,93.0,90.8,90.96,1117920
2019-01-17,90.47,93.01,89.93,92.92,1828334
2019-01-18,94.06,97.11,93.62,95.73,1516420
2019-01-22,95.18,95.18,92.58,93.21,1544804
2019-01-23,94.0,94.51,91.06,91.85,1361661
2019-01-24,94.51,98.6,94.0,98.29,1838771
2019-01-25,100.12,102.33,100.08,101.39,1808775
2019-01-28,99.11,102.78,98.65,101.68,1675770
2019-01-29,102.4,102.43,100.35,100.99,1817181
2019-01-30,103.98,106.37,101.87,105.98,2491448
2019-01-31,105.42,108.65,104.66,106.57,2217052
2019-02-01,106.94,107.68,106.15,106.96,1423175
2019-02-04,107.0,107.3,105.76,107.03,1476656
2019-02-05,106.98,107.46,105.9,106.78,963051
2019-02-06,106.99,109.14,106.98,107.82,1998019
2019-02-07,106.62,107.14,104.8,105.48,1451192
2019-02-08,104.11,105.61,103.45,105.6,880455
2019-02-11,106.18,106.6,105.25,105.62,1036260
2019-02-12,106.81,107.65,106.4,107.2,755983
2019-02-13,107.52,108.5,107.32,107.88,1049100
2019-02-14,106.75,108.49,106.51,107.88,1010671
2019-02-15,108.26,108.26,106.33,108.19,1397879
2019-02-19,108.5,110.3,108.1,108.26,6482472
2019-02-20,108.75,113.32,108.57,112.87,3014300
2019-02-21,112.9,114.72,111.68,112.99,2604752
2019-02-22,113.85,115.56,113.07,114.49,4021736
2019-02-25,116.53,117.45,115.68,115.76,1405430
2019-02-26,115.83,116.55,115.69,116.12,1439904
2019-02-27,115.53,115.77,112.7,114.9,2089435
2019-02-28,114.18,115.67,113.7,115.49,1592806
2019-03-01,116.64,117.63,115.2,115.78,1266373
2019-03-04,116.94,117.75,115.29,116.71,1366932
2019-03-05,115.89,116.85,115.24,115.24,1440343
2019-03-06,115.43,115.74,114.18,114.5,1665231
2019-03-07,115.05,115.64,113.29,114.63,1715437
2019-03-08,113.03,114.32,112.41,113.95,1403844
2019-03-11,114.82,117.32,114.7,116.93,1416996
2019-03-12,117.43,117.83,116.17,116.67,1389945
2019-03-13,117.39,118.22,116.17,116.88,1609079
2019-03-14,116.81,118.62,116.54,117.19,1420634
2019-03-15,118.02,120.32,117.84,119.62,2949798
2019-03-18,119.89,121.68,119.36,119.88,1687362
2019-03-19,119.99,120.99,119.77,120.16,1230669
2019-03-20,120.33,120.88,119.04,119.93,1288372
2019-03-21,120.13,124.68,119.98,123.8,1475160
2019-03-22,122.95,123.93,120.32,120.53,1571028
2019-03-25,120.25,121.0,118.78,119.4,872417
2019-03-26,120.61,121.25,119.25,120.04,1079916
2019-03-27,120.17,120.86,116.7,118.1,1484332
2019-03-28,118.56,119.08,116.43,117.47,791999
2019-03-29,118.75,119.6,118.12,119.41,1224024
2019-04-01,119.41,122.26,119.41,122.16,1205303
2019-04-02,122.72,122.89,121.23,121.95,870406
2019-04-03,123.3,124.2,122.68,124.07,1960296
2019-04-04,124.01,125.26,123.1,123.99,871891
2019-04-05,124.57,125.5,123.81,124.34,1026263
2019-04-08,124.0,124.9,123.19,124.72,922429
2019-04-09,122.28,123.56,121.21,122.13,1444509
2019-04-10,121.89,123.62,121.75,123.34,953106
2019-04-11,124.15,124.38,122.24,122.91,1037169
2019-04-12,124.17,124.5,122.12,123.43,942797
2019-04-15,123.52,123.59,121.21,122.25,1046452
2019-04-16,122.8,124.51,122.67,124.35,1945237
2019-04-17,125.5,125.84,122.45,123.72,1408655
2019-04-18,124.39,124.58,123.23,124.2,873532
2019-04-22,123.76,123.76,122.74,123.07,536168
2019-04-23,123.28,123.83,122.58,123.16,1206099
2019-04-24,123.52,127.42,123.02,125.64,1183433
2019-04-25,127.12,128.21,123.94,125.41,1275405
2019-04-26,124.29,125.88,123.28,125.79,1114858
2019-04-29,125.61,126.45,124.74,126.05,1167899
2019-04-30,126.05,127.63,125.71,127.48,1117680
2019-05-01,128.43,128.9,125.95,125.96,821887
2019-05-02,126.06,128.93,125.65,128.17,1473858
2019-05-03,128.52,129.03,127.6,128.47,1257317
2019-05-06,125.09,125.61,123.87,124.61,1440436
2019-05-07,119.55,119.76,114.41,116.96,4581470
2019-05-08,116.25,117.03,114.22,114.55,2291313
2019-05-09,113.32,114.7,111.1,114.13,2639804
2019-05-10,114.09,116.17,111.87,114.02,2129031
2019-05-13,110.57,111.44,108.2,108.83,1961856
2019-05-14,109.28,110.9,108.28,109.57,1988481
2019-05-15,108.5,111.16,108.34,110.35,2461039
2019-05-16,109.73,110.02,108.42,108.78,1956672
2019-05-17,107.72,110.32,107.35,108.6,1736068
2019-05-20,105.62,107.27,105.05,105.61,2139703
2019-05-21,107.03,108.4,106.61,106.83,1737098
2019-05-22,105.73,106.64,105.12,105.89,1255793
2019-05-23,104.27,104.92,102.93,104.53,1423202
2019-05-24,105.16,105.73,103.66,103.81,1017322
2019-05-28,104.06,105.24,102.4,102.74,2538059
2019-05-29,101.92,103.72,101.91,103.39,1897110
2019-05-30,103.86,105.51,103.59,104.5,1772009
2019-05-31,102.9,105.06,102.66,103.07,1374249
2019-06-03,103.76,104.78,101.34,101.78,1902006
2019-06-04,103.09,105.45,101.99,105.32,2074190
2019-06-05,106.49,107.61,104.45,106.31,1653551
2019-06-06,106.53,108.34,105.86,107.86,1877618
2019-06-07,108.65,109.89,107.89,109.42,1094599
2019-06-10,110.85,114.17,109.67,113.46,1516396
2019-06-11,115.16,116.14,113.41,114.23,1498038
2019-06-12,112.38,113.84,109.91,110.1,1769185
2019-06-13,110.8,111.65,109.91,110.94,1074498
2019-06-14,108.86,110.4,107.69,109.7,1190961
2019-06-17,109.74,109.91,107.89,107.93,1635406
2019-06-18,109.54,112.9,108.82,111.61,1969816
2019-06-19,111.95,113.01,111.18,112.26,1187535
2019-06-20,114.26,114.84,112.97,113.79,906400
2019-06-21,114.18,115.0,113.01,113.93,2702228
2019-06-24,114.33,114.57,113.18,113.22,1336697
2019-06-25,113.73,115.26,112.96,113.07,1578038
2019-06-26,114.97,117.1,113.85,116.85,1416633
2019-06-27,117.32,119.23,117.19,117.74,881656
2019-06-28,118.94,119.71,117.76,118.2,1226627
2019-07-01,121.84,123.43,120.17,121.72,1445734
2019-07-02,121.36,121.36,118.77,119.63,1447618
2019-07-03,119.94,119.94,118.42,119.06,1113356
2019-07-05,117.57,118.15,116.33,117.9,928638
2019-07-08,116.88,117.96,116.71,117.35,812408
2019-07-09,116.34,117.96,115.9,117.78,856831
2019-07-10,118.74,120.75,118.39,119.61,1061386
2019-07-11,119.52,120.21,118.14,120.06,1557022
2019-07-12,120.34,123.06,120.34,122.92,1412054
2019-07-15,123.05,123.87,122.48,123.54,725963
2019-07-16,123.11,123.37,121.6,122.5,905177
2019-07-17,123.94,125.99,122.69,125.49,1649688
2019-07-18,125.5,133.84,125.5,133.41,2506267
2019-07-19,133.53,133.95,131.68,131.96,1171537
2019-07-22,133.71,137.27,132.79,137.15,1776424
2019-07-23,137.46,140.7,136.87,140.17,1722248
2019-07-24,139.88,142.66,139.77,142.65,1356188
2019-07-25,141.05,142.08,139.18,139.7,1587174
2019-07-26,140.35,141.44,139.26,139.45,1065906
2019-07-29,139.04,139.81,138.59,139.51,922499
2019-07-30,138.13,140.83,138.0,140.0,615125
2019-07-31,139.58,139.7,134.37,136.32,1331204
2019-08-01,136.51,143.95,135.37,136.77,2808933
2019-08-02,135.12,135.4,131.49,133.24,2269486
2019-08-05,130.1,130.96,125.19,126.46,3480471
2019-08-06,131.87,140.77,131.11,135.64,3343545
2019-08-07,134.16,135.62,133.46,134.14,1428131
2019-08-08,135.94,137.64,134.74,137.33,1554256
2019-08-09,136.35,137.26,134.03,136.09,1025625
2019-08-12,135.0,135.9,133.43,134.2,941903
2019-08-13,132.55,137.13,132.28,135.22,1964194
2019-08-14,131.9,134.03,130.43,131.11,1152112
2019-08-15,131.32,133.09,130.93,132.04,815452
2019-08-16,132.94,136.59,132.13,136.12,1381207
2019-08-19,138.0,141.8,137.2,140.36,1707487
2019-08-20,140.26,142.13,139.21,140.37,1157399
2019-08-21,141.62,142.75,140.38,141.9,836245
2019-08-22,142.65,144.52,141.28,143.57,1333394
2019-08-26,141.0,141.92,139.89,141.29,1020813
2019-08-27,142.46,142.93,140.61,142.42,1230330
2019-08-28,141.16,144.05,140.05,143.56,996588
2019-08-29,145.66,147.47,145.1,146.37,1155594
2019-08-30,147.98,148.78,147.09,147.9,1820618
2019-09-03,149.46,150.39,147.41,149.93,2218899
2019-09-04,151.58,152.0,149.97,150.65,1982503
2019-09-05,153.68,155.33,150.92,151.0,2581984
2019-09-06,150.85,152.52,150.59,150.98,1985381
2019-09-09,151.99,152.76,148.53,150.51,2245848
2019-09-10,149.77,149.77,146.06,148.75,1885753
2019-09-11,150.0,150.77,148.63,150.65,2790205
2019-09-12,152.43,152.77,149.39,149.61,2282125
2019-09-13,149.58,151.65,147.8,150.32,1879788
2019-09-16,148.76,151.92,148.06,151.19,1192212
2019-09-18,152.59,158.09,151.7,157.98,2735174
2019-09-19,158.61,159.3,156.46,157.22,1393878
2019-09-20,158.01,158.54,154.37,155.5,3188169
2019-09-23,155.2,158.63,155.2,157.58,1122836
2019-09-24,159.31,160.55,155.53,156.5,1726008
2019-09-25,156.35,160.93,156.17,160.59,1232245
2019-09-26,160.88,162.68,159.94,161.95,1281045
2019-09-27,160.16,161.32,157.48,158.48,1459134
2019-09-30,159.46,160.3,157.65,159.45,1139849
2019-10-01,160.79,162.41,157.73,158.29,919702
2019-10-02,156.28,157.5,153.63,155.05,1588944
2019-10-03,155.47,157.69,153.69,156.96,1300268
2019-10-04,157.64,161.29,157.47,161.11,1194290
2019-10-07,160.7,162.68,160.2,161.05,975599
2019-10-08,158.76,159.03,154.33,154.52,1485100
2019-10-09,157.17,158.81,156.11,157.48,1027582
2019-10-10,158.02,159.26,156.6,157.4,894800
2019-10-11,160.97,162.49,158.93,160.22,1180240
2019-10-14,159.62,160.95,158.31,159.0,1140563
2019-10-15,160.08,163.54,159.58,162.56,885626
2019-10-16,160.8,161.97,159.08,159.64,1299884
2019-10-17,162.71,167.95,161.04,161.51,1614062
2019-10-18,160.63,162.02,158.32,159.69,1219555
2019-10-21,160.31,164.29,159.87,164.0,1820465
2019-10-22,163.88,164.85,162.34,162.82,1235371
2019-10-23,161.14,162.22,158.27,158.72,1141315
2019-10-24,164.0,168.95,163.46,168.74,1838377
2019-10-25,167.69,170.29,166.8,169.94,1101685
2019-10-28,171.02,175.25,171.02,174.78,1586197
2019-10-29,174.1,175.32,170.19,170.28,1693582
2019-10-30,171.82,173.94,169.21,172.96,1706475
2019-10-31,167.67,170.25,160.4,169.04,2595772
2019-11-01,170.13,173.14,169.27,172.42,1462541
2019-11-04,174.78,175.43,172.46,174.02,1046885
2019-11-05,174.17,175.32,171.43,171.98,1715519
2019-11-06,171.22,172.76,168.33,172.52,1397973
2019-11-07,173.58,174.0,171.52,171.95,960518
2019-11-08,170.33,174.28,170.33,174.21,648901
2019-11-11,173.63,175.34,171.46,174.43,630955
2019-11-12,175.13,176.23,173.65,174.42,888868
2019-11-13,174.2,177.35,173.14,176.35,930489
2019-11-14,175.97,176.97,174.33,176.6,824109
2019-11-15,178.83,179.95,177.11,177.86,1570163
2019-11-18,177.59,178.17,176.73,177.0,1064583
2019-11-19,177.04,178.0,173.5,175.99,1284992
2019-11-20,176.13,177.15,172.86,173.67,1131421
2019-11-21,165.86,166.58,159.62,161.59,3498115
2019-11-22,160.47,162.65,157.84,158.49,2274694
2019-11-25,160.34,164.22,160.3,163.35,1905886
2019-11-26,163.85,164.22,161.11,162.13,2035318
2019-11-27,163.3,166.26,162.14,165.65,1378622
2019-11-29,165.09,165.57,163.69,163.86,705434
2019-12-02,163.95,164.24,160.39,161.06,1150798
2019-12-03,158.0,159.01,155.56,156.38,1993414
2019-12-04,159.52,160.79,158.0,160.26,1145037
2019-12-05,160.49,162.83,160.08,161.5,1320746
2019-12-06,163.49,165.52,162.85,162.89,989332
2019-12-09,163.33,163.57,160.63,160.88,770643
2019-12-10,162.29,164.32,161.43,162.37,1190592
2019-12-11,162.78,167.43,162.68,167.12,934073
2019-12-12,166.98,171.92,166.7,171.46,1627547
2019-12-13,170.95,173.09,170.12,171.24,1152841
2019-12-16,174.74,175.0,172.03,172.06,1305963
2019-12-17,172.07,176.12,172.07,175.96,1333394
2019-12-18,175.9,177.47,175.26,175.26,1516437
2019-12-19,175.7,176.22,172.86,175.46,1187773
2019-12-20,176.82,177.84,174.97,177.47,2695150
2019-12-23,178.86,179.24,176.9,177.11,969098
2019-12-24,177.79,178.19,176.28,178.11,257681
2019-12-26,178.58,178.8,177.14,178.75,527880
2019-12-27,179.25,179.71,177.36,178.52,553906
2019-12-30,178.02,178.92,175.23,178.37,756432
2019-12-31,177.39,178.51,176.3,178.17,869378
2020-01-02,180.78,182.7,180.02,182.57,1005598
2020-01-03,179.33,181.17,177.86,179.08,833408
2020-01-06,176.32,177.56,174.09,175.05,1266784
2020-01-07,176.14,177.77,174.3,176.44,1140522
2020-01-08,176.5,178.66,175.52,176.67,883499
2020-01-09,178.41,179.42,174.95,175.49,916894
2020-01-10,176.41,177.43,171.95,173.01,883844
2020-01-13,173.97,175.11,173.36,175.1,662421
2020-01-14,175.91,178.22,174.07,177.48,1279640
2020-01-15,177.09,178.7,175.85,177.92,922813
2020-01-16,179.5,181.83,179.01,180.91,1197268
2020-01-17,180.87,180.9,177.36,178.73,1604769
2020-01-21,177.65,180.89,177.57,178.81,1571351
2020-01-22,180.0,182.78,179.87,180.13,1084723
2020-01-23,179.82,182.66,179.12,182.55,1056877
2020-01-24,183.88,184.5,178.43,179.4,961020
2020-01-27,174.77,175.23,169.85,170.31,1581385
2020-01-28,172.2,176.33,171.7,175.93,938118
2020-01-29,176.35,176.94,171.66,171.72,1029384
2020-01-30,173.5,175.37,169.57,172.92,1447964
2020-01-31,171.38,172.75,165.25,165.74,1505971
2020-02-03,167.27,170.65,167.01,169.93,1181617
2020-02-04,174.33,178.8,173.84,178.8,1735912
2020-02-05,176.06,177.79,168.8,171.28,3113142
2020-02-06,171.43,173.39,170.15,171.74,1370335
2020-02-07,170.71,171.27,164.76,165.1,1492780
2020-02-10,164.1,169.01,164.08,168.92,1680342
2020-02-11,169.21,173.53,168.33,173.04,1268990
2020-02-12,174.0,176.46,173.85,175.97,958016
2020-02-13,175.68,180.08,174.91,178.72,1158098
2020-02-14,179.12,179.76,174.89,176.28,864866
2020-02-18,167.0,172.0,166.67,169.23,1778465
2020-02-19,172.21,174.82,171.0,172.98,1069265
2020-02-20,171.74,172.42,165.67,167.3,1664537
2020-02-21,165.67,166.25,160.81,161.12,1909894
2020-02-24,154.75,156.86,152.9,153.73,2649605
2020-02-25,155.28,155.99,147.07,147.41,2046877
2020-02-26,149.0,150.65,146.22,147.27,1879530
2020-02-27,142.81,148.38,142.27,147.99,3589666
2020-02-28,142.09,153.93,142.09,153.71,3695232
2020-03-02,154.5,159.0,151.71,158.74,2706741
2020-03-03,156.81,159.29,152.38,153.81,2397553
2020-03-04,157.09,160.71,154.66,160.71,1493454
2020-03-05,156.65,158.88,154.48,156.69,1697018
2020-03-06,152.05,156.14,151.49,155.68,1858352
2020-03-09,144.98,150.49,144.26,144.92,2815758
2020-03-10,148.51,154.76,145.58,154.57,2438494
2020-03-11,150.13,152.22,142.62,144.92,2730659
2020-03-12,135.24,139.0,125.25,125.36,2672898
2020-03-13,132.82,145.76,127.89,145.37,2804666
2020-03-16,128.69,140.48,126.19,129.5,2752351
2020-03-17,131.87,150.44,125.64,149.63,3213596
2020-03-18,132.25,143.13,127.36,132.02,2664900
2020-03-19,131.88,135.42,126.76,127.36,1955175
2020-03-20,129.71,132.55,113.08,114.02,2632573
2020-03-23,114.32,120.69,110.19,116.36,2124904
2020-03-24,121.7,136.55,120.0,136.36,2776148
2020-03-25,135.72,145.94,134.39,137.47,1703164
2020-03-26,140.77,150.47,139.06,149.76,1870541
2020-03-27,145.04,147.17,141.32,142.24,2240885
2020-03-30,142.07,150.57,142.0,149.52,1623722
2020-03-31,150.84,150.84,141.53,143.74,2907516
2020-04-01,138.7,141.22,129.66,131.61,1661089
2020-04-02,129.57,133.79,129.31,132.44,1346403
2020-04-03,130.82,132.99,125.56,127.94,1143931
2020-04-06,135.21,149.21,132.93,148.5,1846103
2020-04-07,154.1,155.0,146.52,147.27,1454117
2020-04-08,149.59,153.15,146.91,152.37,1349997
2020-04-09,152.15,157.87,148.49,150.12,1303806
2020-04-13,149.5,152.42,148.18,152.09,868569
2020-04-14,155.1,162.34,153.81,161.73,1274733
2020-04-15,158.18,158.3,151.11,153.22,1278665
2020-04-16,158.21,160.75,154.23,156.65,1562959
2020-04-17,160.93,162.29,157.79,161.21,998115
2020-04-20,158.79,160.34,156.05,156.3,634822
2020-04-21,153.44,154.18,147.46,148.59,1284703
2020-04-22,154.31,159.36,151.29,158.68,1207793
2020-04-23,158.44,160.84,157.01,159.45,1404575
2020-04-24,160.98,165.57,158.02,164.92,1492528
2020-04-27,167.04,169.24,164.64,166.06,1030546
2020-04-28,168.39,170.77,165.95,166.27,1198925
2020-04-29,169.93,177.17,168.21,175.89,1518978
2020-04-30,173.95,175.31,163.97,164.09,1241425
2020-05-01,158.3,158.89,147.71,150.27,2692772
2020-05-04,149.68,152.87,147.54,152.0,1473247
2020-05-05,156.46,160.69,153.96,155.63,1868984
2020-05-06,163.41,169.13,158.46,163.81,2422730
2020-05-07,167.37,169.69,163.57,163.84,1683633
2020-05-08,166.83,172.39,165.68,171.5,1265444
2020-05-11,169.19,169.95,167.28,168.78,1145786
2020-05-12,170.22,171.19,165.41,165.57,965411
2020-05-13,165.37,168.61,160.66,164.07,1805145
2020-05-14,162.55,176.96,158.89,176.75,2683539
2020-05-15,168.03,171.62,165.98,167.43,3709972
2020-05-18,171.81,173.47,168.78,172.31,1492117
2020-05-19,172.21,177.63,171.14,172.52,1074834
2020-05-20,175.5,180.21,174.97,177.92,1302644
2020-05-21,176.13,177.25,171.86,172.43,1001799
2020-05-22,173.77,173.97,170.4,173.0,666445
2020-05-26,176.91,180.33,174.69,176.64,1911356
2020-05-27,178.12,178.9,168.24,176.73,1659567
2020-05-28,177.66,180.22,173.4,174.61,1272036
2020-05-29,176.0,177.97,173.57,175.96,1792117
2020-06-01,175.0,178.4,173.45,175.96,1085607
2020-06-02,175.3,177.55,172.94,177.29,892655
2020-06-03,178.84,186.95,178.38,186.05,1659961
2020-06-04,184.81,189.12,183.69,186.29,1068678
2020-06-05,190.22,196.25,189.33,192.48,1500164
2020-06-08,193.62,194.06,188.77,191.87,816520
2020-06-09,190.54,192.55,188.65,191.03,776389
2020-06-10,192.43,195.0,190.34,192.77,779670
2020-06-11,191.32,191.32,179.84,180.58,1460454
2020-06-12,186.17,188.4,180.07,184.69,1253125
2020-06-15,178.24,188.13,176.58,187.75,1270852
2020-06-16,193.86,196.97,188.73,192.99,1482522
2020-06-17,193.17,196.3,192.17,193.89,1246231
2020-06-18,194.29,194.29,192.05,193.74,937974
2020-06-19,196.43,197.5,192.05,193.1,3330982
2020-06-22,189.35,193.77,189.35,191.86,1179321
2020-06-23,195.16,195.16,192.29,193.21,1089264
2020-06-24,192.21,193.0,185.69,188.62,1486651
2020-06-25,190.91,192.71,187.42,192.35,1133682
2020-06-26,192.63,193.2,189.04,189.57,1713514
2020-06-29,190.54,191.75,186.59,191.73,677689
2020-06-30,191.03,195.86,191.03,194.48,1253618
2020-07-01,194.48,195.27,191.92,193.15,1262023
2020-07-02,194.56,198.21,194.27,196.51,1247045
2020-07-06,199.39,206.51,198.22,203.59,1367367
2020-07-07,203.48,205.33,201.8,202.69,1311301
2020-07-08,203.33,205.73,201.18,204.51,748749
2020-07-09,203.0,206.49,200.64,203.59,1083717
2020-07-10,203.6,204.2,198.23,202.26,994873
2020-07-13,204.96,207.78,199.08,199.57,1152480
2020-07-14,197.81,201.65,194.01,200.93,1612007
2020-07-15,201.86,204.17,194.31,196.04,1454253
2020-07-16,193.98,197.48,193.0,196.04,989574
2020-07-17,198.02,198.38,195.02,197.2,824320
2020-07-20,197.32,203.97,196.57,203.01,756634
2020-07-21,203.87,204.68,200.79,203.51,920952
2020-07-22,204.99,206.87,203.21,205.94,947247
2020-07-23,205.78,209.3,202.29,203.92,1156125
2020-07-24,196.39,197.26,187.14,188.21,2477569
2020-07-27,192.27,197.88,190.19,197.07,1857903
2020-07-28,195.3,196.93,192.19,192.47,1151974
2020-07-29,191.5,195.72,190.34,195.13,1479781
2020-07-30,194.81,199.0,193.75,197.9,1166931
2020-07-31,200.0,200.0,195.04,199.83,1150187
2020-08-03,202.59,208.04,202.5,207.65,1809921
2020-08-04,200.24,205.17,200.15,204.9,1727901
2020-08-05,206.02,206.2,202.37,203.99,834902
2020-08-06,203.25,204.2,200.99,203.59,1036683
2020-08-07,201.86,206.53,200.29,202.85,990972
2020-08-10,201.4,203.36,198.25,203.09,1018875
2020-08-11,203.56,204.82,200.05,200.54,745274
2020-08-12,201.56,208.76,201.11,208.0,823551
2020-08-13,207.79,210.26,206.42,209.96,1152713
2020-08-14,210.08,215.2,209.5,211.51,1209398
2020-08-17,213.19,218.57,212.81,216.63,1320429
2020-08-18,217.71,217.9,211.37,211.76,842705
2020-08-19,212.71,212.72,209.49,210.54,734320
2020-08-20,206.6,208.83,205.08,206.85,915264
2020-08-21,206.75,206.87,202.11,203.97,1425883
2020-08-24,207.5,208.67,205.3,208.36,922389
2020-08-25,208.03,211.18,207.19,210.28,869698
2020-08-26,209.77,212.66,209.6,212.23,615178
2020-08-27,213.78,214.14,203.5,204.45,1158966
2020-08-28,204.79,208.92,203.95,208.61,828891
2020-08-31,207.78,208.11,203.98,205.14,930130
2020-09-01,205.89,208.49,204.51,207.95,738071
2020-09-02,210.68,216.17,209.0,215.54,1171850
2020-09-03,213.61,214.04,200.25,201.41,1807358
2020-09-04,199.84,200.43,186.78,193.37,2380604
2020-09-08,181.19,182.67,173.83,174.47,2919401
2020-09-09,178.92,179.94,172.85,174.46,2314517
2020-09-10,176.03,177.35,172.62,173.13,2413087
2020-09-11,174.87,176.52,171.31,171.94,1318835
2020-09-14,176.56,178.51,174.99,178.08,1254365
2020-09-15,179.98,180.94,177.33,180.76,1441443
2020-09-16,182.4,185.19,180.61,180.81,1624484
2020-09-17,175.37,180.72,174.7,180.49,1090140
2020-09-18,181.23,184.55,176.64,178.96,1792847
2020-09-21,178.36,181.22,175.61,181.1,1099329
2020-09-22,182.81,183.62,177.54,183.3,837722
2020-09-23,184.38,186.33,179.96,180.79,1136501
2020-09-24,178.08,187.56,178.08,184.54,1134149
2020-09-25,183.71,188.62,181.58,187.91,906859
2020-09-28,188.14,193.68,186.8,193.25,1348816
2020-09-29,194.86,195.81,192.6,193.33,766737
2020-09-30,192.67,196.46,191.05,193.74,1019255
2020-10-01,197.62,200.21,195.66,198.98,915251
2020-10-02,192.09,196.32,190.8,191.96,1092077
2020-10-05,193.28,200.0,192.72,199.95,1242321
2020-10-06,199.89,205.84,198.68,199.83,1278751
2020-10-07,203.0,205.69,201.11,202.9,1164895
2020-10-08,205.49,206.95,204.47,206.69,686008
2020-10-09,209.98,212.11,208.79,211.04,1200145
2020-10-12,213.96,215.9,212.6,214.55,1288985
2020-10-13,215.9,221.66,214.09,219.94,944261
2020-10-14,220.09,223.54,215.11,216.0,1399005
2020-10-15,209.39,213.86,208.11,213.09,1168527
2020-10-16,214.43,214.84,207.6,208.4,1225955
2020-10-19,212.34,212.34,206.0,206.81,994563
2020-10-20,208.84,209.3,205.06,205.72,607240
2020-10-21,205.76,208.86,205.63,206.3,607025
2020-10-22,205.3,205.95,201.52,203.31,884854
2020-10-23,205.15,206.49,202.2,203.17,842874
2020-10-26,200.65,202.42,197.04,198.94,942634
2020-10-27,200.01,200.49,197.13,198.59,739178
2020-10-28,194.52,196.24,190.48,190.55,1554791
2020-10-29,190.4,204.08,190.21,201.95,1351524
2020-10-30,198.5,201.0,195.34,197.18,1047289
2020-11-02,199.8,203.22,198.82,202.23,817887
2020-11-03,205.06,212.4,204.51,210.88,1188206
2020-11-04,214.31,221.78,210.59,220.53,1356776
2020-11-05,222.86,228.93,222.86,228.1,1276481
2020-11-06,228.88,233.28,225.72,231.68,695959
2020-11-09,237.71,242.6,231.93,232.32,1135000
2020-11-10,230.0,232.27,223.13,223.73,1071620
2020-11-11,227.21,234.13,225.7,233.51,994842
2020-11-12,235.13,236.13,231.31,233.26,895330
2020-11-13,237.15,240.92,235.51,236.1,892703
2020-11-16,237.64,242.57,236.37,241.78,882846
2020-11-17,242.45,243.82,239.7,241.84,1401204
2020-11-18,243.61,244.74,239.95,240.34,832311
2020-11-19,236.12,244.37,236.01,243.75,716422
2020-11-20,244.31,247.39,242.48,242.57,583089
2020-11-23,243.28,250.44,242.66,250.24,720431
2020-11-24,250.75,251.7,247.8,250.17,750209
2020-11-25,250.0,251.1,247.12,248.95,547223
2020-11-27,251.11,256.22,251.11,254.13,335501
2020-11-30,256.99,256.99,248.42,251.97,1017718
2020-12-01,254.46,258.72,252.59,256.66,903485
2020-12-02,254.78,258.52,254.27,256.32,849071
2020-12-03,258.65,261.85,257.05,257.39,518592
2020-12-04,258.15,264.17,258.09,263.7,748968
2020-12-07,265.23,267.93,262.8,266.7,693721
2020-12-08,267.08,268.74,264.69,266.94,712722
2020-12-09,266.61,268.89,253.84,256.49,1197161
2020-12-10,255.15,259.12,253.59,255.98,1009689
2020-12-11,253.6,257.88,252.26,257.63,1122835
2020-12-14,257.47,263.87,257.47,260.13,1039532
2020-12-15,263.99,264.79,259.59,261.01,774086
2020-12-16,261.37,261.51,257.76,260.55,699125
2020-12-17,262.88,263.35,257.71,259.68,1355109
2020-12-18,258.75,262.88,257.28,262.15,2220195
2020-12-21,258.72,262.05,258.0,260.77,1023195
2020-12-22,259.94,261.0,256.26,257.59,753371
2020-12-23,258.45,258.57,252.52,252.79,676409
2020-12-24,254.86,259.08,253.97,259.08,367241
2020-12-28,260.79,261.5,257.21,257.58,497360
2020-12-29,258.04,258.76,252.02,254.36,579207
2020-12-30,256.64,262.37,255.21,260.15,641508
2020-12-31,258.07,259.99,255.56,258.91,728028
2021-01-04,262.06,270.28,257.7,260.33,1252064
2021-01-05,260.19,266.32,258.96,265.79,1074856
2021-01-06,262.45,270.94,261.81,265.21,850554
2021-01-07,268.69,279.35,268.36,278.19,1011896
2021-01-08,282.22,287.34,279.56,283.18,1051805
2021-01-11,281.35,290.85,278.01,289.11,1203959
2021-01-12,289.0,296.3,287.0,290.99,1323577
2021-01-13,288.75,293.52,285.16,290.1,1154581
2021-01-14,302.82,315.87,301.91,303.88,2431231
2021-01-15,303.49,304.81,296.0,304.13,1606579
2021-01-19,307.84,316.8,307.84,314.08,1274958
2021-01-20,316.92,317.6,302.25,304.33,1019699
2021-01-21,307.96,308.9,300.43,305.2,1063124
2021-01-22,305.3,309.36,304.47,305.01,725154
2021-01-25,309.4,312.33,303.3,308.9,955821
2021-01-26,310.0,310.74,302.82,303.55,832412
2021-01-27,297.3,298.81,283.05,284.44,1658044
2021-01-28,290.73,296.74,288.45,291.1,1021246
2021-01-29,287.06,289.2,279.72,280.07,1163789
2021-02-01,286.02,294.02,282.49,292.62,1052592
2021-02-02,296.0,299.62,293.62,298.78,1106911
2021-02-03,301.6,301.6,285.54,286.3,1279883
2021-02-04,288.44,298.18,286.32,294.23,1401821
2021-02-05,296.03,298.15,286.59,288.03,890442
2021-02-08,289.94,302.59,288.66,302.26,1018152
2021-02-09,300.29,305.45,296.52,298.31,735482
2021-02-10,302.13,304.14,296.0,297.61,547082
2021-02-11,299.41,326.49,299.41,324.48,2285695
2021-02-12,321.53,334.77,318.92,331.81,1503138
2021-02-16,332.5,342.21,332.5,337.18,1395924
2021-02-17,333.26,334.7,323.37,330.3,1063010
2021-02-18,326.1,328.0,321.14,325.16,1005813
2021-02-19,330.62,338.0,327.99,330.67,1512402
2021-02-22,325.0,326.98,313.85,316.16,1123135
2021-02-23,307.74,321.47,303.67,318.78,1745850
2021-02-24,313.84,328.73,310.08,328.43,1170304
2021-02-25,322.69,326.35,302.48,304.79,1528269
2021-02-26,311.32,314.73,303.17,311.23,1316296
2021-03-01,316.02,326.4,315.01,325.99,1293996
2021-03-02,325.88,326.68,309.65,309.82,1176122
2021-03-03,310.49,315.06,303.53,303.81,1155398
2021-03-04,302.18,306.26,282.33,287.62,1655325
2021-03-05,292.69,297.25,278.18,295.87,1631399
2021-03-08,291.01,293.83,273.24,274.04,2182464
2021-03-09,283.63,296.29,282.29,294.1,1944176
2021-03-10,299.76,300.38,282.73,283.45,1688239
2021-03-11,294.05,301.97,290.0,296.36,1709699
2021-03-12,288.87,294.78,285.97,294.27,1298410
2021-03-15,293.47,299.32,291.42,298.96,1321958
2021-03-16,299.72,305.96,298.88,301.95,1544177
2021-03-17,296.18,309.91,291.12,305.39,1906301
2021-03-18,298.3,299.75,287.78,288.74,2041192
2021-03-19,287.97,297.24,284.49,292.88,3220744
2021-03-22,300.0,308.13,298.31,305.36,1819962
2021-03-23,306.51,307.48,296.11,297.06,1766327
2021-03-24,310.5,317.0,297.55,297.89,1669223
2021-03-25,293.03,301.0,286.94,299.41,1187968
2021-03-26,298.71,320.25,298.71,319.94,1650773
2021-03-29,317.73,317.85,306.88,314.31,1428493
2021-03-30,312.81,318.51,311.69,317.07,924068
2021-03-31,321.75,333.3,321.17,330.4,1811848
2021-04-01,337.0,347.79,337.0,347.29,1885789
2021-04-05,349.05,359.69,346.07,355.08,1496133
2021-04-06,353.12,353.8,340.56,346.6,1690443
2021-04-07,347.71,352.7,343.68,348.04,985534
2021-04-08,354.0,354.27,348.42,354.04,1124972
2021-04-09,351.92,355.08,348.23,352.85,913937
2021-04-12,349.57,350.7,343.33,345.1,1376308
2021-04-13,349.52,349.52,339.12,344.13,1226421
2021-04-14,340.0,346.67,335.18,336.5,1186228
2021-04-15,341.79,342.16,335.71,338.54,1198129
2021-04-16,339.07,339.86,332.98,333.0,958199
2021-04-19,330.96,333.62,318.28,324.39,1551747
2021-04-20,323.11,325.84,317.78,318.92,1477155
2021-04-21,322.45,332.22,319.57,331.79,1697765
2021-04-22,329.45,331.87,322.76,325.08,1045460
2021-04-23,327.99,334.1,326.69,332.07,1182069
2021-04-26,334.01,337.57,330.99,335.81,1039447
2021-04-27,340.0,340.0,329.26,330.49,939916
2021-04-28,329.5,330.74,324.23,324.84,983162
2021-04-29,325.92,328.73,318.66,326.36,1295145
2021-04-30,315.03,321.66,312.92,315.35,1434141
2021-05-04,305.82,308.09,299.42,307.94,1592347
2021-05-05,313.17,316.74,306.4,311.92,1157328
2021-05-06,309.51,316.28,307.69,315.89,935229
2021-05-07,319.99,323.0,316.66,319.7,848306
2021-05-10,309.95,313.88,299.46,299.9,1576939
2021-05-11,291.01,301.56,289.72,300.28,987731
2021-05-12,292.54,295.76,285.89,286.74,1400375
2021-05-13,294.54,300.67,293.73,296.76,1533683
2021-05-17,298.45,300.85,292.18,297.72,1352800
2021-05-18,302.37,302.99,293.48,293.92,1087664
2021-05-19,288.05,304.24,286.58,303.94,1300971
2021-05-20,305.43,315.0,305.43,313.36,1449887
2021-05-21,314.97,314.97,308.71,310.14,1049653
2021-05-24,314.34,320.12,313.81,317.55,1209209
2021-05-25,320.13,323.91,316.54,317.92,1258312
2021-05-26,319.2,322.0,315.71,317.39,1078116
2021-05-27,316.85,321.58,315.9,316.54,1195136
2021-05-28,318.19,320.31,316.46,316.89,885477
2021-06-01,319.89,324.75,314.39,315.73,1024747
2021-06-02,316.1,318.48,312.8,315.59,881726
2021-06-03,311.78,312.46,307.33,308.78,1243019
2021-06-04,311.38,318.07,311.16,316.99,898366
2021-06-07,315.38,319.33,312.63,318.55,1098487
2021-06-08,322.6,323.65,311.85,313.8,615034
2021-06-09,321.13,322.82,313.86,314.16,747975
2021-06-10,316.12,320.6,314.53,319.31,690882
2021-06-11,320.65,321.35,317.4,320.11,770324
2021-06-14,320.93,325.91,318.93,325.21,634349
2021-06-15,324.45,326.59,319.29,320.59,718447
2021-06-16,322.87,323.29,313.23,315.9,856295
2021-06-17,315.07,321.33,313.14,318.42,919826
2021-06-18,313.88,314.72,303.16,304.48,1925879
2021-06-21,306.02,309.61,302.48,308.81,882360
2021-06-22,307.64,309.58,304.21,308.62,672251
2021-06-23,308.86,312.95,308.62,310.86,656663
2021-06-24,313.49,316.15,312.28,315.89,730805
2021-06-25,315.62,318.33,313.96,316.26,3921198
2021-06-28,319.25,325.49,318.4,322.26,861794
2021-06-29,322.0,326.03,321.54,325.2,544802
2021-06-30,325.0,325.01,320.87,324.21,697625
2021-07-01,324.15,324.3,311.53,311.74,1417132
2021-07-02,313.73,314.0,308.01,311.82,1053159
2021-07-06,312.71,316.28,305.26,311.25,1071379
2021-07-09,303.71,309.58,301.6,308.76,726712
2021-07-12,310.02,314.29,308.9,314.02,883288
2021-07-13,312.12,315.0,310.0,311.61,568363
2021-07-14,313.75,318.3,308.46,309.12,763067
2021-07-15,308.21,310.0,301.72,303.75,910334
2021-07-16,305.28,307.89,292.3,293.22,1794463
2021-07-19,289.93,294.36,287.44,294.33,1332234
2021-07-20,295.3,304.83,292.68,302.77,1202664
2021-07-21,304.34,318.3,303.86,316.88,1607701
2021-07-22,315.0,318.14,311.99,314.36,790177
2021-07-23,316.93,322.0,315.45,320.76,705156
2021-07-26,320.17,322.33,315.61,318.63,655103
2021-07-27,315.3,315.3,302.53,309.0,1081363
2021-07-28,311.0,316.91,309.47,315.57,646809
2021-07-29,313.45,320.15,310.37,319.43,1119101
2021-07-30,339.49,356.71,335.56,348.16,2656975
2021-08-02,348.16,356.7,344.79,345.91,1128233
2021-08-03,347.23,349.52,343.0,346.89,925388
2021-08-04,346.89,356.0,346.89,353.8,1161855
2021-08-05,355.54,356.63,349.51,353.71,730384
2021-08-06,351.54,354.8,351.14,353.35,908367
2021-08-09,353.52,356.07,351.3,351.52,748685
2021-08-10,351.24,352.04,340.6,342.0,1476887
2021-08-11,343.85,345.03,336.29,342.66,832303
2021-08-12,337.5,339.85,328.18,328.51,1356735
2021-08-13,327.14,329.13,325.8,327.88,596484
2021-08-16,327.03,331.54,325.83,329.19,1073578
2021-08-17,325.86,327.02,316.86,322.45,1255600
2021-08-18,320.52,326.48,317.17,317.55,1117992
2021-08-19,314.79,323.6,313.5,322.35,729934
2021-08-20,324.73,327.44,315.46,319.97,794282
2021-08-23,323.96,329.61,323.38,328.54,1274908
2021-08-24,329.68,334.3,326.37,328.0,621457
2021-08-25,325.7,335.54,325.7,334.02,839362
2021-08-26,334.59,336.73,332.09,333.75,495478
2021-08-27,335.63,343.53,334.86,342.93,692604
2021-08-30,345.34,346.9,338.83,342.11,516073
2021-08-31,343.67,343.67,333.73,339.96,1003168
2021-09-01,340.95,341.59,335.14,335.45,668129
2021-09-02,337.89,339.66,335.36,337.71,470595
2021-09-03,336.11,342.51,336.11,341.75,481880
2021-09-07,342.63,343.08,337.91,341.81,570254
2021-09-08,341.16,341.16,334.56,336.75,774816
2021-09-09,335.92,348.89,335.57,347.83,1200102
2021-09-10,351.0,359.1,350.31,350.57,1241366
2021-09-13,354.61,358.32,349.3,355.6,974258
2021-09-14,360.52,364.79,353.51,356.39,1349443
2021-09-15,357.35,367.54,354.05,367.34,1566262
2021-09-16,365.0,373.73,363.2,372.02,1970672
2021-09-17,374.4,374.6,366.61,369.81,2162812
2021-09-20,360.4,361.56,349.77,355.18,1312342
2021-09-21,358.95,359.44,349.64,356.58,1160397
2021-09-22,359.13,366.31,356.0,365.51,762376
2021-09-23,366.66,372.41,365.77,370.98,948283
2021-09-24,367.67,370.65,366.79,369.53,433879
2021-09-27,364.51,369.41,362.8,365.78,843971
2021-09-28,352.34,356.94,346.33,347.03,1620612
2021-09-29,348.68,349.74,334.81,335.3,1202286
2021-09-30,338.28,342.23,333.9,334.51,963224
2021-10-01,336.72,338.45,328.78,335.02,904673
2021-10-04,332.12,332.62,325.59,329.07,1147634
2021-10-05,332.96,334.44,328.24,331.23,774291
2021-10-06,326.79,330.22,324.36,329.1,821069
2021-10-07,333.49,336.17,329.32,330.1,811890
2021-10-08,332.29,332.37,324.82,326.05,643140
2021-10-11,324.57,331.21,324.54,325.2,528777
2021-10-12,327.51,328.29,317.99,319.55,855557
2021-10-13,323.86,326.0,319.09,320.41,690566
2021-10-14,331.31,331.31,326.61,329.78,959105
2021-10-15,330.17,332.39,327.89,329.1,772540
2021-10-18,326.68,328.23,322.33,326.77,1377830
2021-10-19,325.7,332.72,325.56,332.14,820594
2021-10-20,331.71,333.95,328.22,331.03,702020
2021-10-21,326.88,336.13,323.39,335.51,870642
2021-10-22,342.12,357.92,340.54,343.03,1856445
2021-10-25,347.71,347.71,341.68,343.23,1057465
2021-10-26,349.12,349.12,337.48,341.97,868038
2021-10-27,340.96,345.43,336.28,340.57,1196157
2021-10-28,366.44,388.99,352.5,355.34,2350805
2021-10-29,352.23,374.11,351.98,372.76,1604216
2021-11-01,373.0,380.49,369.16,380.26,2049459
2021-11-02,381.04,388.82,381.01,388.75,1186406
2021-11-03,390.0,393.87,383.06,393.67,1237327
2021-11-04,394.08,409.65,393.67,409.08,1703794
2021-11-05,410.32,418.4,405.63,416.73,1655537
2021-11-08,416.75,419.33,410.59,412.84,1247784
2021-11-09,412.93,417.6,410.42,417.11,837900
2021-11-10,410.04,418.0,403.34,404.35,1169784
2021-11-11,410.21,414.22,408.0,412.79,620204
2021-11-12,412.47,417.34,409.8,413.28,627402
2021-11-15,418.0,418.85,410.53,413.06,654176
2021-11-16,413.01,424.02,411.17,423.2,1150998
2021-11-17,421.77,424.05,417.59,419.84,1476601
2021-11-18,422.83,424.84,417.36,423.24,887720
2021-11-19,422.03,426.84,420.87,422.38,746344
2021-11-22,423.91,427.24,407.39,407.9,1604742
2021-11-23,407.14,412.36,400.8,411.98,1161599
2021-11-24,410.39,413.35,401.12,413.3,730530
2021-11-26,406.71,410.1,397.04,398.96,756305
2021-11-29,402.81,414.61,402.81,413.84,1084488
2021-11-30,412.66,418.43,405.82,408.13,1548653
2021-12-01,415.25,428.22,408.18,412.18,1637284
2021-12-02,408.72,415.87,401.21,402.53,1610003
2021-12-03,407.62,410.91,394.61,400.68,1313073
2021-12-06,402.92,403.42,390.17,399.53,1284391
2021-12-07,406.56,420.48,405.77,419.15,1348130
2021-12-08,418.58,422.31,413.3,421.28,952206
2021-12-09,418.25,420.12,408.82,409.37,1091617
2021-12-10,415.17,417.55,404.09,410.69,833788
2021-12-13,410.69,410.77,396.83,399.75,1189395
2021-12-14,395.79,402.3,394.18,399.46,993385
2021-12-15,400.44,411.54,392.77,409.91,2186854
2021-12-16,414.0,414.99,395.09,397.31,2306701
2021-12-17,396.34,397.48,387.0,391.55,3229103
2021-12-20,385.88,393.13,381.63,385.5,1850203
2021-12-21,403.15,412.2,401.06,409.4,2267046
2021-12-22,406.28,413.38,403.55,413.21,719616
2021-12-23,415.23,424.49,415.03,420.76,877966
2021-12-27,422.23,441.55,422.01,440.17,1302969
2021-12-28,441.54,442.44,430.32,432.15,751943
2021-12-29,432.78,438.91,431.53,435.08,613933
2021-12-30,435.45,436.0,426.29,427.08,614993
2021-12-31,427.9,431.93,427.26,430.11,525096
2022-01-03,431.14,435.64,425.61,435.09,1044338
2022-01-04,434.38,436.84,417.6,431.24,964994
2022-01-05,432.16,435.09,419.68,420.74,1174041
2022-01-06,420.63,435.05,417.77,432.22,1268696
2022-01-07,429.81,435.53,416.19,416.91,1155021
2022-01-10,410.21,419.52,404.7,418.73,1341141
2022-01-11,414.86,425.87,410.5,425.61,1018474
2022-01-12,429.62,436.99,429.62,433.86,1213062
2022-01-13,446.25,457.12,420.41,421.48,2290414
2022-01-14,419.17,445.52,418.79,445.0,1421994
2022-01-18,437.15,438.27,412.01,412.98,1710315
2022-01-19,417.77,421.86,392.84,393.19,1511487
2022-01-20,400.0,407.62,382.32,383.28,1578604
2022-01-21,379.02,388.5,370.64,373.03,1934860
2022-01-24,367.69,393.57,362.9,391.1,3310968
2022-01-25,378.01,382.0,369.65,370.11,1782846
2022-01-26,383.78,398.04,374.18,380.6,2381823
2022-01-27,375.8,378.84,358.96,361.8,3078105
2022-01-28,352.55,366.94,344.03,366.65,2111651
2022-01-31,366.32,389.73,366.16,389.27,2216504
2022-02-01,389.82,391.5,375.26,388.03,1357698
2022-02-02,391.21,396.75,385.27,395.46,1322253
2022-02-03,385.58,389.24,372.46,373.68,1868420
2022-02-04,373.09,380.61,368.11,377.38,1129212
2022-02-07,378.49,381.57,374.11,375.6,1084108
2022-02-08,375.17,386.34,372.92,385.22,1975224
2022-02-09,393.53,401.22,390.0,400.13,1460882
2022-02-10,390.45,405.78,387.3,389.71,1326485
2022-02-11,391.14,393.9,365.08,369.23,1657808
2022-02-14,370.17,377.94,359.32,365.16,1264196
2022-02-15,373.48,389.31,372.61,387.5,1565262
2022-02-16,381.95,387.52,377.5,385.65,1600180
2022-02-17,379.29,381.33,365.06,366.05,1821818
2022-02-18,370.0,370.0,353.25,358.3,1368928
2022-02-22,355.06,365.32,348.62,355.74,1667015
2022-02-23,359.33,364.23,342.2,343.78,1636805
2022-02-24,331.7,358.28,329.26,357.89,1676361
2022-02-25,356.7,359.87,350.85,357.65,1578349
2022-02-28,353.42,356.47,341.13,348.5,1883013
2022-03-01,346.58,349.35,333.15,336.79,1427546
2022-03-02,342.31,348.0,337.27,346.07,1289520
2022-03-03,349.03,349.58,338.32,342.53,1028596
2022-03-04,338.74,341.0,326.95,332.1,1566567
2022-03-07,334.51,337.49,313.9,314.14,1641104
2022-03-08,316.25,332.86,310.55,321.82,1805182
2022-03-09,331.11,341.99,330.97,339.56,1521253
2022-03-10,330.74,334.42,322.73,328.79,1555920
2022-03-11,336.1,338.02,322.78,323.27,958881
2022-03-14,324.23,331.14,318.01,320.0,1558723
2022-03-15,323.68,334.13,323.38,333.22,1333487
2022-03-16,337.01,351.3,333.26,350.92,1549505
2022-03-17,346.43,354.39,345.02,352.61,1014451
2022-03-18,350.56,366.42,346.86,365.05,2996354
2022-03-21,360.35,364.07,350.81,356.28,1333298
2022-03-22,356.59,364.65,356.59,361.03,842459
2022-03-23,360.24,360.24,348.27,348.73,1163432
2022-03-24,353.99,366.11,350.16,365.89,1066890
2022-03-25,363.4,368.88,359.37,366.44,942253
2022-03-28,369.18,375.65,363.1,375.35,1088743
2022-03-29,381.05,386.93,377.45,384.33,1061982
2022-03-30,383.4,383.45,371.57,373.82,1122971
2022-03-31,374.85,378.95,365.6,366.06,1319885
2022-04-01,369.2,370.05,354.79,360.27,1183043
2022-04-04,361.75,368.33,360.4,367.05,904212
2022-04-05,364.19,365.48,343.19,345.52,1690028
2022-04-06,338.93,349.45,333.49,344.25,1780858
2022-04-07,343.33,356.39,342.95,353.08,1315133
2022-04-08,349.55,350.18,340.68,341.21,1550987
2022-04-11,336.91,339.17,331.19,331.47,1484048
2022-04-12,340.0,345.14,328.2,330.25,1164345
2022-04-13,331.6,339.64,329.56,336.52,1137760
2022-04-14,336.0,337.39,320.92,321.48,1486326
2022-04-18,320.0,330.01,319.4,327.87,984571
2022-04-19,329.45,338.95,324.56,337.82,1319700
2022-04-20,345.09,351.88,345.0,345.59,1295184
2022-04-21,348.9,354.97,334.44,335.99,1340625
2022-04-22,334.69,336.51,323.56,324.28,1420240
2022-04-25,322.23,331.68,319.36,331.21,1259930
2022-04-26,325.34,326.41,314.4,314.76,1281240
2022-04-27,312.7,324.0,312.01,314.78,1042577
2022-04-28,319.36,337.16,316.75,332.76,1833534
2022-04-29,331.73,342.27,318.42,319.26,2425012
2022-05-02,321.67,327.43,312.17,326.64,1564449
2022-05-03,326.33,335.04,323.51,334.0,1326107
2022-05-04,334.75,350.47,326.43,349.38,1459006
2022-05-05,342.88,346.0,329.32,333.4,1863124
2022-05-06,331.8,338.27,321.0,331.35,967785
2022-05-09,322.32,329.54,316.33,318.87,1822878
2022-05-10,328.31,330.58,316.19,323.22,1450936
2022-05-11,318.28,326.79,311.08,311.63,1320047
2022-05-12,309.0,320.0,306.43,315.6,1498163
2022-05-13,320.34,337.71,318.02,336.42,1982297
2022-05-16,331.97,337.74,328.91,330.54,937178
2022-05-17,340.15,353.13,337.55,351.51,1657405
2022-05-18,345.09,350.98,331.45,333.85,1668629
2022-05-19,332.74,346.43,331.78,338.52,1450789
2022-05-20,342.68,346.74,318.03,335.48,1996953
2022-05-23,336.8,345.47,335.69,341.18,1085900
2022-05-24,337.02,338.96,326.58,330.09,1308250
2022-05-25,328.58,339.86,327.56,337.98,1166479
2022-05-26,333.23,354.51,333.1,353.28,1435048
2022-05-27,358.04,372.34,358.04,371.27,1456200
2022-05-31,366.3,367.68,357.77,364.85,1592659
2022-06-01,366.53,369.04,350.78,356.99,1110093
2022-06-02,355.96,371.99,354.14,371.77,1161457
2022-06-03,362.91,366.39,359.37,362.44,799931
2022-06-06,370.16,371.58,360.09,362.47,582306
2022-06-07,358.59,368.71,355.3,367.22,675946
2022-06-08,366.1,367.16,357.29,361.48,891876
2022-06-09,357.24,363.83,349.5,349.58,908842
2022-06-10,343.71,345.81,333.29,333.66,1227342
2022-06-13,322.33,325.25,312.67,313.88,1904171
2022-06-14,318.75,320.63,311.64,316.47,1170299
2022-06-15,322.39,329.48,316.21,323.79,1214694
2022-06-16,319.1,321.61,306.53,310.4,2211580
2022-06-17,311.21,316.4,304.95,311.93,3072052
2022-06-21,319.49,332.59,317.73,327.22,1370343
2022-06-22,317.95,329.33,316.12,324.44,1077196
2022-06-23,326.42,327.6,316.17,320.66,1330261
2022-06-24,327.92,339.57,324.34,339.5,1924481
2022-06-27,342.82,344.94,335.02,338.59,1369936
2022-06-28,341.49,345.24,328.4,330.09,1283087
2022-06-29,323.58,325.2,316.21,320.57,1226112
2022-06-30,315.74,325.6,313.18,319.08,1302591
2022-07-01,309.64,313.69,292.12,296.26,2323600
2022-07-05,286.28,295.73,282.83,295.56,2222636
2022-07-06,295.4,297.26,290.82,293.0,2201210
2022-07-07,301.34,315.63,299.28,314.17,1887008
2022-07-08,309.28,318.82,308.44,316.84,1007002
2022-07-11,312.91,316.5,308.0,313.17,1384541
2022-07-12,315.15,319.5,311.49,313.78,1078425
2022-07-13,307.63,316.57,306.4,313.12,1055957
2022-07-14,311.04,321.28,302.11,319.09,1628896
2022-07-15,322.27,326.27,316.65,326.23,1238495
2022-07-18,331.5,340.85,326.51,329.49,1683142
2022-07-19,334.13,346.19,333.33,345.58,2044785
2022-07-20,343.66,357.6,342.07,356.45,1689224
2022-07-21,358.18,361.37,352.5,360.54,1243992
2022-07-22,360.47,360.47,351.77,354.02,1468326
2022-07-25,348.34,351.61,342.99,350.6,986458
2022-07-26,349.86,352.38,344.17,345.91,835916
2022-07-27,350.28,364.5,349.97,361.14,1318223
2022-07-28,361.14,371.32,353.98,369.98,1315202
2022-07-29,362.04,388.2,360.18,383.54,1826992
2022-08-01,381.19,390.7,378.47,385.64,1029384
2022-08-02,383.71,390.05,379.3,382.69,1205978
2022-08-03,383.11,397.8,383.11,395.93,1354641
2022-08-04,398.0,398.96,393.59,397.4,1156357
2022-08-05,389.09,397.47,386.0,395.74,1213816
2022-08-08,390.85,396.69,381.4,387.68,1600131
2022-08-09,374.53,374.56,355.68,358.32,3194605
2022-08-10,368.0,375.5,363.69,374.51,1755517
2022-08-11,375.48,385.62,371.09,372.75,1323832
2022-08-12,374.38,383.78,372.49,381.2,1137117
2022-08-15,378.0,385.65,374.09,384.32,1303574
2022-08-16,383.95,385.99,378.4,380.73,872660
2022-08-17,376.86,379.16,369.19,375.09,1198393
2022-08-18,376.5,384.05,373.64,382.02,1119324
2022-08-19,376.4,378.81,369.22,371.81,1257344
2022-08-22,363.7,366.37,358.07,359.8,1338906
2022-08-23,361.69,369.19,361.27,362.45,860295
2022-08-24,360.26,365.57,357.68,362.67,938639
2022-08-25,364.14,377.35,362.74,376.72,1285317
2022-08-26,375.22,377.0,359.0,359.18,1604358
2022-08-29,353.49,359.73,351.27,353.38,1319884
2022-08-30,357.3,357.4,343.45,347.14,1416757
2022-08-31,349.84,349.84,339.85,344.13,1564840
2022-09-01,334.86,337.88,328.99,337.11,1870424
2022-09-02,341.77,345.32,332.98,335.25,1300820
2022-09-06,333.81,337.06,326.71,330.58,1402842
2022-09-07,332.12,340.85,328.74,337.82,1604872
2022-09-08,335.83,351.43,332.8,351.09,2258265
2022-09-09,356.86,362.73,356.86,358.67,1655431
2022-09-12,356.94,359.42,352.75,357.47,1141339
2022-09-13,342.98,348.32,339.53,340.68,2326580
2022-09-14,343.54,349.76,337.82,346.61,1803010
2022-09-15,344.64,344.64,334.38,337.36,1577641
2022-09-16,334.92,338.16,328.25,335.53,4219260
2022-09-19,333.24,338.14,330.14,334.35,1417477
2022-09-20,331.68,332.49,327.98,329.9,1162544
2022-09-21,332.42,337.54,322.85,322.86,1800932
2022-09-22,320.34,321.12,312.27,313.07,2290501
2022-09-23,310.29,311.0,302.18,307.6,1839908
2022-09-26,308.91,312.98,302.92,303.57,1476400
2022-09-27,310.91,311.58,302.5,308.38,1364511
2022-09-28,305.92,316.76,303.48,315.69,1693306
2022-09-29,310.93,312.23,306.13,310.71,1785022
2022-09-30,302.93,311.98,302.34,302.63,1641433
2022-10-03,306.19,320.95,304.78,316.53,1869321
2022-10-04,329.71,330.84,323.33,327.29,1549465
2022-10-05,320.08,333.12,316.36,329.05,1349040
2022-10-06,328.2,334.89,326.63,327.49,1317682
2022-10-07,318.3,321.75,310.95,314.16,2194515
2022-10-10,313.8,313.8,296.2,299.34,2097033
2022-10-11,290.58,298.97,276.62,280.92,3561163
2022-10-12,281.19,281.94,273.81,274.81,2427449
2022-10-13,259.31,284.17,250.2,278.54,4588861
2022-10-14,280.71,280.91,263.18,263.7,2346087
2022-10-17,270.67,272.54,261.9,263.22,2557272
2022-10-18,272.05,274.56,262.59,268.76,1763593
2022-10-19,268.12,274.12,263.83,271.96,1991228
2022-10-20,274.42,282.57,271.53,277.01,1942369
2022-10-21,277.42,291.53,275.12,290.63,2067737
2022-10-24,291.39,297.02,289.31,295.39,1369105
2022-10-25,297.68,307.74,297.3,304.87,1774994
2022-10-26,301.0,311.16,299.04,306.4,1960202
2022-10-27,315.78,315.78,304.28,308.91,2298679
2022-10-28,310.73,323.14,309.97,321.5,2880156
2022-10-31,317.86,319.58,314.0,316.45,1364348
2022-11-01,323.48,324.68,319.06,321.18,1667017
2022-11-02,322.01,327.63,309.86,312.42,1846800
2022-11-03,307.32,319.96,307.3,314.44,1711826
2022-11-04,325.33,328.37,318.76,328.03,1875842
2022-11-07,330.76,337.89,328.43,337.17,1955570
2022-11-08,343.51,345.67,335.7,342.13,1485537
2022-11-09,336.19,343.63,334.63,337.52,1470988
2022-11-10,357.56,369.17,349.63,368.25,2734336
2022-11-11,370.53,382.94,366.15,380.21,1665311
2022-11-14,375.84,385.73,375.84,377.91,1263440
2022-11-15,390.11,392.5,379.86,385.55,1742890
2022-11-16,371.79,377.61,367.57,370.42,2455817
2022-11-17,361.77,376.46,360.01,375.99,987924
2022-11-18,382.56,382.84,371.79,376.34,1121627
2022-11-21,371.62,376.35,370.78,372.11,1082697
2022-11-22,376.06,383.13,369.0,382.18,1380440
2022-11-23,380.5,388.87,380.1,385.63,1400968
2022-11-25,382.0,384.52,380.0,380.02,624364
2022-11-28,375.21,380.54,372.95,374.93,1413628
2022-11-29,374.84,377.01,370.87,374.33,813219
2022-11-30,375.87,394.82,372.36,393.15,2795171
2022-12-01,395.0,395.92,383.27,390.73,1838034
2022-12-02,380.66,391.36,379.32,389.56,921415
2022-12-05,386.46,392.23,384.58,388.57,1236388
2022-12-06,390.66,391.33,380.18,383.24,1171269
2022-12-07,379.16,389.02,378.44,388.09,828176
2022-12-08,391.07,397.52,388.2,395.92,1129951
2022-12-09,391.91,400.54,387.6,393.41,1380426
2022-12-12,385.4,401.01,383.71,400.91,1555775
2022-12-13,415.66,419.57,403.56,409.03,2221889
2022-12-14,408.37,414.04,401.73,406.21,1556979
2022-12-15,398.05,399.64,383.25,384.75,2091607
2022-12-16,382.04,387.76,380.25,385.54,2360859
2022-12-19,384.97,385.82,379.42,383.66,1122826
2022-12-20,380.79,389.74,378.46,385.91,903436
2022-12-21,388.81,398.13,387.58,396.78,1124963
2022-12-22,386.09,386.78,367.06,373.85,2075821
2022-12-23,372.24,378.0,367.72,377.39,891989
2022-12-27,376.26,376.26,368.86,371.1,988864
2022-12-28,369.31,375.48,366.32,367.76,610582
2022-12-29,373.14,381.36,372.74,379.86,787197
2022-12-30,374.55,377.51,370.31,377.03,669384
2023-01-03,384.0,384.74,372.58,376.55,764064
2023-01-04,382.85,385.17,374.09,380.23,1187726
2023-01-05,374.68,380.79,373.12,373.47,924944
2023-01-06,379.99,397.75,377.7,397.59,1423444
2023-01-09,402.63,416.91,400.12,408.33,1955400
2023-01-10,406.99,416.7,406.34,416.27,979044
2023-01-11,413.27,419.52,411.28,419.15,1230789
2023-01-12,419.15,422.7,407.48,419.07,1505336
2023-01-13,415.79,421.15,412.45,420.04,1615447
2023-01-17,417.73,420.53,413.69,415.95,1046162
2023-01-18,422.21,428.28,414.77,415.06,1184050
2023-01-19,410.92,414.81,401.84,402.1,1409869
2023-01-20,404.87,414.8,402.66,413.85,923364
2023-01-23,407.6,428.56,407.6,425.58,1459432
2023-01-24,418.84,426.28,417.45,423.14,852722
2023-01-25,412.75,423.05,408.42,422.62,1276252
2023-01-26,424.01,429.46,415.0,428.76,1646299
2023-01-27,405.0,410.51,395.29,399.37,2385450
2023-01-30,395.28,396.69,387.12,387.68,1446149
2023-01-31,387.99,393.06,387.87,392.48,1113310
2023-02-01,392.55,414.01,390.78,409.77,1727768
2023-02-02,414.0,416.94,408.61,414.26,1343068
2023-02-03,409.09,421.79,406.24,408.27,1080536
2023-02-06,404.37,413.17,402.07,405.59,855502
2023-02-07,406.93,418.52,403.13,416.83,1435345
2023-02-08,412.98,415.72,403.65,404.54,937693
2023-02-09,411.38,414.24,399.83,403.74,1231805
2023-02-10,398.96,400.67,390.89,395.68,910708
2023-02-13,396.22,404.28,393.44,402.7,1250766
2023-02-14,397.61,408.0,396.29,402.33,1353180
2023-02-15,398.78,404.87,393.21,404.46,940470
2023-02-16,397.29,400.3,390.75,392.83,1334574
2023-02-17,392.83,395.1,384.01,387.92,991208
2023-02-21,383.86,387.71,378.1,378.34,1160970
2023-02-22,380.47,381.43,373.85,377.75,884516
2023-02-23,385.68,390.54,379.14,388.37,1121132
2023-02-24,382.21,384.3,377.77,379.85,726407
2023-02-27,386.7,386.7,378.58,379.09,756337
2023-02-28,378.21,384.41,375.85,379.38,1189991
2023-03-01,373.82,383.4,373.1,378.34,731702
2023-03-02,372.89,381.27,367.28,378.31,864643
2023-03-03,379.43,383.3,374.04,381.53,782950
2023-03-06,384.74,386.01,377.64,379.67,773304
2023-03-07,379.74,380.7,372.36,375.4,693392
2023-03-08,378.67,389.18,376.33,387.41,962430
2023-03-09,386.97,394.91,377.58,378.47,959826
2023-03-10,384.09,384.98,363.63,367.51,1142566
2023-03-13,362.91,370.51,359.84,364.82,1246552
2023-03-14,372.61,380.17,369.68,379.02,1362853
2023-03-15,373.25,373.69,361.45,370.31,1013384
2023-03-16,367.72,390.48,365.0,389.9,1356160
2023-03-17,389.9,391.72,382.77,387.75,3033728
2023-03-20,389.55,391.45,384.23,389.94,875959
2023-03-21,392.75,396.6,380.36,385.06,764269
2023-03-22,382.43,397.4,381.3,381.86,886377
2023-03-23,388.06,396.99,381.87,388.81,1219616
2023-03-24,384.9,385.63,370.5,375.07,1375756
2023-03-27,377.5,379.82,372.32,374.02,768818
2023-03-28,373.6,373.82,365.43,371.01,926472
2023-03-29,378.5,388.48,376.09,385.15,1284036
2023-03-30,390.34,399.85,389.55,396.03,983737
2023-03-31,393.73,399.88,392.89,399.17,1055518
2023-04-03,397.22,400.39,392.61,398.99,787868
2023-04-04,401.06,401.45,390.26,392.85,851565
2023-04-05,388.3,388.91,376.8,381.61,985627
2023-04-06,374.32,378.94,367.74,374.66,746807
2023-04-10,369.87,383.49,368.47,382.67,1008937
2023-04-11,384.24,385.44,377.03,377.91,991570
2023-04-12,380.75,381.97,369.36,370.14,811760
2023-04-13,370.0,376.75,367.03,374.39,816930
2023-04-14,373.4,380.16,371.02,375.04,786788
2023-04-17,364.34,372.16,361.91,372.11,1027048
2023-04-18,375.21,376.77,367.69,371.21,881098
2023-04-19,366.97,367.28,360.47,361.26,1218554
2023-04-20,362.03,379.74,361.78,375.71,1665155
2023-04-21,374.76,374.8,369.27,371.97,918245
2023-04-24,372.86,375.11,370.74,372.32,602817
2023-04-25,370.19,370.87,357.23,357.75,1292789
2023-04-26,358.0,360.46,355.88,357.36,1274552
2023-04-27,383.75,385.81,369.0,384.64,2129694
2023-04-28,385.92,389.51,380.14,386.54,1326742
2023-05-01,385.8,389.72,382.81,384.43,691368
2023-05-02,385.65,386.1,376.58,378.45,839871
2023-05-03,378.7,386.3,377.21,378.17,719489
2023-05-04,378.17,378.71,369.66,373.23,724468
2023-05-05,381.6,388.18,379.58,385.66,893068
2023-05-08,386.29,387.21,381.15,383.52,687703
2023-05-09,379.34,381.21,374.49,375.75,799110
2023-05-10,381.0,388.36,380.5,386.38,881274
2023-05-11,385.87,389.66,381.82,386.54,744284
2023-05-12,388.01,390.71,382.88,386.97,686736
2023-05-15,388.96,404.72,385.8,404.1,1204936
2023-05-16,403.56,413.26,403.56,408.81,1278229
2023-05-17,411.34,420.54,408.78,416.83,1170643
2023-05-18,416.51,429.4,416.51,428.57,1187928
2023-05-19,429.0,429.45,422.1,423.64,1064619
2023-05-22,419.81,426.15,418.86,420.81,685816
2023-05-23,417.57,420.8,414.32,414.69,753096
2023-05-24,406.85,410.47,404.8,408.9,888415
2023-05-25,418.2,436.3,418.12,434.25,1626274
2023-05-26,435.0,465.0,434.47,461.19,2163622
2023-05-30,467.81,473.97,453.66,458.73,1233079
2023-05-31,448.85,455.52,442.22,442.99,1743854
2023-06-01,445.4,455.73,437.2,452.53,1266551
2023-06-02,454.51,458.67,445.16,458.06,1206791
2023-06-05,456.38,461.41,451.42,458.05,1009586
2023-06-06,451.03,464.67,447.0,461.0,1131440
2023-06-07,463.99,472.92,460.62,463.76,1086520
2023-06-08,464.67,475.36,464.02,473.86,950921
2023-06-09,475.74,477.91,464.91,465.65,1065541
2023-06-12,468.98,476.29,466.09,475.43,1193874
2023-06-13,480.0,482.2,472.45,479.89,752993
2023-06-14,471.8,481.15,471.15,480.54,913741
2023-06-15,475.28,477.08,470.57,472.58,1038163
2023-06-16,473.28,475.01,463.1,464.89,2012063
2023-06-20,466.31,470.2,460.35,464.45,822024
2023-06-21,460.93,464.49,455.43,456.43,876548
2023-06-22,453.05,467.89,452.96,467.38,749783
2023-06-23,457.5,459.95,454.59,456.95,829350
2023-06-26,458.1,468.35,458.1,458.55,615277
2023-06-27,460.22,478.63,460.22,476.93,863807
2023-06-28,470.41,477.56,469.52,474.43,730636
2023-06-29,479.18,479.4,472.58,477.23,588840
2023-07-03,485.04,488.41,477.34,484.82,424919
2023-07-05,475.3,479.6,467.01,467.91,1119116
2023-07-06,463.0,465.05,453.6,461.54,1246382
2023-07-07,455.91,465.96,454.1,455.83,926668
2023-07-10,456.38,469.74,456.38,467.66,935684
2023-07-11,467.81,467.81,451.54,459.48,687124
2023-07-12,466.42,467.45,459.82,466.07,874573
2023-07-13,471.23,477.58,468.98,475.82,803107
2023-07-14,478.16,481.81,471.76,474.79,828517
2023-07-17,476.41,493.53,476.18,490.38,816199
2023-07-18,484.48,486.23,477.6,484.06,858963
2023-07-19,483.0,484.73,468.76,470.59,1137254
2023-07-20,458.69,459.82,448.99,450.1,1813866
2023-07-21,456.92,462.11,453.51,458.56,2613201
2023-07-24,457.49,462.61,456.13,460.98,740805
2023-07-25,463.19,470.32,463.05,466.11,788413
2023-07-26,459.4,463.1,453.0,457.85,847103
2023-07-27,475.0,495.29,475.0,482.35,1951211
2023-07-28,500.0,513.5,488.14,511.01,2020177
2023-07-31,512.01,516.77,506.22,513.95,1093109
2023-08-01,513.97,517.3,510.36,514.28,859853
2023-08-02,504.6,506.66,494.75,499.57,1363927
2023-08-03,497.27,504.09,491.1,502.33,870480
2023-08-04,501.02,503.53,492.5,496.47,727222
2023-08-07,500.0,507.45,498.99,506.44,756813
2023-08-08,500.33,501.02,491.59,498.64,1113147
2023-08-09,500.7,501.87,494.13,494.46,825770
2023-08-10,500.03,508.33,493.09,496.29,942034
2023-08-11,490.01,490.12,478.06,478.98,868689
2023-08-14,474.55,491.96,473.94,490.89,1207750
2023-08-15,486.75,487.99,481.97,483.53,654887
2023-08-16,484.38,488.02,473.52,474.0,803212
2023-08-17,476.03,480.2,472.26,472.95,843309
2023-08-18,469.41,481.15,468.13,477.96,766340
2023-08-21,478.73,492.47,478.73,490.71,843208
2023-08-22,495.3,496.2,483.9,486.72,592378
2023-08-23,489.02,497.4,485.59,494.32,820278
2023-08-24,500.75,503.3,475.36,476.4,1245769
2023-08-25,476.5,483.83,470.1,481.73,1104644
2023-08-28,484.37,489.32,481.65,486.49,598401
2023-08-29,483.33,501.0,482.17,497.88,831806
2023-08-30,498.38,500.96,491.01,498.3,658199
2023-08-31,495.15,505.61,493.9,501.87,914994
2023-09-01,503.58,508.73,498.43,507.02,657206
2023-09-05,507.01,516.98,503.44,512.55,780926
2023-09-06,509.35,520.19,506.71,513.47,714571
2023-09-07,503.28,503.28,488.17,497.18,1269890
2023-09-08,495.01,498.55,494.01,497.73,868974
2023-09-11,504.39,506.47,485.54,494.16,901143
2023-09-12,488.07,495.6,484.83,485.8,805545
2023-09-13,483.98,491.26,482.38,483.6,837385
2023-09-14,488.59,490.0,479.24,479.9,899377
2023-09-15,472.24,472.67,451.33,454.22,2831537
2023-09-18,455.43,460.96,452.0,456.51,1178438
2023-09-19,456.58,458.72,451.65,457.31,663534
2023-09-20,460.0,462.0,451.91,452.18,711780
2023-09-21,446.0,450.44,444.55,446.92,1055094
2023-09-22,451.51,458.76,450.73,451.82,800840
2023-09-25,448.99,456.32,447.01,455.39,630528
2023-09-26,450.45,451.64,442.69,445.16,1008173
2023-09-27,450.1,451.62,440.15,445.56,1059644
2023-09-28,444.69,463.01,443.71,458.09,851852
2023-09-29,466.65,469.23,457.8,458.66,815486
2023-10-02,459.1,466.09,454.93,460.63,716500
2023-10-03,455.66,463.52,448.31,451.84,758840
2023-10-04,455.26,462.03,452.33,461.05,748372
2023-10-05,461.31,464.57,456.17,461.08,881937
2023-10-06,455.95,471.14,449.35,468.05,995907
2023-10-09,462.54,467.65,459.0,466.77,634657
2023-10-10,469.08,477.6,467.12,474.14,839421
2023-10-11,476.75,483.19,475.87,482.63,912966
2023-10-12,485.0,506.92,485.0,501.11,1428841
2023-10-13,501.11,504.65,484.53,486.81,1157282
2023-10-16,486.81,494.97,485.2,491.21,806032
2023-10-17,483.94,487.57,473.12,486.35,777527
2023-10-18,478.47,483.0,470.58,479.4,800443
2023-10-19,485.94,485.94,462.08,465.05,1245431
2023-10-20,465.05,470.84,461.48,462.44,914599
2023-10-23,459.0,469.08,455.08,462.56,620147
2023-10-24,467.99,472.34,463.59,470.26,855652
2023-10-25,464.01,467.21,452.45,454.84,1515063
2023-10-26,458.64,478.44,452.01,458.24,1589077
2023-10-27,458.65,464.23,455.0,457.93,746259
2023-10-30,458.27,463.23,452.03,459.54,687971
2023-10-31,459.7,474.43,453.5,469.7,1315347
2023-11-01,472.29,477.22,465.77,476.53,1239090
2023-11-02,488.63,493.41,484.33,489.34,1254836
2023-11-03,494.19,503.48,493.6,499.62,760876
2023-11-06,500.8,503.67,495.1,498.86,705985
2023-11-07,499.31,507.39,498.57,503.12,611433
2023-11-08,505.42,511.68,504.66,511.16,881419
2023-11-09,511.34,521.0,505.5,506.39,1019797
2023-11-10,516.05,536.14,512.02,534.25,1295179
2023-11-13,530.0,531.99,524.03,528.25,1045184
2023-11-14,540.79,546.25,534.27,545.44,1130484
2023-11-15,548.89,550.67,541.58,545.4,881447
2023-11-16,544.8,550.29,543.8,545.39,1193766
2023-11-17,531.77,546.21,529.76,544.54,1315624
2023-11-20,542.2,559.42,542.2,557.75,817565
2023-11-21,555.37,555.94,547.54,550.69,910417
2023-11-22,556.32,562.84,549.98,554.17,594433
2023-11-24,552.47,557.22,551.47,555.64,306466
2023-11-27,555.33,562.0,553.3,556.95,588541
2023-11-28,549.16,554.6,543.85,547.14,965676
2023-11-29,556.37,557.5,542.61,544.07,1277471
2023-11-30,544.12,547.66,536.77,544.62,2208540
2023-12-01,543.24,550.23,540.56,549.0,619873
2023-12-04,543.2,545.5,528.05,539.59,889358
2023-12-05,532.29,537.37,527.11,537.23,578933
2023-12-06,544.54,545.59,527.44,528.61,766704
2023-12-07,535.09,543.31,530.07,541.23,679523
2023-12-08,535.53,539.18,532.0,534.43,1038337
2023-12-11,545.56,563.61,542.7,559.21,1134741
2023-12-12,558.2,564.46,558.16,561.05,871802
2023-12-13,562.1,573.56,558.85,570.7,783833
2023-12-14,575.05,586.35,575.05,582.42,1499198
2023-12-15,585.0,590.15,581.91,585.13,1387699
2023-12-18,591.51,593.0,575.56,576.73,928568
2023-12-19,579.86,583.01,577.0,578.11,877969
2023-12-20,572.05,578.5,562.69,563.3,1036182
2023-12-21,575.5,582.15,572.52,580.45,640400
2023-12-22,579.7,585.0,578.46,582.65,409792
2023-12-26,586.9,593.91,586.17,591.37,654693
2023-12-27,594.17,594.89,588.44,591.47,586935
2023-12-28,597.1,597.43,585.98,586.27,514106
2023-12-29,584.78,586.7,577.02,581.3,512906
2024-01-02,573.21,573.21,553.65,560.39,967475
2024-01-03,552.0,558.25,550.0,552.59,819122
2024-01-04,546.39,554.9,544.81,546.44,859928
2024-01-05,548.11,551.35,542.41,544.31,767001
2024-01-08,549.06,565.89,548.85,562.36,1268137
2024-01-09,555.0,561.67,551.1,556.34,810294
2024-01-10,558.95,558.95,549.87,556.09,793550
2024-01-11,557.0,565.41,549.63,562.14,650660
2024-01-12,563.98,564.43,557.19,560.61,617431
2024-01-16,559.12,569.59,557.75,566.81,962193
2024-01-17,564.0,564.0,552.85,562.5,741065
2024-01-18,579.3,591.99,577.0,590.0,1445282
2024-01-19,595.42,616.98,593.03,612.99,1335133
2024-01-22,618.53,628.29,617.6,623.1,967550
2024-01-23,618.79,622.97,610.37,619.33,895696
2024-01-24,635.76,646.13,627.3,638.45,1083649
2024-01-25,651.5,658.78,639.15,641.69,1716810
2024-01-26,624.0,625.92,596.21,599.37,2195375
2024-01-29,596.49,602.2,594.56,600.08,1060555
2024-01-30,595.02,602.01,594.51,595.35,1036487
2024-01-31,587.74,601.99,581.7,594.04,1081358
2024-02-01,598.78,602.04,594.64,599.1,890076
2024-02-02,595.25,607.63,593.01,604.32,854364
2024-02-05,607.33,615.09,600.54,614.88,902975
2024-02-06,616.37,616.37,595.86,601.62,1027768
2024-02-07,609.4,612.5,598.68,608.9,857850
2024-02-08,608.9,624.8,608.17,618.49,733203
2024-02-09,629.15,651.26,628.55,649.8,1246384
2024-02-12,646.1,657.56,645.22,648.05,1233324
2024-02-13,628.17,649.47,625.5,641.07,1499634
2024-02-14,650.0,661.87,647.78,653.84,1175003
2024-02-15,655.0,661.82,650.5,652.38,1025640
2024-02-16,666.99,677.47,657.56,661.35,1060403
2024-02-20,654.51,660.99,644.7,651.77,1262762
2024-02-21,645.17,652.07,639.17,651.92,746149
2024-02-22,675.66,687.69,672.85,683.77,1077775
2024-02-23,683.0,687.57,668.03,668.82,597982
2024-02-26,675.62,686.77,673.99,683.82,649815
2024-02-27,679.99,684.7,676.67,677.58,717488
2024-02-28,667.7,675.63,667.7,673.0,622749
2024-02-29,682.44,684.1,674.84,682.3,998855
2024-03-01,688.28,719.22,688.25,717.57,1124895
2024-03-04,724.75,728.0,716.43,717.81,751361
2024-03-05,712.33,716.22,697.81,705.87,1107519
2024-03-06,711.77,721.47,706.04,715.46,1063689
2024-03-07,719.28,729.15,719.28,723.26,1059117
2024-03-08,722.81,724.47,699.21,699.21,1121948
2024-03-11,690.05,691.43,675.11,685.38,1037728
2024-03-12,691.72,698.85,683.35,698.4,875570
2024-03-13,690.6,695.66,682.17,688.71,1155487
2024-03-14,698.46,701.0,687.77,692.33,934329
2024-03-15,686.83,691.89,679.71,683.9,1669472
2024-03-18,696.33,705.17,689.27,690.7,798087
2024-03-19,677.8,686.0,668.7,681.06,888650
2024-03-20,680.16,698.21,673.57,695.95,904367
2024-03-21,716.89,727.64,711.53,713.13,758168
2024-03-22,706.43,718.29,705.21,710.56,412731
2024-03-26,705.04,707.4,687.57,688.42,865191
2024-03-27,692.4,697.28,682.27,696.87,292399
2024-03-28,696.87,699.82,690.01,698.57,1080962
2024-04-01,700.0,718.18,699.75,710.88,772430
2024-04-02,694.23,697.26,686.1,693.93,950885
2024-04-03,690.18,707.13,686.99,697.53,782472
2024-04-04,706.28,707.85,668.43,672.75,1103106
2024-04-05,674.07,688.83,674.07,682.84,790881
2024-04-08,688.35,692.42,678.49,690.82,518283
2024-04-09,700.0,700.0,682.71,696.83,708888
2024-04-10,685.9,695.0,684.21,687.12,610057
2024-04-11,694.83,701.63,687.85,700.61,831488
2024-04-12,684.44,689.27,677.42,680.78,810828
2024-04-15,689.88,698.7,672.53,678.49,763735
2024-04-16,678.49,696.92,678.49,693.31,866887
2024-04-17,681.77,684.85,657.83,658.98,1182366
2024-04-18,655.79,658.41,642.0,644.22,892102
2024-04-19,646.2,647.71,623.17,628.16,1021877
2024-04-22,635.35,638.73,625.33,633.64,904660
2024-04-23,636.04,654.0,635.83,648.21,703518
2024-04-24,659.78,668.18,647.6,656.54,848949
2024-04-25,656.98,677.72,650.01,672.95,1020877
2024-04-26,683.0,710.26,678.81,706.26,1143285
2024-04-29,706.41,715.98,700.39,713.93,888478
2024-04-30,711.64,717.73,688.29,689.29,850661
2024-05-01,680.47,691.73,662.5,666.04,1209784
2024-05-02,675.64,683.0,664.19,682.05,616421
2024-05-03,695.0,704.06,691.1,696.59,739172
2024-05-06,699.16,718.7,698.1,718.38,743098
2024-05-07,716.63,723.38,711.57,714.38,634705
2024-05-08,709.92,717.6,706.03,717.15,623677
2024-05-09,718.77,720.0,709.03,710.67,839630
2024-05-10,720.0,728.0,713.06,718.27,445916
2024-05-13,720.0,720.0,711.56,714.15,548230
2024-05-14,707.25,731.73,705.18,729.92,880015
2024-05-15,737.94,760.32,734.88,759.72,841238
2024-05-16,760.0,763.93,749.13,749.48,690491
2024-05-17,756.47,758.57,739.65,747.68,582676
2024-05-20,751.88,778.44,751.02,772.8,756704
2024-05-21,760.0,769.96,758.65,765.14,694096
2024-05-22,770.38,772.97,762.69,771.71,634766
2024-05-23,788.58,790.52,761.56,765.1,813949
2024-05-24,774.17,783.11,769.05,779.06,538772
2024-05-28,785.52,791.96,775.94,786.14,593122
2024-05-29,768.23,780.07,765.1,772.36,832256
2024-05-30,768.94,776.57,766.11,770.13,697183
2024-05-31,770.72,776.29,736.9,759.53,1608397
2024-06-03,771.48,771.64,735.56,754.15,496156
2024-06-04,750.48,756.3,740.22,750.56,459037
2024-06-05,770.39,787.54,762.1,784.97,935264
2024-06-06,780.33,787.32,772.21,779.26,707051
2024-06-07,787.5,787.91,763.97,768.97,676424
2024-06-10,761.1,795.98,761.1,794.38,637923
2024-06-11,793.32,798.66,781.92,798.16,577548
2024-06-12,806.88,831.54,804.44,827.81,799912
2024-06-13,816.02,832.99,815.07,830.03,536962
2024-06-14,815.0,826.54,815.0,824.84,465821
2024-06-17,826.41,851.68,820.95,848.88,725006
2024-06-18,849.0,876.55,846.99,863.31,862155
2024-06-20,863.37,864.19,826.55,829.59,1268084
2024-06-21,830.03,835.34,813.25,816.55,1922765
2024-06-24,813.77,815.51,792.37,793.98,869606
2024-06-25,800.87,820.24,791.42,818.04,950840
2024-06-26,814.38,826.9,799.25,813.3,689145
2024-06-27,819.47,826.45,806.79,814.87,497879
2024-06-28,826.44,841.41,818.4,824.51,820793
2024-07-01,823.19,828.94,807.83,827.79,462979
2024-07-02,819.4,839.97,818.0,839.11,528958
2024-07-03,839.94,859.66,835.92,853.33,433614
2024-07-05,855.34,859.07,847.07,855.21,453224
2024-07-08,857.12,869.06,854.55,866.55,425598
2024-07-09,872.6,879.89,863.19,874.9,401733
2024-07-10,877.85,894.77,870.5,892.35,656449
2024-07-11,896.32,896.32,852.16,852.95,830173
2024-07-12,853.85,879.54,845.0,857.72,641846
2024-07-15,858.52,876.85,853.58,858.12,617992
2024-07-16,861.31,868.8,851.04,867.18,616244
2024-07-17,817.25,829.08,779.49,781.75,1685197
2024-07-18,793.78,797.09,768.45,787.06,970856
2024-07-19,785.41,795.54,761.38,762.55,896766
2024-07-22,788.47,811.73,775.14,809.51,953607
2024-07-23,794.02,813.5,794.02,807.66,933758
2024-07-24,797.3,798.74,751.9,755.77,2067490
2024-07-25,767.54,791.79,749.38,762.81,1791094
2024-07-26,789.35,799.0,769.07,787.39,1035354
2024-07-29,793.26,810.48,777.42,778.54,621200
2024-07-30,787.99,799.45,754.35,758.89,1042432
2024-07-31,805.5,826.71,790.31,823.07,1767286
2024-08-01,821.24,822.54,747.05,756.14,2120278
2024-08-02,711.32,725.07,687.62,696.17,2049138
2024-08-05,649.84,720.17,648.0,703.48,1704608
2024-08-06,708.28,738.21,703.53,716.22,1184436
2024-08-07,740.63,748.54,694.77,697.72,877444
2024-08-08,719.58,754.0,707.0,752.29,1002414
2024-08-09,747.09,755.06,731.74,746.78,751793
2024-08-12,748.78,768.8,744.71,757.54,784626
2024-08-13,767.99,796.92,762.0,793.83,1150712
2024-08-14,804.92,813.63,781.66,793.89,624193
2024-08-15,811.5,839.85,804.04,836.19,1044490
2024-08-16,828.52,828.84,808.97,819.57,657818
2024-08-19,818.51,821.62,798.75,820.45,966467
2024-08-20,819.21,823.86,803.0,811.57,676185
2024-08-21,818.68,833.28,812.21,827.14,539698
2024-08-22,828.39,832.0,793.85,798.52,845846
2024-08-23,816.7,824.34,800.0,817.84,677634
2024-08-26,813.4,813.4,793.14,798.97,672644
2024-08-27,796.55,814.16,782.94,812.79,674326
2024-08-28,809.22,819.95,795.0,804.27,633635
2024-08-29,814.18,825.58,791.98,795.75,797210
2024-08-30,813.56,819.95,797.55,819.43,991200
2024-09-03,805.59,807.08,737.17,741.43,1606161
2024-09-04,735.0,749.89,724.64,745.11,922251
2024-09-05,725.78,743.22,722.76,728.06,805556
2024-09-06,728.06,728.2,696.79,702.8,1340283
2024-09-09,715.03,717.51,696.57,709.89,829516
2024-09-10,709.89,717.0,696.42,713.46,733422
2024-09-11,715.28,751.61,703.9,748.82,1064136
2024-09-12,746.87,746.87,730.0,733.28,974410
2024-09-13,741.37,754.59,740.91,751.5,566449
2024-09-16,735.0,742.99,726.15,736.4,661968
2024-09-17,749.34,750.92,733.45,739.6,794554
2024-09-18,749.55,752.15,729.79,731.04,786872
2024-09-19,759.32,782.21,755.19,772.43,1148844
2024-09-20,762.65,765.36,749.26,758.85,1474568
2024-09-23,766.28,770.39,758.55,761.27,431693
2024-09-24,772.0,775.69,752.2,770.34,799050
2024-09-25,762.9,782.0,759.69,772.06,560424
2024-09-26,813.44,822.0,780.0,804.55,891600
2024-09-27,807.96,808.46,777.9,782.4,609090
2024-09-30,773.08,781.26,761.29,774.41,711210
2024-10-01,778.47,786.91,746.16,753.69,1146173
2024-10-02,760.66,787.44,755.0,777.36,694634
2024-10-03,764.86,783.99,764.0,774.56,573244
2024-10-04,800.46,800.46,777.21,787.39,750256
2024-10-07,777.73,787.9,771.84,781.67,656271
2024-10-08,781.9,793.67,774.24,783.9,625868
2024-10-09,782.03,806.78,780.35,804.63,606361
2024-10-10,791.35,799.82,787.0,797.98,435947
2024-10-11,792.78,806.42,792.67,803.73,560246
2024-10-14,809.37,833.0,809.37,829.65,558947
2024-10-15,825.52,832.38,698.96,707.72,2870822
2024-10-16,720.57,720.76,682.01,682.59,2268142
2024-10-17,700.98,701.22,669.68,670.25,1847067
2024-10-18,667.93,681.9,664.32,678.52,1080401
2024-10-21,677.5,679.75,667.4,673.61,686900
2024-10-22,670.0,673.15,663.66,670.08,741786
2024-10-23,664.64,672.31,654.65,664.63,834438
2024-10-24,678.75,684.39,665.44,666.16,831669
2024-10-25,669.67,682.84,668.0,673.07,916877
2024-10-28,673.15,679.14,670.21,674.35,918710
2024-10-29,675.0,700.4,673.77,696.23,1277878
2024-10-30,682.0,695.19,680.01,691.8,1357323
2024-10-31,677.65,681.05,656.0,666.23,1915163
2024-11-01,666.5,678.65,663.44,669.38,865697
2024-11-04,667.25,670.56,662.36,663.37,603684
2024-11-05,669.08,681.55,667.25,670.33,1000818
2024-11-06,675.0,678.64,657.48,669.66,1525212
2024-11-07,682.85,687.82,675.1,686.15,1064930
2024-11-08,689.61,694.36,681.38,687.41,1210607
2024-11-11,684.0,685.21,656.74,666.03,1188564
2024-11-12,663.01,669.26,654.86,664.78,1093499
2024-11-13,654.06,655.99,638.32,644.55,1488559
2024-11-14,660.0,660.0,642.74,645.0,1152325
2024-11-15,620.53,630.0,612.35,614.46,1643067
2024-11-18,614.23,623.77,611.77,620.26,988906
2024-11-19,616.48,618.41,609.4,615.66,1326516
2024-11-20,616.49,619.95,609.89,616.83,1154844
2024-11-21,627.8,637.96,620.0,633.16,1178309
2024-11-22,630.0,643.03,630.0,639.55,807164
2024-11-25,646.69,646.69,632.11,644.67,1744214
2024-11-26,651.18,651.18,623.86,631.47,914500
2024-11-27,631.47,633.99,621.23,632.14,894647
2024-11-29,644.81,661.5,643.27,647.03,889352
2024-12-02,645.01,669.07,645.0,666.03,1176749
2024-12-03,661.13,667.18,656.82,665.72,1338745
2024-12-04,670.18,670.5,655.67,666.22,1394915
2024-12-05,660.38,662.92,641.39,642.61,990362
2024-12-06,641.15,650.71,638.18,648.34,778621
2024-12-09,659.01,666.34,645.82,652.37,1003894
2024-12-10,657.83,657.83,638.47,641.87,846924
2024-12-11,646.97,657.12,642.08,648.84,1008092
2024-12-12,646.87,649.89,637.91,646.6,682298
2024-12-13,648.0,663.87,647.58,653.76,1388914
2024-12-16,649.68,664.53,645.42,656.13,992945
2024-12-17,659.97,668.9,652.09,654.88,1155273
2024-12-18,658.66,669.1,625.61,630.77,1392807
2024-12-19,624.16,635.28,620.58,622.18,1073707
2024-12-20,616.43,641.06,613.4,629.37,2350408
2024-12-23,631.58,649.51,631.58,647.99,727211
2024-12-24,645.05,652.0,641.26,650.53,348176
2024-12-26,644.22,653.89,642.05,648.55,445129
2024-12-27,647.17,647.72,638.01,644.81,712653
2024-12-30,633.81,637.24,626.6,633.64,673113
2024-12-31,633.5,638.0,627.17,630.12,592109
2025-01-02,634.69,649.43,631.89,636.62,821178
2025-01-03,643.9,658.71,640.32,657.01,828419
2025-01-06,673.6,696.87,673.51,690.3,1590046
2025-01-07,694.78,705.87,683.26,689.3,1215374
2025-01-08,690.0,692.0,678.97,686.2,927772
2025-01-10,683.9,694.57,671.65,683.06,1226507
2025-01-13,674.19,691.97,665.49,690.99,1265500
2025-01-14,692.99,701.39,686.56,701.26,976932
2025-01-15,715.0,727.37,713.54,716.25,1348239
2025-01-16,735.0,779.07,733.58,747.26,1950125
2025-01-17,762.95,763.3,747.61,757.47,1359158
2025-01-21,762.3,778.43,751.23,767.24,1192473
2025-01-22,773.36,787.13,771.58,771.91,971443
2025-01-23,753.27,761.87,741.29,760.95,785976
2025-01-24,765.05,765.79,743.15,749.82,732043
2025-01-27,716.6,724.95,685.2,702.71,2332433
2025-01-28,697.33,708.89,689.22,702.92,1379868
2025-01-29,721.08,721.88,707.78,712.97,716644
2025-01-30,731.28,746.11,722.0,742.43,1667462
2025-01-31,758.93,770.25,735.0,738.24,1615146
2025-02-03,727.39,753.0,726.37,740.21,1198766
2025-02-04,732.83,756.0,732.83,749.32,991080
2025-02-05,742.63,761.92,740.94,759.15,664386
2025-02-06,757.68,764.24,753.22,761.82,568405
2025-02-07,761.8,767.27,744.22,747.7,657503
2025-02-10,759.68,761.25,743.68,751.46,936874
2025-02-11,754.55,761.96,749.16,758.62,554537
2025-02-12,742.53,754.67,738.54,750.55,471675
2025-02-13,751.03,765.0,750.08,764.28,691694
2025-02-14,760.17,769.52,739.02,750.74,926328
2025-02-18,758.04,760.21,737.94,758.25,932444
2025-02-19,761.13,777.0,753.09,774.75,909944
2025-02-20,780.0,794.0,771.01,777.63,839507
2025-02-21,779.74,782.41,751.06,754.3,851635
2025-02-24,761.99,763.03,736.0,737.57,1039113
2025-02-25,736.29,736.29,721.47,724.97,939664
2025-02-26,733.33,751.11,729.98,738.52,1064189
2025-02-27,743.05,750.0,698.64,699.16,1223550
2025-02-28,705.84,713.5,691.93,708.84,1203842
2025-03-03,714.53,728.11,686.36,691.15,1249666
2025-03-04,693.47,716.01,678.56,699.0,1128285
2025-03-05,701.11,717.24,689.63,715.81,792028
2025-03-06,697.27,711.66,683.98,692.13,1080204
2025-03-07,688.2,714.12,680.22,711.29,1072245
2025-03-10,693.82,697.22,670.58,678.36,1285159
2025-03-11,677.39,680.32,653.74,664.22,1007508
2025-03-12,676.04,686.75,671.82,680.39,856793
2025-03-13,676.62,694.0,668.66,681.5,896408
2025-03-14,689.97,713.74,689.97,713.0,1057279
2025-03-17,705.74,724.2,705.53,718.29,766085
2025-03-18,711.9,712.8,698.06,710.0,767638
2025-03-19,710.0,730.07,704.95,719.61,676710
2025-03-20,708.82,719.66,707.68,716.46,623106
2025-03-21,702.31,709.38,692.36,706.49,2137619
2025-03-24,722.71,735.14,716.4,727.73,691961
2025-03-25,724.62,727.17,718.73,721.85,484760
2025-03-26,721.49,724.17,698.81,705.54,716967
2025-03-27,700.35,707.13,692.0,700.0,735127
2025-03-28,685.37,694.17,667.18,673.6,989522
2025-03-31,672.99,681.14,655.42,679.8,1165423
2025-04-01,674.0,682.8,662.18,682.46,669678
2025-04-02,667.29,695.62,667.29,686.19,791088
2025-04-03,652.21,656.92,620.27,620.82,1525284
2025-04-04,592.54,600.0,559.76,576.53,2072781
2025-04-07,566.65,632.77,551.33,604.62,2996457
2025-04-08,626.0,644.26,586.81,599.51,2719787
2025-04-09,604.87,721.84,597.35,703.31,3447917
2025-04-10,664.9,680.69,628.49,656.76,2676106
2025-04-11,646.82,676.73,635.08,670.22,1361795
2025-04-14,681.5,684.3,659.45,669.97,987398
2025-04-15,669.42,682.11,665.0,676.21,790353
2025-04-16,638.25,659.05,619.31,642.19,2020845
2025-04-17,649.03,649.19,631.62,634.43,1224272
2025-04-21,623.43,627.21,607.7,620.8,1346051
2025-04-22,626.69,639.85,625.85,636.36,1372380
2025-04-23,664.24,672.7,652.88,657.11,945287
2025-04-24,674.11,690.57,664.2,689.42,1304003
2025-04-25,680.0,700.31,678.92,694.61,631825
2025-04-28,687.7,699.14,679.05,693.72,736049
2025-04-29,683.63,695.35,681.74,687.95,726535
2025-04-30,677.0,704.99,674.2,702.69,1172296
2025-05-01,689.2,693.04,674.76,676.31,1463539
2025-05-02,694.25,707.84,692.91,698.16,851859
2025-05-05,691.02,701.61,687.12,693.29,812006
2025-05-06,680.86,690.0,677.61,679.42,905422
2025-05-07,680.49,696.46,675.27,694.35,962896
2025-05-08,703.32,710.5,692.8,703.33,906968
2025-05-09,706.14,711.3,696.73,701.2,955138
2025-05-12,745.0,762.8,741.61,760.47,2110538
2025-05-13,760.0,798.02,755.65,795.9,1805186
2025-05-14,786.75,805.39,786.75,805.0,1171626
2025-05-15,797.27,810.61,795.57,806.0,1129781
2025-05-16,807.13,807.13,784.08,791.17,1132031
2025-05-19,780.69,789.57,775.02,787.01,1142004
2025-05-20,779.63,790.86,777.18,790.29,949268
2025-05-21,778.32,799.72,775.18,778.94,1236816
2025-05-22,766.46,781.76,762.0,767.51,682541
2025-05-23,747.75,761.1,744.87,757.17,941948
2025-05-27,774.71,792.18,768.6,789.06,1292643
2025-05-28,789.06,796.3,776.19,777.5,905670
2025-05-29,792.98,794.8,768.68,773.97,932526
2025-05-30,772.78,773.55,740.44,756.88,1717705
2025-06-02,752.4,764.65,751.96,762.44,864627
2025-06-03,762.05,779.59,756.34,775.79,943393
2025-06-04,781.62,786.93,773.6,782.09,839689
2025-06-05,788.41,796.51,777.42,791.89,1619412
2025-06-06,801.24,813.97,799.77,808.0,996383
2025-06-09,811.0,835.0,811.0,829.29,1529929
2025-06-10,829.29,857.16,826.76,856.59,1515658
2025-06-11,865.08,873.53,858.8,872.0,1650372
2025-06-12,866.5,879.16,866.5,875.0,1091652
2025-06-13,859.0,876.45,856.94,867.67,1832402
2025-06-16,876.0,893.31,875.62,892.38,1619420
2025-06-17,890.0,914.83,887.72,893.0,1334177
2025-06-18,894.89,898.15,867.31,871.16,1431634
2025-06-20,883.83,883.83,834.85,850.0,2347835
2025-06-23,852.92,859.62,841.18,856.28,1427715
2025-06-24,871.24,890.57,869.56,889.03,1145108
2025-06-25,895.01,902.94,887.74,893.46,772094
2025-06-26,897.47,907.26,893.3,902.94,864906
2025-06-27,905.0,907.95,884.64,889.87,1175486
2025-06-30,891.16,898.25,884.34,895.74,786908
2025-07-01,888.78,904.99,882.3,898.85,1079379
2025-07-02,888.21,921.95,885.06,921.1,1051163
2025-07-03,920.0,928.02,916.05,924.58,489356
2025-07-07,916.96,923.5,905.91,912.62,901222
2025-07-08,910.92,927.38,908.27,919.22,862615
2025-07-09,919.22,931.96,915.51,923.18,601043
2025-07-10,922.89,932.17,919.37,928.62,798521
2025-07-11,925.5,930.18,921.21,924.58,570483
2025-07-14,916.72,926.76,906.26,921.84,567883
2025-07-15,934.0,942.34,929.65,936.53,746485
2025-07-16,913.12,936.38,897.38,933.49,1226970
2025-07-17,924.01,942.97,910.0,937.08,1135520
2025-07-18,945.87,945.87,924.82,931.12,682072
2025-07-21,928.46,945.01,925.65,937.76,674127
2025-07-22,938.67,938.67,890.0,892.22,1619787
2025-07-23,899.39,900.0,879.81,897.09,1207454
2025-07-24,901.81,912.32,894.2,904.18,549939
2025-07-25,892.34,905.0,888.07,902.09,808007
2025-07-28,917.36,931.94,915.0,923.15,840288
2025-07-29,928.59,936.97,915.1,916.09,1027519
2025-07-30,922.65,927.82,913.38,924.99,1058172
2025-07-31,864.45,897.19,860.0,879.03,2284147
2025-08-01,856.2,894.16,855.28,886.64,1474680
2025-08-04,896.75,917.78,891.0,915.62,1064594
2025-08-05,917.0,921.99,875.96,883.41,1178332
2025-08-06,883.41,889.12,869.22,888.28,935026
2025-08-07,912.4,917.53,904.98,912.06,717323
2025-08-08,913.0,917.94,905.68,914.8,719502
2025-08-11,922.15,933.34,907.64,910.18,814190
2025-08-12,913.68,939.26,907.48,935.53,1028198
2025-08-13,940.0,952.35,937.55,949.48,900843
2025-08-14,941.66,959.26,934.92,955.41,1005313
2025-08-15,924.23,924.23,873.16,874.94,2064549
2025-08-18,873.04,883.76,870.43,883.39,854195
2025-08-19,883.39,889.25,874.13,876.08,986656
2025-08-20,878.53,880.23,860.21,878.44,978724
2025-08-21,876.44,881.29,866.62,872.39,730577
2025-08-22,872.39,893.83,869.23,870.28,946707
2025-08-25,870.27,886.75,866.02,879.55,469251
2025-08-26,881.27,892.88,881.27,888.1,812334
2025-08-27,885.89,890.63,879.99,888.89,528658
2025-08-28,893.01,897.0,885.0,894.0,964270
2025-08-29,881.5,885.0,864.81,872.0,954368
2025-09-02,845.84,852.85,836.73,846.35,1242049
2025-09-03,847.66,847.66,832.24,843.9,933710
2025-09-04,843.2,876.66,839.0,873.29,813491
2025-09-05,879.63,906.26,878.34,905.09,1155573
2025-09-08,910.0,924.35,906.74,908.98,886690
2025-09-09,910.75,922.75,910.23,917.73,677983
2025-09-10,921.86,935.23,914.9,932.63,713063
2025-09-11,940.0,963.89,937.48,959.28,1022087
2025-09-12,957.48,968.09,955.0,964.02,584146
2025-09-15,966.99,990.0,966.99,988.91,845886
2025-09-16,993.5,1002.04,975.06,990.57,776229
2025-09-17,990.38,1000.0,976.27,989.87,723855
2025-09-18,1030.83,1076.79,1025.79,1046.69,1825038
2025-09-19,1051.9,1052.48,1029.32,1044.81,1586978
2025-09-22,1038.89,1072.97,1037.5,1071.25,1020716
2025-09-23,1067.85,1075.52,1060.79,1071.2,829643
2025-09-24,1066.32,1076.0,1057.64,1068.67,868147
2025-09-25,1058.61,1067.0,1045.8,1059.1,710581
2025-09-26,1056.54,1068.66,1046.16,1064.29,505437
2025-09-29,1077.18,1085.6,1063.18,1064.13,769654
2025-09-30,1063.8,1079.87,1057.07,1078.6,886519
2025-10-01,1075.18,1134.22,1069.78,1128.87,1188082
2025-10-02,1155.0,1155.0,1127.22,1139.26,924860
2025-10-03,1128.0,1132.41,1099.17,1101.55,953743
2025-10-06,1121.68,1152.12,1121.68,1139.71,946278
2025-10-07,1140.81,1142.04,1083.0,1084.74,878785
2025-10-08,1063.51,1077.33,1059.01,1062.59,1476001
2025-10-09,1062.59,1066.5,1037.24,1053.47,1247921
2025-10-10,1052.29,1054.27,980.97,982.75,1576002
2025-10-13,1016.25,1033.9,1014.9,1025.0,1227091
2025-10-14,998.55,1042.47,998.55,1025.71,1056057
2025-10-15,1057.08,1092.89,1053.94,1087.01,1313727
2025-10-16,1100.15,1117.0,1079.79,1098.8,1031363
2025-10-17,1098.35,1109.48,1084.09,1106.66,879191
2025-10-20,1130.06,1161.18,1126.5,1152.89,1078652
2025-10-21,1140.81,1156.32,1138.59,1147.43,744829
2025-10-22,1147.43,1147.43,1090.34,1114.32,1361765
2025-10-23,1106.66,1163.1,1106.66,1159.0,946795
2025-10-24,1166.0,1191.26,1160.6,1182.82,825488
2025-10-27,1200.0,1221.2,1200.0,1215.13,971274
2025-10-28,1206.68,1209.66,1195.79,1206.04,665675
2025-10-29,1225.99,1259.55,1224.47,1235.28,1463463
2025-10-30,1234.22,1284.47,1172.81,1214.41,2037655
2025-10-31,1223.75,1240.37,1200.85,1208.74,885212
2025-11-03,1216.14,1231.08,1207.47,1219.14,905742
2025-11-04,1198.2,1229.48,1191.43,1193.49,1201420
2025-11-05,1203.55,1243.14,1201.53,1227.1,901380
2025-11-06,1223.05,1223.05,1191.78,1206.4,1179121
2025-11-07,1199.89,1208.32,1160.12,1193.37,1142370
2025-11-10,1220.94,1226.83,1201.73,1217.95,948427
2025-11-11,1203.1,1210.7,1185.0,1190.9,911965
2025-11-12,1208.12,1209.86,1192.85,1198.97,824613
2025-11-13,1187.16,1192.77,1148.71,1161.72,1203459
2025-11-14,1135.54,1175.22,1127.07,1134.32,1444574
2025-11-17,1139.9,1155.85,1118.11,1133.7,1326713
2025-11-18,1114.44,1140.44,1097.89,1123.09,1152232
2025-11-19,1131.9,1177.39,1129.49,1167.46,960047
2025-11-20,1187.96,1201.49,1097.58,1102.45,1171922
2025-11-21,1097.0,1110.83,1071.96,1097.12,1438656
2025-11-24,1104.9,1147.97,1103.0,1136.73,1579584
2025-11-25,1130.19,1148.48,1107.42,1145.89,944253
2025-11-26,1157.75,1167.27,1144.87,1159.07,1125877
2025-11-28,1168.89,1175.98,1151.0,1175.47,389265
2025-12-01,1165.0,1175.74,1151.22,1157.18,609276
2025-12-02,1170.5,1197.9,1163.7,1189.86,953547
2025-12-03,1186.0,1215.96,1166.22,1211.75,810390
2025-12-04,1202.56,1217.06,1197.81,1208.08,703309
2025-12-05,1224.0,1240.0,1212.32,1214.46,681928
2025-12-08,1232.57,1242.4,1219.2,1224.59,819896
2025-12-09,1215.73,1233.6,1211.63,1225.61,782741
2025-12-10,1230.87,1253.7,1220.8,1238.91,712006
2025-12-11,1229.28,1250.69,1191.0,1246.18,922326
2025-12-12,1230.05,1239.65,1185.18,1193.92,1143931
2025-12-15,1229.03,1255.0,1215.34,1225.11,1258601
2025-12-16,1237.01,1240.0,1207.41,1223.37,735670
2025-12-17,1223.0,1233.56,1169.39,1172.02,913831
2025-12-18,1223.0,1233.0,1211.0,1222.39,1056469
2025-12-19,1240.01,1263.57,1239.61,1245.67,2156463
2025-12-22,1276.37,1278.0,1249.89,1265.66,604495
2025-12-23,1259.01,1272.09,1257.54,1268.75,600793
2025-12-24,1269.38,1279.18,1265.0,1276.99,210293
2025-12-26,1283.0,1286.81,1275.26,1279.6,337508
2025-12-29,1273.09,1286.07,1256.73,1260.39,641772
2025-12-30,1266.79,1267.61,1241.23,1243.65,384260
2025-12-31,1243.65,1250.93,1214.09,1215.08,608020
2026-01-02,1259.71,1283.99,1250.55,1274.47,832041
2026-01-05,1309.97,1371.89,1304.0,1352.45,1319856
2026-01-06,1369.31,1406.97,1365.28,1395.0,1141605
2026-01-07,1369.07,1380.0,1352.54,1359.69,904430
2026-01-08,1351.27,1353.81,1309.2,1324.6,944633
2026-01-09,1357.42,1404.46,1336.0,1400.0,1080888
2026-01-12,1386.63,1432.25,1386.63,1428.17,855776
2026-01-13,1461.0,1469.86,1433.2,1441.82,996294
2026-01-14,1430.87,1434.79,1396.1,1434.5,896397
2026-01-15,1538.0,1571.49,1525.0,1544.96,1657519
2026-01-16,1574.67,1581.34,1535.1,1567.82,1531949
2026-01-20,1525.4,1555.26,1484.34,1486.18,1733848
2026-01-21,1507.25,1541.25,1480.44,1520.0,1499246
2026-01-22,1549.14,1556.58,1497.88,1500.0,1025902
2026-01-23,1484.23,1512.97,1451.82,1512.78,1010438
2026-01-26,1512.44,1556.72,1490.55,1543.03,1260152
2026-01-27,1561.5,1618.19,1555.0,1616.33,1192220
2026-01-28,1634.46,1650.0,1600.97,1627.2,1091529
