Date,Open,High,Low,Close,Volume
2011-01-03,65.88,65.88,65.11,65.22,9473500
2011-01-04,65.02,65.19,63.81,63.87,13970800
2011-01-05,63.79,63.95,62.86,63.49,17195205
2011-01-06,63.62,63.66,62.83,63.03,10864232
2011-01-07,62.78,63.0,62.56,62.92,8298452
2011-01-10,62.7,63.2,62.56,63.06,7453847
2011-01-11,63.34,63.42,62.67,62.69,7757716
2011-01-12,63.21,63.36,62.7,63.04,7112528
2011-01-13,63.25,63.86,63.13,63.4,8973739
2011-01-14,63.37,63.37,62.98,63.13,6320957
2011-01-18,63.21,63.74,63.17,63.48,8171930
2011-01-19,63.68,63.92,63.19,63.42,9169111
2011-01-20,63.62,63.88,62.75,62.93,10297655
2011-01-21,63.18,63.2,62.72,62.77,8361890
2011-01-24,62.87,63.27,62.68,63.25,7532507
2011-01-25,63.22,63.31,62.55,62.96,9098604
2011-01-26,63.17,63.29,62.86,62.96,6828752
2011-01-27,63.19,63.21,62.64,62.7,6760596
2011-01-28,62.85,63.28,62.14,62.21,11921140
2011-01-31,62.32,62.85,61.89,62.85,7858881
2011-02-01,62.88,63.32,62.85,63.05,8013960
2011-02-02,63.15,63.48,62.56,62.86,7798825
2011-02-03,62.7,62.98,62.13,62.57,6499126
2011-02-04,62.65,62.86,62.36,62.56,4692434
2011-02-07,62.67,62.67,62.32,62.52,6006818
2011-02-08,62.43,62.92,62.34,62.87,6534362
2011-02-09,64.1,64.75,62.87,63.15,14997505
2011-02-10,63.16,63.54,62.82,63.54,9180670
2011-02-11,63.23,63.66,63.12,63.57,9550173
2011-02-14,63.67,63.75,63.0,63.14,6067463
2011-02-15,62.91,63.22,62.55,63.19,8144859
2011-02-16,63.08,63.49,62.88,63.4,6498167
2011-02-17,63.38,64.72,63.27,64.55,9226897
2011-02-18,64.6,64.65,64.12,64.55,12326923
2011-02-22,63.36,64.27,63.33,63.76,8975677
2011-02-23,63.78,64.34,63.7,63.91,9101444
2011-02-24,64.2,64.37,63.71,63.88,8533579
2011-02-25,63.77,64.4,63.71,64.31,5721125
2011-02-28,64.17,64.48,63.86,63.92,9690956
2011-03-01,64.28,65.25,64.2,64.91,15542749
2011-03-02,64.59,64.82,64.13,64.43,10387946
2011-03-03,64.79,65.88,64.78,65.57,14509793
2011-03-04,65.39,65.55,64.77,65.21,11534543
2011-03-07,65.32,65.74,64.48,65.22,11819687
2011-03-08,65.4,65.84,65.22,65.64,10365552
2011-03-09,65.53,65.68,65.26,65.62,7412380
2011-03-10,65.25,65.54,64.97,65.29,8954757
2011-03-11,64.92,65.11,64.47,64.81,6007665
2011-03-14,64.34,64.61,63.53,63.94,8904600
2011-03-15,62.95,63.27,62.35,63.03,12722146
2011-03-16,62.69,62.87,61.29,61.6,15994545
2011-03-17,62.43,62.79,61.91,62.28,10071324
2011-03-18,62.97,63.3,62.45,62.7,11831778
2011-03-21,63.13,63.86,63.05,63.57,6276811
2011-03-22,63.68,63.77,63.25,63.51,4217791
2011-03-23,63.29,64.53,63.25,64.27,6483170
2011-03-24,64.58,65.07,64.56,64.69,6661213
2011-03-25,64.87,65.39,64.82,65.22,6214449
2011-03-28,65.2,65.49,65.03,65.03,5802614
2011-03-29,65.2,65.73,65.08,65.72,5786147
2011-03-30,65.72,66.49,65.61,66.04,9419845
2011-03-31,65.96,66.85,65.96,66.34,8886578
2011-04-01,66.89,67.48,66.6,67.22,9370071
2011-04-04,67.22,67.79,67.16,67.66,6743376
2011-04-05,67.5,67.77,67.31,67.47,6244845
2011-04-06,67.55,67.82,67.21,67.63,7055139
2011-04-07,67.43,67.75,66.94,67.44,6376401
2011-04-08,67.39,67.64,66.86,67.27,5604706
2011-04-11,67.26,67.84,66.8,67.4,7332698
2011-04-12,66.98,67.13,66.41,66.9,8310183
2011-04-13,67.23,67.47,66.97,67.28,4251779
2011-04-14,67.34,68.47,67.09,68.31,11941216
2011-04-15,68.33,68.35,67.87,68.01,8759594
2011-04-18,67.57,67.65,66.65,67.31,8056989
2011-04-19,67.21,67.5,66.95,67.09,5354876
2011-04-20,67.89,68.05,67.61,67.85,6419405
2011-04-21,67.89,68.17,67.47,67.88,5488837
2011-04-22,67.89,68.17,67.47,67.88,5488837
2011-04-25,67.95,67.98,67.32,67.74,5356454
2011-04-26,66.64,67.03,65.81,66.93,16355209
2011-04-27,67.37,67.42,66.56,67.0,8436440
2011-04-28,66.94,67.45,66.66,67.41,7043180
2011-04-29,67.56,67.77,67.27,67.46,7412082
2011-05-02,67.76,67.86,67.57,67.72,6259468
2011-05-03,67.72,67.9,67.57,67.88,5273791
2011-05-04,67.86,67.93,67.2,67.46,6774148
2011-05-05,67.86,67.93,67.2,67.46,6774148
2011-05-06,67.44,67.58,66.73,66.9,8529904
2011-05-09,66.86,67.28,66.83,66.95,4443053
2011-05-10,67.0,67.46,66.98,67.34,5560202
2011-05-11,67.29,67.67,66.9,67.32,5610615
2011-05-12,67.36,68.43,67.17,68.31,8552254
2011-05-13,68.27,68.77,68.02,68.18,8000270
2011-05-16,68.1,68.23,67.72,67.83,6181029
2011-05-17,67.73,68.18,67.5,67.99,6649632
2011-05-18,68.0,68.35,67.65,68.3,6714510
2011-05-19,68.41,68.7,68.01,68.46,6485913
2011-05-20,68.32,68.52,67.89,68.3,6488983
2011-05-23,67.59,67.9,67.18,67.49,6618871
2011-05-24,67.66,67.78,67.21,67.47,5440669
2011-05-25,67.28,67.5,66.82,66.91,6568115
2011-05-26,66.74,66.91,66.3,66.7,7439150
2011-05-27,66.87,67.15,66.48,66.51,4548633
2011-05-31,66.94,67.24,66.64,66.81,10146983
2011-06-01,66.6,67.18,66.6,66.76,7441773
2011-06-02,66.65,66.76,65.62,66.04,7134734
2011-06-03,65.27,65.83,65.21,65.53,6468910
2011-06-06,65.51,65.77,65.36,65.42,5221176
2011-06-07,65.52,65.72,65.18,65.2,5767025
2011-06-08,65.23,65.53,65.07,65.4,5876406
2011-06-09,65.44,66.32,65.27,65.89,6556164
2011-06-10,65.68,65.82,65.24,65.39,7001580
2011-06-13,65.1,65.25,64.79,65.12,9540791
2011-06-14,65.4,65.84,65.3,65.61,7022458
2011-06-15,65.41,65.5,64.64,64.97,8189209
2011-06-16,64.97,65.76,64.8,65.49,7771891
2011-06-17,65.88,66.23,65.62,65.62,10670573
2011-06-20,65.37,66.14,65.37,65.83,5545811
2011-06-21,66.11,66.29,65.77,66.26,7132449
2011-06-22,66.29,66.82,66.11,66.4,7857410
2011-06-23,65.93,65.97,64.43,64.98,13234055
2011-06-24,65.07,65.38,64.72,64.93,16036889
2011-06-27,64.85,65.46,64.85,65.21,7389293
2011-06-28,65.52,66.1,65.35,66.03,6466169
2011-06-29,66.19,66.83,66.18,66.71,8517655
2011-06-30,66.98,67.49,66.82,67.29,7797354
2011-07-01,67.02,68.09,67.02,68.09,8243412
2011-07-05,68.08,68.79,68.08,68.3,7391492
2011-07-06,68.31,68.75,68.29,68.53,5743039
2011-07-07,68.82,68.89,68.58,68.75,6212007
2011-07-08,68.35,68.68,68.12,68.68,6335761
2011-07-11,67.75,68.28,67.71,68.1,7076129
2011-07-12,67.97,68.44,67.73,67.85,6675877
2011-07-13,68.17,68.43,67.77,68.06,7343919
2011-07-14,67.97,68.33,67.37,67.67,7505566
2011-07-15,67.85,67.87,67.28,67.53,8746488
2011-07-18,67.26,67.43,66.59,67.12,7396441
2011-07-19,67.7,69.78,67.53,69.32,18707697
2011-07-20,69.25,69.34,68.8,68.87,7916910
2011-07-21,68.82,69.62,68.5,69.34,11042717
2011-07-22,69.55,69.82,69.48,69.73,6663465
2011-07-25,69.12,69.56,69.01,69.26,6577689
2011-07-26,69.35,69.46,69.09,69.19,5915312
2011-07-27,68.77,69.25,68.54,68.69,9338883
2011-07-28,68.65,69.28,68.62,68.81,7635311
2011-07-29,68.36,68.85,67.9,68.01,10277458
2011-08-01,68.5,68.51,67.12,67.73,8827235
2011-08-02,67.4,67.61,67.07,67.07,9069124
2011-08-03,67.0,68.56,66.95,68.4,14043345
2011-08-04,67.77,68.13,65.74,65.82,16163830
2011-08-05,66.27,67.26,65.04,66.77,21958237
2011-08-08,66.18,67.21,64.95,65.12,25049522
2011-08-09,65.82,66.87,63.59,66.68,21565016
2011-08-10,66.24,66.5,63.7,63.96,19118553
2011-08-11,64.0,67.31,63.91,66.47,19203363
2011-08-12,66.76,67.75,66.4,67.14,10155116
2011-08-15,67.47,68.42,67.26,68.2,11540749
2011-08-16,67.69,68.48,67.57,68.17,10707320
2011-08-17,68.46,69.35,68.16,69.28,11587911
2011-08-18,68.25,68.94,67.06,67.76,19785799
2011-08-19,67.53,68.28,66.86,67.1,15239216
2011-08-22,68.01,68.06,67.17,67.27,9828099
2011-08-23,67.47,69.06,67.32,69.06,11975865
2011-08-24,68.83,69.71,68.55,69.68,9737905
2011-08-25,69.6,69.6,67.76,67.97,12659916
2011-08-26,67.93,68.77,66.7,68.5,9924781
2011-08-29,68.96,69.85,68.87,69.73,8830205
2011-08-30,69.78,70.28,69.52,69.86,15840693
2011-08-31,69.87,70.77,69.66,70.45,11161308
2011-09-01,70.09,71.1,69.78,70.45,11764927
2011-09-02,69.72,69.99,69.5,69.74,8765529
2011-09-06,67.43,69.54,67.39,69.43,12892257
2011-09-07,70.01,70.85,69.91,70.8,10652670
2011-09-08,70.66,71.77,70.55,71.17,12434616
2011-09-09,70.61,70.65,68.73,69.37,16446548
2011-09-12,68.45,69.54,68.2,69.38,14572031
2011-09-13,68.96,69.33,68.58,69.1,10711505
2011-09-14,69.34,70.5,68.55,69.77,11125112
2011-09-15,69.91,71.02,69.85,71.02,10593124
2011-09-16,71.38,71.68,71.02,71.23,17310968
2011-09-19,70.07,70.69,69.95,70.49,14285979
2011-09-20,70.79,71.48,70.52,70.65,9157066
2011-09-21,70.85,71.07,69.27,69.28,11765743
2011-09-22,67.37,68.15,66.62,67.82,18170704
2011-09-23,67.36,67.71,66.87,67.42,12142165
2011-09-26,68.01,68.89,67.66,68.76,12004020
2011-09-27,70.12,70.41,69.28,69.57,11124681
2011-09-28,69.82,70.16,67.89,68.06,9516034
2011-09-29,68.91,69.64,68.19,69.05,10686300
2011-09-30,68.45,69.1,67.56,67.56,12514122
2011-10-03,66.59,66.92,65.12,65.42,19235526
2011-10-04,64.84,65.43,63.34,65.23,15414287
2011-10-05,65.47,65.6,64.55,65.53,11518941
2011-10-06,65.97,66.0,64.45,65.39,12602664
2011-10-07,66.51,66.51,65.39,65.9,9428881
2011-10-10,66.56,66.93,66.01,66.9,6178215
2011-10-11,66.73,67.2,66.59,66.8,5580403
2011-10-12,67.25,67.97,66.79,67.48,8774802
2011-10-13,67.31,67.58,66.89,67.4,6454657
2011-10-14,68.2,68.2,67.35,67.85,6753415
2011-10-17,67.82,67.85,66.82,67.0,10116963
2011-10-18,67.24,67.49,66.4,66.74,11825464
2011-10-19,66.99,67.82,66.87,67.03,7694630
2011-10-20,67.49,67.58,66.58,67.12,6661944
2011-10-21,67.94,68.32,67.46,68.19,11575245
2011-10-24,68.4,68.65,67.61,67.87,6804563
2011-10-25,67.91,67.93,66.8,66.95,7114044
2011-10-26,67.29,67.54,66.41,67.47,8020592
2011-10-27,68.93,69.09,68.1,68.57,13353067
2011-10-28,68.52,68.98,68.39,68.93,8653673
2011-10-31,68.65,69.05,68.29,68.32,9499253
2011-11-01,67.13,67.5,66.78,67.04,11847097
2011-11-02,67.42,68.06,67.35,67.77,7269405
2011-11-03,68.1,68.82,68.01,68.65,8681622
2011-11-04,67.96,68.15,67.29,67.78,7588611
2011-11-07,67.66,68.27,67.28,68.21,6257332
2011-11-08,68.29,68.72,67.8,68.65,6031728
2011-11-09,67.85,67.99,66.86,67.03,9121640
2011-11-10,67.61,67.75,66.91,67.39,8100834
2011-11-11,67.97,68.61,67.95,68.12,6441372
2011-11-14,67.79,67.97,67.42,67.79,4714611
2011-11-15,67.78,68.45,67.48,68.0,6108781
2011-11-16,67.67,67.8,66.91,67.01,8891560
2011-11-17,66.94,67.39,66.1,66.62,8733600
2011-11-18,67.21,67.71,66.9,67.39,9344160
2011-11-21,66.69,66.88,65.39,65.95,9294083
2011-11-22,65.61,66.36,65.54,65.97,5893950
2011-11-23,65.46,65.5,64.8,64.87,7044781
2011-11-25,65.15,65.36,64.74,64.74,3786301
2011-11-28,65.26,65.75,64.75,65.17,10659048
2011-11-29,65.17,66.5,65.01,66.19,10828306
2011-11-30,67.34,67.96,66.72,67.23,12650131
2011-12-01,67.0,67.58,66.68,66.83,7714461
2011-12-02,67.46,67.55,66.17,66.38,10585323
2011-12-05,66.94,67.19,65.88,66.31,8977673
2011-12-06,66.49,67.02,66.14,66.68,8365571
2011-12-07,66.55,67.07,66.2,66.78,8418800
2011-12-08,66.7,67.24,66.56,66.73,8059234
2011-12-09,67.11,67.75,66.92,67.57,9149209
2011-12-12,67.26,67.5,66.32,66.89,6690046
2011-12-13,67.09,67.27,66.29,66.48,7140889
2011-12-14,66.25,66.91,66.07,66.26,7881008
2011-12-15,66.91,67.39,66.79,66.89,6737240
2011-12-16,67.47,67.72,67.26,67.44,11978519
2011-12-19,67.46,67.87,67.22,67.37,5887646
2011-12-20,67.88,68.64,67.83,68.4,7965474
2011-12-21,68.52,69.8,68.32,69.57,9365201
2011-12-22,69.34,69.6,68.89,69.19,7793474
2011-12-23,69.23,69.97,69.21,69.94,4627585
2011-12-27,69.81,70.2,69.81,69.88,5049963
2011-12-28,69.82,70.05,69.4,69.51,4104938
2011-12-29,69.6,70.19,69.51,70.16,4366999
2011-12-30,70.0,70.29,69.97,69.97,3931307
2012-01-03,70.15,70.71,70.1,70.14,7819866
2012-01-04,69.91,70.07,69.5,69.7,7119515
2012-01-05,69.76,69.87,69.35,69.37,7143775
2012-01-06,69.47,69.63,68.62,68.93,6823215
2012-01-09,69.0,69.17,68.8,68.93,5261362
2012-01-10,69.47,69.52,69.11,69.34,6482149
2012-01-11,68.37,68.77,67.55,68.06,11714448
2012-01-12,68.42,68.5,67.35,67.57,7619137
2012-01-13,67.34,67.43,66.57,66.99,9996466
2012-01-17,67.74,67.88,67.32,67.35,7788465
2012-01-18,67.46,67.82,67.18,67.59,6644416
2012-01-19,67.65,67.74,67.26,67.45,6772402
2012-01-20,67.54,68.12,67.4,68.09,9585996
2012-01-23,68.0,68.62,67.91,68.53,6901525
2012-01-24,68.16,68.5,67.71,67.9,7375924
2012-01-25,67.91,68.5,67.54,68.43,7237954
2012-01-26,68.62,68.62,67.76,68.01,7360617
2012-01-27,67.91,68.14,67.23,67.44,8412680
2012-01-30,67.29,67.57,67.03,67.46,5295796
2012-01-31,67.98,67.98,67.18,67.53,6772159
2012-02-01,67.88,68.34,67.8,67.85,7459375
2012-02-02,68.07,68.24,67.75,67.83,6575146
2012-02-03,68.26,68.49,67.84,68.08,8278097
2012-02-06,67.84,68.23,67.7,68.03,7295913
2012-02-07,68.09,69.45,67.63,68.55,12135461
2012-02-08,68.84,68.85,68.2,68.33,8214181
2012-02-09,68.36,68.39,67.77,67.97,8156365
2012-02-10,67.53,67.94,67.42,67.94,5498381
2012-02-13,68.42,68.6,68.09,68.44,5545463
2012-02-14,68.47,68.93,68.1,68.9,6297971
2012-02-15,69.23,69.25,68.23,68.4,7389284
2012-02-16,68.61,68.99,68.42,68.86,5875910
2012-02-17,69.07,69.17,68.6,69.05,7420823
2012-02-21,68.88,69.05,68.5,68.82,6714241
2012-02-22,68.6,69.34,68.6,69.25,6883261
2012-02-23,69.09,69.3,68.92,69.18,5559994
2012-02-24,69.35,69.5,68.83,69.0,6242652
2012-02-27,68.69,69.0,68.52,68.83,6043059
2012-02-28,68.95,69.1,68.8,68.85,4524794
2012-02-29,68.9,69.98,68.9,69.86,11733590
2012-03-01,69.87,69.96,69.39,69.6,7649660
2012-03-02,69.41,69.6,68.97,69.18,5998117
2012-03-05,69.02,69.34,69.0,69.23,5169241
2012-03-06,68.82,69.09,68.64,68.76,6580984
2012-03-07,68.75,68.94,68.5,68.79,5468338
2012-03-08,69.18,69.5,69.1,69.27,16877383
2012-03-09,69.43,69.74,69.31,69.51,18371216
2012-03-12,69.48,70.34,69.34,70.15,9073473
2012-03-13,69.51,70.29,69.51,70.25,9033926
2012-03-14,70.26,70.62,70.1,70.22,6458905
2012-03-15,70.27,70.34,69.78,70.33,8995651
2012-03-16,70.38,70.46,69.88,70.16,11449619
2012-03-19,70.21,70.53,70.0,70.4,5326114
2012-03-20,70.03,70.77,69.93,70.59,5090138
2012-03-21,70.48,71.4,70.35,71.12,9935336
2012-03-22,71.01,71.58,70.94,71.42,7126529
2012-03-23,71.4,71.6,71.29,71.49,8103445
2012-03-26,71.74,71.9,71.59,71.9,5768284
2012-03-27,71.82,71.98,71.65,71.87,5715163
2012-03-28,71.96,72.83,71.9,72.66,13130320
2012-03-29,72.35,74.39,72.27,73.81,20531983
2012-03-30,73.62,74.14,73.31,74.01,13280349
2012-04-02,73.83,74.2,73.64,74.14,7289489
2012-04-03,73.67,74.08,73.46,73.76,6494984
2012-04-04,73.29,73.6,73.21,73.46,6243689
2012-04-05,73.28,73.52,73.07,73.47,5765769
2012-04-09,72.96,73.11,72.74,72.87,4903344
2012-04-10,72.58,72.62,71.95,72.02,8645218
2012-04-11,72.43,72.47,71.84,72.12,6017099
2012-04-12,72.15,72.26,71.82,72.22,5320220
2012-04-13,72.22,72.6,71.94,71.94,5262775
2012-04-16,72.22,72.79,72.14,72.44,7074069
2012-04-17,73.18,74.48,73.18,73.95,11307312
2012-04-18,73.82,74.35,73.73,74.17,5889846
2012-04-19,74.29,74.34,73.42,73.82,5365746
2012-04-20,73.96,74.35,73.74,74.13,6730438
2012-04-23,73.98,74.07,73.33,73.69,5237080
2012-04-24,73.92,74.35,73.71,74.12,5148102
2012-04-25,74.54,75.05,74.31,74.93,9298787
2012-04-26,74.95,75.97,74.82,75.71,8391133
2012-04-27,75.96,77.82,75.92,76.63,11851107
2012-04-30,76.42,76.9,75.93,76.32,13260567
2012-05-01,76.54,77.0,76.28,76.93,6921146
2012-05-02,76.74,77.25,76.64,77.16,8279662
2012-05-03,77.36,77.64,77.2,77.44,7805996
2012-05-04,77.31,77.6,76.96,77.0,6580339
2012-05-07,76.97,77.45,76.85,77.28,4482668
2012-05-08,77.01,77.28,76.62,77.14,5289761
2012-05-09,76.59,77.19,76.49,76.78,7040954
2012-05-10,77.21,77.7,77.2,77.41,6332653
2012-05-11,77.2,77.74,77.2,77.47,5301909
2012-05-14,77.12,77.25,76.62,76.87,7705841
2012-05-15,76.56,77.15,76.26,76.57,8199037
2012-05-16,76.66,76.84,75.92,76.33,8902330
2012-05-17,76.17,76.3,74.99,75.12,11155685
2012-05-18,75.25,75.29,73.47,74.05,15956726
2012-05-21,74.21,74.6,74.13,74.51,6744685
2012-05-22,74.58,74.58,73.91,74.19,7630300
2012-05-23,74.0,74.57,73.82,74.55,9004350
2012-05-24,74.79,75.85,74.6,75.56,10102326
2012-05-25,75.62,75.69,75.01,75.23,4499708
2012-05-29,75.73,75.73,75.06,75.46,5266880
2012-05-30,75.07,75.25,74.83,75.06,6942309
2012-05-31,74.96,75.22,74.66,74.73,7578799
2012-06-01,73.99,74.45,73.01,73.09,10422272
2012-06-04,73.03,73.74,72.56,73.64,6698857
2012-06-05,73.33,73.65,73.05,73.24,6137719
2012-06-06,73.39,74.61,73.3,74.61,6248185
2012-06-07,74.99,75.06,74.2,74.28,7171469
2012-06-08,74.16,75.37,74.15,75.24,5797744
2012-06-11,75.72,75.78,74.62,74.66,5329602
2012-06-12,74.98,75.25,74.34,75.2,5955541
2012-06-13,74.61,75.13,74.47,74.69,4688036
2012-06-14,74.79,76.0,74.69,75.74,6972674
2012-06-15,76.12,76.2,75.42,76.09,9880400
2012-06-18,75.96,76.42,75.77,75.98,5228809
2012-06-19,76.25,76.25,75.66,75.74,5557648
2012-06-20,75.69,75.74,74.84,75.56,7353519
2012-06-21,75.79,75.99,74.62,74.67,6401920
2012-06-22,74.95,75.3,74.86,74.94,7634131
2012-06-25,74.46,74.84,74.17,74.77,4867142
2012-06-26,74.99,75.36,74.2,75.08,5929671
2012-06-27,75.24,76.48,75.24,76.34,6822131
2012-06-28,76.1,76.67,75.69,76.57,5445551
2012-06-29,77.13,78.19,77.08,78.19,9260738
2012-07-02,78.1,79.0,78.01,78.92,6676021
2012-07-03,78.89,79.36,78.71,79.16,3671642
2012-07-05,79.02,79.14,78.2,78.45,5273157
2012-07-06,78.02,78.29,77.84,78.15,5018158
2012-07-09,78.06,78.21,77.71,77.98,4307714
2012-07-10,78.53,78.54,77.81,77.98,5791905
2012-07-11,77.9,77.95,77.15,77.46,6822953
2012-07-12,77.03,77.27,76.52,76.64,9556070
2012-07-13,76.63,77.59,76.34,77.28,6653709
2012-07-16,77.1,77.4,76.2,76.48,8790164
2012-07-17,78.06,78.66,76.76,77.69,10604999
2012-07-18,77.64,77.68,76.82,77.44,6925956
2012-07-19,77.52,77.6,76.5,77.55,9026056
2012-07-20,77.27,77.35,76.79,77.03,8218764
2012-07-23,76.55,77.0,76.37,76.88,5328003
2012-07-24,76.9,76.95,76.1,76.66,5222963
2012-07-25,76.95,77.22,76.73,77.02,4510618
2012-07-26,77.7,78.91,77.7,78.85,7072237
2012-07-27,79.05,80.24,78.9,80.01,8912499
2012-07-30,79.77,81.17,79.57,81.12,7973884
2012-07-31,80.7,81.33,80.39,80.8,8166892
2012-08-01,80.97,81.25,80.59,81.01,6477952
2012-08-02,80.73,81.0,79.52,79.75,6696543
2012-08-03,80.19,80.99,80.01,80.83,5917040
2012-08-06,81.01,81.25,80.62,80.64,4589628
2012-08-07,80.84,80.98,79.75,79.77,6391370
2012-08-08,79.71,80.0,79.36,79.56,4395061
2012-08-09,79.47,79.78,78.83,79.24,4791963
2012-08-10,79.16,79.21,78.61,78.79,10144383
2012-08-13,39.31,39.39,39.05,39.3,8898145
2012-08-14,39.6,39.67,39.25,39.38,10843276
2012-08-15,39.42,39.55,39.23,39.35,7692619
2012-08-16,39.4,39.63,39.31,39.55,8825078
2012-08-17,39.66,39.73,39.27,39.53,10541000
2012-08-20,39.54,39.59,39.26,39.47,9213087
2012-08-21,39.41,39.69,39.23,39.26,8329064
2012-08-22,39.14,39.25,38.69,38.77,13482367
2012-08-23,38.81,38.84,38.02,38.11,14973650
2012-08-24,38.07,38.55,38.07,38.47,9317730
2012-08-27,38.56,38.56,38.12,38.17,9589801
2012-08-28,38.14,38.32,37.77,38.0,16149003
2012-08-29,38.05,38.05,37.38,37.46,23436918
2012-08-30,37.38,37.63,37.13,37.14,17041897
2012-08-31,37.41,37.58,37.15,37.4,20711518
2012-09-04,37.52,37.59,37.22,37.28,17300819
2012-09-05,37.36,37.62,37.11,37.51,20839147
2012-09-06,37.78,38.3,37.7,38.15,19853443
2012-09-07,38.38,38.5,37.74,37.9,16393193
2012-09-10,37.96,37.98,37.59,37.66,18218704
2012-09-11,37.63,37.83,37.56,37.77,16506229
2012-09-12,37.79,37.83,37.51,37.55,14633783
2012-09-13,37.73,38.49,37.61,38.35,23803484
2012-09-14,38.55,38.55,38.01,38.12,25093649
2012-09-17,38.16,38.38,38.03,38.35,23594470
2012-09-18,38.38,39.0,38.3,38.62,24374217
2012-09-19,38.66,38.81,38.41,38.52,26277357
2012-09-20,38.39,38.87,38.38,38.64,26963339
2012-09-21,38.73,38.74,37.88,38.03,98988831
2012-09-24,37.81,38.24,37.81,38.12,21901914
2012-09-25,38.21,38.27,37.66,37.68,20299109
2012-09-26,37.78,38.19,37.74,37.76,16677902
2012-09-27,38.06,38.35,37.9,38.31,15176376
2012-09-28,38.17,38.22,37.9,37.93,22723426
2012-10-01,38.16,38.6,38.15,38.38,16673796
2012-10-02,38.56,38.69,38.11,38.34,10277169
2012-10-03,38.32,38.52,38.14,38.24,13637519
2012-10-04,38.46,38.55,38.19,38.33,9654464
2012-10-05,38.49,38.6,38.25,38.58,12287893
2012-10-08,38.54,38.68,38.44,38.58,9434512
2012-10-09,38.5,38.83,38.46,38.56,13078850
2012-10-10,38.65,38.73,38.05,38.09,13755026
2012-10-11,38.2,38.28,38.02,38.11,10843749
2012-10-12,38.26,38.39,38.11,38.23,12061961
2012-10-15,38.09,38.25,38.01,38.13,13785047
2012-10-16,38.18,38.22,37.44,37.9,25813326
2012-10-17,38.06,38.15,37.7,37.74,15449577
2012-10-18,37.76,38.07,37.46,37.84,23064508
2012-10-19,37.93,37.94,37.4,37.4,19867589
2012-10-22,37.37,37.48,36.96,37.23,13342577
2012-10-23,36.96,36.98,36.54,36.61,13287371
2012-10-24,36.6,37.04,36.6,36.88,13531429
2012-10-25,37.0,37.19,36.85,37.09,10457860
2012-10-26,37.12,37.26,36.78,37.04,11896560
2012-10-30,37.12,37.26,36.78,37.04,11896560
2012-10-31,37.16,37.41,36.92,37.18,11643477
2012-11-01,37.15,37.56,37.15,37.33,10622251
2012-11-02,37.58,37.65,37.0,37.08,11237632
2012-11-05,36.95,36.99,36.63,36.77,12140355
2012-11-06,36.92,37.48,36.86,37.42,11448519
2012-11-07,37.28,37.39,36.4,36.72,16744925
2012-11-08,36.65,37.11,36.36,36.36,12921839
2012-11-09,36.05,36.52,36.05,36.29,11520285
2012-11-12,36.29,36.29,35.99,36.08,10170595
2012-11-13,36.03,36.56,35.98,36.16,12111137
2012-11-14,36.19,36.36,35.87,36.01,13509193
2012-11-15,35.9,36.48,35.86,36.43,17644599
2012-11-16,36.49,36.65,36.27,36.56,15625197
2012-11-19,36.85,37.29,36.81,37.24,14076154
2012-11-20,37.23,37.27,36.85,37.25,12278571
2012-11-21,37.33,37.47,37.22,37.39,8631306
2012-11-23,37.55,37.95,37.49,37.93,5365418
2012-11-26,37.58,37.78,37.23,37.36,13218886
2012-11-27,37.44,37.79,37.34,37.42,11873691
2012-11-28,37.06,37.57,36.8,37.56,14846888
2012-11-29,37.68,37.97,37.5,37.97,12434397
2012-11-30,37.94,37.98,37.66,37.92,13043803
2012-12-03,37.9,37.94,37.33,37.38,12865790
2012-12-04,37.31,37.5,37.14,37.15,11794140
2012-12-05,37.2,37.5,37.08,37.31,14561351
2012-12-06,37.34,37.44,37.3,37.38,8976877
2012-12-07,37.44,37.74,37.39,37.71,10654686
2012-12-10,37.7,37.78,37.51,37.64,8603236
2012-12-11,37.63,37.99,37.58,37.86,10675145
2012-12-12,37.89,37.93,37.5,37.64,14682038
2012-12-13,37.7,37.79,37.53,37.6,11442047
2012-12-14,37.52,37.77,37.5,37.66,11800897
2012-12-17,37.79,37.82,37.38,37.5,17597425
2012-12-18,37.53,37.7,37.13,37.28,17954012
2012-12-19,37.25,37.29,36.77,36.78,17991829
2012-12-20,36.69,37.1,36.65,37.05,16184981
2012-12-21,37.0,37.19,36.53,36.89,27946979
2012-12-24,36.72,36.8,36.57,36.73,4851746
2012-12-26,36.7,36.8,36.24,36.42,9982068
2012-12-27,36.35,36.55,36.2,36.42,11380520
2012-12-28,36.22,36.42,35.95,35.97,14058048
2012-12-31,35.88,36.28,35.58,36.25,15656007
2013-01-02,36.99,37.6,36.66,37.6,21877247
2013-01-03,37.45,37.6,37.11,37.6,16357984
2013-01-04,37.65,37.87,37.52,37.66,15311842
2013-01-07,37.52,37.52,37.1,37.3,14610536
2013-01-08,37.19,37.28,36.91,37.04,14328026
2013-01-09,37.2,37.2,36.83,37.03,10563740
2013-01-10,37.12,37.17,36.76,36.96,15604072
2013-01-11,36.84,36.94,36.52,36.91,15644756
2013-01-14,36.95,37.11,36.8,36.99,11001439
2013-01-15,36.99,37.43,36.8,37.32,12721576
2013-01-16,37.21,37.42,37.12,37.32,9168529
2013-01-17,37.43,37.66,37.33,37.51,12122702
2013-01-18,37.49,37.71,37.31,37.7,14060897
2013-01-21,37.49,37.71,37.31,37.7,14060897
2013-01-22,37.74,37.74,37.05,37.13,21250177
2013-01-23,37.08,37.26,37.04,37.13,13575362
2013-01-24,37.2,37.25,37.0,37.11,13259031
2013-01-25,37.18,37.25,36.91,37.05,14041641
2013-01-28,37.07,37.11,36.86,37.01,13388625
2013-01-29,36.88,37.57,36.86,37.42,17708686
2013-01-30,37.4,37.61,37.32,37.5,13220456
2013-01-31,37.53,37.53,37.11,37.24,12973749
2013-02-01,37.54,37.71,37.37,37.54,11939265
2013-02-04,37.48,37.58,37.3,37.35,9456531
2013-02-05,37.56,38.16,37.56,38.14,17897284
2013-02-06,38.13,38.43,38.0,38.31,16823833
2013-02-07,38.42,39.06,38.35,38.91,18806978
2013-02-08,38.85,38.94,38.6,38.77,12308001
2013-02-11,38.71,38.83,38.41,38.61,12159872
2013-02-12,38.11,38.16,37.28,37.56,30700731
2013-02-13,37.67,37.94,37.01,37.21,19945753
2013-02-14,37.24,37.51,36.7,36.84,22749090
2013-02-15,36.94,37.42,36.54,37.42,25216374
2013-02-18,36.94,37.42,36.54,37.42,25216374
2013-02-19,37.51,37.77,37.46,37.67,14851051
2013-02-20,37.7,37.89,37.41,37.73,12949360
2013-02-21,37.62,37.79,37.43,37.71,14137170
2013-02-22,37.76,38.52,37.71,38.52,20102895
2013-02-25,38.56,38.72,37.72,37.72,15880343
2013-02-26,37.95,38.19,37.78,38.11,15771057
2013-02-27,38.03,38.54,37.92,38.45,14277317
2013-02-28,38.47,38.97,38.42,38.72,19011794
2013-03-01,38.49,38.79,38.49,38.7,13727554
2013-03-04,38.6,38.82,38.45,38.82,9934533
2013-03-05,38.98,39.0,38.56,38.68,13244475
2013-03-06,38.8,39.04,38.7,39.02,11655103
2013-03-07,39.04,39.19,38.84,39.12,15104996
2013-03-08,39.17,39.42,39.03,39.22,11187262
2013-03-11,39.2,39.38,39.18,39.31,9201701
2013-03-12,39.28,39.31,38.8,38.96,11375868
2013-03-13,38.82,38.87,38.55,38.59,14358871
2013-03-14,38.82,39.12,38.66,39.02,14574170
2013-03-15,38.82,38.94,38.66,38.83,20808695
2013-03-18,38.61,38.94,38.57,38.76,11480329
2013-03-19,38.92,39.4,38.82,39.33,15193142
2013-03-20,39.4,39.92,39.36,39.87,19272460
2013-03-21,39.85,40.43,39.76,40.07,23063866
2013-03-22,39.98,40.28,39.89,40.04,16128824
2013-03-25,40.11,40.25,39.96,40.12,15718886
2013-03-26,40.13,40.7,40.13,40.69,13666691
2013-03-27,40.45,40.54,40.06,40.22,14562180
2013-03-28,40.38,40.6,40.02,40.44,14227403
2013-03-29,40.38,40.6,40.02,40.44,14227403
2013-04-01,40.39,40.49,40.17,40.45,8202005
2013-04-02,40.43,40.9,40.42,40.72,13359176
2013-04-03,40.78,40.82,40.08,40.17,13639274
2013-04-04,40.27,40.59,40.2,40.54,11437125
2013-04-05,40.21,40.36,40.01,40.08,10731445
2013-04-08,40.06,40.87,39.77,40.86,22758507
2013-04-09,40.81,41.13,40.51,40.71,21057905
2013-04-10,40.78,41.17,40.71,41.07,9705033
2013-04-11,41.13,41.41,41.06,41.18,10962497
2013-04-12,40.91,41.11,40.68,41.08,10394706
2013-04-15,40.85,40.99,40.05,40.09,16050923
2013-04-16,41.4,42.48,41.25,42.37,32147487
2013-04-17,42.14,42.7,42.03,42.55,24209833
2013-04-18,42.48,42.65,42.09,42.1,16034117
2013-04-19,42.28,42.77,42.2,42.66,13886657
2013-04-22,42.52,42.85,42.4,42.72,10552646
2013-04-23,42.78,42.96,42.26,42.7,11224304
2013-04-24,42.64,42.9,42.1,42.15,11370081
2013-04-25,42.26,42.54,42.08,42.35,10197008
2013-04-26,42.18,42.43,42.09,42.1,15164860
2013-04-29,42.24,42.29,41.92,42.24,11326618
2013-04-30,42.15,42.39,41.88,42.33,13447669
2013-05-01,42.15,42.56,42.14,42.21,8711164
2013-05-02,41.66,42.16,41.49,41.96,18717641
2013-05-03,42.17,42.42,41.96,42.24,11758220
2013-05-06,42.29,42.29,41.87,42.08,9358529
2013-05-07,42.21,42.71,42.15,42.7,13786613
2013-05-08,42.54,42.68,42.16,42.46,12636375
2013-05-09,42.51,42.56,42.0,42.12,10114077
2013-05-10,42.11,42.24,41.85,42.15,9927794
2013-05-13,42.14,42.44,42.0,42.19,9290908
2013-05-14,42.18,42.67,42.01,42.52,13027556
2013-05-15,42.5,43.1,42.39,42.92,12306770
2013-05-16,42.91,43.43,42.79,43.09,12330856
2013-05-17,43.05,43.13,42.56,42.97,12615057
2013-05-20,42.95,42.95,42.3,42.38,9966285
2013-05-21,42.48,42.57,42.07,42.34,9150320
2013-05-22,42.28,42.86,42.04,42.25,13616827
2013-05-23,41.93,42.07,41.56,41.93,10934347
2013-05-24,41.54,42.37,41.5,42.24,11542056
2013-05-28,42.6,43.05,42.4,42.55,14412976
2013-05-29,42.34,42.43,41.31,41.4,16987135
2013-05-30,41.49,41.6,40.75,40.77,20876731
2013-05-31,40.65,40.77,39.99,39.99,26204079
2013-06-03,39.95,40.84,39.63,40.81,16581194
2013-06-04,41.59,41.72,40.95,41.42,19241140
2013-06-05,41.4,41.4,40.6,40.65,16429238
2013-06-06,40.55,40.79,40.31,40.79,11171674
2013-06-07,41.2,41.73,40.98,41.41,14460573
2013-06-10,41.5,41.52,41.04,41.18,11247680
2013-06-11,40.88,40.98,40.4,40.79,16494101
2013-06-12,40.79,40.94,40.28,40.39,11611590
2013-06-13,40.31,40.48,39.68,40.41,17866680
2013-06-14,40.38,40.79,40.26,40.34,13635399
2013-06-17,40.54,40.91,40.4,40.68,12411010
2013-06-18,40.7,41.0,40.57,40.93,9893068
2013-06-19,41.01,41.44,40.41,40.41,16936295
2013-06-20,40.27,40.35,38.97,39.13,24902453
2013-06-21,39.63,39.97,39.3,39.76,21941399
2013-06-24,39.45,40.01,39.13,39.53,16437055
2013-06-25,39.82,39.93,39.44,39.72,12945437
2013-06-26,40.08,40.48,40.06,40.33,13857725
2013-06-27,40.65,40.88,40.24,40.26,11461350
2013-06-28,40.25,40.44,40.1,40.11,16319518
2013-07-01,40.5,40.92,40.36,40.46,10754583
2013-07-02,40.47,40.74,40.18,40.37,12248784
2013-07-03,40.24,40.56,40.03,40.49,5264817
2013-07-04,40.24,40.56,40.03,40.49,5264817
2013-07-05,40.72,40.8,40.15,40.52,10402250
2013-07-08,40.65,40.76,40.42,40.54,9936974
2013-07-09,40.86,41.07,40.72,40.83,8762106
2013-07-10,40.92,40.96,40.53,40.68,9541546
2013-07-11,41.0,41.15,40.74,41.03,13489716
2013-07-12,41.03,41.13,40.73,41.03,10686347
2013-07-15,41.05,41.25,40.93,41.01,11423360
2013-07-16,39.78,40.5,39.5,40.23,33581325
2013-07-17,40.55,40.98,40.31,40.84,18516852
2013-07-18,40.86,41.07,40.74,40.81,9708855
2013-07-19,40.88,41.1,40.79,41.09,11408605
2013-07-22,41.08,41.14,40.76,40.84,9427675
2013-07-23,40.95,41.13,40.79,40.96,9405642
2013-07-24,41.12,41.13,40.75,40.86,10512444
2013-07-25,40.81,40.88,40.48,40.84,9148367
2013-07-26,40.65,40.65,40.01,40.64,12279650
2013-07-29,40.61,40.68,40.26,40.28,10132339
2013-07-30,40.42,40.73,40.25,40.32,10769816
2013-07-31,40.41,40.58,40.06,40.08,13557988
2013-08-01,40.4,40.75,40.4,40.57,12001513
2013-08-02,40.03,40.41,39.92,40.22,25516983
2013-08-05,40.18,40.47,40.18,40.29,9933155
2013-08-06,40.23,40.43,40.06,40.37,8646231
2013-08-07,40.31,40.33,40.06,40.15,9306078
2013-08-08,40.3,40.36,40.02,40.2,9481129
2013-08-09,40.25,40.32,40.05,40.16,9021737
2013-08-12,40.04,40.1,39.71,39.83,13970568
2013-08-13,39.93,40.05,39.5,39.65,13548896
2013-08-14,39.59,39.68,39.35,39.53,13793185
2013-08-15,39.3,39.4,39.02,39.09,14229747
2013-08-16,39.03,39.18,38.71,39.05,20570070
2013-08-19,39.05,39.09,38.69,38.78,11920345
2013-08-20,38.85,39.14,38.65,38.65,10238163
2013-08-21,38.63,38.7,38.25,38.28,15800303
2013-08-22,38.32,38.52,38.1,38.31,10309257
2013-08-23,38.61,38.61,38.37,38.52,11303083
2013-08-26,38.6,38.6,38.11,38.12,12740595
2013-08-27,37.98,38.24,37.8,38.15,16742431
2013-08-28,38.06,38.53,38.05,38.35,19245419
2013-08-29,38.47,38.47,38.1,38.1,14217637
2013-08-30,38.16,38.28,38.0,38.18,14296781
2013-09-03,38.27,38.4,37.8,37.9,19069017
2013-09-04,37.88,38.73,37.81,38.54,19144161
2013-09-05,38.63,38.69,38.06,38.24,14291080
2013-09-06,38.38,38.62,38.1,38.35,13977744
2013-09-09,38.52,38.56,38.27,38.52,10608582
2013-09-10,38.77,38.78,38.51,38.63,11759743
2013-09-11,38.68,38.78,38.53,38.78,11997644
2013-09-12,38.59,38.61,38.28,38.44,12114310
2013-09-13,38.56,38.74,38.42,38.69,11623631
2013-09-16,39.03,39.2,38.74,38.86,13400179
2013-09-17,38.81,39.1,38.79,38.79,12883282
2013-09-18,38.81,39.6,38.58,39.59,18085571
2013-09-19,39.64,39.67,39.15,39.31,14254642
2013-09-20,39.33,39.4,38.78,39.4,30698540
2013-09-23,39.16,39.19,38.44,38.63,19017398
2013-09-24,38.72,38.87,38.52,38.53,15083286
2013-09-25,38.65,38.68,38.3,38.33,11446220
2013-09-26,38.49,38.74,38.39,38.74,10941177
2013-09-27,38.57,38.58,38.15,38.4,12610159
2013-09-30,38.19,38.3,37.75,37.88,18104384
2013-10-01,38.0,38.09,37.62,37.95,13195990
2013-10-02,37.81,37.81,37.21,37.43,25670796
2013-10-03,37.46,37.46,37.13,37.16,14437945
2013-10-04,37.25,37.27,36.91,37.2,17219130
2013-10-07,37.08,37.38,36.83,37.05,16708632
2013-10-08,37.1,37.41,36.9,37.28,20471333
2013-10-09,37.38,37.42,37.01,37.08,19001966
2013-10-10,37.77,37.86,37.45,37.78,17177894
2013-10-11,37.92,37.92,37.52,37.77,14266861
2013-10-14,37.56,37.95,37.51,37.91,14202900
2013-10-15,38.18,38.37,37.6,37.66,21676647
2013-10-16,38.01,38.24,37.78,38.0,17996947
2013-10-17,38.06,38.56,38.01,38.55,15900176
2013-10-18,38.58,38.78,38.42,38.78,18897288
2013-10-21,38.95,38.95,38.6,38.82,12977494
2013-10-22,38.86,39.25,38.69,39.09,17110211
2013-10-23,39.08,39.25,38.8,39.09,12601279
2013-10-24,39.15,39.37,38.76,38.8,17143771
2013-10-25,38.84,39.13,38.63,39.03,14391341
2013-10-28,39.02,39.74,38.99,39.61,16552094
2013-10-29,39.57,39.96,39.35,39.8,14199602
2013-10-30,39.88,39.89,39.51,39.62,12359952
2013-10-31,39.51,39.86,39.51,39.57,14853535
2013-11-01,39.57,39.72,39.33,39.61,12430394
2013-11-04,39.71,39.81,39.3,39.51,10253227
2013-11-05,39.36,39.64,39.22,39.5,10582003
2013-11-06,39.62,40.22,39.42,40.05,17197998
2013-11-07,40.08,40.25,39.76,39.83,16233163
2013-11-08,39.74,40.05,39.49,40.05,11903577
2013-11-11,40.01,40.05,39.77,39.87,9568206
2013-11-12,39.91,39.99,39.62,39.88,10509186
2013-11-13,39.82,40.12,39.65,40.12,11771162
2013-11-14,40.09,40.44,40.03,40.21,10894366
2013-11-15,40.16,40.32,39.96,40.22,12021512
2013-11-18,40.24,40.24,40.0,40.17,9553863
2013-11-19,40.14,40.23,39.92,40.14,11014819
2013-11-20,40.05,40.45,39.94,40.06,14422486
2013-11-21,40.2,40.5,40.1,40.43,26364544
2013-11-22,40.34,40.46,40.09,40.43,26397103
2013-11-25,40.48,40.88,40.33,40.37,14059132
2013-11-26,40.49,40.6,40.24,40.25,14240538
2013-11-27,40.09,40.38,39.69,40.19,9909068
2013-11-29,40.09,40.38,39.69,40.19,9909068
2013-12-02,40.1,40.2,39.75,40.08,16739680
2013-12-03,40.05,40.39,40.01,40.35,16592298
2013-12-04,40.2,40.47,39.94,40.37,13196116
2013-12-05,40.28,40.4,39.8,39.83,18171207
2013-12-06,40.05,40.5,40.05,40.46,12557216
2013-12-09,40.4,40.5,40.2,40.4,12237657
2013-12-10,40.26,40.29,39.75,39.85,15967788
2013-12-11,39.95,40.34,39.89,40.13,14963476
2013-12-12,39.99,40.21,39.18,39.21,19817651
2013-12-13,39.47,39.64,39.21,39.23,14037380
2013-12-16,39.46,39.57,39.2,39.27,14562149
2013-12-17,39.12,39.25,38.87,39.1,17664055
2013-12-18,39.26,40.08,39.0,40.02,23887038
2013-12-19,39.97,40.1,39.56,39.86,14791981
2013-12-20,39.92,40.19,39.85,40.04,22244802
2013-12-23,40.1,40.25,39.87,40.16,10952475
2013-12-24,40.17,40.31,40.1,40.19,4783757
2013-12-26,40.22,40.54,40.14,40.49,8588472
2013-12-27,40.69,40.79,40.53,40.66,6762203
2013-12-30,40.77,41.14,40.76,41.09,10927592
2013-12-31,41.13,41.39,40.98,41.31,11730170
2014-01-02,41.12,41.23,40.51,40.66,12720197
2014-01-03,40.68,40.73,40.35,40.46,10403834
2014-01-06,40.48,40.59,40.16,40.27,11041224
2014-01-07,40.48,40.72,40.29,40.39,11879587
2014-01-08,40.44,40.44,39.83,39.94,15357527
2014-01-09,39.95,40.0,39.52,39.73,14074835
2014-01-10,39.96,40.29,39.9,40.13,13314525
2014-01-13,40.0,40.13,39.5,39.53,14136793
2014-01-14,39.64,39.92,39.58,39.69,12808195
2014-01-15,39.83,39.94,39.58,39.76,12845194
2014-01-16,39.78,39.82,39.58,39.71,11076882
2014-01-17,39.72,39.75,39.28,39.28,14027351
2014-01-21,39.64,39.92,39.53,39.92,17590424
2014-01-22,39.99,40.09,39.75,39.9,9856355
2014-01-23,39.61,39.64,39.12,39.24,14867404
2014-01-24,39.08,39.25,38.82,38.84,16533729
2014-01-27,38.82,38.98,38.71,38.73,14603927
2014-01-28,38.77,39.08,38.62,38.87,8931212
2014-01-29,38.57,38.57,37.82,37.9,23776371
2014-01-30,38.0,38.41,38.0,38.17,13663569
2014-01-31,37.95,38.16,37.72,37.82,16185576
2014-02-03,38.02,38.02,37.1,37.2,23195836
2014-02-04,37.44,37.55,37.21,37.48,17797978
2014-02-05,37.49,37.72,37.38,37.61,13716618
2014-02-06,38.76,38.94,37.92,38.03,22665049
2014-02-07,38.17,38.35,37.87,37.95,20495016
2014-02-10,38.07,38.62,37.84,38.57,20915498
2014-02-11,38.67,38.79,38.51,38.64,15417558
2014-02-12,38.85,38.92,38.4,38.51,10633637
2014-02-13,38.13,38.76,38.13,38.65,10449553
2014-02-14,38.6,39.02,38.27,38.93,16047482
2014-02-18,37.98,38.11,37.26,37.47,46195701
2014-02-19,37.5,37.6,37.05,37.1,26650629
2014-02-20,37.06,37.52,36.89,37.3,22652321
2014-02-21,37.59,37.62,37.14,37.18,19440449
2014-02-24,37.3,37.6,37.22,37.5,24225051
2014-02-25,37.63,37.94,37.5,37.77,22879234
2014-02-26,37.9,37.94,37.72,37.87,18202510
2014-02-27,37.84,38.11,37.8,38.07,18441483
2014-02-28,38.08,38.39,38.04,38.2,15765571
2014-03-03,37.88,38.16,37.85,38.12,18732279
2014-03-04,38.34,38.39,38.23,38.31,20456788
2014-03-05,38.42,38.45,38.25,38.35,14367749
2014-03-06,38.4,38.55,38.27,38.47,14740674
2014-03-07,38.56,38.61,38.36,38.55,17074233
2014-03-10,38.55,38.65,38.44,38.65,14541439
2014-03-11,38.84,38.84,38.54,38.8,13845663
2014-03-12,38.27,38.5,38.21,38.47,15692277
2014-03-13,38.45,38.49,37.92,37.97,18302808
2014-03-14,37.95,38.32,37.88,38.17,14687231
2014-03-17,38.17,38.37,38.05,38.27,19202973
2014-03-18,38.27,38.46,38.14,38.4,16880363
2014-03-19,38.36,38.59,38.1,38.14,20882157
2014-03-20,38.11,38.47,37.95,38.45,13227981
2014-03-21,38.78,38.83,38.28,38.44,19210757
2014-03-24,38.48,38.54,38.21,38.4,15693042
2014-03-25,38.49,38.8,38.46,38.62,16898937
2014-03-26,38.69,38.94,38.61,38.61,15835535
2014-03-27,38.51,39.0,38.48,38.82,13031474
2014-03-28,38.89,39.03,38.82,38.95,11502051
2014-03-31,38.99,39.03,38.46,38.66,24489838
2014-04-01,38.53,38.89,38.31,38.41,20516452
2014-04-02,38.49,38.54,38.3,38.33,15709122
2014-04-03,38.39,38.49,38.04,38.07,18113991
2014-04-04,38.24,38.48,38.14,38.22,15391577
2014-04-07,38.27,38.89,38.26,38.62,17295654
2014-04-08,38.67,38.9,38.48,38.9,14770515
2014-04-09,38.84,38.99,38.7,38.99,12031360
2014-04-10,38.98,39.4,38.82,38.89,21025736
2014-04-11,38.83,39.22,38.57,38.63,18085746
2014-04-14,38.71,38.8,38.4,38.73,19389800
2014-04-15,39.83,40.47,39.5,40.18,47529158
2014-04-16,40.12,40.59,40.12,40.59,21926145
2014-04-17,40.43,40.72,40.25,40.72,18547111
2014-04-21,40.47,40.76,40.35,40.75,12630881
2014-04-22,40.58,40.76,40.42,40.71,17405459
2014-04-23,40.7,40.81,40.56,40.73,12072454
2014-04-24,40.7,40.89,40.46,40.7,11401621
2014-04-25,40.46,41.01,40.44,41.01,16811384
2014-04-28,40.82,41.28,40.74,41.03,20736717
2014-04-29,40.97,41.03,40.52,40.57,18928395
2014-04-30,40.69,40.88,40.59,40.79,12361992
2014-05-01,40.79,40.8,40.26,40.78,15385753
2014-05-02,40.79,40.96,40.63,40.95,14197753
2014-05-05,40.65,40.93,40.55,40.76,10164164
2014-05-06,40.52,40.66,40.45,40.49,9359857
2014-05-07,40.7,40.97,40.63,40.91,11115932
2014-05-08,40.85,40.96,40.65,40.73,8538993
2014-05-09,40.78,40.95,40.71,40.87,8516358
2014-05-12,40.88,40.97,40.69,40.82,8906010
2014-05-13,40.83,41.22,40.82,41.11,11579715
2014-05-14,41.02,41.18,40.83,40.89,10036175
2014-05-15,40.62,40.96,40.44,40.52,12379234
2014-05-16,40.52,40.91,40.45,40.89,13824170
2014-05-19,40.6,40.73,40.42,40.71,7559456
2014-05-20,40.8,40.93,40.57,40.58,9640511
2014-05-21,40.55,40.88,40.5,40.87,8607297
2014-05-22,40.77,40.84,40.53,40.58,8430681
2014-05-23,40.63,40.7,40.53,40.58,6255168
2014-05-27,40.56,40.82,40.48,40.77,11291392
2014-05-28,40.7,40.89,40.53,40.58,7536671
2014-05-29,40.68,40.87,40.6,40.66,9867262
2014-05-30,40.54,40.93,40.49,40.91,10446099
2014-06-02,40.75,40.89,40.68,40.86,7472050
2014-06-03,40.72,41.0,40.71,40.88,10493219
2014-06-04,40.91,40.92,40.71,40.79,7864666
2014-06-05,40.73,41.0,40.63,40.89,10133496
2014-06-06,40.94,41.06,40.84,40.99,8760639
2014-06-09,40.85,41.09,40.85,40.91,7316402
2014-06-10,40.84,41.15,40.81,41.07,9169620
2014-06-11,40.98,41.06,40.79,40.86,9648619
2014-06-12,40.41,40.68,40.37,40.42,11583569
2014-06-13,40.39,40.54,40.25,40.37,9203771
2014-06-16,40.19,40.77,40.15,40.66,12878160
2014-06-17,41.18,41.2,40.61,40.92,26927159
2014-06-18,40.79,41.57,40.75,41.56,18518178
2014-06-19,41.54,41.87,41.53,41.79,13275256
2014-06-20,41.87,41.88,41.53,41.69,23403271
2014-06-23,41.46,41.74,41.33,41.73,13099754
2014-06-24,41.52,41.89,41.47,41.85,14962791
2014-06-25,41.6,41.98,41.46,41.96,17621843
2014-06-26,41.91,42.05,41.78,42.03,16905479
2014-06-27,41.99,42.29,41.91,42.19,18674412
2014-06-30,41.98,42.49,41.82,42.36,14068762
2014-07-01,42.39,42.45,42.15,42.29,11497697
2014-07-02,42.31,42.41,42.15,42.29,6707175
2014-07-03,42.26,42.32,42.01,42.23,7537718
2014-07-07,41.96,42.2,41.93,42.14,9000085
2014-07-08,41.97,42.25,41.91,41.94,10091147
2014-07-09,41.93,42.16,41.79,41.95,9900209
2014-07-10,41.56,42.29,41.55,42.26,12564494
2014-07-11,42.12,42.25,41.88,41.97,9772958
2014-07-14,41.99,42.39,41.98,42.38,11857698
2014-07-15,42.41,42.43,41.95,42.1,10551682
2014-07-16,42.26,42.39,42.02,42.12,10331524
2014-07-17,41.93,42.15,41.83,42.02,9983505
2014-07-18,42.14,42.47,42.02,42.43,19272396
2014-07-21,42.12,42.57,42.09,42.4,17607218
2014-07-22,41.1,41.33,40.61,41.19,24707572
2014-07-23,40.98,41.05,40.63,40.81,17531713
2014-07-24,40.97,41.1,40.66,40.97,14856012
2014-07-25,40.92,41.04,40.81,41.0,10809949
2014-07-28,40.99,41.0,40.61,40.68,11709721
2014-07-29,40.75,40.78,40.35,40.35,10872629
2014-07-30,40.45,40.5,39.61,39.62,20346235
2014-07-31,39.53,39.73,39.25,39.29,15436851
2014-08-01,39.13,39.49,39.06,39.29,13568610
2014-08-04,39.41,39.46,39.12,39.4,11013475
2014-08-05,39.34,39.53,39.1,39.18,11639154
2014-08-06,39.13,39.96,39.13,39.92,17567544
2014-08-07,39.96,40.01,39.33,39.35,14367594
2014-08-08,39.34,39.58,39.26,39.45,13666969
2014-08-11,39.52,39.87,39.52,39.57,14102644
2014-08-12,39.56,39.84,39.54,39.68,13297538
2014-08-13,39.7,40.1,39.7,39.94,9646476
2014-08-14,39.93,40.19,39.93,40.18,6902023
2014-08-15,40.85,41.15,40.66,40.88,23221550
2014-08-18,41.35,41.48,41.16,41.26,10261305
2014-08-19,41.35,41.48,41.16,41.26,10261305
2014-08-20,41.15,41.34,41.09,41.25,6791695
2014-08-21,41.29,41.69,41.22,41.41,11951213
2014-08-22,41.29,41.52,41.05,41.12,11244643
2014-08-25,41.32,41.45,41.12,41.41,10229332
2014-08-26,41.41,41.7,41.41,41.6,8416524
2014-08-27,41.53,41.71,41.44,41.6,7701957
2014-08-28,41.51,41.7,41.44,41.63,9747093
2014-08-29,41.6,41.75,41.47,41.72,7666718
2014-09-01,41.52,41.84,41.31,41.72,7666718
2014-09-02,41.52,41.84,41.31,41.64,9798704
2014-09-03,41.69,41.85,41.66,41.78,8644484
2014-09-04,41.8,42.17,41.73,41.87,16785311
2014-09-05,41.86,41.86,41.61,41.84,12768144
2014-09-08,41.67,41.94,41.63,41.78,9097707
2014-09-09,41.77,42.03,41.75,41.94,11892490
2014-09-10,41.9,42.19,41.83,42.17,17558019
2014-09-11,41.68,42.06,41.66,41.95,19615854
2014-09-12,41.9,41.92,41.36,41.46,12979948
2014-09-15,41.45,41.58,41.33,41.5,12259597
2014-09-16,41.29,41.8,41.18,41.64,15232844
2014-09-17,41.77,41.78,41.32,41.61,16703094
2014-09-18,41.75,41.88,41.55,41.79,12594172
2014-09-19,41.98,42.35,41.75,42.05,47559738
2014-09-22,41.85,42.25,41.73,42.22,11518108
2014-09-23,42.0,42.16,41.88,41.89,10252374
2014-09-24,41.85,42.34,41.85,42.27,13540935
2014-09-25,42.06,42.17,41.77,41.78,11076728
2014-09-26,42.0,42.25,41.71,42.2,9939569
2014-09-29,41.9,42.26,41.88,42.25,12446707
2014-09-30,42.1,42.81,42.08,42.66,22613730
2014-10-01,42.55,42.85,42.37,42.74,30409720
2014-10-02,42.6,42.78,42.42,42.66,16643440
2014-10-03,42.86,43.07,42.66,43.0,14046676
2014-10-06,43.03,43.68,42.97,43.6,20331446
2014-10-07,43.48,44.14,43.48,43.92,24936592
2014-10-08,43.58,44.56,43.51,44.55,26115610
2014-10-09,44.44,44.75,43.87,43.87,25030528
2014-10-10,43.88,44.87,43.85,44.47,25920757
2014-10-13,44.28,44.63,44.03,44.07,20183940
2014-10-14,44.04,44.12,43.47,43.64,21027832
2014-10-15,42.7,43.53,42.7,43.23,22988937
2014-10-16,42.65,42.94,42.38,42.56,22519282
2014-10-17,42.69,43.03,42.31,42.88,23236041
2014-10-20,42.75,43.47,42.71,43.29,17647782
2014-10-21,40.8,41.19,40.26,40.68,55953509
2014-10-22,40.19,41.11,40.1,40.62,27728233
2014-10-23,40.94,41.38,40.74,40.86,23347181
2014-10-24,40.94,41.38,40.74,40.86,23347181
2014-10-27,40.76,40.86,40.51,40.56,18660970
2014-10-28,40.65,41.03,40.52,40.96,25767750
2014-10-29,40.65,41.03,40.52,40.96,25767750
2014-10-30,41.0,41.59,40.83,41.4,18295604
2014-10-31,41.83,41.89,41.4,41.88,18477684
2014-11-03,41.79,42.28,41.59,41.81,13239536
2014-11-04,41.77,42.05,41.66,41.82,10105358
2014-11-05,42.3,42.54,41.99,42.31,20676761
2014-11-06,42.43,42.62,42.11,42.29,11528817
2014-11-07,42.45,42.46,42.14,42.32,11803792
2014-11-10,42.25,42.57,42.09,42.39,9088938
2014-11-11,42.38,42.71,42.36,42.51,8563691
2014-11-12,42.51,42.89,42.31,42.71,12768769
2014-11-13,42.65,43.08,42.63,42.79,12007696
2014-11-14,42.7,42.97,42.5,42.73,10939478
2014-11-17,42.75,42.99,42.73,42.92,10663996
2014-11-18,42.95,43.86,42.75,43.53,26143194
2014-11-19,43.67,44.43,43.56,44.22,25402296
2014-11-20,43.96,44.42,43.85,44.25,13465446
2014-11-21,44.58,44.74,44.28,44.5,14382672
2014-11-24,44.51,44.78,44.2,44.27,12890827
2014-11-25,44.27,44.59,44.12,44.43,10741655
2014-11-26,43.99,44.37,43.97,44.29,9200463
2014-11-27,43.99,44.37,43.97,44.29,9200463
2014-11-28,44.15,45.0,44.15,44.83,10501972
2014-12-01,44.18,44.77,44.13,44.55,10065657
2014-12-02,44.37,44.67,44.23,44.54,9878097
2014-12-03,44.42,44.44,43.76,43.8,15246481
2014-12-04,43.62,43.84,43.37,43.5,13804776
2014-12-05,43.5,43.61,43.2,43.53,12536928
2014-12-08,43.51,43.63,43.09,43.14,12806339
2014-12-09,42.15,42.53,41.67,42.04,25714579
2014-12-10,42.04,42.24,41.56,41.6,18324132
2014-12-11,41.62,42.01,41.5,41.53,16201523
2014-12-12,41.39,41.61,40.87,40.91,18432381
2014-12-15,41.13,41.18,40.56,40.57,23378508
2014-12-16,40.2,41.31,39.8,40.39,23475421
2014-12-17,40.44,41.76,40.38,41.55,20223938
2014-12-18,41.86,42.39,41.75,42.39,18030716
2014-12-19,42.44,42.79,41.89,41.95,24009502
2014-12-22,42.14,42.44,42.09,42.35,11190862
2014-12-23,42.54,43.14,42.47,42.97,13411294
2014-12-24,43.1,43.23,42.92,42.94,6405910
2014-12-26,42.97,43.3,42.93,42.96,6466883
2014-12-29,42.8,43.06,42.49,42.86,8694509
2014-12-30,42.74,42.99,42.65,42.76,9222049
2014-12-31,42.92,42.94,42.22,42.22,9369464
2015-01-02,42.26,42.4,41.8,42.14,9921091
2015-01-05,42.69,42.97,42.08,42.14,26292592
2015-01-06,42.41,42.94,42.24,42.46,16897487
2015-01-07,42.8,43.11,42.58,42.99,13412270
2015-01-08,43.18,43.57,43.1,43.51,21743628
2015-01-09,43.47,43.56,42.95,43.03,12733549
2015-01-12,43.07,43.2,42.46,42.64,11415829
2015-01-13,42.83,43.24,42.45,42.63,12529493
2015-01-14,42.08,42.6,42.07,42.56,13447646
2015-01-15,42.83,42.86,42.17,42.38,11193063
2015-01-16,42.36,42.59,42.24,42.53,15114873
2015-01-20,42.7,43.33,42.61,43.16,17047295
2015-01-21,42.89,43.43,42.76,43.36,10720566
2015-01-22,43.37,43.83,43.07,43.78,14709117
2015-01-23,43.6,43.75,43.18,43.31,12357723
2015-01-26,43.18,43.23,42.83,43.0,11151861
2015-01-27,42.54,42.64,42.15,42.39,15274036
2015-01-28,42.59,42.8,41.9,41.92,14278506
2015-01-29,41.77,42.15,41.47,42.1,13657918
2015-01-30,41.83,41.93,41.11,41.17,19193704
2015-02-02,41.21,41.63,40.9,41.59,15197517
2015-02-03,41.75,41.85,41.37,41.63,13193129
2015-02-04,41.77,42.09,41.62,41.68,16399992
2015-02-05,41.8,41.82,41.51,41.79,11078513
2015-02-06,41.63,41.76,41.32,41.45,12366380
2015-02-09,41.38,41.45,41.04,41.23,13371066
2015-02-10,42.91,43.03,42.2,42.4,32184188
2015-02-11,42.1,42.49,41.7,42.37,20496282
2015-02-12,42.4,42.66,42.07,42.17,13818248
2015-02-13,42.02,42.23,41.76,41.99,10792091
2015-02-17,41.81,41.88,41.64,41.81,12804246
2015-02-18,41.75,41.8,41.47,41.73,9789765
2015-02-19,41.68,42.24,41.53,42.11,16578304
2015-02-20,42.04,42.11,41.64,41.97,15982353
2015-02-23,41.71,42.17,41.69,41.85,11830339
2015-02-24,41.85,42.33,41.77,42.13,12782659
2015-02-25,42.17,42.24,41.74,42.05,10323318
2015-02-26,42.04,42.55,41.97,42.46,14346538
2015-02-27,42.52,43.66,42.47,43.3,28312835
2015-03-02,43.12,43.28,43.08,43.2,13514600
2015-03-03,43.11,43.16,42.84,42.95,10036311
2015-03-04,42.92,42.98,42.47,42.5,16262994
2015-03-05,42.56,42.61,42.25,42.4,9222960
2015-03-06,42.12,42.2,41.33,41.52,18180467
2015-03-09,41.53,41.55,41.32,41.39,10123274
2015-03-10,41.1,41.15,40.68,40.69,14599065
2015-03-11,40.73,40.73,40.08,40.1,18549681
2015-03-12,40.1,40.57,40.02,40.57,17728747
2015-03-13,40.44,40.57,39.61,39.91,17438430
2015-03-16,40.0,40.35,39.99,40.29,15238783
2015-03-17,40.67,40.73,40.32,40.51,21661805
2015-03-18,40.48,40.79,39.8,40.6,26247491
2015-03-19,40.48,40.52,39.96,40.02,16057555
2015-03-20,40.07,40.66,40.01,40.65,31608480
2015-03-23,40.64,40.94,40.5,40.62,17060523
2015-03-24,40.91,40.99,40.47,40.47,13485734
2015-03-25,40.59,40.7,40.24,40.45,22811328
2015-03-26,40.34,40.56,40.23,40.35,17359635
2015-03-27,40.48,40.48,39.97,40.08,14384361
2015-03-30,40.11,40.61,39.94,40.51,12561436
2015-03-31,40.51,40.9,40.35,40.55,16604780
2015-04-01,40.79,40.81,40.23,40.68,14300701
2015-04-02,40.73,40.87,40.48,40.68,14343102
2015-04-06,40.77,41.61,40.59,41.17,19843401
2015-04-07,41.05,41.37,40.97,41.01,9773391
2015-04-08,40.98,41.09,40.74,40.89,8954659
2015-04-09,40.8,41.08,40.63,41.05,12710885
2015-04-10,41.09,41.16,40.85,40.88,8719980
2015-04-13,40.97,40.97,40.7,40.7,9616271
2015-04-14,40.59,40.65,40.32,40.51,11209674
2015-04-15,40.59,40.81,40.32,40.4,11189056
2015-04-16,40.41,40.86,40.3,40.6,13120966
2015-04-17,40.47,40.66,40.1,40.3,15330311
2015-04-20,40.42,40.9,40.41,40.66,13023939
2015-04-21,40.67,40.99,40.54,40.78,19673063
2015-04-22,41.56,41.57,41.07,41.31,26887158
2015-04-23,41.23,41.41,40.92,40.95,17408798
2015-04-24,41.04,41.12,40.81,40.89,11623319
2015-04-27,41.0,41.15,40.78,40.83,10044553
2015-04-28,40.95,40.97,40.6,40.77,12174756
2015-04-29,40.66,40.75,40.4,40.49,11371397
2015-04-30,40.4,40.58,40.28,40.56,12700757
2015-05-01,40.58,40.93,40.5,40.91,10848323
2015-05-04,40.88,41.1,40.77,40.96,10204805
2015-05-05,41.14,41.14,40.68,40.75,11721254
2015-05-06,41.04,41.09,40.39,40.66,11906874
2015-05-07,40.53,40.91,40.51,40.7,13834747
2015-05-08,41.0,41.17,40.85,40.98,11144434
2015-05-11,40.98,41.39,40.88,40.94,10113526
2015-05-12,40.77,40.96,40.52,40.69,12384499
2015-05-13,40.75,41.36,40.72,41.05,13183745
2015-05-14,41.3,41.6,41.25,41.5,9960964
2015-05-15,41.45,41.69,41.43,41.52,8479028
2015-05-18,41.49,41.49,41.25,41.32,11511687
2015-05-19,41.23,41.39,41.13,41.31,9071997
2015-05-20,41.37,41.59,41.31,41.35,10965231
2015-05-21,41.26,41.32,41.07,41.23,9270925
2015-05-22,41.12,41.24,41.04,41.21,11909499
2015-05-26,41.12,41.18,40.74,40.99,15194348
2015-05-27,40.94,41.2,40.83,41.12,9863138
2015-05-28,41.2,41.3,40.88,41.14,9395168
2015-05-29,41.18,41.18,40.77,40.96,19628649
2015-06-01,41.36,41.41,40.88,40.94,12684052
2015-06-02,40.84,41.16,40.68,40.99,11878845
2015-06-03,41.1,41.21,40.78,40.87,8153777
2015-06-04,40.71,40.98,40.53,40.59,10145794
2015-06-05,40.48,40.52,40.08,40.1,15975551
2015-06-08,40.1,40.26,40.02,40.16,14339260
2015-06-09,40.17,40.42,40.11,40.2,10772741
2015-06-10,40.32,40.54,40.28,40.33,11979870
2015-06-11,40.11,40.25,40.03,40.1,11944854
2015-06-12,40.04,40.12,39.84,39.96,15568577
2015-06-15,39.83,39.86,39.57,39.59,11364793
2015-06-16,39.63,40.16,39.6,40.08,12517410
2015-06-17,40.08,40.32,40.01,40.27,13898422
2015-06-18,40.16,40.74,40.16,40.65,16314590
2015-06-19,40.59,40.65,40.4,40.4,23550571
2015-06-22,40.51,40.81,40.46,40.48,8775913
2015-06-23,40.43,40.52,40.31,40.38,11094928
2015-06-24,40.37,40.45,40.19,40.19,10385088
2015-06-25,40.28,40.34,40.02,40.02,10607592
2015-06-26,40.1,40.35,40.0,40.0,16215596
2015-06-29,39.8,39.98,39.4,39.4,15500771
2015-06-30,39.61,39.61,39.12,39.23,14621325
2015-07-01,39.38,39.6,39.28,39.5,11177431
2015-07-02,39.63,39.81,39.35,39.49,8975923
2015-07-06,39.32,39.6,39.22,39.42,10252593
2015-07-07,39.49,40.38,39.4,40.25,20335005
2015-07-08,39.99,40.23,39.84,39.86,11383747
2015-07-09,40.46,40.58,39.9,39.92,13392040
2015-07-10,40.27,40.52,40.16,40.39,13360379
2015-07-13,40.56,40.77,40.49,40.66,9854203
2015-07-14,40.9,41.26,40.84,41.17,19531043
2015-07-15,41.15,41.36,41.1,41.13,11252142
2015-07-16,41.42,41.6,41.35,41.48,10483688
2015-07-17,41.31,41.32,41.05,41.25,9608302
2015-07-20,41.35,41.54,41.22,41.38,10024168
2015-07-21,41.38,41.52,41.1,41.19,13653823
2015-07-22,40.81,41.59,40.59,40.9,15528630
2015-07-23,40.99,41.02,40.48,40.84,13522199
2015-07-24,40.76,40.83,40.41,40.44,10912528
2015-07-27,40.28,40.58,40.16,40.54,10945666
2015-07-28,40.65,40.73,40.44,40.55,11021821
2015-07-29,40.53,40.71,40.49,40.59,8479899
2015-07-30,40.55,40.75,40.39,40.56,9095488
2015-07-31,40.88,41.22,40.77,41.08,15309490
2015-08-03,40.85,41.55,40.84,41.54,14672571
2015-08-04,41.51,41.87,41.34,41.85,17559905
2015-08-05,41.92,42.22,41.82,42.12,15329248
2015-08-06,42.0,42.25,41.86,41.92,11378874
2015-08-07,41.81,41.97,41.53,41.77,10886719
2015-08-10,41.89,41.99,41.58,41.68,9501875
2015-08-11,41.4,41.57,41.17,41.48,11254885
2015-08-12,41.13,41.26,40.85,41.26,9793289
2015-08-13,41.28,41.38,41.01,41.1,10270853
2015-08-14,41.01,41.25,40.96,41.25,9905619
2015-08-17,41.03,41.45,40.97,41.35,8272813
2015-08-18,41.28,41.53,41.19,41.3,11199353
2015-08-19,41.14,41.24,40.78,40.78,15796547
2015-08-20,40.52,40.82,40.42,40.55,14217983
2015-08-21,40.16,40.47,39.51,39.53,28036173
2015-08-24,37.99,38.94,36.56,38.38,44065301
2015-08-25,39.13,39.28,37.93,37.99,31363717
2015-08-26,38.75,38.83,37.89,38.73,23523272
2015-08-27,39.06,39.38,38.6,39.27,18871551
2015-08-28,39.11,39.47,39.05,39.45,14503887
2015-08-31,39.15,39.45,39.05,39.32,12673262
2015-09-01,38.67,39.03,38.54,38.75,23703211
2015-09-02,39.03,39.07,38.56,38.9,14054821
2015-09-03,38.9,39.34,38.84,39.16,13311591
2015-09-04,38.68,38.79,38.38,38.52,15450547
2015-09-08,38.87,39.03,38.6,38.9,15273936
2015-09-09,39.12,39.21,38.2,38.3,13764593
2015-09-10,38.31,38.65,38.25,38.42,14952537
2015-09-11,38.01,38.19,37.84,38.13,11802271
2015-09-14,38.22,38.22,37.85,38.1,8950014
2015-09-15,38.07,38.63,37.92,38.5,13019802
2015-09-16,38.67,39.19,38.47,39.15,22233383
2015-09-17,39.15,39.61,39.04,39.38,21232475
2015-09-18,38.86,39.3,38.71,38.98,27527257
2015-09-21,39.05,39.31,38.94,39.19,12935770
2015-09-22,38.68,38.99,38.58,38.79,15021341
2015-09-23,38.79,38.88,38.55,38.76,8910787
2015-09-24,38.52,39.2,38.51,39.15,19385676
2015-09-25,39.43,40.08,39.33,39.62,22511328
2015-09-28,39.52,39.82,39.33,39.53,19323124
2015-09-29,39.52,39.71,39.33,39.66,14166903
2015-09-30,39.88,40.23,39.8,40.12,19752636
2015-10-01,40.22,40.47,39.6,39.8,19606626
2015-10-02,39.56,40.39,39.36,40.39,15537258
2015-10-05,40.45,41.05,40.43,41.01,15664041
2015-10-06,41.04,41.34,40.93,40.96,14579392
2015-10-07,41.14,41.61,41.1,41.52,14401357
2015-10-08,41.26,41.99,41.26,41.98,11960174
2015-10-09,41.82,42.12,41.78,42.02,13931163
2015-10-12,41.83,42.29,41.81,42.0,12299062
2015-10-13,41.8,41.91,41.54,41.65,12903557
2015-10-14,41.56,41.96,41.56,41.68,14180003
2015-10-15,41.87,42.03,41.6,41.92,11801562
2015-10-16,42.16,42.21,41.88,42.02,20384217
2015-10-19,41.9,42.06,41.8,41.99,15553774
2015-10-20,42.0,42.4,42.0,42.29,16199274
2015-10-21,41.94,42.52,41.71,42.19,19441875
2015-10-22,42.44,43.85,42.41,43.24,35920184
2015-10-23,43.31,43.31,42.75,42.79,18796054
2015-10-26,42.76,42.89,42.46,42.59,14788551
2015-10-27,42.5,42.77,42.48,42.61,30166606
2015-10-28,42.75,42.84,42.21,42.73,13667307
2015-10-29,42.66,42.9,42.34,42.79,9427360
2015-10-30,42.8,42.86,42.35,42.35,15356150
2015-11-02,42.32,42.36,41.9,42.24,16252244
2015-11-03,42.18,42.32,41.81,42.16,9693096
2015-11-04,42.27,42.39,41.89,41.97,10488505
2015-11-05,42.0,42.35,41.98,42.33,9625114
2015-11-06,41.97,42.22,41.61,41.96,11926701
2015-11-09,41.7,41.79,41.34,41.54,10842712
2015-11-10,41.44,41.81,41.43,41.77,8283092
2015-11-11,41.94,42.2,41.92,42.04,9101167
2015-11-12,42.01,42.05,41.57,41.58,10724972
2015-11-13,41.46,41.78,41.36,41.38,11619468
2015-11-16,41.43,42.0,41.39,41.96,11244857
2015-11-17,41.85,42.15,41.51,41.67,12739365
2015-11-18,41.77,42.35,41.68,42.28,12966287
2015-11-19,42.32,43.3,42.32,43.11,24090723
2015-11-20,43.31,43.58,42.4,42.43,19780761
2015-11-23,42.55,43.18,42.53,42.96,13338134
2015-11-24,42.7,43.6,42.66,43.36,15767155
2015-11-25,43.32,43.5,43.24,43.36,10344857
2015-11-27,43.04,43.24,42.8,43.15,7236711
2015-11-30,43.12,43.15,42.61,42.62,16063027
2015-12-01,42.73,43.1,42.73,42.89,11153028
2015-12-02,42.83,42.93,42.59,42.77,12598499
2015-12-03,42.73,42.89,42.32,42.46,15004860
2015-12-04,42.58,43.48,42.58,43.29,16487972
2015-12-07,43.31,43.44,43.0,43.2,12030718
2015-12-08,43.05,43.25,42.8,43.01,10736213
2015-12-09,42.78,43.27,42.5,42.66,12945502
2015-12-10,42.73,43.07,42.53,42.76,15483321
2015-12-11,42.63,42.83,42.14,42.27,17313443
2015-12-14,42.31,42.76,41.97,42.45,20092892
2015-12-15,42.84,43.24,42.76,43.07,17916382
2015-12-16,43.25,43.91,43.25,43.84,21868610
2015-12-17,43.81,43.89,43.42,43.49,14697025
2015-12-18,43.36,43.42,42.5,42.5,24583695
2015-12-21,42.82,42.94,42.46,42.78,10444353
2015-12-22,42.86,43.39,42.71,43.29,12280757
2015-12-23,43.39,43.73,43.35,43.67,9092284
2015-12-24,43.49,43.72,43.42,43.54,3036573
2015-12-28,43.44,43.52,43.31,43.49,6326143
2015-12-29,43.54,43.78,43.5,43.71,7739815
2015-12-30,43.75,43.77,43.45,43.57,5112475
2015-12-31,43.3,43.34,42.87,42.96,9727907
2016-01-04,42.34,42.5,41.97,42.4,16084145
2016-01-05,42.31,42.63,42.17,42.55,15781895
2016-01-06,42.2,42.51,42.04,42.32,16245132
2016-01-07,41.65,42.11,41.45,41.62,20563576
2016-01-08,41.65,42.12,41.41,41.51,14645913
2016-01-11,41.58,41.86,41.29,41.58,15815238
2016-01-12,42.3,42.45,41.87,42.12,21814837
2016-01-13,42.17,42.57,41.79,41.85,16854282
2016-01-14,41.99,42.17,41.64,41.88,16027968
2016-01-15,40.95,41.59,40.93,41.5,21153592
2016-01-19,41.77,42.12,41.65,41.92,15462240
2016-01-20,41.45,41.62,40.75,41.38,19923495
2016-01-21,41.45,41.51,41.09,41.39,15568891
2016-01-22,41.64,42.24,41.45,42.06,15209235
2016-01-25,42.24,42.5,41.93,42.16,12505160
2016-01-26,42.16,42.5,41.93,42.08,13018471
2016-01-27,42.18,42.46,41.81,42.09,14167021
2016-01-28,42.18,42.72,42.06,42.57,16622840
2016-01-29,42.86,43.26,42.65,42.92,20457028
2016-02-01,42.6,43.15,42.57,43.0,17097846
2016-02-02,42.7,42.79,42.41,42.44,12332896
2016-02-03,42.8,42.94,42.28,42.72,15958302
2016-02-04,42.52,42.89,42.4,42.53,14413744
2016-02-05,42.93,42.99,42.26,42.44,17315697
2016-02-08,42.17,42.7,41.9,42.65,17254432
2016-02-09,42.26,43.49,42.26,43.3,24853835
2016-02-10,43.34,43.39,42.51,42.55,16729648
2016-02-11,42.03,42.61,41.98,42.41,16825341
2016-02-12,42.72,43.14,42.56,43.11,15222405
2016-02-16,43.32,43.46,43.02,43.36,12675861
2016-02-17,43.42,43.62,43.28,43.49,12332503
2016-02-18,43.63,43.73,43.3,43.61,11170259
2016-02-19,43.58,43.77,43.28,43.77,12849973
2016-02-22,43.76,44.16,43.63,43.94,20716140
2016-02-23,43.74,44.05,43.66,43.69,11166383
2016-02-24,43.56,43.94,43.37,43.91,10844226
2016-02-25,43.96,44.18,43.87,44.16,10903294
2016-02-26,44.04,44.06,43.11,43.14,18421002
2016-02-29,43.17,43.61,42.92,43.13,15049765
2016-03-01,43.38,43.69,43.17,43.69,12358255
2016-03-02,43.47,43.77,43.42,43.77,12856312
2016-03-03,43.61,43.98,43.54,43.96,13134766
2016-03-04,43.78,44.15,43.68,44.11,13691531
2016-03-07,43.91,44.14,43.86,44.01,10695323
2016-03-08,43.92,44.47,43.81,44.32,18900248
2016-03-09,44.39,44.83,44.29,44.81,18466621
2016-03-10,44.84,45.26,44.68,45.23,28908569
2016-03-11,45.0,45.25,44.93,45.2,16129346
2016-03-14,45.04,45.42,45.04,45.29,13206678
2016-03-15,45.08,45.56,45.07,45.24,13686335
2016-03-16,45.05,45.17,44.55,45.05,15386132
2016-03-17,45.05,45.91,44.97,45.77,24079977
2016-03-18,45.84,45.87,45.39,45.6,23853439
2016-03-21,45.42,45.87,45.36,45.67,9740372
2016-03-22,45.55,45.73,45.39,45.5,13788291
2016-03-23,45.4,45.71,45.35,45.46,9292052
2016-03-24,45.45,45.6,45.19,45.58,10890206
2016-03-28,45.56,45.93,45.51,45.8,13306594
2016-03-29,45.86,46.51,45.81,46.48,25010417
2016-03-30,46.63,46.73,46.33,46.58,14312186
2016-03-31,46.55,46.88,46.32,46.39,15544517
2016-04-01,46.14,46.87,46.11,46.83,14922876
2016-04-04,46.84,46.93,46.5,46.89,10629837
2016-04-05,46.62,46.81,46.44,46.53,10696703
2016-04-06,46.57,46.73,46.38,46.71,9122659
2016-04-07,46.5,46.58,46.16,46.36,9291960
2016-04-08,46.44,46.98,46.44,46.87,11959305
2016-04-11,46.9,47.13,46.41,46.44,11880062
2016-04-12,46.41,46.76,46.35,46.65,11219103
2016-04-13,46.77,46.78,45.82,46.04,13234140
2016-04-14,46.06,46.22,45.75,45.83,12982242
2016-04-15,45.82,46.16,45.68,46.1,13647784
2016-04-18,46.13,46.28,45.82,46.22,11538098
2016-04-19,46.31,46.62,46.15,46.6,14418258
2016-04-20,45.34,45.38,44.06,44.37,40360297
2016-04-21,44.26,44.28,42.87,43.66,37206893
2016-04-22,43.79,44.66,43.79,44.54,25134220
2016-04-25,44.5,44.72,44.38,44.71,11173788
2016-04-26,44.92,44.96,44.43,44.53,13935517
2016-04-27,44.64,44.86,44.25,44.68,11335539
2016-04-28,44.5,44.9,44.46,44.63,10932525
2016-04-29,44.53,44.86,44.5,44.8,11716045
2016-05-02,44.57,45.19,44.57,44.98,12577467
2016-05-03,44.87,45.07,44.65,44.84,10420484
2016-05-04,44.72,45.11,44.51,44.98,9350517
2016-05-05,44.93,45.49,44.87,45.06,8801093
2016-05-06,45.06,45.41,44.92,45.32,8564035
2016-05-09,45.32,45.5,45.17,45.24,8110576
2016-05-10,45.44,45.84,45.42,45.75,8933457
2016-05-11,45.73,45.88,45.45,45.46,8833105
2016-05-12,45.55,45.9,45.49,45.83,10463436
2016-05-13,45.75,45.83,45.23,45.35,10341197
2016-05-16,45.16,45.73,45.14,45.62,9413602
2016-05-17,45.45,45.56,44.71,44.75,17457008
2016-05-18,44.56,44.83,44.23,44.48,12524275
2016-05-19,44.25,44.39,44.04,44.32,10659524
2016-05-20,44.51,44.54,43.94,43.95,12914133
2016-05-23,44.07,44.16,43.94,43.97,13554700
2016-05-24,44.1,44.42,44.0,44.37,12634212
2016-05-25,44.51,44.63,44.25,44.38,9218444
2016-05-26,44.53,44.77,44.44,44.69,8695753
2016-05-27,44.71,44.96,44.65,44.78,7893894
2016-05-31,44.98,44.98,44.26,44.6,18935249
2016-06-01,44.6,44.78,44.49,44.7,8916015
2016-06-02,44.7,44.72,44.5,44.72,6693945
2016-06-03,44.75,45.05,44.68,45.04,13434865
2016-06-06,45.09,45.48,45.08,45.37,10310560
2016-06-07,45.35,45.48,45.2,45.32,9812617
2016-06-08,45.24,45.66,45.19,45.55,7915417
2016-06-09,45.33,45.8,45.31,45.76,8042866
2016-06-10,45.62,46.01,45.56,45.99,12357013
2016-06-13,45.48,45.67,45.09,45.12,10613533
2016-06-14,44.85,45.13,44.44,45.04,11298208
2016-06-15,45.12,45.34,44.88,45.01,8360350
2016-06-16,44.87,45.34,44.72,45.31,11305429
2016-06-17,45.17,45.22,44.38,44.79,20805405
2016-06-20,45.09,45.31,44.96,44.98,10712366
2016-06-21,45.16,45.28,45.0,45.13,7919395
2016-06-22,45.25,45.33,44.81,44.86,10738930
2016-06-23,45.03,45.17,44.84,45.08,9655345
2016-06-24,44.2,44.56,43.82,43.93,26003657
2016-06-27,43.67,43.89,43.32,43.78,15805581
2016-06-28,44.06,44.19,43.67,44.18,16509784
2016-06-29,44.39,44.71,44.24,44.44,12250905
2016-06-30,44.52,45.33,44.49,45.33,16056522
2016-07-01,45.32,45.41,45.07,45.12,11799738
2016-07-05,45.16,45.67,45.15,45.43,12339123
2016-07-06,45.5,45.55,44.92,45.27,10902573
2016-07-07,45.42,45.52,44.97,45.09,9741108
2016-07-08,45.3,45.52,45.07,45.38,11127077
2016-07-11,45.35,45.77,45.11,45.57,10937780
2016-07-12,45.64,45.71,45.18,45.58,9746907
2016-07-13,45.61,45.76,45.43,45.74,8028398
2016-07-14,45.73,45.94,45.58,45.69,7621235
2016-07-15,45.88,45.9,45.44,45.63,10620966
2016-07-18,45.69,45.7,45.48,45.63,7958371
2016-07-19,45.46,45.71,45.43,45.63,7761133
2016-07-20,45.75,45.77,45.39,45.51,8478211
2016-07-21,45.34,45.51,45.26,45.45,8150077
2016-07-22,45.5,45.84,45.46,45.83,8836148
2016-07-25,45.81,45.83,45.47,45.57,9134338
2016-07-26,45.53,45.65,44.83,44.88,15819907
2016-07-27,43.9,44.06,43.1,43.4,37461073
2016-07-28,43.27,43.69,43.22,43.65,13077828
2016-07-29,43.72,43.75,43.48,43.63,16530511
2016-08-01,43.69,43.83,43.43,43.45,12349682
2016-08-02,43.35,43.58,43.31,43.53,12825187
2016-08-03,43.66,43.7,43.37,43.64,12119080
2016-08-04,43.56,43.8,43.4,43.51,11244053
2016-08-05,43.65,43.75,43.41,43.48,10398203
2016-08-08,43.43,43.52,43.22,43.44,8680309
2016-08-09,43.5,43.64,43.38,43.47,7281332
2016-08-10,43.64,43.69,43.5,43.61,8412055
2016-08-11,43.72,43.87,43.62,43.75,11303281
2016-08-12,43.91,44.19,43.79,44.03,10928925
2016-08-15,44.1,44.33,44.01,44.24,10390642
2016-08-16,44.25,44.25,43.83,43.83,9706132
2016-08-17,44.01,44.07,43.78,44.06,11208499
2016-08-18,44.01,44.26,44.0,44.1,9144293
2016-08-19,44.05,44.06,43.74,43.92,9385920
2016-08-22,43.94,43.95,43.73,43.74,8687524
2016-08-23,43.85,43.98,43.74,43.85,8421061
2016-08-24,43.82,43.94,43.66,43.85,11508919
2016-08-25,43.85,43.94,43.63,43.67,9815662
2016-08-26,43.72,43.92,43.31,43.32,11824943
2016-08-29,43.34,43.61,43.33,43.54,9544573
2016-08-30,43.46,43.53,43.12,43.24,9720067
2016-08-31,43.43,43.46,43.08,43.43,10217936
2016-09-01,43.21,43.41,43.2,43.35,8457766
2016-09-02,43.52,43.83,43.47,43.66,9026010
2016-09-06,43.74,43.8,43.4,43.79,8600372
2016-09-07,43.72,43.8,43.53,43.64,8656580
2016-09-08,43.67,43.73,43.45,43.63,10020425
2016-09-09,43.43,43.43,42.27,42.27,23624237
2016-09-12,42.36,43.23,42.34,43.19,15932296
2016-09-13,42.77,42.77,42.21,42.28,12962720
2016-09-14,42.27,42.41,41.99,42.11,9823933
2016-09-15,42.01,42.39,41.88,42.36,10244620
2016-09-16,42.17,42.26,41.97,42.14,16353971
2016-09-19,42.16,42.37,42.08,42.1,7659863
2016-09-20,42.31,42.53,42.24,42.34,8407163
2016-09-21,42.28,42.61,42.1,42.53,13654653
2016-09-22,42.71,43.01,42.69,42.96,9288268
2016-09-23,42.81,42.94,42.65,42.74,8852719
2016-09-26,42.71,42.72,42.01,42.05,15036043
2016-09-27,42.19,42.63,42.0,42.59,11920432
2016-09-28,42.63,42.76,42.03,42.15,15523783
2016-09-29,42.02,42.39,41.85,42.03,12671673
2016-09-30,42.21,42.5,42.06,42.32,14375702
2016-10-03,42.31,42.31,41.89,42.03,11152793
2016-10-04,42.34,42.34,41.78,41.84,13682703
2016-10-05,41.93,42.07,41.67,41.81,9607263
2016-10-06,41.68,41.94,41.58,41.71,9722878
2016-10-07,41.83,41.94,41.57,41.73,8122809
2016-10-10,41.92,41.99,41.6,41.73,8983623
2016-10-11,41.66,41.7,41.4,41.54,12249060
2016-10-12,41.63,41.84,41.5,41.78,12216588
2016-10-13,41.65,41.89,41.51,41.76,17655643
2016-10-14,41.85,41.91,41.62,41.67,9893840
2016-10-17,41.73,41.86,41.57,41.6,10792512
2016-10-18,41.81,42.0,41.73,41.97,11297333
2016-10-19,41.93,42.12,41.81,42.05,16367383
2016-10-20,41.97,42.11,41.89,41.93,10620494
2016-10-21,41.85,42.17,41.68,42.13,14401515
2016-10-24,42.32,42.77,42.25,42.56,13439196
2016-10-25,42.64,42.88,42.43,42.54,16484713
2016-10-26,43.0,43.03,42.41,42.44,16886249
2016-10-27,42.63,42.65,41.9,42.12,14537030
2016-10-28,42.26,42.47,42.1,42.23,13398353
2016-10-31,42.12,42.41,42.12,42.4,13327475
2016-11-01,42.4,42.43,41.91,42.12,12223368
2016-11-02,42.1,42.34,42.01,42.05,12034271
2016-11-03,42.22,42.22,41.96,42.03,11257978
2016-11-04,41.85,42.04,41.69,41.69,14464185
2016-11-07,42.04,42.5,42.04,42.46,14038532
2016-11-08,42.37,42.98,42.37,42.88,12036581
2016-11-09,41.76,42.32,41.7,42.27,21350962
2016-11-10,41.86,42.26,40.86,40.94,33245534
2016-11-11,40.95,41.13,40.63,41.03,13420962
2016-11-14,41.13,41.42,40.85,41.17,19514172
2016-11-15,41.18,41.52,41.17,41.44,16553962
2016-11-16,41.4,41.65,41.16,41.26,12681351
2016-11-17,41.28,41.3,41.0,41.12,12398821
2016-11-18,41.03,41.2,40.9,40.91,16345262
2016-11-21,40.74,41.36,40.73,41.36,12307041
2016-11-22,41.45,41.7,41.24,41.37,12743512
2016-11-23,41.22,41.31,41.03,41.12,9294081
2016-11-25,41.39,41.58,41.24,41.53,7402652
2016-11-28,41.51,41.79,41.27,41.75,19424412
2016-11-29,41.52,41.52,41.14,41.15,11421921
2016-11-30,41.0,41.2,40.35,40.35,22410367
2016-12-01,40.31,40.39,39.88,40.17,20409864
2016-12-02,40.3,40.5,40.19,40.36,11176301
2016-12-05,40.34,40.69,40.31,40.62,15977847
2016-12-06,40.75,40.77,40.42,40.57,11303492
2016-12-07,40.54,41.29,40.51,41.29,13726520
2016-12-08,41.07,41.21,40.85,40.98,13077139
2016-12-09,41.5,42.22,41.29,42.0,28125775
2016-12-12,42.0,42.01,41.72,41.9,17561900
2016-12-13,41.72,41.96,41.54,41.76,18985974
2016-12-14,41.89,41.99,41.06,41.21,17937857
2016-12-15,41.1,41.81,41.1,41.55,14265277
2016-12-16,41.61,41.76,41.48,41.74,19675238
2016-12-19,41.69,41.8,41.58,41.67,8687338
2016-12-20,41.7,41.72,41.44,41.66,10603483
2016-12-21,41.6,41.83,41.52,41.57,9693613
2016-12-22,41.57,41.62,41.08,41.55,11894113
2016-12-23,41.62,41.69,41.35,41.6,6436556
2016-12-27,41.56,41.76,41.54,41.61,6999169
2016-12-28,41.49,41.67,41.39,41.39,8987984
2016-12-29,41.38,41.69,41.38,41.6,6875301
2016-12-30,41.69,41.84,41.35,41.46,11470194
2017-01-03,41.5,41.81,41.28,41.8,14711049
2017-01-04,41.88,41.97,41.59,41.65,9959402
2017-01-05,41.66,41.86,41.53,41.75,8968258
2017-01-06,41.7,41.81,41.54,41.74,10247235
2017-01-09,41.23,41.58,41.21,41.32,14822501
2017-01-10,41.44,41.44,40.86,41.04,19706782
2017-01-11,40.85,41.12,40.83,41.05,9266213
2017-01-12,41.01,41.04,40.8,40.95,8541181
2017-01-13,41.0,41.04,40.69,40.88,8123494
2017-01-17,40.84,41.3,40.8,41.22,12469432
2017-01-18,41.25,41.38,41.14,41.29,10390485
2017-01-19,41.14,41.29,41.03,41.14,10987072
2017-01-20,41.27,41.44,41.13,41.32,14695409
2017-01-23,41.31,41.5,41.21,41.43,11628909
2017-01-24,41.47,41.97,41.47,41.9,17040102
2017-01-25,41.94,42.25,41.9,42.12,12538163
2017-01-26,42.03,42.11,41.79,41.81,8977135
2017-01-27,41.91,41.95,41.42,41.45,12967361
2017-01-30,41.3,41.48,41.21,41.38,11626225
2017-01-31,41.39,41.69,41.36,41.57,12677977
2017-02-01,41.52,41.66,41.25,41.26,11136077
2017-02-02,41.41,41.49,41.25,41.4,9459722
2017-02-03,41.58,41.79,41.46,41.54,11882373
2017-02-06,41.53,41.67,41.4,41.56,15742824
2017-02-07,41.7,41.98,41.67,41.9,13315185
2017-02-08,41.91,42.15,41.84,42.02,14219667
2017-02-09,41.52,41.68,40.72,41.25,27240268
2017-02-10,41.02,41.2,40.55,40.58,28847307
2017-02-13,40.77,40.83,40.5,40.62,23617075
2017-02-14,40.38,40.6,40.22,40.53,32177836
2017-02-15,40.42,40.63,40.4,40.44,26600788
2017-02-16,40.55,41.28,40.5,41.2,22214839
2017-02-17,41.13,41.36,41.05,41.23,15065148
2017-02-21,41.2,41.5,41.2,41.46,17072551
2017-02-22,41.51,41.68,41.4,41.6,11186823
2017-02-23,41.67,42.0,41.62,41.66,12856844
2017-02-24,41.7,41.91,41.6,41.78,13215306
2017-02-27,41.75,41.75,41.59,41.67,12186364
2017-02-28,41.68,42.07,41.64,41.96,15946816
2017-03-01,42.01,42.35,41.88,42.16,14662016
2017-03-02,42.08,42.56,42.07,42.47,15507623
2017-03-03,42.44,42.49,42.25,42.48,11743030
2017-03-06,42.34,42.43,42.12,42.18,16307783
2017-03-07,42.0,42.24,41.95,41.99,11273704
2017-03-08,42.0,42.03,41.74,41.99,14641689
2017-03-09,42.09,42.11,41.92,42.03,14496447
2017-03-10,42.23,42.4,42.15,42.29,16369676
2017-03-13,41.92,42.12,41.84,42.03,12831543
2017-03-14,41.98,42.1,41.83,41.97,9844453
2017-03-15,41.98,42.28,41.97,42.12,22757762
2017-03-16,42.03,42.39,41.9,42.25,16004192
2017-03-17,42.28,42.35,42.01,42.03,37526506
2017-03-20,42.1,42.34,42.07,42.18,11484233
2017-03-21,42.31,42.63,42.21,42.5,17187257
2017-03-22,42.56,42.7,42.25,42.38,11605453
2017-03-23,42.21,42.39,42.06,42.17,11503322
2017-03-24,42.23,42.25,41.91,42.12,13804411
2017-03-27,42.11,42.34,42.05,42.32,12387364
2017-03-28,42.24,42.56,42.24,42.43,14123756
2017-03-29,42.51,42.53,42.29,42.42,9580060
2017-03-30,42.35,42.62,42.26,42.6,11999910
2017-03-31,42.55,42.65,42.43,42.44,11551767
2017-04-03,42.58,42.63,42.27,42.41,11240037
2017-04-04,42.51,42.69,42.37,42.68,10946230
2017-04-05,42.65,42.86,42.53,42.57,10142817
2017-04-06,42.58,42.76,42.47,42.67,14597765
2017-04-07,42.64,42.74,42.51,42.61,11028772
2017-04-10,42.73,42.8,42.56,42.69,9426908
2017-04-11,42.68,42.75,42.52,42.66,8909379
2017-04-12,42.54,42.99,42.51,42.94,13417205
2017-04-13,42.87,43.08,42.78,42.79,9891941
2017-04-17,42.79,43.07,42.78,43.07,11318086
2017-04-18,43.11,43.59,43.09,43.48,13181590
2017-04-19,43.74,43.79,43.19,43.23,13893062
2017-04-20,43.2,43.3,43.05,43.09,10838274
2017-04-21,42.98,43.1,42.89,43.07,13833772
2017-04-24,43.24,43.43,43.15,43.28,16703800
2017-04-25,42.85,43.43,42.82,43.11,18745112
2017-04-26,43.06,43.43,42.98,43.24,13626625
2017-04-27,43.17,43.28,42.92,43.01,10386244
2017-04-28,42.96,43.2,42.85,43.15,10337768
2017-05-01,43.15,43.5,43.1,43.22,13208246
2017-05-02,43.22,43.44,43.16,43.39,11823916
2017-05-03,43.33,43.49,43.15,43.32,10389027
2017-05-04,43.42,43.81,43.4,43.66,10193084
2017-05-05,43.79,43.84,43.56,43.69,8133039
2017-05-08,43.59,43.91,43.54,43.89,14284342
2017-05-09,43.89,43.89,43.38,43.51,8694355
2017-05-10,43.48,43.62,43.36,43.57,7597653
2017-05-11,43.49,43.68,43.43,43.67,6860135
2017-05-12,43.64,43.68,43.46,43.59,7275825
2017-05-15,43.46,43.76,43.46,43.73,8493046
2017-05-16,43.87,44.11,43.77,43.85,10454121
2017-05-17,43.81,44.17,43.71,43.93,14538754
2017-05-18,43.87,43.96,43.64,43.8,13832197
2017-05-19,43.85,44.0,43.76,43.9,11796762
2017-05-22,43.89,44.22,43.81,44.18,12857913
2017-05-23,44.25,44.6,44.21,44.39,11996138
2017-05-24,44.51,45.09,44.51,45.03,12872039
2017-05-25,45.0,45.48,44.97,45.41,16704206
2017-05-26,45.35,45.56,45.33,45.39,11341383
2017-05-30,45.16,45.46,45.11,45.43,13093537
2017-05-31,45.43,45.7,45.37,45.47,14148040
2017-06-01,45.45,45.79,45.23,45.79,11049283
2017-06-02,45.83,45.89,45.61,45.89,9923724
2017-06-05,45.78,45.99,45.69,45.99,10015163
2017-06-06,45.9,46.06,45.78,45.98,9836725
2017-06-07,45.5,45.7,45.35,45.51,12776279
2017-06-08,45.39,45.51,45.03,45.13,12878998
2017-06-09,45.06,45.35,44.97,45.32,9358824
2017-06-12,45.35,45.48,45.15,45.33,11228502
2017-06-13,45.0,45.11,44.8,45.03,10023358
2017-06-14,45.18,45.47,45.16,45.3,11497520
2017-06-15,45.18,45.34,45.04,45.25,9908718
2017-06-16,45.31,45.35,45.01,45.31,27025333
2017-06-19,45.35,45.38,45.1,45.38,7624663
2017-06-20,45.35,45.87,45.32,45.61,14920858
2017-06-21,45.62,45.68,45.17,45.22,9515844
2017-06-22,45.17,45.28,45.03,45.07,7446300
2017-06-23,45.05,45.38,45.03,45.25,9544792
2017-06-26,45.32,45.51,45.3,45.43,7747057
2017-06-27,45.34,45.4,45.0,45.05,11432191
2017-06-28,45.25,45.5,45.23,45.32,9218750
2017-06-29,45.13,45.24,44.65,44.83,9283457
2017-06-30,44.89,45.12,44.85,44.85,9352785
2017-07-03,45.11,45.27,44.76,44.76,6434460
2017-07-05,44.79,44.99,44.73,44.82,6853558
2017-07-06,44.72,44.85,44.29,44.4,13113019
2017-07-07,44.47,44.52,44.24,44.39,9566044
2017-07-10,44.45,44.58,44.23,44.38,9671953
2017-07-11,44.32,44.48,44.15,44.33,10300706
2017-07-12,44.59,44.77,44.44,44.51,7737362
2017-07-13,44.49,44.53,44.37,44.43,6371855
2017-07-14,44.52,44.72,44.5,44.68,8558718
2017-07-17,44.66,44.79,44.61,44.73,7189214
2017-07-18,44.78,44.85,44.62,44.67,9037162
2017-07-19,44.67,44.84,44.55,44.83,6986937
2017-07-20,44.9,44.98,44.75,44.82,7430262
2017-07-21,44.78,45.07,44.67,45.03,8545560
2017-07-24,45.04,45.05,44.83,44.84,9103586
2017-07-25,45.02,45.29,44.94,45.24,14096307
2017-07-26,44.55,45.79,44.31,45.74,13608926
2017-07-27,45.8,46.43,45.7,46.12,15195172
2017-07-28,46.0,46.12,45.73,46.01,11945270
2017-07-31,46.0,46.08,45.79,45.84,13622891
2017-08-01,45.97,46.06,45.65,45.7,10306810
2017-08-02,45.6,46.0,45.38,45.59,10187921
2017-08-03,45.65,45.95,45.63,45.67,14261400
2017-08-04,45.67,45.76,45.47,45.5,9523593
2017-08-07,45.52,45.76,45.5,45.64,6226315
2017-08-08,45.64,45.82,45.55,45.6,5747919
2017-08-09,45.56,45.66,45.33,45.59,9635260
2017-08-10,45.56,45.84,45.46,45.74,8901554
2017-08-11,45.86,45.9,45.57,45.59,8357607
2017-08-14,45.67,45.94,45.62,45.8,8421179
2017-08-15,45.8,46.25,45.8,46.19,9638061
2017-08-16,46.15,46.34,46.12,46.2,8087313
2017-08-17,46.12,46.33,45.85,45.86,8476994
2017-08-18,45.8,45.9,45.63,45.67,10879794
2017-08-21,45.67,45.8,45.56,45.68,9429736
2017-08-22,45.7,45.75,45.54,45.6,10536716
2017-08-23,45.63,45.66,45.44,45.54,6528402
2017-08-24,45.54,45.61,45.31,45.41,7534364
2017-08-25,45.6,45.76,45.56,45.57,8807143
2017-08-28,45.63,45.69,45.38,45.42,8024028
2017-08-29,45.4,45.57,45.25,45.45,7762162
2017-08-30,45.36,45.54,45.29,45.39,7134910
2017-08-31,45.4,45.65,45.34,45.55,14264572
2017-09-01,45.64,45.8,45.54,45.78,7391249
2017-09-05,45.75,45.93,45.65,45.92,10463902
2017-09-06,45.98,46.04,45.79,45.96,9238867
2017-09-07,46.01,46.32,45.96,46.28,9418365
2017-09-08,46.19,46.37,46.02,46.3,10534915
2017-09-11,46.35,46.59,46.22,46.52,10430254
2017-09-12,46.5,46.75,46.45,46.72,8567619
2017-09-13,46.68,46.98,46.65,46.87,10217985
2017-09-14,46.4,46.47,45.94,46.11,13768837
2017-09-15,46.3,46.36,46.0,46.18,16141413
2017-09-18,46.15,46.24,45.91,46.11,8535331
2017-09-19,46.14,46.19,45.89,45.98,7297932
2017-09-20,45.76,46.15,45.55,45.78,11026594
2017-09-21,45.71,45.79,45.36,45.4,7555292
2017-09-22,45.45,45.63,45.37,45.49,8024827
2017-09-25,45.5,45.76,45.35,45.69,9215326
2017-09-26,45.69,45.87,45.56,45.57,6480138
2017-09-27,45.47,45.5,44.38,44.64,14816247
2017-09-28,44.67,45.0,44.65,44.91,8789517
2017-09-29,44.86,45.11,44.79,45.01,10082221
2017-10-02,45.05,45.27,44.75,44.8,10707763
2017-10-03,44.86,45.26,44.76,45.19,12038102
2017-10-04,45.11,45.56,44.94,45.5,14060338
2017-10-05,45.51,45.75,45.5,45.52,10215323
2017-10-06,45.39,45.52,45.28,45.49,5437871
2017-10-09,45.55,45.65,45.34,45.41,5268348
2017-10-10,45.6,45.9,45.53,45.87,6310445
2017-10-11,45.88,46.2,45.87,46.1,6638173
2017-10-12,45.98,46.14,45.94,46.11,7710216
2017-10-13,46.25,46.38,46.15,46.18,7126020
2017-10-16,46.12,46.75,46.1,46.62,12708563
2017-10-17,46.53,46.63,46.31,46.52,7699367
2017-10-18,46.41,46.54,46.24,46.4,6272155
2017-10-19,46.37,46.79,46.32,46.59,7515545
2017-10-20,46.58,46.59,46.28,46.38,9646790
2017-10-23,46.38,46.65,46.23,46.32,7153607
2017-10-24,46.26,46.29,45.95,46.18,9539484
2017-10-25,46.37,46.76,45.93,46.05,11994174
2017-10-26,46.32,46.75,46.22,46.23,10569064
2017-10-27,46.13,46.33,45.91,46.07,9987969
2017-10-30,46.0,46.07,45.82,45.86,7201867
2017-10-31,45.92,46.17,45.84,45.98,6560545
2017-11-01,45.75,46.09,45.63,45.8,7067635
2017-11-02,45.81,45.95,45.75,45.88,8317810
2017-11-03,45.97,46.16,45.92,45.97,4730358
2017-11-06,45.91,45.92,45.42,45.47,7451311
2017-11-07,45.41,45.95,45.31,45.94,9868033
2017-11-08,45.98,46.19,45.87,46.18,7586867
2017-11-09,46.12,46.39,46.02,46.23,6532379
2017-11-10,46.2,46.64,46.14,46.54,8022885
2017-11-13,46.6,46.82,46.54,46.72,7653580
2017-11-14,46.71,47.48,46.62,47.43,17200736
2017-11-15,47.32,47.46,46.78,46.81,12419146
2017-11-16,46.95,46.98,46.51,46.55,12506380
2017-11-17,46.34,46.38,45.25,45.71,19720707
2017-11-20,45.65,45.88,45.42,45.46,19160872
2017-11-21,45.56,45.95,45.54,45.78,10280791
2017-11-22,45.89,45.93,45.54,45.84,8434404
2017-11-24,45.89,46.05,45.86,45.88,2996338
2017-11-27,45.88,45.99,45.81,45.9,5649156
2017-11-28,45.99,46.15,45.78,45.83,8432783
2017-11-29,45.77,45.82,45.21,45.5,16502110
2017-11-30,45.14,45.84,45.03,45.77,17147588
2017-12-01,45.8,46.02,45.21,45.97,12468785
2017-12-04,45.99,46.38,45.77,46.23,17523581
2017-12-05,46.25,46.44,46.06,46.26,13670758
2017-12-06,46.33,46.48,46.26,46.45,8153957
2017-12-07,46.29,46.32,45.72,45.78,9106494
2017-12-08,45.7,45.73,45.05,45.31,13238583
2017-12-11,45.18,45.41,44.92,45.33,9698673
2017-12-12,45.25,45.52,45.06,45.29,13999340
2017-12-13,45.45,46.05,45.4,45.9,12418663
2017-12-14,45.81,46.17,45.8,46.03,9028977
2017-12-15,46.29,46.42,46.04,46.19,21181606
2017-12-18,46.2,46.38,45.91,45.93,10156757
2017-12-19,46.04,46.38,45.91,46.13,8253158
2017-12-20,46.21,46.3,45.96,46.08,7310961
2017-12-21,46.14,46.22,45.56,45.6,9657134
2017-12-22,45.69,45.73,45.55,45.59,5406307
2017-12-26,45.7,45.86,45.61,45.81,6100436
2017-12-27,45.9,45.94,45.72,45.93,5660633
2017-12-28,45.91,45.99,45.64,45.72,6538851
2017-12-29,45.7,46.18,45.69,45.88,8371536
2018-01-02,45.91,45.94,45.51,45.54,10872178
2018-01-03,45.49,45.69,45.34,45.44,12635589
2018-01-04,45.56,46.22,45.45,46.08,12709370
2018-01-05,46.02,46.2,45.79,46.07,13113148
2018-01-08,45.95,46.1,45.88,46.0,7068611
2018-01-09,46.0,46.36,45.94,46.23,9962424
2018-01-10,46.23,46.26,45.93,46.07,10700671
2018-01-11,46.23,46.23,45.86,46.04,7583180
2018-01-12,46.28,46.39,46.03,46.15,14570149
2018-01-16,46.15,46.62,46.14,46.53,16459289
2018-01-17,46.58,47.0,46.55,46.82,12143081
2018-01-18,46.75,47.07,46.61,46.88,11952931
2018-01-19,46.99,47.25,46.87,47.16,16187425
2018-01-22,47.14,47.5,47.09,47.38,9577437
2018-01-23,47.21,47.7,47.13,47.45,11463742
2018-01-24,47.53,47.95,47.48,47.83,15964475
2018-01-25,47.7,48.0,47.7,47.84,11755001
2018-01-26,47.78,48.62,47.74,48.53,16671227
2018-01-29,48.21,48.46,47.58,47.7,11662632
2018-01-30,47.73,48.16,47.4,47.41,12404757
2018-01-31,47.45,47.9,47.37,47.59,10960082
2018-02-01,47.41,47.73,47.11,47.45,10279439
2018-02-02,47.35,47.41,46.63,46.73,12912307
2018-02-05,46.65,46.92,44.41,44.89,23261475
2018-02-06,43.87,44.74,43.44,44.67,25184306
2018-02-07,44.58,45.5,44.28,44.56,18041614
2018-02-08,44.62,44.62,43.07,43.1,23295329
2018-02-09,43.36,43.46,42.19,43.13,22853126
2018-02-12,43.56,44.23,43.37,43.97,14689026
2018-02-13,43.92,44.41,43.69,44.19,13163196
2018-02-14,44.02,44.19,43.63,44.1,13457911
2018-02-15,44.25,44.83,44.12,44.78,13467318
2018-02-16,45.57,45.64,44.72,44.98,17202302
2018-02-20,44.75,44.83,43.94,43.99,14137347
2018-02-21,44.11,44.26,43.33,43.34,12792902
2018-02-22,43.43,43.82,43.22,43.52,12377840
2018-02-23,43.58,44.06,43.42,44.04,8277178
2018-02-26,44.23,44.39,43.81,44.03,12713306
2018-02-27,44.15,44.31,43.62,43.62,12774392
2018-02-28,43.83,43.91,43.22,43.22,11929361
2018-03-01,43.1,43.64,42.82,43.43,17746825
2018-03-02,43.25,43.8,43.24,43.72,14050081
2018-03-05,43.57,43.94,43.5,43.89,11992712
2018-03-06,43.95,44.05,43.59,43.93,10010478
2018-03-07,43.59,43.92,43.47,43.82,10881683
2018-03-08,43.9,44.46,43.8,44.45,12361100
2018-03-09,44.57,44.82,44.39,44.82,9778643
2018-03-12,44.95,45.09,44.33,44.53,11857700
2018-03-13,44.67,44.83,44.4,44.57,11342136
2018-03-14,44.38,44.43,43.73,43.78,15321218
2018-03-15,43.88,44.0,43.55,43.67,12456712
2018-03-16,43.7,44.02,43.45,43.46,26603281
2018-03-19,43.46,43.71,43.18,43.26,12380290
2018-03-20,43.32,43.48,43.01,43.16,13559805
2018-03-21,43.13,43.45,42.79,43.0,13053980
2018-03-22,42.88,43.37,42.7,42.76,12274085
2018-03-23,42.82,43.16,42.29,42.33,13475205
2018-03-26,42.61,42.81,42.25,42.69,11276082
2018-03-27,42.7,43.31,42.53,42.89,11627041
2018-03-28,43.0,43.7,43.0,43.32,16277393
2018-03-29,43.54,43.92,43.29,43.43,10450497
2018-04-02,43.44,43.5,42.47,42.67,14207925
2018-04-03,42.98,43.54,42.84,43.38,15484644
2018-04-04,43.14,44.4,43.11,44.24,13563321
2018-04-05,44.28,44.61,43.94,44.4,11707816
2018-04-06,44.28,44.52,43.71,43.92,11495075
2018-04-09,44.03,44.31,43.78,43.83,11913408
2018-04-10,44.07,44.18,43.72,43.99,10687338
2018-04-11,43.81,44.14,43.76,43.99,8424265
2018-04-12,44.08,44.41,43.95,44.03,8476392
2018-04-13,44.19,44.69,44.14,44.51,10774160
2018-04-16,44.65,44.89,44.4,44.68,8962115
2018-04-17,44.95,45.03,44.65,44.88,8406404
2018-04-18,44.9,44.97,44.33,44.51,7429015
2018-04-19,44.34,44.47,44.02,44.31,10370411
2018-04-20,44.31,44.41,43.58,43.74,14690701
2018-04-23,43.74,43.99,43.56,43.98,11878473
2018-04-24,43.98,44.1,42.73,43.07,18523876
2018-04-25,42.74,42.89,41.91,42.43,20774725
2018-04-26,42.4,43.1,42.26,42.75,13560998
2018-04-27,42.73,43.34,42.71,43.31,9777912
2018-04-30,43.5,43.69,42.97,43.21,16037685
2018-05-01,42.96,42.99,42.18,42.59,11514189
2018-05-02,42.4,42.59,41.94,42.06,13736366
2018-05-03,42.22,42.4,41.52,41.89,18352236
2018-05-04,41.79,42.5,41.77,42.36,10946198
2018-05-07,42.34,42.49,41.96,42.14,9335968
2018-05-08,41.97,42.09,41.69,41.81,15062159
2018-05-09,41.97,42.23,41.67,41.78,9295152
2018-05-10,41.99,42.36,41.94,42.18,7924184
2018-05-11,42.24,42.47,42.04,42.14,6331948
2018-05-14,42.25,42.32,41.9,42.04,10715475
2018-05-15,41.78,41.92,41.45,41.72,16449729
2018-05-16,41.74,41.94,41.54,41.55,11590491
2018-05-17,42.01,42.35,41.87,42.3,14857406
2018-05-18,42.3,42.38,42.08,42.18,11950173
2018-05-21,42.31,42.52,42.27,42.41,9110232
2018-05-22,42.5,42.6,42.21,42.25,8222864
2018-05-23,42.25,42.45,41.93,42.4,8971427
2018-05-24,42.4,42.47,42.19,42.32,9269609
2018-05-25,42.34,42.58,42.2,42.4,8806470
2018-05-29,42.12,42.85,42.1,42.68,14826877
2018-05-30,42.77,43.28,42.7,43.13,10114223
2018-05-31,43.2,43.21,42.68,43.0,15571263
2018-06-01,43.1,43.32,43.04,43.12,10664650
2018-06-04,43.36,43.59,43.29,43.49,11727577
2018-06-05,43.5,43.54,43.1,43.11,9975899
2018-06-06,43.06,43.46,43.04,43.46,9202924
2018-06-07,43.33,43.73,43.33,43.44,11948051
2018-06-08,43.57,44.0,43.56,43.95,12078768
2018-06-11,43.95,44.25,43.89,44.13,7526128
2018-06-12,44.13,44.42,44.08,44.41,8243317
2018-06-13,44.35,44.52,44.15,44.18,16745026
2018-06-14,43.75,43.85,43.52,43.58,12696174
2018-06-15,43.56,44.15,43.45,44.12,21562459
2018-06-18,43.88,43.96,43.4,43.55,12161936
2018-06-19,43.3,43.75,43.2,43.6,12936411
2018-06-20,43.62,43.78,43.23,43.26,10893715
2018-06-21,43.27,43.3,42.96,43.09,10465212
2018-06-22,43.15,43.41,43.08,43.25,16031146
2018-06-25,43.16,43.75,43.16,43.58,12092383
2018-06-26,43.56,43.84,43.28,43.33,13974671
2018-06-27,43.33,43.61,42.99,43.07,15332570
2018-06-28,43.24,43.68,43.17,43.47,12668917
2018-06-29,43.57,44.1,43.31,43.86,11485550
2018-07-02,43.78,44.16,43.58,43.75,9232583
2018-07-03,44.06,44.33,43.99,43.99,8214329
2018-07-05,44.16,44.67,44.13,44.66,11652987
2018-07-06,44.67,44.94,44.58,44.64,8751372
2018-07-09,44.54,44.73,44.34,44.4,7373065
2018-07-10,44.51,45.0,44.5,44.97,10606148
2018-07-11,44.99,45.0,44.64,44.79,7715616
2018-07-12,44.83,44.96,44.49,44.67,6331623
2018-07-13,44.7,44.78,44.47,44.74,5585980
2018-07-16,44.73,44.8,44.53,44.73,5831418
2018-07-17,44.75,45.39,44.68,45.25,11592240
2018-07-18,45.19,45.29,44.84,45.12,7351566
2018-07-19,44.99,45.43,44.92,45.11,10097454
2018-07-20,45.02,45.28,44.9,45.28,9059143
2018-07-23,45.28,45.36,44.77,44.95,9055748
2018-07-24,44.78,45.27,44.61,45.26,13786134
2018-07-25,46.0,46.58,45.75,46.09,21318606
2018-07-26,46.36,46.59,46.2,46.24,12673080
2018-07-27,46.32,46.5,46.06,46.21,10516948
2018-07-30,46.1,46.44,46.05,46.23,8968168
2018-07-31,46.4,46.67,46.31,46.63,12438797
2018-08-01,46.45,46.49,46.17,46.39,9904087
2018-08-02,46.48,46.63,46.18,46.18,12009745
2018-08-03,46.23,46.76,46.14,46.62,11462886
2018-08-06,46.6,46.87,46.55,46.65,10056109
2018-08-07,46.52,46.61,46.13,46.5,8632949
2018-08-08,46.49,46.56,46.12,46.15,6812170
2018-08-09,46.25,46.42,46.08,46.35,8924087
2018-08-10,46.21,46.42,45.97,46.08,7535443
2018-08-13,46.05,46.13,45.7,45.83,8143398
2018-08-14,45.91,46.1,45.87,45.89,6846114
2018-08-15,45.77,46.15,45.65,46.08,9686427
2018-08-16,46.11,46.38,45.97,46.22,10600733
2018-08-17,46.29,46.73,46.24,46.6,8885691
2018-08-20,46.68,46.87,46.59,46.73,6392025
2018-08-21,46.73,46.75,46.21,46.22,13986293
2018-08-22,46.34,46.38,45.92,45.93,7159135
2018-08-23,45.89,46.08,45.69,45.7,13144908
2018-08-24,45.65,45.8,45.58,45.63,10953103
2018-08-27,46.05,46.05,45.56,45.69,9581245
2018-08-28,45.65,45.73,45.28,45.37,8476801
2018-08-29,45.25,45.42,45.22,45.33,12410931
2018-08-30,45.28,45.32,44.89,44.95,9716529
2018-08-31,45.0,45.07,44.39,44.57,19834439
2018-09-04,44.6,44.9,44.51,44.76,11138579
2018-09-05,44.66,45.42,44.66,45.38,10555033
2018-09-06,45.4,46.0,45.3,45.77,11439474
2018-09-07,45.6,45.82,45.28,45.72,10171768
2018-09-10,45.91,46.31,45.8,46.06,8558142
2018-09-11,46.01,46.15,45.88,46.02,9158489
2018-09-12,46.16,46.3,46.02,46.24,13182395
2018-09-13,46.01,46.12,45.71,45.83,8221417
2018-09-14,45.92,46.03,45.61,45.99,7487634
2018-09-17,46.0,46.33,45.91,46.32,8408616
2018-09-18,46.45,46.53,45.93,45.93,9844476
2018-09-19,46.0,46.11,45.87,45.96,7094903
2018-09-20,46.22,46.68,46.15,46.64,9431612
2018-09-21,46.64,46.69,46.38,46.58,19085099
2018-09-24,46.49,46.53,45.84,46.07,10556070
2018-09-25,46.06,46.18,45.61,45.68,7750719
2018-09-26,45.77,46.07,45.57,45.85,10103281
2018-09-27,45.73,46.18,45.68,46.01,10826389
2018-09-28,46.0,46.19,45.97,46.19,8745198
2018-10-01,46.17,46.35,46.05,46.23,9337025
2018-10-02,46.28,46.56,46.06,46.51,7353443
2018-10-03,46.44,46.55,45.8,45.87,10006150
2018-10-04,45.66,45.9,45.43,45.85,9582239
2018-10-05,45.94,46.16,45.69,45.88,8696360
2018-10-08,46.01,46.58,45.97,46.48,8705916
2018-10-09,46.38,46.55,46.22,46.39,10823918
2018-10-10,46.3,46.7,45.67,45.68,13136327
2018-10-11,45.93,45.97,44.5,44.64,17467301
2018-10-12,44.42,44.88,44.25,44.68,11158658
2018-10-15,44.64,45.27,44.59,44.91,11051036
2018-10-16,45.02,45.6,44.86,45.49,10160685
2018-10-17,45.41,45.99,45.36,45.86,10542389
2018-10-18,45.9,46.08,45.46,45.61,11142214
2018-10-19,45.94,46.49,45.83,46.33,13268404
2018-10-22,46.37,46.46,45.81,45.97,14012402
2018-10-23,45.74,46.46,45.45,46.36,17457335
2018-10-24,46.39,47.39,46.24,46.73,21165645
2018-10-25,46.65,46.74,46.12,46.51,13910311
2018-10-26,46.32,46.48,45.43,45.92,21451895
2018-10-29,46.15,46.56,46.05,46.46,20629356
2018-10-30,46.66,47.74,46.04,47.63,20806765
2018-10-31,47.5,48.08,47.22,47.88,25273850
2018-11-01,47.77,48.15,47.3,47.74,16420632
2018-11-02,47.82,48.0,47.44,48.0,17585058
2018-11-05,48.0,48.78,47.92,48.69,16543547
2018-11-06,48.65,49.13,48.6,48.69,10896175
2018-11-07,49.4,49.55,49.03,49.37,12178253
2018-11-08,49.12,49.37,49.1,49.33,9561374
2018-11-09,49.42,49.89,49.36,49.68,12393300
2018-11-12,49.6,50.24,49.54,49.87,13851051
2018-11-13,49.74,50.0,49.58,49.86,13778207
2018-11-14,49.85,49.94,49.59,49.76,12089712
2018-11-15,49.66,49.75,49.27,49.74,11978556
2018-11-16,49.7,50.25,49.63,50.17,13385080
2018-11-19,50.31,50.76,50.25,50.51,13043017
2018-11-20,50.74,50.84,49.21,49.38,16220318
2018-11-21,49.1,49.44,48.59,48.73,13559268
2018-11-23,48.82,49.23,48.55,49.02,4728485
2018-11-26,49.01,49.23,48.67,48.87,9094982
2018-11-27,48.88,49.41,48.73,49.37,9160851
2018-11-28,49.21,49.72,49.21,49.71,11377262
2018-11-29,49.25,49.43,48.97,48.98,11424654
2018-11-30,49.0,50.49,48.99,50.4,25359334
2018-12-03,49.88,49.96,48.89,49.69,14855677
2018-12-04,50.0,50.51,49.5,49.58,18875187
2018-12-06,49.51,49.63,48.66,49.38,17122487
2018-12-07,49.57,49.68,48.88,49.09,14876361
2018-12-10,49.37,49.45,48.47,49.24,11558602
2018-12-11,49.57,50.01,49.18,49.54,16609552
2018-12-12,49.95,50.02,49.19,49.22,12236170
2018-12-13,48.72,49.61,48.57,49.47,12703093
2018-12-14,49.23,49.52,49.02,49.34,13756264
2018-12-17,49.34,49.53,48.02,48.33,18304644
2018-12-18,48.61,48.83,47.85,48.32,14351107
2018-12-19,48.24,48.76,47.62,47.9,17818752
2018-12-20,47.77,48.13,47.1,47.54,20494347
2018-12-21,47.47,48.75,47.23,47.57,32420013
2018-12-24,47.62,47.87,45.83,45.96,10683241
2018-12-26,46.04,46.96,45.66,46.94,14206641
2018-12-27,46.67,47.54,46.03,46.94,13815048
2018-12-28,47.87,48.01,47.03,47.2,13196428
2018-12-31,47.51,47.54,46.96,47.35,10108546
2019-01-02,47.0,47.22,46.56,46.93,11472281
2019-01-03,46.82,47.37,46.53,46.64,14691662
2019-01-04,46.77,47.57,46.64,47.57,12871843
2019-01-07,47.57,47.75,46.9,46.95,13036040
2019-01-08,47.25,47.57,47.04,47.48,15211147
2019-01-09,47.17,47.28,46.43,46.57,17995128
2019-01-10,46.66,47.09,46.34,47.07,14990996
2019-01-11,47.32,47.36,46.97,47.34,10935819
2019-01-14,47.3,47.4,46.99,47.15,11443534
2019-01-15,46.9,47.6,46.81,47.57,11319806
2019-01-16,47.4,47.47,46.86,46.92,16780424
2019-01-17,46.93,47.14,46.88,47.06,11812084
2019-01-18,47.2,47.69,47.12,47.61,12721601
2019-01-22,47.71,47.79,47.21,47.72,11314730
2019-01-23,47.72,48.29,47.65,48.27,11459939
2019-01-24,48.07,48.11,47.38,47.69,10074520
2019-01-25,47.88,48.03,47.24,47.37,11393624
2019-01-28,47.22,47.3,46.94,47.17,9620899
2019-01-29,47.2,47.63,47.13,47.4,11810169
2019-01-30,47.25,47.89,47.19,47.86,12107230
2019-01-31,47.9,48.78,47.47,48.13,31532797
2019-02-01,48.5,48.78,48.4,48.7,18987808
2019-02-04,48.7,49.45,48.54,49.25,14992399
2019-02-05,49.33,49.47,49.1,49.26,12005560
2019-02-06,49.2,49.36,49.02,49.26,8440105
2019-02-07,49.25,49.46,49.0,49.42,9982308
2019-02-08,49.29,49.5,49.11,49.5,9065379
2019-02-11,49.52,49.88,49.48,49.61,8872010
2019-02-12,49.65,49.8,49.46,49.66,10934796
2019-02-13,49.62,49.94,49.56,49.79,12333745
2019-02-14,46.67,46.96,45.5,49.79,58818126
2019-02-15,45.88,46.26,45.2,45.24,35873875
2019-02-19,45.2,45.59,44.77,44.83,25473080
2019-02-20,44.91,45.24,44.8,45.1,25249499
2019-02-21,45.0,45.91,44.96,45.86,22891079
2019-02-22,45.76,45.95,45.2,45.28,24469726
2019-02-25,45.44,45.57,44.84,44.94,23532499
2019-02-26,45.1,45.14,44.66,44.69,20189991
2019-02-27,44.57,45.02,44.42,44.94,17806332
2019-02-28,45.12,45.61,45.11,45.34,22361870
2019-03-01,45.46,45.64,45.2,45.38,16068351
2019-03-04,45.5,45.67,45.3,45.65,13319456
2019-03-05,45.65,45.7,45.4,45.6,12436120
2019-03-06,45.67,45.79,45.44,45.45,13996811
2019-03-07,45.49,45.53,45.13,45.28,11931581
2019-03-08,45.15,45.25,44.61,44.84,15563623
2019-03-11,45.14,46.24,45.1,46.18,22059976
2019-03-12,45.95,46.25,45.9,46.05,19346408
2019-03-13,46.05,46.34,45.91,46.22,16159150
2019-03-14,45.84,46.11,45.63,45.7,18466624
2019-03-15,45.72,45.9,45.14,45.3,47240477
2019-03-18,45.44,45.68,45.36,45.41,20428622
2019-03-19,45.55,45.69,45.34,45.56,14726529
2019-03-20,45.55,45.9,45.18,45.53,13364215
2019-03-21,45.53,45.76,45.44,45.51,19934567
2019-03-22,45.56,46.11,45.46,45.93,18943619
2019-03-25,45.86,46.2,45.79,46.03,11369504
2019-03-26,46.21,46.79,46.17,46.64,11433345
2019-03-27,46.65,46.91,46.33,46.61,11343864
2019-03-28,46.69,46.92,46.48,46.58,9928238
2019-03-29,46.62,46.91,46.48,46.86,16034454
2019-04-01,47.0,47.17,46.59,46.72,11044976
2019-04-02,46.75,46.93,46.57,46.57,8298549
2019-04-03,46.42,46.59,46.04,46.18,12813297
2019-04-04,46.34,46.54,46.11,46.48,7764678
2019-04-05,46.49,46.58,46.2,46.47,7987391
2019-04-08,46.54,46.57,46.27,46.55,9338569
2019-04-09,46.45,46.72,46.27,46.67,8623446
2019-04-10,46.79,47.0,46.56,46.64,7787453
2019-04-11,46.72,46.75,46.54,46.71,7161492
2019-04-12,46.67,46.93,46.57,46.74,10674052
2019-04-15,46.89,47.04,46.7,47.0,10217350
2019-04-16,47.05,47.1,46.7,46.95,10804446
2019-04-17,47.2,47.55,47.15,47.28,11660327
2019-04-18,47.36,47.58,47.27,47.48,11856020
2019-04-22,47.4,47.61,47.02,47.4,8938492
2019-04-23,48.0,48.72,47.55,48.21,25061580
2019-04-24,48.1,48.23,47.92,47.98,14454792
2019-04-25,47.74,47.89,47.47,47.84,11291083
2019-04-26,48.0,48.45,47.98,48.26,10152833
2019-04-29,48.16,48.45,48.11,48.42,8104976
2019-04-30,48.55,49.18,48.39,49.06,17856956
2019-05-01,48.95,49.08,48.55,48.59,10528678
2019-05-02,48.53,48.77,48.27,48.39,8193882
2019-05-03,48.6,48.96,48.52,48.72,7076873
2019-05-06,48.33,48.61,48.26,48.47,8656785
2019-05-07,48.23,48.29,47.77,48.0,10767585
2019-05-08,48.05,48.23,47.82,47.85,9247602
2019-05-09,47.8,47.98,47.07,47.4,11138916
2019-05-10,47.41,48.3,47.4,48.19,9617920
2019-05-13,47.93,48.13,47.73,48.05,11895653
2019-05-14,48.53,49.32,48.35,48.69,15630863
2019-05-15,48.67,49.38,48.6,49.18,10976833
2019-05-16,49.27,49.66,49.21,49.58,17518704
2019-05-17,49.3,49.55,49.17,49.2,10317569
2019-05-20,49.03,49.14,48.76,48.85,13229966
2019-05-21,49.0,49.03,48.45,48.6,10587287
2019-05-22,48.81,49.71,48.72,49.65,16046762
2019-05-23,49.5,49.9,49.46,49.85,12181563
2019-05-24,49.85,49.89,49.53,49.61,6863940
2019-05-28,49.6,49.67,49.03,49.1,18526394
2019-05-29,48.89,49.03,48.41,48.61,12534051
2019-05-30,48.73,49.31,48.67,49.25,9087060
2019-05-31,49.03,49.31,48.78,49.13,11362889
2019-06-03,49.16,49.98,49.02,49.98,13264628
2019-06-04,50.0,50.28,49.62,50.0,11822362
2019-06-05,50.0,51.14,49.69,50.78,15826017
2019-06-06,50.91,51.54,50.59,51.4,14879054
2019-06-07,51.5,52.19,51.45,51.49,14757562
2019-06-10,51.47,51.54,51.09,51.38,9736286
2019-06-11,51.45,51.59,51.18,51.33,9914486
2019-06-12,51.5,52.14,51.47,51.64,11045698
2019-06-13,51.46,51.7,50.78,51.13,10353646
2019-06-14,51.05,51.53,51.05,51.31,8694261
2019-06-17,51.25,51.48,50.61,50.87,12322605
2019-06-18,51.25,51.3,50.53,50.64,9221096
2019-06-19,50.54,51.24,50.47,51.12,9414126
2019-06-20,51.5,51.79,51.35,51.66,10656580
2019-06-21,51.53,51.89,51.41,51.55,21264422
2019-06-24,51.74,52.2,51.7,51.92,10780166
2019-06-25,52.0,52.1,51.64,51.76,11519910
2019-06-26,51.52,51.64,51.09,51.12,12405074
2019-06-27,51.29,51.4,50.97,51.08,12374915
2019-06-28,51.27,51.4,50.52,50.92,16339869
2019-07-01,51.07,51.63,50.78,51.6,16056490
2019-07-02,51.8,52.05,51.55,51.98,7167448
2019-07-03,52.0,52.33,52.0,52.1,7251516
2019-07-05,51.89,52.12,51.48,52.11,8913772
2019-07-08,52.2,52.33,51.89,52.0,8394038
2019-07-09,51.73,51.97,51.43,51.59,6985895
2019-07-10,51.8,51.97,51.66,51.82,7227920
2019-07-11,52.0,52.06,51.66,52.04,8923144
2019-07-12,52.25,52.29,51.91,52.12,7341122
2019-07-15,52.2,52.29,51.87,52.13,5876066
2019-07-16,52.05,52.47,51.81,52.14,6092628
2019-07-17,52.22,52.26,52.01,52.18,8264361
2019-07-18,52.04,52.17,51.67,52.03,11912294
2019-07-19,52.14,52.15,51.37,51.39,10355791
2019-07-22,51.52,51.52,51.13,51.22,12095776
2019-07-23,53.25,54.64,52.76,54.33,33417948
2019-07-24,54.12,54.82,53.62,53.78,15633378
2019-07-25,53.63,53.8,52.72,53.07,19134962
2019-07-26,53.34,54.31,53.19,54.17,11452089
2019-07-29,54.17,54.3,53.9,53.99,12283929
2019-07-30,53.96,54.3,53.57,53.72,8127139
2019-07-31,53.51,53.51,52.04,52.63,16865525
2019-08-01,52.78,53.2,52.01,52.03,19527452
2019-08-02,51.91,52.73,51.91,52.33,13102306
2019-08-05,52.39,52.66,51.4,51.65,19986478
2019-08-06,51.87,52.76,51.61,52.27,19903076
2019-08-07,52.27,53.39,51.77,53.18,17937044
2019-08-08,53.21,53.78,52.85,53.69,10799081
2019-08-09,53.79,53.9,53.08,53.42,9260870
2019-08-12,53.28,53.44,52.99,53.2,6399566
2019-08-13,52.9,53.61,52.87,53.5,8657591
2019-08-14,53.34,53.97,52.97,52.99,17088932
2019-08-15,53.43,54.0,53.23,53.87,12393223
2019-08-16,53.98,54.49,53.95,54.41,14288686
2019-08-19,54.44,54.78,54.31,54.69,10936540
2019-08-20,54.62,54.68,53.84,53.88,8176977
2019-08-21,54.25,54.41,53.85,54.1,10886650
2019-08-22,54.12,54.64,54.1,54.49,7467949
2019-08-26,54.0,54.54,53.73,54.54,9227331
2019-08-27,54.7,54.95,54.41,54.72,13538722
2019-08-28,54.66,55.15,54.42,55.11,10052411
2019-08-29,55.26,55.34,54.6,55.05,9262980
2019-08-30,55.16,55.22,54.81,55.04,8746708
2019-09-03,54.98,55.33,54.87,55.3,12991495
2019-09-04,55.35,55.92,55.3,55.77,10733807
2019-09-05,55.75,55.77,55.03,55.12,13677162
2019-09-06,55.44,55.44,54.76,55.23,9093514
2019-09-09,55.03,55.08,54.36,54.52,10814948
2019-09-10,54.23,54.44,53.85,54.4,12038561
2019-09-11,54.29,54.8,53.97,54.77,9740376
2019-09-12,55.1,55.31,54.98,55.11,12357891
2019-09-13,54.48,54.79,54.07,54.26,11486110
2019-09-16,54.1,54.34,53.63,53.96,11172001
2019-09-18,54.2,54.29,53.82,54.23,9786556
2019-09-19,54.23,54.6,54.13,54.52,8088639
2019-09-20,54.69,54.69,53.9,53.91,19349483
2019-09-23,53.91,54.36,53.88,54.14,6837554
2019-09-24,54.25,54.61,54.04,54.3,10336537
2019-09-25,54.44,54.48,54.0,54.17,10289534
2019-09-26,54.47,54.58,54.13,54.39,11252681
2019-09-27,54.56,54.64,54.0,54.31,7941142
2019-09-30,54.15,54.68,54.15,54.44,9822826
2019-10-01,54.53,54.78,54.01,54.65,14650924
2019-10-02,54.21,54.44,52.9,53.08,15384000
2019-10-03,53.5,53.98,52.82,53.84,14206690
2019-10-04,54.0,54.54,53.89,54.54,9926618
2019-10-07,54.33,54.36,53.77,53.87,6105344
2019-10-08,53.88,54.07,53.45,53.58,13558243
2019-10-09,54.06,54.07,53.54,53.83,7168098
2019-10-10,53.55,53.88,53.36,53.66,9054321
2019-10-11,53.65,53.7,53.2,53.3,9433728
2019-10-14,53.49,53.68,53.22,53.3,7363270
2019-10-15,53.43,53.68,53.27,53.51,9575426
2019-10-16,53.46,53.57,53.13,53.49,10675920
2019-10-17,53.69,54.12,53.58,53.79,13336937
2019-10-18,55.0,55.39,54.45,54.78,18122505
2019-10-21,54.45,54.56,53.68,54.23,12879184
2019-10-22,54.23,54.42,53.74,53.85,9618980
2019-10-23,54.06,54.66,54.01,54.64,8648741
2019-10-24,54.57,54.82,54.49,54.61,11069474
2019-10-25,54.55,54.56,53.67,53.75,9782440
2019-10-28,53.74,53.95,53.37,53.57,8866055
2019-10-29,53.39,53.66,53.26,53.41,7999726
2019-10-30,53.52,54.05,53.16,53.94,8620879
2019-10-31,53.96,54.47,53.85,54.43,13981961
2019-11-01,54.63,54.74,53.85,53.9,9889529
2019-11-04,53.96,54.0,52.97,53.14,17515050
2019-11-05,52.89,52.89,52.12,52.42,19283965
2019-11-06,52.53,52.8,52.41,52.8,13288901
2019-11-07,52.88,53.0,51.96,52.29,11725819
2019-11-08,52.46,52.6,52.09,52.21,7141931
2019-11-11,52.33,52.37,51.78,51.84,8198919
2019-11-12,51.91,51.91,51.58,51.71,12656896
2019-11-13,52.18,52.45,51.96,52.41,12538461
2019-11-14,52.53,52.67,52.35,52.63,8660825
2019-11-15,52.64,52.68,52.38,52.67,8982554
2019-11-18,52.68,53.44,52.67,53.03,13783406
2019-11-19,53.15,53.31,52.87,53.08,12679741
2019-11-20,53.1,53.4,53.01,53.22,11970306
2019-11-21,53.11,53.34,52.78,52.96,7856139
2019-11-22,52.96,53.19,52.75,53.03,9113348
2019-11-25,53.28,53.39,52.77,53.22,10965781
2019-11-26,53.31,53.94,53.22,53.9,13240294
2019-11-27,53.93,54.1,53.6,53.95,9596440
2019-11-29,53.7,53.73,53.22,53.4,7222347
2019-12-02,53.32,53.75,52.85,53.75,13182506
2019-12-03,53.71,53.84,53.4,53.8,15847772
2019-12-04,53.8,54.31,53.72,54.29,13624914
2019-12-05,54.21,54.29,53.83,54.19,14069775
2019-12-06,54.31,54.5,54.17,54.42,7843836
2019-12-09,54.3,54.51,54.02,54.07,13925131
2019-12-10,54.04,54.07,53.73,53.77,8994061
2019-12-11,53.94,54.15,53.66,53.95,8879196
2019-12-12,54.01,54.45,53.94,54.14,11233465
2019-12-13,53.94,54.55,53.84,54.42,13072403
2019-12-16,54.69,54.83,54.37,54.42,9538429
2019-12-17,54.4,54.58,54.29,54.42,9230076
2019-12-18,54.53,54.75,53.89,53.91,15132347
2019-12-19,54.04,54.34,53.92,54.32,15150936
2019-12-20,54.94,55.2,54.47,54.97,23833294
2019-12-23,55.0,55.24,54.84,54.91,9300763
2019-12-24,54.8,55.0,54.64,54.71,3359259
2019-12-26,54.92,55.02,54.79,55.02,6228683
2019-12-27,55.01,55.45,55.0,55.35,6895612
2019-12-30,55.18,55.39,55.06,55.27,6432611
2019-12-31,55.2,55.38,54.98,55.35,7982821
2020-01-02,55.32,55.43,54.76,54.99,11099117
2020-01-03,54.32,54.99,54.09,54.69,11354497
2020-01-06,54.65,54.91,54.52,54.67,14698444
2020-01-07,54.45,54.6,54.15,54.25,10230672
2020-01-08,54.27,54.64,54.15,54.35,10676712
2020-01-09,55.0,55.4,54.84,55.34,15410150
2020-01-10,55.48,55.93,55.45,55.53,13041106
2020-01-13,55.53,56.23,55.42,56.13,14303171
2020-01-14,56.24,56.29,55.83,56.0,16347160
2020-01-15,56.0,56.98,56.0,56.7,17735380
2020-01-16,56.85,56.95,56.61,56.82,10234416
2020-01-17,56.87,57.15,56.8,56.94,14264298
2020-01-21,56.85,57.25,56.57,57.17,11968923
2020-01-22,57.25,57.64,57.18,57.61,12869732
2020-01-23,57.38,57.85,57.24,57.83,12858946
2020-01-24,57.85,57.87,57.46,57.68,8594325
2020-01-27,57.21,57.85,57.13,57.48,14359938
2020-01-28,57.45,57.75,56.97,57.01,15240426
2020-01-29,57.0,57.26,56.66,57.01,13173958
2020-01-30,57.93,58.98,57.76,58.86,20225581
2020-01-31,58.97,59.08,58.15,58.4,17685226
2020-02-03,58.75,58.97,58.52,58.58,12336755
2020-02-04,58.75,59.45,58.62,58.84,15417924
2020-02-05,58.9,59.08,58.54,58.85,11414910
2020-02-06,58.98,59.34,58.84,58.99,9347024
2020-02-07,58.88,59.32,58.85,59.19,8757800
2020-02-10,59.32,59.84,59.29,59.75,7984915
2020-02-11,59.72,59.8,59.32,59.59,7431244
2020-02-12,59.48,59.77,59.32,59.41,9179101
2020-02-13,59.38,59.84,59.21,59.61,8173191
2020-02-14,59.63,60.07,59.62,59.95,9965811
2020-02-18,59.81,59.93,59.45,59.53,10076116
2020-02-19,59.51,60.0,59.47,59.77,6265794
2020-02-20,59.68,59.86,59.11,59.72,7597337
2020-02-21,59.51,60.13,59.43,60.13,10842358
2020-02-24,59.11,59.8,58.57,58.65,14415502
2020-02-25,58.7,59.2,57.62,57.82,15915089
2020-02-26,57.98,58.47,57.48,57.6,15839658
2020-02-27,57.15,57.89,54.88,54.93,23754008
2020-02-28,53.83,53.89,51.58,53.49,40891823
2020-03-02,53.93,55.96,53.7,55.92,25698629
2020-03-03,56.76,57.49,55.64,56.06,27099173
2020-03-04,56.41,59.0,56.41,58.92,20526142
2020-03-05,57.8,58.17,56.19,56.74,17948494
2020-03-06,54.94,55.91,53.98,55.26,22353925
2020-03-09,52.05,53.58,51.48,51.86,27898258
2020-03-10,53.22,53.8,51.17,53.66,27457400
2020-03-11,52.35,52.65,51.14,52.21,22660708
2020-03-12,48.54,49.93,46.69,47.16,31913103
2020-03-13,49.51,49.56,46.61,48.47,33697153
2020-03-16,42.24,47.88,41.17,45.26,28682285
2020-03-17,45.88,47.5,45.37,47.18,32106680
2020-03-18,44.74,45.15,41.59,44.85,35408291
2020-03-19,44.36,44.66,41.04,41.83,41956853
2020-03-20,41.95,42.07,37.51,38.3,51513503
2020-03-23,38.76,38.89,36.27,37.56,44978496
2020-03-24,41.22,41.4,38.83,39.45,49096206
2020-03-25,40.63,43.45,39.91,41.61,42511651
2020-03-26,42.84,45.27,42.45,44.29,37828294
2020-03-27,43.66,44.03,42.4,42.81,23297904
2020-03-30,43.04,45.56,43.04,45.0,23445966
2020-03-31,45.07,45.51,44.06,44.25,25373932
2020-04-01,42.48,43.65,41.8,42.12,21936414
2020-04-02,42.22,44.19,41.86,43.95,17621881
2020-04-03,43.58,44.34,43.31,43.83,14207106
2020-04-06,45.39,47.01,44.69,46.67,22849977
2020-04-07,48.5,48.6,46.48,46.51,21279572
2020-04-08,46.64,48.09,46.33,47.82,18937133
2020-04-13,48.35,48.64,46.5,46.93,19586015
2020-04-14,47.94,49.25,46.93,48.92,21801877
2020-04-15,47.71,48.4,47.41,47.61,12893170
2020-04-16,47.4,47.85,46.76,47.1,17606777
2020-04-17,48.3,48.3,47.37,48.06,19844640
2020-04-20,47.79,48.0,46.31,46.53,18957924
2020-04-21,45.88,46.9,44.26,45.38,26863724
2020-04-22,46.05,46.15,45.5,45.68,15815150
2020-04-23,45.95,46.1,44.97,45.07,17668165
2020-04-24,45.5,45.75,45.12,45.43,15177581
2020-04-27,46.0,46.98,45.71,46.78,19175538
2020-04-28,47.9,48.0,46.57,46.74,17246696
2020-04-29,47.27,47.86,46.88,47.12,15780000
2020-04-30,47.0,47.0,45.7,45.89,20801092
2020-05-01,45.62,46.39,45.21,45.6,14290418
2020-05-04,45.32,45.48,44.6,45.14,22544162
2020-05-05,45.36,46.1,45.15,45.4,13370526
2020-05-06,45.4,45.63,44.72,44.75,11892890
2020-05-07,45.15,45.24,44.5,44.6,16474652
2020-05-08,45.08,46.22,44.88,46.11,13987843
2020-05-11,45.69,46.11,45.52,45.54,10874595
2020-05-12,45.6,45.85,44.8,44.82,13424424
2020-05-13,44.71,44.78,43.52,43.94,15854778
2020-05-14,43.38,44.06,43.23,43.7,18000815
2020-05-15,43.96,44.69,43.2,43.26,31579431
2020-05-18,44.82,45.39,44.13,44.97,26122327
2020-05-19,45.01,45.33,44.25,44.54,17839922
2020-05-20,45.2,46.17,45.02,45.89,22295929
2020-05-21,46.08,46.09,45.03,45.17,13193528
2020-05-22,45.22,45.31,44.65,45.03,13008410
2020-05-26,46.92,46.93,45.93,46.09,22223098
2020-05-27,47.0,47.09,46.17,46.73,18447622
2020-05-28,47.3,47.46,46.82,47.09,16234424
2020-05-29,46.68,47.19,46.14,46.68,51129923
2020-06-01,46.66,47.23,46.59,46.99,17013041
2020-06-02,47.16,47.28,46.56,46.9,15255146
2020-06-03,47.27,48.12,47.12,47.9,15508291
2020-06-04,47.94,48.27,47.38,47.92,13604668
2020-06-05,48.54,49.49,48.46,49.09,20504798
2020-06-08,49.54,49.97,49.47,49.85,19896657
2020-06-09,49.59,49.59,48.68,49.0,16713660
2020-06-10,49.16,49.27,48.57,48.62,15716570
2020-06-11,47.81,47.92,45.46,45.54,26070384
2020-06-12,46.21,46.25,45.01,45.6,21822737
2020-06-15,44.57,46.45,44.47,46.3,15627065
2020-06-16,47.56,47.69,46.19,46.77,18808008
2020-06-17,46.78,47.06,46.44,46.58,12602791
2020-06-18,46.3,47.04,46.07,46.99,9380779
2020-06-19,47.77,47.79,46.02,46.02,30432088
2020-06-22,46.03,46.15,45.38,45.74,20876167
2020-06-23,46.0,46.29,45.58,45.64,14675296
2020-06-24,45.37,45.44,44.5,44.65,17631817
2020-06-25,44.47,44.98,44.03,44.93,13829653
2020-06-26,44.92,45.01,43.51,43.57,21955057
2020-06-29,44.0,44.57,43.55,44.36,17603890
2020-06-30,44.25,44.83,44.04,44.68,23679840
2020-07-01,44.93,45.53,44.71,44.82,14316519
2020-07-02,45.29,45.43,44.8,44.88,15111894
2020-07-06,45.14,45.27,44.61,45.23,15146037
2020-07-07,45.0,45.5,44.8,45.21,13043564
2020-07-08,45.14,45.18,44.47,45.07,13851199
2020-07-09,45.05,45.05,43.83,43.91,16087065
2020-07-10,43.88,45.25,43.86,45.15,15627763
2020-07-13,45.53,45.68,44.96,45.25,16705349
2020-07-14,44.91,45.94,44.67,45.87,17080128
2020-07-15,46.3,47.19,46.2,46.4,23738000
2020-07-16,46.26,46.69,45.94,46.15,13306109
2020-07-17,46.47,46.91,46.13,46.82,13906056
2020-07-20,46.72,46.83,45.85,46.12,16633176
2020-07-21,47.52,47.99,46.93,47.2,25686341
2020-07-22,47.93,48.52,47.03,48.48,29831184
2020-07-23,48.47,48.57,48.03,48.28,15934950
2020-07-24,48.4,48.8,48.07,48.49,16196843
2020-07-27,48.18,48.51,48.18,48.48,17346533
2020-07-28,48.34,49.28,48.1,48.18,13872700
2020-07-29,48.14,48.5,47.82,48.02,13758066
2020-07-30,47.67,48.23,47.2,47.69,17276478
2020-07-31,47.44,47.77,46.73,47.24,14850566
2020-08-03,47.14,47.36,46.23,46.3,14141813
2020-08-04,46.29,46.86,46.22,46.69,11707035
2020-08-05,46.9,47.27,46.81,47.22,10561639
2020-08-06,46.66,47.53,46.6,47.48,10745032
2020-08-07,47.47,48.08,47.21,47.8,11669705
2020-08-10,48.06,48.28,47.66,47.72,11887957
2020-08-11,48.46,48.65,47.7,47.93,16531563
2020-08-12,48.3,48.69,48.12,48.43,9564025
2020-08-13,48.26,48.73,48.06,48.38,9882909
2020-08-14,48.34,48.69,48.03,48.45,10075809
2020-08-17,48.32,48.75,48.2,48.21,9102364
2020-08-18,48.2,48.5,47.96,48.42,9828985
2020-08-19,48.12,48.38,47.22,47.37,17371036
2020-08-20,47.27,47.6,47.09,47.35,11308737
2020-08-21,47.34,47.5,46.97,47.28,14734120
2020-08-24,47.43,47.98,47.18,47.97,9257725
2020-08-25,48.0,48.05,47.65,47.91,7827833
2020-08-26,47.76,48.18,47.47,48.16,10124150
2020-08-27,48.25,48.82,48.2,48.23,10931635
2020-08-28,48.75,49.85,48.53,49.83,16420259
2020-08-31,49.8,50.07,49.35,49.53,18510779
2020-09-01,49.31,49.35,48.83,49.12,12590434
2020-09-02,49.36,51.36,49.36,51.19,26332630
2020-09-03,51.4,52.14,50.1,50.48,22289383
2020-09-04,50.94,51.47,50.28,51.04,21019545
2020-09-08,50.93,51.04,49.36,49.81,17776745
2020-09-09,49.6,50.76,49.55,50.19,15252275
2020-09-10,50.35,50.68,49.95,50.0,15439505
2020-09-11,50.4,51.2,50.1,51.06,18272338
2020-09-14,50.97,51.23,50.57,50.71,10911657
2020-09-15,51.0,51.38,50.84,51.05,12838392
2020-09-16,50.95,51.45,50.74,50.79,15354678
2020-09-17,50.22,50.63,49.94,50.55,13287136
2020-09-18,50.75,51.16,50.21,50.45,23816602
2020-09-21,49.75,50.02,48.61,49.09,17514771
2020-09-22,49.11,50.04,49.07,49.66,13034616
2020-09-23,49.73,49.92,48.17,48.21,17121210
2020-09-24,48.21,49.1,47.56,48.7,16788103
2020-09-25,48.2,48.76,47.98,48.72,12603379
2020-09-28,49.31,49.71,49.14,49.28,11215708
2020-09-29,49.39,49.56,48.91,48.92,12427767
2020-09-30,49.27,49.62,48.89,49.37,15755901
2020-10-01,49.44,49.66,48.59,49.18,17577263
2020-10-02,48.76,49.58,48.55,49.36,13610071
2020-10-05,49.43,49.55,49.12,49.38,10628736
2020-10-06,49.55,49.73,48.83,48.94,10077431
2020-10-07,49.02,49.76,48.95,49.56,10135646
2020-10-08,49.71,50.54,49.54,50.46,12143920
2020-10-09,50.67,51.23,50.6,50.81,11407809
2020-10-12,50.84,51.53,50.83,51.09,11386512
2020-10-13,50.99,50.99,49.9,50.22,14365292
2020-10-14,50.05,50.49,49.65,50.12,10582935
2020-10-15,49.4,50.13,49.3,49.99,9963190
2020-10-16,49.99,50.35,49.87,50.03,13570887
2020-10-19,50.03,50.48,49.46,49.62,9930443
2020-10-20,49.89,50.62,49.79,50.25,10972732
2020-10-21,49.96,50.43,49.77,49.99,12517411
2020-10-22,51.17,51.2,50.38,50.68,20189227
2020-10-23,51.0,51.18,50.47,50.52,13491265
2020-10-26,50.34,50.51,49.2,49.8,14696396
2020-10-27,49.81,50.29,49.55,49.9,13892109
2020-10-28,49.0,49.15,47.78,47.96,19886155
2020-10-29,47.73,48.48,47.3,48.02,15369877
2020-10-30,47.81,48.12,47.37,48.06,15805004
2020-11-02,48.75,48.95,48.24,48.62,15156149
2020-11-03,49.22,49.96,49.0,49.35,15285086
2020-11-04,49.43,50.21,49.08,49.17,12930818
2020-11-05,49.76,50.21,49.34,49.44,12452432
2020-11-06,49.65,49.99,49.25,49.45,9294903
2020-11-09,52.5,53.26,52.07,52.57,33441952
2020-11-10,52.57,54.28,52.45,53.98,29706666
2020-11-11,53.93,54.3,53.33,53.58,17399922
2020-11-12,53.05,53.21,52.61,53.01,15026961
2020-11-13,53.25,53.5,52.89,53.45,12449444
2020-11-16,54.5,54.62,53.28,53.85,14908181
2020-11-17,53.66,53.75,53.03,53.68,14248362
2020-11-18,53.75,54.02,52.56,52.61,15278206
2020-11-19,52.49,53.23,51.95,53.13,17189549
2020-11-20,53.19,53.25,52.59,52.67,15647921
2020-11-23,52.95,53.17,52.2,52.68,13194015
2020-11-24,53.14,53.59,53.02,53.22,13836367
2020-11-25,53.07,53.28,52.79,52.93,10194758
2020-11-27,53.11,53.19,52.61,52.7,8499289
2020-11-30,52.09,52.19,51.08,51.6,43203587
2020-12-01,52.14,52.33,51.79,52.04,18969341
2020-12-02,51.9,52.13,51.64,52.11,14913072
2020-12-03,51.9,52.94,51.9,52.78,17318877
2020-12-04,52.78,53.87,52.76,53.85,18122399
2020-12-07,53.76,53.78,52.7,52.99,16210855
2020-12-08,52.94,53.48,52.79,53.18,12485802
2020-12-09,53.37,53.6,53.0,53.33,11508587
2020-12-10,53.4,53.51,52.98,53.05,12097340
2020-12-11,52.8,53.54,52.78,53.35,10638103
2020-12-14,53.65,53.84,53.18,53.27,22292031
2020-12-15,53.79,54.22,53.6,53.84,16194487
2020-12-16,53.6,53.8,52.94,53.06,15679648
2020-12-17,53.3,53.71,53.15,53.27,12677329
2020-12-18,53.08,53.84,52.62,53.74,35480123
2020-12-21,52.68,53.0,51.98,52.81,14926602
2020-12-22,52.81,53.18,52.39,52.76,9691586
2020-12-23,52.95,53.39,52.94,53.08,7040628
2020-12-24,53.02,53.55,53.02,53.44,3265532
2020-12-28,53.85,54.44,53.73,54.16,9020482
2020-12-29,54.45,54.49,54.02,54.13,8320600
2020-12-30,54.05,54.63,54.03,54.44,8142749
2020-12-31,54.45,54.93,54.27,54.84,8494972
2021-01-04,54.27,54.63,52.03,52.76,25611104
2021-01-05,52.33,52.62,52.03,52.18,20323822
2021-01-06,51.97,52.02,50.19,50.52,38724516
2021-01-07,50.09,50.26,49.52,49.96,53225700
2021-01-08,50.03,51.13,49.84,51.08,29673952
2021-01-11,50.62,50.86,49.95,50.2,19310581
2021-01-12,50.04,50.37,49.76,50.11,18538664
2021-01-13,49.98,50.36,49.95,50.16,18864148
2021-01-14,50.16,50.18,49.22,49.23,34303579
2021-01-15,49.16,49.18,48.53,48.7,24366789
2021-01-19,48.74,49.04,48.24,48.51,29114466
2021-01-20,48.54,48.82,48.31,48.68,23115796
2021-01-21,48.78,49.09,48.46,48.95,19707198
2021-01-22,48.81,48.94,48.49,48.49,15400347
2021-01-25,48.42,48.84,48.24,48.78,16604213
2021-01-26,48.91,49.4,48.61,49.29,12922626
2021-01-27,48.89,49.32,48.23,48.53,21242412
2021-01-28,48.69,49.5,48.61,49.15,17498867
2021-01-29,49.03,49.12,48.11,48.15,18670257
2021-02-01,48.27,48.69,48.18,48.48,12183609
2021-02-02,48.8,49.35,48.63,48.96,13319750
2021-02-03,48.95,49.09,48.67,48.77,12274115
2021-02-04,48.96,49.07,48.65,49.01,20597413
2021-02-05,49.5,49.78,49.27,49.65,12742032
2021-02-08,49.96,50.17,49.49,49.92,17833222
2021-02-09,49.85,50.02,49.63,49.7,14592923
2021-02-10,50.41,50.58,49.53,49.6,22965432
2021-02-11,49.81,50.59,49.8,50.3,21928581
2021-02-12,50.57,50.85,50.39,50.69,13137059
2021-02-16,50.62,50.72,50.16,50.27,15093406
2021-02-17,50.0,50.49,49.89,50.13,12810509
2021-02-18,50.16,50.85,50.03,50.77,12749841
2021-02-19,50.79,50.83,49.97,50.11,15968769
2021-02-22,49.85,50.88,49.67,50.63,14370879
2021-02-23,51.0,51.51,50.42,50.54,16222250
2021-02-24,50.39,50.9,50.13,50.71,14441998
2021-02-25,50.47,50.75,49.98,50.17,14211089
2021-02-26,50.2,50.21,48.97,48.99,23638352
2021-03-01,49.44,50.44,49.4,49.9,13904859
2021-03-02,49.84,50.56,49.7,50.1,11755132
2021-03-03,49.72,50.56,49.71,49.98,15410665
2021-03-04,50.31,51.09,49.62,49.94,22036421
2021-03-05,50.05,50.95,49.9,50.79,21310758
2021-03-08,51.47,52.49,51.16,51.64,25084870
2021-03-09,51.72,51.88,50.82,50.86,23082680
2021-03-10,51.18,51.63,50.72,51.44,21331589
2021-03-11,51.41,51.43,50.81,50.88,17417652
2021-03-12,50.59,50.68,50.2,50.36,17598594
2021-03-15,50.5,51.12,50.47,51.03,13414078
2021-03-16,51.2,51.52,51.04,51.22,14214187
2021-03-17,51.25,51.62,51.15,51.24,17502653
2021-03-18,51.06,51.19,50.49,50.57,18007306
2021-03-19,50.46,51.08,50.17,50.81,67845715
2021-03-22,50.32,51.08,50.32,51.0,17911391
2021-03-23,50.99,51.65,50.83,51.39,16936692
2021-03-24,51.17,51.89,51.15,51.52,14997373
2021-03-25,51.7,52.06,51.17,52.02,17091938
2021-03-26,52.14,53.11,51.76,53.04,17126693
2021-03-29,52.73,53.94,52.71,53.85,17514066
2021-03-30,53.75,53.79,52.93,53.15,14871754
2021-03-31,53.03,53.17,52.5,52.71,15826474
2021-04-01,52.96,53.15,52.46,52.51,15834732
2021-04-05,52.35,53.22,52.29,52.81,16368724
2021-04-06,53.04,53.65,52.9,53.19,15614268
2021-04-07,53.28,53.5,53.12,53.28,10062687
2021-04-08,53.17,53.38,52.97,53.12,9695561
2021-04-09,53.17,53.28,52.81,53.18,10828169
2021-04-12,53.33,53.55,53.1,53.35,8565279
2021-04-13,53.04,53.29,52.81,53.09,11071689
2021-04-14,52.98,53.19,52.65,53.08,9787597
2021-04-15,53.13,53.66,53.12,53.33,13078104
2021-04-16,53.74,53.8,53.38,53.68,17974107
2021-04-19,54.0,54.36,53.3,54.0,19352942
2021-04-20,53.84,54.59,53.81,54.17,14419247
2021-04-21,54.24,54.74,54.24,54.61,13866500
2021-04-22,54.47,54.87,54.32,54.44,12558856
2021-04-23,54.4,54.59,54.17,54.47,9023480
2021-04-26,54.47,54.51,53.58,53.66,11684627
2021-04-27,53.56,53.7,53.32,53.58,9852430
2021-04-28,53.98,54.05,53.44,53.59,10868141
2021-04-29,53.54,54.36,53.43,54.26,15390993
2021-04-30,54.25,54.27,53.69,53.98,14912570
2021-05-04,54.57,54.62,53.94,54.14,14151238
2021-05-05,54.14,54.09,53.75,54.0,6505842
2021-05-06,54.12,54.61,54.05,54.54,11572695
2021-05-07,54.44,54.77,54.16,54.51,10637483
2021-05-10,54.88,55.5,54.83,54.91,15545823
2021-05-11,55.03,55.14,54.05,54.32,12986733
2021-05-12,54.36,54.56,53.88,54.04,15836456
2021-05-13,53.97,54.78,53.83,54.51,15476903
2021-05-17,54.84,55.02,54.5,54.64,12119758
2021-05-18,54.39,54.56,54.1,54.34,13232497
2021-05-19,54.12,54.18,53.61,54.17,15126119
2021-05-20,54.12,54.8,54.12,54.65,10948425
2021-05-21,54.8,55.12,54.22,54.62,16033217
2021-05-24,54.63,54.93,54.49,54.8,10326136
2021-05-25,54.82,54.82,54.35,54.79,11916454
2021-05-26,54.98,55.05,54.59,55.03,16064277
2021-05-27,55.21,55.57,54.78,55.49,59109570
2021-05-28,55.35,55.71,55.2,55.29,17011952
2021-06-01,55.34,55.65,55.1,55.28,13304325
2021-06-02,55.5,55.56,55.26,55.5,11328699
2021-06-03,55.18,55.74,55.1,55.64,17364323
2021-06-04,55.9,56.48,55.78,56.24,18935060
2021-06-07,56.31,56.34,55.81,56.04,14011112
2021-06-08,56.25,56.25,55.55,55.65,10968281
2021-06-09,55.75,55.92,55.48,55.48,9838835
2021-06-10,55.91,56.12,55.76,55.91,12444369
2021-06-11,55.99,56.21,55.66,56.16,11825803
2021-06-14,55.69,55.71,55.2,55.55,9710829
2021-06-15,55.78,55.79,55.19,55.41,11154217
2021-06-16,55.44,55.46,54.64,54.67,15211721
2021-06-17,54.67,55.15,54.65,54.95,10658390
2021-06-18,54.51,54.62,53.72,53.77,31445555
2021-06-21,54.22,54.43,54.0,54.36,14404310
2021-06-22,54.34,54.85,54.26,54.56,13072841
2021-06-23,54.56,54.6,54.11,54.12,12339159
2021-06-24,54.26,54.42,54.0,54.39,11488442
2021-06-25,54.24,54.47,54.01,54.32,18880340
2021-06-28,54.25,54.37,54.0,54.26,10556912
2021-06-29,54.13,54.34,53.72,53.86,12300924
2021-06-30,53.8,54.18,53.75,54.11,14614195
2021-07-01,54.34,54.48,53.86,53.96,13214702
2021-07-02,54.0,54.45,54.0,54.18,10605054
2021-07-06,53.99,54.09,53.55,53.88,15278172
2021-07-09,54.25,54.52,54.18,54.46,10847005
2021-07-12,54.32,54.6,54.27,54.48,15107579
2021-07-13,54.95,55.3,54.75,55.02,15170812
2021-07-14,55.02,56.35,54.96,56.26,22002675
2021-07-15,56.24,56.47,55.91,56.44,15068176
2021-07-16,56.46,56.68,56.26,56.4,14860540
2021-07-19,56.08,56.35,55.16,55.73,19526983
2021-07-20,55.73,56.33,55.52,55.83,16257890
2021-07-21,57.33,57.56,56.43,56.55,20918157
2021-07-22,56.62,56.74,56.05,56.47,13402711
2021-07-23,56.59,57.33,56.45,57.01,12143963
2021-07-26,56.89,57.12,56.56,57.06,8681136
2021-07-27,57.11,57.54,56.92,57.26,12794364
2021-07-28,56.99,57.16,56.63,56.74,9857959
2021-07-29,57.07,57.25,56.86,57.05,9599110
2021-07-30,57.15,57.25,56.9,57.03,11727287
2021-08-02,57.2,57.24,56.71,56.88,9777990
2021-08-03,57.0,57.0,56.75,56.92,8825480
2021-08-04,56.75,56.95,56.01,56.1,11888363
2021-08-05,56.44,56.59,56.29,56.5,9806780
2021-08-06,56.6,56.74,56.44,56.64,10409250
2021-08-09,56.8,56.88,56.43,56.65,8859893
2021-08-10,56.84,57.17,56.66,56.8,10906922
2021-08-11,56.89,57.18,56.71,56.73,8370669
2021-08-12,56.73,56.98,56.73,56.84,6169450
2021-08-13,56.81,57.3,56.77,57.23,7714175
2021-08-16,57.2,57.49,57.03,57.48,7973528
2021-08-17,57.46,57.56,57.01,57.28,10346446
2021-08-18,57.19,57.23,56.42,56.5,13873728
2021-08-19,56.06,56.98,55.95,56.86,9223662
2021-08-20,56.84,57.03,56.58,56.64,10543566
2021-08-23,56.67,56.75,56.38,56.44,8912813
2021-08-24,56.64,56.64,55.9,56.01,12067193
2021-08-25,56.06,56.17,55.73,56.07,11270669
2021-08-26,55.95,55.98,55.51,55.54,10331493
2021-08-27,55.66,55.79,55.45,55.65,8844146
2021-08-30,55.69,56.2,55.64,56.18,10034681
2021-08-31,56.16,56.52,56.0,56.31,14185706
2021-09-01,56.38,56.8,56.28,56.69,9519203
2021-09-02,56.77,57.03,56.41,56.77,11654234
2021-09-03,56.46,56.77,56.25,56.73,13220668
2021-09-07,56.6,56.69,55.51,55.67,20037974
2021-09-08,55.61,56.48,55.61,56.42,12040068
2021-09-09,56.18,56.42,55.8,55.86,12545367
2021-09-10,56.01,56.13,55.52,55.61,10573710
2021-09-13,55.74,56.4,55.74,56.07,20274271
2021-09-15,55.68,56.0,55.42,55.88,15745981
2021-09-16,55.72,55.99,54.82,55.35,17430420
2021-09-17,55.02,55.19,54.37,54.44,33383192
2021-09-20,54.11,54.4,53.73,54.06,27542450
2021-09-21,54.39,54.82,53.94,54.05,16418161
2021-09-22,54.51,54.56,54.06,54.13,12719723
2021-09-23,54.26,54.62,54.0,54.04,13836215
2021-09-24,54.0,54.24,53.86,53.89,9682234
2021-09-27,53.85,54.25,53.57,53.61,12429466
2021-09-28,53.46,53.46,52.43,52.64,19926090
2021-09-29,52.64,53.16,52.56,52.96,13941474
2021-09-30,53.17,53.33,52.43,52.47,17674372
2021-10-01,52.78,53.2,52.57,53.02,16277410
2021-10-04,53.06,53.53,52.4,52.99,18973448
2021-10-05,53.02,53.47,52.93,53.08,17173137
2021-10-06,52.77,53.77,52.51,53.71,21284532
2021-10-07,53.99,54.28,53.81,53.88,13774366
2021-10-08,54.0,54.39,53.9,54.12,13786820
2021-10-11,54.21,54.39,54.01,54.23,12378523
2021-10-12,54.42,54.83,54.22,54.23,19474368
2021-10-13,54.17,54.43,53.79,54.24,12143664
2021-10-14,54.39,54.81,54.31,54.61,13704288
2021-10-15,54.64,54.88,54.29,54.48,17867141
2021-10-18,54.35,54.39,53.86,53.94,15861788
2021-10-19,54.04,54.2,53.77,54.15,11068618
2021-10-20,54.18,54.76,54.11,54.63,12474869
2021-10-21,54.6,54.67,54.21,54.35,14388305
2021-10-22,54.39,54.53,54.07,54.45,12828798
2021-10-25,54.38,54.47,54.02,54.23,11855031
2021-10-26,54.32,54.58,54.23,54.47,12086749
2021-10-27,55.97,56.08,55.27,55.52,24019827
2021-10-28,55.75,56.11,55.62,56.04,15927963
2021-10-29,55.87,56.47,55.78,56.37,24463737
2021-11-01,56.39,56.4,55.9,56.17,11651091
2021-11-02,56.47,56.5,55.97,56.1,11498857
2021-11-03,56.0,56.33,55.78,56.29,10788276
2021-11-04,56.11,56.63,56.03,56.6,10820196
2021-11-05,56.84,57.16,56.59,56.84,12886660
2021-11-08,56.75,56.89,56.13,56.33,12827968
2021-11-09,56.41,56.52,56.09,56.49,10155817
2021-11-10,56.54,56.92,56.29,56.72,8813611
2021-11-11,56.83,56.88,56.57,56.74,7257681
2021-11-12,56.75,56.99,56.55,56.61,10162510
2021-11-15,56.53,56.68,56.27,56.62,10289188
2021-11-16,56.62,56.94,56.19,56.22,13756461
2021-11-17,56.04,56.05,55.65,55.91,13288677
2021-11-18,55.83,55.93,55.14,55.41,15380377
2021-11-19,55.44,55.49,54.9,55.13,15813660
2021-11-22,55.1,56.02,55.08,55.47,16906227
2021-11-23,55.66,56.11,55.5,55.88,13836255
2021-11-24,55.71,55.84,55.03,55.43,12598975
2021-11-26,54.59,54.75,53.58,53.73,14754338
2021-11-29,54.05,54.73,53.93,54.58,22712471
2021-11-30,53.6,53.63,52.44,52.45,30485169
2021-12-01,52.98,53.52,52.28,52.3,18724144
2021-12-02,52.6,53.34,52.51,53.07,17074165
2021-12-03,53.33,53.61,52.98,53.54,21064353
2021-12-06,54.31,55.25,54.14,54.91,26624137
2021-12-07,55.02,55.42,54.85,55.21,23832724
2021-12-08,55.12,55.35,54.36,55.0,18026446
2021-12-09,54.75,55.13,54.59,54.86,13846415
2021-12-10,55.25,56.32,55.07,56.28,23153567
2021-12-13,56.98,57.93,56.96,57.76,31362827
2021-12-14,57.4,58.17,57.4,57.8,24806569
2021-12-15,57.93,58.25,57.65,58.06,24923791
2021-12-16,57.98,58.88,57.9,58.65,24696859
2021-12-17,58.49,58.92,57.7,57.73,51899377
2021-12-20,57.2,57.78,57.0,57.54,20879477
2021-12-21,57.61,57.97,57.53,57.77,15864885
2021-12-22,57.71,58.19,57.49,58.18,12447436
2021-12-23,58.52,58.61,57.94,58.22,11027341
2021-12-27,58.0,58.69,58.0,58.65,9862192
2021-12-28,58.4,58.94,58.3,58.88,8982271
2021-12-29,58.95,59.1,58.66,58.95,9996046
2021-12-30,59.06,59.23,58.76,58.78,7703896
2021-12-31,58.75,59.35,58.7,59.21,10021251
2022-01-03,58.82,59.31,58.38,59.3,20188377
2022-01-04,59.73,60.54,59.59,60.29,26141584
2022-01-05,60.09,61.2,60.05,60.79,22507262
2022-01-06,60.47,61.12,60.44,60.47,17902345
2022-01-07,60.28,60.72,60.06,60.33,12307896
2022-01-10,60.55,60.82,60.18,60.43,20954345
2022-01-11,60.43,60.49,59.84,60.45,19369587
2022-01-12,60.53,60.69,60.19,60.54,15753809
2022-01-13,60.54,61.04,60.39,60.9,14317992
2022-01-14,60.94,61.45,60.36,61.39,19729632
2022-01-18,61.06,61.19,60.45,60.9,21977600
2022-01-19,60.66,61.18,60.56,61.0,18654749
2022-01-20,61.0,61.44,60.72,60.75,23002353
2022-01-21,61.08,61.3,60.4,60.45,26643161
2022-01-24,59.9,60.35,58.57,59.96,30207455
2022-01-25,59.36,60.05,58.69,59.82,19027109
2022-01-26,59.79,60.35,59.21,59.6,19190239
2022-01-27,59.88,60.93,59.5,59.65,18898682
2022-01-28,59.39,60.89,58.94,60.84,19101494
2022-01-31,60.3,61.14,60.15,61.01,22045321
2022-02-01,60.91,61.14,60.16,60.56,20841657
2022-02-02,60.62,61.27,60.56,61.18,20225579
2022-02-03,60.94,61.78,60.59,61.61,19440490
2022-02-04,61.49,61.68,60.57,60.96,17403729
2022-02-07,61.38,61.72,60.86,61.6,17846411
2022-02-08,61.83,62.33,61.74,62.0,18771748
2022-02-09,62.17,62.32,60.9,61.04,23595558
2022-02-10,60.36,62.3,60.2,61.38,23561530
2022-02-11,61.77,61.98,60.15,60.29,22781387
2022-02-14,60.16,60.79,59.28,60.68,23641310
2022-02-15,60.96,61.78,60.63,60.91,13409343
2022-02-16,60.86,61.4,60.56,60.9,15484660
2022-02-17,60.55,62.28,60.41,62.12,21468724
2022-02-18,62.12,62.82,61.99,62.54,21975023
2022-02-22,62.43,62.64,61.72,62.28,21731388
2022-02-23,62.24,62.33,61.34,61.59,19248474
2022-02-24,59.97,60.62,59.22,60.51,27207444
2022-02-25,60.94,62.9,60.92,62.85,21487796
2022-02-28,61.65,62.34,61.41,62.24,25879116
2022-03-01,62.14,62.75,61.51,61.97,15871088
2022-03-02,62.23,62.88,61.78,62.43,17319120
2022-03-03,62.61,63.02,62.29,62.47,21262797
2022-03-04,61.46,62.59,61.2,62.57,17164633
2022-03-07,62.01,62.07,60.72,61.08,29151418
2022-03-08,61.45,61.54,58.59,58.66,30242133
2022-03-09,59.82,59.84,58.66,58.96,23022696
2022-03-10,58.48,58.66,57.5,57.88,20887284
2022-03-11,57.96,58.85,57.86,57.92,19855646
2022-03-14,57.97,59.04,57.97,58.54,17799380
2022-03-15,59.08,59.89,58.98,59.62,18607191
2022-03-16,59.78,59.94,58.61,59.46,17347253
2022-03-17,59.46,60.14,59.23,60.09,15586228
2022-03-18,60.3,60.3,59.71,60.1,30197775
2022-03-21,60.5,61.1,60.25,60.58,17440141
2022-03-22,60.93,60.95,60.06,60.8,17559539
2022-03-23,60.75,60.98,60.0,60.4,15529244
2022-03-24,60.64,61.02,60.46,60.98,13151348
2022-03-25,61.12,61.61,61.05,61.53,12260747
2022-03-28,61.53,61.94,61.21,61.92,11485219
2022-03-29,62.21,62.53,61.74,62.16,14720572
2022-03-30,62.01,62.21,61.56,62.21,13641002
2022-03-31,62.22,62.64,62.0,62.0,16822902
2022-04-01,62.33,62.95,62.09,62.87,12644879
2022-04-04,62.6,62.79,61.72,62.54,11506554
2022-04-05,62.4,63.24,62.37,62.47,15721234
2022-04-06,62.77,63.26,62.3,63.1,19267420
2022-04-07,63.13,63.67,62.71,63.44,13960823
2022-04-08,63.48,64.04,63.16,63.83,12703466
2022-04-11,63.91,64.3,63.64,63.81,12720105
2022-04-12,64.38,64.81,63.89,64.56,18089907
2022-04-13,64.44,64.87,64.23,64.73,11882991
2022-04-14,64.96,65.57,64.82,65.02,16388429
2022-04-18,64.77,65.18,64.18,64.44,11679372
2022-04-19,64.5,65.25,64.44,65.07,11993775
2022-04-20,65.44,66.24,65.4,65.96,14827073
2022-04-21,65.98,67.0,65.72,66.21,15120412
2022-04-22,66.08,66.34,65.18,65.25,14902199
2022-04-25,67.0,67.2,64.78,65.94,25082000
2022-04-26,65.52,66.37,65.04,65.05,21982605
2022-04-27,65.0,66.28,65.0,65.56,16971010
2022-04-28,64.66,66.28,64.5,66.19,22020524
2022-04-29,65.87,66.03,64.49,64.61,20137147
2022-05-02,65.28,65.31,62.58,63.44,24970311
2022-05-03,63.72,63.94,62.67,63.08,21686339
2022-05-04,63.0,65.12,62.94,65.03,19780191
2022-05-05,64.69,65.03,64.01,64.51,20155236
2022-05-06,64.2,65.31,64.07,64.74,18984019
2022-05-09,64.47,65.37,64.04,64.61,20055332
2022-05-10,64.5,65.32,63.85,64.01,21322216
2022-05-11,64.33,65.2,63.96,64.31,19648404
2022-05-12,64.16,64.53,63.21,64.51,22574724
2022-05-13,64.81,65.8,64.12,65.72,16166956
2022-05-16,65.44,66.38,65.44,65.96,13223177
2022-05-17,66.1,66.1,65.01,65.78,21300589
2022-05-18,65.42,65.52,60.96,61.2,31437307
2022-05-19,60.96,60.96,59.66,60.0,31493882
2022-05-20,60.49,61.24,59.66,60.98,29133763
2022-05-23,61.65,63.1,61.59,62.86,19406880
2022-05-24,62.88,64.19,62.75,64.02,16154240
2022-05-25,64.0,64.48,63.6,64.07,15360489
2022-05-26,64.07,65.1,63.96,64.3,16159829
2022-05-27,64.26,64.83,64.14,64.68,17708983
2022-05-31,64.08,64.32,63.05,63.38,43159048
2022-06-01,63.42,63.68,62.13,63.07,15408313
2022-06-02,63.18,63.74,62.11,63.73,14585979
2022-06-03,63.57,63.63,62.81,62.97,13539857
2022-06-06,63.33,63.77,62.66,62.87,15112806
2022-06-07,62.38,63.37,62.22,63.25,17886319
2022-06-08,62.99,63.21,62.56,62.89,10211450
2022-06-09,62.87,63.35,61.78,61.8,13391880
2022-06-10,61.01,61.89,60.46,61.41,14973493
2022-06-13,60.75,62.29,60.67,61.34,23064194
2022-06-14,60.73,60.89,58.66,59.23,24620023
2022-06-15,60.0,60.64,58.97,59.67,19684697
2022-06-16,58.64,59.52,58.25,59.07,15053843
2022-06-17,59.7,60.13,59.13,59.43,34781917
2022-06-21,59.49,60.88,59.01,60.7,17705019
2022-06-22,60.6,61.45,60.32,61.15,15209869
2022-06-23,61.3,61.91,61.23,61.88,17190869
2022-06-24,62.11,63.06,62.11,63.04,18147070
2022-06-27,62.98,63.29,62.63,62.91,12142112
2022-06-28,63.08,63.76,62.11,62.28,13181559
2022-06-29,62.54,63.11,62.43,62.73,11795511
2022-06-30,62.32,63.11,62.16,62.91,15514153
2022-07-01,63.12,64.45,62.82,64.38,15143204
2022-07-05,64.18,64.18,62.42,63.28,15925029
2022-07-06,63.6,64.09,63.19,63.41,13450506
2022-07-07,63.26,63.58,62.7,62.91,14828434
2022-07-08,63.03,63.42,62.88,63.14,11311461
2022-07-11,62.99,63.46,62.59,62.94,12704111
2022-07-12,63.0,63.45,62.47,62.67,14731072
2022-07-13,62.33,63.0,61.98,62.38,13145291
2022-07-14,61.33,62.25,61.3,62.18,14433044
2022-07-15,62.75,62.97,62.07,62.5,21968418
2022-07-18,62.52,62.56,61.51,61.65,10780844
2022-07-19,62.09,62.65,61.93,62.53,10998234
2022-07-20,62.4,62.58,61.15,61.5,11010454
2022-07-21,61.26,61.88,60.79,61.36,11959622
2022-07-22,61.38,61.87,61.32,61.59,11644691
2022-07-25,61.55,62.3,61.31,62.19,14941652
2022-07-26,62.75,63.8,62.53,63.21,20117950
2022-07-27,62.88,63.19,61.79,63.01,12142874
2022-07-28,62.92,64.25,62.89,64.06,10837003
2022-07-29,63.71,64.29,63.63,64.17,13734236
2022-08-01,64.09,65.04,64.03,64.52,12831535
2022-08-02,64.59,64.6,63.43,63.64,15241904
2022-08-03,63.55,64.1,63.31,63.92,11316985
2022-08-04,63.64,63.73,62.92,63.67,11795647
2022-08-05,63.63,63.63,62.67,63.38,10445393
2022-08-08,63.5,63.81,62.75,62.97,9166673
2022-08-09,63.18,63.31,62.85,63.05,7910877
2022-08-10,63.63,63.79,63.1,63.65,8857253
2022-08-11,63.69,63.99,63.08,63.22,8507766
2022-08-12,63.43,63.76,63.09,63.7,9489284
2022-08-15,63.64,64.69,63.57,64.5,9863332
2022-08-16,64.57,65.23,64.33,65.03,9569616
2022-08-17,64.83,65.22,64.76,64.88,8144045
2022-08-18,64.96,65.35,64.71,65.22,6532028
2022-08-19,65.21,65.47,64.96,65.17,8921062
2022-08-22,64.84,64.92,63.99,64.2,9087893
2022-08-23,63.82,64.37,63.68,64.27,8443752
2022-08-24,64.24,64.58,64.05,64.36,6844730
2022-08-25,64.36,64.71,63.9,64.67,7913869
2022-08-26,64.73,64.8,62.98,63.11,10089513
2022-08-29,62.69,63.03,62.41,62.73,9115904
2022-08-30,62.91,62.91,61.99,62.15,8456837
2022-08-31,62.38,62.53,61.7,61.71,14633568
2022-09-01,61.58,62.04,61.29,62.0,14939684
2022-09-02,62.39,62.77,60.9,61.15,11809821
2022-09-06,61.29,61.97,60.99,61.18,12181823
2022-09-07,61.32,62.49,61.32,62.31,13290711
2022-09-08,62.08,62.3,61.34,62.12,17193460
2022-09-09,62.17,62.88,61.86,62.32,11855886
2022-09-12,62.43,62.81,62.27,62.5,13026935
2022-09-13,62.2,62.22,60.28,60.47,18532832
2022-09-14,60.64,61.08,60.44,60.79,12881592
2022-09-15,60.4,60.4,59.36,59.53,11451927
2022-09-16,59.66,59.8,59.11,59.54,20493535
2022-09-19,59.39,60.1,59.23,59.99,12596248
2022-09-20,59.68,60.03,59.32,59.9,11984607
2022-09-21,60.14,60.7,59.39,59.4,14165341
2022-09-22,59.55,59.73,59.2,59.26,11657595
2022-09-23,58.96,59.1,58.0,58.6,14824047
2022-09-26,58.49,58.57,57.69,57.87,18670050
2022-09-27,58.08,58.37,56.31,56.38,23829348
2022-09-28,56.66,57.25,55.91,56.98,21480149
2022-09-29,57.09,57.29,56.0,56.57,14570701
2022-09-30,56.87,57.13,56.0,56.02,16124618
2022-10-03,56.36,56.85,56.06,56.65,16277620
2022-10-04,56.95,57.81,56.46,56.78,18861431
2022-10-05,56.5,56.65,55.51,56.24,14324851
2022-10-06,56.0,56.1,54.87,55.03,17192843
2022-10-07,54.99,55.09,54.25,54.51,11479799
2022-10-10,54.6,54.96,54.02,54.39,10239123
2022-10-11,54.46,55.22,54.24,54.48,14303920
2022-10-12,55.23,56.04,55.04,55.14,18377448
2022-10-13,54.48,56.08,54.26,55.87,16220718
2022-10-14,56.29,56.47,54.94,54.98,16001400
2022-10-17,55.63,56.22,55.57,55.69,13721426
2022-10-18,56.31,56.78,56.1,56.44,11823119
2022-10-19,56.31,56.54,55.73,55.96,10182286
2022-10-20,55.77,55.92,54.96,55.08,16905147
2022-10-21,55.0,56.11,54.99,55.96,15034054
2022-10-24,56.64,57.73,56.57,57.57,17416681
2022-10-25,59.04,59.11,57.75,58.95,28829930
2022-10-26,59.01,59.78,58.86,59.39,15841374
2022-10-27,59.77,59.84,59.38,59.53,16026117
2022-10-28,59.57,60.91,59.47,60.76,12888859
2022-10-31,60.51,60.57,59.67,59.85,14016378
2022-11-01,60.03,60.29,59.37,59.64,10659459
2022-11-02,59.64,60.23,58.77,58.81,14551132
2022-11-03,58.11,59.0,58.1,58.78,9193970
2022-11-04,59.3,59.59,58.56,59.26,9726126
2022-11-07,59.26,59.77,59.24,59.49,8849704
2022-11-08,59.75,59.79,58.94,59.6,10081649
2022-11-09,59.59,59.64,58.75,58.77,10115159
2022-11-10,60.25,61.04,59.68,60.88,16804845
2022-11-11,61.37,61.45,60.21,61.32,18972078
2022-11-14,61.32,61.72,60.71,60.73,16361026
2022-11-15,61.13,61.45,60.0,60.63,13295839
2022-11-16,60.79,61.03,60.29,60.52,14199486
2022-11-17,60.19,60.74,60.13,60.71,11220301
2022-11-18,60.99,61.37,60.8,61.14,10415640
2022-11-21,61.41,62.21,61.2,62.08,15399353
2022-11-22,62.47,62.5,62.05,62.35,12319641
2022-11-23,62.49,62.79,62.3,62.63,8990385
2022-11-25,62.73,62.81,62.38,62.69,5165499
2022-11-28,62.69,63.1,62.56,62.7,12268004
2022-11-29,62.52,62.57,61.98,62.48,10969563
2022-11-30,62.01,63.68,61.75,63.61,30433938
2022-12-01,63.61,64.11,63.43,63.79,12001356
2022-12-02,63.61,64.52,63.4,64.35,13643450
2022-12-05,63.41,63.8,63.26,63.47,9185090
2022-12-06,63.52,63.88,63.23,63.44,10099529
2022-12-07,63.45,63.72,63.25,63.54,12307605
2022-12-08,63.6,63.85,63.35,63.81,9946173
2022-12-09,63.61,63.84,63.09,63.14,13914856
2022-12-12,63.3,64.01,63.01,63.97,11647900
2022-12-13,64.59,64.7,63.8,63.99,17521554
2022-12-14,64.19,64.65,63.57,63.99,12826650
2022-12-15,63.59,63.89,62.49,63.11,12213292
2022-12-16,62.75,63.14,62.33,62.75,33631530
2022-12-19,62.83,63.41,62.47,62.84,10919725
2022-12-20,62.82,63.15,62.75,62.79,10286479
2022-12-21,63.07,64.05,63.07,63.8,10411288
2022-12-22,63.42,63.59,62.65,63.34,9668107
2022-12-23,63.5,63.87,63.2,63.82,6463261
2022-12-27,63.93,64.29,63.71,64.21,7320717
2022-12-28,64.46,64.65,63.49,63.57,7159417
2022-12-29,63.8,64.15,63.7,63.95,7169256
2022-12-30,63.92,63.92,63.17,63.61,7650228
2023-01-03,63.56,63.56,62.18,62.95,12180507
2023-01-04,63.15,63.33,62.51,62.92,13387923
2023-01-05,62.6,62.8,62.08,62.2,9814674
2023-01-06,62.91,63.67,62.58,63.4,9989986
2023-01-09,63.3,63.72,62.58,62.61,9442623
2023-01-10,62.6,62.73,61.92,62.13,10134605
2023-01-11,62.38,62.56,61.41,62.01,10822997
2023-01-12,62.11,62.18,60.97,61.21,13907327
2023-01-13,60.7,61.46,60.59,61.43,13986356
2023-01-17,61.73,62.38,61.56,61.68,18327779
2023-01-18,61.51,61.59,59.68,59.81,19679436
2023-01-19,59.73,60.64,59.71,59.72,14894455
2023-01-20,59.72,60.09,59.4,60.08,14237702
2023-01-23,60.28,60.57,60.05,60.23,12613428
2023-01-24,60.08,63.26,59.8,60.55,10103314
2023-01-25,60.2,60.94,59.89,60.93,11265844
2023-01-26,60.81,61.1,60.57,60.81,11884834
2023-01-27,60.84,60.96,60.37,60.49,14087038
2023-01-30,60.54,61.17,60.46,60.64,15632006
2023-01-31,60.98,61.34,60.51,61.32,14344379
2023-02-01,61.14,61.58,60.62,61.33,12535439
2023-02-02,60.8,61.02,59.91,60.28,16947223
2023-02-03,60.35,60.42,59.23,59.83,15404440
2023-02-06,59.79,60.34,59.72,60.17,11330897
2023-02-07,59.67,60.24,59.54,60.07,14922741
2023-02-08,59.92,59.92,59.59,59.72,11012019
2023-02-09,60.15,60.32,59.6,59.62,12515309
2023-02-10,59.72,59.9,58.88,59.62,14420655
2023-02-13,59.9,60.76,59.73,60.6,16191786
2023-02-14,60.21,60.9,59.56,59.59,20505679
2023-02-15,59.9,59.93,59.23,59.59,13172697
2023-02-16,59.23,59.82,58.95,59.22,16538284
2023-02-17,59.5,60.23,59.38,60.12,16814652
2023-02-21,59.99,60.23,59.72,59.8,14278307
2023-02-22,59.85,60.36,59.75,59.98,12409562
2023-02-23,60.01,60.42,59.81,60.09,12222827
2023-02-24,59.68,59.91,59.39,59.84,9736249
2023-02-27,60.18,60.3,59.74,59.82,8849821
2023-02-28,59.7,59.7,59.14,59.51,16082218
2023-03-01,59.13,59.18,58.37,58.86,13275810
2023-03-02,58.84,59.78,58.8,59.72,11772110
2023-03-03,59.55,59.68,59.21,59.44,13101766
2023-03-06,59.26,60.38,59.22,60.36,16282678
2023-03-07,60.49,60.57,59.75,60.01,13961203
2023-03-08,60.04,60.33,59.73,60.04,10851578
2023-03-09,60.54,60.54,59.28,59.46,13900858
2023-03-10,59.7,60.14,58.99,59.21,13745841
2023-03-13,59.29,60.87,59.25,59.81,21956014
2023-03-14,60.0,60.46,59.35,60.03,19496899
2023-03-15,59.43,60.48,59.24,60.43,21089906
2023-03-16,60.09,60.34,59.7,60.3,15658974
2023-03-17,60.31,60.35,59.64,60.02,27351227
2023-03-20,60.16,60.6,59.97,60.6,12904123
2023-03-21,60.57,60.75,59.88,60.32,13716475
2023-03-22,60.4,60.87,60.03,60.05,10494213
2023-03-23,60.09,60.39,59.72,59.92,15478995
2023-03-24,60.25,61.02,59.91,60.9,12977607
2023-03-27,61.14,61.48,60.95,61.35,12777402
2023-03-28,61.39,61.74,61.27,61.42,10925739
2023-03-29,61.72,61.95,61.59,61.86,9441019
2023-03-30,61.88,62.09,61.66,61.85,9870659
2023-03-31,62.06,62.25,61.87,62.03,14440888
2023-04-03,62.3,62.52,61.86,62.4,12300660
2023-04-04,62.39,62.74,62.08,62.21,11433404
2023-04-05,62.53,63.02,62.5,62.8,12789554
2023-04-06,62.86,63.04,62.38,62.84,9644204
2023-04-10,62.49,62.69,62.02,62.69,7952575
2023-04-11,62.65,62.71,62.4,62.58,9913049
2023-04-12,62.48,63.03,62.31,62.69,9593704
2023-04-13,62.76,63.16,62.48,63.15,9871424
2023-04-14,63.05,63.15,62.78,63.05,8946011
2023-04-17,63.32,63.53,63.14,63.46,9452394
2023-04-18,63.51,63.6,63.19,63.56,9035679
2023-04-19,63.73,63.83,63.43,63.68,9769543
2023-04-20,63.63,64.0,63.44,63.96,10706385
2023-04-21,64.0,64.27,63.8,64.05,12931095
2023-04-24,64.75,64.99,63.62,63.95,15532266
2023-04-25,64.17,64.17,63.63,63.85,12818860
2023-04-26,63.56,63.77,63.39,63.55,13179560
2023-04-27,63.53,63.76,63.11,63.68,13795824
2023-04-28,63.61,64.16,63.48,64.15,13687621
2023-05-01,64.15,64.69,64.06,64.3,9091540
2023-05-02,64.14,64.14,63.27,64.01,10948420
2023-05-03,64.02,64.18,63.58,63.65,11084594
2023-05-04,63.74,63.93,63.51,63.72,11938308
2023-05-05,63.64,64.21,63.63,64.02,9039023
2023-05-08,63.81,64.06,63.61,63.92,7240719
2023-05-09,63.64,63.75,63.28,63.39,9067653
2023-05-10,63.32,63.64,62.99,63.5,10134026
2023-05-11,63.58,63.93,63.01,63.86,9581525
2023-05-12,63.86,64.19,63.7,64.11,8740752
2023-05-15,64.22,64.25,63.71,63.94,8149993
2023-05-16,63.9,63.9,63.16,63.22,9130361
2023-05-17,63.4,63.42,62.73,63.15,11582953
2023-05-18,63.01,63.04,62.57,62.8,13595053
2023-05-19,63.04,63.1,62.61,62.83,14251355
2023-05-22,62.79,62.87,61.44,61.51,15055371
2023-05-23,61.51,61.67,61.17,61.4,13932724
2023-05-24,61.38,61.43,60.72,60.88,11090129
2023-05-25,60.47,60.73,60.15,60.41,14463630
2023-05-26,60.45,60.64,60.11,60.26,12570281
2023-05-30,60.09,60.2,59.52,59.78,15634206
2023-05-31,59.92,60.28,59.37,59.66,59432166
2023-06-01,59.94,60.17,59.77,60.0,13402678
2023-06-02,60.27,61.32,60.08,61.16,15259845
2023-06-05,61.0,61.44,60.55,60.75,12915645
2023-06-06,60.95,60.99,60.12,60.31,10943523
2023-06-07,60.01,60.36,59.82,60.22,16817908
2023-06-08,60.13,60.41,59.98,60.37,15589981
2023-06-09,60.27,60.67,60.17,60.47,12582572
2023-06-12,60.59,60.65,60.02,60.21,14220955
2023-06-13,60.21,60.67,60.04,60.45,13397782
2023-06-14,60.73,61.08,60.6,60.86,14099675
2023-06-15,60.61,61.3,60.34,61.23,15271390
2023-06-16,61.6,62.17,61.48,61.67,26737982
2023-06-20,61.59,61.96,61.24,61.26,13973440
2023-06-21,61.31,61.72,60.98,61.43,13948672
2023-06-22,61.81,62.1,61.59,61.85,15194155
2023-06-23,61.94,61.97,61.18,61.2,25112061
2023-06-26,61.21,61.29,60.39,61.22,12856073
2023-06-27,61.22,61.36,60.98,61.09,9068545
2023-06-28,60.88,61.04,60.4,60.52,11173182
2023-06-29,60.22,60.35,59.77,60.02,17142305
2023-07-03,60.2,60.63,60.03,60.58,9694520
2023-07-05,60.28,61.1,60.16,61.03,14717678
2023-07-06,60.73,61.02,60.5,60.56,12604354
2023-07-07,60.31,60.5,59.73,59.76,14573961
2023-07-10,59.97,60.15,59.14,59.31,15480649
2023-07-11,59.46,59.56,58.84,59.52,15970131
2023-07-12,59.75,60.05,59.45,59.84,14241274
2023-07-13,60.12,60.46,59.98,60.35,11269754
2023-07-14,60.14,61.04,60.09,60.9,11634211
2023-07-17,60.76,61.1,60.49,60.81,10015422
2023-07-18,60.96,61.25,60.41,60.57,11152930
2023-07-19,60.77,61.79,60.68,61.64,12936044
2023-07-20,61.68,62.41,61.67,62.39,11563020
2023-07-21,62.46,62.68,62.24,62.44,12815069
2023-07-24,62.42,62.81,62.4,62.46,10251135
2023-07-25,62.3,62.39,62.05,62.25,13422655
2023-07-26,61.86,63.17,61.39,63.05,17145517
2023-07-27,63.05,63.27,62.38,62.44,11517112
2023-07-28,62.59,62.77,62.22,62.48,9723263
2023-07-31,62.45,62.45,61.73,61.93,15584503
2023-08-01,62.09,62.36,61.62,61.77,9283438
2023-08-02,61.56,62.59,61.56,61.96,11061082
2023-08-03,61.87,62.12,61.53,61.64,8039062
2023-08-04,61.68,61.89,60.62,60.71,9359298
2023-08-07,60.79,61.33,60.74,61.19,6982647
2023-08-08,61.19,61.35,60.62,60.92,7956064
2023-08-09,60.91,61.63,60.75,61.06,7904067
2023-08-10,61.35,61.73,60.79,60.92,7870314
2023-08-11,60.84,61.2,60.69,61.17,8483912
2023-08-14,61.32,61.48,60.75,60.88,7176291
2023-08-15,60.69,60.9,60.37,60.47,7187444
2023-08-16,60.54,60.82,60.4,60.48,8372266
2023-08-17,60.58,61.02,60.45,60.61,12873497
2023-08-18,60.54,61.09,60.37,60.95,11083770
2023-08-21,60.86,60.93,60.32,60.43,8648519
2023-08-22,60.34,60.58,59.98,60.06,9412208
2023-08-23,60.2,60.44,60.16,60.27,7749490
2023-08-24,60.27,60.88,60.09,60.11,8955130
2023-08-25,60.41,60.57,60.01,60.39,7629222
2023-08-28,60.55,60.73,60.37,60.56,6254255
2023-08-29,60.56,60.63,60.15,60.5,8189592
2023-08-30,60.64,60.74,60.29,60.47,9447912
2023-08-31,60.3,60.47,59.81,59.83,14663458
2023-09-01,60.0,60.13,59.12,59.31,11262277
2023-09-05,59.25,59.32,58.67,58.82,12474644
2023-09-06,58.62,58.83,58.42,58.78,13923548
2023-09-07,58.95,59.16,58.3,58.33,17628594
2023-09-08,58.3,58.41,58.01,58.33,14332807
2023-09-11,58.4,58.99,58.23,58.88,14767420
2023-09-12,58.99,59.0,58.19,58.3,12292724
2023-09-13,58.4,58.68,58.34,58.44,12641370
2023-09-14,58.24,58.59,58.19,58.46,12311576
2023-09-15,58.41,58.64,57.75,57.94,55727509
2023-09-18,57.98,58.35,57.63,58.3,13617370
2023-09-19,58.26,58.39,57.92,58.18,12000086
2023-09-20,58.3,58.83,58.08,58.44,14767923
2023-09-21,58.37,58.42,57.42,57.54,15945821
2023-09-22,57.85,57.97,57.5,57.6,14645394
2023-09-25,57.4,57.49,56.74,57.0,12358824
2023-09-26,56.73,56.9,56.4,56.53,11194700
2023-09-27,56.42,56.53,55.68,55.95,13766301
2023-09-28,56.23,56.32,55.7,55.81,12484769
2023-09-29,56.14,56.27,55.62,55.98,12271561
2023-10-02,55.91,56.01,55.08,55.48,11792502
2023-10-03,55.16,55.43,54.78,54.88,13604197
2023-10-04,54.89,55.28,54.71,55.04,12100517
2023-10-05,54.74,54.95,52.24,52.38,29878072
2023-10-06,52.04,53.29,51.55,53.14,30298866
2023-10-09,52.96,53.15,52.11,52.88,15704749
2023-10-10,54.13,54.33,53.56,54.03,20909684
2023-10-11,54.22,54.28,53.02,53.71,21138929
2023-10-12,53.76,53.83,52.43,52.81,19330363
2023-10-13,52.74,53.42,52.64,52.89,14526994
2023-10-16,53.02,53.56,52.84,53.43,12816818
2023-10-17,53.31,54.1,53.21,54.07,16457191
2023-10-18,54.1,54.53,53.92,54.05,12809451
2023-10-19,54.16,54.76,53.86,54.35,16202187
2023-10-20,54.53,55.02,54.44,54.57,15686351
2023-10-23,54.38,54.89,54.05,54.08,21212650
2023-10-24,55.65,56.17,55.3,55.64,25290849
2023-10-25,55.76,56.22,55.56,56.12,16701024
2023-10-26,56.37,56.63,55.72,55.78,16228386
2023-10-27,55.55,56.14,55.1,55.24,13626522
2023-10-30,55.43,56.28,55.42,56.15,15014293
2023-10-31,56.57,56.72,56.15,56.49,16639375
2023-11-01,56.8,56.88,56.26,56.44,14110797
2023-11-02,56.5,57.15,56.36,57.09,13087237
2023-11-03,57.4,57.59,56.7,56.74,13958733
2023-11-06,56.78,57.28,56.74,56.97,12673192
2023-11-07,56.92,57.4,56.73,57.18,10449304
2023-11-08,57.32,57.47,56.92,57.09,13744014
2023-11-09,57.03,57.14,56.37,56.66,12021092
2023-11-10,56.87,56.93,56.06,56.72,11680428
2023-11-13,56.62,57.1,56.6,56.93,12798181
2023-11-14,57.02,57.24,56.81,57.1,12697066
2023-11-15,57.3,57.34,56.75,57.21,10201861
2023-11-16,57.25,57.53,56.81,57.15,16010449
2023-11-17,57.19,57.34,56.7,57.26,14476629
2023-11-20,57.05,57.58,56.96,57.4,13053919
2023-11-21,57.46,58.04,57.33,58.03,13891646
2023-11-22,58.26,58.54,58.13,58.42,11327148
2023-11-24,58.46,58.75,58.34,58.57,4816024
2023-11-27,58.54,58.69,58.27,58.46,16246507
2023-11-28,58.4,58.83,58.36,58.58,13739613
2023-11-29,58.58,58.67,58.1,58.23,11263632
2023-11-30,57.96,58.46,57.6,58.44,22727487
2023-12-01,58.27,58.69,58.24,58.64,15371153
2023-12-04,58.59,58.96,58.44,58.57,14942247
2023-12-05,58.55,58.83,58.42,58.66,11891513
2023-12-06,58.56,58.73,58.21,58.6,14868549
2023-12-07,58.67,58.89,58.39,58.74,11587865
2023-12-08,58.74,58.75,58.37,58.61,11178670
2023-12-11,58.83,59.09,58.5,59.04,14524767
2023-12-12,59.2,59.42,58.9,59.42,12899014
2023-12-13,59.45,60.02,59.26,59.93,16196752
2023-12-14,59.97,60.04,58.77,59.04,22478308
2023-12-15,58.83,59.17,57.8,58.6,65177382
2023-12-18,58.8,59.49,58.62,59.02,16717657
2023-12-19,59.0,59.2,58.64,58.83,14612202
2023-12-20,58.5,58.67,57.57,57.61,17700996
2023-12-21,57.85,58.07,57.47,57.99,11725123
2023-12-22,58.12,58.46,58.02,58.32,9029440
2023-12-26,58.06,58.71,58.06,58.56,6422531
2023-12-27,58.64,58.77,58.4,58.71,8560060
2023-12-28,58.65,58.87,58.53,58.75,8400138
2023-12-29,58.74,58.98,58.63,58.93,9244339
2024-01-02,58.8,59.88,58.67,59.82,16322593
2024-01-03,59.93,60.2,59.76,59.96,14830634
2024-01-04,60.05,60.26,59.66,59.76,12912926
2024-01-05,59.8,59.95,59.09,59.67,10412798
2024-01-08,59.68,60.18,59.42,60.11,11554634
2024-01-09,59.99,60.14,59.62,60.0,10493653
2024-01-10,60.22,60.41,59.98,60.2,12257983
2024-01-11,60.25,60.26,59.69,59.81,13754232
2024-01-12,60.08,60.46,59.87,60.39,13218008
2024-01-16,60.39,60.43,59.85,59.99,11826910
2024-01-17,59.86,60.21,59.82,59.99,8982132
2024-01-18,59.69,60.23,59.53,60.16,10397682
2024-01-19,60.26,60.28,59.64,59.83,14392600
2024-01-22,59.76,60.07,59.44,59.57,14314265
2024-01-23,59.53,60.0,59.46,59.85,14481643
2024-01-24,59.8,59.81,58.89,58.91,16370484
2024-01-25,59.01,59.17,58.66,59.16,14899712
2024-01-26,59.25,59.49,59.13,59.37,13025072
2024-01-29,59.34,59.79,59.17,59.73,14547070
2024-01-30,59.85,60.02,59.45,59.9,22061536
2024-01-31,60.1,60.45,59.29,59.49,22836998
2024-02-01,59.57,61.01,59.36,60.98,15870884
2024-02-02,60.82,60.87,60.23,60.54,17544906
2024-02-05,60.38,60.38,59.88,60.04,12759569
2024-02-06,59.96,60.05,59.68,59.94,12777150
2024-02-07,60.07,60.21,59.94,59.99,10259892
2024-02-08,59.89,59.97,59.41,59.83,12874761
2024-02-09,59.47,59.58,59.03,59.56,15235251
2024-02-12,59.66,59.76,58.96,59.7,13516782
2024-02-13,59.5,60.66,58.79,59.35,24195706
2024-02-14,59.17,59.59,59.04,59.29,15872453
2024-02-15,59.42,59.59,59.13,59.4,13695848
2024-02-16,59.35,59.62,58.96,59.39,13947057
2024-02-20,59.6,60.84,59.51,60.7,18339324
2024-02-21,60.99,61.28,60.83,61.24,14378264
2024-02-22,60.99,61.25,60.5,61.15,12982799
2024-02-23,61.09,61.62,61.0,61.2,13612914
2024-02-26,61.24,61.27,60.66,60.71,10336096
2024-02-27,60.54,60.78,60.12,60.34,9931088
2024-02-28,60.37,60.49,60.06,60.4,8076536
2024-02-29,60.35,60.64,59.9,60.02,18152651
2024-03-01,59.9,59.9,59.34,59.53,10927564
2024-03-04,59.23,59.95,59.22,59.81,10150243
2024-03-05,59.91,60.11,59.42,59.52,12309959
2024-03-06,59.52,60.0,59.38,59.55,12378815
2024-03-07,59.69,59.77,59.24,59.44,13686859
2024-03-08,59.3,59.79,58.97,59.52,13239013
2024-03-11,59.78,60.29,59.58,60.24,14114260
2024-03-12,60.32,60.75,60.21,60.5,12684645
2024-03-13,60.88,61.21,60.8,61.12,13909460
2024-03-14,60.58,60.8,60.4,60.5,13996609
2024-03-15,60.02,60.45,59.64,59.88,36849930
2024-03-18,59.89,60.4,59.8,60.13,15856686
2024-03-19,60.24,60.35,60.06,60.23,15030627
2024-03-20,60.18,60.81,60.16,60.75,15258764
2024-03-21,60.56,60.99,60.32,60.47,13067077
2024-03-22,60.52,60.79,60.43,60.49,11502843
2024-03-26,60.5,60.71,60.38,60.54,13277388
2024-03-27,60.79,61.43,60.7,61.03,12551216
2024-03-28,61.14,61.26,61.0,61.18,13683528
2024-04-01,61.18,61.3,60.63,60.68,11668686
2024-04-02,60.45,60.73,60.11,60.15,13017260
2024-04-03,60.05,60.39,59.78,59.83,13672922
2024-04-04,60.09,60.15,59.17,59.3,14320686
2024-04-05,59.25,59.68,58.91,59.51,10157760
2024-04-08,59.4,59.47,59.07,59.27,10279735
2024-04-09,59.48,59.74,59.13,59.72,10792141
2024-04-10,59.32,59.39,58.69,58.92,11861881
2024-04-11,59.15,59.37,58.79,59.05,11109007
2024-04-12,58.95,59.01,58.13,58.28,12250949
2024-04-15,58.61,58.81,58.04,58.14,11279668
2024-04-16,58.25,58.38,57.93,58.06,10874630
2024-04-17,58.28,58.56,58.1,58.51,13443693
2024-04-18,58.62,58.98,58.54,58.91,10915487
2024-04-19,59.1,60.36,59.0,60.17,20166346
2024-04-22,60.14,60.63,59.72,60.55,14982738
2024-04-23,60.53,60.68,60.13,60.64,13162069
2024-04-24,60.32,61.65,59.84,61.55,19040115
2024-04-25,61.87,62.59,61.37,61.74,18807653
2024-04-26,61.55,61.93,61.35,61.74,10095384
2024-04-29,61.92,62.05,61.53,62.04,13115776
2024-04-30,62.14,62.83,61.47,61.77,18930577
2024-05-01,61.8,62.57,61.21,61.93,15442324
2024-05-02,62.18,62.4,61.72,61.99,10794339
2024-05-03,61.99,62.33,61.64,62.17,11411578
2024-05-06,62.3,62.38,61.9,62.35,9154101
2024-05-07,62.76,62.82,62.25,62.62,9158995
2024-05-08,62.85,62.97,62.48,62.85,10287667
2024-05-09,62.81,63.15,62.75,62.88,8761180
2024-05-10,62.92,63.36,62.79,63.26,8132795
2024-05-13,63.24,63.62,63.18,63.58,9913016
2024-05-14,63.58,63.76,62.8,63.1,10723539
2024-05-15,63.06,63.39,63.0,63.13,8902659
2024-05-16,63.24,63.73,63.07,63.32,9926115
2024-05-17,63.34,63.37,62.94,63.03,10208876
2024-05-20,62.93,63.01,62.46,62.57,10339738
2024-05-21,62.82,62.98,62.44,62.91,8137838
2024-05-22,62.71,63.02,62.66,63.0,7211781
2024-05-23,62.49,62.88,62.05,62.09,9420138
2024-05-24,62.22,62.42,61.97,62.0,7913562
2024-05-28,61.79,62.13,61.4,61.82,12026581
2024-05-29,61.47,61.88,61.07,61.7,10900537
2024-05-30,61.85,62.08,61.6,61.97,8927111
2024-05-31,61.99,63.03,61.69,62.93,17961855
2024-06-03,62.71,63.09,62.45,62.93,8897672
2024-06-04,63.2,63.97,62.94,63.94,11354972
2024-06-05,63.99,64.07,63.35,63.92,9127245
2024-06-06,63.92,64.36,63.84,64.15,7712106
2024-06-07,64.09,64.23,63.81,63.91,9046265
2024-06-10,63.94,63.99,63.37,63.59,15473745
2024-06-11,63.59,63.65,63.07,63.55,8041188
2024-06-12,63.69,63.69,62.69,62.88,9066612
2024-06-13,62.86,63.04,62.45,62.99,9427650
2024-06-14,62.38,62.69,62.09,62.55,7600426
2024-06-17,62.37,62.9,62.18,62.62,10284645
2024-06-18,62.53,62.82,62.44,62.63,10241382
2024-06-20,62.4,62.74,61.95,62.18,11781413
2024-06-21,62.18,63.1,62.18,62.77,26143874
2024-06-24,62.99,64.06,62.91,63.97,12355786
2024-06-25,63.94,64.07,63.51,63.84,8786932
2024-06-26,63.4,64.11,63.23,64.05,8887919
2024-06-27,64.05,64.27,63.62,63.91,8125422
2024-06-28,63.9,64.06,63.52,63.65,14664279
2024-07-01,64.03,64.3,63.12,63.28,9743972
2024-07-02,63.26,63.38,62.86,63.15,8635511
2024-07-03,63.19,63.67,62.93,63.33,9041597
2024-07-05,63.33,63.79,63.0,63.76,9759642
2024-07-08,63.59,63.59,62.84,62.96,10786747
2024-07-09,63.06,63.23,62.59,62.69,11395211
2024-07-10,62.72,62.86,62.29,62.83,11518384
2024-07-11,62.64,63.46,62.4,63.1,10434400
2024-07-12,63.46,64.12,63.39,63.7,8712462
2024-07-15,63.79,63.94,63.35,63.41,7761024
2024-07-16,63.43,64.31,63.39,64.27,8726690
2024-07-17,64.47,65.39,64.41,65.21,11989783
2024-07-18,64.8,65.81,64.72,65.19,10867180
2024-07-19,65.64,65.64,64.82,65.29,13329083
2024-07-22,65.25,65.29,64.32,64.77,11348360
2024-07-23,65.43,66.04,64.85,64.96,11526185
2024-07-24,65.09,65.97,64.84,65.81,12984706
2024-07-25,66.04,66.89,65.86,66.07,15982233
2024-07-26,66.07,67.11,66.01,67.05,13147216
2024-07-29,66.88,67.03,66.39,66.83,12032812
2024-07-30,66.48,67.83,66.36,67.68,12770626
2024-07-31,67.5,67.61,66.61,66.74,14981464
2024-08-01,67.0,68.11,66.7,67.96,15761211
2024-08-02,68.53,69.67,67.69,69.33,21955133
2024-08-05,68.99,69.55,67.73,68.1,25108242
2024-08-06,68.15,68.84,67.77,68.05,12470143
2024-08-07,68.05,69.18,67.83,68.46,12805632
2024-08-08,68.0,68.87,67.85,68.73,14603102
2024-08-09,68.7,68.79,68.25,68.68,10878884
2024-08-12,68.45,68.54,67.83,68.17,10468397
2024-08-13,68.08,68.61,68.01,68.46,9693951
2024-08-14,68.23,68.89,68.13,68.58,14085299
2024-08-15,68.62,68.92,68.5,68.65,10957685
2024-08-16,68.84,69.3,68.64,69.18,11727787
2024-08-19,69.35,69.42,68.85,68.98,9594029
2024-08-20,68.99,69.39,68.77,69.38,11589078
2024-08-21,69.48,70.13,69.34,69.57,8475886
2024-08-22,69.92,69.92,68.79,69.33,10896633
2024-08-23,69.4,69.85,68.94,69.79,10867186
2024-08-26,69.83,70.92,69.73,70.84,12495521
2024-08-27,71.32,71.53,71.05,71.5,16718101
2024-08-28,71.61,71.81,71.3,71.75,12650904
2024-08-29,71.9,72.22,71.23,72.05,16714805
2024-08-30,72.2,72.57,71.78,72.47,17652199
2024-09-03,72.44,73.29,72.25,73.01,14216879
2024-09-04,73.3,73.53,71.91,72.56,17817462
2024-09-05,72.62,72.68,70.98,71.17,20769264
2024-09-06,70.99,71.67,70.89,71.14,14550719
2024-09-09,71.23,72.31,70.98,71.85,12393063
2024-09-10,71.97,72.42,71.52,71.55,9979085
2024-09-11,71.36,71.37,70.57,71.08,10760440
2024-09-12,71.0,71.38,70.66,71.23,11855542
2024-09-13,70.84,71.47,70.48,71.41,10366539
2024-09-16,71.77,72.24,71.62,72.1,10465043
2024-09-17,71.9,72.35,71.73,71.8,12209191
2024-09-18,71.89,72.38,71.27,71.75,9960482
2024-09-19,71.56,71.94,70.6,70.62,13469200
2024-09-20,70.41,71.8,70.38,71.64,45142456
2024-09-23,71.55,72.2,71.18,71.73,11001259
2024-09-24,71.22,71.82,70.6,71.33,12573841
2024-09-25,71.71,71.92,71.31,71.45,10577381
2024-09-26,70.86,71.61,70.84,71.4,9983534
2024-09-27,71.54,72.2,71.46,71.79,10728719
2024-09-30,72.0,72.2,71.69,71.86,17104968
2024-10-01,72.1,72.75,71.63,71.71,12334500
2024-10-02,71.39,71.43,70.41,71.01,10814399
2024-10-03,70.86,70.99,70.2,70.52,9123134
2024-10-04,69.96,70.28,69.72,70.17,12449444
2024-10-07,70.05,70.1,68.87,69.01,14175069
2024-10-08,69.04,69.44,68.86,69.18,13176817
2024-10-09,69.19,69.74,69.07,69.57,8836076
2024-10-10,69.83,69.91,68.99,69.25,8425463
2024-10-11,69.46,69.59,69.0,69.57,8338708
2024-10-14,69.57,70.47,69.47,70.34,7542035
2024-10-15,70.46,71.21,70.16,70.34,9645651
2024-10-16,70.09,70.7,69.97,70.57,7802616
2024-10-17,70.63,70.69,69.58,69.9,13505981
2024-10-18,69.87,70.55,69.61,70.44,14345020
2024-10-21,70.0,70.33,69.31,69.45,11723969
2024-10-22,69.0,69.75,68.68,69.45,18063097
2024-10-23,66.99,68.7,66.58,68.01,23709068
2024-10-24,67.65,68.04,66.95,67.3,17284234
2024-10-25,67.07,67.7,66.79,66.92,10647992
2024-10-28,66.96,67.4,66.6,66.67,9408267
2024-10-29,66.29,66.34,65.52,65.56,15890502
2024-10-30,65.51,66.54,65.32,65.92,13362474
2024-10-31,65.81,65.99,65.26,65.31,12455865
2024-11-01,65.47,65.66,64.89,65.01,10863521
2024-11-04,65.08,65.42,64.65,65.11,10748386
2024-11-05,64.64,65.47,64.64,65.37,8402090
2024-11-06,64.42,64.86,63.18,63.7,22233665
2024-11-07,64.29,64.39,63.6,63.66,14344494
2024-11-08,63.91,64.24,63.74,63.92,14222443
2024-11-11,63.99,64.12,63.25,63.36,13513906
2024-11-12,63.68,63.75,63.12,63.2,14435673
2024-11-13,63.05,63.26,62.49,63.0,11633846
2024-11-14,63.11,63.11,62.43,62.55,15469803
2024-11-15,62.49,62.63,61.39,61.74,25319295
2024-11-18,61.85,62.14,61.56,61.86,13719268
2024-11-19,61.9,62.62,61.63,62.59,14918118
2024-11-20,62.7,63.01,62.02,62.99,17562644
2024-11-21,63.15,63.81,62.95,63.76,16614198
2024-11-22,64.24,64.48,63.65,63.92,19023221
2024-11-25,64.32,64.71,63.84,64.38,32776655
2024-11-26,64.31,64.64,64.06,64.55,13959777
2024-11-27,64.96,65.1,64.25,64.43,12870257
2024-11-29,64.02,64.25,63.77,64.08,9247885
2024-12-02,64.05,64.19,63.35,63.65,15336571
2024-12-03,63.72,64.08,63.03,63.52,20991916
2024-12-04,63.28,63.35,61.9,62.21,26045763
2024-12-05,62.47,63.12,62.1,62.92,20555006
2024-12-06,62.83,63.36,62.51,62.53,15219566
2024-12-09,62.69,62.93,61.9,62.6,20910704
2024-12-10,62.7,63.04,61.79,62.91,14489993
2024-12-11,63.0,63.63,62.4,62.64,24778602
2024-12-12,63.55,63.92,63.22,63.84,16683138
2024-12-13,63.57,63.84,63.11,63.12,12445289
2024-12-16,63.23,63.86,62.35,62.55,22291750
2024-12-17,62.45,63.55,62.32,63.4,21010652
2024-12-18,62.81,63.64,62.79,62.85,20197791
2024-12-19,62.7,63.17,62.4,62.45,19414928
2024-12-20,62.47,63.06,62.28,62.55,35371521
2024-12-23,62.5,62.76,61.53,62.38,12226446
2024-12-24,62.2,62.84,62.01,62.84,4978088
2024-12-26,62.62,62.74,62.4,62.57,7738979
2024-12-27,62.45,62.95,62.21,62.45,8183750
2024-12-30,62.34,62.34,61.68,62.03,8747425
2024-12-31,62.02,62.43,61.8,62.26,8693878
2025-01-02,62.35,62.75,61.62,61.84,9338511
2025-01-03,61.9,62.08,61.62,61.75,9449551
2025-01-06,61.5,61.57,60.66,60.81,17550011
2025-01-07,61.11,61.72,60.62,60.84,17470604
2025-01-08,60.99,61.77,60.93,61.71,12728426
2025-01-10,61.58,61.65,60.73,61.07,21934553
2025-01-13,61.13,61.85,60.71,61.65,17281178
2025-01-14,61.66,62.07,61.3,62.04,16284016
2025-01-15,62.33,62.62,61.68,61.77,15062796
2025-01-16,61.42,62.3,61.32,62.25,12147322
2025-01-17,62.31,62.77,62.17,62.71,17137879
2025-01-21,62.9,63.23,62.3,62.42,19151872
2025-01-22,62.12,62.29,61.66,61.78,17705552
2025-01-23,61.8,61.98,61.37,61.53,15846887
2025-01-24,61.72,62.01,61.44,61.92,18943824
2025-01-27,62.87,64.18,62.47,63.87,20358713
2025-01-28,63.51,64.04,62.28,62.36,14629513
2025-01-29,62.56,63.36,62.55,62.83,11091600
2025-01-30,63.85,64.29,63.23,64.05,12844936
2025-01-31,63.7,63.93,63.39,63.48,11593895
2025-02-03,63.18,63.63,62.43,63.35,11626764
2025-02-04,63.61,63.63,62.35,62.67,15279777
2025-02-05,62.72,63.29,62.59,63.12,10341623
2025-02-06,63.62,63.74,62.91,63.36,13143257
2025-02-07,63.43,63.92,63.27,63.84,12326065
2025-02-10,64.1,64.65,63.66,64.55,15403545
2025-02-11,67.5,67.67,66.41,67.6,30335193
2025-02-12,66.87,68.82,66.87,68.71,25390890
2025-02-13,69.0,69.61,68.76,69.5,22808778
2025-02-14,69.37,70.03,68.76,68.87,20338292
2025-02-18,68.55,69.37,68.42,69.05,14917227
2025-02-19,69.21,70.13,69.17,70.07,15294548
2025-02-20,69.71,70.07,69.42,70.04,11590507
2025-02-21,70.32,71.6,70.13,71.35,20229265
2025-02-24,70.84,71.73,70.33,70.59,21037313
2025-02-25,70.86,71.77,70.73,71.49,20523543
2025-02-26,71.27,71.28,70.53,70.8,14075159
2025-02-27,70.72,71.54,70.42,70.87,16620935
2025-02-28,71.45,71.57,70.56,71.21,20645246
2025-03-03,70.24,72.36,69.73,72.32,20271858
2025-03-04,72.07,72.65,69.88,70.19,24894678
2025-03-05,69.9,70.74,69.84,70.08,18261243
2025-03-06,70.41,70.53,69.45,70.46,19329067
2025-03-07,69.65,71.82,69.65,71.43,23039931
2025-03-10,71.96,73.22,71.32,71.45,24695272
2025-03-11,71.88,72.04,70.61,71.04,25456720
2025-03-12,70.37,70.73,69.74,69.94,18542184
2025-03-13,70.25,70.25,69.28,69.62,15449537
2025-03-14,68.51,69.26,68.38,69.16,13799799
2025-03-17,69.24,70.17,69.08,70.12,13302442
2025-03-18,70.11,70.19,69.3,69.38,12283105
2025-03-19,68.55,69.38,68.54,69.28,13980089
2025-03-20,69.31,69.81,69.09,69.71,15273706
2025-03-21,69.71,69.97,68.18,68.67,45048415
2025-03-24,68.8,69.08,68.33,68.95,12014215
2025-03-25,68.95,69.08,68.6,68.81,11330567
2025-03-26,68.92,70.35,68.9,70.02,13622558
2025-03-27,70.18,70.99,70.07,70.74,11663365
2025-03-28,70.81,71.32,69.53,70.37,17412915
2025-03-31,70.73,71.94,70.49,71.62,24016866
2025-04-01,71.68,71.91,71.19,71.87,15309146
2025-04-02,71.96,72.36,71.05,71.33,14606519
2025-04-03,72.48,73.95,72.32,73.18,24959593
2025-04-04,72.42,73.01,69.79,69.93,26517289
2025-04-07,66.23,69.38,66.05,68.37,34258363
2025-04-08,68.96,69.98,67.76,68.42,22774425
2025-04-09,67.92,70.47,67.28,69.95,27918675
2025-04-10,70.19,71.21,68.98,70.76,22450163
2025-04-11,70.91,71.85,70.54,71.43,19988203
2025-04-14,71.3,72.66,70.93,72.45,13930207
2025-04-15,72.62,72.63,71.73,71.86,14965492
2025-04-16,72.36,72.67,71.39,71.68,15276216
2025-04-17,71.9,73.43,71.72,73.0,20754495
2025-04-21,73.38,73.47,71.82,72.77,16037190
2025-04-22,73.0,74.38,72.92,73.9,15613518
2025-04-23,73.29,73.95,72.38,73.3,16353927
2025-04-24,73.02,73.43,72.3,72.52,16893861
2025-04-25,72.65,72.92,71.13,71.91,16315984
2025-04-28,72.08,72.26,71.31,71.79,15937495
2025-04-29,71.19,72.71,70.28,72.35,16244057
2025-04-30,73.35,73.48,71.69,72.55,21074652
2025-05-01,72.0,72.04,71.23,71.29,18034163
2025-05-02,71.5,71.82,71.1,71.65,12629593
2025-05-05,71.67,71.8,71.01,71.7,11932687
2025-05-06,71.68,71.9,71.16,71.72,12705475
2025-05-07,71.72,72.69,71.67,72.4,15025786
2025-05-08,72.2,72.47,71.13,71.17,14371061
2025-05-09,70.99,71.15,70.46,70.52,11228947
2025-05-12,70.15,70.33,68.7,69.53,21539013
2025-05-13,69.59,69.69,68.87,68.96,14389053
2025-05-14,68.88,69.34,68.58,69.16,16286799
2025-05-15,69.7,71.73,69.6,71.61,19817096
2025-05-16,71.86,72.26,71.43,72.0,18441200
2025-05-19,72.03,72.17,71.64,71.93,13282775
2025-05-20,71.8,72.13,71.43,71.69,12137798
2025-05-21,71.69,72.08,71.59,71.85,12094424
2025-05-22,71.84,71.99,70.96,71.14,11101798
2025-05-23,71.54,71.98,70.69,71.77,12822145
2025-05-27,71.74,72.22,71.56,71.78,10666102
2025-05-28,71.7,71.9,71.05,71.15,8710896
2025-05-29,71.0,71.66,70.46,71.49,10294095
2025-05-30,71.61,72.47,71.61,72.1,28019547
2025-06-02,72.03,72.04,71.36,72.0,10202737
2025-06-03,71.71,71.78,70.48,71.16,20139767
2025-06-04,71.26,71.85,70.68,71.37,13565891
2025-06-05,71.38,71.46,70.84,70.91,13535619
2025-06-06,71.09,71.48,70.94,71.35,9524036
2025-06-09,71.35,71.83,71.09,71.77,12281339
2025-06-10,71.9,72.69,71.76,72.35,12264972
2025-06-11,72.27,72.36,71.76,72.07,12718510
2025-06-12,72.25,72.4,71.6,72.24,12806911
2025-06-13,71.77,71.88,70.73,71.02,17467162
2025-06-16,71.2,71.62,70.24,70.52,15045880
2025-06-17,70.38,70.46,69.58,69.62,15437032
2025-06-18,70.0,70.0,69.09,69.21,16227582
2025-06-20,69.09,69.56,68.78,68.84,40859425
2025-06-23,69.14,69.81,68.97,69.74,21822773
2025-06-24,69.95,70.35,69.69,70.21,15216084
2025-06-25,69.93,70.02,69.43,69.63,12540374
2025-06-26,69.7,69.92,69.15,69.47,14454090
2025-06-27,69.59,70.56,69.47,70.33,23470691
2025-06-30,70.13,70.79,70.09,70.75,15428966
2025-07-01,70.99,72.45,70.9,71.67,21729276
2025-07-02,71.69,71.83,70.74,70.91,13050239
2025-07-03,71.04,71.4,70.45,71.35,9439929
2025-07-07,71.37,71.37,70.8,71.01,16984675
2025-07-08,70.68,70.68,69.88,70.24,17115521
2025-07-09,70.16,70.25,68.97,69.48,33704119
2025-07-10,69.29,69.85,69.16,69.77,14615046
2025-07-11,69.57,70.16,69.25,69.87,12916670
2025-07-14,69.8,70.08,69.27,69.47,13983246
2025-07-15,69.51,69.55,69.15,69.36,12639808
2025-07-16,69.35,69.5,68.79,69.27,13178292
2025-07-17,69.81,70.69,69.51,70.59,20464657
2025-07-18,70.45,70.7,69.84,69.85,14927950
2025-07-21,70.2,70.62,69.93,70.07,17811719
2025-07-22,69.45,70.26,68.69,69.66,22339884
2025-07-23,69.66,69.74,68.6,69.16,21029993
2025-07-24,69.26,69.55,68.99,69.1,12511367
2025-07-25,69.13,69.23,68.75,69.17,12574823
2025-07-28,68.74,68.9,68.06,68.09,13668798
2025-07-29,68.34,69.42,68.15,69.38,16223379
2025-07-30,69.11,69.33,68.53,68.75,10448179
2025-07-31,68.15,68.65,67.74,67.89,17193418
2025-08-01,68.6,69.04,68.27,68.86,16107506
2025-08-04,68.72,69.09,68.31,68.96,10701525
2025-08-05,68.9,69.49,68.75,69.05,11993391
2025-08-06,69.12,69.8,68.63,69.51,10782977
2025-08-07,69.46,70.72,69.33,70.43,15790802
2025-08-08,70.37,70.87,70.08,70.34,9232651
2025-08-11,70.3,70.86,69.96,70.75,10909371
2025-08-12,70.82,71.06,70.22,70.71,11065044
2025-08-13,70.69,70.77,70.23,70.46,10356518
2025-08-14,70.38,70.46,69.39,69.55,10722373
2025-08-15,69.74,70.39,69.57,69.92,12381112
2025-08-18,69.98,70.05,69.05,69.13,14094881
2025-08-19,69.3,70.22,69.24,70.13,13862214
2025-08-20,70.74,71.71,70.41,70.7,17530847
2025-08-21,70.6,70.91,70.33,70.66,8840427
2025-08-22,70.96,71.02,69.92,70.13,12999606
2025-08-25,70.11,70.23,68.72,68.93,13634562
2025-08-26,69.04,69.08,68.58,68.73,17964231
2025-08-27,68.82,68.87,68.47,68.83,11562741
2025-08-28,68.88,68.9,68.28,68.36,16209870
2025-08-29,68.67,69.14,68.43,68.99,14601094
2025-09-02,68.96,69.34,68.26,69.06,24770073
2025-09-03,68.66,69.1,67.37,68.99,33581491
2025-09-04,69.11,69.46,68.12,68.25,16736009
2025-09-05,68.01,68.58,67.87,67.96,23977995
2025-09-08,67.86,67.88,67.16,67.43,21671747
2025-09-09,67.28,68.11,67.28,67.86,14120570
2025-09-10,67.79,68.09,67.21,67.82,16041934
2025-09-11,67.92,68.17,67.58,67.62,15128731
2025-09-12,67.6,67.72,66.94,67.01,18712351
2025-09-15,66.68,66.78,66.1,66.21,15986132
2025-09-16,66.35,66.51,66.06,66.24,18555912
2025-09-17,66.41,67.13,66.41,67.04,17372334
2025-09-18,66.8,67.04,66.35,66.46,17722919
2025-09-19,66.49,66.73,66.05,66.43,31192851
2025-09-22,66.16,66.59,66.08,66.21,13298742
2025-09-23,66.35,66.76,65.9,66.71,15072791
2025-09-24,66.41,66.78,65.96,66.45,14759294
2025-09-25,66.75,66.92,65.95,65.98,14395010
2025-09-26,66.07,66.34,65.5,65.67,17821566
2025-09-29,65.67,66.1,65.35,66.04,14818531
2025-09-30,66.07,66.64,65.96,66.32,13814992
2025-10-01,66.51,66.83,66.29,66.78,14877538
2025-10-02,66.53,66.65,65.86,66.1,14350722
2025-10-03,66.1,66.99,66.04,66.65,12249240
2025-10-06,66.49,66.5,65.84,66.1,14333320
2025-10-07,66.23,67.26,65.87,66.79,13328270
2025-10-08,66.67,66.87,66.06,66.12,12606677
2025-10-09,66.29,66.8,66.12,66.37,12705190
2025-10-10,66.52,67.4,66.38,67.04,17991744
2025-10-13,66.23,66.8,66.0,66.8,13690029
2025-10-14,66.87,67.57,66.75,67.51,14245564
2025-10-15,67.27,67.72,66.92,67.08,11193715
2025-10-16,67.18,68.11,67.16,67.59,15707226
2025-10-17,68.0,68.5,67.8,68.44,15541769
2025-10-20,68.43,68.64,67.92,68.44,17786538
2025-10-21,70.57,71.39,70.23,71.22,33651302
2025-10-22,71.36,71.62,70.51,70.81,18292950
2025-10-23,70.81,70.93,69.72,69.94,13989414
2025-10-24,69.91,70.05,69.65,69.71,15681626
2025-10-27,69.78,70.12,69.25,70.06,13789921
2025-10-28,70.05,70.9,69.95,70.16,12730493
2025-10-29,69.92,70.03,68.16,68.35,19789610
2025-10-30,68.45,69.29,68.39,68.98,14741624
2025-10-31,68.55,69.07,67.9,68.9,16728207
2025-11-03,68.8,68.89,67.66,67.97,15641500
2025-11-04,68.47,68.73,68.16,68.66,12743781
2025-11-05,68.66,68.83,68.18,68.51,12850125
2025-11-06,68.3,69.14,67.92,69.06,15906651
2025-11-07,69.81,70.87,69.41,70.55,25097480
2025-11-10,70.01,70.66,69.44,70.52,15311385
2025-11-11,70.98,71.75,70.66,71.61,16160212
2025-11-12,71.49,71.89,71.34,71.51,13604628
2025-11-13,71.42,71.67,71.0,71.07,13988172
2025-11-14,71.41,71.64,70.6,71.16,13160779
2025-11-17,71.2,71.53,70.62,70.68,14755361
2025-11-18,70.99,71.34,70.57,71.22,12815025
2025-11-19,71.2,71.45,70.81,71.11,12382754
2025-11-20,70.95,71.48,70.61,71.21,15372799
2025-11-21,71.68,73.19,71.49,72.95,26450520
2025-11-24,73.16,73.16,71.57,72.59,39806777
2025-11-25,72.8,72.93,72.14,72.61,17435108
2025-11-26,72.6,73.09,72.39,72.88,11785708
2025-11-28,73.0,73.23,72.76,73.12,7417388
2025-12-01,72.6,72.91,71.93,71.95,14366225
2025-12-02,71.8,71.8,70.43,70.67,19840455
2025-12-03,70.88,71.4,70.61,70.81,16983314
2025-12-04,70.83,71.34,70.37,70.45,17696869
2025-12-05,70.32,70.71,69.87,70.0,13963579
2025-12-08,69.84,70.38,69.49,70.25,17756449
2025-12-09,70.37,70.63,69.83,70.09,13000147
2025-12-10,70.39,70.53,69.78,70.21,29759648
2025-12-11,70.55,70.69,68.79,69.11,23080664
2025-12-12,69.11,70.62,69.04,70.52,18425498
2025-12-15,70.43,71.32,70.32,70.97,18650679
2025-12-16,71.3,71.3,70.32,70.37,17353655
2025-12-17,70.57,70.92,70.31,70.67,13649425
2025-12-18,70.27,70.8,70.17,70.36,15512141
2025-12-19,70.06,70.77,70.03,70.06,36900292
2025-12-22,69.93,70.22,69.66,70.21,12817454
2025-12-23,70.2,70.26,69.69,69.87,9464889
2025-12-24,69.9,70.16,69.75,70.11,4510808
2025-12-26,69.95,70.16,69.73,69.87,5707654
2025-12-29,70.0,70.42,69.85,70.16,9675916
2025-12-30,70.0,70.24,69.8,70.07,8604929
2025-12-31,70.07,70.16,69.88,69.91,8123788
2026-01-02,69.85,69.87,68.98,69.12,12125044
2026-01-05,68.92,68.92,67.92,67.94,21285296
2026-01-06,68.01,68.25,67.59,67.84,20997559
2026-01-07,67.99,68.07,67.27,67.54,20198068
2026-01-08,67.54,69.46,67.45,69.37,19219175
2026-01-09,69.43,70.66,69.12,70.51,19085564
2026-01-12,70.9,70.97,70.24,70.5,20562435
2026-01-13,70.42,71.24,70.27,71.24,18266766
2026-01-14,71.17,71.71,70.81,71.44,16723373
2026-01-15,71.59,71.6,70.37,70.48,15451721
2026-01-16,70.29,70.74,70.04,70.44,20018710
2026-01-20,70.0,71.78,69.79,71.75,22121488
2026-01-21,71.98,72.24,70.83,72.01,21658335
2026-01-22,71.83,72.04,71.44,71.87,13962498
2026-01-23,72.02,73.06,71.78,72.88,18309696
2026-01-26,72.86,73.3,72.54,72.56,13987020
2026-01-27,72.44,73.56,72.27,73.55,13238879
2026-01-28,73.21,73.62,72.57,73.06,14633679
