{
  "model": "Parallel LSTM-GNN (knn graph)",
  "timestamp": "2026-06-27_123501",
  "architecture": "Parallel (LSTM temporal + GNN spatial) -> Concatenation fusion",
  "graph_method": "knn",
  "config": {
    "num_stocks": 30,
    "learning_rate": 0.001,
    "batch_size": 11,
    "num_epochs_trained": 5,
    "best_epoch": 3,
    "patience": 3,
    "weight_decay": 1e-05
  },
  "training_summary": {
    "num_epochs_trained": 5,
    "best_epoch": 3,
    "best_val_loss": 5.912371307204012e-06,
    "total_time_minutes": 3.61680227915446
  },
  "test_metrics": {
    "mse": 7.15760279490496e-06,
    "rmse": 0.0026753696557494555,
    "mae": 0.0007044485537335277,
    "r2": 0.7071034908294678,
    "qlike": 0.5532182455062866,
    "directional_accuracy": 67.77206022489042
  }
}