date,open,high,low,close,volume
2010-02-02,2.7,2.7,2.7,2.7,5520
2010-02-03,2.83,2.83,2.83,2.83,10140
2010-02-04,2.97,2.97,2.97,2.97,11690
2010-02-05,3.02,3.1,3.02,3.1,269750
2010-02-08,3.02,3.07,2.97,3.02,74810
2010-02-09,3.02,3.02,2.89,2.89,44920
2010-02-10,2.83,2.89,2.81,2.83,162280
2010-02-11,2.81,2.91,2.76,2.83,60500
2010-02-12,2.89,2.97,2.89,2.97,52600
2010-02-22,3.04,3.07,2.97,3.04,12690
2010-02-23,2.94,3.02,2.91,2.91,61590
2010-02-24,2.94,2.97,2.89,2.94,23840
2010-02-25,2.97,3.04,2.91,2.97,28790
2010-02-26,2.99,2.99,2.94,2.97,42360
2010-03-01,3.02,3.02,2.97,2.99,31430
2010-03-02,2.99,3.04,2.99,2.99,64440
2010-03-03,3.02,3.07,2.99,3.07,100070
2010-03-04,3.15,3.15,3.1,3.1,29400
2010-03-05,3.23,3.23,3.1,3.23,125640
2010-03-08,3.28,3.39,3.23,3.36,39760
2010-03-09,3.36,3.36,3.31,3.31,40470
2010-03-10,3.31,3.46,3.31,3.44,153290
2010-03-11,3.49,3.6,3.46,3.6,86700
2010-03-12,3.73,3.75,3.6,3.75,135890
2010-03-15,3.83,3.94,3.83,3.94,100270
2010-03-16,3.88,4.02,3.78,3.91,135810
2010-03-17,4.02,4.02,3.88,3.88,90920
2010-03-18,3.88,3.96,3.81,3.96,70030
2010-03-19,3.99,3.99,3.88,3.88,66350
2010-03-22,3.83,3.83,3.7,3.73,123570
2010-03-23,3.73,3.73,3.54,3.57,191400
2010-03-24,3.6,3.73,3.6,3.73,189240
2010-03-25,3.65,3.81,3.6,3.73,80310
2010-03-26,3.73,3.78,3.7,3.78,56800
2010-03-29,3.78,3.88,3.75,3.86,57820
2010-03-30,3.75,3.86,3.67,3.67,103050
2010-03-31,3.67,3.78,3.65,3.65,51530
2010-04-01,3.67,3.75,3.65,3.75,53340
2010-04-02,3.83,3.94,3.83,3.94,259190
2010-04-05,4.07,4.07,3.91,4.07,177200
2010-04-06,4.07,4.15,4.04,4.04,132400
2010-04-07,4.07,4.09,3.96,4.07,160400
2010-04-08,4.09,4.12,4.07,4.09,146000
2010-04-09,4.12,4.28,4.09,4.28,278650
2010-04-12,4.48,4.48,4.48,4.48,2050
2010-04-13,4.63,4.67,4.55,4.55,373110
2010-04-14,4.63,4.63,4.44,4.44,103990
2010-04-15,4.44,4.48,4.32,4.4,142690
2010-04-16,4.4,4.59,4.4,4.55,149110
2010-04-19,4.52,4.55,4.44,4.44,104310
2010-04-20,4.44,4.52,4.28,4.28,57970
2010-04-21,4.44,4.44,4.28,4.44,36500
2010-04-22,4.52,4.52,4.4,4.4,55010
2010-04-26,4.48,4.48,4.4,4.4,59100
2010-04-27,4.4,4.48,4.36,4.36,65390
2010-04-28,4.32,4.44,4.32,4.4,56590
2010-04-29,4.48,4.59,4.48,4.55,180150
2010-05-04,4.67,4.67,4.55,4.59,136420
2010-05-05,4.48,4.63,4.48,4.52,90530
2010-05-06,4.55,4.55,4.48,4.48,73810
2010-05-07,4.4,4.44,4.32,4.32,153740
2010-05-10,4.28,4.32,4.2,4.28,86080
2010-05-11,4.32,4.32,4.24,4.24,99270
2010-05-12,4.24,4.28,4.16,4.16,185140
2010-05-13,4.32,4.32,4.16,4.16,68310
2010-05-14,4.16,4.24,4.16,4.16,58940
2010-05-17,4.08,4.12,4.04,4.08,75470
2010-05-18,3.96,4.04,3.92,3.96,130210
2010-05-19,3.9,4.08,3.9,3.9,86030
2010-05-20,3.82,4.08,3.82,4.08,104780
2010-05-21,3.88,3.94,3.88,3.88,123020
2010-05-24,3.9,3.92,3.8,3.9,14260
2010-05-25,3.88,3.9,3.84,3.88,46120
2010-05-26,3.96,3.96,3.86,3.94,24050
2010-05-27,4.0,4.0,3.88,3.92,23800
2010-05-28,3.92,4.08,3.9,4.08,127330
2010-05-31,3.9,4.0,3.9,3.96,31050
2010-06-01,4.0,4.0,3.96,3.96,9160
2010-06-02,3.96,3.96,3.88,3.96,10550
2010-06-03,3.92,3.96,3.92,3.92,31420
2010-06-04,3.88,3.94,3.88,3.88,9530
2010-06-07,3.84,3.92,3.82,3.84,24560
2010-06-08,3.78,3.88,3.78,3.84,13930
2010-06-09,3.84,3.92,3.82,3.88,18710
2010-06-10,3.92,3.92,3.92,3.92,20
2010-06-11,3.9,3.92,3.88,3.9,24260
2010-06-14,3.86,3.94,3.86,3.92,23530
2010-06-15,3.92,3.92,3.9,3.92,8250
2010-06-16,3.92,3.96,3.92,3.94,8520
2010-06-17,3.94,3.94,3.9,3.92,31300
2010-06-18,3.92,3.94,3.88,3.9,70810
2010-06-21,3.9,3.94,3.88,3.94,38240
2010-06-22,3.92,3.92,3.86,3.86,25980
2010-06-23,3.82,4.0,3.82,4.0,103570
2010-06-24,4.04,4.04,3.88,3.88,41870
2010-06-25,3.9,3.94,3.9,3.9,64510
2010-06-28,3.86,3.92,3.86,3.86,2750
2010-06-29,3.9,3.92,3.88,3.9,42340
2010-06-30,3.9,3.9,3.84,3.9,26660
2010-07-01,3.84,3.9,3.84,3.88,56500
2010-07-02,3.9,3.9,3.86,3.88,52680
2010-07-05,3.88,3.9,3.88,3.88,23380
2010-07-06,3.88,3.88,3.86,3.88,40280
2010-07-07,3.84,3.88,3.84,3.84,4960
2010-07-08,3.84,3.88,3.84,3.88,43550
2010-07-09,3.88,3.9,3.88,3.9,13190
2010-07-12,3.88,3.92,3.86,3.92,13720
2010-07-13,3.92,3.96,3.9,3.92,27980
2010-07-14,3.96,3.96,3.92,3.96,27210
2010-07-15,3.92,3.96,3.92,3.92,12000
2010-07-16,3.9,3.94,3.88,3.9,4440
2010-07-19,3.9,3.92,3.9,3.9,45750
2010-07-20,3.92,3.94,3.88,3.92,13160
2010-07-21,3.92,3.92,3.9,3.9,18600
2010-07-22,3.88,3.88,3.84,3.86,11870
2010-07-23,3.88,3.88,3.86,3.88,18100
2010-07-26,3.86,3.88,3.86,3.86,6620
2010-07-27,3.86,3.88,3.84,3.86,129320
2010-07-28,3.88,3.88,3.84,3.86,40840
2010-07-29,3.86,3.86,3.86,3.86,6440
2010-07-30,3.84,3.84,3.82,3.84,12000
2010-08-02,3.84,3.84,3.84,3.84,25900
2010-08-03,3.92,4.0,3.88,3.92,52720
2010-08-04,3.88,3.88,3.84,3.88,5280
2010-08-05,3.88,3.92,3.86,3.88,17750
2010-08-06,3.86,3.9,3.84,3.86,6850
2010-08-09,3.72,3.82,3.72,3.72,41790
2010-08-10,3.72,3.72,3.56,3.6,53420
2010-08-11,3.62,3.64,3.49,3.62,7660
2010-08-12,3.45,3.49,3.45,3.45,115160
2010-08-13,3.53,3.53,3.41,3.45,34090
2010-08-16,3.56,3.56,3.49,3.54,28060
2010-08-17,3.6,3.6,3.45,3.47,18000
2010-08-18,3.39,3.53,3.39,3.39,19820
2010-08-19,3.49,3.49,3.41,3.49,2510
2010-08-20,3.37,3.39,3.37,3.37,15980
2010-08-23,3.49,3.49,3.37,3.49,23020
2010-08-24,3.41,3.45,3.33,3.41,76160
2010-08-25,3.37,3.41,3.33,3.37,24320
2010-08-26,3.37,3.37,3.25,3.29,53450
2010-08-27,3.17,3.25,3.13,3.13,70020
2010-08-30,3.27,3.27,3.17,3.27,42520
2010-08-31,3.35,3.41,3.21,3.41,12200
2010-09-01,3.47,3.49,3.29,3.49,12870
2010-09-06,3.43,3.6,3.43,3.56,12780
2010-09-07,3.45,3.54,3.39,3.45,14590
2010-09-08,3.41,3.41,3.33,3.41,4340
2010-09-09,3.49,3.49,3.33,3.41,13700
2010-09-10,3.41,3.41,3.31,3.31,30470
2010-09-13,3.17,3.33,3.15,3.23,12240
2010-09-14,3.33,3.33,3.21,3.33,6490
2010-09-15,3.23,3.25,3.21,3.23,31720
2010-09-16,3.39,3.39,3.27,3.39,27640
2010-09-17,3.49,3.49,3.47,3.49,8750
2010-09-20,3.41,3.56,3.41,3.41,13500
2010-09-21,3.39,3.41,3.33,3.39,18860
2010-09-22,3.37,3.37,3.29,3.37,12010
2010-09-23,3.33,3.33,3.29,3.33,30450
2010-09-24,3.35,3.35,3.31,3.35,7090
2010-09-27,3.37,3.39,3.33,3.37,45630
2010-09-28,3.33,3.41,3.33,3.39,58920
2010-09-29,3.39,3.41,3.39,3.39,43270
2010-09-30,3.39,3.41,3.35,3.39,28180
2010-10-01,3.41,3.41,3.35,3.41,19210
2010-10-04,3.37,3.49,3.33,3.37,32690
2010-10-05,3.23,3.39,3.23,3.39,710
2010-10-06,3.39,3.39,3.37,3.39,14140
2010-10-07,3.37,3.37,3.33,3.37,44820
2010-10-08,3.33,3.39,3.33,3.33,39500
2010-10-11,3.35,3.37,3.35,3.35,7000
2010-10-12,3.27,3.35,3.27,3.27,48910
2010-10-13,3.33,3.33,3.31,3.33,3020
2010-10-14,3.29,3.33,3.29,3.29,12050
2010-10-15,3.31,3.33,3.31,3.31,5200
2010-10-18,3.37,3.37,3.37,3.37,10
2010-10-19,3.29,3.33,3.29,3.29,10730
2010-10-20,3.25,3.31,3.25,3.25,6520
2010-10-21,3.25,3.33,3.23,3.25,18110
2010-10-22,3.29,3.31,3.17,3.29,1120
2010-10-25,3.29,3.33,3.29,3.29,5100
2010-10-26,3.33,3.33,3.29,3.33,1760
2010-10-27,3.25,3.25,3.25,3.25,100
2010-10-28,3.23,3.33,3.23,3.23,3200
2010-10-29,3.29,3.29,3.29,3.29,670
2010-11-01,3.29,3.29,3.23,3.29,3990
2010-11-02,3.29,3.29,3.25,3.27,1110
2010-11-03,3.11,3.25,3.11,3.11,13530
2010-11-04,3.01,3.23,3.01,3.17,7170
2010-11-05,3.27,3.27,3.17,3.21,5630
2010-11-08,3.21,3.21,3.21,3.21,20
2010-11-09,3.05,3.15,3.05,3.05,27590
2010-11-10,3.15,3.15,3.05,3.13,8540
2010-11-11,3.13,3.15,3.05,3.13,80
2010-11-12,3.11,3.13,3.01,3.11,2510
2010-11-15,2.97,3.01,2.97,2.97,15880
2010-11-16,2.85,2.85,2.83,2.85,15480
2010-11-17,2.71,2.93,2.71,2.71,22960
2010-11-18,2.71,2.83,2.71,2.79,36380
2010-11-19,2.85,2.89,2.79,2.85,1470
2010-11-22,2.79,2.85,2.71,2.79,6450
2010-11-23,2.79,2.81,2.79,2.79,2140
2010-11-24,2.79,2.79,2.65,2.79,8020
2010-11-25,2.85,2.89,2.69,2.85,22060
2010-11-26,2.81,2.85,2.81,2.81,2050
2010-11-29,2.81,2.81,2.81,2.81,1300
2010-11-30,2.81,2.93,2.81,2.81,10270
2010-12-01,2.83,2.89,2.81,2.83,8060
2010-12-02,2.85,2.85,2.85,2.85,6030
2010-12-03,2.99,2.99,2.87,2.89,28290
2010-12-06,2.95,2.95,2.85,2.95,36890
2010-12-07,2.95,2.95,2.91,2.91,10120
2010-12-08,2.83,2.89,2.77,2.83,7280
2010-12-09,2.89,2.89,2.83,2.89,9170
2010-12-10,2.95,2.97,2.93,2.95,16620
2010-12-13,3.07,3.09,3.01,3.09,130820
2010-12-14,3.01,3.21,3.01,3.07,21000
2010-12-15,3.07,3.11,3.05,3.07,15870
2010-12-16,3.07,3.07,2.99,3.07,6050
2010-12-17,3.09,3.09,3.05,3.09,1550
2010-12-20,3.09,3.15,3.05,3.15,12020
2010-12-21,3.01,3.13,3.01,3.01,93180
2010-12-22,3.03,3.05,3.01,3.03,11240
2010-12-23,2.93,2.95,2.93,2.93,7950
2010-12-24,2.91,3.03,2.89,2.91,39790
2010-12-27,2.91,3.01,2.91,3.01,2400
2010-12-28,3.01,3.11,2.91,2.99,58180
2010-12-29,2.99,3.09,2.99,3.01,25960
2010-12-30,3.01,3.07,2.99,2.99,39120
2010-12-31,2.99,2.99,2.95,2.97,21810
2011-01-04,2.97,3.07,2.89,3.05,3860
2011-01-05,3.05,3.05,2.93,2.97,23160
2011-01-06,2.97,2.97,2.97,2.97,2520
2011-01-07,2.97,3.01,2.97,2.97,13240
2011-01-10,2.97,2.97,2.97,2.97,0
2011-01-11,2.95,2.95,2.89,2.89,13820
2011-01-12,3.01,3.01,3.01,3.01,6510
2011-01-13,3.05,3.05,3.01,3.01,2470
2011-01-14,3.01,3.09,3.01,3.09,5740
2011-01-17,3.09,3.09,3.01,3.09,1600
2011-01-18,3.09,3.23,3.09,3.23,1000
2011-01-19,3.21,3.23,3.17,3.17,20070
2011-01-20,3.17,3.17,3.13,3.17,1300
2011-01-21,3.31,3.31,3.21,3.21,6200
2011-01-24,3.37,3.37,3.21,3.33,8560
2011-01-25,3.37,3.41,3.35,3.35,30
2011-01-26,3.33,3.35,3.25,3.25,3600
2011-01-27,3.31,3.33,3.21,3.33,4380
2011-01-28,3.45,3.45,3.39,3.39,20010
2011-02-08,3.25,3.45,3.25,3.39,6950
2011-02-09,3.45,3.45,3.37,3.37,8340
2011-02-10,3.35,3.35,3.33,3.33,3640
2011-02-11,3.33,3.33,3.25,3.27,13840
2011-02-14,3.27,3.33,3.27,3.33,810
2011-02-15,3.21,3.29,3.21,3.21,1740
2011-02-16,3.29,3.29,3.21,3.21,12610
2011-02-17,3.31,3.31,3.31,3.31,2260
2011-02-18,3.31,3.31,3.31,3.31,0
2011-02-21,3.15,3.15,3.15,3.15,1080
2011-02-22,3.01,3.01,3.01,3.01,10
2011-02-23,2.87,3.13,2.87,2.97,5710
2011-02-24,2.85,2.97,2.83,2.97,20310
2011-02-25,2.83,2.97,2.83,2.85,2120
2011-02-28,2.99,2.99,2.97,2.99,2440
2011-03-01,2.97,2.99,2.85,2.97,1810
2011-03-02,2.83,2.83,2.83,2.83,720
2011-03-03,2.81,2.83,2.81,2.81,4570
2011-03-04,2.83,2.83,2.83,2.83,2060
2011-03-07,2.83,2.85,2.83,2.85,12620
2011-03-08,2.89,2.93,2.89,2.93,5090
2011-03-09,2.79,2.95,2.79,2.93,3950
2011-03-10,2.93,2.93,2.81,2.91,1080
2011-03-11,2.99,3.01,2.99,3.01,3590
2011-03-14,3.01,3.01,2.87,2.97,2110
2011-03-15,2.93,2.93,2.91,2.93,860
2011-03-16,2.81,2.93,2.81,2.93,10810
2011-03-17,2.93,2.93,2.93,2.93,0
2011-03-18,2.81,2.85,2.81,2.83,2450
2011-03-21,2.87,2.89,2.81,2.89,8650
2011-03-22,2.89,2.93,2.87,2.93,14030
2011-03-23,2.93,2.93,2.93,2.93,10
2011-03-24,2.81,2.89,2.81,2.89,60
2011-03-25,2.81,2.85,2.79,2.85,7760
2011-03-28,2.85,2.85,2.85,2.85,0
2011-03-29,2.75,2.87,2.75,2.87,8100
2011-03-30,2.75,2.85,2.75,2.85,710
2011-03-31,2.77,2.83,2.77,2.83,1810
2011-04-01,2.83,2.83,2.83,2.83,160
2011-04-04,2.81,2.81,2.81,2.81,300
2011-04-05,2.77,2.81,2.77,2.81,880
2011-04-06,2.79,2.83,2.77,2.83,780
2011-04-07,2.77,2.81,2.77,2.81,350
2011-04-08,2.79,2.79,2.77,2.77,450
2011-04-13,2.75,2.81,2.73,2.81,3360
2011-04-14,2.75,2.81,2.75,2.81,1510
2011-04-15,2.73,2.73,2.67,2.67,400
2011-04-18,2.77,2.79,2.77,2.77,50
2011-04-19,2.87,2.87,2.81,2.85,6010
2011-04-20,2.89,2.89,2.73,2.85,3670
2011-04-21,2.79,2.79,2.75,2.75,2000
2011-04-22,2.75,2.75,2.75,2.75,0
2011-04-25,2.77,2.81,2.71,2.75,2950
2011-04-26,2.79,2.79,2.67,2.67,2010
2011-04-27,2.8,2.8,2.62,2.79,6160
2011-04-28,2.82,2.82,2.82,2.82,70
2011-04-29,2.69,2.78,2.69,2.69,810
2011-05-04,2.79,2.79,2.6,2.75,1530
2011-05-05,2.67,2.74,2.61,2.62,17950
2011-05-06,2.75,2.75,2.49,2.49,10120
2011-05-09,2.55,2.61,2.55,2.61,2080
2011-05-10,2.51,2.73,2.51,2.73,2600
2011-05-11,2.74,2.74,2.74,2.74,60
2011-05-12,2.74,2.74,2.65,2.7,7300
2011-05-13,2.79,2.79,2.79,2.79,10
2011-05-16,2.65,2.67,2.65,2.65,700
2011-05-17,2.53,2.58,2.53,2.57,4630
2011-05-18,2.57,2.69,2.57,2.69,8900
2011-05-19,2.66,2.66,2.57,2.57,3540
2011-05-20,2.67,2.67,2.44,2.59,6340
2011-05-23,2.69,2.69,2.46,2.69,7320
2011-05-24,2.78,2.78,2.56,2.56,16700
2011-05-25,2.44,2.67,2.44,2.44,1060
2011-05-26,2.31,2.43,2.31,2.43,7110
2011-05-27,2.42,2.42,2.31,2.42,8010
2011-05-30,2.53,2.53,2.42,2.46,4020
2011-05-31,2.57,2.57,2.57,2.57,10
2011-06-01,2.57,2.57,2.56,2.57,2150
2011-06-02,2.63,2.63,2.44,2.44,19030
2011-06-03,2.55,2.55,2.55,2.55,2000
2011-06-06,2.55,2.55,2.55,2.55,1000
2011-06-07,2.55,2.59,2.47,2.48,12650
2011-06-08,2.36,2.54,2.36,2.5,13220
2011-06-09,2.49,2.49,2.49,2.49,120
2011-06-10,2.58,2.58,2.37,2.43,8150
2011-06-13,2.51,2.51,2.31,2.5,2830
2011-06-14,2.51,2.51,2.38,2.38,4500
2011-06-15,2.42,2.42,2.27,2.37,22590
2011-06-16,2.26,2.4,2.26,2.4,20
2011-06-17,2.4,2.4,2.4,2.4,0
2011-06-20,2.42,2.42,2.42,2.42,10
2011-06-21,2.46,2.46,2.31,2.31,50
2011-06-22,2.31,2.38,2.31,2.31,2090
2011-06-23,2.19,2.19,2.19,2.19,30760
2011-06-24,2.09,2.26,2.09,2.23,54790
2011-06-27,2.33,2.33,2.29,2.29,130
2011-06-28,2.34,2.34,2.18,2.18,240
2011-06-29,2.08,2.28,2.07,2.28,11310
2011-06-30,2.17,2.27,2.17,2.23,780
2011-07-01,2.26,2.26,2.12,2.12,180
2011-07-04,2.18,2.18,2.02,2.02,6170
2011-07-05,2.06,2.06,2.06,2.06,680
2011-07-06,2.1,2.1,2.1,2.1,10
2011-07-07,2.0,2.0,2.0,2.0,1030
2011-07-08,1.9,1.98,1.9,1.9,13130
2011-07-11,1.81,1.81,1.81,1.81,25440
2011-07-12,1.72,1.72,1.72,1.72,1130
2011-07-13,1.66,1.8,1.66,1.72,2370
2011-07-14,1.64,1.79,1.64,1.75,3100
2011-07-15,1.7,1.7,1.68,1.68,10030
2011-07-18,1.62,1.65,1.6,1.62,27310
2011-07-19,1.55,1.61,1.54,1.61,8860
2011-07-20,1.61,1.61,1.55,1.61,820
2011-07-21,1.59,1.59,1.58,1.58,10360
2011-07-22,1.65,1.65,1.54,1.54,32030
2011-07-25,1.54,1.54,1.53,1.53,280
2011-07-26,1.46,1.49,1.46,1.46,26490
2011-07-27,1.51,1.51,1.38,1.38,26430
2011-07-28,1.34,1.39,1.33,1.38,18690
2011-07-29,1.36,1.4,1.36,1.38,49350
2011-08-01,1.39,1.39,1.38,1.38,3620
2011-08-02,1.38,1.38,1.37,1.37,31440
2011-08-03,1.37,1.37,1.3,1.3,49640
2011-08-04,1.33,1.33,1.3,1.31,49710
2011-08-05,1.31,1.32,1.31,1.31,24150
2011-08-08,1.36,1.36,1.3,1.3,34310
2011-08-09,1.32,1.32,1.24,1.24,76270
2011-08-10,1.25,1.25,1.24,1.24,12730
2011-08-11,1.2,1.29,1.18,1.2,90720
2011-08-12,1.2,1.2,1.16,1.2,32610
2011-08-15,1.2,1.2,1.2,1.2,71860
2011-08-16,1.2,1.25,1.2,1.25,87420
2011-08-17,1.29,1.31,1.29,1.31,21610
2011-08-18,1.37,1.38,1.37,1.38,43790
2011-08-19,1.31,1.38,1.31,1.34,32260
2011-08-22,1.34,1.41,1.34,1.41,13160
2011-08-23,1.46,1.47,1.41,1.46,42260
2011-08-24,1.52,1.52,1.41,1.42,26570
2011-08-25,1.45,1.46,1.39,1.42,7710
2011-08-26,1.45,1.45,1.38,1.4,9600
2011-08-29,1.42,1.46,1.42,1.44,27820
2011-08-30,1.46,1.51,1.46,1.51,55910
2011-08-31,1.57,1.58,1.51,1.51,50410
2011-09-01,1.53,1.57,1.47,1.51,52650
2011-09-05,1.51,1.51,1.46,1.46,68830
2011-09-06,1.45,1.45,1.42,1.42,15930
2011-09-07,1.47,1.48,1.42,1.48,15960
2011-09-08,1.49,1.53,1.44,1.44,25640
2011-09-09,1.44,1.45,1.38,1.45,55880
2011-09-12,1.46,1.51,1.45,1.45,38510
2011-09-13,1.5,1.51,1.46,1.51,213580
2011-09-14,1.59,1.59,1.59,1.59,258460
2011-09-15,1.65,1.66,1.59,1.66,207920
2011-09-16,1.74,1.74,1.7,1.74,227160
2011-09-19,1.66,1.8,1.66,1.8,122680
2011-09-20,1.72,1.74,1.72,1.72,106050
2011-09-21,1.64,1.74,1.63,1.63,114410
2011-09-22,1.57,1.65,1.55,1.62,113340
2011-09-23,1.55,1.61,1.54,1.54,101830
2011-09-26,1.54,1.54,1.46,1.47,196550
2011-09-27,1.43,1.47,1.42,1.42,61220
2011-09-28,1.48,1.48,1.47,1.48,130450
2011-09-29,1.48,1.5,1.41,1.5,85310
2011-09-30,1.46,1.5,1.46,1.47,79640
2011-10-03,1.49,1.49,1.42,1.43,181380
2011-10-04,1.42,1.43,1.37,1.41,162300
2011-10-05,1.41,1.41,1.38,1.38,37980
2011-10-06,1.38,1.42,1.37,1.37,104830
2011-10-07,1.42,1.42,1.35,1.36,92950
2011-10-10,1.38,1.39,1.35,1.38,70600
2011-10-11,1.38,1.38,1.34,1.34,33850
2011-10-12,1.32,1.35,1.28,1.29,77950
2011-10-13,1.29,1.29,1.27,1.29,93450
2011-10-14,1.29,1.29,1.29,1.29,92290
2011-10-17,1.28,1.28,1.25,1.25,30930
2011-10-18,1.25,1.25,1.22,1.22,92400
2011-10-19,1.25,1.25,1.22,1.25,117460
2011-10-20,1.25,1.26,1.24,1.26,68500
2011-10-21,1.26,1.29,1.26,1.29,31120
2011-10-24,1.29,1.29,1.26,1.28,59500
2011-10-25,1.28,1.29,1.26,1.28,44590
2011-10-26,1.28,1.28,1.25,1.26,45480
2011-10-27,1.26,1.27,1.26,1.27,45060
2011-10-28,1.27,1.33,1.27,1.33,165840
2011-10-31,1.34,1.34,1.31,1.32,35940
2011-11-01,1.29,1.31,1.28,1.28,45030
2011-11-02,1.27,1.27,1.25,1.25,23510
2011-11-03,1.25,1.26,1.22,1.22,59400
2011-11-04,1.24,1.25,1.22,1.25,52800
2011-11-07,1.26,1.26,1.21,1.21,17840
2011-11-08,1.21,1.21,1.21,1.21,11000
2011-11-09,1.21,1.21,1.18,1.18,103840
2011-11-10,1.18,1.18,1.14,1.16,12350
2011-11-11,1.18,1.18,1.1,1.1,132670
2011-11-14,1.09,1.09,1.05,1.05,211620
2011-11-15,1.0,1.05,1.0,1.0,244960
2011-11-16,1.04,1.04,1.0,1.02,79760
2011-11-17,1.07,1.07,1.04,1.04,59780
2011-11-18,1.04,1.04,0.99,1.0,88510
2011-11-21,1.0,1.01,1.0,1.01,33220
2011-11-22,1.01,1.04,1.0,1.03,20490
2011-11-23,1.06,1.07,1.03,1.03,35410
2011-11-24,1.06,1.06,1.03,1.04,24110
2011-11-25,1.04,1.05,1.0,1.04,56300
2011-11-28,1.08,1.08,1.07,1.07,13420
2011-11-29,1.09,1.09,1.05,1.05,6400
2011-11-30,1.05,1.05,1.04,1.05,12010
2011-12-01,1.05,1.06,1.05,1.05,30600
2011-12-02,1.05,1.08,1.05,1.08,24080
2011-12-05,1.12,1.12,1.12,1.12,23160
2011-12-06,1.17,1.17,1.12,1.12,84520
2011-12-07,1.08,1.13,1.08,1.1,18540
2011-12-08,1.12,1.12,1.1,1.11,71530
2011-12-09,1.12,1.12,1.06,1.06,63580
2011-12-12,1.05,1.09,1.03,1.03,9440
2011-12-13,1.03,1.07,1.02,1.04,56320
2011-12-14,1.06,1.06,1.01,1.02,37510
2011-12-15,1.02,1.07,1.0,1.02,36280
2011-12-16,1.02,1.07,1.02,1.07,20740
2011-12-19,1.07,1.11,1.07,1.07,16660
2011-12-20,1.03,1.06,1.03,1.05,13800
2011-12-21,1.05,1.07,1.05,1.07,32860
2011-12-22,1.05,1.08,1.05,1.05,31200
2011-12-23,1.05,1.08,1.03,1.08,16020
2011-12-26,1.03,1.03,1.03,1.03,127890
2011-12-27,0.98,0.98,0.98,0.98,109680
2011-12-28,0.96,0.96,0.94,0.94,232250
2011-12-29,0.89,0.89,0.89,0.89,401090
2011-12-30,0.93,0.93,0.85,0.91,179020
2012-01-03,0.96,0.96,0.91,0.92,9200
2012-01-04,0.91,0.93,0.91,0.93,24160
2012-01-05,0.9,0.91,0.9,0.9,3890
2012-01-06,0.89,0.89,0.88,0.89,12400
2012-01-09,0.89,0.89,0.87,0.89,7860
2012-01-10,0.92,0.93,0.9,0.93,15650
2012-01-11,0.92,0.92,0.9,0.9,4810
2012-01-12,0.92,0.95,0.92,0.95,31060
2012-01-13,0.95,0.97,0.95,0.96,32390
2012-01-16,0.96,0.98,0.96,0.98,14260
2012-01-17,0.99,1.03,0.99,1.03,48500
2012-01-18,1.03,1.05,1.03,1.03,19930
2012-01-19,1.05,1.05,1.05,1.05,16900
2012-01-20,1.09,1.09,1.05,1.08,15400
2012-01-30,1.12,1.12,1.04,1.04,30
2012-01-31,1.09,1.09,1.05,1.05,17520
2012-02-01,1.06,1.06,1.03,1.03,8010
2012-02-02,1.03,1.07,1.03,1.07,54950
2012-02-03,1.11,1.12,1.09,1.1,208740
2012-02-06,1.05,1.11,1.05,1.1,28120
2012-02-07,1.11,1.11,1.06,1.1,19590
2012-02-08,1.1,1.14,1.1,1.14,114900
2012-02-09,1.17,1.17,1.11,1.12,44590
2012-02-10,1.12,1.12,1.07,1.07,443850
2012-02-13,1.05,1.05,1.03,1.05,141710
2012-02-14,1.05,1.05,1.03,1.03,48200
2012-02-15,1.07,1.07,1.02,1.03,38600
2012-02-16,1.04,1.05,1.03,1.05,66420
2012-02-17,1.1,1.1,1.1,1.1,296260
2012-02-20,1.16,1.16,1.13,1.16,361510
2012-02-21,1.2,1.2,1.14,1.17,80670
2012-02-22,1.17,1.21,1.16,1.21,50100
2012-02-23,1.23,1.26,1.18,1.26,225200
2012-02-24,1.26,1.31,1.21,1.21,178880
2012-02-27,1.23,1.24,1.19,1.24,85050
2012-02-28,1.21,1.24,1.17,1.17,122410
2012-02-29,1.21,1.21,1.13,1.17,94110
2012-03-01,1.18,1.22,1.13,1.22,195160
2012-03-02,1.25,1.27,1.23,1.27,262570
2012-03-05,1.33,1.33,1.32,1.33,131190
2012-03-06,1.39,1.39,1.27,1.32,479340
2012-03-07,1.32,1.38,1.25,1.38,882660
2012-03-08,1.34,1.44,1.34,1.4,594130
2012-03-09,1.44,1.47,1.4,1.47,257480
2012-03-12,1.44,1.45,1.4,1.4,138010
2012-03-13,1.33,1.4,1.33,1.34,295510
2012-03-14,1.36,1.36,1.28,1.28,393820
2012-03-15,1.26,1.34,1.24,1.34,266370
2012-03-16,1.39,1.39,1.34,1.35,161210
2012-03-19,1.33,1.38,1.32,1.35,125720
2012-03-20,1.32,1.36,1.32,1.36,140030
2012-03-21,1.34,1.42,1.32,1.38,315220
2012-03-22,1.36,1.41,1.34,1.39,102950
2012-03-23,1.39,1.45,1.38,1.44,268250
2012-03-26,1.48,1.48,1.4,1.41,136060
2012-03-27,1.4,1.41,1.34,1.34,121450
2012-03-28,1.32,1.35,1.29,1.32,65360
2012-03-29,1.32,1.32,1.27,1.28,157600
2012-03-30,1.28,1.32,1.27,1.32,89490
2012-04-03,1.28,1.35,1.28,1.33,49060
2012-04-04,1.37,1.37,1.28,1.28,63390
2012-04-05,1.28,1.31,1.26,1.3,62210
2012-04-06,1.33,1.36,1.32,1.34,139690
2012-04-09,1.33,1.4,1.33,1.39,265060
2012-04-10,1.43,1.46,1.41,1.46,607040
2012-04-11,1.53,1.53,1.53,1.53,176360
2012-04-12,1.6,1.6,1.6,1.6,114390
2012-04-13,1.67,1.67,1.6,1.64,758690
2012-04-16,1.64,1.72,1.63,1.72,484460
2012-04-17,1.79,1.8,1.75,1.8,217790
2012-04-18,1.88,1.88,1.8,1.88,756420
2012-04-19,1.84,1.88,1.8,1.8,405720
2012-04-20,1.73,1.79,1.71,1.75,333130
2012-04-23,1.69,1.84,1.69,1.84,188380
2012-04-24,1.86,1.93,1.8,1.93,548920
2012-04-25,1.98,2.03,1.93,2.03,492320
2012-04-26,2.1,2.1,2.01,2.01,440340
2012-04-27,2.05,2.1,1.98,2.1,495770
2012-05-02,2.16,2.16,2.0,2.0,408310
2012-05-03,1.92,1.99,1.9,1.92,559470
2012-05-04,1.99,2.01,1.96,2.01,286650
2012-05-07,2.01,2.1,1.96,2.1,297770
2012-05-08,2.1,2.21,2.09,2.19,440400
2012-05-09,2.13,2.27,2.09,2.16,342930
2012-05-10,2.21,2.26,2.11,2.19,550200
2012-05-11,2.23,2.23,2.1,2.1,246400
2012-05-14,2.1,2.1,2.0,2.0,272980
2012-05-15,1.95,1.98,1.9,1.9,564740
2012-05-16,1.88,1.96,1.81,1.9,208300
2012-05-17,1.9,1.92,1.81,1.81,308170
2012-05-18,1.73,1.77,1.73,1.73,348680
2012-05-21,1.73,1.81,1.73,1.81,159920
2012-05-22,1.88,1.88,1.79,1.81,159110
2012-05-23,1.8,1.8,1.72,1.72,132580
2012-05-24,1.72,1.75,1.64,1.64,551410
2012-05-25,1.71,1.72,1.67,1.72,131180
2012-05-28,1.79,1.8,1.72,1.75,119160
2012-05-29,1.75,1.75,1.67,1.67,125640
2012-05-30,1.65,1.73,1.65,1.67,66840
2012-05-31,1.69,1.69,1.62,1.62,52580
2012-06-01,1.63,1.7,1.63,1.64,55840
2012-06-04,1.65,1.65,1.56,1.61,57370
2012-06-05,1.61,1.68,1.58,1.68,40260
2012-06-06,1.68,1.76,1.63,1.75,80720
2012-06-07,1.77,1.84,1.75,1.84,258690
2012-06-08,1.89,1.89,1.78,1.85,104890
2012-06-11,1.77,1.88,1.76,1.81,153450
2012-06-12,1.74,1.81,1.74,1.74,45650
2012-06-13,1.7,1.72,1.67,1.69,86150
2012-06-14,1.67,1.77,1.67,1.71,125020
2012-06-15,1.79,1.79,1.78,1.79,193250
2012-06-18,1.88,1.88,1.84,1.88,228600
2012-06-19,1.88,1.88,1.79,1.79,146550
2012-06-20,1.79,1.84,1.75,1.81,56530
2012-06-21,1.76,1.82,1.76,1.77,36790
2012-06-22,1.76,1.76,1.71,1.72,54780
2012-06-25,1.72,1.72,1.64,1.64,177130
2012-06-26,1.62,1.62,1.56,1.57,79680
2012-06-27,1.57,1.62,1.54,1.54,28420
2012-06-28,1.54,1.58,1.53,1.54,68850
2012-06-29,1.55,1.61,1.55,1.61,38010
2012-07-02,1.58,1.6,1.55,1.58,30050
2012-07-03,1.61,1.61,1.57,1.58,95480
2012-07-04,1.58,1.6,1.57,1.57,59460
2012-07-05,1.59,1.6,1.56,1.59,24210
2012-07-06,1.64,1.67,1.59,1.67,182200
2012-07-09,1.6,1.61,1.59,1.59,39140
2012-07-10,1.59,1.6,1.55,1.6,17130
2012-07-11,1.63,1.65,1.6,1.63,6510
2012-07-12,1.63,1.65,1.63,1.65,43710
2012-07-13,1.67,1.71,1.66,1.67,62290
2012-07-16,1.67,1.67,1.6,1.6,34180
2012-07-17,1.62,1.67,1.6,1.66,46220
2012-07-18,1.73,1.73,1.67,1.69,131430
2012-07-19,1.71,1.75,1.69,1.75,48070
2012-07-20,1.78,1.78,1.74,1.74,21490
2012-07-23,1.72,1.72,1.67,1.72,34920
2012-07-24,1.68,1.68,1.64,1.64,93270
2012-07-25,1.63,1.63,1.57,1.57,77570
2012-07-26,1.61,1.61,1.51,1.55,27600
2012-07-27,1.55,1.56,1.53,1.56,29490
2012-07-30,1.56,1.56,1.52,1.52,3020
2012-07-31,1.53,1.55,1.51,1.55,12190
2012-08-01,1.55,1.55,1.5,1.51,16150
2012-08-02,1.52,1.52,1.5,1.5,19040
2012-08-03,1.5,1.51,1.48,1.51,7740
2012-08-06,1.52,1.57,1.52,1.57,39790
2012-08-07,1.57,1.57,1.53,1.56,7010
2012-08-08,1.53,1.56,1.5,1.56,3010
2012-08-09,1.56,1.58,1.56,1.57,14140
2012-08-10,1.57,1.57,1.56,1.57,8700
2012-08-13,1.57,1.57,1.51,1.53,11880
2012-08-14,1.53,1.58,1.53,1.53,9150
2012-08-15,1.53,1.55,1.53,1.55,16950
2012-08-16,1.56,1.56,1.51,1.51,11420
2012-08-17,1.53,1.53,1.5,1.52,16710
2012-08-20,1.56,1.57,1.51,1.57,65210
2012-08-21,1.61,1.61,1.49,1.49,119280
2012-08-22,1.49,1.49,1.44,1.47,58770
2012-08-23,1.47,1.47,1.4,1.4,80580
2012-08-24,1.35,1.44,1.34,1.34,214570
2012-08-27,1.29,1.39,1.27,1.27,112190
2012-08-28,1.24,1.27,1.22,1.26,67190
2012-08-29,1.27,1.32,1.27,1.32,135240
2012-08-30,1.33,1.36,1.3,1.3,44730
2012-08-31,1.3,1.32,1.29,1.29,13060
2012-09-04,1.29,1.34,1.28,1.34,3260
2012-09-05,1.28,1.33,1.27,1.27,97500
2012-09-06,1.29,1.29,1.23,1.24,9200
2012-09-07,1.24,1.26,1.22,1.23,28830
2012-09-10,1.23,1.23,1.17,1.17,86250
2012-09-11,1.14,1.17,1.14,1.16,28080
2012-09-12,1.18,1.19,1.15,1.19,36660
2012-09-13,1.24,1.25,1.23,1.25,92250
2012-09-14,1.3,1.3,1.28,1.3,79180
2012-09-17,1.3,1.35,1.25,1.25,39800
2012-09-18,1.24,1.25,1.19,1.19,134190
2012-09-19,1.17,1.19,1.15,1.19,42120
2012-09-20,1.22,1.22,1.18,1.18,26700
2012-09-21,1.21,1.24,1.18,1.24,60030
2012-09-24,1.23,1.24,1.21,1.21,14130
2012-09-25,1.21,1.25,1.21,1.25,21570
2012-09-26,1.26,1.26,1.21,1.21,10030
2012-09-27,1.24,1.24,1.18,1.18,2220
2012-09-28,1.19,1.24,1.19,1.24,97540
2012-10-01,1.19,1.21,1.18,1.19,53810
2012-10-02,1.21,1.21,1.19,1.21,14600
2012-10-03,1.21,1.25,1.21,1.21,25740
2012-10-04,1.18,1.23,1.18,1.23,2460
2012-10-05,1.23,1.25,1.23,1.23,9810
2012-10-08,1.23,1.28,1.23,1.28,27110
2012-10-09,1.28,1.34,1.28,1.34,75830
2012-10-10,1.34,1.39,1.32,1.39,40900
2012-10-11,1.42,1.42,1.37,1.42,45080
2012-10-12,1.45,1.45,1.36,1.36,36320
2012-10-15,1.3,1.36,1.29,1.36,23130
2012-10-16,1.3,1.42,1.29,1.42,63770
2012-10-17,1.42,1.42,1.36,1.37,20080
2012-10-18,1.37,1.39,1.3,1.3,24800
2012-10-19,1.27,1.34,1.26,1.27,10750
2012-10-22,1.24,1.3,1.24,1.3,1270
2012-10-23,1.32,1.32,1.25,1.25,77680
2012-10-24,1.22,1.25,1.21,1.21,14760
2012-10-25,1.19,1.23,1.18,1.21,30430
2012-10-26,1.21,1.24,1.19,1.22,55830
2012-10-29,1.26,1.27,1.22,1.22,3400
2012-10-30,1.26,1.27,1.24,1.27,126590
2012-10-31,1.28,1.3,1.23,1.23,20250
2012-11-01,1.23,1.28,1.18,1.18,114060
2012-11-02,1.16,1.16,1.13,1.14,350680
2012-11-05,1.14,1.15,1.13,1.13,24560
2012-11-06,1.14,1.15,1.13,1.13,39860
2012-11-07,1.15,1.17,1.15,1.17,12570
2012-11-08,1.14,1.18,1.14,1.15,26410
2012-11-09,1.17,1.21,1.17,1.21,58940
2012-11-12,1.24,1.26,1.23,1.26,106520
2012-11-13,1.28,1.29,1.23,1.23,62050
2012-11-14,1.22,1.28,1.21,1.24,53810
2012-11-15,1.23,1.23,1.21,1.22,27910
2012-11-16,1.21,1.24,1.19,1.23,25370
2012-11-19,1.23,1.23,1.19,1.19,45860
2012-11-20,1.21,1.24,1.21,1.23,54360
2012-11-21,1.23,1.23,1.22,1.23,36870
2012-11-22,1.23,1.25,1.21,1.23,50860
2012-11-23,1.25,1.25,1.23,1.23,13440
2012-11-26,1.24,1.26,1.22,1.22,27420
2012-11-27,1.22,1.23,1.21,1.21,3160
2012-11-28,1.21,1.24,1.21,1.24,50080
2012-11-29,1.24,1.25,1.24,1.24,29840
2012-11-30,1.24,1.25,1.24,1.25,11820
2012-12-03,1.23,1.23,1.23,1.23,1170
2012-12-04,1.26,1.27,1.25,1.27,92260
2012-12-05,1.28,1.32,1.26,1.28,118090
2012-12-06,1.28,1.28,1.27,1.27,27820
2012-12-07,1.29,1.29,1.26,1.28,12290
2012-12-10,1.28,1.32,1.25,1.32,69780
2012-12-11,1.35,1.36,1.3,1.32,51860
2012-12-12,1.32,1.36,1.3,1.34,67360
2012-12-13,1.34,1.34,1.3,1.3,131640
2012-12-14,1.29,1.36,1.29,1.36,260840
2012-12-17,1.42,1.42,1.41,1.41,430550
2012-12-18,1.4,1.4,1.36,1.37,42340
2012-12-19,1.4,1.44,1.37,1.42,237990
2012-12-20,1.46,1.48,1.41,1.42,101180
2012-12-21,1.39,1.4,1.36,1.36,100840
2012-12-24,1.39,1.39,1.36,1.36,79390
2012-12-25,1.39,1.4,1.36,1.37,137150
2012-12-26,1.37,1.41,1.37,1.39,67590
2012-12-27,1.41,1.46,1.39,1.4,169810
2012-12-28,1.4,1.41,1.38,1.39,127520
2013-01-02,1.44,1.46,1.41,1.42,285360
2013-01-03,1.42,1.44,1.36,1.38,165060
2013-01-04,1.38,1.42,1.38,1.41,123010
2013-01-07,1.4,1.45,1.39,1.39,200830
2013-01-08,1.4,1.45,1.4,1.45,182490
2013-01-09,1.45,1.51,1.39,1.4,345320
2013-01-10,1.38,1.47,1.38,1.47,119860
2013-01-11,1.48,1.48,1.4,1.46,155750
2013-01-14,1.46,1.46,1.39,1.42,102320
2013-01-15,1.39,1.48,1.39,1.45,192290
2013-01-16,1.49,1.55,1.48,1.55,804710
2013-01-17,1.55,1.61,1.51,1.51,214200
2013-01-18,1.59,1.59,1.49,1.52,165060
2013-01-21,1.52,1.52,1.45,1.45,202790
2013-01-22,1.4,1.48,1.39,1.4,299440
2013-01-23,1.45,1.46,1.39,1.42,49270
2013-01-24,1.45,1.45,1.39,1.42,38200
2013-01-25,1.47,1.48,1.44,1.48,213150
2013-01-28,1.46,1.53,1.46,1.48,271500
2013-01-29,1.5,1.5,1.46,1.5,332070
2013-01-30,1.52,1.52,1.47,1.47,205130
2013-01-31,1.45,1.49,1.45,1.46,62900
2013-02-01,1.46,1.47,1.42,1.47,45420
2013-02-04,1.5,1.5,1.46,1.48,27420
2013-02-05,1.46,1.48,1.46,1.48,67250
2013-02-06,1.48,1.5,1.48,1.5,53020
2013-02-07,1.5,1.51,1.49,1.5,41200
2013-02-08,1.52,1.6,1.52,1.6,775610
2013-02-18,1.64,1.67,1.6,1.64,175410
2013-02-19,1.64,1.67,1.57,1.61,86110
2013-02-20,1.58,1.64,1.57,1.62,390650
2013-02-21,1.64,1.67,1.51,1.51,328250
2013-02-22,1.51,1.59,1.47,1.51,194750
2013-02-25,1.57,1.57,1.5,1.5,28560
2013-02-26,1.51,1.53,1.45,1.45,191030
2013-02-27,1.5,1.5,1.43,1.5,18750
2013-02-28,1.54,1.54,1.47,1.53,4860
2013-03-01,1.53,1.53,1.46,1.47,23010
2013-03-04,1.5,1.5,1.38,1.38,82440
2013-03-05,1.36,1.41,1.36,1.38,37620
2013-03-06,1.45,1.46,1.38,1.42,25740
2013-03-07,1.42,1.46,1.36,1.38,40890
2013-03-08,1.42,1.42,1.38,1.41,14550
2013-03-11,1.37,1.45,1.37,1.45,41120
2013-03-12,1.45,1.46,1.38,1.43,21440
2013-03-13,1.43,1.43,1.38,1.41,26640
2013-03-14,1.42,1.45,1.41,1.41,118340
2013-03-15,1.43,1.43,1.42,1.43,17460
2013-03-18,1.41,1.42,1.41,1.42,47770
2013-03-19,1.4,1.42,1.4,1.4,37700
2013-03-20,1.4,1.44,1.4,1.4,39550
2013-03-21,1.41,1.43,1.41,1.41,22210
2013-03-22,1.41,1.43,1.41,1.42,148110
2013-03-25,1.43,1.43,1.38,1.4,86850
2013-03-26,1.42,1.42,1.4,1.4,36390
2013-03-27,1.42,1.42,1.4,1.4,17910
2013-03-28,1.41,1.41,1.38,1.38,62200
2013-03-29,1.37,1.38,1.36,1.37,24860
2013-04-01,1.34,1.46,1.34,1.38,81800
2013-04-02,1.41,1.41,1.38,1.38,29730
2013-04-03,1.4,1.41,1.35,1.38,2850
2013-04-04,1.33,1.36,1.32,1.35,55370
2013-04-05,1.33,1.36,1.3,1.36,66790
2013-04-08,1.36,1.36,1.34,1.34,1230
2013-04-09,1.33,1.41,1.33,1.41,14960
2013-04-10,1.38,1.38,1.35,1.35,11430
2013-04-11,1.38,1.38,1.36,1.37,730
2013-04-12,1.33,1.38,1.3,1.32,63760
2013-04-15,1.28,1.34,1.28,1.34,26990
2013-04-16,1.26,1.35,1.26,1.35,23110
2013-04-17,1.35,1.35,1.32,1.35,30310
2013-04-18,1.34,1.34,1.3,1.34,2250
2013-04-22,1.28,1.29,1.25,1.25,43940
2013-04-23,1.21,1.3,1.21,1.24,26310
2013-04-24,1.28,1.28,1.22,1.27,8640
2013-04-25,1.27,1.27,1.25,1.25,11440
2013-04-26,1.27,1.27,1.21,1.25,3340
2013-05-02,1.21,1.21,1.21,1.21,8000
2013-05-03,1.28,1.28,1.22,1.27,16130
2013-05-06,1.27,1.34,1.27,1.34,30390
2013-05-07,1.34,1.34,1.34,1.34,1000
2013-05-08,1.26,1.34,1.25,1.25,17760
2013-05-09,1.25,1.29,1.25,1.29,11020
2013-05-10,1.3,1.3,1.27,1.28,1250
2013-05-13,1.28,1.3,1.28,1.28,17010
2013-05-14,1.27,1.27,1.22,1.25,17910
2013-05-15,1.24,1.33,1.22,1.3,10040
2013-05-16,1.32,1.32,1.32,1.32,300
2013-05-17,1.25,1.29,1.25,1.27,3270
2013-05-20,1.27,1.3,1.27,1.29,11510
2013-05-21,1.3,1.33,1.29,1.32,49870
2013-05-22,1.3,1.35,1.22,1.27,26750
2013-05-23,1.32,1.32,1.27,1.29,13010
2013-05-24,1.26,1.32,1.26,1.29,3340
2013-05-27,1.34,1.37,1.29,1.35,70500
2013-05-28,1.36,1.38,1.35,1.36,94740
2013-05-29,1.37,1.41,1.36,1.37,123070
2013-05-30,1.37,1.37,1.35,1.37,53920
2013-05-31,1.38,1.46,1.38,1.43,376660
2013-06-03,1.45,1.45,1.38,1.45,94670
2013-06-04,1.43,1.43,1.37,1.43,45600
2013-06-05,1.41,1.41,1.34,1.36,156440
2013-06-06,1.4,1.42,1.36,1.4,75010
2013-06-07,1.37,1.42,1.32,1.42,112170
2013-06-10,1.4,1.4,1.35,1.37,51870
2013-06-11,1.36,1.4,1.36,1.4,41450
2013-06-12,1.36,1.38,1.35,1.37,39960
2013-06-13,1.37,1.37,1.36,1.37,19050
2013-06-14,1.4,1.4,1.37,1.38,24630
2013-06-17,1.37,1.37,1.33,1.35,32410
2013-06-18,1.33,1.36,1.32,1.36,37360
2013-06-19,1.35,1.36,1.33,1.36,22900
2013-06-20,1.35,1.36,1.33,1.36,2020
2013-06-21,1.36,1.36,1.33,1.36,2020
2013-06-24,1.32,1.36,1.3,1.32,52670
2013-06-25,1.3,1.3,1.26,1.29,51950
2013-06-26,1.25,1.32,1.25,1.32,18730
2013-06-27,1.32,1.32,1.27,1.27,7010
2013-06-28,1.29,1.35,1.27,1.27,8020
2013-07-01,1.29,1.29,1.25,1.27,12230
2013-07-02,1.26,1.31,1.26,1.29,6430
2013-07-03,1.29,1.3,1.29,1.3,3010
2013-07-04,1.27,1.29,1.27,1.29,13100
2013-07-05,1.27,1.27,1.26,1.26,13300
2013-07-08,1.26,1.26,1.26,1.26,10470
2013-07-09,1.27,1.29,1.27,1.27,12100
2013-07-10,1.31,1.31,1.27,1.27,6150
2013-07-11,1.27,1.27,1.26,1.27,8160
2013-07-12,1.25,1.33,1.25,1.32,15040
2013-07-15,1.32,1.32,1.32,1.32,0
2013-07-16,1.27,1.29,1.27,1.27,20000
2013-07-17,1.27,1.29,1.27,1.27,7390
2013-07-18,1.26,1.3,1.25,1.3,9010
2013-07-19,1.26,1.29,1.26,1.29,4700
2013-07-22,1.26,1.26,1.26,1.26,40160
2013-07-23,1.26,1.29,1.26,1.27,8310
2013-07-24,1.26,1.26,1.22,1.22,16340
2013-07-25,1.22,1.25,1.22,1.24,67680
2013-07-26,1.24,1.24,1.22,1.24,17820
2013-07-29,1.22,1.22,1.22,1.22,12010
2013-07-30,1.22,1.24,1.22,1.24,5460
2013-07-31,1.24,1.24,1.21,1.24,14380
2013-08-01,1.22,1.24,1.22,1.24,10010
2013-08-02,1.2,1.25,1.19,1.25,48040
2013-08-05,1.2,1.24,1.2,1.24,13000
2013-08-06,1.21,1.25,1.2,1.25,30000
2013-08-07,1.32,1.32,1.22,1.22,13940
2013-08-08,1.22,1.24,1.22,1.24,9490
2013-08-09,1.24,1.24,1.2,1.21,15440
2013-08-12,1.2,1.22,1.2,1.22,16730
2013-08-13,1.2,1.22,1.2,1.21,33980
2013-08-14,1.19,1.21,1.19,1.21,5010
2013-08-15,1.2,1.21,1.2,1.21,23320
2013-08-16,1.22,1.25,1.21,1.25,19340
2013-08-19,1.21,1.24,1.2,1.22,43890
2013-08-20,1.22,1.24,1.21,1.24,55990
2013-08-21,1.24,1.24,1.21,1.22,2370
2013-08-22,1.21,1.24,1.21,1.24,47810
2013-08-23,1.21,1.22,1.2,1.2,29310
2013-08-26,1.19,1.21,1.19,1.21,7040
2013-08-27,1.19,1.21,1.19,1.2,62420
2013-08-28,1.19,1.19,1.14,1.17,48690
2013-08-29,1.15,1.16,1.15,1.16,4650
2013-08-30,1.15,1.16,1.12,1.15,44400
2013-09-03,1.15,1.16,1.14,1.16,42020
2013-09-04,1.15,1.15,1.09,1.15,56810
2013-09-05,1.15,1.15,1.11,1.14,6840
2013-09-06,1.12,1.15,1.12,1.15,21220
2013-09-09,1.12,1.12,1.07,1.1,76050
2013-09-10,1.11,1.12,1.1,1.11,3100
2013-09-11,1.07,1.12,1.07,1.12,3870
2013-09-12,1.12,1.12,1.11,1.12,10590
2013-09-13,1.12,1.12,1.11,1.11,37120
2013-09-16,1.11,1.11,1.05,1.09,35800
2013-09-17,1.06,1.09,1.01,1.05,94150
2013-09-18,1.06,1.06,1.02,1.04,69170
2013-09-19,1.04,1.04,1.04,1.04,17140
2013-09-20,1.04,1.04,1.02,1.04,11010
2013-09-23,1.04,1.06,1.02,1.06,38190
2013-09-24,1.09,1.09,1.05,1.06,30280
2013-09-25,1.06,1.12,1.06,1.06,37810
2013-09-26,1.07,1.12,1.07,1.12,70450
2013-09-27,1.12,1.15,1.11,1.15,54240
2013-09-30,1.15,1.22,1.15,1.22,112020
2013-10-01,1.26,1.3,1.24,1.3,283240
2013-10-02,1.35,1.38,1.3,1.3,65640
2013-10-03,1.27,1.32,1.24,1.24,468200
2013-10-04,1.25,1.31,1.25,1.31,103190
2013-10-07,1.3,1.37,1.3,1.33,75650
2013-10-08,1.31,1.35,1.31,1.35,50000
2013-10-09,1.35,1.4,1.31,1.31,93000
2013-10-10,1.31,1.35,1.29,1.29,86730
2013-10-11,1.32,1.32,1.27,1.29,38260
2013-10-14,1.29,1.31,1.25,1.31,3040
2013-10-15,1.26,1.33,1.26,1.33,52140
2013-10-16,1.36,1.37,1.33,1.37,241990
2013-10-17,1.37,1.41,1.36,1.37,150160
2013-10-18,1.37,1.46,1.36,1.42,201040
2013-10-21,1.48,1.51,1.45,1.5,277550
2013-10-22,1.47,1.5,1.45,1.45,158660
2013-10-23,1.47,1.51,1.46,1.5,274760
2013-10-24,1.42,1.52,1.42,1.47,110240
2013-10-25,1.47,1.48,1.42,1.47,188960
2013-10-28,1.47,1.47,1.42,1.42,50020
2013-10-29,1.4,1.45,1.4,1.45,71700
2013-10-30,1.46,1.51,1.46,1.48,157010
2013-10-31,1.5,1.58,1.5,1.55,379640
2013-11-01,1.55,1.57,1.53,1.53,99280
2013-11-04,1.53,1.61,1.52,1.58,117190
2013-11-05,1.57,1.61,1.57,1.58,94940
2013-11-06,1.58,1.65,1.58,1.62,303480
2013-11-07,1.63,1.66,1.62,1.62,135900
2013-11-08,1.65,1.66,1.62,1.65,97530
2013-11-11,1.65,1.7,1.65,1.7,271530
2013-11-12,1.7,1.71,1.65,1.67,232330
2013-11-13,1.67,1.67,1.63,1.63,55020
2013-11-14,1.66,1.66,1.62,1.65,74500
2013-11-15,1.63,1.68,1.63,1.68,128730
2013-11-18,1.7,1.78,1.7,1.78,312060
2013-11-19,1.78,1.8,1.73,1.78,127780
2013-11-20,1.86,1.86,1.77,1.81,112460
2013-11-21,1.8,1.82,1.75,1.75,290680
2013-11-22,1.75,1.78,1.68,1.78,164310
2013-11-25,1.77,1.81,1.72,1.73,114930
2013-11-26,1.72,1.76,1.68,1.76,73240
2013-11-27,1.76,1.77,1.72,1.76,137290
2013-11-28,1.75,1.76,1.72,1.76,113450
2013-11-29,1.75,1.77,1.72,1.73,119130
2013-12-02,1.75,1.85,1.73,1.85,381270
2013-12-03,1.85,1.9,1.85,1.88,269840
2013-12-04,1.87,1.95,1.87,1.95,213470
2013-12-05,1.91,1.92,1.88,1.91,214190
2013-12-06,1.9,2.01,1.9,1.97,233120
2013-12-09,1.98,2.01,1.95,2.0,213240
2013-12-10,2.02,2.02,1.96,1.96,141610
2013-12-11,1.97,1.97,1.86,1.86,261770
2013-12-12,1.86,1.92,1.85,1.91,138960
2013-12-13,1.96,1.96,1.9,1.91,38090
2013-12-16,1.91,1.91,1.87,1.91,54600
2013-12-17,1.87,1.95,1.87,1.87,125800
2013-12-18,1.87,1.9,1.87,1.88,81200
2013-12-19,1.9,1.96,1.9,1.95,233130
2013-12-20,2.0,2.0,1.93,1.95,175370
2013-12-23,1.96,2.0,1.96,1.96,80520
2013-12-24,1.95,2.0,1.95,1.96,88000
2013-12-25,1.97,1.98,1.93,1.93,78080
2013-12-26,1.93,1.97,1.91,1.93,203540
2013-12-27,1.97,1.99,1.96,1.97,103430
2013-12-30,1.99,1.99,1.88,1.88,62000
2013-12-31,1.93,1.93,1.9,1.93,131280
2014-01-02,1.97,1.97,1.93,1.93,18440
2014-01-03,1.93,1.96,1.92,1.92,30540
2014-01-06,1.92,1.97,1.92,1.96,81390
2014-01-07,1.95,2.09,1.95,2.05,279360
2014-01-08,2.05,2.19,2.04,2.19,185050
2014-01-09,2.2,2.26,2.18,2.19,228090
2014-01-10,2.18,2.2,2.14,2.14,163990
2014-01-13,2.17,2.19,2.13,2.17,272220
2014-01-14,2.17,2.23,2.17,2.19,301230
2014-01-15,2.19,2.29,2.19,2.26,407000
2014-01-16,2.26,2.28,2.19,2.26,136340
2014-01-17,2.22,2.26,2.2,2.2,172080
2014-01-20,2.18,2.19,2.11,2.13,167880
2014-01-21,2.17,2.19,2.11,2.19,216390
2014-01-22,2.2,2.26,2.2,2.26,220800
2014-01-23,2.2,2.27,2.19,2.27,71690
2014-01-24,2.27,2.28,2.18,2.19,125040
2014-01-27,2.2,2.26,2.19,2.26,75920
2014-02-06,2.26,2.37,2.19,2.36,214450
2014-02-07,2.36,2.36,2.26,2.32,264480
2014-02-10,2.32,2.48,2.31,2.45,301160
2014-02-11,2.48,2.57,2.41,2.41,397250
2014-02-12,2.51,2.55,2.42,2.55,265230
2014-02-13,2.53,2.68,2.5,2.68,545440
2014-02-14,2.66,2.84,2.64,2.82,454060
2014-02-17,2.82,2.9,2.72,2.9,406030
2014-02-18,2.9,2.99,2.9,2.97,303510
2014-02-19,3.02,3.16,2.95,3.16,483670
2014-02-20,3.12,3.2,2.94,3.03,674670
2014-02-21,3.02,3.07,2.88,3.02,155120
2014-02-24,3.07,3.09,2.95,3.09,290260
2014-02-25,3.07,3.16,2.99,3.16,301410
2014-02-26,3.16,3.17,3.06,3.15,181170
2014-02-27,3.15,3.15,2.95,3.03,402120
2014-02-28,2.94,3.03,2.93,3.03,287760
2014-03-03,3.02,3.02,2.86,2.89,292990
2014-03-04,2.76,2.86,2.76,2.84,255120
2014-03-05,2.84,2.89,2.84,2.89,271630
2014-03-06,2.89,2.95,2.88,2.95,230410
2014-03-07,2.94,3.12,2.94,3.07,443180
2014-03-10,2.98,3.09,2.98,3.07,176730
2014-03-11,3.07,3.11,3.03,3.08,320860
2014-03-12,3.08,3.08,2.99,3.0,196020
2014-03-13,3.08,3.08,3.0,3.08,270850
2014-03-14,3.02,3.12,3.02,3.11,279740
2014-03-17,3.08,3.29,3.08,3.22,365460
2014-03-18,3.22,3.3,3.21,3.29,257820
2014-03-19,3.29,3.44,3.29,3.44,475320
2014-03-20,3.44,3.44,3.35,3.37,371960
2014-03-21,3.35,3.39,3.33,3.37,176570
2014-03-24,3.35,3.42,3.33,3.4,278940
2014-03-25,3.4,3.4,3.24,3.24,649900
2014-03-26,3.38,3.39,3.21,3.24,664300
2014-03-27,3.2,3.35,3.18,3.35,360800
2014-03-28,3.35,3.58,3.35,3.55,972800
2014-03-31,3.44,3.55,3.43,3.48,262900
2014-04-01,3.48,3.48,3.33,3.38,469460
2014-04-02,3.38,3.48,3.3,3.48,763850
2014-04-03,3.52,3.56,3.44,3.51,249010
2014-04-04,3.51,3.53,3.44,3.48,281330
2014-04-07,3.48,3.55,3.42,3.52,179540
2014-04-08,3.52,3.74,3.51,3.74,762360
2014-04-10,3.78,3.87,3.73,3.74,281800
2014-04-11,3.73,3.73,3.61,3.67,272440
2014-04-14,3.67,3.75,3.66,3.66,227590
2014-04-15,3.66,3.69,3.43,3.43,234210
2014-04-16,3.43,3.51,3.42,3.48,576040
2014-04-17,3.61,3.64,3.48,3.6,352480
2014-04-18,3.48,3.6,3.44,3.44,301610
2014-04-21,3.35,3.44,3.25,3.25,264850
2014-04-22,3.44,3.44,3.22,3.42,308800
2014-04-23,3.42,3.42,3.35,3.42,258640
2014-04-24,3.38,3.42,3.29,3.4,204040
2014-04-25,3.4,3.42,3.37,3.4,130930
2014-04-28,3.4,3.4,3.25,3.3,141800
2014-04-29,3.3,3.35,3.26,3.27,71790
2014-05-05,3.18,3.18,3.09,3.09,35010
2014-05-06,2.98,3.29,2.95,3.29,214650
2014-05-07,3.22,3.29,3.12,3.12,22000
2014-05-08,3.03,3.09,2.91,2.91,612840
2014-05-09,2.75,2.91,2.73,2.85,794270
2014-05-12,2.72,2.72,2.66,2.66,782890
2014-05-13,2.51,2.71,2.49,2.66,361140
2014-05-14,2.54,2.84,2.54,2.84,411010
2014-05-15,2.89,2.99,2.64,2.77,480820
2014-05-16,2.69,2.89,2.69,2.88,206600
2014-05-19,2.94,2.95,2.84,2.9,251500
2014-05-20,2.97,2.97,2.86,2.93,366200
2014-05-21,2.9,3.09,2.89,3.06,352680
2014-05-22,3.03,3.12,3.03,3.08,294370
2014-05-23,3.09,3.11,3.07,3.09,161140
2014-05-26,3.07,3.16,3.06,3.13,106980
2014-05-27,3.13,3.2,3.12,3.17,174410
2014-05-28,3.17,3.35,3.17,3.35,398570
2014-05-29,3.35,3.44,3.35,3.39,373960
2014-05-30,3.37,3.44,3.35,3.42,262070
2014-06-02,3.35,3.42,3.33,3.42,223720
2014-06-03,3.39,3.46,3.39,3.44,200580
2014-06-04,3.48,3.55,3.4,3.46,231140
2014-06-05,3.48,3.51,3.43,3.49,49680
2014-06-06,3.53,3.53,3.46,3.48,93550
2014-06-09,3.43,3.51,3.43,3.48,79610
2014-06-10,3.48,3.48,3.46,3.48,67690
2014-06-11,3.52,3.67,3.52,3.57,34310
2014-06-12,3.61,3.61,3.55,3.56,65210
2014-06-13,3.6,3.6,3.55,3.57,130480
2014-06-16,3.55,3.58,3.55,3.57,217300
2014-06-17,3.53,3.58,3.53,3.58,232200
2014-06-18,3.58,3.6,3.58,3.58,18600
2014-06-19,3.42,3.56,3.35,3.51,37480
2014-06-20,3.56,3.57,3.49,3.57,94400
2014-06-23,3.56,3.57,3.51,3.51,51010
2014-06-24,3.55,3.55,3.48,3.48,44260
2014-06-25,3.47,3.48,3.46,3.48,93650
2014-06-26,3.51,3.51,3.46,3.48,64500
2014-06-27,3.52,3.52,3.48,3.48,5800
2014-06-30,3.48,3.53,3.47,3.53,126610
2014-07-01,3.53,3.55,3.52,3.55,97400
2014-07-02,3.55,3.79,3.55,3.79,623810
2014-07-03,4.01,4.02,3.85,3.88,178680
2014-07-04,3.88,3.91,3.87,3.89,247230
2014-07-07,3.89,3.91,3.85,3.87,260970
2014-07-08,4.07,4.07,3.88,3.91,127140
2014-07-09,4.03,4.03,3.83,3.88,89480
2014-07-10,3.85,3.89,3.85,3.85,152210
2014-07-11,3.85,3.85,3.65,3.77,57540
2014-07-14,3.77,3.77,3.68,3.7,50440
2014-07-15,3.7,3.82,3.7,3.8,48170
2014-07-16,3.95,3.95,3.83,3.83,83050
2014-07-17,3.7,3.85,3.7,3.83,20130
2014-07-18,3.82,3.88,3.77,3.88,33840
2014-07-21,3.92,3.92,3.77,3.79,44030
2014-07-22,3.83,3.83,3.76,3.77,33840
2014-07-23,3.77,3.77,3.73,3.74,46890
2014-07-24,3.76,3.8,3.7,3.77,70800
2014-07-25,3.8,3.8,3.67,3.67,56980
2014-07-28,3.67,3.67,3.56,3.56,123390
2014-07-29,3.48,3.59,3.48,3.56,13650
2014-07-30,3.61,3.61,3.48,3.54,99140
2014-07-31,3.48,3.56,3.48,3.54,23330
2014-08-01,3.5,3.62,3.5,3.62,3150
2014-08-04,3.54,3.54,3.54,3.54,4550
2014-08-05,3.54,3.79,3.54,3.77,159100
2014-08-06,3.89,3.89,3.7,3.71,14560
2014-08-07,3.71,3.77,3.71,3.77,21320
2014-08-08,3.74,3.77,3.7,3.77,95620
2014-08-11,3.79,4.0,3.67,4.0,121700
2014-08-12,4.1,4.1,3.98,4.01,111790
2014-08-13,4.07,4.12,4.0,4.06,149830
2014-08-14,4.06,4.28,4.06,4.15,245820
2014-08-15,4.15,4.18,4.06,4.12,122400
2014-08-18,4.07,4.12,4.06,4.09,86450
2014-08-19,4.09,4.18,4.03,4.07,115830
2014-08-20,4.09,4.1,4.07,4.09,52300
2014-08-21,4.1,4.18,4.07,4.1,74020
2014-08-22,4.18,4.22,4.1,4.13,30750
2014-08-25,4.13,4.16,4.1,4.15,104400
2014-08-26,4.16,4.28,4.07,4.28,238830
2014-08-27,4.33,4.33,4.16,4.22,63240
2014-08-28,4.18,4.24,4.16,4.22,228010
2014-08-29,4.19,4.22,4.16,4.22,68360
2014-09-03,4.09,4.28,4.09,4.15,125520
2014-09-04,4.15,4.22,4.15,4.21,29710
2014-09-05,4.21,4.21,4.15,4.15,30880
2014-09-08,4.15,4.24,4.15,4.22,146550
2014-09-09,4.22,4.24,4.1,4.15,193650
2014-09-10,4.1,4.27,4.07,4.25,123050
2014-09-11,4.37,4.37,4.27,4.28,163150
2014-09-12,4.28,4.33,4.25,4.31,94470
2014-09-15,4.31,4.31,4.25,4.31,125210
2014-09-16,4.13,4.31,4.13,4.31,137180
2014-09-17,4.34,4.57,4.31,4.45,204920
2014-09-18,4.31,4.42,4.3,4.42,49400
2014-09-19,4.22,4.36,4.21,4.36,7980
2014-09-22,4.37,4.37,4.18,4.19,18040
2014-09-23,4.07,4.3,3.92,4.15,29220
2014-09-24,4.15,4.21,4.15,4.15,28490
2014-09-25,4.13,4.22,4.09,4.22,27140
2014-09-26,4.34,4.34,4.22,4.22,32010
2014-09-29,4.15,4.19,4.13,4.13,55580
2014-09-30,4.12,4.24,4.1,4.22,70180
2014-10-01,4.22,4.24,4.22,4.22,39800
2014-10-02,4.24,4.24,4.15,4.15,171940
2014-10-03,4.15,4.18,4.15,4.15,57190
2014-10-06,4.16,4.34,4.16,4.27,73950
2014-10-07,4.22,4.45,4.22,4.3,155600
2014-10-08,4.3,4.37,4.25,4.27,54960
2014-10-09,4.27,4.28,4.22,4.24,26980
2014-10-10,4.27,4.27,4.18,4.22,37370
2014-10-13,4.36,4.36,4.19,4.22,14160
2014-10-14,4.22,4.22,4.09,4.09,71800
2014-10-15,4.07,4.15,4.07,4.15,76230
2014-10-16,4.09,4.09,4.03,4.04,52060
2014-10-17,3.97,4.18,3.97,4.1,1370
2014-10-20,4.16,4.16,4.07,4.07,7290
2014-10-21,4.07,4.16,4.07,4.16,54960
2014-10-22,4.3,4.3,4.21,4.21,2010
2014-10-23,4.19,4.31,4.16,4.16,483990
2014-10-24,4.22,4.28,4.18,4.18,8480
2014-10-27,4.24,4.24,4.15,4.15,510
2014-10-28,4.15,4.15,3.94,4.07,41790
2014-10-29,4.22,4.22,4.07,4.21,19030
2014-10-30,4.07,4.19,4.07,4.07,13000
2014-10-31,4.15,4.19,4.09,4.19,5110
2014-11-03,4.19,4.19,4.16,4.16,6600
2014-11-04,4.12,4.15,4.1,4.12,18630
2014-11-05,4.21,4.24,4.1,4.24,136790
2014-11-06,4.24,4.31,4.22,4.31,150510
2014-11-07,4.31,4.31,4.31,4.31,20320
2014-11-10,4.31,4.39,4.31,4.31,29100
2014-11-11,4.31,4.33,4.31,4.31,34650
2014-11-12,4.31,4.39,4.31,4.31,159760
2014-11-13,4.37,4.37,4.28,4.33,56010
2014-11-14,4.3,4.3,4.19,4.3,31700
2014-11-17,4.3,4.34,4.3,4.31,15010
2014-11-18,4.31,4.31,4.25,4.27,57310
2014-11-19,4.22,4.27,4.22,4.25,98250
2014-11-20,4.22,4.24,4.18,4.22,141520
2014-11-21,4.22,4.24,4.22,4.22,106850
2014-11-24,4.15,4.22,4.15,4.22,139060
2014-11-25,4.22,4.25,4.22,4.25,30920
2014-11-26,4.25,4.33,4.24,4.33,218270
2014-11-27,4.36,4.36,4.3,4.36,29570
2014-11-28,4.37,4.45,4.36,4.45,92950
2014-12-01,4.45,4.45,4.43,4.45,44020
2014-12-02,4.45,4.45,4.45,4.45,37990
2014-12-03,4.47,4.75,4.45,4.75,273920
2014-12-04,4.9,5.08,4.9,5.08,348840
2014-12-05,5.08,5.08,4.92,4.92,65810
2014-12-08,4.95,5.05,4.9,5.05,76070
2014-12-09,4.98,5.05,4.72,4.72,113960
2014-12-10,4.72,4.98,4.71,4.98,16180
2014-12-11,4.98,5.04,4.95,4.98,31200
2014-12-12,5.01,5.05,4.98,5.05,70620
2014-12-15,4.98,5.05,4.98,5.05,60130
2014-12-16,4.9,5.05,4.83,5.01,26820
2014-12-17,5.01,5.01,4.66,4.69,55080
2014-12-18,4.72,4.9,4.69,4.9,3410
2014-12-19,4.9,4.9,4.68,4.9,1090
2014-12-22,4.6,4.98,4.6,4.98,8150
2014-12-23,4.98,4.98,4.63,4.63,27800
2014-12-24,4.63,4.65,4.37,4.39,18920
2014-12-25,4.39,4.68,4.22,4.68,9010
2014-12-26,4.53,4.6,4.45,4.51,75300
2014-12-29,4.53,4.6,4.53,4.6,41780
2014-12-30,4.59,4.92,4.59,4.92,54400
2014-12-31,5.13,5.13,4.98,5.05,216600
2015-01-05,5.1,5.1,5.05,5.05,510
2015-01-06,5.07,5.07,4.75,4.98,5630
2015-01-07,4.98,4.98,4.75,4.96,16010
2015-01-08,4.69,4.9,4.66,4.66,18940
2015-01-09,4.63,4.9,4.63,4.9,3560
2015-01-12,4.75,4.83,4.68,4.83,44110
2015-01-13,4.83,5.1,4.83,5.05,39050
2015-01-14,5.11,5.11,4.71,5.04,83050
2015-01-15,4.75,4.9,4.69,4.9,34330
2015-01-16,4.68,4.9,4.62,4.62,1450
2015-01-19,4.54,4.75,4.54,4.75,3360
2015-01-20,4.68,4.68,4.68,4.68,1400
2015-01-21,4.68,4.68,4.47,4.68,22040
2015-01-22,4.6,4.68,4.43,4.68,87750
2015-01-23,4.47,4.66,4.45,4.66,107000
2015-01-26,4.54,4.54,4.53,4.53,96190
2015-01-27,4.5,4.6,4.48,4.6,64010
2015-01-28,4.6,4.6,4.59,4.6,10700
2015-01-29,4.6,4.66,4.47,4.66,118240
2015-01-30,4.66,4.72,4.6,4.72,38510
2015-02-02,4.72,4.72,4.72,4.72,0
2015-02-03,4.72,4.72,4.53,4.6,54340
2015-02-04,4.62,4.62,4.6,4.6,4040
2015-02-05,4.6,4.6,4.51,4.6,4750
2015-02-06,4.53,4.53,4.53,4.53,2500
2015-02-09,4.42,4.59,4.4,4.59,3070
2015-02-10,4.37,4.37,4.37,4.37,8270
2015-02-11,4.53,4.68,4.53,4.68,26550
2015-02-12,4.45,4.74,4.45,4.72,11640
2015-02-13,4.98,4.98,4.45,4.72,8710
2015-02-24,4.47,4.68,4.47,4.68,17790
2015-02-25,4.5,4.53,4.45,4.53,24330
2015-02-26,4.45,4.53,4.45,4.53,31520
2015-02-27,4.53,4.53,4.45,4.47,28680
2015-03-02,4.47,4.53,4.45,4.53,30830
2015-03-03,4.53,4.59,4.53,4.53,38040
2015-03-04,4.53,4.54,4.51,4.53,30620
2015-03-05,4.66,4.66,4.5,4.53,140580
2015-03-06,4.45,4.59,4.45,4.53,11900
2015-03-09,4.51,4.59,4.5,4.5,15200
2015-03-10,4.47,4.57,4.47,4.57,3440
2015-03-11,4.53,4.65,4.45,4.48,8580
2015-03-12,4.48,4.56,4.48,4.5,32560
2015-03-13,4.53,4.53,4.45,4.51,47780
2015-03-16,4.53,4.53,4.48,4.53,15260
2015-03-17,4.51,4.53,4.45,4.45,2660
2015-03-18,4.45,4.45,4.3,4.31,126030
2015-03-19,4.3,4.3,4.09,4.09,76940
2015-03-20,4.09,4.25,4.06,4.24,143960
2015-03-23,4.22,4.3,4.22,4.3,2060
2015-03-24,4.22,4.22,4.07,4.15,5500
2015-03-25,4.15,4.15,4.04,4.06,67310
2015-03-26,4.04,4.09,4.04,4.04,16620
2015-03-27,4.15,4.15,4.04,4.06,5740
2015-03-30,4.07,4.1,4.03,4.1,25630
2015-03-31,4.0,4.15,4.0,4.15,45560
2015-04-01,4.15,4.21,4.06,4.07,99030
2015-04-02,4.15,4.3,4.15,4.3,142590
2015-04-03,4.3,4.3,4.3,4.3,2200
2015-04-06,4.22,4.22,4.21,4.21,1100
2015-04-07,4.24,4.24,4.24,4.24,250
2015-04-08,4.21,4.21,4.15,4.21,3570
2015-04-09,4.22,4.22,3.98,4.22,36990
2015-04-10,4.16,4.22,4.15,4.22,14500
2015-04-13,4.18,4.22,4.18,4.22,37950
2015-04-14,4.22,4.33,4.15,4.15,16200
2015-04-15,4.22,4.22,4.22,4.22,790
2015-04-16,4.22,4.22,4.22,4.22,100250
2015-04-17,4.28,4.28,4.16,4.16,2120
2015-04-20,4.15,4.22,4.15,4.22,14600
2015-04-21,4.22,4.24,4.22,4.22,58600
2015-04-22,4.22,4.3,4.22,4.22,13780
2015-04-23,4.33,4.33,4.19,4.19,1800
2015-04-24,4.22,4.22,4.22,4.22,30360
2015-04-27,4.45,4.45,3.95,3.95,1000
2015-05-04,4.18,4.18,4.18,4.18,10
2015-05-05,4.15,4.18,4.13,4.18,37440
2015-05-06,4.18,4.22,4.18,4.21,21090
2015-05-07,4.0,4.22,4.0,4.21,30400
2015-05-08,4.21,4.22,4.21,4.22,47510
2015-05-11,4.22,4.22,4.21,4.22,86310
2015-05-12,4.21,4.21,4.21,4.21,88180
2015-05-13,4.21,4.21,4.19,4.19,132200
2015-05-14,4.3,4.3,4.18,4.19,14020
2015-05-15,4.18,4.19,4.18,4.19,102030
2015-05-18,4.19,4.19,4.18,4.18,138040
2015-05-19,4.15,4.24,4.15,4.24,19230
2015-05-20,4.24,4.27,4.24,4.27,14500
2015-05-21,4.27,4.3,4.27,4.3,26990
2015-05-22,4.34,4.34,4.34,4.34,10
2015-05-25,4.34,4.34,4.34,4.34,50
2015-05-26,4.22,4.34,4.22,4.31,29390
2015-05-27,4.34,4.45,4.34,4.45,30100
2015-05-28,4.43,4.47,4.37,4.43,12860
2015-05-29,4.43,4.43,4.43,4.43,20
2015-06-01,4.43,4.43,4.43,4.43,600
2015-06-02,4.3,4.36,4.3,4.36,13410
2015-06-03,4.37,4.37,4.37,4.37,120
2015-06-04,4.43,4.43,4.43,4.43,10
2015-06-05,4.3,4.43,4.3,4.43,4010
2015-06-08,4.3,4.43,4.3,4.43,14470
2015-06-09,4.43,4.43,4.43,4.43,0
2015-06-10,4.3,4.42,4.3,4.42,17310
2015-06-11,4.42,4.42,4.24,4.24,3100
2015-06-12,4.42,4.42,4.24,4.27,18660
2015-06-15,4.27,4.28,4.27,4.28,6540
2015-06-16,4.3,4.37,4.3,4.37,28140
2015-06-17,4.42,4.42,4.3,4.37,35010
2015-06-18,4.4,4.4,4.37,4.37,13890
2015-06-19,4.45,4.45,4.37,4.37,89070
2015-06-22,4.37,4.45,4.37,4.45,90200
2015-06-23,4.4,4.5,4.39,4.39,4310
2015-06-24,4.45,4.45,4.37,4.39,27230
2015-06-25,4.39,4.39,4.24,4.39,40840
2015-06-26,4.4,4.4,4.39,4.39,20660
2015-06-29,4.39,4.45,4.39,4.45,16470
2015-06-30,4.43,4.45,4.43,4.45,65510
2015-07-01,4.45,4.45,4.45,4.45,105500
2015-07-02,4.45,4.47,4.43,4.47,62080
2015-07-03,4.47,4.47,4.45,4.45,10600
2015-07-06,4.39,4.39,4.3,4.3,3000
2015-07-07,4.3,4.3,4.27,4.27,12200
2015-07-08,4.27,4.42,4.27,4.28,3000
2015-07-09,4.25,4.31,4.25,4.3,10760
2015-07-10,4.3,4.3,4.25,4.25,6000
2015-07-13,4.22,4.25,4.15,4.25,10500
2015-07-14,4.19,4.25,4.19,4.25,490
2015-07-15,4.3,4.3,4.12,4.25,39690
2015-07-16,4.13,4.25,4.07,4.25,13610
2015-07-17,4.43,4.43,4.06,4.06,8610
2015-07-20,4.07,4.22,4.0,4.21,8020
2015-07-21,4.21,4.21,4.07,4.07,15430
2015-07-22,4.07,4.25,3.95,4.25,13430
2015-07-23,4.24,4.24,4.22,4.22,41390
2015-07-24,4.28,4.3,4.22,4.3,37740
2015-07-27,4.3,4.36,4.3,4.36,100
2015-07-28,4.07,4.34,4.06,4.34,5010
2015-07-29,4.43,4.43,4.43,4.43,10
2015-07-30,4.43,4.43,4.43,4.43,0
2015-07-31,4.31,4.31,4.31,4.31,20
2015-08-03,4.04,4.06,4.04,4.06,10470
2015-08-04,4.15,4.15,4.15,4.15,60
2015-08-05,4.16,4.16,4.16,4.16,20
2015-08-06,4.1,4.24,4.1,4.24,1140
2015-08-07,4.24,4.24,4.24,4.24,1000
2015-08-10,4.22,4.22,4.22,4.22,1000
2015-08-11,4.22,4.22,4.22,4.22,0
2015-08-12,4.22,4.22,4.22,4.22,0
2015-08-13,4.22,4.22,4.19,4.19,25000
2015-08-14,4.19,4.19,4.19,4.19,70
2015-08-17,4.19,4.19,4.19,4.19,0
2015-08-18,4.22,4.22,4.22,4.22,30000
2015-08-19,4.27,4.27,4.27,4.27,10
2015-08-20,4.0,4.27,4.0,4.27,70
2015-08-21,4.27,4.27,4.27,4.27,0
2015-08-24,4.27,4.27,4.27,4.27,0
2015-08-25,4.07,4.07,4.07,4.07,19470
2015-08-26,3.8,4.22,3.8,4.22,2230
2015-08-27,4.22,4.22,4.22,4.22,0
2015-08-28,4.22,4.22,4.22,4.22,0
2015-08-31,4.22,4.22,4.22,4.22,0
2015-09-01,4.22,4.22,4.22,4.22,1000
2015-09-03,4.15,4.15,4.07,4.07,23230
2015-09-04,4.19,4.19,4.19,4.19,10
2015-09-07,3.95,3.95,3.95,3.95,1000
2015-09-08,3.95,3.95,3.95,3.95,2300
2015-09-09,4.22,4.22,4.15,4.15,2920
2015-09-10,4.15,4.15,4.15,4.15,10
2015-09-11,4.15,4.15,4.15,4.15,1000
2015-09-14,3.91,4.15,3.91,4.15,13820
2015-09-15,3.94,4.07,3.92,4.07,13260
2015-09-16,3.94,3.94,3.92,3.92,3240
2015-09-17,4.04,4.04,3.94,3.97,6210
2015-09-18,3.92,3.94,3.89,3.94,8910
2015-09-21,3.77,3.92,3.77,3.92,1210
2015-09-22,3.79,3.89,3.77,3.89,1800
2015-09-23,3.88,3.88,3.77,3.86,3740
2015-09-24,3.85,3.97,3.77,3.97,19880
2015-09-25,3.97,4.0,3.97,4.0,40
2015-09-28,3.92,3.92,3.92,3.92,500
2015-09-29,3.92,3.92,3.92,3.92,750
2015-09-30,3.86,3.89,3.7,3.89,6010
2015-10-01,3.73,3.73,3.65,3.65,10000
2015-10-02,3.67,3.89,3.64,3.65,21310
2015-10-05,3.7,3.7,3.65,3.65,13680
2015-10-06,3.65,3.88,3.65,3.85,32390
2015-10-07,3.85,3.85,3.85,3.85,0
2015-10-08,3.83,3.85,3.83,3.85,7000
2015-10-09,3.95,3.95,3.91,3.92,2020
2015-10-12,4.0,4.0,4.0,4.0,10
2015-10-13,3.77,3.79,3.77,3.77,3710
2015-10-14,3.91,3.91,3.91,3.91,20
2015-10-15,3.77,3.85,3.77,3.85,10340
2015-10-16,3.77,4.01,3.74,4.01,8880
2015-10-19,3.77,3.88,3.77,3.88,3240
2015-10-20,3.88,3.88,3.77,3.85,1020
2015-10-21,3.85,3.85,3.85,3.85,0
2015-10-22,3.77,3.92,3.77,3.92,26940
2015-10-23,3.77,3.91,3.76,3.91,610
2015-10-26,3.91,3.91,3.91,3.91,0
2015-10-27,3.85,3.85,3.85,3.85,10
2015-10-28,3.83,3.83,3.68,3.77,970
2015-10-29,3.82,3.82,3.82,3.82,10
2015-10-30,3.77,3.77,3.77,3.77,4540
2015-11-02,3.7,3.8,3.7,3.8,20
2015-11-03,3.7,3.8,3.67,3.8,3800
2015-11-04,3.7,3.8,3.7,3.77,18690
2015-11-05,3.7,3.77,3.7,3.77,20
2015-11-06,3.76,3.76,3.74,3.74,30
2015-11-09,3.77,3.8,3.77,3.77,7020
2015-11-10,3.8,3.8,3.8,3.8,5740
2015-11-11,3.8,3.82,3.77,3.77,1210
2015-11-12,3.7,3.77,3.7,3.77,26000
2015-11-13,3.8,3.92,3.8,3.92,2340
2015-11-16,3.96,4.09,3.96,4.09,2010
2015-11-17,3.96,4.07,3.88,4.07,4060
2015-11-18,4.04,4.05,3.99,3.99,2900
2015-11-19,3.99,3.99,3.99,3.99,1250
2015-11-20,3.99,3.99,3.99,3.99,0
2015-11-23,3.88,3.96,3.88,3.96,17220
2015-11-24,3.88,3.99,3.88,3.88,4330
2015-11-25,3.88,3.88,3.88,3.88,2000
2015-11-26,3.88,3.93,3.88,3.93,3100
2015-11-27,3.93,3.93,3.93,3.93,0
2015-11-30,3.93,3.94,3.93,3.93,17910
2015-12-01,3.94,3.94,3.94,3.94,5740
2015-12-02,3.94,3.94,3.94,3.94,0
2015-12-03,3.8,3.8,3.72,3.72,1000
2015-12-04,3.96,3.96,3.96,3.96,10
2015-12-07,3.96,3.96,3.96,3.96,0
2015-12-08,3.8,3.82,3.8,3.82,240
2015-12-09,3.8,3.94,3.8,3.94,1010
2015-12-10,3.94,3.94,3.94,3.94,0
2015-12-11,3.94,3.94,3.94,3.94,0
2015-12-14,3.96,3.96,3.96,3.96,6980
2015-12-15,3.96,3.96,3.96,3.96,0
2015-12-16,3.96,3.96,3.96,3.96,0
2015-12-17,3.96,3.96,3.96,3.96,0
2015-12-18,3.96,3.96,3.96,3.96,300
2015-12-21,3.96,3.96,3.96,3.96,1190
2015-12-22,3.96,4.23,3.96,4.23,17230
2015-12-23,4.5,4.5,4.43,4.48,26820
2015-12-24,4.51,4.78,4.51,4.78,57490
2015-12-25,4.78,4.78,4.45,4.67,6530
2015-12-28,4.43,4.59,4.36,4.59,930
2015-12-29,4.28,4.53,4.28,4.51,3300
2015-12-30,4.21,4.51,4.21,4.5,7040
2015-12-31,4.5,4.5,4.5,4.5,2000
2016-01-04,4.5,4.51,4.5,4.51,300
2016-01-05,4.51,4.51,4.51,4.51,0
2016-01-06,4.5,4.5,4.5,4.5,20
2016-01-07,4.48,4.48,4.43,4.43,1680
2016-01-08,4.13,4.43,4.13,4.43,390
2016-01-11,4.43,4.43,4.43,4.43,0
2016-01-12,4.43,4.43,4.43,4.43,10
2016-01-13,4.15,4.15,4.15,4.15,380
2016-01-14,3.9,4.28,3.9,4.28,3450
2016-01-15,4.28,4.28,3.99,3.99,560
2016-01-18,3.72,4.26,3.72,4.26,110
2016-01-19,4.26,4.26,4.26,4.26,0
2016-01-20,3.98,4.26,3.98,4.26,50
2016-01-21,4.26,4.26,4.26,4.26,20
2016-01-22,4.36,4.36,4.36,4.36,20
2016-01-25,4.36,4.36,4.36,4.36,0
2016-01-26,4.36,4.36,4.36,4.36,0
2016-01-27,4.36,4.36,4.36,4.36,0
2016-01-28,4.36,4.36,4.36,4.36,0
2016-01-29,4.05,4.05,4.05,4.05,2130
2016-02-01,3.79,3.79,3.79,3.79,5970
2016-02-02,4.04,4.04,4.04,4.04,760
2016-02-03,4.23,4.23,4.23,4.23,20
2016-02-04,4.43,4.43,4.43,4.43,50
2016-02-05,4.43,4.43,4.43,4.43,0
2016-02-15,4.43,4.43,4.43,4.43,500
2016-02-16,4.43,4.43,4.43,4.43,0
2016-02-17,4.4,4.4,4.17,4.17,80
2016-02-18,3.9,4.42,3.9,4.42,320
2016-02-19,4.12,4.28,4.12,4.28,1510
2016-02-22,4.28,4.28,4.28,4.28,0
2016-02-23,4.34,4.34,4.34,4.34,20
2016-02-24,4.34,4.34,4.34,4.34,0
2016-02-25,4.12,4.34,4.12,4.34,1950
2016-02-26,4.31,4.37,4.12,4.12,5790
2016-02-29,3.98,3.98,3.96,3.96,17520
2016-03-01,4.2,4.2,4.15,4.15,490
2016-03-02,3.88,3.96,3.86,3.96,30760
2016-03-03,3.8,3.8,3.77,3.77,23500
2016-03-04,3.58,3.72,3.58,3.64,37440
2016-03-07,3.71,3.88,3.71,3.88,160
2016-03-08,3.74,3.9,3.64,3.9,50570
2016-03-09,3.85,3.88,3.85,3.88,1040
2016-03-10,4.13,4.13,4.09,4.09,1120
2016-03-11,3.8,3.83,3.8,3.82,11080
2016-03-14,3.86,3.86,3.8,3.8,90
2016-03-15,4.02,4.02,4.02,4.02,1000
2016-03-16,4.02,4.02,4.02,4.02,100
2016-03-17,4.1,4.1,3.8,3.96,3020
2016-03-18,3.72,3.72,3.71,3.71,30000
2016-03-21,3.79,3.79,3.79,3.79,10
2016-03-22,3.79,3.8,3.79,3.79,920
2016-03-23,3.79,3.79,3.79,3.79,0
2016-03-24,3.79,3.79,3.79,3.79,0
2016-03-25,3.72,3.75,3.67,3.75,2850
2016-03-28,3.75,3.75,3.75,3.75,1980
2016-03-29,3.75,3.88,3.75,3.75,3650
2016-03-30,3.75,3.75,3.75,3.75,3000
2016-03-31,3.75,3.9,3.75,3.8,1510
2016-04-01,3.8,3.8,3.74,3.74,5020
2016-04-04,3.74,3.74,3.74,3.74,4980
2016-04-05,3.8,3.8,3.69,3.74,34310
2016-04-06,3.9,3.9,3.9,3.9,10
2016-04-07,3.96,4.17,3.96,4.12,14240
2016-04-08,4.12,4.12,4.02,4.12,6920
2016-04-11,4.12,4.28,4.12,4.28,1310
2016-04-12,4.28,4.36,4.28,4.29,12500
2016-04-13,4.29,4.31,4.28,4.31,17500
2016-04-14,4.34,4.36,4.32,4.32,14980
2016-04-15,4.34,4.51,4.34,4.36,6480
2016-04-19,4.31,4.31,4.31,4.31,120
2016-04-20,4.28,4.28,4.28,4.28,10
2016-04-21,4.13,4.28,4.12,4.28,11890
2016-04-22,4.42,4.43,4.42,4.43,880
2016-04-25,4.43,4.43,4.31,4.31,6900
2016-04-26,4.21,4.28,4.05,4.05,2770
2016-04-27,4.28,4.32,4.28,4.29,28370
2016-04-28,4.24,4.24,4.24,4.24,1490
2016-04-29,4.04,4.04,4.04,4.04,60
2016-05-04,4.04,4.31,4.04,4.31,18390
2016-05-05,4.48,4.48,4.47,4.47,3790
2016-05-06,4.47,4.51,4.43,4.47,24730
2016-05-09,4.36,4.36,4.29,4.36,9990
2016-05-10,4.24,4.28,4.24,4.28,14270
2016-05-11,4.1,4.36,4.1,4.36,9320
2016-05-12,4.37,4.48,4.37,4.48,230
2016-05-13,4.48,4.48,4.48,4.48,20
2016-05-16,4.5,4.5,4.28,4.43,520
2016-05-17,4.24,4.42,4.24,4.42,2660
2016-05-18,4.28,4.36,4.28,4.36,6010
2016-05-19,4.28,4.28,4.26,4.26,500
2016-05-20,4.2,4.28,4.2,4.28,40
2016-05-23,4.28,4.28,4.28,4.28,2830
2016-05-24,4.28,4.28,4.28,4.28,0
2016-05-25,4.43,4.43,4.15,4.2,2870
2016-05-26,4.15,4.17,4.15,4.17,1000
2016-05-27,4.12,4.28,4.12,4.18,19650
2016-05-30,4.28,4.36,4.09,4.34,8030
2016-05-31,4.28,4.36,4.13,4.34,3940
2016-06-01,4.15,4.36,4.15,4.36,5020
2016-06-02,4.34,4.36,4.07,4.36,3120
2016-06-03,4.34,4.36,4.2,4.36,5040
2016-06-06,4.34,4.36,4.2,4.36,23230
2016-06-07,4.34,4.36,4.21,4.36,78660
2016-06-08,4.36,4.36,4.21,4.34,6720
2016-06-09,4.28,4.36,4.28,4.34,9520
2016-06-10,4.23,4.36,4.2,4.34,37280
2016-06-13,4.28,4.36,4.2,4.2,39660
2016-06-14,4.21,4.26,3.96,4.26,33020
2016-06-15,4.12,4.34,4.01,4.02,35010
2016-06-16,4.24,4.26,4.24,4.26,40
2016-06-17,4.04,4.2,4.04,4.18,360
2016-06-20,4.12,4.18,4.12,4.18,3040
2016-06-21,4.18,4.18,4.01,4.01,26320
2016-06-22,4.07,4.15,4.07,4.15,9490
2016-06-23,4.15,4.15,3.96,4.05,41010
2016-06-24,3.99,3.99,3.96,3.96,8810
2016-06-27,3.96,4.04,3.96,4.04,8510
2016-06-28,4.02,4.04,3.91,3.91,22600
2016-06-29,3.86,3.93,3.86,3.91,30140
2016-06-30,3.98,4.17,3.98,4.17,16400
2016-07-01,4.23,4.23,4.15,4.15,100
2016-07-04,4.13,4.18,4.12,4.18,1570
2016-07-05,4.18,4.18,4.18,4.18,50
2016-07-06,4.23,4.23,4.1,4.2,8660
2016-07-07,4.17,4.36,4.1,4.2,73290
2016-07-08,4.43,4.48,4.36,4.48,137140
2016-07-11,4.36,4.75,4.36,4.61,226240
2016-07-12,4.75,4.93,4.58,4.93,473700
2016-07-13,5.18,5.18,4.99,4.99,80240
2016-07-14,4.72,5.07,4.72,4.77,101990
2016-07-15,4.69,4.97,4.69,4.75,61260
2016-07-18,4.91,4.91,4.43,4.75,176170
2016-07-19,4.67,4.75,4.64,4.67,63360
2016-07-20,4.67,4.67,4.51,4.51,43840
2016-07-21,4.51,4.51,4.36,4.51,97120
2016-07-22,4.43,4.59,4.43,4.59,48700
2016-07-25,4.51,4.51,4.43,4.43,14970
2016-07-26,4.43,4.61,4.43,4.59,42700
2016-07-27,4.59,4.7,4.58,4.59,82740
2016-07-28,4.53,4.64,4.53,4.55,72500
2016-07-29,4.53,4.59,4.51,4.58,20310
2016-08-01,4.47,4.62,4.45,4.62,15330
2016-08-02,4.48,4.59,4.47,4.59,16000
2016-08-03,4.56,4.59,4.47,4.47,34020
2016-08-04,4.59,4.59,4.43,4.58,46310
2016-08-05,4.45,4.56,4.28,4.56,59220
2016-08-08,4.56,4.56,4.56,4.56,2000
2016-08-09,4.56,4.58,4.48,4.58,19730
2016-08-10,4.58,4.58,4.47,4.47,28800
2016-08-11,4.5,4.55,4.5,4.51,32960
2016-08-12,4.51,4.51,4.47,4.48,19990
2016-08-15,4.51,4.55,4.47,4.47,12230
2016-08-16,4.47,4.77,4.43,4.72,120970
2016-08-17,4.66,4.72,4.59,4.67,39420
2016-08-18,4.67,4.67,4.51,4.66,73800
2016-08-19,4.79,4.79,4.54,4.54,72030
2016-08-22,4.45,4.61,4.45,4.52,28940
2016-08-23,4.45,4.59,4.43,4.52,10430
2016-08-24,4.57,4.61,4.57,4.57,12920
2016-08-25,4.57,4.59,4.57,4.59,11000
2016-08-26,4.61,4.64,4.48,4.59,43840
2016-08-29,4.59,4.59,4.48,4.48,22960
2016-08-30,4.52,4.56,4.47,4.5,24380
2016-08-31,4.47,4.52,4.47,4.52,23210
2016-09-01,4.52,4.52,4.43,4.43,15570
2016-09-05,4.36,4.36,4.17,4.22,72450
2016-09-06,4.22,4.27,4.2,4.25,41080
2016-09-07,4.22,4.22,4.08,4.18,63300
2016-09-08,4.08,4.13,4.02,4.13,55630
2016-09-09,4.09,4.13,4.09,4.13,7710
2016-09-12,4.08,4.08,4.06,4.08,18390
2016-09-13,4.08,4.2,4.08,4.09,4880
2016-09-14,4.09,4.32,4.09,4.17,5760
2016-09-15,4.41,4.41,4.18,4.18,26740
2016-09-16,4.25,4.25,4.18,4.18,690
2016-09-19,4.24,4.24,4.17,4.17,6100
2016-09-20,4.18,4.18,4.09,4.09,11750
2016-09-21,4.09,4.2,4.09,4.2,5040
2016-09-22,4.18,4.18,4.09,4.13,14240
2016-09-23,4.13,4.15,4.11,4.15,16240
2016-09-26,4.19,4.19,4.15,4.19,5510
2016-09-27,4.16,4.18,4.15,4.15,31300
2016-09-28,4.15,4.36,4.15,4.36,22720
2016-09-29,4.4,4.4,4.2,4.2,4020
2016-09-30,4.25,4.25,4.2,4.21,1280
2016-10-03,4.21,4.31,4.19,4.31,6810
2016-10-04,4.17,4.38,4.17,4.38,26780
2016-10-05,4.18,4.25,4.18,4.25,480
2016-10-06,4.25,4.25,4.22,4.24,12040
2016-10-07,4.22,4.27,4.17,4.27,19570
2016-10-10,4.25,4.25,4.15,4.18,70800
2016-10-11,4.18,4.22,4.18,4.18,65600
2016-10-12,4.2,4.24,4.18,4.19,20680
2016-10-13,4.25,4.34,4.19,4.34,29260
2016-10-14,4.34,4.38,4.25,4.36,37190
2016-10-17,4.34,4.36,4.29,4.34,31280
2016-10-18,4.34,4.34,4.34,4.34,20100
2016-10-19,4.34,4.34,4.29,4.29,6760
2016-10-20,4.27,4.35,4.25,4.29,19510
2016-10-21,4.29,4.36,4.27,4.27,21860
2016-10-24,4.25,4.43,4.25,4.25,10410
2016-10-25,4.31,4.31,4.22,4.22,12590
2016-10-26,4.22,4.22,4.15,4.17,30690
2016-10-27,4.27,4.27,4.13,4.17,39900
2016-10-28,4.17,4.17,4.09,4.11,52830
2016-10-31,4.11,4.18,4.08,4.18,19900
2016-11-01,4.18,4.18,4.11,4.11,81990
2016-11-02,4.11,4.11,4.07,4.08,57700
2016-11-03,4.04,4.17,4.01,4.17,8480
2016-11-04,3.93,3.93,3.92,3.92,10200
2016-11-07,3.99,4.18,3.92,4.18,17660
2016-11-08,4.08,4.1,4.08,4.08,7190
2016-11-09,3.9,3.9,3.9,3.9,38390
2016-11-10,3.99,4.02,3.9,3.9,26600
2016-11-11,3.91,3.91,3.84,3.84,10170
2016-11-14,3.83,3.9,3.78,3.78,48110
2016-11-15,3.99,3.99,3.81,3.81,17350
2016-11-16,3.79,4.08,3.79,4.08,139430
2016-11-17,4.09,4.09,4.04,4.04,1570
2016-11-18,4.14,4.15,4.04,4.04,6550
2016-11-21,4.04,4.04,3.93,4.02,23630
2016-11-22,4.04,4.12,4.02,4.07,80800
2016-11-23,4.25,4.25,3.99,3.99,4300
2016-11-24,3.99,4.08,3.95,4.04,19760
2016-11-25,4.04,4.06,4.04,4.04,10600
2016-11-28,4.04,4.04,4.04,4.04,4530
2016-11-29,4.02,4.04,3.95,4.02,5500
2016-11-30,3.96,4.01,3.96,3.97,5220
2016-12-01,3.99,4.09,3.97,4.01,10770
2016-12-02,4.01,4.08,4.01,4.06,6920
2016-12-05,4.09,4.09,4.06,4.08,13940
2016-12-06,4.04,4.09,4.04,4.06,121310
2016-12-07,4.13,4.24,4.09,4.09,20780
2016-12-08,4.09,4.36,4.09,4.13,9450
2016-12-09,4.1,4.17,4.08,4.09,25630
2016-12-12,4.09,4.09,4.08,4.09,111200
2016-12-13,4.09,4.11,4.06,4.09,101250
2016-12-14,4.27,4.27,4.08,4.23,48360
2016-12-15,4.23,4.23,4.08,4.09,16090
2016-12-16,4.09,4.22,4.09,4.22,6320
2016-12-19,4.08,4.08,4.08,4.08,3080
2016-12-20,4.08,4.09,4.08,4.09,2350
2016-12-21,4.08,4.16,4.08,4.1,11470
2016-12-22,4.09,4.21,4.06,4.09,72940
2016-12-23,4.17,4.17,4.08,4.08,2110
2016-12-26,4.11,4.13,4.11,4.13,1790
2016-12-27,4.08,4.11,4.08,4.09,24510
2016-12-28,4.11,4.11,4.09,4.09,3190
2016-12-29,4.09,4.09,4.09,4.09,0
2016-12-30,4.17,4.38,4.11,4.23,6780
2017-01-03,4.23,4.23,4.17,4.22,2240
2017-01-04,4.17,4.34,4.08,4.22,44380
2017-01-05,4.2,4.22,4.15,4.2,10030
2017-01-06,4.08,4.19,4.08,4.09,12060
2017-01-09,4.17,4.25,4.08,4.17,61050
2017-01-10,4.15,4.18,4.15,4.18,1860
2017-01-11,4.22,4.24,4.18,4.18,23120
2017-01-12,4.24,4.47,4.24,4.32,61150
2017-01-13,4.48,4.48,4.48,4.48,1010
2017-01-16,4.32,4.32,4.22,4.24,1010
2017-01-17,4.17,4.32,4.17,4.32,6160
2017-01-18,4.25,4.34,4.18,4.18,11610
2017-01-19,4.25,4.27,4.2,4.2,23870
2017-01-20,4.22,4.25,4.22,4.25,12710
2017-01-23,4.25,4.25,4.25,4.25,6800
2017-01-24,4.25,4.4,4.25,4.4,16960
2017-01-25,4.38,4.39,4.25,4.25,1020
2017-02-02,4.27,4.32,4.25,4.31,28210
2017-02-03,4.26,4.34,4.25,4.33,21050
2017-02-06,4.32,4.33,4.27,4.33,30830
2017-02-07,4.33,4.52,4.32,4.35,20670
2017-02-08,4.52,4.61,4.43,4.47,4570
2017-02-09,4.48,4.54,4.29,4.29,9250
2017-02-10,4.43,4.58,4.43,4.58,38890
2017-02-13,4.59,4.89,4.59,4.87,64730
2017-02-14,4.87,4.87,4.71,4.87,6360
2017-02-15,4.71,4.86,4.57,4.82,15010
2017-02-16,4.79,4.87,4.61,4.8,18970
2017-02-17,4.79,4.79,4.64,4.75,67410
2017-02-20,4.79,4.87,4.79,4.86,42450
2017-02-21,4.87,4.91,4.83,4.89,128830
2017-02-22,4.75,4.89,4.75,4.79,9630
2017-02-23,4.87,4.91,4.82,4.82,27620
2017-02-24,4.82,4.86,4.75,4.75,18620
2017-02-27,4.79,4.84,4.75,4.75,24810
2017-02-28,4.79,4.84,4.75,4.84,184710
2017-03-01,4.87,4.96,4.8,4.82,46020
2017-03-02,4.7,4.87,4.61,4.79,20910
2017-03-03,4.79,4.87,4.79,4.86,85030
2017-03-06,4.8,4.84,4.8,4.84,72740
2017-03-07,4.89,4.95,4.8,4.95,74690
2017-03-08,4.95,5.28,4.95,5.23,101150
2017-03-09,5.14,5.14,5.05,5.1,31010
2017-03-10,5.03,5.35,5.03,5.34,203560
2017-03-13,5.4,5.4,5.25,5.32,75810
2017-03-14,5.32,5.32,5.23,5.23,28970
2017-03-15,5.23,5.23,5.14,5.23,42880
2017-03-16,5.25,5.25,5.16,5.16,57510
2017-03-17,5.23,5.23,5.05,5.07,81980
2017-03-20,5.05,5.14,5.05,5.05,27840
2017-03-21,5.07,5.23,5.07,5.19,73890
2017-03-22,5.21,5.28,5.18,5.23,83980
2017-03-23,5.18,5.26,4.96,4.96,120390
2017-03-24,5.24,5.3,5.18,5.28,131200
2017-03-27,5.26,5.51,5.26,5.33,31570
2017-03-28,5.33,5.37,5.33,5.33,31880
2017-03-29,5.33,5.35,5.24,5.24,76190
2017-03-30,5.24,5.24,5.15,5.15,33750
2017-03-31,5.18,5.26,5.18,5.23,54110
2017-04-03,5.22,5.31,5.22,5.22,79710
2017-04-04,5.22,5.33,5.22,5.24,14840
2017-04-05,5.26,5.37,5.26,5.28,28890
2017-04-07,5.28,5.39,5.25,5.25,55280
2017-04-10,5.25,5.39,5.13,5.33,129370
2017-04-11,5.42,5.64,5.29,5.57,348110
2017-04-12,5.57,5.61,5.42,5.48,110710
2017-04-13,5.51,5.51,5.42,5.48,52020
2017-04-14,5.48,5.48,5.24,5.33,82760
2017-04-17,5.44,5.44,5.18,5.24,152150
2017-04-18,5.26,5.26,5.09,5.24,80360
2017-04-19,5.24,5.28,5.15,5.22,81350
2017-04-20,5.28,5.4,5.24,5.39,148250
2017-04-21,5.39,5.46,5.33,5.35,24160
2017-04-24,5.37,5.37,5.33,5.33,10360
2017-04-25,5.16,5.33,5.16,5.24,9370
2017-04-26,5.2,5.29,5.2,5.2,24790
2017-04-27,5.24,5.24,5.2,5.23,27320
2017-04-28,5.17,5.3,5.17,5.18,28160
2017-05-03,5.16,5.33,5.11,5.25,75010
2017-05-04,5.28,5.33,5.24,5.24,19020
2017-05-05,5.18,5.26,5.18,5.24,34850
2017-05-08,5.2,5.29,5.18,5.29,33720
2017-05-09,5.33,5.62,5.29,5.5,167540
2017-05-10,5.51,5.51,5.42,5.42,17980
2017-05-11,5.4,5.4,5.24,5.39,28520
2017-05-12,5.35,5.35,5.29,5.33,78660
2017-05-15,5.31,5.42,5.31,5.4,58470
2017-05-16,5.42,5.44,5.35,5.35,33340
2017-05-17,5.31,5.33,5.26,5.31,25700
2017-05-18,5.29,5.31,5.26,5.29,14950
2017-05-19,5.24,5.33,5.24,5.26,38620
2017-05-22,5.2,5.29,5.15,5.29,54100
2017-05-23,5.23,5.26,5.23,5.23,14210
2017-05-24,5.18,5.33,5.18,5.2,43310
2017-05-25,5.2,5.37,5.2,5.33,78380
2017-05-26,5.29,5.36,5.29,5.31,78740
2017-05-29,5.31,5.33,5.28,5.31,76210
2017-05-30,5.33,5.33,5.23,5.23,75150
2017-05-31,5.16,5.26,5.15,5.22,51240
2017-06-01,5.24,5.28,5.2,5.26,55570
2017-06-02,5.31,5.31,5.26,5.26,39150
2017-06-05,5.26,5.3,5.22,5.26,51250
2017-06-06,5.26,5.28,5.24,5.26,68980
2017-06-07,5.29,5.51,5.29,5.37,147070
2017-06-08,5.42,5.42,5.29,5.29,95490
2017-06-09,5.33,5.35,5.26,5.31,12920
2017-06-12,5.29,5.29,5.26,5.27,14650
2017-06-13,5.26,5.28,5.26,5.28,14370
2017-06-14,5.24,5.5,5.24,5.46,155520
2017-06-15,5.51,5.51,5.35,5.44,23930
2017-06-16,5.37,5.44,5.33,5.33,16960
2017-06-19,5.33,5.33,5.27,5.28,30830
2017-06-20,5.28,5.33,5.22,5.31,36300
2017-06-21,5.33,5.44,5.28,5.42,129320
2017-06-22,5.33,5.42,5.33,5.42,31210
2017-06-23,5.42,5.48,5.33,5.42,32070
2017-06-26,5.46,5.66,5.46,5.55,175730
2017-06-27,5.68,5.68,5.51,5.61,10300
2017-06-28,5.59,5.59,5.44,5.51,7680
2017-06-29,5.51,5.57,5.35,5.42,104940
2017-06-30,5.43,5.51,5.42,5.51,132480
2017-07-03,5.51,5.9,5.51,5.9,545700
2017-07-04,6.05,6.05,5.79,5.88,123330
2017-07-05,5.88,5.92,5.79,5.82,53770
2017-07-06,5.75,6.1,5.75,6.1,354710
2017-07-07,6.08,6.18,6.04,6.07,125160
2017-07-10,6.07,6.07,5.85,6.03,73770
2017-07-11,5.94,6.03,5.81,5.95,81900
2017-07-12,5.94,6.12,5.94,6.1,129820
2017-07-13,6.1,6.18,6.1,6.18,62030
2017-07-14,6.19,6.23,6.07,6.07,50870
2017-07-17,6.07,6.07,5.79,5.85,155490
2017-07-18,5.85,5.88,5.82,5.86,57380
2017-07-19,5.97,5.97,5.81,5.88,37190
2017-07-20,5.92,5.92,5.7,5.7,69780
2017-07-21,5.79,5.81,5.62,5.65,44830
2017-07-24,5.55,5.7,5.51,5.62,80420
2017-07-25,5.64,5.82,5.64,5.82,90270
2017-07-26,5.83,5.86,5.81,5.86,19250
2017-07-27,5.85,5.85,5.7,5.7,34890
2017-07-28,5.7,5.75,5.64,5.7,53340
2017-07-31,5.7,5.79,5.64,5.64,60180
2017-08-01,5.62,5.64,5.59,5.59,55620
2017-08-02,5.62,5.77,5.62,5.68,45590
2017-08-03,5.62,5.68,5.51,5.62,186580
2017-08-04,5.7,5.7,5.62,5.68,264400
2017-08-07,5.68,5.86,5.68,5.85,103060
2017-08-08,5.85,5.85,5.72,5.72,9240
2017-08-09,5.66,5.7,5.62,5.7,35650
2017-08-10,5.7,5.7,5.61,5.66,35260
2017-08-11,5.66,5.66,5.62,5.64,82310
2017-08-14,5.72,5.72,5.62,5.65,45230
2017-08-15,5.63,5.88,5.62,5.7,32000
2017-08-16,5.81,5.88,5.62,5.85,49210
2017-08-17,5.88,5.88,5.7,5.7,39440
2017-08-18,5.7,5.85,5.7,5.7,32400
2017-08-21,5.72,5.72,5.7,5.7,77470
2017-08-22,5.7,5.7,5.67,5.68,18560
2017-08-23,5.7,5.81,5.7,5.81,83160
2017-08-24,5.79,5.79,5.75,5.79,5560
2017-08-25,5.79,5.83,5.7,5.73,14190
2017-08-28,5.7,5.73,5.7,5.72,8460
2017-08-29,5.96,5.96,5.73,5.75,12170
2017-08-30,5.73,5.92,5.73,5.92,32900
2017-08-31,5.92,5.92,5.73,5.73,14320
2017-09-01,5.73,5.77,5.73,5.77,27890
2017-09-05,5.74,5.74,5.73,5.73,12820
2017-09-06,5.73,5.79,5.7,5.73,57890
2017-09-07,5.72,5.86,5.72,5.79,25030
2017-09-08,5.79,5.83,5.79,5.79,10180
2017-09-11,5.79,5.79,5.75,5.79,36610
2017-09-12,5.81,5.81,5.79,5.79,30480
2017-09-13,5.73,5.97,5.73,5.83,64980
2017-09-14,5.83,5.88,5.73,5.88,62580
2017-09-15,5.88,5.88,5.79,5.86,4810
2017-09-18,5.88,6.05,5.79,5.86,94780
2017-09-19,5.96,6.16,5.88,6.1,78230
2017-09-20,6.1,6.16,6.01,6.12,80520
2017-09-21,6.12,6.12,6.03,6.07,138800
2017-09-22,6.07,6.07,6.05,6.07,134020
2017-09-25,6.07,6.14,6.07,6.14,59910
2017-09-26,6.54,6.56,6.38,6.47,513090
2017-09-27,6.47,6.47,6.27,6.27,122300
2017-09-28,6.34,6.34,6.1,6.29,872560
2017-09-29,6.34,6.49,6.3,6.3,411170
2017-10-02,6.3,6.3,6.21,6.23,146940
2017-10-03,6.19,6.3,6.07,6.12,234700
2017-10-04,6.05,6.18,6.05,6.16,76170
2017-10-05,6.19,6.19,6.08,6.1,81340
2017-10-06,6.1,6.12,6.08,6.1,132920
2017-10-09,6.07,6.12,6.07,6.1,64130
2017-10-10,6.11,6.19,6.1,6.19,42630
2017-10-11,6.18,6.2,6.1,6.12,56020
2017-10-12,6.12,6.18,6.1,6.1,79440
2017-10-13,6.1,6.18,6.08,6.17,63750
2017-10-16,6.21,6.21,6.07,6.12,146250
2017-10-17,6.12,6.12,5.97,6.08,155120
2017-10-18,6.01,6.03,5.96,5.96,77830
2017-10-19,5.88,5.97,5.87,5.87,40140
2017-10-20,5.92,6.03,5.87,5.87,47220
2017-10-23,5.79,5.88,5.77,5.77,135120
2017-10-24,5.8,5.96,5.78,5.94,150540
2017-10-25,5.85,5.88,5.73,5.73,275260
2017-10-26,5.85,5.88,5.75,5.78,32220
2017-10-27,5.88,6.07,5.88,6.03,136540
2017-10-30,5.9,5.96,5.82,5.82,154360
2017-10-31,5.54,5.79,5.54,5.73,388170
2017-11-01,5.73,5.88,5.72,5.88,110170
2017-11-02,5.81,5.88,5.81,5.83,89280
2017-11-03,5.79,5.83,5.64,5.64,280170
2017-11-06,5.61,5.72,5.51,5.57,762920
2017-11-07,5.57,5.79,5.57,5.77,102320
2017-11-08,5.77,5.77,5.7,5.75,9900
2017-11-09,5.7,5.75,5.66,5.72,51590
2017-11-10,5.72,5.72,5.64,5.66,83220
2017-11-13,5.68,5.68,5.59,5.59,147910
2017-11-14,5.59,5.7,5.59,5.62,124060
2017-11-15,5.62,6.01,5.4,6.01,5552240
2017-11-16,6.42,6.42,6.42,6.42,70850
2017-11-17,6.64,6.64,6.3,6.3,500690
2017-11-20,6.25,6.49,6.14,6.43,567300
2017-11-21,6.43,6.43,6.32,6.32,109950
2017-11-22,6.32,6.38,6.21,6.21,117320
2017-11-23,6.21,6.51,6.16,6.29,204190
2017-11-24,6.27,6.49,6.27,6.43,366110
2017-11-27,6.49,6.53,6.43,6.53,98610
2017-11-28,6.53,6.53,6.41,6.51,101700
2017-11-29,6.43,6.43,6.36,6.38,76190
2017-11-30,6.38,6.43,6.34,6.41,60160
2017-12-01,6.43,6.43,6.29,6.41,141470
2017-12-04,6.43,6.43,6.3,6.4,162050
2017-12-05,6.43,6.62,6.41,6.41,118790
2017-12-06,6.43,6.47,6.3,6.41,242370
2017-12-07,6.42,6.43,6.3,6.32,110460
2017-12-08,6.32,6.43,6.32,6.43,64940
2017-12-11,6.41,6.67,6.41,6.43,215940
2017-12-12,6.47,6.49,6.34,6.49,167280
2017-12-13,6.43,6.51,6.3,6.38,184710
2017-12-14,6.43,6.43,6.18,6.18,110150
2017-12-15,6.23,6.34,6.18,6.34,128900
2017-12-18,6.32,6.42,6.25,6.34,82640
2017-12-19,6.34,6.34,6.21,6.25,48620
2017-12-20,6.23,6.34,6.23,6.29,55900
2017-12-21,6.25,6.32,6.25,6.32,51620
2017-12-22,6.25,6.4,6.25,6.34,1590
2017-12-25,6.34,6.34,6.25,6.27,30940
2017-12-26,6.3,6.34,6.29,6.34,80580
2017-12-27,6.32,6.34,6.25,6.3,30310
2017-12-28,6.29,6.34,6.29,6.3,18430
2017-12-29,6.29,6.34,6.25,6.3,59970
2018-01-02,6.27,6.34,6.25,6.3,37950
2018-01-03,6.34,6.62,6.34,6.53,49680
2018-01-04,6.58,6.58,6.43,6.43,55910
2018-01-05,6.43,6.43,6.31,6.4,26250
2018-01-08,6.4,6.49,6.36,6.47,30260
2018-01-09,6.53,6.89,6.4,6.89,241000
2018-01-10,6.89,6.89,6.65,6.76,88520
2018-01-11,6.64,6.76,6.62,6.73,80280
2018-01-12,6.73,6.73,6.53,6.53,70510
2018-01-15,6.75,6.78,6.56,6.62,88420
2018-01-16,6.62,6.75,6.6,6.69,65850
2018-01-17,6.65,6.71,6.62,6.62,44800
2018-01-18,6.64,6.64,6.52,6.62,64950
2018-01-19,6.62,6.69,6.62,6.67,84120
2018-01-22,6.71,6.87,6.71,6.87,131950
2018-01-23,6.87,6.87,6.87,6.87,0
2018-01-24,6.87,6.87,6.87,6.87,0
2018-01-25,6.98,6.98,6.82,6.9,87390
2018-01-26,6.93,7.38,6.9,7.38,372850
2018-01-29,7.38,7.81,7.36,7.79,245180
2018-01-30,7.76,7.9,7.63,7.9,310230
2018-01-31,7.9,7.94,7.63,7.72,266910
2018-02-01,7.55,7.81,7.54,7.65,197980
2018-02-02,7.66,7.76,7.61,7.72,58670
2018-02-05,7.81,8.14,7.58,7.83,303300
2018-02-06,7.46,7.66,7.46,7.55,475770
2018-02-07,7.68,7.79,7.68,7.76,185450
2018-02-08,7.65,7.81,7.63,7.81,62020
2018-02-09,7.72,7.89,7.68,7.78,90990
2018-02-12,7.79,7.87,7.77,7.78,268830
2018-02-13,7.78,8.09,7.78,7.9,416580
2018-02-21,7.98,8.42,7.96,8.0,211500
2018-02-22,8.0,8.01,7.94,8.0,302740
2018-02-23,8.0,8.55,8.0,8.55,515730
2018-02-26,8.82,8.82,8.47,8.6,179180
2018-02-27,8.73,9.2,8.55,9.2,164490
2018-02-28,9.1,9.36,8.96,8.96,222790
2018-03-01,8.96,9.14,8.84,8.9,161820
2018-03-02,8.92,9.29,8.84,9.1,50000
2018-03-05,9.23,9.4,9.14,9.14,151700
2018-03-06,9.14,9.23,9.1,9.23,121050
2018-03-07,9.12,9.38,9.12,9.25,210320
2018-03-08,9.2,9.27,9.18,9.25,50110
2018-03-09,9.29,9.55,9.23,9.25,128150
2018-03-12,9.38,9.38,8.99,9.01,154990
2018-03-13,9.01,9.12,9.01,9.09,73540
2018-03-14,9.01,9.28,9.01,9.1,96290
2018-03-15,9.04,9.22,9.04,9.09,81500
2018-03-16,9.09,9.2,9.09,9.11,92250
2018-03-19,9.2,9.25,9.14,9.23,208690
2018-03-20,9.23,9.25,9.12,9.22,101740
2018-03-21,9.22,9.22,9.05,9.07,118240
2018-03-22,9.07,9.1,8.94,8.94,180310
2018-03-23,8.64,9.1,8.64,9.1,219750
2018-03-26,9.1,9.27,9.01,9.1,57030
2018-03-27,9.16,9.18,9.05,9.1,75440
2018-03-28,9.1,9.14,8.97,9.05,54990
2018-03-29,9.18,9.18,8.96,9.01,112660
2018-03-30,8.97,9.1,8.96,9.1,58800
2018-04-02,9.1,9.16,9.03,9.1,103690
2018-04-03,9.1,9.74,9.1,9.74,564860
2018-04-04,10.05,10.18,9.74,9.74,259150
2018-04-05,10.0,10.03,9.75,9.94,156320
2018-04-06,10.03,10.03,9.66,9.7,223940
2018-04-09,9.66,9.74,9.57,9.64,187690
2018-04-10,9.61,9.75,9.55,9.66,214370
2018-04-11,9.64,9.66,9.2,9.2,220130
2018-04-12,9.2,9.83,9.13,9.75,551920
2018-04-13,9.98,9.98,9.4,9.49,228650
2018-04-16,9.49,9.57,9.44,9.48,110140
2018-04-17,9.42,9.55,9.29,9.42,144560
2018-04-18,9.38,9.38,9.27,9.31,104200
2018-04-19,9.31,9.38,9.18,9.29,106900
2018-04-20,9.27,9.29,9.09,9.2,172190
2018-04-23,9.22,9.51,8.6,8.6,304550
2018-04-24,8.9,8.9,8.45,8.45,119120
2018-04-26,8.45,8.55,7.87,7.87,221250
2018-04-27,7.88,8.17,7.88,7.93,171350
2018-05-02,7.99,8.17,7.39,7.39,249010
2018-05-03,7.39,7.39,6.88,7.38,680160
2018-05-04,7.43,7.52,7.25,7.26,165170
2018-05-07,7.12,7.43,7.06,7.38,127360
2018-05-08,7.26,7.41,7.25,7.34,159790
2018-05-09,7.36,7.62,7.34,7.47,132810
2018-05-10,7.44,7.45,7.28,7.28,151120
2018-05-11,7.25,7.3,7.08,7.17,100520
2018-05-14,7.19,7.23,7.08,7.17,99380
2018-05-15,7.32,7.67,7.32,7.67,179350
2018-05-16,7.67,7.67,7.43,7.45,74660
2018-05-17,7.45,7.78,7.43,7.62,153560
2018-05-18,7.62,7.62,7.45,7.6,69060
2018-05-21,7.97,7.97,7.45,7.46,64540
2018-05-22,7.43,7.51,7.19,7.25,248280
2018-05-23,7.25,7.47,7.15,7.39,138500
2018-05-24,7.56,7.62,7.39,7.41,114210
2018-05-25,7.62,7.8,7.35,7.35,161310
2018-05-28,7.34,7.35,6.84,6.84,319340
2018-05-29,6.87,7.17,6.84,7.06,140370
2018-05-30,7.1,7.21,7.06,7.15,127630
2018-05-31,7.1,7.34,7.1,7.23,72630
2018-06-01,7.23,7.52,7.15,7.34,94250
2018-06-04,7.34,7.41,7.28,7.39,112670
2018-06-05,7.41,7.6,7.36,7.41,216500
2018-06-06,7.39,7.41,7.26,7.34,105150
2018-06-07,7.43,7.71,7.43,7.51,411610
2018-06-08,7.51,7.51,7.36,7.36,169860
2018-06-11,7.33,7.41,7.32,7.34,79720
2018-06-12,7.34,7.34,6.99,7.15,188420
2018-06-13,7.15,7.21,7.13,7.21,58890
2018-06-14,7.21,7.25,7.06,7.08,118090
2018-06-15,7.08,7.25,7.08,7.23,67200
2018-06-18,7.19,7.19,7.08,7.08,71630
2018-06-19,6.93,7.21,6.74,6.87,222690
2018-06-20,7.06,7.06,6.82,6.87,68830
2018-06-21,6.87,6.9,6.82,6.86,65670
2018-06-22,6.86,6.91,6.69,6.8,87200
2018-06-25,6.8,6.86,6.74,6.76,37090
2018-06-26,6.69,6.69,6.3,6.54,183470
2018-06-27,6.63,6.63,6.24,6.24,145210
2018-06-28,6.19,6.24,6.04,6.09,116860
2018-06-29,6.13,6.49,6.04,6.41,344830
2018-07-02,6.26,6.5,6.13,6.5,160200
2018-07-03,6.6,6.63,6.32,6.35,73990
2018-07-04,6.35,6.35,6.15,6.32,33720
2018-07-05,6.32,6.34,6.08,6.21,117580
2018-07-06,6.09,6.32,6.09,6.3,23350
2018-07-09,6.35,6.35,6.11,6.11,39250
2018-07-10,6.04,6.13,6.02,6.11,33380
2018-07-11,6.11,6.13,6.0,6.13,69520
2018-07-12,6.21,6.21,6.08,6.13,45000
2018-07-13,6.13,6.22,6.09,6.21,42490
2018-07-16,6.21,6.22,6.13,6.21,43680
2018-07-17,6.21,6.22,6.13,6.22,15930
2018-07-18,6.13,6.49,6.13,6.45,123930
2018-07-19,6.45,6.56,6.22,6.22,88390
2018-07-20,6.3,6.41,6.22,6.32,103370
2018-07-23,6.34,6.61,6.32,6.59,167960
2018-07-24,6.59,6.61,6.43,6.61,109640
2018-07-25,6.61,6.78,6.61,6.69,127390
2018-07-26,6.71,6.84,6.69,6.75,166650
2018-07-27,6.8,6.96,6.8,6.82,73370
2018-07-30,6.69,6.92,6.69,6.72,57820
2018-07-31,6.69,6.78,6.46,6.46,145760
2018-08-01,6.5,6.6,6.26,6.32,89120
2018-08-02,6.34,6.34,6.17,6.28,63200
2018-08-03,6.28,6.36,6.24,6.26,43660
2018-08-06,6.28,6.36,6.26,6.32,97490
2018-08-07,6.36,6.54,6.36,6.45,52270
2018-08-08,6.54,6.54,6.45,6.54,33050
2018-08-09,6.61,6.66,6.51,6.54,29690
2018-08-10,6.54,6.54,6.45,6.45,112870
2018-08-13,6.45,6.45,6.34,6.36,15620
2018-08-14,6.28,6.32,6.26,6.26,33290
2018-08-15,6.17,6.38,6.17,6.27,34630
2018-08-16,6.27,6.41,6.25,6.41,80150
2018-08-17,6.5,6.82,6.5,6.63,104990
2018-08-20,6.63,6.98,6.63,6.81,138850
2018-08-21,6.93,7.07,6.93,7.07,331050
2018-08-22,7.08,7.33,7.01,7.13,183220
2018-08-23,7.26,7.28,7.13,7.16,150740
2018-08-24,7.2,7.21,7.06,7.12,152840
2018-08-27,7.12,7.22,7.12,7.13,236270
2018-08-28,7.24,7.56,7.21,7.51,265970
2018-08-29,7.63,7.78,7.58,7.76,185930
2018-08-30,7.94,7.94,7.67,7.78,195350
2018-08-31,7.76,7.8,7.65,7.68,217960
2018-09-04,7.69,7.9,7.63,7.65,153690
2018-09-05,7.65,7.72,7.26,7.67,293330
2018-09-06,7.67,7.69,7.49,7.57,172280
2018-09-07,7.57,7.66,7.49,7.57,131090
2018-09-10,7.56,7.78,7.51,7.64,112460
2018-09-11,7.63,8.17,7.63,8.17,461460
2018-09-12,8.17,8.39,8.14,8.21,272170
2018-09-13,8.26,8.26,8.12,8.19,202450
2018-09-14,8.19,8.46,8.14,8.35,261200
2018-09-17,8.42,8.69,8.37,8.57,290600
2018-09-18,8.62,8.69,8.46,8.69,195320
2018-09-19,8.78,8.91,8.61,8.62,300490
2018-09-20,8.62,8.69,8.46,8.6,183940
2018-09-21,8.6,9.0,8.6,8.75,192950
2018-09-24,8.84,8.87,8.7,8.71,158260
2018-09-25,8.71,8.93,8.69,8.91,309950
2018-09-26,8.8,8.98,8.8,8.87,180600
2018-09-27,8.91,8.91,8.66,8.71,229580
2018-09-28,8.69,8.84,8.69,8.73,170340
2018-10-01,8.79,9.07,8.71,8.96,319170
2018-10-02,8.98,9.14,8.83,9.0,236600
2018-10-03,9.0,9.01,8.78,8.82,196360
2018-10-04,8.82,8.87,8.73,8.74,152170
2018-10-05,8.69,8.88,8.6,8.63,270510
2018-10-08,8.64,8.73,8.52,8.65,254470
2018-10-09,8.65,8.89,8.65,8.78,236460
2018-10-10,8.84,8.87,8.66,8.69,147760
2018-10-11,8.46,8.53,8.14,8.14,417940
2018-10-12,8.12,8.46,8.1,8.44,181080
2018-10-15,8.44,8.46,8.24,8.35,48890
2018-10-16,8.35,8.55,8.28,8.3,163300
2018-10-17,8.44,8.48,8.35,8.48,153400
2018-10-18,8.46,8.51,8.36,8.39,157220
2018-10-19,8.3,8.37,8.26,8.35,99550
2018-10-22,8.48,8.48,8.3,8.3,116180
2018-10-23,8.26,8.33,7.85,8.07,235780
2018-10-24,8.01,8.01,7.54,7.54,200590
2018-10-25,7.22,7.45,7.02,7.42,1531630
2018-10-26,7.49,7.51,7.29,7.37,282200
2018-10-29,7.37,7.45,7.22,7.45,313390
2018-10-30,7.24,7.55,7.24,7.42,401250
2018-10-31,7.38,7.65,7.38,7.65,398380
2018-11-01,7.65,7.9,7.49,7.63,443440
2018-11-02,7.63,7.87,7.63,7.85,253950
2018-11-05,7.87,7.87,7.69,7.81,334760
2018-11-06,7.81,7.87,7.67,7.73,467050
2018-11-07,7.74,7.82,7.49,7.67,184740
2018-11-08,7.76,7.76,7.36,7.36,438890
2018-11-09,7.31,7.4,6.99,7.02,381170
2018-11-12,6.86,7.33,6.84,7.32,237320
2018-11-13,7.32,7.36,7.17,7.17,232940
2018-11-14,7.22,7.31,7.11,7.2,152210
2018-11-15,7.24,7.56,7.21,7.39,318130
2018-11-16,7.39,7.65,7.39,7.65,207200
2018-11-19,7.66,7.67,7.45,7.67,177750
2018-11-20,7.67,7.8,7.57,7.72,209290
2018-11-21,7.72,7.72,7.56,7.7,143390
2018-11-22,7.83,7.83,7.7,7.73,110540
2018-11-23,7.83,7.85,7.73,7.77,206280
2018-11-26,7.67,7.8,7.6,7.6,223350
2018-11-27,7.66,7.67,7.48,7.48,229100
2018-11-28,7.48,7.59,7.4,7.59,111260
2018-11-29,7.65,7.67,7.6,7.66,179630
2018-11-30,7.67,7.85,7.58,7.85,287330
2018-12-03,7.9,8.21,7.9,8.14,290440
2018-12-04,8.24,8.24,8.03,8.12,235710
2018-12-05,8.08,8.53,8.02,8.28,378370
2018-12-06,8.28,8.69,8.28,8.51,363230
2018-12-07,8.53,8.75,8.48,8.51,424610
2018-12-10,8.33,8.51,8.33,8.44,274580
2018-12-11,8.35,8.57,8.35,8.57,232840
2018-12-12,8.55,8.75,8.51,8.66,338350
2018-12-13,8.62,8.77,8.52,8.57,377530
2018-12-14,8.51,8.64,8.51,8.57,227210
2018-12-17,8.57,8.57,8.33,8.39,319920
2018-12-18,8.24,8.35,8.07,8.19,296090
2018-12-19,8.19,8.24,8.07,8.2,237420
2018-12-20,8.18,8.33,8.12,8.26,223070
2018-12-21,8.24,8.34,8.12,8.27,137240
2018-12-24,8.4,8.5,8.36,8.44,205440
2018-12-25,8.37,8.4,8.0,8.14,195860
2018-12-26,8.14,8.28,8.14,8.14,168190
2018-12-27,8.35,8.35,8.14,8.27,200660
2018-12-28,8.19,8.22,8.0,8.0,184270
2019-01-02,8.0,8.23,7.68,7.68,229660
2019-01-03,7.68,7.82,7.58,7.63,180650
2019-01-04,7.61,7.99,7.49,7.99,181500
2019-01-07,8.12,8.23,8.07,8.23,154070
2019-01-08,8.29,8.32,8.19,8.21,207610
2019-01-09,8.14,8.35,8.14,8.34,192550
2019-01-10,8.35,8.37,8.21,8.21,63000
2019-01-11,8.21,8.49,8.21,8.4,415380
2019-01-14,8.4,8.44,8.27,8.4,152710
2019-01-15,8.35,8.58,8.35,8.44,228400
2019-01-16,8.49,8.49,8.28,8.28,141700
2019-01-17,8.35,8.35,8.19,8.21,202540
2019-01-18,8.2,8.23,8.15,8.18,158750
2019-01-21,8.18,8.47,8.18,8.45,245650
2019-01-22,8.45,8.67,8.4,8.51,276490
2019-01-23,8.51,8.61,8.35,8.51,216410
2019-01-24,8.51,8.59,8.37,8.37,132610
2019-01-25,8.37,8.51,8.35,8.51,215290
2019-01-28,8.61,8.65,8.51,8.58,245040
2019-01-29,8.54,8.61,8.47,8.61,153350
2019-01-30,8.63,8.77,8.55,8.72,374500
2019-01-31,8.72,8.84,8.63,8.67,148320
2019-02-01,8.63,8.67,8.51,8.67,82050
2019-02-11,8.74,8.74,8.54,8.56,114170
2019-02-12,8.67,8.81,8.63,8.67,575880
2019-02-13,8.64,8.67,8.56,8.63,365900
2019-02-14,8.63,8.63,8.54,8.54,212080
2019-02-15,8.49,8.63,8.48,8.54,218150
2019-02-18,8.54,8.67,8.51,8.52,225450
2019-02-19,8.52,8.74,8.5,8.65,639310
2019-02-20,8.65,8.71,8.58,8.61,204270
2019-02-21,8.61,8.7,8.55,8.56,414060
2019-02-22,8.54,8.58,8.47,8.58,381250
2019-02-25,8.58,8.67,8.55,8.57,200770
2019-02-26,8.63,8.63,8.51,8.57,213570
2019-02-27,8.58,9.12,8.56,9.09,1220890
2019-02-28,9.15,9.23,8.95,8.95,599990
2019-03-01,8.95,9.44,8.93,9.44,680870
2019-03-04,9.59,9.65,9.32,9.44,704720
2019-03-05,9.44,9.72,9.28,9.44,484010
2019-03-06,9.44,9.85,9.35,9.85,708090
2019-03-07,9.85,9.85,9.63,9.67,283170
2019-03-08,9.7,9.7,9.36,9.39,614350
2019-03-11,9.49,9.72,9.37,9.67,385220
2019-03-12,9.74,9.81,9.58,9.81,264870
2019-03-13,9.86,9.88,9.65,9.72,213680
2019-03-14,9.72,9.82,9.63,9.74,375090
2019-03-15,9.83,10.09,9.8,9.88,532450
2019-03-18,9.97,10.32,9.97,10.31,690700
2019-03-19,10.32,10.44,10.11,10.12,607360
2019-03-20,10.02,10.18,9.83,10.18,672110
2019-03-21,10.18,10.32,9.7,9.7,384760
2019-03-22,9.67,9.83,9.63,9.77,377720
2019-03-25,9.49,9.67,9.35,9.35,718890
2019-03-26,9.58,9.58,9.31,9.54,352030
2019-03-27,9.65,9.71,9.49,9.63,334670
2019-03-28,9.51,9.67,9.44,9.63,243000
2019-03-29,9.65,9.73,9.56,9.56,204640
2019-04-01,9.56,9.88,9.56,9.86,565510
2019-04-02,9.95,10.02,9.79,9.81,487000
2019-04-03,9.81,9.95,9.7,9.86,286990
2019-04-04,9.79,10.02,9.74,9.83,426660
2019-04-05,9.9,9.95,9.74,9.88,242350
2019-04-08,9.97,10.12,9.86,10.1,653170
2019-04-09,10.18,10.18,9.99,9.99,403650
2019-04-10,9.88,10.09,9.79,10.02,442830
2019-04-11,9.97,10.09,9.93,9.93,343170
2019-04-12,9.88,10.05,9.86,9.97,387170
2019-04-16,9.9,9.95,9.74,9.92,394310
2019-04-17,9.97,10.0,9.72,9.74,388420
2019-04-18,9.72,9.74,9.19,9.41,883350
2019-04-19,9.45,9.49,9.06,9.06,617770
2019-04-22,8.95,9.05,8.61,8.7,816560
2019-04-23,8.85,8.98,8.76,8.87,203970
2019-04-24,8.93,9.05,8.81,8.93,104840
2019-04-25,8.98,8.98,8.58,8.78,464650
2019-04-26,8.84,9.05,8.72,9.05,192610
2019-05-02,9.06,9.16,8.95,9.16,206340
2019-05-03,9.32,9.42,9.15,9.25,555050
2019-05-06,9.25,9.25,8.8,8.8,342910
2019-05-07,8.81,8.95,8.79,8.86,127400
2019-05-08,8.7,8.86,8.65,8.86,211980
2019-05-09,8.86,9.0,8.64,8.67,197760
2019-05-10,8.65,8.86,8.58,8.77,194310
2019-05-13,8.72,8.88,8.72,8.86,216260
2019-05-14,8.81,8.87,8.77,8.86,203070
2019-05-15,8.92,9.01,8.92,9.01,332760
2019-05-16,9.05,9.07,9.01,9.01,263760
2019-05-17,9.05,9.05,8.88,8.88,114630
2019-05-20,8.87,9.02,8.83,8.98,325570
2019-05-21,9.01,9.01,8.93,8.93,183990
2019-05-22,8.99,9.0,8.86,8.92,197390
2019-05-23,8.92,8.93,8.85,8.93,248200
2019-05-24,8.87,9.32,8.87,9.2,837290
2019-05-27,9.32,9.44,9.24,9.42,574190
2019-05-28,9.42,9.58,9.34,9.54,410860
2019-05-29,9.51,9.61,9.39,9.41,455220
2019-05-30,9.41,9.46,9.3,9.42,203130
2019-05-31,9.42,9.43,8.99,8.99,464110
2019-06-03,8.91,9.12,8.91,8.94,333660
2019-06-04,8.99,9.0,8.91,8.94,190510
2019-06-05,9.09,9.09,8.95,8.96,109010
2019-06-06,8.96,9.0,8.85,8.88,409080
2019-06-07,8.87,8.95,8.86,8.88,140970
2019-06-10,8.91,9.1,8.91,9.08,353710
2019-06-11,9.22,9.54,9.22,9.48,528090
2019-06-12,9.5,9.5,9.29,9.35,195050
2019-06-13,9.25,9.42,9.19,9.28,170220
2019-06-14,9.28,9.36,9.22,9.28,84390
2019-06-17,9.28,9.28,9.13,9.16,165850
2019-06-18,9.16,9.16,8.93,8.96,219390
2019-06-19,9.05,9.13,9.05,9.07,171300
2019-06-20,9.16,9.26,9.05,9.25,189970
2019-06-21,9.25,9.47,9.25,9.35,399750
2019-06-24,9.39,9.47,9.29,9.35,310130
2019-06-25,9.35,9.35,9.18,9.22,160490
2019-06-26,9.21,9.36,9.19,9.31,164870
2019-06-27,9.38,9.38,9.19,9.34,190290
2019-06-28,9.36,9.67,9.36,9.67,1405170
2019-07-01,9.7,9.93,9.7,9.86,565100
2019-07-02,9.92,9.94,9.8,9.89,354550
2019-07-03,9.8,10.06,9.74,9.96,805030
2019-07-04,10.05,10.05,9.92,9.92,377440
2019-07-05,9.86,10.06,9.86,9.97,315790
2019-07-08,10.06,10.12,9.96,10.1,868100
2019-07-09,10.0,10.13,10.0,10.12,291770
2019-07-10,10.12,10.15,10.03,10.15,403910
2019-07-11,10.15,10.26,9.8,9.93,1155000
2019-07-12,9.89,10.1,9.89,9.96,519700
2019-07-15,9.97,10.03,9.92,9.96,316470
2019-07-16,9.96,10.38,9.96,10.29,1347680
2019-07-17,10.29,10.57,10.15,10.41,669350
2019-07-18,10.41,10.44,10.18,10.37,350580
2019-07-19,10.32,10.44,10.21,10.23,664370
2019-07-22,10.16,10.18,9.97,10.03,739120
2019-07-23,9.97,10.52,9.97,10.52,1354980
2019-07-24,10.52,10.71,10.52,10.6,873820
2019-07-25,10.63,10.7,10.5,10.7,499700
2019-07-26,10.67,10.73,10.5,10.55,458030
2019-07-29,10.55,10.61,10.32,10.5,766020
2019-07-30,10.5,10.61,10.21,10.23,656280
2019-07-31,10.35,10.57,10.1,10.57,645040
2019-08-01,10.61,10.86,10.55,10.8,1254450
2019-08-02,10.76,10.9,10.63,10.81,719460
2019-08-05,10.79,10.83,10.61,10.71,1008770
2019-08-06,10.58,10.61,10.31,10.61,963640
2019-08-07,10.67,10.67,10.44,10.55,437570
2019-08-08,10.45,10.79,10.45,10.77,940650
2019-08-09,10.76,10.92,10.64,10.64,746950
2019-08-12,10.61,10.7,10.38,10.52,634110
2019-08-13,10.41,10.55,10.16,10.16,1427860
2019-08-14,10.23,10.38,10.23,10.34,542870
2019-08-15,10.18,10.5,10.12,10.5,675530
2019-08-16,10.55,10.55,10.32,10.5,852690
2019-08-19,10.44,10.6,10.42,10.54,504010
2019-08-20,10.64,10.74,10.5,10.68,1557630
2019-08-21,10.73,10.81,10.44,10.44,1001550
2019-08-22,10.48,10.52,10.41,10.48,514640
2019-08-23,10.44,10.48,10.32,10.41,748060
2019-08-26,10.29,10.29,10.13,10.22,504310
2019-08-27,10.23,10.38,10.16,10.18,451090
2019-08-28,10.21,10.21,9.89,9.89,1152280
2019-08-29,9.83,10.05,9.83,9.97,581110
2019-08-30,9.97,10.29,9.97,10.18,455730
2019-09-03,10.18,10.35,10.09,10.12,256660
2019-09-04,10.0,10.09,9.89,10.0,433550
2019-09-05,10.15,10.26,10.06,10.25,304970
2019-09-06,10.25,10.31,10.05,10.21,184670
2019-09-09,10.06,10.19,9.94,9.94,219740
2019-09-10,9.94,9.99,9.42,9.57,1235630
2019-09-11,9.55,9.81,9.54,9.81,377580
2019-09-12,9.81,9.96,9.81,9.94,307290
2019-09-13,9.89,10.03,9.89,10.02,310610
2019-09-16,10.03,10.09,9.89,9.94,201400
2019-09-17,9.94,9.97,9.8,9.92,278230
2019-09-18,9.94,10.1,9.94,10.06,326920
2019-09-19,10.06,10.06,9.94,10.03,139290
2019-09-20,10.06,10.06,9.86,9.92,309610
2019-09-23,9.92,9.92,9.73,9.83,339290
2019-09-24,9.83,9.94,9.74,9.94,235490
2019-09-25,9.94,10.09,9.94,10.08,328480
2019-09-26,10.15,10.19,10.08,10.15,259520
2019-09-27,10.15,10.31,10.12,10.19,485670
2019-09-30,10.26,10.26,10.06,10.15,157660
2019-10-01,10.06,10.26,10.06,10.21,243560
2019-10-02,10.23,10.41,10.21,10.29,731040
2019-10-03,10.32,10.63,10.29,10.63,1173330
2019-10-04,10.71,10.73,10.47,10.52,497570
2019-10-07,10.47,10.55,10.29,10.29,488270
2019-10-08,10.22,10.38,10.22,10.35,302120
2019-10-09,10.39,10.58,10.31,10.47,556650
2019-10-10,10.47,10.58,10.47,10.54,621560
2019-10-11,10.61,10.63,10.44,10.54,840570
2019-10-14,10.73,10.79,10.55,10.58,1977970
2019-10-15,10.5,10.52,10.22,10.38,1311470
2019-10-16,10.44,10.44,10.23,10.26,381260
2019-10-17,10.18,10.28,10.1,10.23,688000
2019-10-18,10.23,10.37,10.18,10.29,382200
2019-10-21,10.18,10.35,10.18,10.26,281780
2019-10-22,10.18,10.34,10.18,10.26,413780
2019-10-23,10.29,10.29,10.18,10.26,268900
2019-10-24,10.25,10.29,10.19,10.23,278880
2019-10-25,10.29,10.29,10.18,10.25,375510
2019-10-28,10.28,10.34,10.23,10.25,235740
2019-10-29,10.23,10.28,10.16,10.16,245720
2019-10-30,10.15,10.23,10.12,10.21,234170
2019-10-31,10.31,10.38,10.19,10.25,420100
2019-11-01,10.23,10.25,10.12,10.25,304530
2019-11-04,10.26,10.41,10.23,10.41,592740
2019-11-05,10.44,10.48,10.29,10.39,430110
2019-11-06,10.41,10.5,10.34,10.34,423060
2019-11-07,10.39,10.39,10.25,10.29,283610
2019-11-08,10.31,10.31,10.19,10.26,263710
2019-11-11,10.26,10.26,10.12,10.15,420240
2019-11-12,10.13,10.18,9.97,10.09,597200
2019-11-13,10.09,10.12,10.02,10.09,249640
2019-11-14,10.09,10.12,10.03,10.1,201400
2019-11-15,10.1,10.15,10.03,10.13,226860
2019-11-18,10.09,10.13,9.92,10.06,597630
2019-11-19,10.06,10.06,9.94,10.0,347270
2019-11-20,10.0,10.09,9.93,10.08,394930
2019-11-21,10.09,10.09,9.94,10.08,740480
2019-11-22,10.03,10.06,9.81,9.93,596450
2019-11-25,9.86,9.92,9.51,9.57,504000
2019-11-26,9.57,9.86,9.57,9.86,1233960
2019-11-27,9.86,10.0,9.64,9.93,447470
2019-11-28,9.68,9.92,9.68,9.71,254640
2019-11-29,9.63,9.77,9.63,9.68,125960
2019-12-02,9.74,9.79,9.34,9.52,400150
2019-12-03,9.19,9.51,9.16,9.16,403550
2019-12-04,9.06,9.16,8.96,9.16,595770
2019-12-05,9.18,9.39,9.18,9.36,459370
2019-12-06,9.19,9.41,9.19,9.39,212750
2019-12-09,9.39,9.42,9.32,9.39,326840
2019-12-10,9.34,9.39,9.34,9.38,296090
2019-12-11,9.29,9.36,9.25,9.34,153220
2019-12-12,9.28,9.55,9.28,9.55,246720
2019-12-13,9.55,9.61,9.45,9.54,111500
2019-12-16,9.54,9.54,9.42,9.47,97750
2019-12-17,9.48,9.51,9.42,9.47,207810
2019-12-18,9.45,9.57,9.42,9.42,274750
2019-12-19,9.45,9.45,9.39,9.45,183920
2019-12-20,9.48,9.55,9.42,9.45,388480
2019-12-23,9.47,9.51,9.36,9.36,192570
2019-12-24,9.36,9.36,9.1,9.12,214870
2019-12-25,9.19,9.26,9.07,9.19,226870
2019-12-26,9.43,9.43,9.16,9.31,181060
2019-12-27,9.18,9.27,9.09,9.19,98820
2019-12-30,9.18,9.28,9.03,9.03,293760
2019-12-31,9.03,9.03,8.85,8.98,185130
2020-01-02,8.89,9.12,8.89,8.98,207360
2020-01-03,8.98,9.28,8.98,9.18,381270
2020-01-06,9.21,9.21,9.0,9.06,218960
2020-01-07,8.98,9.04,8.91,9.04,262170
2020-01-08,8.95,9.28,8.56,9.28,359560
2020-01-09,9.04,9.16,8.92,9.0,179980
2020-01-10,9.0,9.09,8.86,8.92,130280
2020-01-13,8.77,8.98,8.77,8.8,105560
2020-01-14,8.92,9.06,8.8,9.06,262930
2020-01-15,9.09,9.18,8.97,9.16,254790
2020-01-16,9.06,9.18,9.04,9.16,221510
2020-01-17,8.98,9.13,8.97,8.97,114120
2020-01-20,8.89,8.97,8.86,8.89,117710
2020-01-21,8.89,8.98,8.86,8.98,131460
2020-01-22,8.98,9.13,8.94,8.95,101130
2020-01-30,8.95,8.95,8.53,8.67,320140
2020-01-31,8.61,8.68,8.23,8.23,429210
2020-02-03,8.05,8.05,7.66,7.96,832420
2020-02-04,7.8,7.98,7.75,7.78,161190
2020-02-05,7.78,7.96,7.78,7.87,155520
2020-02-06,7.92,8.16,7.81,8.16,185780
2020-02-07,8.08,8.16,8.01,8.16,100460
2020-02-10,7.96,8.05,7.95,7.95,93190
2020-02-11,8.07,8.07,7.95,8.05,129280
2020-02-12,8.02,8.35,8.02,8.28,329660
2020-02-13,8.28,8.53,8.22,8.47,167310
2020-02-14,8.41,8.53,8.4,8.41,84540
2020-02-17,8.41,8.41,8.23,8.28,172380
2020-02-18,8.28,8.35,8.17,8.28,114550
2020-02-19,8.28,8.34,8.26,8.28,106640
2020-02-20,8.34,8.43,8.26,8.43,220810
2020-02-21,8.44,8.65,8.44,8.46,494060
2020-02-24,8.17,8.2,7.93,7.93,210710
2020-02-25,7.56,8.23,7.56,8.23,326380
2020-02-26,7.86,8.08,7.86,7.99,112760
2020-02-27,7.99,8.17,7.9,8.17,106490
2020-02-28,7.95,8.13,7.89,8.02,399070
2020-03-02,7.86,7.96,7.78,7.9,135130
2020-03-03,8.05,8.05,7.87,7.87,253300
2020-03-04,7.81,7.93,7.8,7.87,149140
2020-03-05,7.93,7.98,7.87,7.87,122270
2020-03-06,7.89,8.05,7.86,7.95,438430
2020-03-09,7.45,7.71,7.39,7.39,349660
2020-03-10,6.98,7.39,6.95,7.18,343770
2020-03-11,7.33,7.33,6.69,6.69,638030
2020-03-12,6.29,6.32,6.23,6.23,806400
2020-03-13,5.79,6.14,5.79,6.14,695750
2020-03-16,5.84,6.05,5.72,5.72,662940
2020-03-17,5.39,6.11,5.33,5.93,1315930
2020-03-18,5.97,5.99,5.78,5.93,640230
2020-03-19,5.87,5.87,5.63,5.69,425880
2020-03-20,5.66,5.76,5.6,5.69,364770
2020-03-23,5.69,5.69,5.3,5.3,788010
2020-03-24,5.18,5.45,5.0,5.28,572080
2020-03-25,5.39,5.57,5.39,5.49,509070
2020-03-26,5.46,5.46,5.16,5.18,855560
2020-03-27,5.27,5.3,5.12,5.21,339550
2020-03-30,4.92,5.01,4.85,4.85,524680
2020-03-31,4.85,5.18,4.79,4.91,267720
2020-04-01,4.91,5.18,4.88,5.07,174430
2020-04-03,5.16,5.39,5.16,5.31,355510
2020-04-06,5.42,5.67,5.42,5.67,494070
2020-04-07,5.9,6.06,5.72,6.02,564650
2020-04-08,5.99,6.05,5.72,5.91,299930
2020-04-09,5.9,6.14,5.9,6.03,318690
2020-04-10,5.9,6.15,5.9,5.99,230190
2020-04-13,6.05,6.26,6.03,6.23,224140
2020-04-14,6.29,6.44,6.2,6.41,634760
2020-04-15,6.54,6.84,6.47,6.84,620640
2020-04-16,6.95,7.3,6.95,7.3,921010
2020-04-17,7.62,7.81,7.6,7.68,1288180
2020-04-20,7.6,7.63,7.18,7.3,794140
2020-04-21,7.18,7.24,6.8,6.8,903100
2020-04-22,6.47,7.12,6.47,7.11,335690
2020-04-23,7.18,7.27,6.86,6.92,375230
2020-04-24,6.89,7.04,6.78,6.95,487610
2020-04-27,7.21,7.21,6.9,7.11,629130
2020-04-28,7.11,7.29,7.09,7.24,633280
2020-04-29,7.24,7.29,7.18,7.26,307320
2020-05-04,7.21,7.21,7.01,7.01,191090
2020-05-05,7.01,7.07,6.89,7.02,150820
2020-05-06,7.09,7.14,6.98,7.12,308890
2020-05-07,7.12,7.24,7.09,7.24,452900
2020-05-08,7.32,7.36,7.15,7.18,389660
2020-05-11,7.18,7.42,7.17,7.42,466870
2020-05-12,7.42,7.66,7.33,7.57,400790
2020-05-13,7.5,7.77,7.48,7.63,396330
2020-05-14,7.57,8.16,7.51,8.16,1082360
2020-05-15,8.26,8.38,7.99,7.99,901280
2020-05-18,7.99,8.13,7.9,8.05,396470
2020-05-19,8.14,8.2,8.02,8.02,621890
2020-05-20,7.99,8.05,7.92,7.92,435020
2020-05-21,7.92,8.05,7.92,8.01,264330
2020-05-22,8.01,8.01,7.78,7.78,577650
2020-05-25,7.87,8.32,7.71,8.32,957230
2020-05-26,8.5,8.59,8.38,8.43,557780
2020-05-27,8.47,8.47,8.23,8.23,862740
2020-05-28,8.19,8.35,8.14,8.29,374410
2020-05-29,8.32,8.53,8.26,8.53,580200
2020-06-01,8.62,8.68,8.53,8.59,440680
2020-06-02,8.68,8.71,8.44,8.47,613750
2020-06-03,8.47,8.71,8.41,8.56,529030
2020-06-04,8.56,8.65,8.5,8.5,444390
2020-06-05,8.53,8.62,8.44,8.56,418100
2020-06-08,8.68,8.68,8.59,8.64,455600
2020-06-09,8.68,9.24,8.62,9.12,1037760
2020-06-10,9.13,9.19,8.88,9.09,462550
2020-06-11,9.09,9.13,8.46,8.46,930830
2020-06-12,7.98,8.46,7.98,8.29,761760
2020-06-15,8.56,8.56,7.74,7.9,902970
2020-06-16,8.25,8.25,8.0,8.21,253430
2020-06-17,8.31,8.31,8.02,8.11,335240
2020-06-18,8.02,8.17,8.02,8.11,261210
2020-06-19,8.17,8.29,8.06,8.29,313520
2020-06-22,8.27,8.43,8.17,8.27,351020
2020-06-23,8.27,8.27,8.13,8.17,442380
2020-06-24,8.17,8.29,8.06,8.1,359010
2020-06-25,7.8,8.08,7.8,8.06,256200
2020-06-26,8.17,8.17,7.94,8.04,120180
2020-06-29,8.06,8.06,7.55,7.67,508270
2020-06-30,7.55,7.82,7.39,7.49,388680
2020-07-01,7.61,7.61,7.45,7.55,385590
2020-07-02,7.55,7.63,7.49,7.51,113230
2020-07-03,7.53,7.55,7.49,7.53,312050
2020-07-06,7.57,7.63,7.53,7.59,266710
2020-07-07,7.67,8.11,7.67,8.02,2470760
2020-07-08,8.02,8.41,8.02,8.21,1006020
2020-07-09,8.25,8.37,8.15,8.21,592060
2020-07-10,8.08,8.17,7.98,8.06,855940
2020-07-13,8.17,8.21,7.94,7.98,566650
2020-07-14,7.98,8.08,7.92,7.98,394660
2020-07-15,8.1,8.19,7.98,8.06,842470
2020-07-16,8.15,8.17,7.98,7.98,588350
2020-07-17,7.98,8.13,7.98,8.1,524540
2020-07-20,8.11,8.11,7.98,7.98,456880
2020-07-21,7.98,8.0,7.8,7.92,401160
2020-07-22,7.92,7.92,7.73,7.74,527510
2020-07-23,7.74,7.9,7.74,7.86,431760
2020-07-24,7.78,7.82,7.32,7.32,1383970
2020-07-27,6.81,7.14,6.81,6.81,1705620
2020-07-28,6.81,7.12,6.71,6.97,720420
2020-07-29,6.71,6.81,6.48,6.62,1074240
2020-07-30,6.62,6.89,6.62,6.69,345840
2020-07-31,7.16,7.16,7.12,7.16,1886000
2020-08-03,7.63,7.65,7.39,7.65,2606650
2020-08-04,7.78,8.06,7.74,7.78,880440
2020-08-05,7.71,8.02,7.67,7.86,1750310
2020-08-06,7.8,8.11,7.8,8.0,1882340
2020-08-07,8.1,8.11,7.96,7.98,846640
2020-08-10,8.11,8.11,7.9,7.96,1446310
2020-08-11,7.96,7.98,7.82,7.9,1173490
2020-08-12,7.9,8.08,7.9,8.02,1223580
2020-08-13,8.23,8.35,7.96,8.23,1678710
2020-08-14,8.25,8.52,8.19,8.35,2039110
2020-08-17,8.37,8.45,8.21,8.33,1060530
2020-08-18,8.25,8.37,8.23,8.31,1243930
2020-08-19,8.33,8.35,8.25,8.33,987840
2020-08-20,8.33,8.72,8.29,8.68,3374870
2020-08-21,8.76,8.99,8.68,8.91,2267860
2020-08-24,9.05,9.07,8.83,8.87,2094450
2020-08-25,8.87,8.93,8.8,8.87,2667070
2020-08-26,8.83,9.11,8.76,8.93,1885130
2020-08-27,8.93,9.09,8.91,8.95,1502060
2020-08-28,8.95,9.01,8.89,8.89,1177810
2020-08-31,8.95,8.99,8.78,8.82,1110150
2020-09-01,8.82,8.89,8.7,8.74,2024910
2020-09-03,8.8,8.85,8.58,8.62,1991180
2020-09-04,8.54,9.01,8.5,8.89,2822710
2020-09-07,8.95,8.95,8.74,8.74,1292910
2020-09-08,8.95,8.95,8.72,8.76,664150
2020-09-09,8.68,8.78,8.68,8.78,1100900
2020-09-10,8.89,9.03,8.78,8.93,3663080
2020-09-11,8.93,9.42,8.83,9.38,4911690
2020-09-14,9.5,9.54,9.42,9.44,2001860
2020-09-15,9.44,9.46,9.28,9.34,2255690
2020-09-16,9.32,9.55,9.28,9.46,2152470
2020-09-17,9.46,9.71,9.44,9.61,2763040
2020-09-18,9.63,9.65,9.52,9.57,1019810
2020-09-21,9.57,9.61,9.3,9.32,3110690
2020-09-22,9.28,9.48,9.26,9.34,2030540
2020-09-23,9.38,9.48,9.34,9.44,1452960
2020-09-24,9.4,9.5,9.34,9.48,1195140
2020-09-25,9.44,9.5,9.38,9.4,1317800
2020-09-28,9.4,9.46,9.36,9.4,983690
2020-09-29,9.44,9.71,9.4,9.44,2524220
2020-09-30,9.48,9.69,9.44,9.69,2736490
2020-10-01,9.85,9.92,9.75,9.85,1976370
2020-10-02,9.85,9.9,9.46,9.73,2985170
2020-10-05,9.73,10.04,9.69,10.02,2816750
2020-10-06,10.08,10.08,9.94,10.02,1436070
2020-10-07,9.96,10.22,9.92,10.0,2387280
2020-10-08,10.06,10.06,9.85,9.92,2620120
2020-10-09,9.9,10.0,9.89,9.94,1058990
2020-10-12,9.94,10.04,9.87,9.89,1374880
2020-10-13,9.89,9.92,9.73,9.77,1631590
2020-10-14,9.85,9.85,9.73,9.73,1024380
2020-10-15,9.73,9.83,9.38,9.38,1816090
2020-10-16,9.38,9.42,9.2,9.34,1312000
2020-10-19,9.34,9.65,9.34,9.54,827930
2020-10-20,9.54,9.65,9.46,9.57,611010
2020-10-21,9.61,9.61,9.48,9.52,687460
2020-10-22,9.5,9.5,9.42,9.48,315860
2020-10-23,9.5,9.61,9.48,9.59,645250
2020-10-26,9.59,9.9,9.59,9.69,1446180
2020-10-27,9.63,9.83,9.59,9.65,1007170
2020-10-28,9.71,9.71,9.34,9.34,952910
2020-10-29,9.22,9.4,9.03,9.13,1344750
2020-10-30,9.26,9.28,8.89,9.03,1073250
2020-11-02,8.95,8.97,8.8,8.87,1188960
2020-11-03,8.87,9.32,8.87,9.18,679590
2020-11-04,9.28,9.4,9.18,9.38,801660
2020-11-05,9.34,9.42,9.28,9.28,825520
2020-11-06,9.28,9.61,9.26,9.54,1238640
2020-11-09,9.61,9.69,9.5,9.65,937350
2020-11-10,9.77,9.83,9.61,9.63,906010
2020-11-11,9.69,9.71,9.57,9.65,1406470
2020-11-12,9.65,9.83,9.65,9.73,1427110
2020-11-13,9.77,9.81,9.71,9.77,1572640
2020-11-16,9.81,9.85,9.71,9.71,2410140
2020-11-17,9.71,9.96,9.67,9.96,2343130
2020-11-18,9.96,10.51,9.94,10.51,3477540
2020-11-19,10.55,10.61,10.39,10.57,1988860
2020-11-20,10.57,10.8,10.51,10.76,2286790
2020-11-23,10.78,10.84,10.62,10.74,1804330
2020-11-24,10.7,10.78,10.37,10.55,2141930
2020-11-25,10.55,10.62,10.39,10.43,1533420
2020-11-26,10.35,10.64,10.29,10.64,2215250
2020-11-27,10.72,11.38,10.62,11.38,3960830
2020-11-30,11.58,11.87,11.4,11.42,1987610
2020-12-01,11.29,11.97,11.17,11.87,2505610
2020-12-02,11.87,11.91,11.6,11.66,2330000
2020-12-03,11.68,12.2,11.62,12.1,1799750
2020-12-04,12.05,12.3,11.97,12.18,1305240
2020-12-07,12.18,12.36,11.97,12.06,2566100
2020-12-08,12.06,12.12,11.75,11.93,1982910
2020-12-09,11.99,12.2,11.97,12.12,2161500
2020-12-10,12.14,12.57,12.03,12.28,2606050
2020-12-11,12.28,12.34,12.1,12.28,2256630
2020-12-14,12.45,13.06,12.45,13.02,1964080
2020-12-15,13.04,13.43,12.86,13.41,2240950
2020-12-16,13.43,13.62,13.27,13.39,1244140
2020-12-17,13.23,13.35,12.96,13.0,1753830
2020-12-18,13.04,13.54,12.92,13.54,2150800
2020-12-21,13.54,13.97,13.54,13.62,1267210
2020-12-22,13.6,13.72,13.43,13.68,1332530
2020-12-23,13.8,13.89,13.43,13.58,1512020
2020-12-24,13.54,13.62,12.77,13.43,1910880
2020-12-25,13.58,13.6,13.43,13.54,1028110
2020-12-28,13.62,14.19,13.58,14.11,2857790
2020-12-29,14.05,14.61,14.01,14.58,1915690
2020-12-30,14.61,15.31,14.58,15.1,1636710
2020-12-31,15.0,15.3,14.96,15.22,1840860
2021-01-04,15.57,16.27,15.41,16.15,1698700
2021-01-05,16.15,17.28,15.88,17.26,1770900
2021-01-06,17.26,17.71,16.74,16.85,2359500
2021-01-07,16.85,17.01,16.46,16.85,1726400
2021-01-08,16.95,17.2,16.58,16.81,1321100
2021-01-11,16.95,17.09,16.58,16.7,1795000
2021-01-12,16.81,16.83,16.46,16.7,1300800
2021-01-13,16.74,16.77,16.38,16.4,1687400
2021-01-14,16.4,16.4,15.65,16.25,1926600
2021-01-15,16.46,16.85,16.46,16.7,1792800
2021-01-18,16.93,17.71,16.66,17.32,2561300
2021-01-19,17.32,17.32,16.11,16.27,1756900
2021-01-20,16.37,16.62,15.41,16.54,1603600
2021-01-21,16.85,16.85,16.35,16.83,1221800
2021-01-22,16.83,18.0,16.77,17.73,4196400
2021-01-25,18.05,18.13,17.51,17.87,1628200
2021-01-26,17.57,17.79,16.63,16.87,1773200
2021-01-27,16.51,16.71,15.7,15.7,3134000
2021-01-28,14.6,15.36,14.6,14.6,3128200
2021-01-29,13.65,15.24,13.65,15.06,1602900
2021-02-01,15.06,15.12,14.03,14.03,1570700
2021-02-02,14.03,14.9,13.73,14.9,1953400
2021-02-03,15.12,15.44,14.84,15.3,1640200
2021-02-04,15.42,15.5,15.0,15.48,1233800
2021-02-05,15.48,16.28,15.22,16.04,916400
2021-02-08,16.2,16.22,15.0,15.36,1539700
2021-02-09,15.4,15.76,14.84,15.68,1769900
2021-02-17,15.72,16.71,15.72,16.51,952500
2021-02-18,16.63,16.69,16.32,16.49,943000
2021-02-19,16.49,17.31,16.32,16.83,1742400
2021-02-22,16.79,16.89,16.57,16.71,978300
2021-02-23,16.47,16.93,16.47,16.63,1136200
2021-02-24,16.65,16.91,16.04,16.2,1526900
2021-02-25,16.2,16.49,16.12,16.3,1547700
2021-02-26,15.92,16.59,15.92,16.55,1218800
2021-03-01,16.71,16.91,16.63,16.73,2086700
2021-03-02,16.91,17.21,16.77,17.03,2610200
2021-03-03,17.19,17.71,17.19,17.63,2941100
2021-03-04,17.75,18.13,17.11,17.67,3012500
2021-03-05,17.43,17.63,16.91,17.47,1406500
2021-03-08,17.51,17.71,17.43,17.63,1678400
2021-03-09,17.51,18.86,17.11,18.78,4276000
2021-03-10,18.86,19.02,18.62,18.78,1410400
2021-03-11,18.74,18.78,18.58,18.58,1113800
2021-03-12,18.54,19.08,18.54,18.7,2050900
2021-03-15,18.7,18.94,18.58,18.64,1456000
2021-03-16,18.7,18.94,18.62,18.84,2067400
2021-03-17,18.84,18.9,18.8,18.88,1244300
2021-03-18,19.1,19.1,18.68,18.78,1564000
2021-03-19,18.7,18.96,18.7,18.94,1595300
2021-03-22,19.1,19.1,18.9,18.94,1646400
2021-03-23,18.82,18.82,18.11,18.31,1858100
2021-03-24,17.75,18.13,17.07,17.31,2640700
2021-03-25,17.31,17.43,16.32,17.19,1597900
2021-03-26,17.11,17.19,16.28,17.03,1253300
2021-03-29,17.15,17.31,17.05,17.29,868200
2021-03-30,17.31,17.31,16.95,17.15,819300
2021-03-31,17.11,17.27,16.87,17.19,1120800
2021-04-01,17.19,17.51,17.03,17.51,791900
2021-04-02,17.71,17.71,17.31,17.47,821400
2021-04-05,17.47,17.53,17.11,17.35,850700
2021-04-06,17.19,17.31,17.05,17.11,1037000
2021-04-07,17.03,17.47,17.01,17.39,612100
2021-04-08,17.47,17.49,17.31,17.31,816600
2021-04-09,17.31,17.37,17.27,17.31,675900
2021-04-12,17.35,17.87,17.35,17.63,1781000
2021-04-13,17.63,17.71,17.11,17.27,985200
2021-04-14,17.01,17.23,16.67,17.19,797000
2021-04-15,16.99,17.03,16.67,16.83,1295900
2021-04-16,16.59,16.79,15.84,16.3,1484200
2021-04-19,16.47,16.47,15.88,16.3,695500
2021-04-20,16.28,16.32,15.88,15.94,867500
2021-04-22,15.86,15.92,14.86,14.86,1749500
2021-04-23,14.86,15.68,14.72,15.32,1107800
2021-04-26,15.36,15.8,14.74,15.36,732100
2021-04-27,15.52,16.12,15.36,15.38,1026300
2021-04-28,15.38,15.66,15.36,15.52,430200
2021-04-29,15.44,15.58,15.44,15.44,352200
2021-05-04,15.04,15.88,14.76,15.6,606000
2021-05-05,15.6,16.67,15.6,16.67,1497000
2021-05-06,16.91,17.03,16.32,16.4,818500
2021-05-07,16.4,16.4,15.72,16.04,959700
2021-05-10,15.92,16.12,15.6,16.0,837700
2021-05-11,16.24,16.91,16.12,16.4,942000
2021-05-12,16.4,16.71,16.4,16.65,564800
2021-05-13,16.51,17.11,16.36,16.91,1079800
2021-05-14,16.91,17.31,16.65,17.05,1120200
2021-05-17,17.05,17.11,16.34,16.36,683700
2021-05-18,16.32,16.47,16.12,16.2,801200
2021-05-19,16.04,16.32,16.04,16.32,744400
2021-05-20,16.32,16.32,16.2,16.24,686400
2021-05-21,16.24,17.07,16.24,16.69,1274000
2021-05-24,16.75,17.71,16.75,17.57,2630600
2021-05-25,17.59,17.87,17.39,17.41,1122200
2021-05-26,17.31,17.75,17.19,17.45,1225500
2021-05-27,17.45,17.89,17.11,17.35,2845900
2021-05-28,17.51,17.73,17.11,17.65,1724600
2021-05-31,17.71,17.71,17.19,17.55,1933900
2021-06-01,17.71,18.76,17.51,18.31,3623200
2021-06-02,18.31,18.7,18.15,18.25,1760600
2021-06-03,18.27,18.62,18.23,18.46,1628800
2021-06-04,18.46,18.56,18.25,18.31,2490900
2021-06-07,18.5,18.8,17.11,18.19,2083100
2021-06-08,17.71,18.09,16.93,16.93,3155900
2021-06-09,16.71,17.45,15.96,16.81,2181000
2021-06-10,16.44,16.81,16.28,16.38,1646800
2021-06-11,16.51,16.99,16.4,16.75,1358000
2021-06-14,16.99,17.23,16.71,16.89,996100
2021-06-15,16.89,16.99,16.71,16.89,1073700
2021-06-16,16.89,16.89,16.47,16.65,942900
2021-06-17,16.55,17.31,16.42,17.27,1395200
2021-06-18,17.41,17.67,17.31,17.41,956700
2021-06-21,17.41,17.51,17.09,17.11,863300
2021-06-22,17.31,17.35,17.11,17.19,1154800
2021-06-23,17.13,17.35,16.79,16.99,1046500
2021-06-24,16.99,16.99,16.79,16.83,606800
2021-06-25,16.83,17.31,16.73,17.09,794300
2021-06-28,17.17,17.17,16.99,17.11,1139600
2021-06-29,17.19,17.71,17.01,17.27,2067900
2021-06-30,17.31,17.79,17.27,17.39,1409800
2021-07-01,17.43,17.51,17.15,17.35,1143700
2021-07-02,17.35,17.51,17.19,17.25,1122400
2021-07-05,17.23,17.27,16.75,17.27,1197100
2021-07-06,17.27,17.87,17.03,17.03,3278200
2021-07-07,17.11,17.19,16.44,17.19,1129100
2021-07-08,17.23,17.75,17.23,17.47,1927500
2021-07-09,17.47,18.42,17.31,18.23,4377200
2021-07-12,18.19,18.19,17.03,17.65,1915200
2021-07-13,17.85,18.5,17.47,18.5,2111700
2021-07-14,18.7,19.5,18.7,19.2,4190300
2021-07-15,19.1,20.02,18.84,19.58,2662800
2021-07-16,19.7,20.1,19.38,20.06,2874700
2021-07-19,19.7,20.93,19.54,19.7,4915000
2021-07-20,20.1,20.1,18.84,19.58,3426000
2021-07-21,19.5,20.53,19.4,20.53,3076200
2021-07-22,20.65,21.49,20.57,21.29,2549600
2021-07-23,21.09,21.65,20.69,20.97,2382400
2021-07-26,20.81,21.69,20.77,21.53,2713200
2021-07-27,21.57,21.65,20.93,20.93,3262000
2021-07-28,20.73,20.97,19.9,19.9,3781200
2021-07-29,19.86,21.29,19.68,21.09,4254400
2021-07-30,20.89,21.85,20.89,21.21,2317900
2021-08-02,20.69,21.25,20.49,21.01,4814300
2021-08-03,20.77,22.44,20.77,22.44,6207100
2021-08-04,22.44,22.92,22.09,22.25,1950500
2021-08-05,22.09,22.48,21.69,22.4,2251900
2021-08-06,22.32,23.4,22.25,22.76,2846100
2021-08-09,22.68,23.16,22.6,22.8,2105800
2021-08-10,22.88,23.68,22.44,23.28,2988100
2021-08-11,23.08,23.48,22.64,22.64,2188100
2021-08-12,22.64,23.44,22.36,22.8,3163800
2021-08-13,22.76,23.84,22.6,23.84,3884400
2021-08-16,24.08,24.08,23.48,23.64,1517400
2021-08-17,23.48,23.64,22.96,23.08,2506200
2021-08-18,22.92,23.56,22.92,23.28,1776100
2021-08-19,23.16,23.6,23.04,23.6,1604000
2021-08-20,23.36,23.68,21.97,21.97,5330100
2021-08-23,21.81,21.89,20.45,20.45,4727800
2021-08-24,20.41,20.89,20.1,20.49,2266200
2021-08-25,20.49,21.29,20.3,21.29,1509600
2021-08-26,21.29,21.45,20.93,21.01,1700600
2021-08-27,20.97,21.89,20.69,21.89,2565500
2021-08-30,22.01,22.25,21.65,21.97,1685400
2021-08-31,22.09,22.76,21.89,22.44,2145500
2021-09-01,22.4,22.64,22.09,22.13,1825200
2021-09-06,22.25,22.8,22.09,22.25,2368600
2021-09-07,22.25,22.64,21.49,21.61,1743500
2021-09-08,21.61,21.89,21.33,21.33,1610800
2021-09-09,21.13,21.49,21.05,21.29,1673600
2021-09-10,21.53,21.77,21.29,21.37,716700
2021-09-13,21.53,21.65,20.89,21.01,1371000
2021-09-14,21.01,21.09,20.49,20.49,1872400
2021-09-15,20.37,21.09,20.37,21.09,785600
2021-09-16,21.29,21.29,20.49,21.17,958700
2021-09-17,21.57,22.64,21.29,22.64,4029200
2021-09-20,22.96,22.96,22.09,22.13,1450300
2021-09-21,21.49,23.64,21.49,23.64,4580500
2021-09-22,23.88,23.92,23.2,23.64,1551300
2021-09-23,23.76,24.47,23.12,23.28,1617600
2021-09-24,23.24,23.6,22.96,23.12,1303100
2021-09-27,23.16,23.44,21.69,21.69,2462800
2021-09-28,21.69,22.88,21.49,22.76,1615500
2021-09-29,22.28,23.56,22.25,23.12,1064300
2021-09-30,23.28,23.48,22.44,23.08,1289100
2021-10-01,23.04,23.12,22.48,22.48,1265600
2021-10-04,22.48,23.44,22.28,23.24,2063100
2021-10-05,23.48,24.39,23.28,24.2,2408600
2021-10-06,24.23,24.75,24.0,24.39,990200
2021-10-07,24.39,24.63,24.12,24.39,1217100
2021-10-08,24.43,24.99,24.23,24.47,1351800
2021-10-11,24.47,24.83,24.04,24.08,1357700
2021-10-12,24.08,24.99,23.72,24.99,2117900
2021-10-13,25.27,26.07,25.03,25.63,1815700
2021-10-14,25.87,25.87,24.83,25.55,1373400
2021-10-15,25.47,26.11,25.27,25.59,1213900
2021-10-18,25.47,25.95,25.43,25.43,985800
2021-10-19,25.43,25.87,25.07,25.67,982200
2021-10-20,25.71,26.42,25.55,26.22,1350300
2021-10-21,26.46,26.46,25.75,26.26,1009500
2021-10-22,26.42,26.98,26.03,26.03,1604700
2021-10-25,26.03,26.7,25.47,25.47,1690400
2021-10-26,25.55,26.22,24.75,26.22,1830000
2021-10-27,26.38,26.46,25.91,26.11,1243700
2021-10-28,26.11,26.86,26.11,26.3,1450800
2021-10-29,26.34,26.66,26.22,26.26,1358700
2021-11-01,26.26,27.26,26.07,26.7,1826800
2021-11-02,26.66,27.06,26.46,26.78,1357300
2021-11-03,26.7,27.14,24.91,24.91,3025700
2021-11-04,25.07,25.47,24.27,25.47,1726400
2021-11-05,25.39,25.75,25.15,25.51,888300
2021-11-08,25.67,26.07,25.43,25.55,1715200
2021-11-09,25.55,26.07,25.43,25.59,1109700
2021-11-10,25.87,26.11,25.55,25.95,935800
2021-11-11,26.11,27.22,25.59,26.26,1662800
2021-11-12,26.3,26.78,26.22,26.26,887900
2021-11-15,26.34,26.66,25.87,26.3,1179900
2021-11-16,26.3,26.3,25.55,25.67,1215600
2021-11-17,25.83,26.07,25.55,25.75,794300
2021-11-18,25.79,27.18,25.79,26.7,1670900
2021-11-19,26.98,26.98,25.27,25.87,1102000
2021-11-22,25.91,26.07,24.67,24.79,1508300
2021-11-23,24.71,25.59,24.71,25.59,922800
2021-11-24,25.87,27.38,25.79,27.38,3329100
2021-11-25,27.54,29.25,27.54,28.57,1787600
2021-11-26,29.05,29.65,28.85,29.05,1259800
2021-11-29,28.29,29.29,28.29,29.29,1206800
2021-11-30,29.61,30.16,27.86,29.45,1351800
2021-12-01,29.05,29.25,28.41,28.57,1071400
2021-12-02,28.73,29.81,28.06,29.21,1093700
2021-12-03,29.05,29.45,28.65,28.81,733600
2021-12-06,28.81,30.04,28.57,29.45,1771200
2021-12-07,29.81,30.4,29.13,30.36,1289300
2021-12-08,30.6,31.8,30.2,30.36,1926500
2021-12-09,30.56,30.64,29.89,29.89,1286500
2021-12-10,29.41,30.64,29.13,30.24,1113800
2021-12-13,30.28,30.84,30.28,30.32,954900
2021-12-14,30.32,30.36,29.53,29.85,1090300
2021-12-15,29.53,29.81,29.21,29.45,1077200
2021-12-16,29.49,30.16,29.05,29.93,742300
2021-12-17,29.73,31.04,29.65,30.24,1028900
2021-12-20,29.93,30.16,29.45,29.45,1086900
2021-12-21,30.47,30.47,29.51,30.47,845700
2021-12-22,30.56,32.38,30.56,31.9,1073600
2021-12-23,31.85,31.9,30.85,31.66,1239600
2021-12-24,31.14,31.66,30.8,31.28,392600
2021-12-27,31.52,31.52,30.23,30.99,420200
2021-12-28,30.99,32.38,30.09,31.81,1454100
2021-12-29,32.0,32.38,31.42,31.85,604000
2021-12-30,31.76,32.0,31.18,31.76,662400
2021-12-31,31.76,31.76,31.23,31.76,447900
2022-01-04,31.76,32.19,31.28,31.76,933000
2022-01-05,32.0,32.38,31.47,32.0,1094700
2022-01-06,32.43,32.57,32.0,32.38,1265000
2022-01-07,32.47,32.47,31.76,32.0,1123800
2022-01-10,31.57,32.0,30.32,30.32,955500
2022-01-11,30.85,30.85,29.7,30.47,740300
2022-01-12,29.75,30.32,28.37,29.85,1411700
2022-01-13,30.09,30.09,28.41,29.37,655800
2022-01-14,28.41,30.09,28.41,29.85,457400
2022-01-17,29.18,30.23,28.18,28.61,724200
2022-01-18,28.18,28.27,26.65,27.22,1306200
2022-01-19,26.5,28.18,26.5,28.08,383800
2022-01-20,27.36,29.13,27.36,28.89,368200
2022-01-21,28.89,28.89,28.22,28.75,451300
2022-01-24,28.41,28.41,26.98,27.6,555100
2022-01-25,27.17,27.7,26.65,27.6,275100
2022-01-26,27.94,28.18,27.46,28.13,683200
2022-01-27,27.7,29.08,27.7,28.7,628200
2022-01-28,28.7,29.85,28.7,29.13,601300
2022-02-07,29.56,30.09,29.18,29.99,777100
2022-02-08,29.99,30.32,29.66,30.18,436600
2022-02-09,30.18,30.47,29.61,30.37,565200
2022-02-10,30.32,30.42,29.75,30.28,428900
2022-02-11,29.8,31.04,29.8,30.71,1132800
2022-02-14,30.28,31.28,30.28,30.42,1083400
2022-02-15,30.42,30.66,30.09,30.61,359000
2022-02-16,30.66,31.14,30.52,30.75,886600
2022-02-17,30.75,30.9,30.23,30.8,844200
2022-02-18,30.37,32.23,30.37,32.09,3024400
2022-02-21,32.23,33.52,32.23,33.38,2792800
2022-02-22,32.95,33.67,32.47,33.43,1232700
2022-02-23,33.43,34.05,32.9,33.43,1703700
2022-02-24,33.05,33.57,31.33,32.81,1764300
2022-02-25,33.33,34.34,33.05,33.67,1620300
2022-02-28,33.43,33.86,33.09,33.62,702100
2022-03-01,33.76,33.81,33.24,33.72,1097900
2022-03-02,33.48,33.72,33.05,33.43,1054700
2022-03-03,33.52,34.86,33.05,34.86,1923800
2022-03-04,34.86,35.15,34.38,34.77,998100
2022-03-07,34.19,34.81,34.1,34.57,1229200
2022-03-08,33.72,34.15,32.23,32.23,2371200
2022-03-09,32.04,33.14,30.8,32.9,1736100
2022-03-10,33.33,33.67,32.9,33.29,942000
2022-03-11,33.29,33.48,32.62,33.19,1100400
2022-03-14,32.81,33.43,32.52,32.86,1036700
2022-03-15,32.66,33.19,32.38,33.05,766300
2022-03-16,33.38,34.62,32.95,34.15,1826700
2022-03-17,34.29,34.82,34.19,34.44,686600
2022-03-18,34.48,35.36,34.15,35.02,1642800
2022-03-21,35.02,35.74,34.73,35.6,1936500
2022-03-22,35.7,36.23,34.73,35.36,1463500
2022-03-23,35.21,35.84,34.48,35.36,1706400
2022-03-24,35.31,35.6,34.68,35.11,1393700
2022-03-25,35.36,35.36,34.73,35.31,894600
2022-03-28,34.82,35.31,33.95,34.53,1433300
2022-03-29,34.73,34.87,34.24,34.39,1338700
2022-03-30,34.19,34.92,33.18,33.32,1663300
2022-03-31,33.23,33.9,33.18,33.9,1029700
2022-04-01,33.47,34.73,33.32,34.68,1279000
2022-04-04,34.78,35.02,34.44,34.63,1025800
2022-04-05,34.53,34.78,34.0,34.0,705500
2022-04-06,33.81,33.86,33.23,33.81,1454100
2022-04-07,33.52,33.52,32.55,32.93,1102600
2022-04-08,32.74,33.03,32.26,32.26,865700
2022-04-12,32.31,32.6,30.76,31.48,907500
2022-04-13,31.09,32.69,30.51,32.55,857200
2022-04-14,32.6,32.64,32.11,32.21,604500
2022-04-15,31.97,33.9,31.53,32.84,986800
2022-04-18,32.69,33.23,31.87,32.45,1036600
2022-04-19,32.93,33.03,32.01,32.26,506900
2022-04-20,32.26,32.26,30.03,30.03,1041400
2022-04-21,29.06,30.51,28.09,29.98,1498600
2022-04-22,29.98,30.56,27.9,29.35,1706600
2022-04-25,28.91,28.91,27.32,27.32,1003500
2022-04-26,25.43,25.96,25.43,25.96,1975000
2022-04-27,25.86,27.12,25.33,27.12,721600
2022-04-28,27.36,27.75,26.83,27.7,1238900
2022-04-29,27.32,28.33,27.12,27.9,889200
2022-05-04,27.7,27.7,26.4,26.4,456000
2022-05-05,26.59,27.27,25.19,26.54,827300
2022-05-06,25.57,26.11,24.7,24.7,1010500
2022-05-09,24.17,24.22,22.98,22.98,1667800
2022-05-10,21.38,22.42,21.38,22.33,2000700
2022-05-11,22.67,23.25,22.28,22.76,856700
2022-05-12,22.67,23.15,21.19,21.19,890900
2022-05-13,21.09,21.19,19.71,19.71,936200
2022-05-16,19.86,20.73,18.36,18.36,1112000
2022-05-17,17.58,19.64,17.58,19.64,938000
2022-05-18,20.1,21.0,19.91,21.0,1768300
2022-05-19,20.58,22.42,20.34,22.26,1299600
2022-05-20,22.23,23.1,21.84,22.57,1180000
2022-05-23,22.57,22.96,21.7,22.28,1271500
2022-05-24,21.84,22.38,21.12,22.38,847200
2022-05-25,22.47,23.73,22.28,23.47,1477500
2022-05-26,23.54,24.46,23.47,24.46,1039600
2022-05-27,24.22,24.8,24.0,24.46,903900
2022-05-30,24.65,24.75,23.59,24.46,1206900
2022-05-31,24.31,24.94,23.83,24.89,1578600
2022-06-01,24.85,24.89,23.78,24.46,1384200
2022-06-02,24.46,24.46,23.34,23.68,1642400
2022-06-03,23.49,24.02,23.3,23.47,966300
2022-06-06,23.49,24.8,22.76,24.27,2471800
2022-06-07,24.17,25.96,24.14,25.96,3975400
2022-06-08,26.35,27.03,25.96,26.64,1561200
2022-06-09,26.4,26.74,26.11,26.64,1635300
2022-06-10,26.15,27.36,25.38,25.38,2452200
2022-06-13,24.46,26.64,24.27,24.94,2254700
2022-06-14,24.94,26.49,24.89,25.91,1664000
2022-06-15,25.67,26.25,24.31,25.19,1219100
2022-06-16,25.86,26.93,25.48,26.93,3971800
2022-06-17,26.4,28.48,26.4,28.33,3337400
2022-06-20,28.09,29.01,26.64,26.98,2476900
2022-06-21,26.49,27.51,25.14,25.14,3624700
2022-06-22,24.99,25.33,23.39,25.19,3132700
2022-06-23,25.33,26.69,25.19,26.69,1807800
2022-06-24,26.64,27.27,26.15,26.54,1211000
2022-06-27,26.25,27.07,26.25,26.49,1350600
2022-06-28,26.74,27.9,26.49,27.61,2243500
2022-06-29,27.32,27.61,26.69,27.61,1395500
2022-06-30,27.66,28.24,27.36,27.36,2200200
2022-07-01,27.36,27.36,25.48,26.59,2949800
2022-07-04,26.49,26.49,24.75,24.75,2073500
2022-07-05,24.65,24.8,23.97,24.7,2540600
2022-07-06,24.82,24.93,23.89,24.06,1310800
2022-07-07,23.83,25.52,23.13,25.43,1068700
2022-07-08,25.4,25.86,24.93,25.34,1024100
2022-07-11,24.7,25.31,24.3,25.02,699700
2022-07-12,25.08,26.39,24.7,26.39,1724600
2022-07-13,26.16,26.45,25.57,25.78,406100
2022-07-14,26.04,26.24,25.28,26.04,841600
2022-07-15,26.04,26.74,25.63,26.07,1297700
2022-07-18,26.33,26.68,25.84,25.84,733100
2022-07-19,25.92,27.26,25.89,26.91,1632200
2022-07-20,27.35,27.72,27.03,27.43,1623000
2022-07-21,27.43,27.78,27.09,27.32,781400
2022-07-22,27.26,27.7,27.14,27.49,881100
2022-07-25,27.2,28.25,27.2,28.25,1509600
2022-07-26,28.25,28.71,27.96,28.25,995400
2022-07-27,27.9,28.6,27.84,28.6,833900
2022-07-28,29.0,30.57,28.63,30.11,3431200
2022-07-29,30.22,30.8,29.76,30.75,1204900
2022-08-01,30.8,31.68,29.82,30.17,2794500
2022-08-02,29.88,30.8,29.76,30.17,2674700
2022-08-03,30.17,31.39,30.05,30.8,1900800
2022-08-04,30.8,30.86,29.76,29.76,2650400
2022-08-05,29.76,30.46,29.64,30.05,1530900
2022-08-08,30.05,31.04,29.93,30.75,1774500
2022-08-09,30.75,31.04,29.99,29.99,2680300
2022-08-10,29.93,30.46,29.76,30.4,1458700
2022-08-11,30.57,30.63,29.06,29.35,1855900
2022-08-12,29.53,30.11,29.35,30.11,1246800
2022-08-15,30.22,31.68,29.99,31.68,6070500
2022-08-16,31.68,31.85,31.21,31.39,1246900
2022-08-17,31.39,31.97,31.15,31.33,1715800
2022-08-18,31.15,31.68,30.8,31.1,1770600
2022-08-19,31.33,31.62,30.28,30.8,2397900
2022-08-22,30.63,30.98,30.17,30.92,1792100
2022-08-23,30.4,31.56,30.4,31.5,2463100
2022-08-24,31.79,32.66,31.56,32.26,3276200
2022-08-25,31.97,33.07,31.85,32.43,3326000
2022-08-26,32.32,32.72,31.68,31.91,2019900
2022-08-29,30.8,31.33,30.05,31.33,3121900
2022-08-30,31.5,31.68,31.15,31.21,1533500
2022-08-31,31.1,31.91,30.51,31.68,2080700
2022-09-05,31.85,31.85,31.39,31.39,932400
2022-09-06,31.62,32.2,31.39,31.39,1799600
2022-09-07,31.21,31.39,29.53,29.82,2638700
2022-09-08,30.22,30.22,29.24,29.24,1714700
2022-09-09,29.64,30.51,29.29,30.51,1468100
2022-09-12,30.8,30.8,30.34,30.51,719642
2022-09-13,30.57,30.63,29.7,30.51,1245214
2022-09-14,29.88,30.46,29.82,30.22,1596595
2022-09-15,30.28,30.51,29.76,29.99,1709200
2022-09-16,29.82,29.99,28.54,28.54,2804418
2022-09-19,28.51,28.8,26.56,26.56,3086864
2022-09-20,26.74,27.03,25.6,26.74,2054294
2022-09-21,26.42,26.5,25.98,26.16,818290
2022-09-22,25.69,25.92,24.76,25.84,3074683
2022-09-23,26.16,26.85,25.95,26.39,1573417
2022-09-26,25.81,25.84,24.56,24.56,3454759
2022-09-27,24.56,25.17,23.98,24.3,1295577
2022-09-28,24.21,24.96,23.89,24.3,1259286
2022-09-29,24.82,24.82,23.25,23.25,1553342
2022-09-30,22.52,24.12,21.62,23.66,2692396
2022-10-03,23.37,23.39,22.03,22.03,1739317
2022-10-04,22.26,22.38,20.63,20.75,2064759
2022-10-05,21.51,22.03,21.1,21.91,1911855
2022-10-06,21.91,21.91,20.4,20.4,1943430
2022-10-07,19.35,19.76,18.98,18.98,2366798
2022-10-10,18.37,20.28,18.37,19.85,1886101
2022-10-11,20.05,20.05,18.48,18.48,1518845
2022-10-12,18.89,19.76,18.22,19.76,2140203
2022-10-13,19.76,20.52,19.7,20.34,872383
2022-10-14,20.87,20.9,20.17,20.6,2443061
2022-10-17,20.2,20.92,19.76,20.92,1135358
2022-10-18,21.16,21.48,20.63,20.66,1513782
2022-10-19,20.69,20.9,20.17,20.66,1157584
2022-10-20,20.4,20.58,19.59,19.59,1966486
2022-10-21,19.59,19.59,18.22,18.22,2047860
2022-10-24,17.76,17.96,16.97,16.97,1249830
2022-10-25,15.93,17.15,15.81,15.9,3251040
2022-10-26,15.93,16.56,14.79,14.79,2544160
2022-10-27,14.59,15.81,14.59,15.81,2409868
2022-10-28,16.04,16.91,16.04,16.91,2695364
2022-10-31,17.38,17.7,16.27,17.26,3133093
2022-11-01,17.38,17.67,16.91,17.03,1251156
2022-11-02,16.91,17.84,16.91,17.49,1859554
2022-11-03,17.15,17.7,17.15,17.7,1380701
2022-11-04,17.44,17.7,16.48,16.83,3224802
2022-11-07,16.68,16.8,15.66,15.66,1041233
2022-11-08,14.59,16.33,14.59,16.27,3514880
2022-11-09,16.56,17.0,15.81,15.98,1737138
2022-11-10,15.43,15.81,14.88,14.88,2573562
2022-11-11,15.37,15.4,14.53,15.23,2924513
2022-11-14,14.53,14.82,14.18,14.53,2759394
2022-11-15,13.78,14.3,13.51,13.51,1872076
2022-11-16,12.58,14.44,12.58,14.44,3439442
2022-11-17,14.91,15.4,14.53,15.4,1896363
2022-11-18,15.34,16.1,14.59,15.69,1504589
2022-11-21,15.75,16.51,15.66,15.81,1636989
2022-11-22,15.63,16.51,14.94,15.52,6368644
2022-11-23,15.46,15.61,14.91,15.08,1093059
2022-11-24,14.79,15.63,14.33,15.05,3036464
2022-11-25,15.4,16.1,15.17,16.1,3488382
2022-11-28,16.56,17.15,16.39,17.15,3603101
2022-11-29,17.38,17.44,16.45,17.18,4026388
2022-11-30,17.18,18.37,16.8,18.37,4537294
2022-12-01,19.01,19.41,17.44,18.25,3353721
2022-12-02,17.79,19.18,17.64,19.18,3668438
2022-12-05,19.41,19.53,18.66,19.15,3176539
2022-12-06,18.48,19.12,18.08,18.37,5255193
2022-12-07,17.9,18.28,17.38,17.61,2286027
2022-12-08,18.13,18.66,17.84,18.31,2241391
2022-12-09,18.6,18.6,17.93,18.6,1493516
2022-12-12,18.83,19.33,18.11,18.11,2799953
2022-12-13,17.96,18.57,17.47,18.57,2184934
2022-12-14,18.89,19.04,18.66,18.77,1795630
2022-12-15,18.89,19.76,18.66,19.76,2764529
2022-12-16,19.35,20.23,19.3,20.17,2229550
2022-12-19,20.17,20.2,18.98,18.98,2329217
2022-12-20,18.6,18.98,17.81,18.6,3203445
2022-12-21,18.6,18.66,17.47,18.48,1337357
2022-12-22,18.42,18.6,17.73,18.25,941080
2022-12-23,18.13,18.83,17.73,18.45,1301175
2022-12-26,18.45,18.45,17.26,17.38,1025844
2022-12-27,17.2,18.16,16.91,18.16,1039539
2022-12-28,18.02,18.16,17.81,18.02,514281
2022-12-29,17.7,18.22,17.7,17.81,398548
2022-12-30,18.02,18.25,17.67,18.25,705501
2023-01-03,18.19,19.12,17.9,19.01,1885814
2023-01-04,19.06,19.3,18.51,18.6,1080366
2023-01-05,18.51,19.41,18.51,19.18,1558993
2023-01-06,19.18,19.3,18.72,19.01,1126468
2023-01-09,19.01,19.3,18.57,18.63,789613
2023-01-10,18.6,18.66,17.93,18.22,997095
2023-01-11,18.37,18.77,18.25,18.48,651118
2023-01-12,18.72,18.72,18.37,18.37,483460
2023-01-13,18.72,19.12,18.37,18.54,966756
2023-01-16,18.51,18.66,18.02,18.25,652008
2023-01-17,18.45,19.06,18.28,19.06,1296911
2023-01-18,19.12,19.33,19.09,19.3,1240670
2023-01-19,19.33,19.79,19.27,19.62,1561114
2023-01-27,20.05,20.05,19.59,19.65,897459
2023-01-30,19.67,20.11,19.35,19.38,1885742
2023-01-31,19.24,19.88,19.24,19.88,1457600
2023-02-01,20.08,20.84,19.04,19.04,4327025
2023-02-02,19.18,19.3,18.34,18.6,1337908
2023-02-03,18.69,19.04,18.48,18.72,1162231
2023-02-06,18.6,19.06,18.48,19.06,1080729
2023-02-07,19.35,19.35,18.31,18.89,1319503
2023-02-08,18.89,18.89,18.02,18.6,909257
2023-02-09,18.66,18.72,18.25,18.25,789655
2023-02-10,18.25,18.42,17.49,17.49,1451346
2023-02-13,17.44,17.44,16.42,16.62,1438532
2023-02-14,16.86,17.18,16.62,16.97,687533
2023-02-15,16.86,17.55,16.86,17.38,786909
2023-02-16,17.38,17.73,17.38,17.73,555721
2023-02-17,17.73,18.19,17.55,17.81,584154
2023-02-20,17.84,18.54,17.81,18.51,1151663
2023-02-21,18.54,18.72,18.19,18.19,728708
2023-02-22,17.84,18.02,17.15,17.15,1176013
2023-02-23,17.26,17.29,16.62,17.26,1105619
2023-02-24,17.29,17.41,16.88,16.88,300809
2023-02-27,16.68,16.86,16.19,16.27,996190
2023-02-28,16.39,17.15,16.27,17.09,732329
2023-03-01,17.09,17.44,16.74,17.44,461810
2023-03-02,17.47,17.47,17.0,17.44,656586
2023-03-03,17.44,17.49,17.09,17.35,495638
2023-03-06,17.55,18.08,17.44,17.44,700895
2023-03-07,17.55,17.73,17.35,17.44,386720
2023-03-08,17.15,17.73,17.15,17.73,439424
2023-03-09,17.9,17.9,17.67,17.9,508122
2023-03-10,17.64,17.81,17.35,17.7,736089
2023-03-13,17.44,17.61,17.2,17.2,668150
2023-03-14,17.12,17.32,16.62,16.62,740403
2023-03-15,17.09,17.35,16.88,17.18,421347
2023-03-16,17.15,17.2,16.86,17.2,268691
2023-03-17,17.2,17.38,17.15,17.38,764526
2023-03-20,17.26,17.32,16.91,16.91,317182
2023-03-21,17.15,17.15,16.8,17.03,269038
2023-03-22,17.2,17.2,16.91,16.94,194582
2023-03-23,16.86,16.97,16.56,16.88,539893
2023-03-24,16.91,17.32,16.91,17.2,450827
2023-03-27,17.2,17.55,17.15,17.38,470455
2023-03-28,17.47,17.7,17.38,17.67,780982
2023-03-29,17.67,17.67,17.38,17.55,281418
2023-03-30,17.73,17.73,17.38,17.49,428097
2023-03-31,17.49,17.7,17.38,17.7,499781
2023-04-03,18.25,18.4,17.9,18.16,1083514
2023-04-04,18.19,18.19,17.9,18.19,710293
2023-04-05,18.19,18.98,18.19,18.74,1733977
2023-04-06,18.89,18.95,18.34,18.34,1121446
2023-04-07,18.37,18.4,18.02,18.19,560745
2023-04-10,18.42,18.54,18.02,18.13,742187
2023-04-11,18.08,18.66,17.87,18.66,1198778
2023-04-12,18.83,19.7,18.74,19.56,3776885
2023-04-13,19.59,19.7,19.18,19.27,1032361
2023-04-14,19.41,19.47,18.72,18.72,1921543
2023-04-17,18.45,18.95,18.22,18.89,896165
2023-04-18,18.89,19.01,18.54,18.6,1016655
2023-04-19,18.74,18.74,18.19,18.19,979198
2023-04-20,18.05,18.34,18.05,18.22,735245
2023-04-21,18.31,18.31,17.9,17.93,735987
2023-04-24,18.02,18.6,18.02,18.48,933349
2023-04-25,18.6,18.8,18.25,18.6,973607
2023-04-26,18.6,19.15,18.48,19.15,1596627
2023-04-27,19.18,19.65,19.09,19.12,1512955
2023-04-28,19.38,19.59,19.24,19.59,1655953
2023-05-04,19.5,20.11,19.5,19.67,1936401
2023-05-05,19.73,19.76,19.3,19.33,954404
2023-05-08,19.53,19.76,19.33,19.35,1154690
2023-05-09,19.62,19.62,19.3,19.53,878543
2023-05-10,19.73,20.43,19.59,20.05,3823153
2023-05-11,20.28,20.55,20.05,20.11,2166588
2023-05-12,20.26,20.46,20.05,20.34,1873365
2023-05-15,20.63,20.63,19.62,19.62,2175068
2023-05-16,20.02,20.05,19.76,19.85,1299716
2023-05-17,19.76,19.99,19.47,19.76,1234255
2023-05-18,19.82,19.88,19.67,19.7,879873
2023-05-19,19.65,20.23,19.65,19.88,1063941
2023-05-22,20.17,20.49,20.02,20.46,2183042
2023-05-23,20.58,20.72,20.28,20.4,1156935
2023-05-24,20.63,20.63,20.05,20.05,1199560
2023-05-25,20.05,20.05,19.79,19.85,1056630
2023-05-26,20.02,20.31,19.91,20.2,772951
2023-05-29,20.43,20.55,20.26,20.34,1138259
2023-05-30,20.52,21.21,20.31,21.21,2684845
2023-05-31,21.21,21.83,20.84,21.33,1388035
2023-06-01,21.04,21.51,20.87,21.33,1005719
2023-06-02,21.51,21.62,21.04,21.19,1065762
2023-06-05,21.21,21.36,20.69,20.87,1700199
2023-06-06,20.69,21.36,20.6,21.3,1331793
2023-06-07,21.45,21.45,20.92,21.39,1017586
2023-06-08,21.3,21.88,20.92,20.92,1551085
2023-06-09,20.98,21.8,20.98,21.8,2024926
2023-06-12,22.06,22.44,22.03,22.44,2922349
2023-06-13,22.64,22.93,22.0,22.17,1704980
2023-06-14,22.38,22.38,21.85,21.97,1073480
2023-06-15,21.94,22.06,21.56,21.91,747692
2023-06-16,21.91,22.41,21.56,21.56,1766196
2023-06-19,21.68,21.97,21.59,21.88,887215
2023-06-20,21.88,22.32,21.88,22.26,1229885
2023-06-21,22.29,22.84,22.29,22.84,1540130
2023-06-22,22.96,22.96,22.46,22.9,1083704
2023-06-23,22.9,22.9,22.17,22.52,982346
2023-06-26,22.46,22.84,22.03,22.84,1209402
2023-06-27,22.84,22.84,22.67,22.81,535699
2023-06-28,22.87,22.99,22.61,22.61,592956
2023-06-29,22.81,22.84,22.29,22.67,743450
2023-06-30,22.38,22.61,22.23,22.49,829497
2023-07-03,22.64,22.64,22.32,22.32,871284
2023-07-04,22.52,22.81,22.52,22.81,781723
2023-07-05,22.89,22.89,22.3,22.45,1641138
2023-07-06,22.45,22.6,21.54,22.09,1675097
2023-07-07,21.65,22.09,21.54,22.05,1006994
2023-07-10,22.05,22.16,21.87,21.98,1037122
2023-07-11,21.9,22.41,21.9,22.09,730207
2023-07-12,22.45,22.45,22.01,22.27,614945
2023-07-13,22.3,23.18,22.27,23.03,1780716
2023-07-14,23.03,23.18,22.74,22.99,764026
2023-07-17,23.18,23.58,23.18,23.58,1625831
2023-07-18,23.58,23.61,23.1,23.5,800572
2023-07-19,23.61,23.61,23.03,23.25,837002
2023-07-20,23.25,23.54,23.07,23.47,601455
2023-07-21,23.47,23.87,23.47,23.76,1103896
2023-07-24,24.01,24.08,23.61,23.76,818643
2023-07-25,23.76,23.87,23.25,23.61,882210
2023-07-26,23.61,23.61,23.21,23.29,863274
2023-07-27,23.29,24.08,23.29,23.83,1537431
2023-07-28,23.83,24.59,23.83,24.27,1796236
2023-07-31,24.27,24.34,23.72,24.12,2124267
2023-08-01,24.27,24.34,23.65,23.68,1215919
2023-08-02,23.68,23.83,23.54,23.58,1023402
2023-08-03,23.58,23.83,23.1,23.1,1916883
2023-08-04,23.1,23.14,22.78,23.07,2728489
2023-08-07,23.47,23.47,22.92,23.03,1266086
2023-08-08,23.18,23.39,23.1,23.25,1953500
2023-08-09,23.32,23.72,23.18,23.54,1442207
2023-08-10,23.58,23.87,22.89,23.07,2439874
2023-08-11,23.1,23.1,22.3,22.6,2240669
2023-08-14,22.6,23.03,22.56,22.92,1398387
2023-08-15,23.07,23.21,22.7,22.74,1787111
2023-08-16,22.74,22.74,22.34,22.34,2388924
2023-08-17,22.45,22.7,22.16,22.2,1260141
2023-08-18,22.16,22.34,20.67,20.67,2430306
2023-08-21,20.34,22.09,20.27,21.03,1785242
2023-08-22,21.11,21.4,20.71,21.29,1069750
2023-08-23,21.29,21.43,21.07,21.07,572805
2023-08-24,21.07,21.4,21.0,21.36,1146347
2023-08-25,21.36,21.36,20.82,20.82,2575954
2023-08-28,21.14,21.21,20.92,21.18,1144443
2023-08-29,21.18,21.72,21.18,21.36,1974267
2023-08-30,21.4,21.58,21.18,21.58,1439441
2023-08-31,21.65,22.52,21.65,22.52,2249441
2023-09-05,22.67,22.67,22.2,22.38,2481837
2023-09-06,22.23,22.52,22.01,22.16,5262607
2023-09-07,22.3,22.99,22.27,22.74,4987685
2023-09-08,22.74,23.5,22.74,23.03,4107760
2023-09-11,23.58,23.58,22.3,22.3,4201971
2023-09-12,22.34,22.89,22.23,22.85,2550604
2023-09-13,23.07,23.29,22.7,23.18,4849450
2023-09-14,23.1,23.61,22.74,23.18,4062290
2023-09-15,23.25,23.47,22.74,22.81,2927189
2023-09-18,22.85,23.03,22.05,22.38,2482005
2023-09-19,22.6,22.6,21.8,22.34,2510616
2023-09-20,22.23,22.89,22.23,22.89,2291629
2023-09-21,22.96,23.21,22.67,22.7,2943796
2023-09-22,22.3,22.34,21.21,21.32,3222916
2023-09-25,21.32,21.58,19.83,19.83,3915592
2023-09-26,19.25,20.42,19.25,19.73,2030870
2023-09-27,19.98,20.78,19.47,20.78,2064532
2023-09-28,20.56,20.78,20.12,20.56,1393591
2023-09-29,20.6,20.67,20.09,20.45,1156636
2023-10-02,20.45,20.67,20.2,20.49,759805
2023-10-03,20.2,20.34,19.54,19.54,1964162
2023-10-04,19.18,20.16,19.04,19.58,1283335
2023-10-05,19.76,20.09,19.54,19.65,1419440
2023-10-06,19.65,20.16,19.54,20.12,808041
2023-10-09,20.12,20.52,20.09,20.31,775150
2023-10-10,20.38,20.89,20.38,20.52,1261089
2023-10-11,20.52,20.67,20.16,20.49,860778
2023-10-12,20.67,20.78,20.23,20.49,1233244
2023-10-13,20.31,20.74,20.12,20.56,1158291
2023-10-16,20.56,20.6,19.98,19.98,1045404
2023-10-17,20.09,20.27,18.89,18.89,850533
2023-10-18,19.11,19.29,17.73,18.16,2047219
2023-10-19,18.24,18.42,17.73,17.98,1367092
2023-10-20,17.98,19.22,17.95,19.22,1218710
2023-10-23,19.11,19.33,18.82,18.89,695056
2023-10-24,18.78,19.25,18.74,19.25,580469
2023-10-25,19.33,19.58,19.14,19.18,759388
2023-10-26,18.74,18.74,17.91,18.49,1584191
2023-10-27,18.67,19.11,18.38,18.82,764732
2023-10-30,18.42,19.14,18.42,18.82,496172
2023-10-31,18.45,18.78,18.13,18.31,1010654
2023-11-01,18.45,18.56,17.84,18.56,611063
2023-11-02,18.74,19.62,18.67,19.54,1192913
2023-11-03,19.62,19.62,19.18,19.33,700744
2023-11-06,19.54,19.54,19.18,19.25,745283
2023-11-07,19.14,19.43,18.96,18.96,637559
2023-11-08,18.96,20.16,18.96,20.12,1446640
2023-11-09,20.12,20.52,20.02,20.2,1737218
2023-11-10,19.98,20.71,19.98,20.34,2990595
2023-11-13,20.34,20.49,19.94,20.31,1155333
2023-11-14,20.6,20.6,19.98,20.31,1183324
2023-11-15,20.71,20.71,20.2,20.45,1199730
2023-11-16,20.16,20.63,20.16,20.63,984394
2023-11-17,20.71,20.78,19.98,20.12,1645236
2023-11-20,19.69,20.23,19.62,20.2,976579
2023-11-21,20.27,20.45,20.12,20.23,739072
2023-11-22,20.23,20.6,20.16,20.49,1404427
2023-11-23,20.67,21.4,20.49,20.49,3951733
2023-11-24,20.42,20.52,19.69,20.42,1876403
2023-11-27,20.42,20.63,19.8,20.12,1149857
2023-11-28,19.94,20.12,19.54,19.98,1139731
2023-11-29,20.09,20.16,20.02,20.09,601342
2023-11-30,20.09,20.2,19.91,20.05,1080517
2023-12-01,20.05,20.05,19.58,19.87,867451
2023-12-04,19.91,20.67,19.91,20.27,1416625
2023-12-05,20.42,20.74,20.27,20.56,2223712
2023-12-06,20.56,21.29,20.45,21.29,2337367
2023-12-07,21.21,21.29,20.52,21.07,2276318
2023-12-08,20.92,21.11,20.45,20.85,1954098
2023-12-11,20.74,20.82,20.34,20.42,1096037
2023-12-12,20.6,20.63,20.38,20.63,1160899
2023-12-13,20.71,20.85,20.34,20.34,1212952
2023-12-14,20.45,20.6,19.73,20.27,1432108
2023-12-15,20.12,20.56,19.91,20.23,1285759
2023-12-18,20.23,20.31,19.91,20.2,692712
2023-12-19,19.98,20.27,19.73,20.2,677426
2023-12-20,19.98,20.27,19.98,20.16,431528
2023-12-21,20.23,20.92,20.02,20.92,1733742
2023-12-22,20.92,21.25,20.71,21.14,2010439
2023-12-25,21.0,21.25,20.92,21.25,1578656
2023-12-26,21.21,21.21,20.63,20.85,2846148
2023-12-27,20.78,20.92,20.02,20.05,4261309
2023-12-28,19.91,20.02,19.69,20.02,3559245
2023-12-29,20.2,20.2,19.94,20.05,1179068
2024-01-02,20.2,20.2,19.62,19.62,2474339
2024-01-03,19.58,19.58,19.25,19.25,3076014
2024-01-04,19.36,19.76,19.36,19.36,2137989
2024-01-05,19.47,19.76,19.4,19.54,1432525
2024-01-08,19.62,19.76,19.43,19.47,1649347
2024-01-09,19.58,19.73,19.36,19.4,1803025
2024-01-10,19.47,19.47,18.71,18.89,3852831
2024-01-11,18.89,19.07,18.56,18.6,2473846
2024-01-12,18.49,18.49,18.05,18.16,3446346
2024-01-15,18.31,18.53,17.84,17.84,2370362
2024-01-16,17.84,19.0,17.84,19.0,3207015
2024-01-17,19.07,19.07,18.64,18.64,1969164
2024-01-18,18.78,19.14,18.53,18.82,2401950
2024-01-19,18.82,19.04,18.6,18.64,1683128
2024-01-22,18.67,19.14,18.67,19.14,2281667
2024-01-23,19.14,19.14,18.82,18.89,1179756
2024-01-24,18.89,19.11,18.71,18.74,1704330
2024-01-25,18.93,18.93,18.71,18.71,663424
2024-01-26,18.74,18.82,18.64,18.71,1164178
2024-01-29,18.71,19.14,18.71,18.96,1962454
2024-01-30,18.96,19.36,18.96,19.22,1876337
2024-01-31,19.33,19.33,18.93,19.04,1819979
2024-02-01,18.93,19.22,18.89,19.07,1360692
2024-02-02,19.07,19.54,19.07,19.36,2768992
2024-02-05,19.43,19.47,19.22,19.25,1384855
2024-02-06,19.25,19.33,19.11,19.14,1667387
2024-02-07,19.25,19.69,19.25,19.47,1790495
2024-02-15,19.62,20.02,19.54,19.76,1852257
2024-02-16,19.98,19.98,19.65,19.65,1526814
2024-02-19,19.69,19.69,19.47,19.65,1841607
2024-02-20,19.83,19.83,19.4,19.43,2466756
2024-02-21,19.51,19.62,19.29,19.54,1962977
2024-02-22,19.54,19.73,19.47,19.47,1713859
2024-02-23,19.47,19.51,18.82,18.82,2960098
2024-02-26,18.89,19.0,18.71,18.96,1780933
2024-02-27,18.96,19.33,18.89,19.33,1573191
2024-02-28,19.36,19.76,19.22,19.36,1894556
2024-02-29,19.36,19.51,19.25,19.29,1701965
2024-03-01,19.43,20.63,19.25,20.63,6859646
2024-03-04,20.96,21.25,20.49,20.56,7239885
2024-03-05,20.56,21.25,20.49,21.0,4876713
2024-03-06,20.92,21.07,20.38,20.49,2457702
2024-03-07,20.52,20.74,20.38,20.63,2440294
2024-03-08,20.71,21.51,20.45,21.21,5977380
2024-03-11,21.25,21.61,20.52,20.52,3373127
2024-03-12,20.71,20.71,20.42,20.45,2667119
2024-03-13,20.63,21.25,20.52,21.21,6769740
2024-03-14,21.61,21.98,21.43,21.65,6570072
2024-03-15,21.65,22.27,21.43,21.65,6101255
2024-03-18,21.94,22.16,20.16,21.0,7785867
2024-03-19,21.07,21.65,20.92,20.96,3401675
2024-03-20,21.07,21.21,20.78,21.14,2454303
2024-03-21,21.4,21.72,21.14,21.36,3466589
2024-03-22,21.65,21.72,21.14,21.21,3140480
2024-03-25,21.25,21.54,20.82,20.92,2417043
2024-03-26,20.92,21.32,20.78,21.18,1922814
2024-03-27,21.4,22.09,21.18,21.61,4441458
2024-03-28,21.69,21.9,21.32,21.4,1792996
2024-03-29,21.61,21.65,21.25,21.25,2441226
2024-04-01,21.21,21.51,21.11,21.43,2516646
2024-04-02,21.43,21.9,21.18,21.76,3839799
2024-04-03,21.8,22.09,21.43,21.58,5659224
2024-04-04,21.58,21.61,21.07,21.43,3566165
2024-04-05,21.21,21.21,20.71,20.71,3017839
2024-04-08,20.71,20.78,20.49,20.49,1587816
2024-04-09,20.52,20.78,20.34,20.71,1751870
2024-04-10,20.82,21.14,20.74,20.74,1606422
2024-04-11,20.52,20.74,20.42,20.71,1442230
2024-04-12,20.78,20.85,20.6,20.78,1135543
2024-04-15,20.63,20.71,19.33,19.4,4025248
2024-04-16,19.43,19.47,18.6,19.25,3198242
2024-04-17,19.29,19.4,18.89,18.89,1822021
2024-04-19,18.67,18.85,18.24,18.31,2401628
2024-04-22,18.53,18.93,18.53,18.74,1014774
2024-04-23,18.82,18.93,18.56,18.56,976778
2024-04-24,18.74,19.43,18.74,19.18,1210223
2024-04-25,19.18,19.36,19.07,19.25,650702
2024-04-26,19.04,19.51,19.0,19.36,716122
2024-05-02,19.43,20.27,19.4,19.62,995618
2024-05-03,19.76,19.8,19.25,19.36,758137
2024-05-06,19.43,19.91,19.43,19.62,1200414
2024-05-07,19.65,19.8,19.47,19.54,819774
2024-05-08,19.47,20.2,19.4,19.91,2004531
2024-05-09,20.12,20.12,19.62,19.62,949601
2024-05-10,19.62,19.76,19.33,19.51,1565512
2024-05-13,19.69,19.83,19.47,19.65,974734
2024-05-14,19.76,19.83,19.58,19.65,662443
2024-05-15,19.65,20.09,19.65,19.87,1719153
2024-05-16,19.98,20.12,19.73,19.91,1737758
2024-05-17,19.98,21.29,19.98,21.29,7762147
2024-05-20,21.54,22.78,21.43,22.74,12101215
2024-05-21,22.78,23.61,22.45,23.43,7559432
2024-05-22,23.61,24.19,23.43,23.94,10356560
2024-05-23,23.94,24.88,23.68,24.56,10216374
2024-05-24,23.98,24.56,23.03,23.54,12268066
2024-05-27,23.65,24.59,23.5,23.68,5316858
2024-05-28,23.98,25.32,23.87,25.32,12016805
2024-05-29,25.83,25.83,24.34,24.7,11487571
2024-05-30,24.34,25.28,23.83,24.85,11663281
2024-05-31,25.07,25.1,24.3,24.59,5764096
2024-06-03,24.88,24.99,24.45,24.52,6153542
2024-06-04,24.63,25.54,24.56,24.67,6838695
2024-06-05,24.7,25.57,24.41,24.85,9183584
2024-06-06,24.99,25.57,24.74,25.03,7557414
2024-06-07,25.43,25.43,24.48,24.77,6684133
2024-06-10,24.81,25.76,24.77,25.21,8479292
2024-06-11,25.46,25.76,25.14,25.21,7016491
2024-06-12,25.21,25.36,24.85,25.25,5548077
2024-06-13,25.43,26.05,25.1,25.21,7295006
2024-06-14,25.25,25.25,23.58,23.58,19202602
2024-06-17,23.61,24.05,23.18,23.79,5736772
2024-06-18,23.98,24.08,23.1,23.18,6823346
2024-06-19,23.25,23.83,23.1,23.29,6512457
2024-06-20,23.54,24.23,23.14,24.19,7737033
2024-06-21,24.34,24.34,23.54,23.83,7021289
2024-06-24,24.02,24.19,22.32,22.32,6736171
2024-06-25,22.36,22.97,22.36,22.97,3658924
2024-06-26,22.97,23.58,22.56,23.25,4945412
2024-06-27,23.33,23.45,23.01,23.13,2338132
2024-06-28,23.13,23.5,22.68,22.85,5866310
2024-07-01,22.97,23.94,22.85,23.45,4681315
2024-07-02,23.66,23.78,23.45,23.7,2289087
2024-07-03,23.86,23.94,23.41,23.41,3410902
2024-07-04,23.5,23.66,23.25,23.66,3765307
2024-07-05,23.78,24.27,23.45,23.94,6649178
2024-07-08,24.1,24.88,23.98,24.83,9687527
2024-07-09,25.08,25.36,24.59,24.75,6505200
2024-07-10,24.92,26.46,24.59,25.89,12343989
2024-07-11,26.13,26.38,25.81,25.81,4211507
2024-07-12,25.97,25.97,25.2,25.48,6494393
2024-07-15,25.73,26.78,25.61,26.3,7489819
2024-07-16,26.38,26.62,25.65,25.73,4798538
2024-07-17,25.81,26.09,23.94,24.51,11328123
2024-07-18,24.51,25.73,24.39,25.73,6084565
2024-07-19,25.73,25.77,24.92,25.16,5110401
2024-07-22,24.75,25.16,23.41,23.41,10728528
2024-07-23,23.45,23.66,22.08,22.08,8424742
2024-07-24,22.08,23.05,21.91,22.81,6770439
2024-07-25,22.6,23.33,22.56,23.13,3782476
2024-07-26,23.29,23.41,22.85,23.37,3770833
2024-07-29,23.37,23.5,22.97,23.13,3124348
2024-07-30,23.13,23.74,22.72,22.97,3393979
2024-07-31,22.97,23.33,22.56,22.76,3031552
2024-08-01,22.76,22.89,21.39,21.67,7074210
2024-08-02,21.51,22.28,21.3,22.28,3224451
2024-08-05,21.34,21.99,20.74,20.74,6362899
2024-08-06,21.02,21.43,20.29,21.06,5238845
2024-08-07,21.18,21.75,20.74,21.51,3358131
2024-08-08,21.22,21.67,20.86,20.9,4454589
2024-08-09,21.1,21.43,20.9,21.39,3390983
2024-08-12,21.55,21.99,21.34,21.99,4702441
2024-08-13,21.95,22.03,21.51,21.59,3492238
2024-08-14,21.83,21.83,21.26,21.26,2460739
2024-08-15,21.34,21.71,21.3,21.3,3899595
2024-08-16,21.67,22.76,21.43,22.76,10701380
2024-08-19,22.89,23.09,22.72,22.76,3716548
2024-08-20,22.85,23.86,22.85,23.37,8216101
2024-08-21,23.37,23.5,23.01,23.09,4237061
2024-08-22,23.21,23.78,23.05,23.29,5117903
2024-08-23,23.29,23.62,22.97,23.33,3500131
2024-08-26,23.54,23.86,23.13,23.21,4820765
2024-08-27,23.21,23.37,22.72,22.93,5216429
2024-08-28,23.13,23.37,22.52,22.93,4472881
2024-08-29,22.93,23.13,22.85,22.85,1576511
2024-08-30,22.89,23.09,22.76,22.89,1977247
2024-09-04,22.64,22.97,22.56,22.93,3629912
2024-09-05,23.05,23.25,22.6,22.64,2903105
2024-09-06,22.64,23.33,22.6,23.33,5698567
2024-09-09,23.29,23.7,23.21,23.21,4996888
2024-09-10,23.37,23.37,22.72,22.81,4437378
2024-09-11,22.81,22.89,22.2,22.52,5357136
2024-09-12,22.68,22.93,22.48,22.48,1684645
2024-09-13,22.64,22.76,22.36,22.4,2236738
2024-09-16,22.4,22.72,22.32,22.36,2227840
2024-09-17,22.28,22.89,22.12,22.89,3586913
2024-09-18,22.97,23.05,22.68,22.72,3047841
2024-09-19,22.72,23.37,22.72,23.33,3864798
2024-09-20,23.54,23.62,23.17,23.29,4099189
2024-09-23,23.29,23.45,22.97,22.97,2658613
2024-09-24,23.13,23.37,22.97,23.37,2731428
2024-09-25,23.54,23.94,23.33,23.74,8447602
2024-09-26,23.78,23.82,23.37,23.41,3894271
2024-09-27,23.41,23.94,22.89,22.89,5828689
2024-09-30,22.89,23.01,22.48,22.68,6522771
2024-10-01,22.81,23.13,22.72,22.89,3760690
2024-10-02,22.72,23.05,22.68,22.68,2889606
2024-10-03,22.72,22.81,22.16,22.16,5284835
2024-10-04,22.16,22.6,22.16,22.2,3301062
2024-10-07,22.56,22.56,22.16,22.24,1676259
2024-10-08,22.24,22.6,22.24,22.44,1936822
2024-10-09,22.6,22.6,22.44,22.6,1842389
2024-10-10,22.68,22.72,22.32,22.36,1616878
2024-10-11,22.52,22.68,22.32,22.64,1595833
2024-10-14,22.89,22.89,22.48,22.48,1328005
2024-10-15,22.64,22.76,22.32,22.36,2627975
2024-10-16,22.36,22.52,22.28,22.36,1084607
2024-10-17,22.44,22.85,22.08,22.68,2622902
2024-10-18,22.72,22.76,22.32,22.32,1941868
2024-10-21,22.32,22.4,21.71,21.71,2924488
2024-10-22,21.63,22.08,21.39,21.55,3183814
2024-10-23,21.63,21.95,21.39,21.87,1790765
2024-10-24,21.79,21.99,21.51,21.63,1822868
2024-10-25,21.63,21.83,21.55,21.59,1560376
2024-10-28,21.83,21.83,21.59,21.67,818724
2024-10-29,21.79,21.83,21.51,21.55,1299198
2024-10-30,21.59,21.79,21.43,21.63,1538734
2024-10-31,21.63,21.79,21.59,21.63,905298
2024-11-01,21.71,22.36,21.71,22.16,5093703
2024-11-04,22.16,22.48,21.99,22.28,2388574
2024-11-05,22.28,22.6,22.28,22.44,2420710
2024-11-06,22.48,22.56,22.36,22.56,2204230
2024-11-07,22.56,23.05,22.56,22.89,4619878
2024-11-08,22.97,23.05,22.76,22.81,3290211
2024-11-11,22.81,23.29,22.72,23.09,4241530
2024-11-12,23.09,23.21,22.64,22.72,3311080
2024-11-13,22.68,23.37,22.64,23.37,5590056
2024-11-14,23.41,23.41,22.52,22.6,3435029
2024-11-15,22.4,22.68,22.08,22.16,4497991
2024-11-18,22.32,22.52,21.91,22.28,2399816
2024-11-19,22.32,22.44,22.08,22.08,2070484
2024-11-20,22.08,23.29,22.08,22.76,5074387
2024-11-21,22.93,23.13,22.76,22.93,1983935
2024-11-22,22.97,23.01,22.6,22.93,2366032
2024-11-25,23.13,23.78,23.05,23.17,9895558
2024-11-26,23.33,23.54,23.09,23.17,2961415
2024-11-27,23.17,23.7,23.01,23.7,4305897
2024-11-28,23.82,23.86,23.37,23.45,3350563
2024-11-29,23.5,23.82,23.29,23.29,4052929
2024-12-02,23.5,23.54,23.21,23.21,1908849
2024-12-03,23.17,23.66,23.13,23.25,3701096
2024-12-04,23.29,23.7,23.21,23.41,3720715
2024-12-05,23.41,24.71,23.41,24.71,12107710
2024-12-06,24.83,24.83,24.43,24.51,4259071
2024-12-09,24.59,25.48,24.55,25.2,6818357
2024-12-10,25.2,25.32,24.75,24.88,4528206
2024-12-11,24.92,25.12,24.75,25.04,3035133
2024-12-12,25.04,25.08,24.55,24.67,3914520
2024-12-13,24.47,24.92,24.47,24.59,3205057
2024-12-16,24.59,24.83,24.27,24.51,2450112
2024-12-17,24.71,24.92,24.47,24.59,2024545
2024-12-18,24.59,25.08,24.59,24.75,2920603
2024-12-19,24.43,24.71,24.06,24.47,4946204
2024-12-20,24.55,25.0,24.47,24.51,3621651
2024-12-23,24.67,25.28,24.63,25.0,4729189
2024-12-24,25.0,25.0,24.27,24.35,8351306
2024-12-25,24.43,24.59,24.19,24.27,4008103
2024-12-26,24.31,24.59,24.19,24.19,3041258
2024-12-27,24.43,24.43,23.58,23.58,5977760
2024-12-30,23.62,23.82,23.5,23.54,2283212
2024-12-31,23.58,23.7,23.13,23.13,2296926
2025-01-02,23.25,23.7,23.25,23.58,1992308
2025-01-03,23.58,23.58,23.25,23.25,2141893
2025-01-06,23.25,23.33,22.24,22.44,4986713
2025-01-07,22.44,22.68,22.32,22.36,2576336
2025-01-08,22.36,22.81,22.36,22.64,1744816
2025-01-09,22.56,22.76,22.4,22.4,1419592
2025-01-10,22.4,22.6,21.87,21.87,2333279
2025-01-13,21.83,22.28,21.67,22.16,1711433
2025-01-14,22.2,22.32,21.91,21.91,956388
2025-01-15,22.24,22.28,21.99,22.28,1034974
2025-01-16,22.44,22.44,21.95,21.99,1737684
2025-01-17,22.03,22.56,21.99,22.4,2024150
2025-01-20,22.28,22.52,22.24,22.32,1014102
2025-01-21,22.4,22.48,21.99,22.03,1893992
2025-01-22,22.12,22.2,21.43,21.43,4444923
2025-01-23,21.47,21.79,21.43,21.75,1454719
2025-01-24,21.75,21.83,21.55,21.55,1221962
2025-02-03,21.59,21.83,21.47,21.67,1437040
2025-02-04,21.79,22.2,21.75,22.12,2378924
2025-02-05,22.2,22.52,22.16,22.16,2247614
2025-02-06,22.24,22.32,22.03,22.24,1473047
2025-02-07,22.28,22.48,22.16,22.16,1687570
2025-02-10,22.16,22.16,21.67,21.67,2908107
2025-02-11,21.71,21.87,21.55,21.83,1344341
2025-02-12,21.91,22.03,21.71,21.71,1764090
2025-02-13,21.79,22.03,21.71,21.91,2204372
2025-02-14,22.08,22.52,22.08,22.36,3038768
2025-02-17,22.52,22.81,22.36,22.48,2975994
2025-02-18,22.52,22.72,22.28,22.28,1919008
2025-02-19,22.28,22.85,22.28,22.6,2557681
2025-02-20,22.68,22.89,22.56,22.6,2298112
2025-02-21,22.6,22.6,22.36,22.48,1418476
2025-02-24,22.32,22.81,22.28,22.72,2093903
2025-02-25,22.89,23.05,22.56,22.68,2359304
2025-02-26,22.76,23.01,22.64,22.64,2068522
2025-02-27,22.68,23.01,22.6,22.97,2703813
2025-02-28,23.09,23.29,22.76,22.85,2048280
2025-03-03,22.97,23.21,22.81,22.81,3241986
2025-03-04,22.76,23.09,22.56,22.6,3886410
2025-03-05,22.64,22.68,22.28,22.28,3183059
2025-03-06,22.48,22.48,22.12,22.48,2619267
2025-03-07,22.56,22.85,22.44,22.48,2308986
2025-03-10,22.76,22.76,22.4,22.48,2288846
2025-03-11,22.28,22.36,22.2,22.32,2882304
2025-03-12,22.4,22.89,22.32,22.68,3224403
2025-03-13,22.76,23.37,22.56,22.68,6965863
2025-03-14,22.72,23.05,22.48,22.48,2348873
2025-03-17,22.72,22.93,22.36,22.56,4029150
2025-03-18,22.64,23.21,22.64,22.72,4425053
2025-03-19,22.72,22.93,22.48,22.52,2180325
2025-03-20,22.52,22.64,22.2,22.24,2689044
2025-03-21,22.2,22.32,21.95,21.99,2896354
2025-03-24,21.99,22.08,21.71,21.79,2382567
2025-03-25,21.75,22.03,21.75,21.83,1719797
2025-03-26,21.83,21.95,21.71,21.87,1431037
2025-03-27,21.87,21.91,21.75,21.75,780407
2025-03-28,21.83,21.87,21.39,21.39,2106167
2025-03-31,21.39,21.75,21.1,21.39,2184366
2025-04-01,21.67,21.67,21.47,21.51,877126
2025-04-02,21.34,21.75,21.22,21.26,2492932
2025-04-03,19.88,20.29,19.8,19.8,3151821
2025-04-04,18.42,18.67,18.42,18.42,6189123
2025-04-08,17.9,18.1,17.17,17.17,2227809
2025-04-09,15.99,16.64,15.99,15.99,5875822
2025-04-10,17.08,17.08,17.08,17.08,2098544
2025-04-11,17.57,17.85,16.76,17.85,4255163
2025-04-14,18.22,19.07,17.85,19.07,3301228
2025-04-15,18.99,19.36,18.34,18.5,2018187
2025-04-16,18.22,18.91,18.02,18.02,1660500
2025-04-17,17.9,18.59,17.9,18.54,1345740
2025-04-18,18.83,18.99,18.63,18.75,1646201
2025-04-21,18.59,18.91,18.22,18.26,1607525
2025-04-22,17.94,18.26,17.0,18.26,4364690
2025-04-23,18.54,18.91,18.22,18.67,1548151
2025-04-24,18.67,18.87,18.46,18.67,1356087
2025-04-25,18.63,19.32,18.63,18.87,2131139
2025-04-28,19.07,19.07,18.67,18.83,976721
2025-04-29,18.95,19.07,18.67,18.99,1648288
2025-05-05,19.07,19.36,18.87,19.28,2143660
2025-05-06,19.32,19.84,19.32,19.36,2227613
2025-05-07,19.4,19.88,19.4,19.88,3432110
2025-05-08,20.01,20.13,19.6,19.8,1434135
2025-05-09,20.01,20.01,19.44,19.6,2205254
2025-05-12,19.68,19.88,19.56,19.64,1588038
2025-05-13,19.72,20.13,19.64,19.97,2721543
2025-05-14,19.88,20.09,19.76,20.05,1908061
2025-05-15,20.09,20.45,20.01,20.13,2782838
2025-05-16,20.13,20.29,19.92,20.01,2217064
2025-05-19,20.01,20.25,19.84,19.97,1497365
2025-05-20,19.97,20.13,19.88,19.88,2222789
2025-05-21,19.92,20.61,19.92,20.53,3759996
2025-05-22,20.78,21.87,20.61,21.02,6594673
2025-05-23,21.51,21.59,21.1,21.39,2321992
2025-05-26,21.39,21.67,20.7,21.26,3496109
2025-05-27,21.51,22.24,21.51,21.83,4638493
2025-05-28,21.95,22.16,21.51,21.79,2676881
2025-05-29,21.79,21.99,21.47,21.87,3278221
2025-05-30,21.87,21.87,21.1,21.26,4565280
2025-06-02,21.14,22.03,21.14,21.63,3868341
2025-06-03,21.87,21.91,21.67,21.75,2038294
2025-06-04,21.71,22.28,21.63,21.71,3225733
2025-06-05,21.63,21.91,21.34,21.91,2729581
2025-06-06,21.99,22.52,21.91,21.91,4845880
2025-06-09,21.91,21.91,21.39,21.47,2335883
2025-06-10,21.51,21.79,21.43,21.55,1894252
2025-06-11,21.55,21.79,21.39,21.79,3610933
2025-06-12,21.83,21.95,21.63,21.79,3299651
2025-06-13,21.78,22.18,21.2,21.78,3967739
2025-06-16,21.51,21.87,21.47,21.87,2684624
2025-06-17,22.05,23.12,22.05,22.41,6446303
2025-06-18,22.41,22.68,22.18,22.18,2169546
2025-06-19,22.14,22.27,21.74,22.18,3822961
2025-06-20,22.5,23.57,22.45,23.17,8337033
2025-06-23,22.76,23.12,22.59,22.94,3795288
2025-06-24,23.21,23.97,23.08,23.39,8447802
2025-06-25,23.39,23.52,23.08,23.08,2928307
2025-06-26,23.08,23.17,22.59,22.81,3892025
2025-06-27,22.85,22.99,22.45,22.45,3824667
2025-06-30,22.5,22.76,22.36,22.63,3897191
2025-07-01,22.72,22.9,22.32,22.36,4467422
2025-07-02,22.36,23.03,22.36,22.76,4157449
2025-07-03,22.72,22.9,22.41,22.59,3448915
2025-07-04,22.68,23.12,22.59,22.63,3373748
2025-07-07,22.81,23.12,22.72,22.85,3046888
2025-07-08,22.99,23.3,22.81,23.03,3753671
2025-07-09,23.3,23.3,22.9,22.94,5446241
2025-07-10,22.99,23.17,22.68,22.85,4339075
2025-07-11,22.85,22.94,22.41,22.5,6103964
2025-07-14,22.41,23.03,22.14,22.94,7400344
2025-07-15,22.94,23.52,22.94,22.99,6276982
2025-07-16,23.17,24.46,23.03,23.61,7532003
2025-07-17,23.93,25.26,23.66,25.18,16772514
2025-07-18,25.49,25.98,24.55,24.77,6361993
2025-07-21,24.82,25.13,23.79,23.79,12024556
2025-07-22,23.7,24.42,23.35,24.37,6780379
2025-07-23,24.77,25.35,24.19,25.09,10436574
2025-07-24,25.35,25.35,24.77,25.04,5673583
2025-07-25,25.18,25.71,24.68,25.0,7772756
2025-07-28,25.35,26.34,25.22,25.89,8862006
2025-07-29,26.11,26.11,24.1,24.1,9665279
2025-07-30,24.1,24.42,23.39,23.97,6750251
2025-07-31,23.75,23.88,22.81,23.35,10445669
2025-08-01,23.3,23.84,23.26,23.3,4941023
2025-08-04,23.3,23.88,23.3,23.61,5085428
2025-08-05,23.84,24.51,23.12,23.57,9817072
2025-08-06,23.75,24.42,23.57,24.06,4169859
2025-08-07,24.51,24.91,24.19,24.86,7285934
2025-08-08,25.04,25.35,24.37,25.0,7910548
2025-08-11,25.35,26.11,25.18,25.22,7411344
2025-08-12,25.31,25.84,24.64,25.71,8687978
2025-08-13,26.16,27.5,26.02,27.5,13857864
2025-08-14,29.42,29.42,29.15,29.42,6577963
2025-08-15,29.86,29.86,27.5,28.34,15787455
2025-08-18,28.43,30.31,27.85,30.31,13325359
2025-08-19,30.4,31.29,29.68,29.68,8405773
2025-08-20,29.73,29.73,27.63,27.72,15894020
2025-08-21,27.94,28.66,27.59,27.81,6261616
2025-08-22,27.23,29.01,27.18,28.34,10951852
2025-08-25,28.57,28.79,26.47,26.47,7592485
2025-08-26,26.51,28.12,26.47,28.08,5092483
2025-08-27,28.39,29.1,27.76,28.08,6985397
2025-08-28,28.12,28.57,27.72,28.57,4191775
2025-08-29,28.66,29.06,28.21,28.43,4714239
2025-09-03,28.12,29.64,28.12,29.42,4725441
2025-09-04,29.46,30.26,29.1,29.15,4845143
2025-09-05,29.24,29.82,27.85,27.85,7865449
2025-09-08,27.72,27.99,26.07,26.07,7904030
2025-09-09,26.47,27.32,25.89,27.32,5856769
2025-09-10,27.45,27.5,26.6,26.69,3578722
2025-09-11,26.6,28.12,26.56,28.12,6805182
2025-09-12,28.26,28.7,27.9,28.3,2725130
2025-09-15,28.52,28.57,27.99,28.57,2907146
2025-09-16,28.92,28.97,27.85,27.85,3394101
2025-09-17,27.81,28.3,27.32,27.32,2365599
2025-09-18,27.32,28.61,27.23,28.08,4328186
2025-09-19,28.48,28.79,28.26,28.3,4549887
2025-09-22,28.43,30.0,28.34,28.75,10604547
2025-09-23,28.79,29.01,26.78,27.81,3316801
2025-09-24,27.81,29.01,27.67,29.01,3811298
2025-09-25,29.1,29.64,28.66,28.88,4797791
2025-09-26,28.88,30.89,28.79,30.35,17394702
2025-09-29,30.35,30.62,29.28,29.42,4338330
2025-09-30,29.46,29.59,27.54,28.84,9269309
2025-10-01,28.88,28.97,28.39,28.7,2561246
2025-10-02,28.57,28.75,27.45,27.45,4123416
2025-10-03,27.14,27.41,26.6,26.78,4464402
2025-10-06,27.09,28.66,27.09,28.66,4571319
2025-10-07,28.52,28.66,27.99,28.12,1709679
2025-10-08,28.66,29.01,27.59,28.92,4805159
2025-10-09,29.28,29.42,28.79,29.33,2614267
2025-10-10,29.46,29.86,28.84,29.1,3191362
2025-10-13,28.57,30.67,28.48,30.67,8725131
2025-10-14,31.16,31.16,29.68,29.82,6388707
2025-10-15,29.46,31.87,29.24,31.87,8671624
2025-10-16,31.87,32.5,31.16,31.87,7022702
2025-10-17,32.23,32.32,30.84,30.84,6391477
2025-10-20,30.35,30.89,28.7,28.7,8970250
2025-10-21,28.57,28.61,27.14,27.67,7620094
2025-10-22,28.12,28.61,27.09,28.34,3925695
2025-10-23,28.03,28.57,27.81,28.21,2177803
2025-10-24,28.03,28.39,27.54,28.34,2562230
2025-10-27,28.52,28.57,26.96,26.96,3170711
2025-10-28,26.74,27.85,26.38,27.41,2839468
2025-10-29,27.59,27.94,27.5,27.59,1485049
2025-10-30,27.9,28.26,27.5,27.67,2257464
2025-10-31,27.76,28.03,27.23,27.5,1805687
2025-11-03,27.94,27.94,26.6,26.6,3197676
2025-11-04,26.2,28.39,26.02,28.21,4343244
2025-11-05,27.85,28.21,27.59,27.59,1167734
2025-11-06,27.63,28.34,27.59,28.03,2903668
2025-11-07,27.76,28.03,26.78,26.96,2494205
2025-11-10,27.14,27.45,26.65,26.96,1372500
2025-11-11,27.01,27.45,27.01,27.27,1513121
2025-11-12,27.54,28.39,27.32,28.17,2702362
2025-11-13,28.21,28.52,27.9,27.9,2035961
2025-11-14,27.85,29.46,27.85,29.19,4890093
2025-11-17,29.42,30.04,29.19,30.0,4353477
2025-11-18,30.17,30.17,29.28,29.28,3442935
2025-11-19,29.1,29.68,28.57,28.57,3822521
2025-11-20,28.43,28.92,27.85,28.92,2507384
2025-11-21,28.75,28.88,28.21,28.84,1726613
2025-11-24,29.1,29.59,28.88,29.28,3543919
2025-11-25,28.92,29.37,28.21,28.39,2457658
2025-11-26,28.39,29.15,28.39,29.01,1773734
2025-11-27,29.1,29.24,28.57,28.75,1352245
2025-11-28,28.75,28.88,28.21,28.34,1986729
2025-12-01,28.34,28.57,27.85,27.85,1502005
2025-12-02,27.85,28.08,27.01,27.76,2416166
2025-12-03,27.85,28.12,27.63,28.12,1421632
2025-12-04,28.3,28.61,28.12,28.48,1729190
2025-12-05,28.48,28.48,27.81,27.81,1621529
2025-12-08,27.76,27.9,27.14,27.14,2224241
2025-12-09,27.14,27.81,26.29,27.54,3031795
2025-12-10,27.36,27.54,26.78,27.14,865417
2025-12-11,27.23,27.32,26.78,26.96,1011693
2025-12-12,26.96,27.05,25.09,25.09,2721960
2025-12-15,25.09,25.31,24.64,25.09,1668996
2025-12-16,24.82,26.02,23.66,25.98,4147989
2025-12-17,25.98,25.98,25.44,25.71,814486
2025-12-18,25.35,25.67,25.09,25.35,1111617
2025-12-19,25.67,25.84,25.18,25.18,1446287
2025-12-22,25.53,25.8,25.35,25.71,2056022
2025-12-23,25.89,26.07,25.4,25.4,1576065
2025-12-24,25.4,25.62,25.09,25.58,1219751
2025-12-25,25.58,25.8,25.0,25.0,2402905
2025-12-26,24.95,25.0,24.1,24.64,1902955
2025-12-29,24.82,24.82,24.1,24.77,1773676
2025-12-30,24.46,24.73,24.15,24.64,2216848
2025-12-31,24.64,24.64,24.33,24.37,1158916
2026-01-05,24.42,24.59,23.21,23.3,3300973
2026-01-06,23.48,23.66,22.9,23.21,3641041
2026-01-07,23.3,24.06,23.3,23.93,2828026
2026-01-08,24.19,24.19,23.48,23.48,2947243
2026-01-09,23.57,24.01,23.21,23.48,5294207
2026-01-12,23.26,24.19,22.94,23.97,3950223
2026-01-13,24.51,24.51,23.75,24.1,2931296
2026-01-14,24.1,24.42,23.48,23.66,3997133
2026-01-15,23.66,24.1,23.39,23.75,2808660
2026-01-16,23.79,23.97,23.35,23.43,2276608
2026-01-19,23.66,23.75,23.43,23.43,1845541
2026-01-20,23.52,23.79,23.39,23.61,2186820
2026-01-21,23.57,23.61,23.03,23.12,2670411
2026-01-22,23.17,24.46,23.17,24.06,3596420
2026-01-23,24.06,24.33,23.48,23.48,1598545
2026-01-26,23.48,23.48,22.36,22.5,2730900
2026-01-27,22.5,23.26,22.27,22.99,2309240
2026-01-28,22.68,23.48,22.68,23.12,1877683
2026-01-29,23.48,23.57,23.26,23.57,1090646
2026-01-30,23.7,24.73,23.7,24.51,5365124
2026-02-02,24.46,24.86,24.1,24.68,2342143
2026-02-03,24.91,24.91,24.1,24.68,2471957
2026-02-04,24.68,24.68,24.15,24.51,1758023
2026-02-05,24.51,24.77,24.19,24.19,1538751
2026-02-06,24.1,24.1,23.26,23.3,2439951
2026-02-09,23.39,23.48,23.12,23.39,1124637
2026-02-10,23.43,23.48,22.94,23.21,1430902
2026-02-11,23.26,24.01,23.17,23.93,1771427
2026-02-12,24.06,24.06,23.75,23.93,550574
2026-02-13,23.88,23.97,23.75,23.88,812083
2026-02-23,23.88,24.06,23.7,24.01,1091147
2026-02-24,24.01,24.46,23.93,24.46,1732381
2026-02-25,24.55,24.59,23.93,24.01,1148765
2026-02-26,24.1,24.64,23.84,24.64,2967406
2026-02-27,24.64,24.64,24.19,24.37,2238494
2026-03-02,23.57,25.4,23.57,25.0,6563779
2026-03-03,25.31,25.4,24.01,24.42,2938939
2026-03-04,24.42,25.67,24.42,25.62,7002927
2026-03-05,25.71,25.76,25.0,25.26,2274296
2026-03-06,24.82,25.04,24.42,24.86,2217290
2026-03-09,23.17,24.1,23.17,23.17,1472509
2026-03-10,23.39,23.61,22.85,23.21,2824377
2026-03-11,23.39,24.82,23.39,24.82,2131239
2026-03-12,24.91,26.18,24.59,25.64,4573245
2026-03-13,25.91,26.32,25.68,25.86,3481050
2026-03-16,25.73,26.36,25.05,26.0,2786496
2026-03-17,26.05,26.18,25.18,25.86,2155073
2026-03-18,25.91,25.91,25.0,25.18,2301311
2026-03-19,24.91,26.36,24.82,26.0,4238698
2026-03-20,26.0,27.23,25.91,26.5,7104811
2026-03-23,25.91,26.64,25.05,25.64,3957657
2026-03-24,26.0,27.27,25.91,27.14,5853761
2026-03-25,27.27,28.18,26.82,27.82,5714559
2026-03-26,27.82,28.09,26.91,26.91,3523848
2026-03-27,26.91,27.5,26.91,27.09,2726939
2026-03-30,26.41,27.45,26.41,26.64,3036978
2026-03-31,27.0,27.09,26.45,26.91,2634581
2026-04-01,27.27,27.41,26.36,26.36,2726343
2026-04-02,26.27,27.09,26.14,26.91,3287172
2026-04-03,26.82,27.09,26.36,26.36,1896505
2026-04-06,26.18,26.5,24.91,25.09,3736547
2026-04-07,25.09,25.41,24.41,25.27,2568366
2026-04-08,25.91,26.27,25.36,26.14,1980482
2026-04-09,26.09,26.27,25.41,25.73,2941943
2026-04-10,25.82,25.95,25.32,25.45,2784806
2026-04-13,25.82,26.09,25.64,25.68,1843530
2026-04-14,25.95,26.27,25.77,26.05,2507893
2026-04-15,26.23,26.5,25.73,25.82,2506454
2026-04-16,25.77,25.82,25.14,25.36,2358882
2026-04-17,25.41,25.59,25.27,25.36,1218094
2026-04-20,25.36,25.86,25.32,25.73,1438095
2026-04-21,25.73,25.82,25.32,25.41,1545169
2026-04-22,25.32,25.45,25.05,25.18,1183425
2026-04-23,25.18,25.36,23.68,24.23,4677635
2026-04-24,24.23,24.32,23.91,24.18,1892963
2026-04-28,24.18,24.27,23.23,23.23,2502918
2026-04-29,23.73,23.73,23.23,23.55,1795547
2026-05-04,23.55,23.91,23.5,23.5,1171997
2026-05-05,23.5,23.64,22.64,23.27,3168157
2026-05-06,23.27,23.41,22.91,23.27,1661870
2026-05-07,23.55,23.64,23.05,23.23,1844867
2026-05-08,23.27,23.27,22.73,22.82,2620606
2026-05-11,22.82,22.91,22.55,22.59,1170576
2026-05-12,22.59,22.91,22.59,22.82,721346
2026-05-13,22.91,22.91,22.55,22.64,1221890
2026-05-14,22.59,22.73,22.45,22.5,1587314
2026-05-15,22.5,22.68,22.5,22.5,969710
2026-05-18,22.45,22.5,22.18,22.23,1644895
2026-05-19,22.45,22.59,22.14,22.18,1134286
2026-05-20,22.27,22.36,20.64,21.55,3238328
2026-05-21,21.59,21.68,21.23,21.36,1348669
2026-05-22,21.45,21.45,20.95,21.05,2598531
2026-05-25,21.45,21.68,21.09,21.23,1343723
2026-05-26,21.18,21.68,21.09,21.36,1100946
2026-05-27,21.36,22.0,21.36,21.86,2168936
2026-05-28,21.95,21.95,21.55,21.64,868512
2026-05-29,21.45,21.55,21.23,21.27,1128965
2026-06-01,21.27,21.32,21.05,21.27,733729
2026-06-02,21.09,21.23,20.91,20.91,1385711
2026-06-03,20.86,21.45,20.77,21.09,1240424
2026-06-04,21.09,21.27,20.73,20.91,1937561
2026-06-05,20.86,21.14,20.86,21.09,1212859
2026-06-08,21.1,21.25,20.8,20.8,771138
2026-06-09,20.95,20.95,20.7,20.75,516174
2026-06-10,20.75,21.2,20.75,21.05,795911
2026-06-11,20.9,21.4,20.85,21.3,769419
2026-06-12,21.3,21.4,21.1,21.15,483987
2026-06-15,21.45,21.45,21.15,21.2,773914
2026-06-16,21.35,21.45,21.1,21.4,1121112
2026-06-17,21.6,21.9,21.4,21.4,1226884
2026-06-18,21.6,21.6,21.1,21.1,1814747
2026-06-19,21.3,21.4,20.8,20.8,2037500
2026-06-22,21.1,21.8,20.8,21.55,2154100
2026-06-23,21.6,21.85,21.05,21.05,3203700
2026-06-24,21.2,21.25,20.85,20.9,1040900
2026-06-25,20.95,21.05,20.7,20.95,847400
2026-06-26,20.95,21.0,20.55,20.55,1443300
2026-06-29,20.8,20.85,20.55,20.8,627700
2026-06-30,20.65,20.9,20.6,20.8,1080600
2026-07-01,20.8,20.85,20.65,20.8,838300
2026-07-02,20.75,20.85,20.7,20.7,668500
2026-07-03,20.75,20.75,19.5,20.0,3652600
2026-07-06,20.05,20.2,18.6,18.6,7070200
2026-07-07,18.0,18.7,18.0,18.7,5041800
2026-07-08,18.7,19.1,18.7,19.0,2155900
2026-07-09,18.75,19.0,18.75,18.85,1717900
2026-07-10,18.9,19.05,18.85,18.9,1265900
2026-07-13,18.9,19.2,18.7,18.9,1767200
2026-07-14,18.75,19.35,18.75,19.15,1249900
2026-07-15,19.2,19.2,19.0,19.0,1411900
2026-07-16,18.9,19.0,17.75,18.3,2465900
2026-07-17,18.1,18.3,17.8,17.8,954800
2026-07-20,17.8,17.8,16.7,16.8,2254600
2026-07-21,16.5,16.95,16.5,16.55,1162700
2026-07-22,16.55,16.8,16.2,16.4,2389100
2026-07-23,16.4,16.85,16.0,16.4,2011700
2026-07-24,16.4,16.5,16.25,16.3,537500
2026-07-27,16.5,16.65,15.5,15.5,1610500
2026-07-28,15.2,16.2,15.2,16.1,1315800
2026-07-29,16.15,16.25,15.8,16.0,2765100
2026-07-30,16.0,16.7,16.0,16.5,1197200
2026-07-31,16.65,16.65,16.1,16.15,1334000
2026-08-03,16.35,16.7,16.15,16.4,1644400
2026-08-04,16.45,16.9,16.45,16.65,941600
2026-08-05,16.85,16.85,16.65,16.8,1352000
2026-08-06,16.75,17.0,16.55,16.55,887900
2026-08-07,16.5,16.8,16.45,16.55,651600
2026-08-10,16.6,17.2,16.6,17.05,1462800
2026-08-11,17.05,17.1,16.8,16.8,998200
2026-08-12,16.75,17.0,16.4,16.55,1563700
2026-08-13,16.75,16.8,16.3,16.3,1062700
2026-08-14,16.3,16.6,16.2,16.2,1249000
