date,open,high,low,close,volume
2010-03-30,2.35,2.45,2.22,2.3,869800
2010-03-31,2.32,2.41,2.3,2.38,542900
2010-04-01,2.38,2.44,2.38,2.41,372900
2010-04-02,2.42,2.42,2.3,2.39,569400
2010-04-05,2.35,2.46,2.3,2.46,748500
2010-04-06,2.41,2.46,2.35,2.41,724800
2010-04-07,2.41,2.49,2.36,2.49,816300
2010-04-08,2.43,2.49,2.42,2.49,1131600
2010-04-09,2.48,2.63,2.48,2.63,934400
2010-04-12,2.73,2.78,2.68,2.78,769400
2010-04-13,2.91,2.94,2.67,2.7,756400
2010-04-14,2.68,2.73,2.61,2.67,729000
2010-04-15,2.73,2.79,2.68,2.72,903100
2010-04-16,2.73,2.78,2.71,2.73,542500
2010-04-19,2.73,2.78,2.73,2.73,716900
2010-04-20,2.73,2.8,2.73,2.75,701600
2010-04-21,2.75,2.96,2.73,2.96,974500
2010-04-22,2.95,3.01,2.89,2.93,720600
2010-04-26,2.96,2.98,2.9,2.95,933900
2010-04-27,2.95,2.95,2.87,2.89,830900
2010-04-28,2.9,2.91,2.84,2.91,601500
2010-04-29,2.93,2.93,2.89,2.91,481500
2010-05-04,2.95,3.01,2.93,2.97,753500
2010-05-05,2.96,3.01,2.93,3.0,595800
2010-05-06,3.03,3.18,3.03,3.06,605700
2010-05-07,3.06,3.06,2.87,2.94,783500
2010-05-10,2.93,2.93,2.75,2.77,943900
2010-05-11,2.84,2.9,2.79,2.79,1001900
2010-05-12,2.79,2.79,2.64,2.66,693900
2010-05-13,2.68,2.78,2.67,2.69,597400
2010-05-14,2.71,2.72,2.67,2.7,388200
2010-05-17,2.72,2.72,2.64,2.64,349200
2010-05-18,2.68,2.7,2.63,2.69,603100
2010-05-19,2.68,2.77,2.66,2.73,701200
2010-05-20,2.73,2.86,2.6,2.82,1066500
2010-05-21,2.73,2.73,2.63,2.64,871000
2010-05-24,2.76,2.76,2.66,2.7,528000
2010-05-25,2.73,2.73,2.63,2.64,813400
2010-05-26,2.83,2.83,2.83,2.83,1062700
2010-05-27,3.03,3.03,3.03,3.03,279200
2010-05-28,3.23,3.23,3.18,3.23,3003200
2010-05-31,3.23,3.3,3.18,3.19,1319900
2010-06-01,3.13,3.24,3.03,3.2,2359700
2010-06-02,3.14,3.18,3.1,3.17,2267800
2010-06-03,3.18,3.25,3.14,3.16,1858000
2010-06-04,3.18,3.18,3.1,3.13,989800
2010-06-07,3.03,3.03,2.93,2.96,991900
2010-06-08,2.93,3.02,2.92,3.0,1257300
2010-06-09,3.03,3.06,2.97,3.0,709100
2010-06-10,3.0,3.03,2.95,2.98,361000
2010-06-11,3.02,3.05,2.97,2.99,776100
2010-06-14,3.04,3.05,2.96,2.99,1166700
2010-06-15,3.0,3.02,2.93,2.97,803500
2010-06-16,2.99,3.03,2.95,3.0,1002100
2010-06-17,2.99,3.05,2.97,3.02,2036000
2010-06-18,3.04,3.17,3.03,3.16,1606600
2010-06-21,3.17,3.34,3.17,3.34,2007100
2010-06-22,3.39,3.52,3.33,3.52,2864400
2010-06-23,3.59,3.73,3.47,3.71,2182900
2010-06-24,3.7,3.83,3.54,3.63,2396100
2010-06-25,3.57,3.57,3.43,3.55,1381000
2010-06-28,3.55,3.59,3.47,3.56,1144500
2010-06-29,3.59,3.64,3.47,3.55,1637000
2010-06-30,3.45,3.45,3.34,3.39,533800
2010-07-01,3.38,3.42,3.35,3.38,734700
2010-07-02,3.37,3.47,3.37,3.4,741600
2010-07-05,3.39,3.43,3.36,3.38,663400
2010-07-06,3.38,3.38,3.27,3.28,959700
2010-07-07,3.31,3.34,3.19,3.25,731900
2010-07-08,3.31,3.41,3.27,3.29,688900
2010-07-09,3.32,3.34,3.28,3.29,573800
2010-07-12,3.33,3.34,3.24,3.32,471600
2010-07-13,3.39,3.51,3.36,3.51,1130900
2010-07-14,3.69,3.69,3.46,3.47,1449900
2010-07-15,3.54,3.54,3.3,3.33,2092700
2010-07-16,3.35,3.38,3.24,3.27,1247100
2010-07-19,3.29,3.29,3.16,3.19,1259500
2010-07-20,3.25,3.35,3.23,3.28,794500
2010-07-21,3.34,3.34,3.18,3.21,580300
2010-07-22,3.22,3.25,3.16,3.16,595000
2010-07-23,3.24,3.25,3.14,3.15,566200
2010-07-26,3.22,3.22,3.1,3.18,582800
2010-07-27,3.18,3.21,3.13,3.15,617200
2010-07-28,3.17,3.17,3.04,3.05,475600
2010-07-29,3.08,3.09,3.03,3.04,443800
2010-07-30,3.08,3.09,3.02,3.03,646800
2010-08-02,3.08,3.13,2.99,2.99,317000
2010-08-03,3.05,3.05,2.97,2.98,616700
2010-08-04,2.99,3.01,2.92,2.92,495600
2010-08-05,2.93,2.97,2.9,2.91,402700
2010-08-06,2.87,2.96,2.85,2.92,1339300
2010-08-09,2.93,2.95,2.76,2.77,941300
2010-08-10,2.82,2.83,2.64,2.67,842000
2010-08-11,2.67,2.75,2.63,2.7,452200
2010-08-12,2.7,2.7,2.52,2.52,552300
2010-08-13,2.52,2.62,2.4,2.56,735700
2010-08-16,2.54,2.71,2.54,2.71,918100
2010-08-17,2.74,2.75,2.57,2.59,578800
2010-08-18,2.59,2.63,2.48,2.53,494100
2010-08-19,2.53,2.54,2.48,2.51,549100
2010-08-20,2.52,2.59,2.42,2.49,828700
2010-08-23,2.56,2.56,2.43,2.44,186500
2010-08-24,2.43,2.43,2.31,2.31,742500
2010-08-25,2.27,2.27,2.19,2.19,542100
2010-08-26,2.16,2.29,2.13,2.2,633600
2010-08-27,2.21,2.25,2.12,2.18,438200
2010-08-30,2.3,2.33,2.18,2.33,246300
2010-08-31,2.36,2.46,2.31,2.46,1017800
2010-09-01,2.52,2.57,2.42,2.55,1093700
2010-09-06,2.64,2.69,2.57,2.69,1321900
2010-09-07,2.67,2.71,2.57,2.6,1110800
2010-09-08,2.57,2.57,2.45,2.49,874300
2010-09-09,2.57,2.62,2.49,2.53,1089100
2010-09-10,2.57,2.57,2.37,2.38,1434600
2010-09-13,2.41,2.41,2.26,2.26,1305600
2010-09-14,2.26,2.34,2.25,2.31,1932200
2010-09-15,2.31,2.31,2.24,2.24,743700
2010-09-16,2.22,2.28,2.21,2.27,657300
2010-09-17,2.26,2.4,2.26,2.4,1705900
2010-09-20,2.46,2.51,2.36,2.39,1603000
2010-09-21,2.42,2.42,2.33,2.34,1034900
2010-09-22,2.34,2.39,2.33,2.35,575700
2010-09-23,2.36,2.36,2.23,2.29,1031300
2010-09-24,2.31,2.33,2.27,2.29,1042700
2010-09-27,2.29,2.33,2.26,2.29,687300
2010-09-28,2.3,2.37,2.28,2.29,884100
2010-09-29,2.32,2.32,2.2,2.2,926600
2010-09-30,2.21,2.21,2.16,2.19,447600
2010-10-01,2.19,2.24,2.15,2.17,431000
2010-10-04,2.17,2.19,2.03,2.03,1384700
2010-10-05,2.05,2.05,1.91,1.92,1774200
2010-10-06,1.95,2.07,1.94,2.01,1634500
2010-10-07,2.0,2.04,1.95,1.99,883900
2010-10-08,1.95,2.0,1.88,1.92,801700
2010-10-11,1.95,1.97,1.91,1.92,579300
2010-10-12,1.91,1.94,1.85,1.86,920700
2010-10-13,1.85,1.9,1.84,1.88,494100
2010-10-14,1.89,1.99,1.89,1.99,1278600
2010-10-15,1.99,2.05,1.97,1.99,728000
2010-10-18,1.99,2.03,1.97,1.97,566700
2010-10-19,1.96,1.98,1.89,1.93,486500
2010-10-20,1.93,1.93,1.82,1.83,817200
2010-10-21,1.8,1.95,1.8,1.85,867100
2010-10-22,1.9,1.9,1.85,1.88,575700
2010-10-25,1.89,1.91,1.85,1.91,518500
2010-10-26,1.89,2.0,1.89,2.0,1252800
2010-10-27,2.05,2.07,1.92,1.93,629500
2010-10-28,1.92,1.95,1.9,1.91,316800
2010-10-29,1.85,1.96,1.85,1.94,488500
2010-11-01,1.96,1.96,1.9,1.9,485600
2010-11-02,1.9,1.93,1.87,1.9,420700
2010-11-03,1.9,1.92,1.85,1.86,714700
2010-11-04,1.88,1.9,1.86,1.88,459500
2010-11-05,1.9,1.98,1.89,1.94,644200
2010-11-08,2.05,2.05,1.88,1.9,554200
2010-11-09,1.9,1.9,1.85,1.86,669200
2010-11-10,1.88,1.88,1.85,1.86,419100
2010-11-11,1.87,1.87,1.78,1.79,950300
2010-11-12,1.79,1.79,1.68,1.69,1479600
2010-11-15,1.7,1.75,1.59,1.6,884000
2010-11-16,1.54,1.64,1.53,1.54,1258400
2010-11-17,1.53,1.63,1.5,1.58,881500
2010-11-18,1.61,1.68,1.6,1.64,879600
2010-11-19,1.68,1.69,1.58,1.58,801000
2010-11-22,1.59,1.59,1.51,1.53,848400
2010-11-23,1.56,1.56,1.52,1.56,668800
2010-11-24,1.56,1.56,1.48,1.52,883100
2010-11-25,1.53,1.61,1.52,1.61,1666400
2010-11-26,1.61,1.68,1.6,1.65,1312000
2010-11-29,1.64,1.76,1.59,1.76,1797400
2010-11-30,1.75,1.81,1.72,1.81,1916000
2010-12-01,1.89,1.9,1.75,1.78,2381900
2010-12-02,1.8,1.94,1.77,1.94,2531400
2010-12-03,2.0,2.0,2.0,2.0,602500
2010-12-06,2.14,2.14,2.07,2.1,3687900
2010-12-07,2.12,2.28,2.05,2.14,3528700
2010-12-08,2.14,2.28,2.02,2.07,2411500
2010-12-09,2.0,2.23,1.96,2.23,3041500
2010-12-10,2.28,2.28,2.26,2.28,2540100
2010-12-13,2.43,2.43,2.43,2.43,311900
2010-12-14,2.6,2.6,2.42,2.51,6052700
2010-12-15,2.59,2.69,2.48,2.56,3663000
2010-12-16,2.49,2.51,2.41,2.41,3115400
2010-12-17,2.41,2.6,2.41,2.6,3007200
2010-12-20,2.74,2.74,2.52,2.57,2412800
2010-12-21,2.57,2.6,2.44,2.53,2847000
2010-12-22,2.57,2.58,2.35,2.4,2121900
2010-12-23,2.4,2.46,2.3,2.34,2979300
2010-12-24,2.34,2.42,2.29,2.32,1435400
2010-12-27,2.39,2.43,2.34,2.38,1428800
2010-12-28,2.43,2.55,2.39,2.55,3552800
2010-12-29,2.62,2.62,2.44,2.46,1960100
2010-12-30,2.49,2.53,2.41,2.42,1599400
2010-12-31,2.46,2.48,2.41,2.44,1546400
2011-01-04,2.46,2.53,2.42,2.43,1621400
2011-01-05,2.44,2.44,2.32,2.34,2618600
2011-01-06,2.34,2.37,2.31,2.33,1171100
2011-01-07,2.31,2.39,2.26,2.28,1604500
2011-01-10,2.31,2.31,2.17,2.18,2563300
2011-01-11,2.2,2.2,2.05,2.06,2890600
2011-01-12,2.09,2.16,2.08,2.13,1800100
2011-01-13,2.13,2.19,2.09,2.15,1218900
2011-01-14,2.16,2.2,2.12,2.19,1675500
2011-01-17,2.17,2.3,2.16,2.26,2242100
2011-01-18,2.26,2.32,2.15,2.16,1988200
2011-01-19,2.16,2.19,2.09,2.14,1506200
2011-01-20,2.16,2.18,2.07,2.08,1491300
2011-01-21,2.08,2.16,2.06,2.07,1454000
2011-01-24,2.1,2.14,1.98,1.99,1159100
2011-01-25,2.01,2.02,1.94,1.95,1355600
2011-01-26,1.95,2.07,1.95,2.01,1111400
2011-01-27,2.02,2.07,2.01,2.06,1167500
2011-01-28,2.06,2.08,2.01,2.01,1715900
2011-02-08,2.06,2.06,2.01,2.04,614700
2011-02-09,1.9,2.17,1.9,2.14,2277900
2011-02-10,2.14,2.16,2.08,2.1,946500
2011-02-11,2.08,2.15,2.08,2.12,899700
2011-02-14,2.1,2.14,2.08,2.1,1018800
2011-02-15,2.1,2.1,2.03,2.05,1446400
2011-02-16,2.05,2.1,2.02,2.03,1095400
2011-02-17,2.03,2.04,1.94,1.95,1922400
2011-02-18,1.93,1.95,1.86,1.89,1354400
2011-02-21,1.86,1.86,1.78,1.78,1468900
2011-02-22,1.65,1.74,1.65,1.69,4333900
2011-02-23,1.65,1.72,1.65,1.7,2048100
2011-02-24,1.66,1.72,1.58,1.63,2794000
2011-02-25,1.64,1.71,1.6,1.7,2310800
2011-02-28,1.69,1.74,1.62,1.64,1675000
2011-03-01,1.64,1.65,1.6,1.62,1178000
2011-03-02,1.6,1.6,1.51,1.51,2696000
2011-03-03,1.44,1.51,1.42,1.42,2452200
2011-03-04,1.41,1.48,1.39,1.46,1400100
2011-03-07,1.48,1.49,1.46,1.48,966600
2011-03-08,1.49,1.5,1.42,1.43,1321100
2011-03-09,1.43,1.44,1.37,1.37,1979700
2011-03-10,1.38,1.47,1.33,1.47,1828500
2011-03-11,1.54,1.54,1.54,1.54,331500
2011-03-14,1.64,1.64,1.53,1.59,6778200
2011-03-15,1.6,1.64,1.52,1.56,2187600
2011-03-16,1.56,1.63,1.55,1.63,2600200
2011-03-17,1.6,1.69,1.6,1.69,3592500
2011-03-18,1.72,1.79,1.66,1.79,4993100
2011-03-21,1.83,1.86,1.76,1.77,4405700
2011-03-22,1.77,1.81,1.68,1.68,4096000
2011-03-23,1.68,1.75,1.63,1.72,3518200
2011-03-24,1.75,1.75,1.62,1.64,2935800
2011-03-25,1.63,1.65,1.58,1.59,3394400
2011-03-28,1.65,1.7,1.62,1.64,2413100
2011-03-29,1.67,1.67,1.55,1.57,2962100
2011-03-30,1.54,1.57,1.5,1.56,1844700
2011-03-31,1.54,1.59,1.54,1.55,1811000
2011-04-01,1.55,1.55,1.5,1.5,2024900
2011-04-04,1.49,1.51,1.47,1.5,2014800
2011-04-05,1.49,1.51,1.47,1.5,1569000
2011-04-06,1.46,1.59,1.46,1.59,2582100
2011-04-07,1.58,1.6,1.53,1.54,2104500
2011-04-08,1.54,1.54,1.51,1.52,1099400
2011-04-13,1.53,1.54,1.5,1.51,994900
2011-04-14,1.51,1.52,1.47,1.47,1387500
2011-04-15,1.48,1.5,1.43,1.44,1753400
2011-04-18,1.45,1.45,1.39,1.41,1697700
2011-04-19,1.39,1.47,1.39,1.44,2062600
2011-04-20,1.42,1.47,1.42,1.44,1155600
2011-04-21,1.46,1.46,1.4,1.42,1314400
2011-04-22,1.43,1.46,1.38,1.45,2105200
2011-04-25,1.43,1.5,1.43,1.5,2450700
2011-04-26,1.56,1.56,1.45,1.47,2245800
2011-04-27,1.49,1.53,1.46,1.48,2076100
2011-04-28,1.49,1.51,1.48,1.48,1577800
2011-04-29,1.48,1.52,1.46,1.48,2927000
2011-05-04,1.49,1.52,1.46,1.47,1511200
2011-05-05,1.47,1.49,1.42,1.43,1865300
2011-05-06,1.44,1.47,1.43,1.47,1339800
2011-05-09,1.47,1.53,1.47,1.53,3079900
2011-05-10,1.52,1.55,1.49,1.49,2041000
2011-05-11,1.49,1.49,1.47,1.47,1210700
2011-05-12,1.48,1.49,1.46,1.46,1255000
2011-05-13,1.48,1.49,1.45,1.45,1195000
2011-05-16,1.47,1.48,1.42,1.43,1679400
2011-05-17,1.42,1.43,1.39,1.4,1756900
2011-05-18,1.4,1.42,1.36,1.41,2361000
2011-05-19,1.4,1.41,1.37,1.38,1670900
2011-05-20,1.38,1.38,1.32,1.32,1795300
2011-05-23,1.32,1.32,1.25,1.26,3000600
2011-05-24,1.22,1.26,1.18,1.18,2493100
2011-05-25,1.11,1.15,1.11,1.11,2084400
2011-05-26,1.04,1.18,1.04,1.15,4831200
2011-05-27,1.13,1.17,1.13,1.17,1945100
2011-05-30,1.21,1.21,1.09,1.09,2360800
2011-05-31,1.06,1.08,1.04,1.05,2155000
2011-06-01,1.05,1.12,1.04,1.12,1571000
2011-06-02,1.15,1.17,1.15,1.17,1711800
2011-06-03,1.24,1.24,1.17,1.19,7014600
2011-06-06,1.18,1.23,1.15,1.21,2484800
2011-06-07,1.21,1.27,1.2,1.27,2092300
2011-06-08,1.33,1.35,1.25,1.28,3824400
2011-06-09,1.27,1.38,1.24,1.38,6291300
2011-06-10,1.39,1.42,1.39,1.42,2814600
2011-06-13,1.49,1.5,1.42,1.48,4655800
2011-06-14,1.46,1.5,1.37,1.37,5510900
2011-06-15,1.33,1.38,1.32,1.32,2850900
2011-06-16,1.25,1.37,1.25,1.3,4838600
2011-06-17,1.32,1.32,1.23,1.23,4540900
2011-06-20,1.24,1.24,1.16,1.16,2727600
2011-06-21,1.16,1.23,1.12,1.22,4081900
2011-06-22,1.22,1.26,1.18,1.21,3982400
2011-06-23,1.2,1.23,1.17,1.2,2394300
2011-06-24,1.2,1.23,1.18,1.21,1540700
2011-06-27,1.22,1.22,1.19,1.19,1340100
2011-06-28,1.18,1.2,1.13,1.15,2362600
2011-06-29,1.15,1.16,1.12,1.15,1770700
2011-06-30,1.14,1.16,1.1,1.11,1403700
2011-07-01,1.11,1.11,1.06,1.06,1981500
2011-07-04,1.07,1.09,1.05,1.09,1701200
2011-07-05,1.05,1.14,1.05,1.14,2264100
2011-07-06,1.18,1.18,1.11,1.12,2921600
2011-07-07,1.09,1.15,1.09,1.11,1670400
2011-07-08,1.09,1.12,1.08,1.09,1524000
2011-07-11,1.08,1.08,1.05,1.06,1260100
2011-07-12,1.05,1.1,1.04,1.09,1760700
2011-07-13,1.1,1.13,1.08,1.08,1757400
2011-07-14,1.08,1.11,1.07,1.09,1421100
2011-07-15,1.09,1.09,1.06,1.06,1053200
2011-07-18,1.06,1.06,1.04,1.05,1119700
2011-07-19,1.02,1.05,1.02,1.04,1333900
2011-07-20,1.03,1.09,1.03,1.08,2244600
2011-07-21,1.09,1.09,1.04,1.05,1433900
2011-07-22,1.06,1.06,1.04,1.05,783000
2011-07-25,1.06,1.06,1.03,1.03,1127000
2011-07-26,1.03,1.06,1.03,1.03,932600
2011-07-27,1.04,1.05,1.02,1.03,1102300
2011-07-28,1.03,1.06,1.03,1.03,813900
2011-07-29,1.04,1.04,1.0,1.01,1367600
2011-08-01,1.01,1.02,0.97,0.98,1008200
2011-08-02,0.92,0.98,0.92,0.92,2252900
2011-08-03,0.92,0.95,0.88,0.92,1525800
2011-08-04,0.93,0.98,0.92,0.98,2640800
2011-08-05,1.0,1.01,0.93,0.97,2769800
2011-08-08,0.98,0.98,0.93,0.93,1495300
2011-08-09,0.92,0.92,0.89,0.89,2225300
2011-08-10,0.89,0.94,0.89,0.92,2232400
2011-08-11,0.91,0.91,0.87,0.89,1858500
2011-08-12,0.9,0.92,0.89,0.9,1660900
2011-08-15,0.91,0.91,0.88,0.89,909600
2011-08-16,0.91,0.93,0.9,0.91,1041900
2011-08-17,0.92,0.98,0.92,0.98,3652300
2011-08-18,0.99,1.02,0.99,1.02,4576500
2011-08-19,1.04,1.08,0.99,1.06,5998100
2011-08-22,1.05,1.11,1.05,1.11,1815300
2011-08-23,1.17,1.18,1.13,1.16,7633900
2011-08-24,1.18,1.23,1.12,1.15,5070600
2011-08-25,1.17,1.18,1.11,1.17,5299700
2011-08-26,1.17,1.19,1.13,1.15,3387900
2011-08-29,1.18,1.22,1.17,1.22,4326600
2011-08-30,1.28,1.28,1.26,1.28,6428600
2011-08-31,1.28,1.37,1.27,1.32,8768000
2011-09-01,1.32,1.39,1.3,1.38,5347100
2011-09-05,1.35,1.36,1.27,1.28,4446300
2011-09-06,1.27,1.29,1.24,1.28,3618400
2011-09-07,1.28,1.35,1.28,1.35,4599200
2011-09-08,1.39,1.43,1.36,1.39,5828000
2011-09-09,1.36,1.44,1.36,1.39,4235900
2011-09-12,1.38,1.43,1.32,1.41,5511200
2011-09-13,1.42,1.46,1.38,1.39,4673100
2011-09-14,1.42,1.42,1.32,1.32,5569700
2011-09-15,1.3,1.33,1.26,1.31,3895800
2011-09-16,1.3,1.31,1.25,1.28,3763900
2011-09-19,1.28,1.33,1.26,1.32,3209500
2011-09-20,1.32,1.33,1.26,1.26,2332400
2011-09-21,1.28,1.31,1.25,1.29,3550200
2011-09-22,1.3,1.36,1.28,1.33,4581400
2011-09-23,1.32,1.35,1.29,1.32,3105600
2011-09-26,1.31,1.35,1.27,1.27,2356800
2011-09-27,1.28,1.31,1.25,1.26,2811900
2011-09-28,1.29,1.3,1.25,1.25,3142900
2011-09-29,1.26,1.26,1.19,1.2,5278400
2011-09-30,1.19,1.21,1.16,1.18,2913800
2011-10-03,1.15,1.18,1.1,1.12,3060600
2011-10-04,1.12,1.16,1.1,1.15,2329700
2011-10-05,1.15,1.17,1.12,1.14,2671500
2011-10-06,1.16,1.22,1.14,1.22,3784200
2011-10-07,1.22,1.23,1.16,1.17,2898400
2011-10-10,1.18,1.18,1.13,1.14,1681100
2011-10-11,1.15,1.19,1.14,1.16,1528000
2011-10-12,1.14,1.14,1.09,1.09,5071800
2011-10-13,1.08,1.1,1.05,1.1,1651700
2011-10-14,1.07,1.09,1.06,1.07,1429600
2011-10-17,1.07,1.07,1.03,1.03,1816600
2011-10-18,1.02,1.02,0.99,1.01,2449500
2011-10-19,1.01,1.06,1.01,1.05,2209500
2011-10-20,1.06,1.06,1.03,1.03,1345600
2011-10-21,1.04,1.1,1.03,1.1,2835600
2011-10-24,1.09,1.12,1.06,1.07,2650100
2011-10-25,1.08,1.08,1.04,1.05,1398900
2011-10-26,1.04,1.06,1.03,1.05,934600
2011-10-27,1.06,1.07,1.05,1.06,1465100
2011-10-28,1.08,1.13,1.07,1.13,3125800
2011-10-31,1.18,1.18,1.15,1.18,5382900
2011-11-01,1.19,1.21,1.15,1.17,5352200
2011-11-02,1.15,1.15,1.1,1.11,3477000
2011-11-03,1.1,1.12,1.08,1.1,2190100
2011-11-04,1.11,1.12,1.06,1.07,2647000
2011-11-07,1.07,1.08,1.03,1.05,3481800
2011-11-08,1.05,1.08,1.03,1.07,1808600
2011-11-09,1.07,1.07,1.03,1.04,1615400
2011-11-10,1.02,1.03,1.01,1.02,2207300
2011-11-11,1.02,1.04,1.0,1.0,1785900
2011-11-14,1.02,1.02,0.97,0.98,2438300
2011-11-15,0.98,1.01,0.98,1.01,2519100
2011-11-16,1.0,1.05,0.99,1.05,4390400
2011-11-17,1.05,1.05,1.0,1.01,2312900
2011-11-18,1.0,1.0,0.97,0.99,2174400
2011-11-21,0.98,1.0,0.98,0.99,1882100
2011-11-22,0.98,1.01,0.95,1.0,2427300
2011-11-23,1.0,1.05,1.0,1.04,3004400
2011-11-24,1.05,1.05,1.0,1.0,2254000
2011-11-25,1.0,1.02,0.99,1.01,1609900
2011-11-28,1.02,1.07,1.02,1.06,3735700
2011-11-29,1.08,1.09,1.02,1.03,2224000
2011-11-30,1.04,1.04,1.0,1.01,2183900
2011-12-01,1.02,1.07,1.02,1.04,2372200
2011-12-02,0.97,1.07,0.97,1.07,2870400
2011-12-05,1.07,1.12,1.07,1.12,3142100
2011-12-06,1.15,1.15,1.09,1.1,4848400
2011-12-07,1.1,1.12,1.08,1.09,3011700
2011-12-08,1.08,1.11,1.07,1.09,3337400
2011-12-09,1.08,1.08,1.03,1.04,2417800
2011-12-12,1.03,1.05,1.01,1.02,2058000
2011-12-13,1.02,1.03,1.0,1.0,1683600
2011-12-14,1.0,1.01,0.94,0.95,3981100
2011-12-15,0.95,0.95,0.9,0.93,2873000
2011-12-16,0.94,0.98,0.92,0.94,3222300
2011-12-19,0.95,0.97,0.9,0.91,2895000
2011-12-20,0.88,0.9,0.86,0.87,3063600
2011-12-21,0.88,0.9,0.86,0.88,2276800
2011-12-22,0.87,0.88,0.82,0.82,3187400
2011-12-23,0.81,0.84,0.78,0.81,2173900
2011-12-26,0.75,0.82,0.75,0.75,2596100
2011-12-27,0.73,0.74,0.71,0.71,3091800
2011-12-28,0.67,0.74,0.67,0.71,2716100
2011-12-29,0.72,0.72,0.67,0.67,3310200
2011-12-30,0.65,0.71,0.64,0.71,2566300
2012-01-03,0.72,0.74,0.7,0.72,1177400
2012-01-04,0.76,0.76,0.68,0.7,1483600
2012-01-05,0.69,0.69,0.66,0.66,1948500
2012-01-06,0.64,0.65,0.63,0.63,3298300
2012-01-09,0.62,0.65,0.59,0.62,2677100
2012-01-10,0.62,0.66,0.61,0.66,1715400
2012-01-11,0.67,0.69,0.65,0.65,2043300
2012-01-12,0.65,0.65,0.63,0.63,1515600
2012-01-13,0.61,0.66,0.6,0.65,2268700
2012-01-16,0.66,0.68,0.66,0.68,2682300
2012-01-17,0.68,0.69,0.65,0.66,2122600
2012-01-18,0.64,0.67,0.63,0.67,1655100
2012-01-19,0.65,0.69,0.65,0.69,1258600
2012-01-20,0.7,0.73,0.69,0.7,2800000
2012-01-30,0.71,0.75,0.69,0.73,2625500
2012-01-31,0.73,0.76,0.73,0.74,3297300
2012-02-01,0.75,0.76,0.72,0.76,3922400
2012-02-02,0.76,0.79,0.76,0.79,2015900
2012-02-03,0.83,0.84,0.77,0.78,5754100
2012-02-06,0.77,0.82,0.76,0.81,4399200
2012-02-07,0.81,0.83,0.79,0.83,5007500
2012-02-08,0.83,0.86,0.83,0.83,3102700
2012-02-09,0.83,0.85,0.79,0.8,4303400
2012-02-10,0.79,0.8,0.77,0.77,3952800
2012-02-13,0.77,0.77,0.73,0.73,4378200
2012-02-14,0.73,0.78,0.72,0.77,3096800
2012-02-15,0.77,0.77,0.72,0.74,3203900
2012-02-16,0.74,0.77,0.72,0.76,2526500
2012-02-17,0.76,0.8,0.76,0.8,4612300
2012-02-20,0.8,0.83,0.8,0.83,2262500
2012-02-21,0.88,0.88,0.84,0.85,9425200
2012-02-22,0.84,0.92,0.84,0.92,4656400
2012-02-23,0.94,0.95,0.91,0.95,4972500
2012-02-24,0.98,1.0,0.93,0.94,5770300
2012-02-27,0.93,1.01,0.92,0.99,4720800
2012-02-28,0.97,0.99,0.9,0.9,7620800
2012-02-29,0.89,0.97,0.88,0.94,5262900
2012-03-01,0.93,0.95,0.91,0.94,4058800
2012-03-02,0.94,0.99,0.92,0.99,5307400
2012-03-05,1.01,1.04,1.01,1.04,667400
2012-03-06,1.11,1.11,1.03,1.06,14417500
2012-03-07,1.09,1.09,1.02,1.07,5890800
2012-03-08,1.0,1.07,0.98,0.99,6659500
2012-03-09,0.98,1.03,0.95,1.0,3327500
2012-03-12,1.0,1.01,0.93,0.93,5486600
2012-03-13,0.92,1.01,0.92,1.0,3895500
2012-03-14,1.0,1.02,0.95,0.95,4221000
2012-03-15,0.95,1.04,0.94,1.04,8643800
2012-03-16,1.07,1.07,1.07,1.07,1788200
2012-03-19,1.14,1.14,1.07,1.12,11181800
2012-03-20,1.13,1.19,1.13,1.19,4226200
2012-03-21,1.23,1.26,1.2,1.2,5782900
2012-03-22,1.22,1.26,1.19,1.22,4674100
2012-03-23,1.22,1.31,1.21,1.3,6964400
2012-03-26,1.3,1.31,1.25,1.26,4366400
2012-03-27,1.26,1.26,1.18,1.18,4710800
2012-03-28,1.13,1.21,1.1,1.18,5256000
2012-03-29,1.2,1.21,1.11,1.11,7391500
2012-03-30,1.11,1.12,1.05,1.06,5087200
2012-04-03,1.06,1.13,1.05,1.13,4184400
2012-04-04,1.12,1.2,1.12,1.15,5353400
2012-04-05,1.14,1.21,1.13,1.21,5689000
2012-04-06,1.25,1.29,1.23,1.25,8254400
2012-04-09,1.24,1.32,1.24,1.32,4398700
2012-04-10,1.33,1.36,1.24,1.26,8778000
2012-04-11,1.29,1.35,1.26,1.31,7155800
2012-04-12,1.31,1.35,1.27,1.29,7153800
2012-04-13,1.28,1.37,1.26,1.32,6405800
2012-04-16,1.32,1.42,1.31,1.42,5482200
2012-04-17,1.42,1.44,1.33,1.33,7149500
2012-04-18,1.36,1.38,1.29,1.35,6957800
2012-04-19,1.32,1.35,1.25,1.26,5015600
2012-04-20,1.26,1.32,1.24,1.29,5232600
2012-04-23,1.29,1.32,1.27,1.29,2942800
2012-04-24,1.23,1.33,1.21,1.33,2888800
2012-04-25,1.35,1.38,1.32,1.33,4673600
2012-04-26,1.35,1.35,1.28,1.29,2847000
2012-04-27,1.29,1.35,1.28,1.32,3985600
2012-05-02,1.3,1.35,1.27,1.29,3959300
2012-05-03,1.28,1.35,1.25,1.35,4844100
2012-05-04,1.36,1.41,1.35,1.4,6342000
2012-05-07,1.42,1.48,1.41,1.47,5067500
2012-05-08,1.53,1.53,1.4,1.4,5284100
2012-05-09,1.39,1.43,1.38,1.39,4158000
2012-05-10,1.41,1.43,1.35,1.39,7355200
2012-05-11,1.38,1.4,1.33,1.33,4445600
2012-05-14,1.35,1.35,1.25,1.26,7113200
2012-05-15,1.24,1.28,1.22,1.23,3881100
2012-05-16,1.25,1.27,1.21,1.27,4527000
2012-05-17,1.28,1.28,1.22,1.23,3708000
2012-05-18,1.25,1.25,1.16,1.21,5968700
2012-05-21,1.23,1.28,1.21,1.28,3146800
2012-05-22,1.31,1.31,1.25,1.28,4602800
2012-05-23,1.26,1.26,1.19,1.19,2933500
2012-05-24,1.19,1.21,1.12,1.21,4466500
2012-05-25,1.22,1.26,1.22,1.26,2726600
2012-05-28,1.31,1.31,1.21,1.22,4110800
2012-05-29,1.22,1.26,1.2,1.23,2173400
2012-05-30,1.23,1.26,1.22,1.24,2386800
2012-05-31,1.24,1.24,1.18,1.18,3254400
2012-06-01,1.18,1.21,1.15,1.19,3059100
2012-06-04,1.18,1.18,1.11,1.13,3801700
2012-06-05,1.12,1.19,1.11,1.19,3045000
2012-06-06,1.19,1.22,1.16,1.2,3051400
2012-06-07,1.21,1.28,1.21,1.26,4895900
2012-06-08,1.28,1.29,1.21,1.22,6190600
2012-06-11,1.18,1.27,1.18,1.24,4619500
2012-06-12,1.24,1.24,1.18,1.19,5247200
2012-06-13,1.2,1.22,1.18,1.2,3739100
2012-06-14,1.19,1.21,1.17,1.2,2407300
2012-06-15,1.18,1.24,1.18,1.22,2648300
2012-06-18,1.24,1.28,1.22,1.24,4069800
2012-06-19,1.23,1.23,1.19,1.2,2782200
2012-06-20,1.21,1.22,1.2,1.21,1623800
2012-06-21,1.21,1.22,1.19,1.21,1465800
2012-06-22,1.19,1.2,1.16,1.17,4185500
2012-06-25,1.17,1.17,1.11,1.12,3181400
2012-06-26,1.11,1.11,1.05,1.08,3629700
2012-06-27,1.07,1.1,1.02,1.03,2288300
2012-06-28,1.03,1.08,1.0,1.08,3056200
2012-06-29,1.06,1.09,1.04,1.04,2758200
2012-07-02,1.07,1.07,1.0,1.0,3304100
2012-07-03,1.01,1.01,0.95,0.99,4365900
2012-07-04,0.99,1.01,0.95,0.95,2375800
2012-07-05,0.95,1.02,0.94,1.02,6391200
2012-07-06,1.05,1.05,1.0,1.02,3607700
2012-07-09,1.01,1.01,0.94,0.95,3164400
2012-07-10,0.93,0.95,0.92,0.93,2508600
2012-07-11,0.93,0.99,0.93,0.95,3188200
2012-07-12,0.97,1.03,0.97,1.01,3623100
2012-07-13,1.02,1.07,1.01,1.07,6343300
2012-07-16,1.07,1.08,1.02,1.03,4657000
2012-07-17,1.04,1.1,1.02,1.1,4555400
2012-07-18,1.12,1.13,1.07,1.1,4371100
2012-07-19,1.1,1.17,1.1,1.17,5693100
2012-07-20,1.16,1.21,1.14,1.16,6826300
2012-07-23,1.15,1.17,1.13,1.15,4459500
2012-07-24,1.14,1.14,1.08,1.08,6281300
2012-07-25,1.07,1.1,1.07,1.08,4634300
2012-07-26,1.09,1.13,1.09,1.12,4045900
2012-07-27,1.12,1.15,1.09,1.11,5008500
2012-07-30,1.11,1.12,1.09,1.12,3353300
2012-07-31,1.11,1.14,1.11,1.11,2587700
2012-08-01,1.11,1.11,1.07,1.09,4085700
2012-08-02,1.1,1.11,1.08,1.1,2268500
2012-08-03,1.09,1.13,1.08,1.12,2950700
2012-08-06,1.12,1.18,1.12,1.18,4442900
2012-08-07,1.17,1.19,1.14,1.14,4386600
2012-08-08,1.15,1.18,1.15,1.17,3433000
2012-08-09,1.19,1.21,1.16,1.17,3556000
2012-08-10,1.18,1.18,1.15,1.17,2750000
2012-08-13,1.17,1.17,1.14,1.15,2174700
2012-08-14,1.15,1.18,1.15,1.15,2230500
2012-08-15,1.17,1.17,1.15,1.16,1725100
2012-08-16,1.15,1.16,1.14,1.15,2230900
2012-08-17,1.15,1.18,1.13,1.16,2111100
2012-08-20,1.16,1.19,1.16,1.18,2985100
2012-08-21,1.18,1.18,1.1,1.1,5343600
2012-08-22,1.06,1.1,1.03,1.05,7089200
2012-08-23,1.03,1.05,0.98,0.98,4376700
2012-08-24,0.91,1.04,0.91,1.04,7572300
2012-08-27,1.04,1.04,0.97,0.97,4765300
2012-08-28,0.97,1.0,0.94,0.99,4779700
2012-08-29,1.0,1.05,0.99,1.05,4829100
2012-08-30,1.05,1.07,1.03,1.05,4256300
2012-08-31,1.04,1.04,1.0,1.02,5547700
2012-09-04,1.02,1.04,1.02,1.03,2249200
2012-09-05,1.03,1.04,0.99,1.0,4121000
2012-09-06,0.99,1.0,0.97,0.98,2571500
2012-09-07,0.98,1.01,0.97,1.0,4388900
2012-09-10,1.01,1.01,0.93,0.94,4322700
2012-09-11,0.93,0.95,0.92,0.94,2380100
2012-09-12,0.95,0.99,0.94,0.95,1363500
2012-09-13,0.95,1.0,0.94,1.0,2163300
2012-09-14,1.0,1.03,1.0,1.01,3338200
2012-09-17,1.01,1.02,0.98,0.99,2128800
2012-09-18,0.99,0.99,0.92,0.93,3728900
2012-09-19,0.92,0.95,0.91,0.95,2231600
2012-09-20,0.94,0.95,0.91,0.95,1955100
2012-09-21,0.94,0.98,0.94,0.95,1933500
2012-09-24,0.95,0.95,0.92,0.92,1421900
2012-09-25,0.93,0.93,0.91,0.93,1797600
2012-09-26,0.93,0.95,0.93,0.94,858000
2012-09-27,0.95,0.95,0.89,0.91,3747900
2012-09-28,0.89,0.91,0.88,0.9,1020000
2012-10-01,0.9,0.9,0.84,0.85,2067200
2012-10-02,0.85,0.86,0.84,0.85,1610500
2012-10-03,0.86,0.89,0.85,0.87,2567500
2012-10-04,0.87,0.87,0.85,0.87,1399700
2012-10-05,0.86,0.89,0.86,0.88,1818300
2012-10-08,0.88,0.94,0.88,0.94,2962200
2012-10-09,0.93,0.97,0.92,0.95,2808100
2012-10-10,0.93,0.97,0.92,0.97,2319400
2012-10-11,0.97,1.0,0.94,0.95,2525100
2012-10-12,0.94,0.97,0.93,0.94,2471300
2012-10-15,0.94,0.95,0.91,0.92,2379100
2012-10-16,0.92,0.99,0.92,0.99,2887200
2012-10-17,1.0,1.0,0.95,0.97,1753400
2012-10-18,0.95,0.97,0.95,0.97,1067400
2012-10-19,0.94,0.94,0.89,0.91,5389100
2012-10-22,0.9,0.9,0.87,0.89,1423900
2012-10-23,0.89,0.91,0.89,0.9,741400
2012-10-24,0.9,0.9,0.88,0.88,910700
2012-10-25,0.88,0.88,0.85,0.87,1460200
2012-10-26,0.87,0.88,0.87,0.87,905500
2012-10-29,0.87,0.88,0.86,0.86,841000
2012-10-30,0.86,0.88,0.86,0.87,1423100
2012-10-31,0.86,0.87,0.85,0.87,1093700
2012-11-01,0.87,0.88,0.86,0.86,1652500
2012-11-02,0.86,0.86,0.81,0.81,4943200
2012-11-05,0.8,0.82,0.8,0.8,1026600
2012-11-06,0.8,0.81,0.79,0.8,1152400
2012-11-07,0.8,0.83,0.8,0.81,1936200
2012-11-08,0.82,0.82,0.78,0.79,2228500
2012-11-09,0.79,0.84,0.79,0.83,1879800
2012-11-12,0.84,0.87,0.83,0.86,3357300
2012-11-13,0.86,0.87,0.84,0.84,2459700
2012-11-14,0.84,0.86,0.84,0.84,1444200
2012-11-15,0.84,0.84,0.81,0.82,2541600
2012-11-16,0.82,0.84,0.82,0.83,902300
2012-11-19,0.82,0.84,0.81,0.82,1583000
2012-11-20,0.77,0.84,0.77,0.83,1158600
2012-11-21,0.83,0.84,0.81,0.81,950200
2012-11-22,0.82,0.83,0.81,0.83,591500
2012-11-23,0.82,0.84,0.81,0.82,1600700
2012-11-26,0.82,0.82,0.8,0.81,1132400
2012-11-27,0.76,0.82,0.76,0.8,442500
2012-11-28,0.8,0.82,0.8,0.8,740900
2012-11-29,0.81,0.82,0.8,0.81,1003200
2012-11-30,0.8,0.83,0.8,0.82,1269200
2012-12-03,0.82,0.82,0.8,0.81,411100
2012-12-04,0.82,0.85,0.82,0.84,1444100
2012-12-05,0.85,0.87,0.84,0.86,2647000
2012-12-06,0.81,0.87,0.81,0.86,1193200
2012-12-07,0.86,0.87,0.85,0.86,1428200
2012-12-10,0.87,0.91,0.86,0.91,3097900
2012-12-11,0.91,0.92,0.89,0.91,2330200
2012-12-12,0.9,0.94,0.89,0.93,3209300
2012-12-13,0.93,0.93,0.9,0.92,2791500
2012-12-14,0.92,0.93,0.9,0.92,1927000
2012-12-17,0.91,0.93,0.89,0.92,2495600
2012-12-18,0.93,0.93,0.9,0.91,1215100
2012-12-19,0.91,0.97,0.91,0.94,3405700
2012-12-20,0.95,0.95,0.91,0.91,2305600
2012-12-21,0.91,0.92,0.9,0.9,901500
2012-12-24,0.91,0.97,0.9,0.94,3726800
2012-12-25,0.94,0.95,0.92,0.93,1588100
2012-12-26,0.93,0.98,0.93,0.97,3849100
2012-12-27,0.98,0.99,0.94,0.94,3910000
2012-12-28,0.95,0.98,0.93,0.98,2484500
2013-01-02,0.98,1.03,0.98,1.01,6233700
2013-01-03,1.03,1.03,0.95,0.98,4632300
2013-01-04,0.97,1.02,0.95,1.02,3876600
2013-01-07,1.02,1.03,0.98,0.99,4594900
2013-01-08,0.98,1.03,0.98,1.01,4102900
2013-01-09,1.02,1.05,0.95,0.98,8407100
2013-01-10,0.97,1.02,0.95,1.02,3110300
2013-01-11,1.03,1.06,1.0,1.01,4272200
2013-01-14,1.0,1.02,0.99,1.02,4073000
2013-01-15,1.01,1.1,1.01,1.09,9819800
2013-01-16,1.09,1.11,1.05,1.06,5709600
2013-01-17,1.06,1.07,1.03,1.04,5704600
2013-01-18,1.02,1.05,1.01,1.04,5338200
2013-01-21,1.03,1.05,1.01,1.01,5925700
2013-01-22,1.0,1.03,0.98,0.99,5728000
2013-01-23,1.0,1.01,0.97,1.0,2402000
2013-01-24,1.01,1.03,0.99,1.03,4281900
2013-01-25,0.97,1.05,0.97,1.02,4935700
2013-01-28,1.03,1.09,1.02,1.05,6523200
2013-01-29,1.05,1.07,1.04,1.06,3198500
2013-01-30,1.06,1.08,1.05,1.06,4500400
2013-01-31,1.04,1.05,1.02,1.03,2529000
2013-02-01,1.03,1.03,1.0,1.03,3331900
2013-02-04,1.03,1.04,1.01,1.01,2886500
2013-02-05,1.02,1.02,0.99,1.0,2032500
2013-02-06,1.0,1.06,1.0,1.05,3101800
2013-02-07,1.15,1.15,1.06,1.08,3241100
2013-02-08,1.08,1.12,1.06,1.11,3319000
2013-02-18,1.12,1.18,1.12,1.15,5448600
2013-02-19,1.15,1.17,1.11,1.12,5281300
2013-02-20,1.11,1.16,1.1,1.15,3688000
2013-02-21,1.17,1.17,1.04,1.04,6929100
2013-02-22,1.04,1.08,1.0,1.06,5316900
2013-02-25,1.06,1.07,1.03,1.05,2248000
2013-02-26,1.05,1.05,0.95,0.95,4544400
2013-02-27,0.95,1.0,0.94,1.0,4173300
2013-02-28,1.01,1.02,0.98,0.99,2542800
2013-03-01,0.99,1.0,0.98,1.0,2015100
2013-03-04,0.99,0.99,0.92,0.93,4343800
2013-03-05,0.93,0.95,0.91,0.92,3672600
2013-03-06,0.92,0.95,0.92,0.94,1518500
2013-03-07,0.94,0.94,0.91,0.91,2497200
2013-03-08,0.92,0.97,0.92,0.95,2690600
2013-03-11,0.95,1.02,0.95,1.01,3287200
2013-03-12,1.02,1.02,0.97,0.99,3331700
2013-03-13,1.0,1.0,0.94,0.95,2867200
2013-03-14,0.95,0.98,0.94,0.97,1841800
2013-03-15,0.98,0.99,0.97,0.99,2233000
2013-03-18,0.99,0.99,0.93,0.95,2696600
2013-03-19,0.94,0.97,0.93,0.95,615900
2013-03-20,0.95,0.99,0.95,0.97,2448100
2013-03-21,0.98,0.99,0.95,0.95,1344300
2013-03-22,0.97,0.98,0.93,0.95,1293900
2013-03-25,0.95,0.97,0.94,0.95,1307900
2013-03-26,0.97,0.98,0.94,0.94,1452900
2013-03-27,0.94,0.94,0.92,0.92,906000
2013-03-28,0.93,0.94,0.91,0.91,1494300
2013-03-29,0.9,0.92,0.89,0.91,1922300
2013-04-01,0.91,0.97,0.9,0.95,2116900
2013-04-02,0.97,0.98,0.93,0.94,1842500
2013-04-03,0.94,0.97,0.94,0.95,2241700
2013-04-04,0.94,0.97,0.92,0.93,2131400
2013-04-05,0.93,0.94,0.93,0.94,775700
2013-04-08,0.94,0.98,0.93,0.95,1475600
2013-04-09,0.97,0.97,0.94,0.94,1286400
2013-04-10,0.95,0.97,0.92,0.93,1651100
2013-04-11,0.93,0.94,0.92,0.93,989300
2013-04-12,0.93,0.94,0.91,0.91,1357900
2013-04-15,0.91,0.91,0.89,0.89,1059200
2013-04-16,0.89,0.9,0.88,0.9,1071500
2013-04-17,0.89,0.92,0.88,0.9,510400
2013-04-18,0.9,0.9,0.88,0.88,1144100
2013-04-22,0.88,0.89,0.87,0.88,789200
2013-04-23,0.88,0.89,0.87,0.89,574300
2013-04-24,0.89,0.89,0.88,0.89,398800
2013-04-25,0.89,0.9,0.88,0.89,820000
2013-04-26,0.89,0.89,0.88,0.88,258600
2013-05-02,0.88,0.89,0.87,0.88,257800
2013-05-03,0.87,0.88,0.87,0.88,1413500
2013-05-06,0.8,0.94,0.8,0.93,1155400
2013-05-07,0.94,0.94,0.9,0.91,1080100
2013-05-08,0.91,0.91,0.89,0.9,538700
2013-05-09,0.9,0.91,0.9,0.9,634700
2013-05-10,0.91,0.91,0.9,0.91,375500
2013-05-13,0.9,0.92,0.9,0.91,208000
2013-05-14,0.91,0.91,0.89,0.89,540200
2013-05-15,0.9,0.9,0.89,0.89,325700
2013-05-16,0.9,0.91,0.9,0.9,390300
2013-05-17,0.9,0.9,0.89,0.9,223600
2013-05-20,0.89,0.92,0.89,0.91,961600
2013-05-21,0.91,0.93,0.91,0.93,1590600
2013-05-22,0.94,0.95,0.92,0.93,1177900
2013-05-23,0.93,0.94,0.91,0.91,1613000
2013-05-24,0.93,0.93,0.92,0.92,694100
2013-05-27,0.93,0.99,0.93,0.97,3066400
2013-05-28,0.97,0.98,0.95,0.98,1680200
2013-05-29,0.99,1.02,0.97,0.98,5180800
2013-05-30,0.97,1.0,0.94,1.0,3335700
2013-05-31,1.0,1.01,0.97,0.98,2581800
2013-06-03,0.97,0.98,0.95,0.95,1463800
2013-06-04,0.97,0.97,0.92,0.93,1622900
2013-06-05,0.95,0.95,0.93,0.95,709600
2013-06-06,0.93,0.97,0.92,0.95,1239400
2013-06-07,0.97,0.99,0.95,0.99,2703700
2013-06-10,0.94,1.0,0.94,0.98,2223700
2013-06-11,0.97,0.99,0.97,0.99,2781100
2013-06-12,0.99,1.01,0.98,1.0,1810400
2013-06-13,1.0,1.0,0.98,1.0,2356500
2013-06-14,1.0,1.01,0.99,1.0,1650800
2013-06-17,0.99,1.0,0.95,0.97,830700
2013-06-18,0.97,0.99,0.95,0.99,1081600
2013-06-19,0.98,0.98,0.95,0.97,293100
2013-06-20,0.95,0.97,0.94,0.95,468200
2013-06-21,0.94,0.94,0.93,0.94,359500
2013-06-24,0.95,0.95,0.92,0.92,1046100
2013-06-25,0.92,0.92,0.89,0.91,1993400
2013-06-26,0.9,0.92,0.9,0.91,302400
2013-06-27,0.91,0.93,0.91,0.93,664500
2013-06-28,0.93,0.93,0.92,0.93,744200
2013-07-01,0.92,0.93,0.91,0.93,400300
2013-07-02,0.94,0.95,0.94,0.95,510100
2013-07-03,0.94,0.95,0.93,0.95,373500
2013-07-04,0.93,0.97,0.93,0.95,585800
2013-07-05,0.94,0.95,0.87,0.93,4816800
2013-07-08,0.92,0.93,0.91,0.93,556300
2013-07-09,0.92,0.95,0.92,0.94,976000
2013-07-10,0.93,0.95,0.93,0.93,529800
2013-07-11,0.93,0.94,0.92,0.92,478900
2013-07-12,0.93,0.95,0.93,0.95,728900
2013-07-15,0.95,0.95,0.93,0.93,295300
2013-07-16,0.93,0.97,0.93,0.97,1982400
2013-07-17,0.98,0.98,0.94,0.95,1214800
2013-07-18,0.95,0.95,0.92,0.94,535000
2013-07-19,0.93,0.94,0.93,0.93,793100
2013-07-22,0.93,0.93,0.92,0.93,761500
2013-07-23,0.93,0.93,0.91,0.91,514600
2013-07-24,0.91,0.92,0.9,0.91,675000
2013-07-25,0.91,0.92,0.9,0.9,405600
2013-07-26,0.9,0.9,0.88,0.89,804600
2013-07-29,0.9,0.9,0.87,0.88,362521
2013-07-30,0.88,0.89,0.87,0.89,154900
2013-07-31,0.88,0.89,0.88,0.88,127666
2013-08-01,0.88,0.9,0.88,0.9,338171
2013-08-02,0.9,0.9,0.89,0.89,370410
2013-08-05,0.89,0.89,0.88,0.89,228129
2013-08-06,0.89,0.89,0.88,0.88,207200
2013-08-07,0.88,0.89,0.88,0.89,297831
2013-08-08,0.89,0.89,0.87,0.88,158633
2013-08-09,0.87,0.89,0.87,0.88,300291
2013-08-12,0.88,0.89,0.88,0.88,85800
2013-08-13,0.88,0.89,0.86,0.86,501000
2013-08-14,0.86,0.88,0.85,0.88,684405
2013-08-15,0.88,0.89,0.86,0.88,328570
2013-08-16,0.88,0.89,0.88,0.89,339300
2013-08-19,0.89,0.92,0.89,0.92,773000
2013-08-20,0.91,0.92,0.89,0.89,359921
2013-08-21,0.89,0.9,0.88,0.89,458600
2013-08-22,0.89,0.89,0.87,0.87,610200
2013-08-23,0.88,0.88,0.86,0.87,230200
2013-08-26,0.87,0.88,0.86,0.88,179400
2013-08-27,0.88,0.88,0.87,0.88,170800
2013-08-28,0.87,0.87,0.85,0.85,394600
2013-08-29,0.86,0.86,0.85,0.85,221800
2013-08-30,0.85,0.86,0.85,0.85,252800
2013-09-03,0.85,0.85,0.84,0.85,25500
2013-09-04,0.85,0.85,0.82,0.83,463203
2013-09-05,0.83,0.84,0.83,0.84,157400
2013-09-06,0.84,0.84,0.84,0.84,108800
2013-09-09,0.84,0.84,0.81,0.81,338500
2013-09-10,0.81,0.83,0.81,0.83,201400
2013-09-11,0.83,0.83,0.82,0.83,97000
2013-09-12,0.82,0.83,0.82,0.83,127500
2013-09-13,0.82,0.83,0.82,0.83,188800
2013-09-16,0.82,0.82,0.81,0.81,212300
2013-09-17,0.81,0.81,0.8,0.81,372900
2013-09-18,0.81,0.81,0.8,0.81,414800
2013-09-19,0.81,0.82,0.8,0.81,330500
2013-09-20,0.81,0.81,0.8,0.81,191000
2013-09-23,0.8,0.83,0.74,0.83,239800
2013-09-24,0.82,0.83,0.75,0.82,636850
2013-09-25,0.82,0.86,0.82,0.84,1325230
2013-09-26,0.84,0.85,0.84,0.85,395200
2013-09-27,0.83,0.85,0.83,0.84,314800
2013-09-30,0.84,0.86,0.76,0.86,723200
2013-10-01,0.86,0.87,0.84,0.86,1352966
2013-10-02,0.86,0.86,0.85,0.86,433371
2013-10-03,0.86,0.86,0.85,0.85,513810
2013-10-04,0.84,0.86,0.84,0.85,958500
2013-10-07,0.85,0.89,0.85,0.87,1236752
2013-10-08,0.88,0.92,0.87,0.91,2277126
2013-10-09,0.92,0.92,0.9,0.9,568800
2013-10-10,0.9,0.92,0.89,0.89,949406
2013-10-11,0.9,0.9,0.88,0.88,596400
2013-10-14,0.9,0.9,0.87,0.87,881700
2013-10-15,0.87,0.89,0.87,0.88,674700
2013-10-16,0.89,0.9,0.88,0.89,560600
2013-10-17,0.9,0.95,0.9,0.94,3033700
2013-10-18,0.94,0.94,0.93,0.94,836440
2013-10-21,0.95,0.99,0.94,0.97,2131700
2013-10-22,0.97,0.97,0.93,0.94,1422336
2013-10-23,0.95,0.97,0.95,0.95,953400
2013-10-24,0.95,0.97,0.93,0.93,1372000
2013-10-25,0.93,0.94,0.93,0.93,774800
2013-10-28,0.93,0.98,0.93,0.95,2431120
2013-10-29,0.97,0.97,0.86,0.95,541700
2013-10-30,0.95,0.95,0.93,0.94,347107
2013-10-31,0.94,0.94,0.93,0.93,329320
2013-11-01,0.94,0.95,0.93,0.94,330800
2013-11-04,0.94,0.97,0.93,0.95,675229
2013-11-05,0.97,0.98,0.95,0.97,971494
2013-11-06,0.97,0.99,0.97,0.98,1779414
2013-11-07,0.99,1.01,0.98,0.98,2382553
2013-11-08,0.98,1.01,0.98,1.01,2082400
2013-11-11,1.02,1.03,1.0,1.03,1378130
2013-11-12,1.03,1.04,0.99,1.0,1714100
2013-11-13,1.0,1.0,0.98,0.99,1581400
2013-11-14,0.98,1.0,0.98,0.99,1118710
2013-11-15,0.99,1.02,0.99,1.0,1200700
2013-11-18,1.01,1.02,1.01,1.01,1974821
2013-11-19,1.01,1.02,1.0,1.02,1338500
2013-11-20,1.01,1.02,1.0,1.02,1833926
2013-11-21,1.02,1.05,1.01,1.01,4097616
2013-11-22,1.01,1.03,1.01,1.01,1115221
2013-11-25,1.03,1.04,1.02,1.02,969050
2013-11-26,1.02,1.05,1.02,1.04,1546877
2013-11-27,1.04,1.07,1.04,1.06,2607533
2013-11-28,1.06,1.06,1.05,1.05,1092333
2013-11-29,1.04,1.06,1.04,1.06,1138900
2013-12-02,1.05,1.07,1.05,1.06,581600
2013-12-03,1.06,1.09,1.06,1.08,1334234
2013-12-04,1.08,1.1,1.07,1.09,1111440
2013-12-05,1.09,1.11,1.08,1.09,1696500
2013-12-06,1.09,1.09,1.07,1.08,441900
2013-12-09,1.08,1.09,1.06,1.06,1018401
2013-12-10,1.06,1.07,1.05,1.06,832264
2013-12-11,1.06,1.06,1.04,1.05,1836600
2013-12-12,1.05,1.07,1.04,1.05,1016630
2013-12-13,1.05,1.06,1.05,1.05,379800
2013-12-16,1.05,1.06,1.04,1.05,391800
2013-12-17,1.06,1.07,1.05,1.07,457873
2013-12-18,1.07,1.08,1.06,1.06,307557
2013-12-19,1.06,1.09,1.06,1.08,1123234
2013-12-20,1.08,1.09,1.06,1.07,1448453
2013-12-23,1.07,1.1,1.07,1.1,1536553
2013-12-24,1.11,1.11,1.08,1.08,433528
2013-12-25,1.08,1.09,1.07,1.08,398664
2013-12-26,1.08,1.08,1.07,1.07,611400
2013-12-27,1.07,1.07,1.06,1.06,964200
2013-12-30,1.06,1.06,1.04,1.04,1339978
2013-12-31,1.05,1.07,1.05,1.07,653600
2014-01-02,1.07,1.08,1.06,1.07,263600
2014-01-03,1.06,1.06,1.05,1.06,527500
2014-01-06,1.06,1.07,1.06,1.06,576100
2014-01-07,1.07,1.09,1.07,1.08,1789564
2014-01-08,1.09,1.13,1.08,1.13,3366447
2014-01-09,1.13,1.2,1.13,1.19,4294570
2014-01-10,1.19,1.2,1.17,1.18,2140373
2014-01-13,1.17,1.19,1.17,1.17,2331082
2014-01-14,1.17,1.21,1.16,1.2,2249400
2014-01-15,1.21,1.31,1.2,1.29,5835320
2014-01-16,1.29,1.32,1.28,1.32,4614666
2014-01-17,1.35,1.43,1.32,1.36,3846879
2014-01-20,1.36,1.4,1.33,1.35,4560880
2014-01-21,1.33,1.38,1.28,1.38,2921711
2014-01-22,1.39,1.42,1.35,1.36,2679100
2014-01-23,1.36,1.37,1.32,1.36,1125636
2014-01-24,1.4,1.4,1.35,1.39,1907695
2014-01-27,1.39,1.41,1.37,1.41,1040588
2014-02-06,1.41,1.41,1.37,1.37,871338
2014-02-07,1.38,1.39,1.33,1.33,1809120
2014-02-10,1.32,1.38,1.32,1.38,1037121
2014-02-11,1.39,1.42,1.36,1.37,2197155
2014-02-12,1.38,1.39,1.36,1.39,1186780
2014-02-13,1.39,1.52,1.39,1.52,4686084
2014-02-14,1.56,1.59,1.53,1.56,3395910
2014-02-17,1.57,1.57,1.52,1.53,2381510
2014-02-18,1.53,1.54,1.51,1.54,3124481
2014-02-19,1.55,1.64,1.53,1.64,3158956
2014-02-20,1.64,1.66,1.48,1.56,4139809
2014-02-21,1.53,1.58,1.5,1.56,2183016
2014-02-24,1.64,1.64,1.54,1.6,2022710
2014-02-25,1.61,1.63,1.58,1.62,2157430
2014-02-26,1.66,1.66,1.59,1.62,1843850
2014-02-27,1.62,1.65,1.57,1.58,2309351
2014-02-28,1.58,1.6,1.54,1.58,1358800
2014-03-03,1.57,1.58,1.5,1.5,1791410
2014-03-04,1.46,1.54,1.45,1.51,1588798
2014-03-05,1.53,1.56,1.53,1.55,1366470
2014-03-06,1.55,1.58,1.53,1.57,1487404
2014-03-07,1.57,1.63,1.57,1.62,2502079
2014-03-10,1.62,1.66,1.6,1.66,1984915
2014-03-11,1.66,1.69,1.64,1.64,2279273
2014-03-12,1.62,1.65,1.59,1.61,1952742
2014-03-13,1.61,1.71,1.6,1.71,3007218
2014-03-14,1.72,1.75,1.69,1.69,1972182
2014-03-17,1.69,1.82,1.69,1.77,2884100
2014-03-18,1.82,1.85,1.77,1.79,3305796
2014-03-19,1.81,1.83,1.78,1.82,1987253
2014-03-20,1.84,1.85,1.75,1.78,4020870
2014-03-21,1.78,1.82,1.76,1.79,2101235
2014-03-24,1.8,1.84,1.8,1.83,1706898
2014-03-25,1.84,1.84,1.72,1.75,2421871
2014-03-26,1.75,1.8,1.68,1.7,3640673
2014-03-27,1.71,1.79,1.68,1.79,2055300
2014-03-28,1.79,1.82,1.77,1.8,1541161
2014-03-31,1.8,1.89,1.8,1.86,4259782
2014-04-01,1.86,1.87,1.79,1.82,3502515
2014-04-02,1.83,1.83,1.74,1.82,1894615
2014-04-03,1.83,1.85,1.81,1.85,1542805
2014-04-04,1.85,1.86,1.8,1.85,1653465
2014-04-07,1.84,1.92,1.84,1.92,3584088
2014-04-08,1.92,2.02,1.92,1.99,3260176
2014-04-10,2.01,2.03,1.94,1.96,2098780
2014-04-11,1.96,1.98,1.92,1.96,3080788
2014-04-14,1.96,1.98,1.9,1.9,2076132
2014-04-15,1.9,1.91,1.82,1.82,3794847
2014-04-16,1.81,1.82,1.71,1.75,3039760
2014-04-17,1.75,1.8,1.75,1.77,1624350
2014-04-18,1.78,1.78,1.62,1.62,2284230
2014-04-21,1.62,1.65,1.57,1.57,2284000
2014-04-22,1.57,1.68,1.57,1.68,3297150
2014-04-23,1.71,1.71,1.64,1.65,1753652
2014-04-24,1.64,1.69,1.63,1.67,913260
2014-04-25,1.67,1.71,1.67,1.67,1122900
2014-04-28,1.67,1.69,1.61,1.62,1955550
2014-04-29,1.61,1.63,1.6,1.63,455900
2014-05-05,1.62,1.64,1.49,1.53,1708300
2014-05-06,1.51,1.52,1.41,1.48,3032000
2014-05-07,1.49,1.51,1.46,1.46,1150827
2014-05-08,1.46,1.46,1.31,1.31,4792550
2014-05-09,1.19,1.44,1.19,1.44,3259200
2014-05-12,1.44,1.44,1.3,1.31,2426110
2014-05-13,1.19,1.37,1.19,1.32,1652405
2014-05-14,1.32,1.45,1.32,1.45,2446035
2014-05-15,1.42,1.51,1.31,1.43,3628438
2014-05-16,1.45,1.52,1.43,1.5,1903053
2014-05-19,1.51,1.54,1.48,1.5,2639020
2014-05-20,1.5,1.53,1.47,1.5,3594000
2014-05-21,1.51,1.57,1.5,1.57,1595605
2014-05-22,1.58,1.6,1.56,1.58,2055700
2014-05-23,1.57,1.58,1.54,1.55,912500
2014-05-26,1.55,1.55,1.52,1.54,738550
2014-05-27,1.53,1.65,1.53,1.63,2017771
2014-05-28,1.66,1.66,1.59,1.62,1336300
2014-05-29,1.61,1.62,1.57,1.59,788100
2014-05-30,1.59,1.59,1.56,1.57,600115
2014-06-02,1.57,1.57,1.53,1.53,952810
2014-06-03,1.53,1.55,1.51,1.51,892366
2014-06-04,1.52,1.52,1.43,1.44,1270600
2014-06-05,1.44,1.5,1.43,1.49,774800
2014-06-06,1.49,1.63,1.49,1.63,1751050
2014-06-09,1.68,1.71,1.6,1.6,2612641
2014-06-10,1.6,1.6,1.54,1.55,1252800
2014-06-11,1.54,1.61,1.54,1.6,1520770
2014-06-12,1.61,1.62,1.57,1.61,1178320
2014-06-13,1.6,1.61,1.59,1.61,344050
2014-06-16,1.61,1.62,1.61,1.62,777505
2014-06-17,1.63,1.68,1.61,1.67,1640500
2014-06-18,1.67,1.68,1.65,1.66,469510
2014-06-19,1.65,1.65,1.55,1.62,1976300
2014-06-20,1.62,1.67,1.6,1.61,429605
2014-06-23,1.6,1.61,1.59,1.61,511685
2014-06-24,1.56,1.66,1.56,1.65,1205400
2014-06-25,1.65,1.68,1.65,1.67,829515
2014-06-26,1.67,1.69,1.65,1.67,1218320
2014-06-27,1.67,1.68,1.66,1.67,911800
2014-06-30,1.67,1.77,1.66,1.77,2354546
2014-07-01,1.78,1.82,1.74,1.76,1143800
2014-07-02,1.76,1.79,1.76,1.77,839000
2014-07-03,1.77,1.82,1.76,1.78,1426100
2014-07-04,1.78,1.82,1.77,1.79,1076425
2014-07-07,1.82,1.84,1.79,1.8,1193615
2014-07-08,1.79,1.82,1.77,1.8,1883800
2014-07-09,1.82,1.83,1.77,1.78,1036900
2014-07-10,1.78,1.78,1.72,1.73,1837370
2014-07-11,1.73,1.74,1.69,1.73,1402343
2014-07-14,1.73,1.74,1.7,1.73,521100
2014-07-15,1.73,1.77,1.73,1.76,822310
2014-07-16,1.76,1.8,1.76,1.76,1047320
2014-07-17,1.76,1.76,1.73,1.75,464700
2014-07-18,1.74,1.77,1.73,1.77,842900
2014-07-21,1.75,1.79,1.74,1.76,2260700
2014-07-22,1.76,1.76,1.72,1.73,676200
2014-07-23,1.73,1.74,1.71,1.73,610100
2014-07-24,1.71,1.73,1.71,1.72,426800
2014-07-25,1.73,1.73,1.63,1.63,880100
2014-07-28,1.63,1.65,1.58,1.61,1139060
2014-07-29,1.62,1.63,1.59,1.61,754710
2014-07-30,1.6,1.62,1.56,1.57,636910
2014-07-31,1.57,1.63,1.57,1.61,392902
2014-08-01,1.61,1.61,1.59,1.61,528000
2014-08-04,1.6,1.63,1.58,1.61,652500
2014-08-05,1.45,1.65,1.45,1.65,665900
2014-08-06,1.65,1.65,1.62,1.62,602101
2014-08-07,1.62,1.62,1.61,1.62,312800
2014-08-08,1.62,1.65,1.61,1.62,683221
2014-08-11,1.61,1.62,1.6,1.62,233300
2014-08-12,1.62,1.62,1.6,1.6,354400
2014-08-13,1.6,1.66,1.6,1.66,635821
2014-08-14,1.67,1.7,1.66,1.67,991900
2014-08-15,1.67,1.67,1.65,1.66,359700
2014-08-18,1.65,1.73,1.65,1.7,1142510
2014-08-19,1.72,1.72,1.67,1.67,1430740
2014-08-20,1.69,1.69,1.67,1.67,320200
2014-08-21,1.68,1.72,1.67,1.7,953200
2014-08-22,1.7,1.74,1.7,1.72,1098880
2014-08-25,1.73,1.77,1.73,1.75,1257450
2014-08-26,1.76,1.8,1.73,1.78,2537835
2014-08-27,1.76,1.78,1.7,1.74,1417523
2014-08-28,1.74,1.79,1.74,1.79,1178947
2014-08-29,1.8,1.84,1.79,1.84,1787330
2014-09-03,1.84,1.88,1.84,1.86,1230784
2014-09-04,1.86,1.86,1.8,1.8,831314
2014-09-05,1.8,1.82,1.79,1.82,900701
2014-09-08,1.82,1.85,1.82,1.84,663806
2014-09-09,1.83,1.88,1.7,1.74,2000400
2014-09-10,1.75,1.77,1.72,1.77,734430
2014-09-11,1.79,1.8,1.77,1.77,901935
2014-09-12,1.76,1.79,1.76,1.78,559300
2014-09-15,1.8,1.82,1.75,1.76,756510
2014-09-16,1.75,1.78,1.72,1.78,1575402
2014-09-17,1.78,1.92,1.78,1.89,3899410
2014-09-18,1.9,1.9,1.77,1.77,1336353
2014-09-19,1.77,1.79,1.76,1.77,440310
2014-09-22,1.77,1.79,1.68,1.68,1501900
2014-09-23,1.69,1.73,1.69,1.72,1216869
2014-09-24,1.71,1.72,1.69,1.7,1074050
2014-09-25,1.7,1.73,1.68,1.73,733900
2014-09-26,1.74,1.75,1.73,1.73,680300
2014-09-29,1.75,1.78,1.74,1.75,777543
2014-09-30,1.75,1.75,1.72,1.73,847714
2014-10-01,1.75,1.78,1.75,1.76,823900
2014-10-02,1.76,1.83,1.76,1.79,2012151
2014-10-03,1.82,1.88,1.79,1.82,2354700
2014-10-06,1.82,1.85,1.82,1.82,547020
2014-10-07,1.83,1.83,1.79,1.8,924000
2014-10-08,1.8,1.82,1.77,1.79,843220
2014-10-09,1.8,1.84,1.78,1.78,915000
2014-10-10,1.8,1.8,1.75,1.76,816210
2014-10-13,1.75,1.78,1.75,1.77,649310
2014-10-14,1.77,1.78,1.71,1.71,753200
2014-10-15,1.71,1.74,1.69,1.72,749100
2014-10-16,1.72,1.72,1.67,1.67,1290694
2014-10-17,1.68,1.69,1.65,1.69,393610
2014-10-20,1.69,1.72,1.68,1.68,350610
2014-10-21,1.68,1.69,1.66,1.67,278700
2014-10-22,1.67,1.73,1.67,1.73,931950
2014-10-23,1.72,1.73,1.69,1.7,355600
2014-10-24,1.7,1.71,1.69,1.71,644200
2014-10-27,1.7,1.71,1.62,1.62,984800
2014-10-28,1.6,1.66,1.6,1.63,587500
2014-10-29,1.61,1.69,1.61,1.68,299700
2014-10-30,1.7,1.77,1.7,1.74,2988180
2014-10-31,1.75,1.75,1.72,1.74,726520
2014-11-03,1.75,1.76,1.73,1.73,983420
2014-11-04,1.73,1.73,1.68,1.68,2254286
2014-11-05,1.68,1.72,1.68,1.71,2520750
2014-11-06,1.83,1.83,1.73,1.76,1503521
2014-11-07,1.8,1.8,1.73,1.76,320004
2014-11-10,1.76,1.77,1.75,1.76,405125
2014-11-11,1.76,1.76,1.73,1.73,542857
2014-11-12,1.73,1.78,1.73,1.77,1349450
2014-11-13,1.77,1.8,1.76,1.77,798600
2014-11-14,1.76,1.77,1.73,1.73,667006
2014-11-17,1.76,1.76,1.73,1.75,335300
2014-11-18,1.75,1.75,1.72,1.72,295829
2014-11-19,1.72,1.72,1.68,1.68,741652
2014-11-20,1.69,1.72,1.68,1.72,500300
2014-11-21,1.72,1.72,1.66,1.68,752500
2014-11-24,1.68,1.69,1.64,1.64,639120
2014-11-25,1.63,1.68,1.63,1.67,227810
2014-11-26,1.67,1.68,1.62,1.63,515000
2014-11-27,1.63,1.68,1.62,1.68,285500
2014-11-28,1.68,1.71,1.66,1.67,706519
2014-12-01,1.67,1.68,1.66,1.66,336640
2014-12-02,1.67,1.69,1.66,1.67,320100
2014-12-03,1.67,1.69,1.67,1.68,816900
2014-12-04,1.68,1.72,1.68,1.72,1033200
2014-12-05,1.72,1.72,1.68,1.71,360220
2014-12-08,1.69,1.69,1.67,1.67,548910
2014-12-09,1.68,1.68,1.61,1.61,1363343
2014-12-10,1.46,1.66,1.46,1.64,371000
2014-12-11,1.64,1.64,1.62,1.63,218691
2014-12-12,1.63,1.66,1.63,1.64,162300
2014-12-15,1.64,1.67,1.63,1.63,275800
2014-12-16,1.63,1.63,1.56,1.57,628500
2014-12-17,1.57,1.59,1.47,1.53,1039710
2014-12-18,1.54,1.59,1.54,1.57,405800
2014-12-19,1.57,1.59,1.53,1.54,298969
2014-12-22,1.54,1.57,1.54,1.57,150100
2014-12-23,1.57,1.58,1.53,1.54,303400
2014-12-24,1.53,1.58,1.53,1.56,175153
2014-12-25,1.56,1.56,1.53,1.53,154200
2014-12-26,1.56,1.56,1.49,1.51,239700
2014-12-29,1.51,1.53,1.47,1.47,158611
2014-12-30,1.47,1.52,1.46,1.52,273920
2014-12-31,1.52,1.58,1.52,1.58,464030
2015-01-05,1.61,1.61,1.57,1.57,221280
2015-01-06,1.54,1.63,1.54,1.63,755100
2015-01-07,1.62,1.63,1.61,1.63,474410
2015-01-08,1.62,1.63,1.59,1.61,455600
2015-01-09,1.61,1.66,1.61,1.64,681400
2015-01-12,1.62,1.66,1.51,1.63,560800
2015-01-13,1.47,1.66,1.47,1.64,557600
2015-01-14,1.63,1.64,1.59,1.62,610112
2015-01-15,1.62,1.66,1.62,1.66,1290719
2015-01-16,1.66,1.71,1.66,1.66,1031600
2015-01-19,1.66,1.67,1.62,1.63,859230
2015-01-20,1.63,1.64,1.61,1.63,374200
2015-01-21,1.64,1.66,1.62,1.62,578300
2015-01-22,1.62,1.64,1.61,1.64,301800
2015-01-23,1.64,1.67,1.64,1.66,883900
2015-01-26,1.66,1.67,1.63,1.63,289788
2015-01-27,1.64,1.64,1.61,1.62,410400
2015-01-28,1.59,1.62,1.54,1.59,285500
2015-01-29,1.59,1.61,1.59,1.61,173303
2015-01-30,1.61,1.61,1.54,1.56,567600
2015-02-02,1.54,1.54,1.49,1.49,1004400
2015-02-03,1.49,1.51,1.47,1.47,305900
2015-02-04,1.33,1.48,1.33,1.44,313140
2015-02-05,1.31,1.49,1.31,1.47,323300
2015-02-06,1.47,1.51,1.47,1.49,124500
2015-02-09,1.49,1.51,1.48,1.48,109400
2015-02-10,1.48,1.51,1.47,1.49,136802
2015-02-11,1.49,1.52,1.49,1.52,308000
2015-02-12,1.51,1.56,1.51,1.54,441900
2015-02-13,1.54,1.57,1.53,1.56,293600
2015-02-24,1.56,1.58,1.56,1.57,170810
2015-02-25,1.42,1.58,1.42,1.53,241600
2015-02-26,1.53,1.54,1.52,1.53,147220
2015-02-27,1.52,1.56,1.52,1.52,152900
2015-03-02,1.53,1.53,1.49,1.49,356705
2015-03-03,1.49,1.51,1.46,1.51,1039326
2015-03-04,1.51,1.54,1.51,1.54,833570
2015-03-05,1.54,1.56,1.52,1.53,644597
2015-03-06,1.53,1.53,1.51,1.52,389591
2015-03-09,1.52,1.52,1.48,1.48,508020
2015-03-10,1.47,1.51,1.47,1.47,439551
2015-03-11,1.48,1.49,1.46,1.46,366428
2015-03-12,1.44,1.51,1.36,1.47,294324
2015-03-13,1.47,1.48,1.46,1.46,134450
2015-03-16,1.46,1.46,1.41,1.41,1066834
2015-03-17,1.42,1.43,1.41,1.43,366380
2015-03-18,1.43,1.44,1.41,1.41,226140
2015-03-19,1.41,1.43,1.41,1.41,535408
2015-03-20,1.41,1.43,1.41,1.41,289680
2015-03-23,1.42,1.42,1.38,1.38,419053
2015-03-24,1.38,1.39,1.36,1.37,509661
2015-03-25,1.36,1.38,1.36,1.37,224166
2015-03-26,1.37,1.38,1.36,1.37,388650
2015-03-27,1.38,1.39,1.36,1.36,170540
2015-03-30,1.37,1.37,1.33,1.33,249470
2015-03-31,1.36,1.37,1.34,1.36,192875
2015-04-01,1.36,1.37,1.31,1.32,363674
2015-04-02,1.32,1.34,1.31,1.34,333750
2015-04-03,1.34,1.36,1.33,1.34,99862
2015-04-06,1.34,1.36,1.32,1.32,535740
2015-04-07,1.33,1.36,1.32,1.33,263924
2015-04-08,1.34,1.36,1.33,1.33,141655
2015-04-09,1.34,1.37,1.33,1.36,349183
2015-04-10,1.37,1.42,1.37,1.41,726768
2015-04-13,1.41,1.42,1.37,1.37,198145
2015-04-14,1.39,1.39,1.36,1.36,326968
2015-04-15,1.37,1.38,1.36,1.37,336922
2015-04-16,1.39,1.41,1.37,1.41,564530
2015-04-17,1.41,1.42,1.39,1.39,911740
2015-04-20,1.39,1.41,1.37,1.38,299333
2015-04-21,1.38,1.39,1.37,1.38,315521
2015-04-22,1.38,1.38,1.34,1.34,620959
2015-04-23,1.36,1.38,1.36,1.37,304660
2015-04-24,1.38,1.39,1.36,1.37,246212
2015-04-27,1.37,1.37,1.33,1.33,387163
2015-05-04,1.34,1.34,1.27,1.27,914975
2015-05-05,1.14,1.29,1.14,1.28,484318
2015-05-06,1.29,1.29,1.26,1.27,235532
2015-05-07,1.26,1.29,1.26,1.28,325810
2015-05-08,1.28,1.31,1.28,1.31,213346
2015-05-11,1.31,1.32,1.29,1.31,270785
2015-05-12,1.31,1.31,1.27,1.28,304600
2015-05-13,1.29,1.32,1.27,1.32,288813
2015-05-14,1.32,1.33,1.31,1.32,214800
2015-05-15,1.32,1.36,1.32,1.33,565410
2015-05-18,1.32,1.33,1.26,1.28,468840
2015-05-19,1.28,1.31,1.27,1.28,212218
2015-05-20,1.31,1.41,1.29,1.41,1756247
2015-05-21,1.42,1.48,1.39,1.46,1536615
2015-05-22,1.46,1.47,1.43,1.46,532125
2015-05-25,1.46,1.49,1.44,1.48,709314
2015-05-26,1.48,1.51,1.46,1.47,665568
2015-05-27,1.48,1.51,1.46,1.48,455480
2015-05-28,1.47,1.54,1.47,1.52,1255883
2015-05-29,1.53,1.53,1.47,1.51,857455
2015-06-01,1.53,1.53,1.49,1.51,458611
2015-06-02,1.51,1.54,1.49,1.52,1351390
2015-06-03,1.53,1.57,1.53,1.56,949077
2015-06-04,1.57,1.58,1.53,1.53,741885
2015-06-05,1.56,1.61,1.52,1.58,1064500
2015-06-08,1.6,1.64,1.57,1.57,994116
2015-06-09,1.57,1.6,1.53,1.53,712300
2015-06-10,1.53,1.57,1.52,1.55,722550
2015-06-11,1.56,1.61,1.56,1.58,1365631
2015-06-12,1.61,1.74,1.6,1.72,4486263
2015-06-15,1.74,1.86,1.72,1.81,4114427
2015-06-16,1.81,1.82,1.74,1.75,1295830
2015-06-17,1.74,1.79,1.69,1.74,2895208
2015-06-18,1.75,1.83,1.75,1.81,2434662
2015-06-19,1.83,1.87,1.78,1.79,1343831
2015-06-22,1.79,1.81,1.77,1.78,989037
2015-06-23,1.79,1.79,1.75,1.75,798692
2015-06-24,1.77,1.81,1.75,1.79,2058970
2015-06-25,1.79,1.82,1.75,1.81,1115552
2015-06-26,1.78,1.95,1.78,1.9,6187956
2015-06-29,1.89,1.94,1.87,1.94,3491140
2015-06-30,1.92,1.95,1.83,1.83,1843604
2015-07-01,1.85,1.92,1.83,1.86,2426982
2015-07-02,1.86,1.9,1.85,1.87,1803155
2015-07-03,1.89,1.94,1.86,1.86,2443535
2015-07-06,1.86,1.91,1.86,1.91,2580109
2015-07-07,1.94,1.94,1.89,1.89,1790893
2015-07-08,1.87,1.89,1.78,1.78,3059899
2015-07-09,1.78,1.85,1.75,1.85,2111155
2015-07-10,1.86,1.9,1.82,1.82,1867623
2015-07-13,1.82,1.86,1.81,1.82,934860
2015-07-14,1.83,1.91,1.82,1.87,2863165
2015-07-15,1.87,1.9,1.86,1.86,2155172
2015-07-16,1.86,1.89,1.83,1.89,1064772
2015-07-17,1.87,1.9,1.85,1.87,1381728
2015-07-20,1.87,1.87,1.81,1.83,882915
2015-07-21,1.82,1.85,1.78,1.81,1875975
2015-07-22,1.79,1.92,1.78,1.92,2140591
2015-07-23,1.92,2.02,1.91,1.94,3369800
2015-07-24,1.94,2.02,1.91,2.0,2144179
2015-07-27,2.02,2.13,2.0,2.06,2937088
2015-07-28,2.06,2.1,1.99,1.99,2025190
2015-07-29,1.99,2.02,1.96,1.98,960708
2015-07-30,1.96,2.03,1.96,2.02,1289735
2015-07-31,2.02,2.03,1.94,1.95,1279397
2015-08-03,1.95,1.95,1.83,1.86,2134800
2015-08-04,1.86,1.91,1.85,1.87,1721492
2015-08-05,1.9,1.91,1.89,1.91,602810
2015-08-06,1.91,1.91,1.87,1.87,631080
2015-08-07,1.86,1.91,1.83,1.89,674557
2015-08-10,1.91,1.96,1.91,1.94,867122
2015-08-11,1.95,1.98,1.9,1.9,1577760
2015-08-12,1.9,1.94,1.87,1.92,2016571
2015-08-13,1.92,1.95,1.87,1.91,1019130
2015-08-14,1.9,1.94,1.87,1.94,898625
2015-08-17,1.94,1.95,1.85,1.87,884299
2015-08-18,1.87,1.9,1.82,1.89,2365680
2015-08-19,1.89,1.99,1.83,1.98,2864820
2015-08-20,1.99,2.02,1.92,1.92,1029550
2015-08-21,1.91,1.91,1.81,1.9,1711365
2015-08-24,1.89,1.89,1.72,1.72,2398130
2015-08-25,1.55,1.78,1.55,1.7,1123395
2015-08-26,1.7,1.82,1.7,1.79,1691450
2015-08-27,1.81,1.83,1.79,1.81,1757125
2015-08-28,1.81,1.92,1.81,1.87,3713760
2015-08-31,1.9,1.94,1.86,1.89,2946820
2015-09-01,1.9,1.92,1.87,1.87,1050700
2015-09-03,1.89,1.89,1.79,1.79,1944662
2015-09-04,1.83,1.83,1.79,1.81,1436468
2015-09-07,1.79,1.83,1.79,1.79,585400
2015-09-08,1.79,1.85,1.77,1.85,1206355
2015-09-09,1.86,1.89,1.85,1.85,1200040
2015-09-10,1.83,1.87,1.82,1.83,1314767
2015-09-11,1.82,1.85,1.81,1.81,720660
2015-09-14,1.82,1.83,1.75,1.75,967800
2015-09-15,1.75,1.79,1.75,1.77,994260
2015-09-16,1.78,1.79,1.75,1.78,532846
2015-09-17,1.79,1.79,1.73,1.73,791010
2015-09-18,1.77,1.81,1.75,1.77,2060187
2015-09-21,1.78,1.81,1.77,1.79,770803
2015-09-22,1.79,1.82,1.78,1.78,523548
2015-09-23,1.78,1.79,1.77,1.78,675200
2015-09-24,1.79,1.79,1.77,1.77,853810
2015-09-25,1.78,1.78,1.73,1.73,789240
2015-09-28,1.73,1.77,1.68,1.68,1601731
2015-09-29,1.68,1.68,1.62,1.65,2807236
2015-09-30,1.66,1.7,1.65,1.65,951800
2015-10-01,1.65,1.68,1.61,1.61,755900
2015-10-02,1.62,1.64,1.61,1.61,964250
2015-10-05,1.64,1.66,1.62,1.65,1001470
2015-10-06,1.69,1.77,1.68,1.75,2524420
2015-10-07,1.75,1.77,1.73,1.73,1271921
2015-10-08,1.75,1.78,1.72,1.74,703200
2015-10-09,1.57,1.77,1.57,1.72,1084280
2015-10-12,1.72,1.78,1.72,1.73,2239702
2015-10-13,1.73,1.75,1.72,1.73,729701
2015-10-14,1.73,1.75,1.72,1.72,765560
2015-10-15,1.72,1.77,1.7,1.74,1323830
2015-10-16,1.75,1.77,1.74,1.75,499466
2015-10-19,1.73,1.77,1.73,1.74,854540
2015-10-20,1.74,1.75,1.68,1.68,1328965
2015-10-21,1.52,1.73,1.52,1.69,586510
2015-10-22,1.69,1.75,1.69,1.75,1053741
2015-10-23,1.75,1.79,1.75,1.75,1113604
2015-10-26,1.77,1.78,1.74,1.77,417190
2015-10-27,1.75,1.81,1.74,1.79,1403250
2015-10-28,1.79,1.81,1.77,1.78,466700
2015-10-29,1.78,1.82,1.78,1.82,2005850
2015-10-30,1.83,1.83,1.81,1.81,215070
2015-11-02,1.81,1.83,1.75,1.78,425950
2015-11-03,1.78,1.82,1.77,1.82,538335
2015-11-04,1.82,1.87,1.82,1.83,1313720
2015-11-05,1.83,1.86,1.83,1.85,796600
2015-11-06,1.85,1.85,1.81,1.81,182030
2015-11-09,1.81,1.81,1.78,1.81,204305
2015-11-10,1.78,1.81,1.77,1.77,271910
2015-11-11,1.78,1.79,1.75,1.75,461969
2015-11-12,1.77,1.78,1.73,1.77,468100
2015-11-13,1.77,1.78,1.75,1.77,393195
2015-11-16,1.77,1.77,1.73,1.73,177260
2015-11-17,1.74,1.75,1.73,1.73,210400
2015-11-18,1.74,1.77,1.73,1.74,268515
2015-11-19,1.74,1.75,1.72,1.72,183822
2015-11-20,1.72,1.75,1.7,1.74,327060
2015-11-23,1.75,1.79,1.74,1.78,775532
2015-11-24,1.81,1.81,1.75,1.79,387265
2015-11-25,1.77,1.79,1.75,1.77,463400
2015-11-26,1.78,1.78,1.74,1.74,425150
2015-11-27,1.74,1.75,1.72,1.73,450210
2015-11-30,1.73,1.73,1.69,1.69,474450
2015-12-01,1.7,1.72,1.66,1.66,264850
2015-12-02,1.7,1.7,1.65,1.65,567550
2015-12-03,1.66,1.7,1.65,1.65,454540
2015-12-04,1.65,1.68,1.64,1.68,163100
2015-12-07,1.68,1.68,1.64,1.65,87490
2015-12-08,1.64,1.68,1.62,1.68,442100
2015-12-09,1.68,1.68,1.64,1.64,224770
2015-12-10,1.65,1.65,1.6,1.6,180560
2015-12-11,1.62,1.62,1.6,1.6,224000
2015-12-14,1.62,1.62,1.57,1.57,226600
2015-12-15,1.58,1.6,1.55,1.56,323750
2015-12-16,1.58,1.61,1.56,1.58,797800
2015-12-17,1.6,1.61,1.56,1.57,527500
2015-12-18,1.57,1.6,1.53,1.55,362370
2015-12-21,1.55,1.56,1.51,1.51,664400
2015-12-22,1.53,1.55,1.48,1.48,685010
2015-12-23,1.49,1.51,1.44,1.44,795610
2015-12-24,1.51,1.51,1.45,1.48,565996
2015-12-25,1.51,1.52,1.45,1.48,445840
2015-12-28,1.49,1.52,1.48,1.48,597000
2015-12-29,1.48,1.57,1.48,1.56,1203871
2015-12-30,1.62,1.62,1.56,1.58,742103
2015-12-31,1.58,1.58,1.55,1.58,517750
2016-01-04,1.68,1.68,1.52,1.52,902700
2016-01-05,1.66,1.66,1.48,1.51,246110
2016-01-06,1.65,1.65,1.48,1.52,167780
2016-01-07,1.66,1.66,1.41,1.45,956025
2016-01-08,1.6,1.6,1.39,1.4,858700
2016-01-11,1.43,1.43,1.4,1.4,180450
2016-01-12,1.4,1.45,1.4,1.45,493270
2016-01-13,1.44,1.51,1.44,1.47,1302678
2016-01-14,1.45,1.47,1.41,1.45,895640
2016-01-15,1.37,1.47,1.36,1.39,500700
2016-01-18,1.36,1.36,1.26,1.28,1346296
2016-01-19,1.17,1.35,1.17,1.34,945605
2016-01-20,1.34,1.37,1.3,1.32,943740
2016-01-21,1.31,1.35,1.31,1.34,1062500
2016-01-22,1.34,1.41,1.34,1.41,1602701
2016-01-25,1.41,1.52,1.41,1.48,1562900
2016-01-26,1.48,1.48,1.43,1.44,1035260
2016-01-27,1.47,1.49,1.45,1.48,343550
2016-01-28,1.51,1.51,1.44,1.49,464640
2016-01-29,1.48,1.51,1.45,1.51,665420
2016-02-01,1.49,1.51,1.47,1.47,374060
2016-02-02,1.47,1.49,1.44,1.44,830970
2016-02-03,1.45,1.48,1.41,1.44,355200
2016-02-04,1.45,1.47,1.45,1.47,243100
2016-02-05,1.47,1.51,1.44,1.49,621900
2016-02-15,1.47,1.48,1.47,1.47,230435
2016-02-16,1.47,1.48,1.47,1.48,418900
2016-02-17,1.48,1.51,1.45,1.45,464435
2016-02-18,1.47,1.51,1.47,1.49,762238
2016-02-19,1.49,1.49,1.47,1.48,285100
2016-02-22,1.49,1.58,1.49,1.56,1845555
2016-02-23,1.58,1.6,1.52,1.52,1336637
2016-02-24,1.52,1.56,1.52,1.56,1297240
2016-02-25,1.56,1.56,1.51,1.51,921600
2016-02-26,1.52,1.55,1.52,1.53,792100
2016-02-29,1.55,1.57,1.53,1.55,830630
2016-03-01,1.55,1.56,1.52,1.53,897450
2016-03-02,1.55,1.58,1.53,1.53,1235110
2016-03-03,1.55,1.56,1.53,1.55,598030
2016-03-04,1.53,1.55,1.53,1.55,550175
2016-03-07,1.53,1.56,1.52,1.53,1296730
2016-03-08,1.47,1.6,1.47,1.56,2553983
2016-03-09,1.55,1.58,1.55,1.57,769950
2016-03-10,1.57,1.62,1.57,1.62,2008105
2016-03-11,1.57,1.66,1.57,1.62,1364930
2016-03-14,1.62,1.65,1.6,1.62,735130
2016-03-15,1.61,1.62,1.57,1.58,1071083
2016-03-16,1.58,1.6,1.55,1.57,397300
2016-03-17,1.6,1.6,1.57,1.6,820220
2016-03-18,1.57,1.61,1.56,1.56,799537
2016-03-21,1.57,1.58,1.56,1.56,645200
2016-03-22,1.56,1.57,1.53,1.56,455200
2016-03-23,1.53,1.57,1.53,1.55,882300
2016-03-24,1.55,1.57,1.53,1.53,826130
2016-03-25,1.52,1.55,1.48,1.51,866188
2016-03-28,1.52,1.53,1.51,1.51,505960
2016-03-29,1.51,1.53,1.48,1.48,629826
2016-03-30,1.48,1.52,1.47,1.48,722340
2016-03-31,1.48,1.51,1.45,1.45,677700
2016-04-01,1.47,1.47,1.44,1.45,528070
2016-04-04,1.47,1.49,1.45,1.47,550119
2016-04-05,1.47,1.55,1.47,1.53,1531620
2016-04-06,1.53,1.55,1.51,1.55,403510
2016-04-07,1.53,1.56,1.52,1.55,637205
2016-04-08,1.53,1.56,1.52,1.53,1032800
2016-04-11,1.55,1.56,1.53,1.55,987910
2016-04-12,1.55,1.57,1.55,1.57,1011720
2016-04-13,1.56,1.58,1.53,1.56,1120430
2016-04-14,1.57,1.57,1.49,1.56,498700
2016-04-15,1.56,1.58,1.55,1.55,1016820
2016-04-19,1.55,1.55,1.51,1.52,562810
2016-04-20,1.51,1.53,1.48,1.51,626635
2016-04-21,1.51,1.52,1.49,1.52,727100
2016-04-22,1.52,1.56,1.49,1.55,1256765
2016-04-25,1.56,1.57,1.55,1.56,544730
2016-04-26,1.57,1.57,1.51,1.52,1070100
2016-04-27,1.52,1.55,1.51,1.52,651435
2016-04-28,1.52,1.55,1.51,1.53,838801
2016-04-29,1.53,1.55,1.51,1.55,1036600
2016-05-04,1.53,1.55,1.52,1.55,1387820
2016-05-05,1.53,1.55,1.52,1.53,863990
2016-05-06,1.52,1.58,1.52,1.55,1618228
2016-05-09,1.55,1.57,1.53,1.55,970750
2016-05-10,1.55,1.55,1.52,1.55,648610
2016-05-11,1.55,1.57,1.53,1.55,1041548
2016-05-12,1.56,1.56,1.52,1.53,794400
2016-05-13,1.53,1.55,1.52,1.52,1184840
2016-05-16,1.52,1.53,1.52,1.53,601285
2016-05-17,1.53,1.55,1.52,1.55,911200
2016-05-18,1.55,1.55,1.53,1.55,584400
2016-05-19,1.55,1.55,1.52,1.52,216056
2016-05-20,1.55,1.55,1.52,1.52,315700
2016-05-23,1.51,1.52,1.49,1.52,364083
2016-05-24,1.49,1.53,1.49,1.52,351716
2016-05-25,1.52,1.56,1.52,1.52,585300
2016-05-26,1.58,1.58,1.49,1.49,392355
2016-05-27,1.51,1.53,1.51,1.51,309655
2016-05-30,1.53,1.56,1.53,1.55,779571
2016-05-31,1.56,1.56,1.53,1.55,530300
2016-06-01,1.53,1.58,1.53,1.57,1706365
2016-06-02,1.57,1.57,1.56,1.57,541307
2016-06-03,1.57,1.58,1.55,1.56,1239000
2016-06-06,1.56,1.57,1.53,1.53,687396
2016-06-07,1.53,1.56,1.52,1.53,613248
2016-06-08,1.53,1.57,1.53,1.56,1578700
2016-06-09,1.58,1.64,1.55,1.6,1997542
2016-06-10,1.62,1.66,1.6,1.65,1766827
2016-06-13,1.65,1.65,1.6,1.64,1017930
2016-06-14,1.61,1.65,1.61,1.65,593752
2016-06-15,1.65,1.65,1.61,1.65,933407
2016-06-16,1.65,1.66,1.62,1.62,680140
2016-06-17,1.61,1.61,1.57,1.58,773923
2016-06-20,1.6,1.6,1.58,1.6,463355
2016-06-21,1.6,1.62,1.58,1.58,512950
2016-06-22,1.58,1.58,1.56,1.56,383110
2016-06-23,1.56,1.57,1.56,1.57,295622
2016-06-24,1.56,1.56,1.41,1.48,1810428
2016-06-27,1.48,1.49,1.45,1.48,581522
2016-06-28,1.48,1.49,1.48,1.49,469748
2016-06-29,1.51,1.52,1.49,1.49,980210
2016-06-30,1.49,1.56,1.49,1.53,769322
2016-07-01,1.53,1.55,1.52,1.53,772505
2016-07-04,1.55,1.68,1.55,1.68,2021860
2016-07-05,1.82,1.82,1.7,1.73,1480025
2016-07-06,1.73,1.75,1.68,1.72,440747
2016-07-07,1.73,1.79,1.7,1.79,1330897
2016-07-08,1.78,1.86,1.73,1.77,1778149
2016-07-11,1.77,1.83,1.69,1.69,1441500
2016-07-12,1.69,1.79,1.69,1.78,1786294
2016-07-13,1.78,1.83,1.78,1.79,1235931
2016-07-14,1.81,1.85,1.77,1.77,1527270
2016-07-15,1.77,1.79,1.73,1.78,509934
2016-07-18,1.79,1.81,1.77,1.79,673000
2016-07-19,1.78,1.87,1.78,1.82,2037490
2016-07-20,1.82,1.86,1.79,1.81,660230
2016-07-21,1.81,1.81,1.75,1.77,880250
2016-07-22,1.74,1.75,1.69,1.73,1114515
2016-07-25,1.73,1.77,1.72,1.72,383915
2016-07-26,1.74,1.74,1.68,1.72,340506
2016-07-27,1.7,1.74,1.7,1.72,273050
2016-07-28,1.74,1.79,1.7,1.75,614428
2016-07-29,1.75,1.78,1.74,1.75,502110
2016-08-01,1.74,1.77,1.74,1.75,420392
2016-08-02,1.73,1.73,1.7,1.7,441402
2016-08-03,1.72,1.73,1.69,1.7,157302
2016-08-04,1.69,1.73,1.65,1.66,309983
2016-08-05,1.66,1.68,1.62,1.68,545860
2016-08-08,1.68,1.7,1.65,1.68,386850
2016-08-09,1.69,1.7,1.68,1.69,242825
2016-08-10,1.74,1.74,1.7,1.72,236225
2016-08-11,1.72,1.74,1.72,1.74,433351
2016-08-12,1.74,1.76,1.7,1.7,240876
2016-08-15,1.7,1.73,1.69,1.72,257250
2016-08-16,1.72,1.78,1.72,1.78,816749
2016-08-17,1.77,1.78,1.76,1.78,209605
2016-08-18,1.78,1.8,1.77,1.78,589612
2016-08-19,1.78,1.78,1.73,1.74,594750
2016-08-22,1.74,1.74,1.72,1.72,116800
2016-08-23,1.72,1.73,1.7,1.73,292700
2016-08-24,1.74,1.74,1.73,1.74,58900
2016-08-25,1.73,1.73,1.7,1.7,137518
2016-08-26,1.7,1.77,1.7,1.72,452235
2016-08-29,1.74,1.74,1.7,1.7,310100
2016-08-30,1.7,1.73,1.7,1.72,148530
2016-08-31,1.72,1.74,1.72,1.72,221050
2016-09-01,1.72,1.73,1.7,1.73,152750
2016-09-05,1.73,1.73,1.7,1.7,282700
2016-09-06,1.69,1.73,1.69,1.73,297250
2016-09-07,1.72,1.73,1.7,1.72,95960
2016-09-08,1.7,1.78,1.7,1.76,590764
2016-09-09,1.77,1.83,1.76,1.8,1115689
2016-09-12,1.8,1.8,1.73,1.76,388160
2016-09-13,1.76,1.8,1.76,1.78,248000
2016-09-14,1.74,1.78,1.74,1.74,358910
2016-09-15,1.76,1.76,1.72,1.72,193000
2016-09-16,1.72,1.73,1.7,1.72,111700
2016-09-19,1.72,1.76,1.72,1.74,227670
2016-09-20,1.74,1.77,1.73,1.77,270640
2016-09-21,1.77,1.81,1.76,1.81,552830
2016-09-22,1.81,1.84,1.8,1.81,388482
2016-09-23,1.83,1.83,1.78,1.8,264505
2016-09-26,1.78,1.81,1.77,1.81,83470
2016-09-27,1.81,1.81,1.78,1.78,158440
2016-09-28,1.8,1.91,1.8,1.89,1322570
2016-09-29,1.91,1.91,1.87,1.88,302956
2016-09-30,1.88,1.93,1.88,1.91,339035
2016-10-03,1.91,1.98,1.91,1.96,827160
2016-10-04,1.96,1.98,1.84,1.89,582054
2016-10-05,1.89,1.92,1.88,1.89,275935
2016-10-06,1.91,1.92,1.87,1.87,248260
2016-10-07,1.88,1.88,1.84,1.85,505860
2016-10-10,1.87,1.87,1.83,1.83,201305
2016-10-11,1.81,1.84,1.77,1.81,393710
2016-10-12,1.81,1.83,1.77,1.8,285853
2016-10-13,1.8,1.84,1.78,1.84,184410
2016-10-14,1.83,1.84,1.8,1.81,215862
2016-10-17,1.83,1.84,1.78,1.83,158493
2016-10-18,1.83,1.83,1.78,1.8,125503
2016-10-19,1.81,1.83,1.8,1.83,191810
2016-10-20,1.81,1.87,1.81,1.83,463969
2016-10-21,1.84,1.87,1.8,1.81,476750
2016-10-24,1.81,1.81,1.78,1.8,239261
2016-10-25,1.8,1.8,1.76,1.77,204355
2016-10-26,1.77,1.84,1.74,1.76,448239
2016-10-27,1.76,1.77,1.74,1.76,87100
2016-10-28,1.76,1.77,1.74,1.74,219252
2016-10-31,1.76,1.77,1.72,1.72,221510
2016-11-01,1.72,1.73,1.7,1.7,99810
2016-11-02,1.72,1.72,1.65,1.68,291157
2016-11-03,1.68,1.69,1.63,1.66,280790
2016-11-04,1.63,1.68,1.63,1.65,151140
2016-11-07,1.63,1.68,1.59,1.66,149800
2016-11-08,1.68,1.69,1.66,1.68,72850
2016-11-09,1.68,1.68,1.58,1.63,307100
2016-11-10,1.63,1.7,1.63,1.66,265700
2016-11-11,1.68,1.68,1.63,1.65,197782
2016-11-14,1.68,1.68,1.61,1.63,202011
2016-11-15,1.66,1.66,1.62,1.63,464559
2016-11-16,1.65,1.66,1.63,1.63,188265
2016-11-17,1.63,1.63,1.61,1.62,192434
2016-11-18,1.63,1.63,1.59,1.59,168388
2016-11-21,1.61,1.61,1.57,1.58,285023
2016-11-22,1.58,1.62,1.58,1.59,290796
2016-11-23,1.59,1.62,1.59,1.62,278600
2016-11-24,1.62,1.62,1.61,1.61,103150
2016-11-25,1.61,1.61,1.59,1.59,149080
2016-11-28,1.59,1.59,1.57,1.57,147035
2016-11-29,1.57,1.58,1.55,1.55,123640
2016-11-30,1.57,1.58,1.55,1.58,132510
2016-12-01,1.58,1.59,1.57,1.58,356160
2016-12-02,1.58,1.61,1.58,1.61,253577
2016-12-05,1.58,1.59,1.57,1.59,244000
2016-12-06,1.59,1.59,1.57,1.58,255500
2016-12-07,1.57,1.61,1.57,1.61,210350
2016-12-08,1.59,1.63,1.59,1.63,254365
2016-12-09,1.62,1.63,1.61,1.63,238485
2016-12-12,1.63,1.65,1.61,1.62,222970
2016-12-13,1.61,1.63,1.61,1.63,215400
2016-12-14,1.63,1.65,1.62,1.63,136900
2016-12-15,1.63,1.66,1.62,1.66,561777
2016-12-16,1.66,1.73,1.65,1.72,470675
2016-12-19,1.73,1.8,1.72,1.77,995100
2016-12-20,1.76,1.78,1.74,1.74,771225
2016-12-21,1.73,1.78,1.73,1.74,414550
2016-12-22,1.73,1.76,1.73,1.76,232150
2016-12-23,1.76,1.76,1.73,1.74,578719
2016-12-26,1.73,1.76,1.73,1.76,164819
2016-12-27,1.76,1.77,1.74,1.77,247400
2016-12-28,1.77,1.78,1.76,1.77,297450
2016-12-29,1.77,1.8,1.76,1.78,454376
2016-12-30,1.78,1.78,1.77,1.78,100458
2017-01-03,1.78,1.81,1.78,1.81,264452
2017-01-04,1.81,1.83,1.8,1.81,177734
2017-01-05,1.81,1.83,1.8,1.81,265883
2017-01-06,1.81,1.84,1.81,1.81,318419
2017-01-09,1.81,1.84,1.81,1.81,395786
2017-01-10,1.81,1.83,1.8,1.8,348112
2017-01-11,1.81,1.81,1.74,1.77,591713
2017-01-12,1.74,1.8,1.74,1.8,597718
2017-01-13,1.78,1.81,1.77,1.8,516150
2017-01-16,1.81,1.81,1.77,1.8,52013
2017-01-17,1.74,1.78,1.73,1.78,56277
2017-01-18,1.77,1.78,1.63,1.63,322710
2017-01-19,1.72,1.76,1.7,1.74,341298
2017-01-20,1.76,1.76,1.72,1.72,174600
2017-01-23,1.72,1.72,1.68,1.68,172723
2017-01-24,1.69,1.7,1.68,1.69,123600
2017-01-25,1.69,1.77,1.66,1.68,175410
2017-02-02,1.73,1.73,1.65,1.66,298211
2017-02-03,1.66,1.72,1.63,1.7,189820
2017-02-06,1.7,1.7,1.66,1.69,254530
2017-02-07,1.69,1.72,1.65,1.7,383000
2017-02-08,1.7,1.7,1.69,1.69,173870
2017-02-09,1.68,1.72,1.68,1.69,208131
2017-02-10,1.69,1.72,1.66,1.66,245850
2017-02-13,1.66,1.76,1.66,1.74,589920
2017-02-14,1.74,1.76,1.7,1.7,280490
2017-02-15,1.72,1.74,1.72,1.72,158650
2017-02-16,1.72,1.74,1.72,1.73,285900
2017-02-17,1.73,1.76,1.72,1.74,215985
2017-02-20,1.74,1.77,1.73,1.77,123602
2017-02-21,1.77,1.78,1.76,1.76,189710
2017-02-22,1.76,1.84,1.76,1.8,660767
2017-02-23,1.8,1.81,1.77,1.78,170280
2017-02-24,1.78,1.78,1.76,1.76,187115
2017-02-27,1.74,1.77,1.73,1.77,279460
2017-02-28,1.77,1.77,1.74,1.74,303410
2017-03-01,1.73,1.74,1.7,1.72,355469
2017-03-02,1.73,1.73,1.7,1.72,333560
2017-03-03,1.73,1.73,1.7,1.7,411000
2017-03-06,1.7,1.73,1.7,1.73,231920
2017-03-07,1.73,1.76,1.72,1.73,344484
2017-03-08,1.73,1.76,1.73,1.73,199900
2017-03-09,1.73,1.8,1.73,1.77,568416
2017-03-10,1.78,1.8,1.74,1.74,482775
2017-03-13,1.74,1.8,1.74,1.77,683915
2017-03-14,1.77,1.8,1.77,1.8,544721
2017-03-15,1.8,1.8,1.77,1.78,194310
2017-03-16,1.77,1.83,1.77,1.8,909066
2017-03-17,1.81,1.89,1.81,1.85,1232850
2017-03-20,1.88,1.93,1.87,1.92,729083
2017-03-21,1.92,1.93,1.89,1.93,827296
2017-03-22,1.93,1.95,1.89,1.89,723326
2017-03-23,1.89,1.92,1.88,1.91,605414
2017-03-24,1.92,1.98,1.91,1.98,630260
2017-03-27,2.0,2.02,1.95,2.0,640660
2017-03-28,2.0,2.02,1.98,1.98,366740
2017-03-29,1.98,1.99,1.95,1.99,392446
2017-03-30,1.99,2.03,1.96,2.03,319781
2017-03-31,2.02,2.07,2.0,2.04,505185
2017-04-03,2.04,2.07,2.0,2.02,305844
2017-04-04,2.03,2.03,1.99,1.99,262915
2017-04-05,2.0,2.02,1.95,1.95,360368
2017-04-07,1.95,1.98,1.93,1.96,196606
2017-04-10,2.0,2.15,2.0,2.15,1166604
2017-04-11,2.15,2.15,2.08,2.11,367340
2017-04-12,2.07,2.11,2.03,2.11,384614
2017-04-13,2.11,2.11,2.03,2.03,393123
2017-04-14,2.03,2.03,1.96,2.03,389632
2017-04-17,1.98,2.07,1.98,2.02,153780
2017-04-18,2.02,2.06,2.0,2.06,167747
2017-04-19,2.03,2.06,2.02,2.03,189980
2017-04-20,2.04,2.07,2.02,2.02,466538
2017-04-21,2.04,2.21,2.04,2.08,1566427
2017-04-24,2.1,2.11,2.04,2.04,243304
2017-04-25,2.03,2.06,2.02,2.03,222160
2017-04-26,2.03,2.07,2.02,2.03,507338
2017-04-27,2.03,2.07,2.03,2.07,287776
2017-04-28,2.07,2.1,2.04,2.07,354214
2017-05-03,2.07,2.11,2.07,2.11,576405
2017-05-04,2.14,2.26,2.13,2.23,847912
2017-05-05,2.28,2.28,2.21,2.22,341460
2017-05-08,2.22,2.29,2.21,2.29,396000
2017-05-09,2.3,2.49,2.3,2.49,939857
2017-05-10,2.51,2.59,2.42,2.42,1434424
2017-05-11,2.42,2.51,2.41,2.44,787336
2017-05-12,2.45,2.48,2.42,2.44,817950
2017-05-15,2.44,2.59,2.41,2.55,847611
2017-05-16,2.56,2.59,2.47,2.47,592391
2017-05-17,2.51,2.51,2.41,2.44,313225
2017-05-18,2.44,2.52,2.41,2.45,768459
2017-05-19,2.45,2.66,2.44,2.64,1825221
2017-05-22,2.72,2.87,2.57,2.63,1360415
2017-05-23,2.63,2.66,2.52,2.59,1384171
2017-05-24,2.56,2.7,2.52,2.59,1285244
2017-05-25,2.57,2.67,2.57,2.6,1522674
2017-05-26,2.59,2.64,2.59,2.64,692195
2017-05-29,2.67,2.7,2.63,2.67,1274174
2017-05-30,2.66,2.68,2.55,2.62,1541015
2017-05-31,2.6,2.6,2.53,2.56,454353
2017-06-01,2.55,2.59,2.55,2.57,167200
2017-06-02,2.57,2.66,2.55,2.62,411400
2017-06-05,2.64,2.68,2.6,2.62,671582
2017-06-06,2.62,2.64,2.6,2.64,174560
2017-06-07,2.64,2.87,2.64,2.86,2332950
2017-06-08,2.9,2.9,2.79,2.82,467477
2017-06-09,2.81,2.92,2.81,2.83,726174
2017-06-12,2.82,2.93,2.82,2.89,888165
2017-06-13,2.92,2.97,2.89,2.93,656682
2017-06-14,2.93,2.97,2.89,2.93,729931
2017-06-15,2.92,2.94,2.87,2.89,456930
2017-06-16,2.81,2.9,2.81,2.9,602763
2017-06-19,2.93,2.93,2.86,2.9,857156
2017-06-20,2.9,2.98,2.89,2.93,610865
2017-06-21,2.92,2.93,2.87,2.92,516247
2017-06-22,2.93,3.04,2.9,2.98,716804
2017-06-23,2.98,3.04,2.85,2.96,473880
2017-06-26,2.92,2.98,2.92,2.96,241910
2017-06-27,3.0,3.0,2.9,2.92,389200
2017-06-28,2.93,2.93,2.87,2.92,365219
2017-06-29,2.92,2.97,2.92,2.94,336620
2017-06-30,2.96,2.96,2.93,2.94,252551
2017-07-03,2.97,3.11,2.97,3.08,745503
2017-07-04,3.22,3.22,3.09,3.13,593165
2017-07-05,3.13,3.19,3.11,3.19,426704
2017-07-06,3.19,3.24,3.13,3.17,741615
2017-07-07,3.17,3.19,2.97,3.0,1406636
2017-07-10,3.01,3.07,2.82,2.92,977801
2017-07-11,2.63,2.94,2.63,2.94,592222
2017-07-12,2.92,3.04,2.92,3.02,625885
2017-07-13,3.04,3.04,3.0,3.04,228742
2017-07-14,3.07,3.08,3.0,3.02,233200
2017-07-17,3.02,3.02,2.86,2.86,603166
2017-07-18,2.86,2.86,2.74,2.86,711950
2017-07-19,2.86,2.98,2.86,2.9,734375
2017-07-20,2.9,2.92,2.83,2.92,386685
2017-07-21,2.9,2.94,2.89,2.92,409975
2017-07-24,2.9,2.92,2.87,2.89,197652
2017-07-25,2.89,2.98,2.89,2.98,366404
2017-07-26,3.07,3.07,2.98,3.05,266241
2017-07-27,3.05,3.05,3.01,3.02,307030
2017-07-28,3.01,3.08,3.01,3.07,258859
2017-07-31,3.07,3.09,3.04,3.09,334408
2017-08-01,3.08,3.12,3.08,3.09,279993
2017-08-02,3.09,3.12,3.07,3.12,409162
2017-08-03,3.13,3.27,3.12,3.27,583335
2017-08-04,3.28,3.39,3.27,3.39,790428
2017-08-07,3.41,3.49,3.41,3.42,577812
2017-08-08,3.42,3.45,3.3,3.32,598843
2017-08-09,3.32,3.38,3.16,3.26,598558
2017-08-10,3.09,3.27,3.09,3.27,499830
2017-08-11,3.27,3.39,3.27,3.39,571803
2017-08-18,3.32,3.32,3.09,3.19,974820
2017-08-21,3.22,3.22,3.09,3.13,184370
2017-08-22,3.01,3.07,2.91,2.91,1250570
2017-08-23,2.86,2.9,2.79,2.85,651630
2017-08-24,2.83,2.92,2.83,2.86,434630
2017-08-25,2.86,2.89,2.77,2.79,465380
2017-08-28,2.79,2.86,2.75,2.86,1872220
2017-08-29,2.91,2.91,2.81,2.85,731040
2017-08-30,2.82,2.84,2.79,2.82,659110
2017-08-31,2.82,2.87,2.82,2.83,1158400
2017-09-01,2.82,2.85,2.82,2.85,651180
2017-09-05,2.85,2.92,2.83,2.92,1087850
2017-09-06,2.92,2.93,2.87,2.92,519460
2017-09-07,2.92,2.96,2.88,2.91,662990
2017-09-08,2.9,2.92,2.85,2.87,799900
2017-09-11,2.87,2.87,2.83,2.85,1069340
2017-09-12,2.83,2.86,2.83,2.86,660860
2017-09-13,2.86,2.99,2.86,2.98,884400
2017-09-14,2.98,3.05,2.98,3.05,647850
2017-09-15,3.06,3.06,2.99,3.01,1081030
2017-09-18,3.04,3.05,2.97,3.02,1285110
2017-09-19,3.0,3.02,2.97,3.0,836960
2017-09-20,2.98,3.0,2.95,2.96,375240
2017-09-21,2.96,3.04,2.96,2.99,664220
2017-09-22,3.0,3.0,2.97,2.98,457490
2017-09-25,2.97,2.98,2.93,2.93,510810
2017-09-26,2.92,2.96,2.91,2.93,417760
2017-09-27,2.94,2.98,2.92,2.94,328060
2017-09-28,2.96,2.96,2.9,2.92,450830
2017-09-29,2.94,2.94,2.89,2.91,414550
2017-10-02,2.91,2.94,2.86,2.87,347690
2017-10-03,2.89,2.89,2.68,2.79,574090
2017-10-04,2.79,2.83,2.78,2.81,214340
2017-10-05,2.86,2.87,2.81,2.81,306850
2017-10-06,2.85,2.88,2.84,2.85,433610
2017-10-09,2.91,2.91,2.85,2.88,423120
2017-10-10,2.88,2.9,2.85,2.87,371460
2017-10-11,2.87,2.89,2.85,2.85,413890
2017-10-12,2.87,2.89,2.85,2.85,359990
2017-10-13,2.85,2.85,2.83,2.83,205110
2017-10-16,2.83,2.85,2.77,2.78,513240
2017-10-17,2.78,2.83,2.78,2.83,220360
2017-10-18,2.87,2.91,2.85,2.85,749340
2017-10-19,2.85,2.87,2.82,2.83,176540
2017-10-20,2.83,2.83,2.79,2.8,260610
2017-10-23,2.78,2.83,2.7,2.72,455840
2017-10-24,2.72,2.78,2.72,2.75,332500
2017-10-25,2.77,2.79,2.77,2.78,380560
2017-10-26,2.79,2.83,2.72,2.77,322940
2017-10-27,2.78,2.78,2.75,2.76,286070
2017-10-30,2.76,2.81,2.75,2.75,374290
2017-10-31,2.76,2.77,2.64,2.66,387580
2017-11-01,2.68,2.68,2.48,2.59,633640
2017-11-02,2.56,2.65,2.53,2.57,365320
2017-11-03,2.59,2.6,2.55,2.59,282390
2017-11-06,2.62,2.64,2.59,2.64,302320
2017-11-07,2.64,2.66,2.6,2.63,185400
2017-11-08,2.63,2.64,2.59,2.64,293860
2017-11-09,2.64,2.7,2.62,2.69,423400
2017-11-10,2.69,2.7,2.67,2.67,292150
2017-11-13,2.67,2.82,2.66,2.81,660050
2017-11-14,2.85,2.85,2.77,2.81,581450
2017-11-15,2.82,2.85,2.79,2.82,536450
2017-11-16,2.82,2.91,2.8,2.89,696600
2017-11-17,2.9,2.99,2.9,2.94,1302190
2017-11-20,2.98,2.98,2.92,2.94,702840
2017-11-21,2.96,3.05,2.94,3.03,1696230
2017-11-22,3.03,3.07,3.01,3.04,916450
2017-11-23,3.07,3.08,2.96,3.0,1564980
2017-11-24,3.0,3.04,2.94,3.02,696370
2017-11-27,3.05,3.17,3.02,3.11,1408330
2017-11-28,3.13,3.15,3.03,3.11,607610
2017-11-29,3.17,3.17,3.09,3.1,870830
2017-11-30,3.15,3.23,3.13,3.2,1518630
2017-12-01,3.24,3.26,3.21,3.24,816650
2017-12-04,3.28,3.4,3.26,3.34,1236940
2017-12-05,3.34,3.34,3.2,3.2,1818830
2017-12-06,3.19,3.22,3.09,3.19,2025180
2017-12-07,3.2,3.21,3.08,3.11,823270
2017-12-08,3.09,3.15,3.07,3.1,719860
2017-12-11,3.04,3.07,2.94,2.94,1207890
2017-12-12,2.97,2.98,2.75,2.92,1585620
2017-12-13,2.94,2.97,2.85,2.91,715040
2017-12-14,2.92,2.99,2.92,2.99,874390
2017-12-15,2.99,3.01,2.96,3.0,836400
2017-12-18,3.07,3.12,3.02,3.09,1759750
2017-12-19,3.13,3.23,3.1,3.22,2031720
2017-12-20,3.24,3.28,3.19,3.23,1646090
2017-12-21,3.23,3.25,3.2,3.21,677420
2017-12-22,3.18,3.24,3.17,3.22,825360
2017-12-25,3.22,3.31,3.22,3.28,1082430
2017-12-26,3.31,3.31,3.24,3.27,696510
2017-12-27,3.31,3.38,3.3,3.32,1834450
2017-12-28,3.36,3.56,3.32,3.56,3208580
2017-12-29,3.58,3.66,3.56,3.6,1787920
2018-01-02,3.6,3.65,3.6,3.64,853480
2018-01-03,3.64,3.71,3.62,3.65,1970320
2018-01-04,3.65,3.69,3.63,3.68,1219660
2018-01-05,3.68,3.69,3.56,3.58,1379580
2018-01-08,3.54,3.69,3.5,3.68,1808380
2018-01-09,3.8,3.8,3.67,3.73,1106020
2018-01-10,3.75,3.78,3.69,3.75,1382780
2018-01-11,3.72,3.75,3.65,3.71,1260720
2018-01-12,3.74,3.84,3.73,3.76,1730170
2018-01-15,3.76,3.87,3.73,3.85,1273740
2018-01-16,3.83,3.87,3.8,3.85,1077350
2018-01-17,3.84,3.87,3.64,3.64,1715210
2018-01-18,3.56,3.75,3.5,3.75,1559030
2018-01-19,3.77,3.81,3.75,3.77,928770
2018-01-22,3.83,3.97,3.81,3.9,2150450
2018-01-23,3.9,3.9,3.9,3.9,0
2018-01-24,3.9,3.9,3.9,3.9,0
2018-01-25,3.95,4.09,3.91,4.02,2880520
2018-01-26,4.09,4.09,3.93,3.98,1699100
2018-01-29,4.01,4.16,3.98,4.06,1544710
2018-01-30,4.01,4.32,3.99,4.32,1608010
2018-01-31,4.35,4.4,4.09,4.09,1883150
2018-02-01,4.09,4.13,3.84,3.86,2939860
2018-02-02,3.88,3.94,3.76,3.94,1700670
2018-02-05,3.83,3.88,3.67,3.67,2150120
2018-02-06,3.42,3.67,3.42,3.6,3129690
2018-02-07,3.75,3.84,3.75,3.84,1985120
2018-02-08,3.81,3.98,3.77,3.81,943260
2018-02-09,3.6,3.88,3.6,3.88,1050600
2018-02-12,4.0,4.02,3.9,4.02,929580
2018-02-13,4.05,4.11,4.02,4.03,1012090
2018-02-21,4.09,4.18,4.07,4.15,1377960
2018-02-22,4.09,4.13,3.98,4.02,1245400
2018-02-23,4.06,4.09,3.95,4.08,1553330
2018-02-26,4.14,4.35,4.14,4.29,3895800
2018-02-27,4.5,4.59,4.41,4.59,3592350
2018-02-28,4.52,4.89,4.47,4.8,1646510
2018-03-01,4.7,4.84,4.59,4.71,1876060
2018-03-02,4.59,4.72,4.59,4.68,1360260
2018-03-05,4.73,4.75,4.35,4.35,2011650
2018-03-06,4.47,4.65,4.36,4.65,1450870
2018-03-07,4.75,4.97,4.73,4.86,3765060
2018-03-08,4.86,4.93,4.79,4.85,830950
2018-03-09,4.94,5.0,4.84,4.86,1459510
2018-03-12,4.91,4.91,4.75,4.77,948240
2018-03-13,4.82,4.85,4.75,4.84,850470
2018-03-14,4.93,5.05,4.93,5.01,2095390
2018-03-15,5.01,5.16,4.98,5.16,1905300
2018-03-16,5.16,5.21,5.1,5.15,2808720
2018-03-19,5.24,5.28,5.15,5.21,1526710
2018-03-20,5.12,5.24,5.12,5.13,1360430
2018-03-21,5.15,5.19,5.05,5.07,1491440
2018-03-22,5.09,5.09,4.73,4.87,5618480
2018-03-23,4.64,4.8,4.64,4.75,2287250
2018-03-26,4.75,5.03,4.73,5.03,1481870
2018-03-27,5.04,5.04,4.9,4.94,2589800
2018-03-28,4.9,5.06,4.87,5.06,1429910
2018-03-29,5.03,5.12,4.99,5.12,1294580
2018-03-30,5.12,5.21,5.08,5.13,1688000
2018-04-02,5.14,5.26,5.14,5.22,2141980
2018-04-03,5.22,5.57,5.22,5.53,2845070
2018-04-04,5.62,5.65,5.39,5.46,2649810
2018-04-05,5.46,5.51,5.37,5.51,2145760
2018-04-06,5.51,5.78,5.47,5.75,2301660
2018-04-09,5.83,6.0,5.74,6.0,2422270
2018-04-10,6.07,6.07,5.92,5.94,2593060
2018-04-11,5.95,6.02,5.72,5.79,2303750
2018-04-12,5.74,5.92,5.58,5.92,1522570
2018-04-13,6.0,6.04,5.77,5.86,1210560
2018-04-16,5.79,5.92,5.65,5.83,942970
2018-04-17,5.83,5.92,5.76,5.84,1307860
2018-04-18,5.84,5.94,5.7,5.7,1603560
2018-04-19,5.67,5.7,5.39,5.58,2133990
2018-04-20,5.51,5.63,5.4,5.58,887180
2018-04-23,5.56,5.56,5.19,5.19,2464590
2018-04-24,4.99,5.11,4.83,4.83,2445240
2018-04-26,4.77,4.79,4.49,4.49,2334780
2018-04-27,4.33,4.8,4.33,4.8,1812650
2018-05-02,4.86,4.93,4.56,4.63,1232670
2018-05-03,4.59,4.79,4.47,4.79,1389550
2018-05-04,4.86,4.89,4.71,4.73,1005460
2018-05-07,4.79,5.02,4.61,5.02,1104670
2018-05-08,5.02,5.07,4.91,5.0,1088440
2018-05-09,5.03,5.03,4.65,4.65,3388590
2018-05-10,4.33,4.58,4.33,4.33,7057690
2018-05-11,4.03,4.63,4.03,4.63,2888280
2018-05-14,4.39,4.56,4.31,4.31,2430770
2018-05-15,4.23,4.27,4.05,4.05,3451020
2018-05-16,4.03,4.17,3.84,4.13,1672930
2018-05-17,4.21,4.25,4.17,4.19,1451740
2018-05-18,4.12,4.17,3.96,4.07,1261480
2018-05-21,4.12,4.12,3.94,3.94,862490
2018-05-22,3.84,3.92,3.66,3.66,2487610
2018-05-23,3.66,3.92,3.48,3.92,2054330
2018-05-24,3.84,3.92,3.68,3.75,1553540
2018-05-25,3.68,3.74,3.5,3.51,1395460
2018-05-28,3.31,3.5,3.28,3.28,2010290
2018-05-29,3.22,3.51,3.22,3.51,1535350
2018-05-30,3.48,3.51,3.37,3.4,759820
2018-05-31,3.28,3.54,3.28,3.51,2775970
2018-06-01,3.51,3.61,3.47,3.5,1563030
2018-06-04,3.5,3.64,3.44,3.6,2725630
2018-06-05,3.62,3.84,3.6,3.84,3842550
2018-06-06,3.95,4.11,3.94,4.11,3191750
2018-06-07,4.11,4.11,3.91,3.91,2389120
2018-06-08,3.85,4.03,3.84,4.03,1509800
2018-06-11,3.94,4.14,3.86,4.03,1120760
2018-06-12,3.94,3.97,3.81,3.84,2306160
2018-06-13,3.84,3.93,3.84,3.93,715880
2018-06-14,3.92,4.02,3.7,3.7,1761560
2018-06-15,3.68,3.75,3.59,3.75,1227460
2018-06-18,3.79,3.81,3.51,3.55,1134910
2018-06-19,3.46,3.55,3.3,3.4,3472140
2018-06-20,3.48,3.55,3.4,3.51,5598550
2018-06-21,3.5,3.57,3.46,3.48,859260
2018-06-22,3.45,3.49,3.38,3.46,1479070
2018-06-25,3.56,3.56,3.49,3.51,665760
2018-06-26,3.44,3.46,3.37,3.44,848500
2018-06-27,3.46,3.46,3.29,3.29,1093980
2018-06-28,3.22,3.29,3.11,3.13,1665820
2018-06-29,3.19,3.23,3.08,3.18,1124810
2018-07-02,3.08,3.17,2.96,3.02,1111930
2018-07-03,3.02,3.05,2.82,2.82,1601900
2018-07-04,2.82,2.97,2.73,2.94,2299690
2018-07-05,2.9,2.95,2.84,2.93,1545630
2018-07-06,2.87,3.13,2.87,3.13,1745570
2018-07-09,3.17,3.22,3.02,3.08,1784260
2018-07-10,3.02,3.19,3.02,3.11,1135130
2018-07-11,3.0,3.04,2.91,2.93,939850
2018-07-12,2.86,3.02,2.86,3.0,734800
2018-07-13,3.08,3.08,2.97,3.05,532350
2018-07-16,3.11,3.11,3.04,3.04,690470
2018-07-17,2.98,3.15,2.96,3.15,945170
2018-07-18,3.17,3.37,3.17,3.37,1670710
2018-07-19,3.4,3.44,3.33,3.37,1571100
2018-07-20,3.29,3.48,3.23,3.48,1105740
2018-07-23,3.39,3.4,3.26,3.28,1505730
2018-07-24,3.24,3.26,3.09,3.26,1117980
2018-07-25,3.22,3.28,3.15,3.15,665400
2018-07-26,3.13,3.2,3.08,3.2,602740
2018-07-27,3.26,3.29,3.19,3.22,641720
2018-07-30,3.26,3.31,3.22,3.29,687910
2018-07-31,3.3,3.36,3.2,3.31,1276870
2018-08-01,3.32,3.39,3.24,3.27,480510
2018-08-02,3.25,3.37,3.2,3.36,851590
2018-08-03,3.39,3.46,3.37,3.37,1015210
2018-08-06,3.31,3.39,3.28,3.28,396670
2018-08-07,3.28,3.35,3.23,3.31,516700
2018-08-08,3.33,3.54,3.32,3.54,2777960
2018-08-09,3.59,3.72,3.57,3.59,1210240
2018-08-10,3.55,3.75,3.53,3.75,1505880
2018-08-13,3.67,3.92,3.62,3.86,2188850
2018-08-14,3.86,3.89,3.77,3.83,1487120
2018-08-15,3.78,3.87,3.66,3.66,1766770
2018-08-16,3.59,3.79,3.53,3.72,1661810
2018-08-17,3.81,3.83,3.61,3.66,1362920
2018-08-20,3.64,3.77,3.64,3.68,619740
2018-08-21,3.66,3.81,3.66,3.81,1558520
2018-08-22,3.88,4.01,3.85,3.95,2625530
2018-08-23,3.95,3.99,3.9,3.96,950410
2018-08-24,3.92,3.95,3.89,3.92,969600
2018-08-27,3.9,4.02,3.9,3.95,1339430
2018-08-28,3.99,4.12,3.96,4.08,2203560
2018-08-29,4.09,4.09,4.0,4.04,929140
2018-08-30,4.01,4.09,4.01,4.09,991660
2018-08-31,4.11,4.16,4.06,4.06,1368410
2018-09-04,4.06,4.06,3.84,3.88,1744450
2018-09-05,3.84,3.93,3.83,3.93,1612950
2018-09-06,3.91,3.97,3.84,3.97,1221510
2018-09-07,3.95,4.08,3.93,4.08,2192800
2018-09-10,4.08,4.1,4.05,4.08,1695850
2018-09-11,4.06,4.34,4.05,4.34,2913620
2018-09-12,4.38,4.39,4.29,4.31,2153290
2018-09-13,4.33,4.37,4.16,4.3,2253700
2018-09-14,4.25,4.36,4.12,4.19,4418130
2018-09-17,4.17,4.17,4.05,4.05,2180590
2018-09-18,4.02,4.25,4.02,4.19,2137290
2018-09-19,4.23,4.27,4.14,4.17,1986980
2018-09-20,4.19,4.25,4.13,4.21,2801100
2018-09-21,4.26,4.32,4.17,4.26,2579770
2018-09-24,4.28,4.3,4.19,4.23,1632210
2018-09-25,4.21,4.26,4.18,4.23,1993160
2018-09-26,4.21,4.29,4.17,4.18,2502100
2018-09-27,4.19,4.28,4.18,4.24,2947970
2018-09-28,4.26,4.28,4.19,4.19,1976770
2018-10-01,4.19,4.22,4.12,4.13,1845900
2018-10-02,4.12,4.25,4.06,4.1,2302110
2018-10-03,4.1,4.17,4.1,4.14,999940
2018-10-04,4.19,4.28,4.14,4.24,1503000
2018-10-05,4.19,4.26,4.12,4.12,1500400
2018-10-08,4.1,4.2,4.1,4.16,1242750
2018-10-09,4.17,4.2,4.14,4.17,837770
2018-10-10,4.19,4.19,4.12,4.14,837300
2018-10-11,3.86,3.95,3.85,3.85,3793660
2018-10-12,3.66,3.89,3.62,3.82,2670360
2018-10-15,3.84,3.84,3.64,3.64,1691840
2018-10-16,3.64,3.68,3.58,3.64,1254660
2018-10-17,3.73,3.78,3.72,3.78,1292380
2018-10-18,3.74,3.77,3.68,3.69,665130
2018-10-19,3.61,3.67,3.54,3.63,1013020
2018-10-22,3.58,3.62,3.39,3.39,2960650
2018-10-23,3.37,3.37,3.16,3.2,2820240
2018-10-24,3.2,3.29,3.18,3.2,1209380
2018-10-25,3.02,3.2,3.02,3.18,1526270
2018-10-26,3.26,3.26,3.13,3.13,710410
2018-10-29,3.13,3.23,3.1,3.13,1019840
2018-10-30,3.1,3.18,3.08,3.13,876840
2018-10-31,3.2,3.34,3.18,3.34,1667140
2018-11-01,3.36,3.39,3.21,3.22,1624910
2018-11-02,3.29,3.38,3.26,3.33,1043160
2018-11-05,3.33,3.33,3.26,3.33,837680
2018-11-06,3.39,3.41,3.29,3.29,1385020
2018-11-07,3.29,3.33,3.26,3.29,1097770
2018-11-08,3.39,3.4,3.31,3.31,706440
2018-11-09,3.29,3.33,3.27,3.28,921510
2018-11-12,3.24,3.33,3.21,3.33,647810
2018-11-13,3.22,3.33,3.22,3.33,825300
2018-11-14,3.32,3.36,3.29,3.32,1359100
2018-11-15,3.33,3.42,3.33,3.38,1395620
2018-11-16,3.44,3.48,3.41,3.46,732390
2018-11-19,3.46,3.48,3.42,3.46,557670
2018-11-20,3.42,3.51,3.4,3.48,792020
2018-11-21,3.42,3.48,3.42,3.46,983090
2018-11-22,3.46,3.51,3.39,3.41,1273750
2018-11-23,3.4,3.42,3.35,3.4,732790
2018-11-26,3.4,3.43,3.37,3.43,406730
2018-11-27,3.46,3.5,3.4,3.44,799530
2018-11-28,3.44,3.51,3.44,3.48,1051360
2018-11-29,3.51,3.56,3.46,3.46,1161610
2018-11-30,3.5,3.51,3.44,3.48,552410
2018-12-03,3.55,3.65,3.53,3.64,1425430
2018-12-04,3.65,3.67,3.59,3.62,1654270
2018-12-05,3.56,3.62,3.56,3.62,1349120
2018-12-06,3.61,3.64,3.56,3.59,1532370
2018-12-07,3.59,3.64,3.59,3.62,1263540
2018-12-10,3.59,3.61,3.57,3.57,374220
2018-12-11,3.58,3.61,3.51,3.55,437030
2018-12-12,3.55,3.61,3.55,3.61,324790
2018-12-13,3.63,3.65,3.61,3.61,456690
2018-12-14,3.57,3.61,3.52,3.52,322260
2018-12-17,3.51,3.51,3.29,3.29,1064380
2018-12-18,3.2,3.29,3.19,3.23,982350
2018-12-19,3.27,3.28,3.21,3.24,223520
2018-12-20,3.2,3.28,3.2,3.28,226530
2018-12-21,3.24,3.28,3.2,3.28,153190
2018-12-24,3.28,3.29,3.18,3.19,202530
2018-12-25,3.08,3.11,2.98,3.07,973370
2018-12-26,3.07,3.11,2.98,2.98,356840
2018-12-27,3.09,3.09,2.99,2.99,577380
2018-12-28,2.99,3.04,2.93,3.0,938550
2019-01-02,2.98,3.05,2.97,3.02,363610
2019-01-03,3.01,3.02,2.96,2.97,586900
2019-01-04,2.95,3.0,2.91,2.98,695280
2019-01-07,3.04,3.08,3.03,3.05,649320
2019-01-08,3.07,3.09,3.05,3.08,308990
2019-01-09,3.08,3.08,2.99,3.0,767570
2019-01-10,2.99,3.0,2.94,2.94,943560
2019-01-11,2.94,3.03,2.94,3.0,225490
2019-01-14,3.02,3.04,2.9,2.93,535420
2019-01-15,2.93,2.95,2.9,2.92,613510
2019-01-16,2.93,2.97,2.88,2.88,546030
2019-01-17,2.88,2.91,2.86,2.86,288750
2019-01-18,2.89,2.89,2.86,2.86,275560
2019-01-21,2.82,2.98,2.75,2.96,1769210
2019-01-22,2.96,3.0,2.9,2.96,643460
2019-01-23,2.89,2.97,2.89,2.95,467700
2019-01-24,2.94,2.97,2.92,2.94,513450
2019-01-25,2.94,2.99,2.91,2.97,763250
2019-01-28,2.97,3.0,2.95,2.95,323810
2019-01-29,2.95,2.97,2.91,2.97,337170
2019-01-30,2.97,2.98,2.95,2.95,336200
2019-01-31,2.95,2.97,2.94,2.95,465140
2019-02-01,2.94,2.95,2.93,2.93,298420
2019-02-11,2.93,3.08,2.93,3.08,832890
2019-02-12,3.11,3.19,3.07,3.15,1553340
2019-02-13,3.15,3.18,3.11,3.16,920690
2019-02-14,3.13,3.19,3.1,3.16,802750
2019-02-15,3.16,3.16,3.12,3.12,589350
2019-02-18,3.17,3.17,3.13,3.15,634440
2019-02-19,3.16,3.24,3.13,3.15,1927520
2019-02-20,3.15,3.21,3.15,3.18,592450
2019-02-21,3.18,3.2,3.15,3.18,678360
2019-02-22,3.15,3.22,3.14,3.18,998160
2019-02-25,3.22,3.33,3.22,3.28,1715470
2019-02-26,3.29,3.34,3.24,3.27,1635450
2019-02-27,3.3,3.3,3.2,3.22,657250
2019-02-28,3.22,3.24,3.11,3.19,1328960
2019-03-01,3.19,3.2,3.15,3.2,681680
2019-03-04,3.2,3.3,3.2,3.26,907220
2019-03-05,3.26,3.29,3.22,3.22,1191900
2019-03-06,3.22,3.26,3.21,3.24,794130
2019-03-07,3.24,3.34,3.24,3.32,2374120
2019-03-08,3.28,3.29,3.21,3.25,812850
2019-03-11,3.25,3.26,3.2,3.25,415960
2019-03-12,3.29,3.29,3.18,3.24,1672920
2019-03-13,3.26,3.38,3.26,3.37,2584340
2019-03-14,3.39,3.39,3.34,3.35,605530
2019-03-15,3.34,3.34,3.28,3.29,810620
2019-03-18,3.31,3.31,3.27,3.3,756030
2019-03-19,3.33,3.33,3.17,3.17,1661800
2019-03-20,3.16,3.18,3.1,3.18,1586050
2019-03-21,3.15,3.18,3.02,3.02,963830
2019-03-22,3.02,3.08,3.02,3.06,833020
2019-03-25,2.95,3.03,2.94,3.03,1534230
2019-03-26,3.04,3.08,3.0,3.06,627350
2019-03-27,3.08,3.09,3.0,3.08,429020
2019-03-28,3.06,3.09,3.04,3.09,399410
2019-03-29,3.08,3.1,3.07,3.08,719420
2019-04-01,3.09,3.1,3.07,3.07,391250
2019-04-02,3.11,3.11,3.06,3.08,452140
2019-04-03,3.06,3.08,3.03,3.08,271200
2019-04-04,3.07,3.09,3.06,3.08,484680
2019-04-05,3.09,3.09,3.07,3.08,294380
2019-04-08,3.08,3.1,3.07,3.08,354310
2019-04-09,3.11,3.19,3.11,3.11,1530390
2019-04-10,3.11,3.13,3.08,3.08,357600
2019-04-11,3.08,3.1,3.06,3.08,302710
2019-04-12,3.08,3.08,3.01,3.07,558250
2019-04-16,3.03,3.04,2.93,2.98,563530
2019-04-17,2.98,3.02,2.95,2.95,433710
2019-04-18,2.95,2.95,2.88,2.95,736290
2019-04-19,2.97,2.97,2.92,2.92,276670
2019-04-22,2.92,2.92,2.83,2.84,896150
2019-04-23,2.82,2.89,2.82,2.89,427760
2019-04-24,2.89,2.92,2.88,2.91,239950
2019-04-25,2.93,2.93,2.87,2.92,318070
2019-04-26,2.92,2.93,2.88,2.92,306440
2019-05-02,2.88,2.92,2.84,2.87,445870
2019-05-03,2.87,2.89,2.86,2.86,100700
2019-05-06,2.84,2.87,2.8,2.86,610820
2019-05-07,2.87,2.89,2.83,2.89,512410
2019-05-08,2.86,2.9,2.86,2.9,730380
2019-05-09,2.9,2.97,2.89,2.97,814920
2019-05-10,2.99,3.01,2.97,3.01,510970
2019-05-13,3.01,3.04,2.98,3.02,646560
2019-05-14,3.01,3.02,2.98,3.01,763610
2019-05-15,3.02,3.04,2.99,3.02,733070
2019-05-16,3.02,3.03,2.98,3.0,194760
2019-05-17,2.99,3.07,2.98,3.06,753170
2019-05-20,3.06,3.08,3.01,3.05,438740
2019-05-21,3.08,3.08,3.02,3.04,144410
2019-05-22,3.05,3.08,3.01,3.06,701110
2019-05-23,3.06,3.06,3.01,3.03,177400
2019-05-24,3.0,3.04,2.99,2.99,493090
2019-05-27,2.99,2.99,2.97,2.99,146020
2019-05-28,2.98,2.98,2.96,2.97,403420
2019-05-29,2.97,2.97,2.92,2.96,216940
2019-05-30,2.94,2.96,2.94,2.96,112450
2019-05-31,2.95,2.96,2.84,2.93,366210
2019-06-03,2.89,3.03,2.84,2.84,1285920
2019-06-04,2.89,2.89,2.84,2.86,169890
2019-06-05,2.93,2.93,2.87,2.87,50540
2019-06-06,2.87,2.89,2.84,2.88,183970
2019-06-07,2.86,2.92,2.86,2.91,136240
2019-06-10,2.93,2.95,2.9,2.9,75250
2019-06-11,2.93,2.93,2.88,2.92,177330
2019-06-12,2.92,2.93,2.89,2.93,134090
2019-06-13,2.95,2.97,2.92,2.95,215070
2019-06-14,2.93,2.97,2.82,2.95,393330
2019-06-17,2.9,2.96,2.87,2.87,589890
2019-06-18,2.89,2.92,2.82,2.92,227450
2019-06-19,2.92,2.92,2.85,2.91,126060
2019-06-20,2.91,2.95,2.9,2.94,158180
2019-06-21,2.95,2.95,2.91,2.95,184820
2019-06-24,2.95,2.96,2.91,2.94,214970
2019-06-25,2.94,2.94,2.91,2.93,81230
2019-06-26,2.92,2.92,2.88,2.92,97270
2019-06-27,2.92,2.92,2.85,2.9,201970
2019-06-28,2.9,2.91,2.85,2.91,213130
2019-07-01,2.95,2.95,2.9,2.92,146570
2019-07-02,2.92,2.93,2.87,2.87,322020
2019-07-03,2.87,2.87,2.82,2.85,437010
2019-07-04,2.85,2.89,2.82,2.88,588990
2019-07-05,2.89,2.89,2.83,2.89,884910
2019-07-08,2.87,2.88,2.83,2.87,184990
2019-07-09,2.85,2.86,2.82,2.86,284240
2019-07-10,2.84,2.87,2.84,2.85,324480
2019-07-11,2.84,2.87,2.84,2.86,396060
2019-07-12,2.87,2.88,2.82,2.82,407930
2019-07-15,2.82,2.84,2.81,2.82,249820
2019-07-16,2.83,2.86,2.82,2.85,247350
2019-07-17,2.85,2.92,2.85,2.9,649960
2019-07-18,2.89,2.9,2.86,2.88,186390
2019-07-19,2.88,2.9,2.87,2.89,305730
2019-07-22,2.84,2.87,2.82,2.83,333330
2019-07-23,2.83,2.87,2.8,2.83,404800
2019-07-24,2.83,2.83,2.76,2.82,712860
2019-07-25,2.81,2.82,2.76,2.82,301730
2019-07-26,2.82,2.82,2.76,2.82,299310
2019-07-29,2.82,2.82,2.76,2.81,201640
2019-07-30,2.81,2.81,2.77,2.8,229950
2019-07-31,2.8,2.8,2.75,2.8,360560
2019-08-01,2.8,2.81,2.77,2.79,89870
2019-08-02,2.76,2.8,2.73,2.8,396420
2019-08-05,2.8,2.8,2.76,2.79,261280
2019-08-06,2.75,2.78,2.7,2.78,401470
2019-08-07,2.79,2.79,2.72,2.77,335360
2019-08-08,2.72,2.76,2.72,2.76,431780
2019-08-09,2.78,2.78,2.74,2.76,235300
2019-08-12,2.77,2.77,2.75,2.76,143350
2019-08-13,2.74,2.76,2.71,2.74,217470
2019-08-14,2.74,2.77,2.73,2.74,123070
2019-08-15,2.72,2.77,2.67,2.77,371730
2019-08-16,2.77,2.9,2.72,2.78,1005620
2019-08-19,2.78,2.83,2.78,2.78,116300
2019-08-20,2.82,2.82,2.77,2.77,116800
2019-08-21,2.76,2.77,2.74,2.75,261210
2019-08-22,2.77,2.77,2.73,2.76,189160
2019-08-23,2.76,2.76,2.72,2.72,95590
2019-08-26,2.71,2.72,2.67,2.7,269140
2019-08-27,2.72,2.72,2.64,2.64,489410
2019-08-28,2.64,2.66,2.63,2.65,120590
2019-08-29,2.65,2.67,2.57,2.65,350670
2019-08-30,2.65,2.65,2.61,2.65,311890
2019-09-03,2.65,2.65,2.59,2.63,269100
2019-09-04,2.62,2.62,2.56,2.61,450300
2019-09-05,2.61,2.61,2.56,2.6,285960
2019-09-06,2.46,2.6,2.46,2.6,1197510
2019-09-09,2.6,2.61,2.54,2.61,389860
2019-09-10,2.6,2.6,2.54,2.6,410130
2019-09-11,2.6,2.65,2.55,2.65,623300
2019-09-12,2.65,2.65,2.62,2.65,190040
2019-09-13,2.65,2.66,2.63,2.65,296830
2019-09-16,2.66,2.7,2.65,2.66,501380
2019-09-17,2.66,2.68,2.63,2.63,297940
2019-09-18,2.64,2.67,2.63,2.65,224340
2019-09-19,2.65,2.65,2.61,2.65,367330
2019-09-20,2.65,2.66,2.63,2.64,205680
2019-09-23,2.64,2.66,2.63,2.64,254980
2019-09-24,2.64,2.65,2.62,2.64,203250
2019-09-25,2.64,2.64,2.62,2.64,82120
2019-09-26,2.64,2.73,2.64,2.69,756120
2019-09-27,2.72,2.78,2.72,2.75,501580
2019-09-30,2.77,2.79,2.73,2.73,372180
2019-10-01,2.72,2.72,2.65,2.67,757020
2019-10-02,2.68,2.68,2.65,2.66,537000
2019-10-03,2.65,2.66,2.62,2.66,550280
2019-10-04,2.66,2.68,2.64,2.66,395810
2019-10-07,2.66,2.66,2.61,2.65,308870
2019-10-08,2.65,2.65,2.6,2.65,418270
2019-10-09,2.65,2.65,2.62,2.64,139340
2019-10-10,2.62,2.64,2.6,2.64,362680
2019-10-11,2.64,2.64,2.59,2.63,377170
2019-10-14,2.63,2.64,2.51,2.55,1866180
2019-10-15,2.57,2.61,2.55,2.61,228470
2019-10-16,2.61,2.61,2.55,2.61,278000
2019-10-17,2.59,2.59,2.55,2.59,355560
2019-10-18,2.59,2.59,2.55,2.57,259770
2019-10-21,2.57,2.6,2.51,2.6,432450
2019-10-22,2.56,2.6,2.55,2.6,247760
2019-10-23,2.6,2.6,2.57,2.6,127930
2019-10-24,2.6,2.6,2.55,2.6,294760
2019-10-25,2.6,2.6,2.55,2.55,356480
2019-10-28,2.55,2.57,2.54,2.57,224820
2019-10-29,2.57,2.57,2.53,2.57,472760
2019-10-30,2.55,2.58,2.54,2.57,392690
2019-10-31,2.57,2.57,2.54,2.57,288060
2019-11-01,2.54,2.59,2.54,2.59,315980
2019-11-04,2.6,2.61,2.58,2.6,314490
2019-11-05,2.6,2.62,2.59,2.61,115590
2019-11-06,2.61,2.63,2.57,2.61,391690
2019-11-07,2.61,2.66,2.59,2.66,598900
2019-11-08,2.67,2.71,2.66,2.68,761260
2019-11-11,2.68,2.69,2.65,2.68,555880
2019-11-12,2.68,2.68,2.65,2.67,521640
2019-11-13,2.67,2.67,2.65,2.66,313470
2019-11-14,2.67,2.67,2.63,2.66,326970
2019-11-15,2.65,2.68,2.63,2.68,506950
2019-11-18,2.65,2.67,2.65,2.65,295580
2019-11-19,2.64,2.65,2.63,2.65,263700
2019-11-20,2.65,2.66,2.65,2.65,191360
2019-11-21,2.64,2.65,2.63,2.65,175180
2019-11-22,2.65,2.65,2.55,2.65,277650
2019-11-25,2.65,2.65,2.61,2.64,114710
2019-11-26,2.64,2.65,2.63,2.65,166310
2019-11-27,2.65,2.65,2.63,2.64,240410
2019-11-28,2.64,2.64,2.6,2.63,104960
2019-11-29,2.61,2.62,2.57,2.62,255980
2019-12-02,2.62,2.62,2.57,2.62,186390
2019-12-03,2.62,2.62,2.58,2.61,127490
2019-12-04,2.59,2.62,2.58,2.62,120830
2019-12-05,2.62,2.62,2.58,2.62,131810
2019-12-06,2.59,2.63,2.58,2.62,91840
2019-12-09,2.62,2.62,2.6,2.62,113990
2019-12-10,2.62,2.64,2.61,2.63,344030
2019-12-11,2.61,2.63,2.6,2.63,67310
2019-12-12,2.61,2.73,2.59,2.73,204240
2019-12-13,2.72,2.72,2.65,2.71,206520
2019-12-16,2.71,2.72,2.7,2.71,166860
2019-12-17,2.72,2.73,2.68,2.73,354360
2019-12-18,2.74,2.74,2.69,2.74,156730
2019-12-19,2.7,2.75,2.7,2.75,160790
2019-12-20,2.75,2.75,2.65,2.74,417790
2019-12-23,2.74,2.74,2.7,2.74,93160
2019-12-24,2.74,2.74,2.68,2.72,189950
2019-12-25,2.65,2.73,2.65,2.73,152820
2019-12-26,2.72,2.72,2.67,2.72,186720
2019-12-27,2.7,2.74,2.68,2.72,128290
2019-12-30,2.67,2.73,2.67,2.71,191100
2019-12-31,2.72,2.72,2.66,2.72,108720
2020-01-02,2.65,2.73,2.65,2.73,58580
2020-01-03,2.73,2.73,2.67,2.72,163940
2020-01-06,2.68,2.72,2.66,2.7,149130
2020-01-07,2.7,2.7,2.66,2.7,68060
2020-01-08,2.66,2.67,2.61,2.66,233880
2020-01-09,2.66,2.69,2.66,2.69,92680
2020-01-10,2.69,2.7,2.68,2.7,89810
2020-01-13,2.7,2.71,2.68,2.7,109370
2020-01-14,2.65,2.71,2.65,2.69,116130
2020-01-15,2.69,2.71,2.67,2.68,109910
2020-01-16,2.71,2.72,2.66,2.72,128120
2020-01-17,2.73,2.73,2.65,2.73,198600
2020-01-20,2.7,2.75,2.7,2.73,52730
2020-01-21,2.74,2.74,2.72,2.74,151950
2020-01-22,2.76,2.85,2.74,2.85,441020
2020-01-30,2.83,2.83,2.74,2.82,217470
2020-01-31,2.74,2.82,2.7,2.78,271930
2020-02-03,2.75,2.75,2.59,2.65,854260
2020-02-04,2.65,2.65,2.52,2.65,617580
2020-02-05,2.63,2.66,2.59,2.66,104530
2020-02-06,2.52,2.68,2.52,2.66,210290
2020-02-07,2.65,2.68,2.61,2.65,158540
2020-02-10,2.62,2.65,2.61,2.62,31640
2020-02-11,2.6,2.67,2.59,2.67,173340
2020-02-12,2.65,2.7,2.64,2.7,313910
2020-02-13,2.69,2.69,2.65,2.67,65030
2020-02-14,2.67,2.68,2.63,2.68,137900
2020-02-17,2.68,2.71,2.65,2.7,231090
2020-02-18,2.7,2.7,2.61,2.68,605060
2020-02-19,2.63,2.68,2.62,2.68,182300
2020-02-20,2.65,2.67,2.62,2.66,203430
2020-02-21,2.63,2.65,2.61,2.65,328310
2020-02-24,2.59,2.61,2.49,2.56,563990
2020-02-25,2.5,2.59,2.49,2.59,471360
2020-02-26,2.53,2.58,2.5,2.58,304540
2020-02-27,2.53,2.59,2.51,2.59,216890
2020-02-28,2.53,2.55,2.48,2.55,283960
2020-03-02,2.51,2.55,2.5,2.55,213020
2020-03-03,2.55,2.61,2.51,2.61,519750
2020-03-04,2.56,2.6,2.53,2.6,342750
2020-03-05,2.6,2.6,2.55,2.6,166170
2020-03-06,2.56,2.6,2.56,2.6,237500
2020-03-09,2.54,2.55,2.42,2.55,1249660
2020-03-10,2.44,2.55,2.43,2.55,585660
2020-03-11,2.53,2.72,2.44,2.72,389190
2020-03-12,2.71,2.71,2.53,2.53,194240
2020-03-13,2.36,2.51,2.36,2.51,665130
2020-03-16,2.44,2.49,2.36,2.49,657000
2020-03-17,2.36,2.5,2.35,2.49,351090
2020-03-18,2.43,2.49,2.42,2.46,298780
2020-03-19,2.4,2.45,2.35,2.45,414640
2020-03-20,2.39,2.45,2.37,2.4,185470
2020-03-23,2.25,2.27,2.24,2.24,164420
2020-03-24,2.09,2.23,2.09,2.17,379870
2020-03-25,2.17,2.24,2.13,2.21,413700
2020-03-26,2.15,2.17,2.06,2.17,606350
2020-03-27,2.06,2.17,2.02,2.16,380090
2020-03-30,2.03,2.15,2.01,2.14,338160
2020-03-31,2.04,2.14,2.02,2.14,365190
2020-04-01,2.05,2.15,2.05,2.1,265610
2020-04-03,2.1,2.15,2.08,2.11,482440
2020-04-06,2.11,2.17,2.1,2.15,1161690
2020-04-07,2.15,2.15,2.07,2.14,772910
2020-04-08,2.08,2.12,2.04,2.08,761880
2020-04-09,2.08,2.22,2.06,2.17,1567080
2020-04-10,2.19,2.2,2.12,2.17,1020600
2020-04-13,2.17,2.21,2.14,2.14,740970
2020-04-14,2.15,2.15,2.1,2.13,811380
2020-04-15,2.13,2.18,2.13,2.14,713990
2020-04-16,2.15,2.23,2.12,2.21,1085770
2020-04-17,2.26,2.31,2.25,2.31,1563540
2020-04-20,2.32,2.33,2.23,2.23,1054800
2020-04-21,2.12,2.17,2.08,2.08,1768960
2020-04-22,1.98,2.16,1.97,2.11,1755810
2020-04-23,2.12,2.14,2.07,2.1,885930
2020-04-24,2.11,2.11,2.03,2.06,545210
2020-04-27,2.08,2.11,2.06,2.07,653770
2020-04-28,2.08,2.08,2.02,2.05,918860
2020-04-29,2.05,2.08,2.04,2.07,341480
2020-05-04,2.06,2.06,2.03,2.03,462800
2020-05-05,2.03,2.04,2.01,2.02,259120
2020-05-06,2.02,2.06,2.01,2.06,418620
2020-05-07,2.06,2.09,2.04,2.08,775900
2020-05-08,2.1,2.15,2.1,2.11,1099470
2020-05-11,2.15,2.23,2.15,2.23,1691260
2020-05-12,2.25,2.34,2.23,2.31,2214440
2020-05-13,2.27,2.31,2.23,2.28,997180
2020-05-14,2.23,2.34,2.21,2.31,1533990
2020-05-15,2.32,2.32,2.25,2.26,998670
2020-05-18,2.25,2.28,2.23,2.27,613630
2020-05-19,2.33,2.34,2.29,2.31,941120
2020-05-20,2.28,2.31,2.26,2.31,366980
2020-05-21,2.31,2.31,2.28,2.29,285510
2020-05-22,2.29,2.4,2.28,2.34,1275900
2020-05-25,2.34,2.4,2.34,2.39,901770
2020-05-26,2.4,2.49,2.4,2.48,918430
2020-05-27,2.53,2.54,2.41,2.41,875430
2020-05-28,2.41,2.44,2.37,2.41,640500
2020-05-29,2.36,2.43,2.35,2.41,698280
2020-06-01,2.43,2.46,2.42,2.46,563870
2020-06-02,2.48,2.48,2.41,2.44,707380
2020-06-03,2.46,2.46,2.42,2.45,299560
2020-06-04,2.48,2.6,2.48,2.57,1762950
2020-06-05,2.55,2.62,2.53,2.6,553840
2020-06-08,2.66,2.68,2.62,2.65,1140330
2020-06-09,2.63,2.65,2.57,2.58,1098390
2020-06-10,2.59,2.62,2.51,2.6,1226160
2020-06-11,2.6,2.61,2.44,2.46,1294510
2020-06-12,2.34,2.44,2.34,2.44,864890
2020-06-15,2.46,2.46,2.27,2.31,900520
2020-06-16,2.31,2.47,2.31,2.47,828960
2020-06-17,2.46,2.48,2.43,2.47,349160
2020-06-18,2.4,2.47,2.4,2.44,291580
2020-06-19,2.44,2.49,2.44,2.49,471300
2020-06-22,2.49,2.51,2.47,2.49,276600
2020-06-23,2.53,2.64,2.52,2.61,1651840
2020-06-24,2.61,2.65,2.55,2.56,709590
2020-06-25,2.5,2.57,2.48,2.57,318100
2020-06-26,2.57,2.64,2.51,2.58,448840
2020-06-29,2.51,2.54,2.43,2.48,666910
2020-06-30,2.5,2.51,2.39,2.48,629280
2020-07-01,2.49,2.52,2.44,2.49,419100
2020-07-02,2.47,2.49,2.45,2.47,189460
2020-07-03,2.48,2.48,2.44,2.46,268380
2020-07-06,2.46,2.51,2.45,2.49,318760
2020-07-07,2.49,2.53,2.46,2.48,422370
2020-07-08,2.46,2.48,2.45,2.48,364340
2020-07-09,2.48,2.51,2.48,2.51,399830
2020-07-10,2.51,2.54,2.48,2.48,421530
2020-07-13,2.48,2.51,2.48,2.51,262870
2020-07-14,2.51,2.55,2.49,2.55,502170
2020-07-15,2.55,2.58,2.52,2.53,265590
2020-07-16,2.53,2.55,2.49,2.51,260060
2020-07-17,2.5,2.52,2.49,2.5,352990
2020-07-20,2.54,2.54,2.49,2.49,417590
2020-07-21,2.51,2.51,2.47,2.48,405240
2020-07-22,2.49,2.5,2.43,2.45,422740
2020-07-23,2.46,2.46,2.38,2.46,433550
2020-07-24,2.46,2.46,2.3,2.36,819470
2020-07-27,2.2,2.26,2.2,2.2,1469170
2020-07-28,2.18,2.3,2.18,2.29,736100
2020-07-29,2.22,2.26,2.13,2.23,997930
2020-07-30,2.22,2.26,2.22,2.25,356500
2020-07-31,2.14,2.22,2.13,2.2,445280
2020-08-03,2.16,2.25,2.16,2.23,693140
2020-08-04,2.26,2.28,2.23,2.26,980220
2020-08-05,2.25,2.31,2.24,2.28,403550
2020-08-06,2.26,2.29,2.24,2.25,486460
2020-08-07,2.25,2.26,2.23,2.25,418890
2020-08-10,2.25,2.29,2.25,2.26,521100
2020-08-11,2.26,2.3,2.26,2.29,500210
2020-08-12,2.29,2.31,2.27,2.3,331820
2020-08-13,2.31,2.32,2.29,2.31,804080
2020-08-14,2.31,2.32,2.26,2.28,477820
2020-08-17,2.28,2.28,2.25,2.28,317530
2020-08-18,2.27,2.28,2.24,2.24,713530
2020-08-19,2.24,2.28,2.23,2.28,337170
2020-08-20,2.26,2.28,2.24,2.26,300950
2020-08-21,2.26,2.29,2.25,2.28,548280
2020-08-24,2.29,2.35,2.29,2.33,938740
2020-08-25,2.34,2.36,2.33,2.33,918510
2020-08-26,2.34,2.35,2.32,2.35,613280
2020-08-27,2.34,2.36,2.33,2.35,577010
2020-08-28,2.37,2.43,2.36,2.39,1251080
2020-08-31,2.39,2.42,2.36,2.37,399230
2020-09-01,2.37,2.4,2.36,2.39,272710
2020-09-03,2.41,2.42,2.38,2.39,393090
2020-09-04,2.35,2.44,2.31,2.41,896660
2020-09-07,2.42,2.47,2.38,2.39,963940
2020-09-08,2.41,2.42,2.38,2.42,372930
2020-09-09,2.41,2.44,2.38,2.42,570750
2020-09-10,2.44,2.46,2.43,2.44,566500
2020-09-11,2.44,2.45,2.42,2.45,365890
2020-09-14,2.46,2.49,2.46,2.48,471780
2020-09-15,2.48,2.5,2.47,2.5,901320
2020-09-16,2.48,2.5,2.48,2.48,1179800
2020-09-17,2.48,2.49,2.46,2.48,557070
2020-09-18,2.48,2.57,2.48,2.54,2251700
2020-09-21,2.59,2.61,2.55,2.57,1970920
2020-09-22,2.55,2.63,2.54,2.61,2042820
2020-09-23,2.65,2.69,2.62,2.65,2297410
2020-09-24,2.63,2.66,2.61,2.64,1981430
2020-09-25,2.67,2.67,2.61,2.63,2722580
2020-09-28,2.67,2.72,2.63,2.7,2693560
2020-09-29,2.71,2.72,2.64,2.65,2814600
2020-09-30,2.65,2.65,2.62,2.65,1686350
2020-10-01,2.67,2.83,2.67,2.8,3568650
2020-10-02,2.8,2.81,2.69,2.8,1899860
2020-10-05,2.81,2.98,2.81,2.98,2012050
2020-10-06,3.01,3.12,2.98,3.02,2056770
2020-10-07,3.0,3.02,2.97,3.01,1300100
2020-10-08,3.01,3.02,2.97,3.01,1208280
2020-10-09,3.02,3.14,3.01,3.13,1651430
2020-10-12,3.19,3.21,3.06,3.1,1501100
2020-10-13,3.08,3.08,3.01,3.03,871600
2020-10-14,3.03,3.11,3.02,3.11,932500
2020-10-15,3.13,3.16,3.05,3.11,1129040
2020-10-16,3.13,3.17,3.07,3.12,1007500
2020-10-19,3.16,3.19,3.11,3.14,1518840
2020-10-20,3.13,3.16,3.08,3.14,740320
2020-10-21,3.18,3.21,3.1,3.12,2169430
2020-10-22,3.07,3.15,3.04,3.15,1031670
2020-10-23,3.16,3.16,3.11,3.14,677070
2020-10-26,3.16,3.17,3.06,3.06,1219060
2020-10-27,3.02,3.08,2.98,3.01,2588450
2020-10-28,2.98,3.01,2.85,2.92,3003290
2020-10-29,2.88,2.96,2.86,2.95,1315700
2020-10-30,2.95,2.95,2.86,2.91,578120
2020-11-02,2.91,3.04,2.91,3.0,694450
2020-11-03,3.03,3.05,3.0,3.01,741780
2020-11-04,3.01,3.11,3.01,3.11,1807620
2020-11-05,3.07,3.14,3.05,3.08,774120
2020-11-06,3.08,3.1,3.04,3.09,522050
2020-11-09,3.18,3.18,3.12,3.15,1177300
2020-11-10,3.18,3.37,3.13,3.37,3648830
2020-11-11,3.4,3.41,3.33,3.4,1459230
2020-11-12,3.35,3.41,3.34,3.4,1201560
2020-11-13,3.39,3.45,3.38,3.4,1920860
2020-11-16,3.43,3.43,3.28,3.34,2619290
2020-11-17,3.4,3.41,3.33,3.39,2228540
2020-11-18,3.4,3.49,3.39,3.48,2531760
2020-11-19,3.48,3.5,3.42,3.43,1775440
2020-11-20,3.44,3.44,3.32,3.36,2473330
2020-11-23,3.3,3.47,3.3,3.39,2397310
2020-11-24,3.41,3.45,3.31,3.37,1913760
2020-11-25,3.4,3.43,3.35,3.38,2121780
2020-11-26,3.38,3.43,3.36,3.43,1382100
2020-11-27,3.44,3.59,3.44,3.57,4105760
2020-11-30,3.59,3.63,3.54,3.58,2184210
2020-12-01,3.53,3.7,3.51,3.7,2697080
2020-12-02,3.71,3.77,3.68,3.72,2715600
2020-12-03,3.73,3.78,3.7,3.73,1685990
2020-12-04,3.71,3.73,3.64,3.67,2019080
2020-12-07,3.71,3.78,3.67,3.77,2450440
2020-12-08,3.77,4.0,3.77,3.93,2964430
2020-12-09,3.99,4.03,3.95,3.95,3461930
2020-12-10,3.93,3.96,3.85,3.85,2687230
2020-12-11,3.85,4.03,3.81,4.01,2487620
2020-12-14,4.1,4.28,4.05,4.28,3575780
2020-12-15,4.31,4.53,4.28,4.5,3703050
2020-12-16,4.51,4.6,4.45,4.49,2869210
2020-12-17,4.44,4.51,4.41,4.44,2875390
2020-12-18,4.5,4.74,4.44,4.74,2673400
2020-12-21,4.95,5.07,4.93,5.07,2609970
2020-12-22,5.2,5.42,5.16,5.4,4346060
2020-12-23,5.38,5.49,5.24,5.31,2727410
2020-12-24,5.34,5.4,4.95,5.3,4368660
2020-12-25,5.33,5.66,5.3,5.66,5644860
2020-12-28,5.99,5.99,5.73,5.89,4559280
2020-12-29,5.82,5.99,5.74,5.85,3610220
2020-12-30,5.78,5.85,5.69,5.77,4235310
2020-12-31,5.81,6.08,5.77,5.89,3940730
2021-01-04,6.09,6.17,6.01,6.01,3176700
2021-01-05,5.89,6.02,5.85,5.91,6240500
2021-01-06,6.01,6.11,5.83,5.88,4625800
2021-01-07,5.93,5.95,5.77,5.89,5525400
2021-01-08,5.99,5.99,5.77,5.81,5535100
2021-01-11,5.81,5.86,5.55,5.56,8837500
2021-01-12,5.48,5.92,5.44,5.82,4924700
2021-01-13,5.82,5.83,5.64,5.68,5478700
2021-01-14,5.68,6.08,5.58,6.03,8409700
2021-01-15,6.08,6.27,6.03,6.23,7625000
2021-01-18,6.23,6.24,5.99,6.02,5247400
2021-01-19,5.99,5.99,5.61,5.61,6379700
2021-01-20,5.63,5.73,5.22,5.54,4753700
2021-01-21,5.67,5.69,5.44,5.68,4865500
2021-01-22,5.66,5.71,5.46,5.49,5370000
2021-01-25,5.4,5.65,5.27,5.48,5321200
2021-01-26,5.44,5.46,5.1,5.12,3815900
2021-01-27,4.91,5.03,4.77,4.77,7629200
2021-01-28,4.44,4.52,4.44,4.44,9726000
2021-01-29,4.14,4.73,4.14,4.6,4554700
2021-02-01,4.59,4.71,4.29,4.3,3785000
2021-02-02,4.3,4.56,4.18,4.52,4189300
2021-02-03,4.63,4.83,4.61,4.83,3510000
2021-02-04,4.91,5.07,4.83,5.01,3733400
2021-02-05,5.03,5.2,5.0,5.17,2666100
2021-02-08,5.21,5.46,4.82,5.1,5741200
2021-02-09,5.17,5.36,5.03,5.32,3529800
2021-02-17,5.46,5.56,5.39,5.5,4231700
2021-02-18,5.5,5.52,5.38,5.4,4212200
2021-02-19,5.32,5.5,5.3,5.42,3782900
2021-02-22,5.44,5.49,5.33,5.37,3538900
2021-02-23,5.37,5.5,5.28,5.41,6547200
2021-02-24,5.55,5.59,5.32,5.46,4958600
2021-02-25,5.5,5.5,5.38,5.47,2660300
2021-02-26,5.34,5.46,5.32,5.44,2981600
2021-03-01,5.52,5.73,5.44,5.73,6744300
2021-03-02,5.85,5.86,5.62,5.69,5250100
2021-03-03,5.65,5.73,5.62,5.66,3461900
2021-03-04,5.67,5.67,5.3,5.44,5102600
2021-03-05,5.39,5.44,5.26,5.4,4979400
2021-03-08,5.62,5.68,5.54,5.64,5799400
2021-03-09,5.58,5.61,5.4,5.55,2815400
2021-03-10,5.55,5.64,5.45,5.64,4012300
2021-03-11,5.73,5.97,5.66,5.85,11451900
2021-03-12,5.85,5.87,5.68,5.77,3838000
2021-03-15,5.77,5.78,5.69,5.71,4537800
2021-03-16,5.71,5.71,5.51,5.6,6053800
2021-03-17,5.6,5.69,5.55,5.64,3153300
2021-03-18,5.73,5.85,5.7,5.85,6202500
2021-03-19,5.91,6.06,5.89,6.04,10393100
2021-03-22,6.05,6.06,5.93,5.97,4491500
2021-03-23,5.92,5.92,5.72,5.8,6802100
2021-03-24,5.62,5.74,5.5,5.67,7029400
2021-03-25,5.67,5.73,5.54,5.67,3836500
2021-03-26,5.57,5.67,5.38,5.64,5036800
2021-03-29,5.67,5.73,5.65,5.71,3734600
2021-03-30,5.77,5.94,5.7,5.93,6807600
2021-04-05,6.52,6.52,6.28,6.52,4535497
2021-04-06,7.17,7.17,6.52,6.54,16546000
2021-04-07,6.54,6.77,6.4,6.68,8929755
2021-04-08,6.7,7.17,6.68,6.97,7745721
2021-04-09,6.97,7.11,6.87,7.01,6157053
2021-04-12,7.11,7.43,7.03,7.43,11907669
2021-04-13,7.43,7.61,7.19,7.21,11907669
2021-04-14,7.21,7.41,7.03,7.39,7796398
2021-04-15,7.33,7.43,7.09,7.19,7804307
2021-04-16,7.19,7.37,6.87,7.37,9237562
2021-04-19,7.39,7.55,7.23,7.43,4237035
2021-04-20,7.47,7.47,7.17,7.19,5350973
2021-04-22,7.19,7.45,6.97,6.97,8171688
2021-04-23,6.97,7.23,6.93,7.23,5407960
2021-04-26,7.19,7.27,6.93,6.93,4536336
2021-04-27,6.87,7.07,6.25,6.99,3234990
2021-04-28,6.99,7.23,6.95,7.11,4408616
2021-04-29,7.11,7.31,7.11,7.21,4559417
2021-05-04,7.17,7.41,6.77,7.39,5671493
2021-05-05,7.39,7.85,7.21,7.67,9866633
2021-05-06,7.67,7.75,7.53,7.65,4718966
2021-05-07,7.63,8.04,7.55,7.87,5979787
2021-05-10,7.87,8.26,7.77,8.26,5463708
2021-05-11,8.28,8.46,8.06,8.06,7067746
2021-05-12,8.06,8.3,7.91,8.28,4211231
2021-05-13,8.28,8.46,8.14,8.22,4663041
2021-05-14,8.22,8.32,8.06,8.16,4736187
2021-05-17,8.16,8.26,8.06,8.12,3858968
2021-05-18,8.16,8.46,8.08,8.18,6006190
2021-05-19,8.22,8.54,8.16,8.52,3991016
2021-05-20,8.52,9.06,8.48,8.86,4194738
2021-05-21,8.86,9.0,8.64,8.82,4967588
2021-05-24,8.82,9.04,8.7,8.98,4872140
2021-05-25,8.98,9.16,8.84,9.08,3158148
2021-05-26,9.08,9.18,9.0,9.08,2376201
2021-05-27,9.08,9.08,8.56,8.82,4481023
2021-05-28,8.82,9.2,8.76,9.16,3687305
2021-05-31,9.16,9.96,9.16,9.9,4728438
2021-06-01,9.94,10.12,9.66,10.1,6461146
2021-06-02,10.1,11.09,9.9,11.09,6742399
2021-06-03,12.15,12.19,11.15,12.19,7968997
2021-06-04,12.25,12.64,11.75,12.03,6440423
2021-06-07,12.03,12.11,10.95,11.35,8602570
2021-06-08,11.35,11.73,10.43,10.43,5758746
2021-06-09,10.43,11.47,10.24,11.47,7271578
2021-06-10,12.63,12.63,11.9,11.99,18162646
2021-06-11,11.99,12.85,11.84,12.66,10810833
2021-06-14,13.81,13.9,12.66,13.84,9754469
2021-06-15,13.84,14.48,13.39,14.22,9589054
2021-06-16,14.22,14.22,13.3,13.58,8979945
2021-06-17,13.36,14.0,12.41,13.97,5730490
2021-06-18,13.97,14.32,13.68,13.9,4362739
2021-06-21,13.9,13.9,13.36,13.36,6223912
2021-06-22,13.36,13.62,13.36,13.39,4363249
2021-06-23,13.49,13.84,13.2,13.65,4298164
2021-06-24,13.68,13.87,13.43,13.58,2669624
2021-06-25,13.58,14.38,13.52,14.32,10503774
2021-06-28,14.32,14.79,14.32,14.48,5988496
2021-06-29,14.51,14.73,14.16,14.38,6120561
2021-06-30,14.38,14.41,14.13,14.13,5558299
2021-07-01,14.32,14.89,14.13,14.76,9491270
2021-07-02,14.83,15.91,14.73,15.4,9497426
2021-07-05,15.4,15.59,14.76,15.11,6437607
2021-07-06,15.11,15.27,13.62,13.62,8253283
2021-07-07,13.3,14.16,13.17,14.16,10311958
2021-07-08,14.32,14.32,13.74,13.87,5632004
2021-07-09,13.93,13.97,13.01,13.3,7899583
2021-07-12,13.36,13.49,11.99,12.03,12624165
2021-07-13,12.03,12.63,12.03,12.63,5583077
2021-07-14,12.69,12.85,12.09,12.38,3790983
2021-07-15,12.31,13.33,12.15,13.11,5057619
2021-07-16,13.11,13.3,12.95,13.01,4041683
2021-07-19,12.92,12.92,11.99,12.03,6827094
2021-07-20,12.06,13.17,11.84,13.17,8111743
2021-07-21,13.17,13.52,12.95,13.17,5935084
2021-07-22,13.17,13.93,12.98,13.74,7505009
2021-07-23,13.74,13.78,13.27,13.27,9244088
2021-07-26,12.89,13.46,11.99,13.33,5946720
2021-07-27,13.36,14.25,13.36,13.84,12719290
2021-07-28,13.74,14.09,13.74,13.87,6224726
2021-07-29,13.93,14.6,13.93,14.6,10217988
2021-07-30,14.6,14.89,14.41,14.67,13201108
2021-08-02,14.67,14.89,14.41,14.63,9274097
2021-08-03,14.63,15.88,14.54,15.88,18641928
2021-08-04,15.88,16.13,15.65,15.84,9117850
2021-08-05,15.84,16.42,15.62,16.29,9282408
2021-08-06,16.29,16.35,15.94,15.94,11115850
2021-08-09,15.94,16.96,15.59,16.54,11066293
2021-08-10,16.58,16.77,16.19,16.32,10327826
2021-08-11,16.32,16.42,15.91,15.91,11038689
2021-08-12,15.88,16.13,15.59,15.78,8352003
2021-08-13,15.68,16.38,15.65,16.35,8946021
2021-08-16,16.35,17.15,16.35,16.89,12986403
2021-08-17,16.86,16.86,16.48,16.77,18944835
2021-08-18,16.96,17.37,16.61,16.96,14101774
2021-08-19,17.02,17.28,16.83,17.21,8388077
2021-08-20,17.21,17.43,16.54,16.86,20996461
2021-08-23,16.86,17.34,16.61,16.96,13622489
2021-08-24,16.96,17.02,15.37,15.91,22243753
2021-08-25,15.75,16.38,15.46,16.38,8881771
2021-08-26,16.32,16.45,15.91,16.16,7128466
2021-08-27,16.13,16.23,15.62,16.1,9444644
2021-09-06,16.32,16.54,15.88,16.1,12143400
2021-09-07,16.23,16.83,16.23,16.54,10610300
2021-09-08,16.93,16.99,16.54,16.7,8451300
2021-09-09,16.54,16.83,16.54,16.83,6342900
2021-09-10,16.93,17.31,16.8,17.08,11475800
2021-09-13,17.05,17.34,16.7,17.21,9300100
2021-09-14,17.18,17.28,16.89,16.89,4932800
2021-09-15,16.58,17.08,16.58,17.02,6082900
2021-09-16,17.08,17.08,16.73,16.77,3673200
2021-09-17,16.8,17.66,16.73,17.28,12264200
2021-09-20,17.47,17.59,17.02,17.05,7074700
2021-09-21,16.83,16.99,16.58,16.83,7346100
2021-09-22,16.86,17.02,16.54,16.99,5520200
2021-09-23,17.15,17.34,16.93,17.05,5303100
2021-09-24,16.93,17.05,16.73,16.73,3061300
2021-09-27,16.77,16.86,15.97,15.97,9127300
2021-09-28,15.94,16.45,15.81,16.38,4741200
2021-09-29,16.23,16.29,16.03,16.16,4195800
2021-09-30,16.19,16.38,16.03,16.23,3522900
2021-10-01,16.07,16.26,15.75,15.75,7358600
2021-10-04,15.61,15.65,15.21,15.43,8818100
2021-10-05,15.68,16.32,15.62,16.1,7448500
2021-10-06,16.23,16.23,16.0,16.1,3166600
2021-10-07,16.16,16.38,15.88,16.23,4953900
2021-10-08,16.26,16.48,16.16,16.32,4429500
2021-10-11,16.48,16.7,16.32,16.64,4150000
2021-10-12,16.7,16.7,16.45,16.51,3703100
2021-10-13,16.54,16.67,16.19,16.32,3530400
2021-10-14,16.32,16.54,16.1,16.32,8615700
2021-10-15,16.38,16.54,16.32,16.38,4071700
2021-10-18,16.42,16.99,16.35,16.89,10412000
2021-10-19,16.93,17.34,16.77,17.05,6570500
2021-10-20,17.18,17.18,16.61,16.86,6096900
2021-10-21,17.05,17.05,16.7,16.86,4104900
2021-10-22,16.86,16.89,16.51,16.61,6356300
2021-10-25,16.54,16.58,16.1,16.1,7723400
2021-10-26,15.91,16.35,15.83,16.29,3620700
2021-10-27,16.48,17.02,16.29,17.02,7074500
2021-10-28,17.24,18.13,17.21,17.91,16950700
2021-10-29,18.07,18.33,17.72,18.13,8517600
2021-11-01,18.29,18.93,18.17,18.8,11127400
2021-11-02,18.8,19.57,18.48,19.28,8923900
2021-11-03,19.28,19.63,18.87,19.03,10255700
2021-11-04,19.31,20.33,19.09,20.33,12203700
2021-11-05,20.87,20.87,20.43,20.49,6930300
2021-11-08,20.52,21.79,20.52,21.54,9452200
2021-11-09,21.35,22.11,21.25,22.11,7745500
2021-11-10,22.43,22.52,21.7,22.08,7866000
2021-11-11,22.27,22.65,21.25,21.83,13367300
2021-11-12,22.02,22.27,21.63,22.24,5773600
2021-11-15,22.62,23.03,21.95,22.33,6307900
2021-11-16,22.11,22.65,21.83,22.11,7190400
2021-11-17,22.84,23.64,22.52,23.64,12131700
2021-11-18,24.47,25.29,24.02,24.69,8332800
2021-11-19,24.82,24.88,22.97,23.86,12004300
2021-11-22,23.86,24.66,23.19,24.02,9582400
2021-11-23,24.05,25.67,23.8,25.67,7457900
2021-11-24,26.02,26.31,25.48,25.9,6121900
2021-11-25,25.8,26.37,25.48,25.8,5966500
2021-11-26,25.8,25.93,24.66,24.82,13234400
2021-11-29,24.5,25.61,24.24,25.42,5665100
2021-11-30,25.93,25.96,24.69,25.13,8111500
2021-12-01,25.04,25.13,24.5,24.82,7029100
2021-12-02,24.72,25.29,24.53,24.72,3741200
2021-12-03,24.94,24.97,23.22,23.22,8460100
2021-12-06,23.54,24.34,22.94,23.51,9022800
2021-12-07,23.99,24.05,23.26,23.77,4965200
2021-12-08,24.05,24.34,23.7,24.15,4521100
2021-12-09,23.99,25.42,23.89,25.42,5493000
2021-12-10,25.29,25.67,24.82,25.13,4585800
2021-12-13,25.26,25.77,24.85,25.61,6761000
2021-12-14,25.74,26.02,25.2,25.67,5137300
2021-12-15,25.64,25.83,25.13,25.13,4300800
2021-12-16,25.17,25.42,24.31,24.5,9606000
2021-12-17,24.69,25.45,24.34,25.45,9981000
2021-12-20,25.77,27.2,25.45,27.11,10203200
2021-12-21,27.23,27.46,26.79,26.98,5790100
2021-12-22,27.2,27.2,26.34,26.5,7315400
2021-12-23,26.25,26.41,24.82,25.07,12384600
2021-12-24,25.13,25.74,24.5,25.42,4563800
2021-12-27,25.8,26.22,25.45,25.45,3352200
2021-12-28,25.48,25.83,24.97,24.97,5572100
2021-12-29,24.91,25.55,24.56,25.13,4658000
2021-12-30,25.42,26.41,25.13,26.34,7017200
2021-12-31,26.66,26.66,25.9,26.09,3670100
2022-01-04,26.12,26.85,26.09,26.41,5138300
2022-01-05,26.41,26.98,26.12,26.12,6570000
2022-01-06,26.02,26.44,25.77,25.83,5635300
2022-01-07,25.61,25.99,25.36,25.45,6086000
2022-01-10,25.29,25.64,24.56,24.56,11309600
2022-01-11,25.13,25.13,23.22,23.22,9943500
2022-01-12,23.07,24.4,22.91,24.31,7979000
2022-01-13,24.47,24.62,22.97,23.19,5859200
2022-01-14,22.91,23.48,22.91,22.91,3774600
2022-01-17,22.91,23.03,21.32,21.32,15771000
2022-01-18,20.71,21.0,19.85,19.85,10178000
2022-01-19,20.52,21.22,20.27,21.22,5719000
2022-01-20,21.32,22.11,20.62,21.57,5270900
2022-01-21,21.54,21.54,20.9,20.93,3340700
2022-01-24,20.33,20.62,19.47,19.47,10824100
2022-01-25,19.28,20.04,18.8,19.95,4062100
2022-01-26,20.04,20.49,19.57,20.01,4556200
2022-01-27,19.85,21.25,19.76,20.68,4314900
2022-01-28,20.68,21.95,20.62,21.95,4715200
2022-02-07,22.21,22.84,22.02,22.4,4058400
2022-02-08,22.43,22.43,21.7,22.27,2728600
2022-02-09,22.27,23.19,22.11,22.91,5053900
2022-02-10,22.87,23.13,22.3,22.59,2717400
2022-02-11,22.46,22.97,22.33,22.75,3188400
2022-02-14,22.17,22.59,21.63,21.63,4523800
2022-02-15,21.95,22.46,21.48,22.37,4099300
2022-02-16,22.59,23.22,22.43,22.75,2751100
2022-02-17,22.75,22.87,22.49,22.62,2532600
2022-02-18,22.3,23.19,22.21,22.94,4821000
2022-02-21,23.1,24.18,23.07,23.89,5775200
2022-02-22,23.45,23.8,23.07,23.38,4542100
2022-02-23,23.57,23.83,23.48,23.67,2332300
2022-02-24,23.57,24.62,22.91,24.18,9603700
2022-02-25,24.5,25.77,24.37,24.85,11134100
2022-02-28,25.29,25.55,24.78,25.07,5989600
2022-03-01,25.2,25.36,24.75,24.97,6539700
2022-03-02,24.69,24.91,24.02,24.15,10093200
2022-03-03,24.27,24.47,23.89,24.43,4220200
2022-03-04,24.66,25.1,24.5,24.5,4592100
2022-03-07,24.27,24.66,24.18,24.21,6682900
2022-03-08,23.92,24.5,23.86,23.86,7236800
2022-03-09,23.99,24.08,23.38,23.38,11808600
2022-03-10,24.98,24.98,24.98,24.98,2000300
2022-03-11,26.7,26.7,25.49,25.49,32597700
2022-03-14,25.17,25.37,24.58,24.9,7352000
2022-03-15,25.02,26.31,24.9,25.56,8550700
2022-03-16,26.04,26.04,25.45,25.53,4868500
2022-03-17,25.88,25.88,25.09,25.17,6099500
2022-03-18,25.09,25.41,24.86,25.06,13105600
2022-03-21,25.13,25.33,24.86,25.09,6935100
2022-03-22,25.09,25.8,25.06,25.21,8155200
2022-03-23,25.25,25.49,24.98,25.06,6824800
2022-03-24,25.06,25.09,24.7,24.7,8935200
2022-03-25,24.55,24.94,24.31,24.39,8458900
2022-03-28,24.0,24.31,23.37,23.68,10102500
2022-03-29,24.23,24.51,23.92,24.23,5304000
2022-03-30,24.0,24.66,23.76,24.27,5877000
2022-03-31,24.39,24.51,23.76,23.92,4554400
2022-04-01,23.92,24.94,23.6,24.86,7846800
2022-04-04,25.41,26.58,25.37,26.58,28162500
2022-04-05,26.74,28.31,26.74,27.13,17035800
2022-04-06,26.66,28.23,26.66,27.84,18821500
2022-04-07,27.84,29.02,27.45,27.45,23236900
2022-04-08,27.45,28.23,27.09,27.53,17989300
2022-04-12,28.07,28.07,25.88,25.88,16606900
2022-04-13,25.96,27.68,24.94,27.68,16660500
2022-04-14,27.84,28.19,26.94,27.09,12340600
2022-04-15,26.82,27.64,26.27,26.43,12856200
2022-04-18,25.72,26.27,24.7,25.25,18699800
2022-04-19,25.33,25.92,23.53,23.53,15768700
2022-04-20,23.53,24.62,23.21,23.76,13758500
2022-04-21,23.76,25.41,23.6,25.37,14542000
2022-04-22,25.88,26.15,23.96,24.82,13201300
2022-04-25,24.82,25.21,23.09,23.09,16404800
2022-04-26,22.74,24.7,21.53,24.7,15523600
2022-04-27,24.31,24.9,23.96,24.47,7463600
2022-04-28,24.27,24.74,23.76,23.84,9707900
2022-04-29,23.64,24.62,23.57,24.31,10427700
2022-05-04,24.07,24.55,23.53,23.53,7952900
2022-05-05,23.88,24.0,22.47,22.74,10868100
2022-05-06,21.88,22.47,21.17,21.17,14963500
2022-05-09,20.23,20.7,19.72,19.72,14588800
2022-05-10,18.59,20.27,18.51,20.04,11674300
2022-05-11,20.08,20.31,19.49,19.84,4532300
2022-05-12,19.21,19.6,18.47,18.47,8089900
2022-05-13,18.43,18.59,17.21,17.21,17305000
2022-05-16,18.04,18.39,17.25,17.76,8471400
2022-05-17,17.61,18.98,17.17,18.98,8208600
2022-05-18,19.6,20.23,19.13,19.41,10785800
2022-05-19,18.82,19.92,18.74,19.76,8416700
2022-05-20,20.0,20.15,19.21,19.29,9335800
2022-05-23,19.45,19.49,17.96,18.27,10081200
2022-05-24,18.27,18.82,17.02,18.82,13598900
2022-05-25,18.82,19.76,18.74,19.45,9619600
2022-05-26,19.61,20.41,19.37,19.49,7946200
2022-05-27,19.49,19.97,19.21,19.57,8742300
2022-05-30,19.73,20.25,19.57,19.97,10663400
2022-05-31,20.01,20.57,19.69,20.21,10690200
2022-06-01,20.01,20.73,19.69,20.37,9031300
2022-06-02,20.41,20.77,19.69,19.89,10980100
2022-06-03,19.73,19.93,19.25,19.49,8604500
2022-06-06,19.41,20.01,19.17,19.29,6115400
2022-06-07,19.17,19.25,18.01,19.13,9660700
2022-06-08,19.49,20.17,19.09,19.77,8699500
2022-06-09,20.01,20.33,19.77,19.97,6611000
2022-06-10,19.69,19.93,19.21,19.21,6290000
2022-06-13,18.09,18.65,17.89,17.89,10702200
2022-06-14,17.21,17.85,16.65,16.73,10120400
2022-06-15,16.41,17.05,15.57,15.57,30210800
2022-06-16,15.97,16.01,14.49,14.53,26006500
2022-06-17,13.69,14.01,13.53,13.53,28721800
2022-06-20,13.97,14.13,12.61,12.61,29310800
2022-06-21,12.25,13.45,11.89,12.73,28567700
2022-06-22,13.25,13.61,13.13,13.61,25628400
2022-06-23,13.37,13.61,12.81,13.57,16572500
2022-06-24,13.49,14.29,13.33,13.77,26591800
2022-06-27,14.01,14.73,13.77,14.73,25199600
2022-06-28,14.73,15.13,14.49,14.65,23855900
2022-06-29,14.45,15.37,14.37,14.85,30989500
2022-06-30,14.89,15.29,13.93,13.93,32005300
2022-07-01,14.09,14.89,13.37,14.89,35630900
2022-07-04,15.25,15.77,15.09,15.37,27091500
2022-07-05,15.33,15.49,14.89,14.89,24649200
2022-07-06,14.41,14.93,14.09,14.09,29433800
2022-07-07,14.05,14.41,13.73,14.17,21112600
2022-07-08,14.45,14.89,14.41,14.69,23575000
2022-07-11,14.61,15.13,14.01,14.29,19432000
2022-07-12,14.29,14.81,14.17,14.65,20230500
2022-07-13,14.73,15.09,14.57,14.81,22995300
2022-07-14,14.57,15.61,14.49,15.45,30892100
2022-07-15,15.57,15.73,15.13,15.13,22697400
2022-07-18,15.33,15.49,15.13,15.21,19723900
2022-07-19,15.05,15.29,14.73,15.01,22450900
2022-07-20,15.33,15.73,15.21,15.37,23701000
2022-07-21,15.37,15.65,15.29,15.33,16010200
2022-07-22,15.41,15.53,15.17,15.17,15427200
2022-07-25,14.97,15.37,14.73,15.01,14915300
2022-07-26,15.13,15.17,14.57,14.57,14054700
2022-07-27,14.45,14.65,14.25,14.57,18073000
2022-07-28,14.97,15.33,14.73,15.09,17149900
2022-07-29,15.21,15.53,15.05,15.29,26439400
2022-08-01,15.41,16.33,15.37,16.33,42530300
2022-08-02,16.41,17.05,16.37,16.61,31411800
2022-08-03,16.41,16.97,16.37,16.93,26534700
2022-08-04,17.13,17.29,16.69,16.97,29973600
2022-08-05,16.81,17.89,16.73,17.61,28980600
2022-08-08,17.69,17.85,17.49,17.73,23484200
2022-08-09,17.69,18.17,17.45,18.05,21850200
2022-08-10,17.81,18.17,17.73,17.77,21196600
2022-08-11,18.01,18.33,17.33,17.57,37946100
2022-08-12,17.49,18.09,17.37,18.01,21203000
2022-08-15,18.25,18.29,17.85,17.97,14742400
2022-08-16,17.93,18.17,17.73,17.97,18915800
2022-08-17,18.09,18.21,17.69,17.81,20985900
2022-08-18,17.69,18.37,17.69,18.01,22191200
2022-08-19,17.97,18.33,17.85,18.13,15079100
2022-08-22,18.09,18.37,17.69,17.77,19927200
2022-08-23,17.61,18.21,17.37,18.21,25373000
2022-08-24,18.29,18.33,18.01,18.09,12780900
2022-08-25,18.17,18.65,18.17,18.37,20642700
2022-08-26,18.37,18.41,17.81,17.93,20429200
2022-08-29,17.49,17.77,16.73,17.77,37942300
2022-08-30,17.97,18.05,17.37,17.37,13185700
2022-08-31,17.21,17.53,17.09,17.37,11983700
2022-09-05,17.29,17.49,17.13,17.13,12898200
2022-09-06,17.33,17.41,17.09,17.13,10989800
2022-09-07,17.13,17.29,16.01,16.01,28135800
2022-09-08,16.33,16.41,15.89,16.01,14694200
2022-09-09,16.29,16.33,15.49,16.33,17791400
2022-09-12,16.65,16.69,16.05,16.09,10419242
2022-09-13,16.13,16.21,15.65,15.89,14819554
2022-09-14,15.29,16.09,15.29,16.01,22133472
2022-09-15,16.17,16.21,15.81,15.85,7688783
2022-09-16,15.77,15.85,15.21,15.21,23561746
2022-09-19,15.29,15.29,14.29,14.29,20710747
2022-09-20,14.41,15.05,14.29,15.05,16311745
2022-09-21,14.81,15.13,14.65,14.81,10546797
2022-09-22,14.61,15.29,14.57,15.21,17720648
2022-09-23,15.17,15.37,14.81,14.85,15984186
2022-09-26,14.45,14.65,13.85,13.97,28904855
2022-09-27,14.09,14.21,13.89,14.01,13336312
2022-09-28,14.01,14.57,13.93,14.25,19718479
2022-09-29,14.65,14.65,13.93,13.93,12165251
2022-09-30,13.93,14.17,13.13,14.01,21994856
2022-10-03,13.77,13.89,13.05,13.05,15969933
2022-10-04,13.37,13.45,12.33,12.33,20092444
2022-10-05,12.65,13.17,12.65,13.13,12879747
2022-10-06,13.09,13.13,12.25,12.25,14381645
2022-10-07,11.69,12.09,11.41,11.41,30616725
2022-10-10,11.13,11.89,10.76,11.73,19681932
2022-10-11,11.61,11.69,10.92,10.92,15415721
2022-10-12,10.84,11.61,10.64,11.17,25609294
2022-10-13,11.09,11.45,11.05,11.13,10526559
2022-10-14,11.53,11.89,11.37,11.61,26022456
2022-10-17,11.45,11.61,11.05,11.61,15971189
2022-10-18,11.89,12.13,11.69,11.69,20881716
2022-10-19,11.69,11.93,11.53,11.65,12986529
2022-10-20,11.61,11.69,11.25,11.33,11013049
2022-10-21,11.25,11.37,10.56,10.56,25280010
2022-10-24,10.28,10.4,9.84,9.84,11773118
2022-10-25,9.16,10.16,9.16,9.16,65510692
2022-10-26,9.28,9.6,8.52,8.52,28096494
2022-10-27,8.4,9.08,8.4,9.08,37110186
2022-10-28,9.36,9.68,9.24,9.36,24822832
2022-10-31,9.52,9.52,8.72,9.2,25082233
2022-11-01,9.36,9.48,9.0,9.44,18766562
2022-11-02,9.44,9.88,9.24,9.68,22060968
2022-11-03,9.36,9.68,9.32,9.56,17832872
2022-11-04,9.4,9.44,8.92,8.96,22898455
2022-11-07,8.96,9.04,8.36,8.36,27990030
2022-11-08,7.84,8.52,7.84,8.52,16702562
2022-11-09,8.6,8.8,8.32,8.36,8488258
2022-11-10,8.12,8.24,7.78,7.78,17437671
2022-11-11,8.0,8.16,7.74,7.84,20041654
2022-11-14,7.3,8.28,7.3,8.28,24433491
2022-11-15,8.04,8.32,7.71,7.92,20779206
2022-11-16,7.46,8.44,7.39,8.44,22962775
2022-11-17,8.64,9.0,8.56,8.88,18659525
2022-11-18,8.8,9.2,8.28,8.88,30241937
2022-11-21,8.88,9.2,8.76,9.04,17455859
2022-11-22,8.84,9.6,8.76,9.04,35664125
2022-11-23,8.96,9.16,8.48,8.48,13544395
2022-11-24,8.32,8.64,8.08,8.44,14878979
2022-11-25,8.68,9.0,8.56,9.0,23107442
2022-11-28,9.36,9.6,9.28,9.6,34151718
2022-11-29,9.92,10.24,9.64,10.24,47929584
2022-11-30,10.4,10.88,10.04,10.88,36168651
2022-12-01,11.25,11.37,10.32,10.4,46769858
2022-12-02,10.4,11.13,10.24,11.13,35888940
2022-12-05,11.85,11.89,11.53,11.89,43418044
2022-12-06,11.77,12.37,11.25,11.45,63599127
2022-12-07,11.61,11.85,11.09,11.45,38889984
2022-12-08,11.85,12.25,11.77,12.25,33885539
2022-12-09,12.53,12.65,12.21,12.41,33844979
2022-12-12,12.41,12.69,11.57,11.57,54112394
2022-12-13,11.53,12.37,11.13,12.37,45069238
2022-12-14,12.81,13.09,12.33,12.49,40964504
2022-12-15,12.33,12.77,12.17,12.73,29041291
2022-12-16,12.49,13.09,12.41,12.85,34030150
2022-12-19,12.89,13.53,12.25,12.41,46187129
2022-12-20,12.37,12.57,11.69,12.17,40219518
2022-12-21,12.41,12.45,11.33,11.73,37816326
2022-12-22,11.93,12.01,11.29,11.65,26058457
2022-12-23,11.61,11.61,11.13,11.21,20233442
2022-12-26,11.09,11.21,10.44,10.44,28506569
2022-12-27,10.4,11.17,10.4,11.17,22804926
2022-12-28,11.29,11.49,10.97,11.29,15802893
2022-12-29,11.17,11.33,10.8,10.8,13183489
2022-12-30,10.92,11.09,10.8,10.8,12605447
2023-01-03,10.84,11.53,10.84,11.53,20593646
2023-01-04,11.77,11.97,11.49,11.49,19518373
2023-01-05,11.61,11.81,11.29,11.69,16803627
2023-01-06,11.53,11.93,11.45,11.45,20989556
2023-01-09,11.65,11.73,11.45,11.53,13306657
2023-01-10,11.53,11.77,11.25,11.53,15187580
2023-01-11,11.69,12.17,11.61,11.81,23689645
2023-01-12,11.93,11.97,11.69,11.77,10347595
2023-01-13,11.93,12.25,11.77,11.93,23737692
2023-01-16,12.01,12.09,11.69,12.01,13387041
2023-01-17,12.13,12.77,12.09,12.73,26788187
2023-01-18,12.73,13.13,12.65,12.93,26516651
2023-01-19,12.81,13.49,12.77,13.41,30132429
2023-01-27,13.41,13.45,13.05,13.05,35133719
2023-01-30,13.05,13.45,12.85,13.01,25734715
2023-01-31,13.05,13.25,12.85,13.25,23208592
2023-02-01,13.37,13.41,12.33,12.33,47927937
2023-02-02,12.45,12.49,11.89,12.09,26606304
2023-02-03,12.13,12.33,11.89,12.09,14087310
2023-02-06,11.93,12.13,11.81,12.13,15458931
2023-02-07,12.25,12.33,11.45,11.49,23580679
2023-02-08,11.69,11.97,11.29,11.69,15735730
2023-02-09,11.69,11.85,11.49,11.53,8091393
2023-02-10,11.49,11.53,11.21,11.21,13506123
2023-02-13,11.05,11.17,10.48,10.76,20129489
2023-02-14,10.97,11.13,10.8,11.13,9969716
2023-02-15,11.05,11.41,11.01,11.21,17456784
2023-02-16,11.37,11.69,11.25,11.69,13910267
2023-02-17,11.65,11.77,11.45,11.57,10547545
2023-02-20,11.61,12.37,11.57,12.37,25161284
2023-02-21,12.53,12.57,12.13,12.13,18102025
2023-02-22,11.89,12.09,11.45,11.45,28408994
2023-02-23,11.45,11.61,10.88,11.61,29223134
2023-02-24,11.61,11.69,11.17,11.21,9348412
2023-02-27,10.97,11.05,10.68,10.72,18548887
2023-02-28,10.92,11.09,10.72,10.76,10301394
2023-03-01,10.72,11.41,10.56,11.41,15411411
2023-03-02,11.45,11.49,11.09,11.13,9492752
2023-03-03,11.25,11.33,10.88,10.88,12122198
2023-03-06,11.21,11.41,11.01,11.09,13720057
2023-03-07,11.21,11.49,11.13,11.37,13903752
2023-03-08,11.21,11.77,11.13,11.77,20441613
2023-03-09,11.81,11.97,11.69,11.77,17328246
2023-03-10,11.65,11.85,11.45,11.61,19717722
2023-03-13,11.45,11.85,11.45,11.61,18676853
2023-03-14,11.65,11.69,11.17,11.21,14939951
2023-03-15,11.69,11.97,11.53,11.97,29520431
2023-03-16,11.93,12.09,11.81,11.85,25321197
2023-03-17,12.13,12.13,11.77,12.01,20473319
2023-03-20,11.89,12.01,11.49,11.49,20872928
2023-03-21,11.69,11.85,11.41,11.85,17545119
2023-03-22,11.93,12.09,11.81,11.85,16262166
2023-03-23,11.73,12.21,11.69,12.13,22034432
2023-03-24,12.25,12.45,12.17,12.25,27501270
2023-03-27,12.29,12.65,12.17,12.37,20671932
2023-03-28,12.49,12.53,12.21,12.21,18532181
2023-03-29,12.21,12.41,12.13,12.33,15982527
2023-03-30,12.57,12.61,12.17,12.21,23380638
2023-03-31,12.21,12.49,12.09,12.41,29056850
2023-04-03,12.77,12.81,12.57,12.73,34681678
2023-04-04,12.73,13.13,12.57,12.97,40440157
2023-04-05,12.89,13.05,12.77,12.97,18895836
2023-04-06,13.05,13.21,12.53,12.53,35824848
2023-04-07,12.53,12.73,12.45,12.65,26887428
2023-04-10,12.89,13.17,12.65,12.73,35577401
2023-04-11,12.73,12.81,12.45,12.73,26665091
2023-04-12,12.73,12.81,12.49,12.49,19424980
2023-04-13,12.53,12.61,12.09,12.17,30570863
2023-04-14,12.25,12.33,11.89,11.89,28533358
2023-04-17,11.89,12.05,11.77,11.93,10502292
2023-04-18,12.01,12.25,11.93,12.17,16181067
2023-04-19,12.25,12.29,11.89,11.93,13744806
2023-04-20,11.93,11.97,11.85,11.89,7250525
2023-04-21,11.89,12.29,11.85,12.05,18469997
2023-04-24,12.05,12.13,11.81,11.97,8926646
2023-04-25,11.97,12.09,11.65,11.69,13474280
2023-04-26,11.69,11.81,11.49,11.73,12599999
2023-04-27,11.81,11.89,11.61,11.65,10857389
2023-04-28,11.77,11.93,11.69,11.93,13111013
2023-05-04,11.81,12.13,11.81,12.01,12569554
2023-05-05,11.93,12.05,11.81,11.81,8592817
2023-05-08,11.89,12.13,11.89,12.13,15767698
2023-05-09,12.13,12.17,12.01,12.05,8649680
2023-05-10,12.13,12.33,12.13,12.25,18789581
2023-05-11,12.33,12.65,12.29,12.45,23968227
2023-05-12,12.45,12.69,12.33,12.69,22652586
2023-05-15,12.81,12.89,12.41,12.41,20910025
2023-05-16,12.41,12.65,12.37,12.49,14623214
2023-05-17,12.45,12.57,12.21,12.21,15607226
2023-05-18,12.29,12.65,12.21,12.41,19187521
2023-05-19,12.49,13.01,12.41,12.89,72110304
2023-05-22,13.01,13.21,12.89,12.97,24466540
2023-05-23,13.05,13.37,12.97,13.17,46128046
2023-05-24,13.37,13.37,12.89,12.89,38546043
2023-05-25,12.81,12.93,12.65,12.69,26768285
2023-05-26,12.77,12.97,12.69,12.77,17486350
2023-05-29,12.97,13.65,12.93,13.65,44837531
2023-05-30,13.81,13.97,13.65,13.93,40645103
2023-05-31,13.93,14.29,13.81,14.01,38032661
2023-06-01,14.01,14.65,13.85,14.57,36683901
2023-06-02,14.69,14.93,14.49,14.65,29902639
2023-06-05,14.89,14.89,14.37,14.45,38180382
2023-06-06,14.45,15.45,14.37,15.45,52230233
2023-06-07,15.57,15.57,15.21,15.41,28302588
2023-06-08,15.37,15.61,14.49,14.49,66290790
2023-06-09,14.65,15.21,14.49,15.17,43033394
2023-06-12,15.21,15.25,14.69,15.09,24097380
2023-06-13,15.17,15.25,14.89,14.93,25978183
2023-06-14,15.05,15.33,14.93,14.97,38790855
2023-06-15,14.97,15.29,14.93,15.29,34129551
2023-06-16,15.53,16.33,15.49,15.53,69384757
2023-06-19,15.69,15.81,15.37,15.37,28660173
2023-06-20,15.37,15.69,15.09,15.69,29634059
2023-06-21,15.73,15.97,15.61,15.81,28170761
2023-06-22,15.89,16.01,15.61,15.73,27520062
2023-06-23,15.73,15.93,15.53,15.77,30943184
2023-06-26,15.73,15.77,15.13,15.49,33582516
2023-06-27,15.57,15.77,15.45,15.73,16764946
2023-06-28,15.93,16.09,15.65,15.65,28430524
2023-06-29,15.65,15.69,15.05,15.05,29424344
2023-06-30,15.05,15.33,14.97,15.13,18364070
2023-07-03,15.29,15.33,15.05,15.09,10499680
2023-07-04,15.05,15.69,15.05,15.69,28227968
2023-07-05,15.77,15.85,15.45,15.45,20035239
2023-07-06,15.41,15.65,14.37,14.45,105891505
2023-07-07,14.25,14.37,13.57,14.17,49842092
2023-07-10,14.17,14.61,14.05,14.21,39496049
2023-07-11,14.17,14.49,14.09,14.33,32386606
2023-07-12,14.41,14.45,13.97,14.09,30800944
2023-07-13,14.25,14.49,14.13,14.37,25385185
2023-07-14,14.49,14.89,14.41,14.81,43615367
2023-07-17,14.97,14.97,14.57,14.65,21392759
2023-07-18,14.65,14.85,14.49,14.73,17157255
2023-07-19,14.85,14.85,14.49,14.49,18244544
2023-07-20,14.53,14.57,14.33,14.53,14071374
2023-07-21,14.65,15.17,14.57,15.05,41509671
2023-07-24,15.29,15.37,15.09,15.25,27180010
2023-07-25,15.41,15.41,15.01,15.13,25345091
2023-07-26,15.17,15.61,14.89,15.45,35827836
2023-07-27,15.53,15.77,15.33,15.53,30817387
2023-07-28,15.57,16.33,15.57,16.25,55136843
2023-07-31,16.45,16.81,16.13,16.65,35290458
2023-08-01,16.65,16.69,16.01,16.01,39036965
2023-08-02,16.01,16.41,15.93,16.17,29562488
2023-08-03,16.01,16.33,15.77,15.85,47197241
2023-08-04,16.01,16.53,15.85,16.49,26525653
2023-08-07,16.61,16.97,16.45,16.45,31070397
2023-08-08,16.57,16.61,16.05,16.09,34368151
2023-08-09,16.09,16.33,15.93,16.01,23286654
2023-08-10,16.05,16.25,15.93,16.09,19459651
2023-08-11,16.17,16.25,15.81,16.05,24697078
2023-08-14,16.33,17.17,16.25,17.13,58784078
2023-08-15,17.17,17.21,16.85,16.89,24636931
2023-08-16,16.81,17.05,16.65,17.05,26662130
2023-08-17,17.29,17.77,17.21,17.21,44632556
2023-08-18,17.01,17.29,16.01,16.01,59574376
2023-08-21,16.37,16.65,15.85,16.37,33882557
2023-08-22,16.41,16.85,15.65,16.81,42754129
2023-08-23,17.05,17.05,16.45,16.45,22120138
2023-08-24,16.57,17.05,16.41,17.05,29767951
2023-08-25,17.09,17.77,16.93,17.49,50320332
2023-08-28,17.61,17.93,17.53,17.77,24778560
2023-08-29,17.93,18.25,17.61,17.93,39299369
2023-08-30,18.01,18.81,17.81,18.81,34472777
2023-08-31,18.85,19.05,18.65,18.81,22517126
2023-09-05,18.97,19.09,18.65,18.81,28263906
2023-09-06,18.81,19.57,18.57,19.21,26254144
2023-09-07,19.37,19.41,18.97,19.05,21161529
2023-09-08,18.89,19.29,18.85,18.93,21527924
2023-09-11,19.05,19.37,18.73,18.73,36125068
2023-09-12,18.73,20.01,18.69,20.01,35224189
2023-09-13,20.13,20.21,19.57,19.61,33601072
2023-09-14,19.61,19.77,19.21,19.33,33331745
2023-09-15,19.45,19.61,19.05,19.21,21084545
2023-09-18,19.17,19.81,19.01,19.65,29097165
2023-09-19,19.89,19.93,19.29,19.81,20811663
2023-09-20,19.85,20.49,19.77,20.21,25569194
2023-09-21,20.17,20.25,19.37,19.37,36164108
2023-09-22,18.65,18.97,18.05,18.05,56068786
2023-09-25,17.93,18.17,16.81,16.81,38987602
2023-09-26,16.81,17.69,16.53,16.53,40839710
2023-09-27,16.81,17.49,16.29,17.49,25999001
2023-09-28,17.37,17.45,16.69,16.85,26181690
2023-09-29,17.05,17.25,16.65,16.81,17395744
2023-10-02,16.81,17.21,16.81,16.89,12291623
2023-10-03,16.69,16.69,15.73,15.73,41986223
2023-10-04,15.21,16.73,15.21,16.29,31620951
2023-10-05,16.49,16.53,15.65,15.65,18542007
2023-10-06,15.69,16.73,15.57,16.73,34770671
2023-10-09,16.73,17.49,16.65,17.29,22742550
2023-10-10,17.57,17.57,17.09,17.13,25681695
2023-10-11,17.21,17.77,17.09,17.77,22412890
2023-10-12,17.85,18.01,17.53,17.65,24578966
2023-10-13,17.45,17.77,17.17,17.61,22598405
2023-10-16,17.61,17.61,16.73,16.77,27914902
2023-10-17,16.89,17.21,16.01,16.01,18444528
2023-10-18,16.25,16.61,15.21,16.13,29543073
2023-10-19,16.09,16.33,15.25,15.33,23341271
2023-10-20,15.33,16.01,14.69,15.97,27269793
2023-10-23,15.97,16.17,15.49,15.53,16014021
2023-10-24,15.69,15.93,15.41,15.81,12967177
2023-10-25,15.85,16.21,15.73,15.73,14195267
2023-10-26,15.21,15.53,14.65,14.65,48731307
2023-10-27,14.89,15.01,14.21,14.81,21609447
2023-10-30,14.57,14.77,13.85,13.85,12761942
2023-10-31,13.85,14.17,13.05,13.05,27716538
2023-11-01,13.21,13.89,13.09,13.89,24338820
2023-11-02,14.17,14.85,14.09,14.85,24918963
2023-11-03,14.89,15.05,14.61,14.81,21185558
2023-11-06,15.09,15.09,14.77,14.97,13115292
2023-11-07,14.81,15.25,14.57,14.65,20230121
2023-11-08,14.65,15.65,14.65,15.65,27170457
2023-11-09,15.85,16.65,15.73,16.05,32288567
2023-11-10,15.85,16.53,15.81,16.05,28869463
2023-11-13,16.17,16.33,15.73,16.17,19406887
2023-11-14,16.41,16.65,16.17,16.33,22283244
2023-11-15,16.89,17.05,16.41,16.41,23075539
2023-11-16,16.41,16.81,16.25,16.81,17284239
2023-11-17,16.89,17.01,16.01,16.21,29465385
2023-11-20,15.69,16.97,15.69,16.97,38214504
2023-11-21,17.21,17.53,17.09,17.37,33702228
2023-11-22,17.41,17.57,17.21,17.53,31413973
2023-11-23,17.61,17.89,16.49,16.49,45924504
2023-11-24,16.77,17.05,16.17,17.05,31436815
2023-11-27,17.05,17.13,16.49,16.49,18361401
2023-11-28,16.49,16.69,15.93,16.65,26429176
2023-11-29,16.65,16.97,16.65,16.85,17484531
2023-11-30,16.89,17.17,16.77,16.77,28334262
2023-12-01,16.97,17.17,16.65,17.09,19090701
2023-12-04,17.45,18.25,17.37,18.17,56553832
2023-12-05,18.17,18.25,17.97,18.05,27418743
2023-12-06,18.05,18.37,17.97,18.21,30767131
2023-12-07,18.25,18.33,17.21,17.61,67404135
2023-12-08,17.61,17.77,17.29,17.37,20890088
2023-12-11,17.37,17.65,17.13,17.57,24147425
2023-12-12,17.61,17.85,17.61,17.65,16264210
2023-12-13,17.81,17.89,17.21,17.29,21681418
2023-12-14,17.57,17.57,17.13,17.17,17896320
2023-12-15,17.17,17.77,17.09,17.45,37994591
2023-12-18,17.53,17.53,17.25,17.25,12219353
2023-12-19,17.25,17.45,16.97,17.45,18450671
2023-12-20,17.49,17.77,17.37,17.57,14222296
2023-12-21,17.41,17.57,17.37,17.41,11955563
2023-12-22,17.45,17.73,17.21,17.21,19705942
2023-12-25,17.21,17.53,17.17,17.37,12928766
2023-12-26,17.41,17.57,17.37,17.49,18507538
2023-12-27,17.61,17.97,17.57,17.61,21421940
2023-12-28,17.61,17.89,17.57,17.73,16513094
2023-12-29,17.77,17.89,17.69,17.81,18546454
2024-01-02,17.97,18.13,17.69,17.73,27971485
2024-01-03,17.73,17.89,17.53,17.89,16602049
2024-01-04,17.97,18.37,17.85,17.85,44995036
2024-01-05,17.89,17.97,17.61,17.85,23799326
2024-01-08,17.93,18.13,17.77,17.81,21891921
2024-01-09,17.85,17.93,17.69,17.73,19379273
2024-01-10,17.73,17.77,17.37,17.41,28681449
2024-01-11,17.41,17.77,17.41,17.57,15972091
2024-01-12,17.41,17.61,17.21,17.45,20647931
2024-01-15,17.49,17.61,17.21,17.21,9197174
2024-01-16,17.17,17.45,17.13,17.45,9711344
2024-01-17,17.45,18.01,17.37,17.57,22720348
2024-01-18,17.53,17.73,17.49,17.53,10530579
2024-01-19,17.73,17.73,17.37,17.37,13262865
2024-01-22,17.73,17.85,17.45,17.57,20101293
2024-01-23,17.61,17.81,17.53,17.53,15881459
2024-01-24,17.57,17.85,17.57,17.65,21132724
2024-01-25,17.65,17.73,17.53,17.53,8549713
2024-01-26,17.57,17.73,17.49,17.57,10733963
2024-01-29,17.61,17.65,17.45,17.45,9001635
2024-01-30,17.45,17.53,17.37,17.49,8219190
2024-01-31,17.57,17.89,17.45,17.45,28602367
2024-02-01,17.45,17.57,17.37,17.41,12815811
2024-02-02,17.45,17.69,17.45,17.45,16230766
2024-02-05,17.57,17.89,17.45,17.77,21632691
2024-02-06,17.85,18.01,17.69,17.69,19020298
2024-02-07,17.73,18.53,17.73,18.41,46171591
2024-02-15,18.65,18.65,18.33,18.41,22748244
2024-02-16,18.57,18.81,18.41,18.57,32058584
2024-02-19,18.65,18.73,18.09,18.37,41603417
2024-02-20,18.57,18.77,18.41,18.41,22425823
2024-02-21,18.41,18.45,18.01,18.09,38590773
2024-02-22,18.09,18.21,18.01,18.01,17102301
2024-02-23,18.05,18.21,17.53,17.65,34420413
2024-02-26,17.65,18.25,17.61,18.13,26649591
2024-02-27,18.25,18.49,18.13,18.25,21782355
2024-02-28,18.41,18.41,18.01,18.09,21512124
2024-02-29,18.21,18.57,18.09,18.13,31122159
2024-03-01,18.33,18.77,18.29,18.57,42624810
2024-03-04,18.89,18.93,18.61,18.77,32217883
2024-03-05,18.77,18.85,18.49,18.81,28962138
2024-03-06,18.73,18.89,18.33,18.41,31777414
2024-03-07,18.41,18.89,18.29,18.81,39340180
2024-03-08,18.97,19.45,18.81,18.81,65518116
2024-03-11,18.81,18.93,18.25,18.33,32306153
2024-03-12,18.25,18.37,18.05,18.09,32727403
2024-03-13,18.17,18.89,18.05,18.85,35102732
2024-03-14,19.01,19.33,18.57,18.65,40179674
2024-03-15,18.65,18.93,18.49,18.85,33220575
2024-03-18,19.05,19.13,17.77,18.57,50789749
2024-03-19,18.69,18.73,18.17,18.45,19131604
2024-03-20,18.41,18.77,18.21,18.73,22112889
2024-03-21,19.17,19.61,19.09,19.41,62524615
2024-03-22,19.53,19.73,19.25,19.45,37134031
2024-03-25,19.29,19.89,18.85,19.17,86297351
2024-03-26,18.45,18.81,18.21,18.77,81901108
2024-03-27,19.01,19.05,18.57,18.65,37034217
2024-03-28,18.73,18.97,18.33,18.57,43892144
2024-03-29,18.57,18.61,18.29,18.37,33709962
2024-04-01,18.37,18.65,18.17,18.33,28716544
2024-04-02,18.33,18.49,18.05,18.49,28054357
2024-04-03,18.53,18.65,18.17,18.25,24371835
2024-04-04,18.21,18.29,17.97,18.01,20655515
2024-04-05,17.77,17.85,17.65,17.65,24595873
2024-04-08,17.65,17.77,17.33,17.33,20286315
2024-04-09,17.33,17.85,17.29,17.81,16386623
2024-04-10,17.89,17.89,17.61,17.61,9369738
2024-04-11,17.37,17.57,17.29,17.45,10526903
2024-04-12,17.61,17.77,17.45,17.57,11087021
2024-04-15,17.57,17.77,16.37,16.37,23741551
2024-04-16,16.25,16.41,15.41,16.09,27514429
2024-04-17,16.09,16.21,15.49,15.49,12328547
2024-04-19,15.21,15.85,14.65,15.13,22145062
2024-04-22,15.85,16.17,15.57,16.17,21922367
2024-04-23,16.33,16.41,15.69,15.77,13782144
2024-04-24,16.09,16.81,16.01,16.73,17038463
2024-04-25,16.65,16.97,16.57,16.81,12914860
2024-04-26,16.45,16.73,16.41,16.53,10120111
2024-05-02,16.53,16.57,16.13,16.25,7810102
2024-05-03,16.53,16.53,16.25,16.25,6356592
2024-05-06,16.41,16.97,16.37,16.89,12776307
2024-05-07,16.93,16.97,16.65,16.77,7427344
2024-05-08,16.65,16.85,16.37,16.73,9647855
2024-05-09,16.77,16.89,16.49,16.49,7301330
2024-05-10,16.57,16.65,16.41,16.65,6262905
2024-05-13,16.77,16.81,16.53,16.65,5965782
2024-05-14,16.65,16.77,16.57,16.57,5257404
2024-05-15,16.61,16.97,16.57,16.81,11378900
2024-05-16,17.01,17.09,16.81,16.85,9449880
2024-05-17,16.89,17.61,16.85,17.53,21708562
2024-05-20,17.73,17.89,17.37,17.37,14371657
2024-05-21,17.29,17.53,17.01,17.17,16846307
2024-05-22,17.21,17.53,17.05,17.05,18729756
2024-05-23,16.97,17.09,16.01,16.49,37910862
2024-05-24,16.41,16.45,15.89,16.05,29939835
2024-05-27,16.09,16.33,16.05,16.21,9667550
2024-05-28,16.21,16.41,16.17,16.33,24795151
2024-05-29,16.9,17.08,16.49,16.58,22978931
2024-05-30,16.4,16.58,16.08,16.26,18553241
2024-05-31,16.4,16.4,16.22,16.22,6849663
2024-06-03,16.63,16.77,16.49,16.54,11855357
2024-06-04,16.63,16.77,16.4,16.4,12219765
2024-06-05,16.4,16.63,16.4,16.49,8699827
2024-06-06,16.49,16.67,16.36,16.36,9708414
2024-06-07,16.4,16.49,16.26,16.31,6896578
2024-06-10,16.4,16.49,16.26,16.26,11065125
2024-06-11,16.4,16.4,16.08,16.17,9673546
2024-06-12,16.17,16.54,16.17,16.45,10593396
2024-06-13,16.54,16.63,16.4,16.54,13059644
2024-06-14,16.58,16.67,16.26,16.26,16541746
2024-06-17,16.26,16.31,15.95,15.95,13469397
2024-06-18,15.95,16.13,15.67,15.67,17380275
2024-06-19,15.67,15.81,15.35,15.4,17813519
2024-06-20,15.4,15.58,15.08,15.22,11995029
2024-06-21,15.22,15.31,14.76,14.76,20149464
2024-06-24,14.76,15.31,14.72,14.9,20660495
2024-06-25,14.9,15.13,14.85,14.94,9919103
2024-06-26,15.03,15.49,15.03,15.22,13073337
2024-06-27,15.26,15.31,14.9,14.94,7738350
2024-06-28,15.03,15.03,14.62,14.62,10547171
2024-07-01,14.72,14.81,14.49,14.67,10130865
2024-07-02,14.67,14.99,14.67,14.76,9425861
2024-07-03,14.85,14.9,14.72,14.76,9491871
2024-07-04,14.81,15.44,14.76,15.13,17869721
2024-07-05,15.13,15.26,15.03,15.13,7016957
2024-07-08,15.4,15.4,14.9,14.9,8762596
2024-07-09,14.9,15.13,14.85,15.08,8516135
2024-07-10,15.03,15.13,14.81,14.85,8990540
2024-07-11,14.94,15.13,14.94,15.08,8238097
2024-07-12,15.08,15.22,14.94,14.99,7255371
2024-07-15,14.99,15.08,14.76,14.76,10320168
2024-07-16,14.76,14.9,14.44,14.53,15044243
2024-07-17,14.62,14.72,13.94,14.03,14030914
2024-07-18,14.08,14.26,13.67,14.12,13124704
2024-07-19,14.26,14.72,14.12,14.49,13937781
2024-07-22,14.49,14.62,14.17,14.58,12751431
2024-07-23,14.67,14.67,14.17,14.31,6449959
2024-07-24,14.31,14.53,13.76,14.44,12292668
2024-07-25,14.21,14.49,14.08,14.31,5645363
2024-07-26,14.35,14.49,14.26,14.35,4698248
2024-07-29,14.44,14.58,14.26,14.26,6172567
2024-07-30,14.26,14.4,14.08,14.12,5430378
2024-07-31,14.26,14.35,14.12,14.17,4929814
2024-08-01,14.21,14.26,13.67,13.67,10969778
2024-08-02,13.58,13.99,13.26,13.9,9410291
2024-08-05,13.53,13.67,12.94,12.94,16456340
2024-08-06,13.21,13.49,12.94,13.44,8586981
2024-08-07,13.49,13.49,13.17,13.35,4702869
2024-08-08,13.3,13.85,13.21,13.39,10438674
2024-08-09,13.67,13.85,13.53,13.8,10159138
2024-08-12,13.8,13.94,13.67,13.71,6027597
2024-08-13,13.76,13.8,13.21,13.39,12794684
2024-08-14,13.49,13.49,13.17,13.17,7850976
2024-08-15,13.21,13.26,12.98,12.98,5189498
2024-08-16,13.08,13.8,13.08,13.67,18128260
2024-08-19,13.76,13.94,13.62,13.62,9108448
2024-08-20,13.58,14.21,13.58,14.17,22256629
2024-08-21,14.21,14.35,14.08,14.17,10628741
2024-08-22,14.21,14.53,14.12,14.21,15274433
2024-08-23,14.35,14.4,14.03,14.21,12167448
2024-08-26,14.35,14.58,14.26,14.31,17115500
2024-08-27,14.26,14.35,14.03,14.08,10336211
2024-08-28,14.17,14.21,13.9,14.03,9022101
2024-08-29,14.17,14.44,14.17,14.21,10049772
2024-08-30,14.35,14.35,14.12,14.12,6640025
2024-09-04,13.94,14.03,13.71,13.9,11757114
2024-09-05,13.9,14.12,13.8,13.9,8254379
2024-09-06,13.9,14.03,13.8,13.85,9025146
2024-09-09,13.85,13.99,13.76,13.85,7181233
2024-09-10,14.04,14.09,13.61,13.66,10123823
2024-09-11,13.61,13.71,13.33,13.47,7910552
2024-09-12,13.61,13.66,13.47,13.47,3593108
2024-09-13,13.47,13.66,13.43,13.47,4961834
2024-09-16,13.47,13.57,13.28,13.28,9575186
2024-09-17,13.28,13.71,13.28,13.71,6368693
2024-09-18,13.76,14.04,13.71,13.85,11509573
2024-09-19,13.94,13.99,13.76,13.76,9430778
2024-09-20,13.9,14.32,13.9,14.13,20376085
2024-09-23,14.13,14.23,13.94,13.99,8609919
2024-09-24,13.94,13.99,13.8,13.94,10386260
2024-09-25,14.04,14.27,13.99,14.18,19337864
2024-09-26,14.27,14.42,14.18,14.18,13861768
2024-09-27,14.27,14.65,14.23,14.32,24231947
2024-09-30,14.32,14.56,14.27,14.37,14291362
2024-10-01,14.42,14.79,14.42,14.56,25706708
2024-10-02,14.46,14.51,14.23,14.23,15718591
2024-10-03,14.27,14.42,13.94,13.94,19590352
2024-10-04,13.94,14.09,13.8,13.8,14289709
2024-10-07,13.94,14.23,13.9,14.09,10637674
2024-10-08,14.09,14.27,13.94,13.99,8769821
2024-10-09,14.04,14.46,13.99,14.32,16775790
2024-10-10,14.42,14.56,14.23,14.23,12861353
2024-10-11,14.27,14.46,14.23,14.32,9330152
2024-10-14,14.46,14.56,14.23,14.27,14035901
2024-10-15,14.27,14.42,13.94,13.94,19094027
2024-10-16,13.94,14.09,13.76,13.8,14097299
2024-10-17,13.85,14.04,13.76,14.04,7674947
2024-10-18,14.09,14.18,13.99,13.99,7748968
2024-10-21,13.9,14.13,13.8,13.85,12616483
2024-10-22,13.8,13.94,13.76,13.8,10226784
2024-10-23,13.85,13.9,13.71,13.76,11001134
2024-10-24,13.76,13.8,13.47,13.47,13221268
2024-10-25,13.57,13.66,13.47,13.47,5685557
2024-10-28,13.47,13.8,13.47,13.76,8706325
2024-10-29,13.85,13.94,13.76,13.85,5917377
2024-10-30,13.85,13.9,13.61,13.66,5308596
2024-10-31,13.71,13.8,13.61,13.71,4974705
2024-11-01,13.61,13.66,13.52,13.52,6145343
2024-11-04,13.61,13.66,13.38,13.47,7959373
2024-11-05,13.52,13.57,13.47,13.52,4070010
2024-11-06,13.61,13.85,13.57,13.85,7421822
2024-11-07,13.9,13.99,13.85,13.85,6875367
2024-11-08,13.9,14.04,13.8,13.94,11163889
2024-11-11,13.9,13.94,13.61,13.66,8416079
2024-11-12,13.76,13.85,13.52,13.57,7879548
2024-11-13,13.47,13.61,13.38,13.52,8906223
2024-11-14,13.47,13.52,13.19,13.19,7895881
2024-11-15,13.1,13.28,12.91,12.91,10839476
2024-11-18,12.91,13.19,12.81,13.05,7241543
2024-11-19,13.1,13.14,12.91,12.91,3988998
2024-11-20,12.91,13.28,12.81,13.0,7137390
2024-11-21,13.05,13.14,13.0,13.1,2403563
2024-11-22,13.1,13.19,12.91,12.91,5634475
2024-11-25,12.95,13.1,12.91,13.1,4977956
2024-11-26,13.1,13.33,13.05,13.24,5418504
2024-11-27,13.28,13.28,13.05,13.1,3641015
2024-11-28,13.19,13.24,13.05,13.1,4022586
2024-11-29,13.14,13.14,12.95,12.95,5483536
2024-12-02,13.1,13.1,13.0,13.05,4432040
2024-12-03,13.05,13.1,12.91,12.95,4668746
2024-12-04,12.95,12.95,12.44,12.48,20490719
2024-12-05,12.48,13.1,11.78,13.05,32362691
2024-12-06,13.1,13.14,12.67,12.77,9649583
2024-12-09,12.77,12.81,12.62,12.67,10783891
2024-12-10,12.67,12.72,12.53,12.62,7719598
2024-12-11,12.58,12.67,12.44,12.44,7151944
2024-12-12,12.44,12.62,12.44,12.48,5451604
2024-12-13,12.48,12.53,12.34,12.39,6208832
2024-12-16,12.3,12.48,12.3,12.34,6015210
2024-12-17,12.39,12.48,12.3,12.34,3520240
2024-12-18,12.39,12.44,12.34,12.39,4507501
2024-12-19,12.25,12.3,12.11,12.2,9960288
2024-12-20,12.25,12.3,11.97,11.97,8042565
2024-12-23,12.01,12.2,12.01,12.06,5030825
2024-12-24,12.06,12.11,11.92,12.01,5396061
2024-12-25,12.06,12.44,12.06,12.25,8987282
2024-12-26,12.34,12.39,12.15,12.2,4829680
2024-12-27,12.2,12.25,12.06,12.11,5237516
2024-12-30,12.06,12.2,12.01,12.01,3769055
2024-12-31,12.06,12.06,11.87,11.87,7662944
2025-01-02,11.87,12.01,11.87,11.87,4937781
2025-01-03,11.87,11.92,11.59,11.64,9775432
2025-01-06,11.59,11.68,11.26,11.26,8714343
2025-01-07,11.26,11.45,11.07,11.12,7314547
2025-01-08,10.98,11.26,10.98,11.16,6714177
2025-01-09,11.16,11.26,11.12,11.12,3518729
2025-01-10,11.12,11.16,10.74,10.79,10352564
2025-01-13,10.69,10.98,10.6,10.88,9516301
2025-01-14,10.88,10.88,10.6,10.6,5966934
2025-01-15,10.6,10.83,10.6,10.79,5754987
2025-01-16,11.02,11.54,10.93,11.54,19612073
2025-01-17,11.54,11.54,11.35,11.45,5317010
2025-01-20,11.49,11.59,11.21,11.26,8861678
2025-01-21,11.31,11.49,11.26,11.26,7315587
2025-01-22,11.31,11.35,11.02,11.02,7708119
2025-01-23,11.07,11.49,11.02,11.31,8141171
2025-01-24,11.4,11.4,11.26,11.31,5415201
2025-02-03,11.26,11.26,10.93,10.93,13603604
2025-02-04,11.07,11.68,11.02,11.68,19398838
2025-02-05,11.87,12.01,11.64,11.73,15799792
2025-02-06,11.87,12.39,11.82,12.15,21492845
2025-02-07,12.25,12.25,11.97,12.06,7695824
2025-02-10,11.97,12.06,11.82,11.87,12053433
2025-02-11,11.87,12.01,11.82,11.92,8105478
2025-02-12,11.92,12.2,11.92,11.97,7639640
2025-02-13,11.97,12.01,11.82,11.92,8849351
2025-02-14,12.01,12.15,11.97,12.01,11917438
2025-02-17,12.06,12.53,12.01,12.34,24780199
2025-02-18,12.34,12.53,12.3,12.44,11306526
2025-02-19,12.44,12.58,12.39,12.53,14346956
2025-02-20,12.53,12.72,12.53,12.62,16402401
2025-02-21,12.62,12.67,12.44,12.58,13166536
2025-02-24,12.39,12.81,12.34,12.77,18751460
2025-02-25,12.81,13.14,12.77,12.91,22975153
2025-02-26,13.0,13.1,12.86,12.95,12736249
2025-02-27,13.0,13.0,12.62,12.86,17478860
2025-02-28,12.91,13.1,12.77,12.81,12199987
2025-03-03,12.81,13.0,12.67,12.91,11886320
2025-03-04,12.77,12.91,12.53,12.77,13089102
2025-03-05,12.72,12.95,12.62,12.62,14966349
2025-03-06,12.67,13.0,12.62,13.0,20047245
2025-03-07,13.0,13.1,12.86,12.91,13983629
2025-03-10,13.1,13.61,13.05,13.28,31763799
2025-03-11,13.05,13.66,13.05,13.52,31176050
2025-03-12,13.66,14.32,13.52,14.23,63082188
2025-03-13,14.13,14.42,13.99,14.09,35496422
2025-03-14,14.04,14.27,14.04,14.09,24804153
2025-03-17,14.13,14.23,13.8,14.04,18816212
2025-03-18,14.13,14.37,13.9,14.32,28971476
2025-03-19,14.27,14.32,14.04,14.23,21727925
2025-03-20,14.13,14.37,14.09,14.27,24611533
2025-03-21,14.27,14.74,14.23,14.46,41092375
2025-03-24,14.46,14.7,14.42,14.7,22492929
2025-03-25,14.79,14.84,14.42,14.46,22189963
2025-03-26,14.37,14.6,14.27,14.37,20630565
2025-03-27,14.23,14.74,14.23,14.65,22575312
2025-03-28,14.7,14.98,14.65,14.79,27962963
2025-03-31,14.56,14.7,14.27,14.42,17183435
2025-04-01,14.51,14.7,14.37,14.51,12741294
2025-04-02,14.51,15.07,14.46,14.98,25640476
2025-04-03,14.27,14.37,13.94,13.94,37806222
2025-04-04,13.0,13.76,13.0,13.76,42016918
2025-04-08,13.38,13.47,12.81,12.81,16367369
2025-04-09,11.92,12.95,11.92,11.92,36997637
2025-04-10,12.72,12.72,12.72,12.72,1764064
2025-04-11,13.19,13.57,13.0,13.57,30564387
2025-04-14,13.85,14.51,13.8,14.46,21541459
2025-04-15,14.37,14.7,14.09,14.13,24148738
2025-04-16,14.13,14.56,14.13,14.32,20347656
2025-04-17,14.09,14.56,14.09,14.51,19099816
2025-04-18,14.6,15.26,14.46,14.74,41713773
2025-04-21,14.6,14.7,14.13,14.46,32840715
2025-04-22,14.27,14.27,13.47,14.13,59627947
2025-04-23,14.51,14.51,14.18,14.23,12129963
2025-04-24,14.23,14.37,13.85,14.04,13735791
2025-04-25,14.18,14.18,13.85,13.85,8154547
2025-04-28,13.94,14.04,13.8,13.94,8792767
2025-04-29,13.94,13.99,13.76,13.76,7439829
2025-05-05,14.04,14.04,13.61,13.99,9626095
2025-05-06,14.09,14.23,13.8,13.8,11298570
2025-05-07,13.8,13.9,13.61,13.71,7479024
2025-05-08,13.8,14.04,13.66,13.99,9027746
2025-05-09,14.04,14.32,13.99,14.04,12645766
2025-05-12,14.04,14.18,13.94,14.18,8160220
2025-05-13,14.37,14.56,14.18,14.27,13020310
2025-05-14,14.37,14.6,14.13,14.42,21500725
2025-05-15,14.56,14.7,14.32,14.51,13500042
2025-05-16,14.51,14.79,14.32,14.32,13491824
2025-05-19,14.37,14.37,13.94,13.94,15433038
2025-05-20,14.09,14.32,13.76,14.27,11567598
2025-05-21,14.32,14.56,14.13,14.51,22152116
2025-05-22,14.51,15.22,14.42,14.74,51398110
2025-05-23,14.79,14.89,14.6,14.65,12225073
2025-05-26,14.65,14.84,14.18,14.84,18957650
2025-05-27,14.93,15.4,14.84,15.26,42786055
2025-05-28,15.4,15.55,15.07,15.22,20048632
2025-05-29,15.22,15.36,14.84,14.84,26906364
2025-05-30,14.79,15.22,14.65,14.79,24416104
2025-06-02,14.84,15.4,14.7,15.4,29814459
2025-06-03,15.69,16.44,15.59,16.44,73371436
2025-06-04,16.44,16.68,16.3,16.3,23548407
2025-06-05,16.3,16.39,15.97,16.11,22788654
2025-06-06,16.02,16.02,15.4,15.5,47728062
2025-06-09,15.45,15.64,15.22,15.26,19903271
2025-06-10,15.26,15.64,15.17,15.36,20364621
2025-06-11,15.4,15.4,15.03,15.17,16117689
2025-06-12,15.36,15.73,15.31,15.55,24512363
2025-06-13,15.22,15.45,14.98,15.22,31072924
2025-06-16,15.12,15.83,15.12,15.83,17842101
2025-06-17,15.92,15.97,15.55,15.78,18145574
2025-06-18,15.73,15.92,15.55,15.55,15780705
2025-06-19,15.5,15.69,15.36,15.64,12290897
2025-06-20,15.73,15.92,15.55,15.69,12447348
2025-06-23,15.4,15.55,15.31,15.4,19954737
2025-06-24,15.74,16.47,15.65,16.38,46146698
2025-06-25,16.38,16.81,16.18,16.47,29846093
2025-06-26,16.43,16.67,16.04,16.67,19426737
2025-06-27,16.72,16.77,16.43,16.72,18782272
2025-06-30,16.86,16.96,16.57,16.72,20721817
2025-07-01,16.72,16.77,16.28,16.33,17647071
2025-07-02,16.33,17.15,16.28,17.01,34461879
2025-07-03,17.06,17.3,16.52,16.86,44518983
2025-07-04,16.86,16.96,16.62,16.72,14624114
2025-07-07,16.86,17.11,16.81,16.96,20072137
2025-07-08,17.11,17.64,17.01,17.3,28888569
2025-07-09,17.4,17.88,17.3,17.54,36630704
2025-07-10,17.69,17.69,17.25,17.3,21482878
2025-07-11,17.3,17.69,17.11,17.4,34328288
2025-07-14,17.54,17.54,16.91,17.35,21056483
2025-07-15,17.3,18.47,17.3,17.59,56133435
2025-07-16,17.59,18.08,17.4,17.98,28309715
2025-07-17,18.17,18.27,17.69,17.98,37919784
2025-07-18,18.08,18.37,17.74,18.03,29104184
2025-07-21,18.13,18.22,17.54,17.64,30779958
2025-07-22,17.49,18.61,17.35,18.56,53085198
2025-07-23,18.9,19.58,18.76,19.0,45180595
2025-07-24,19.15,19.24,18.66,19.24,32792700
2025-07-25,19.44,20.56,19.44,20.56,61948547
2025-07-28,21.28,21.96,21.24,21.96,40225782
2025-07-29,23.33,23.33,20.46,20.46,97578134
2025-07-30,21.04,21.77,20.41,21.67,58882670
2025-07-31,21.96,22.21,21.28,22.06,52815701
2025-08-01,21.67,22.31,20.9,21.58,55601167
2025-08-04,21.09,22.6,20.9,22.6,49174432
2025-08-05,22.84,23.47,21.19,23.03,82074629
2025-08-06,22.99,23.33,22.5,23.23,34903450
2025-08-07,23.42,23.47,22.69,22.89,33244355
2025-08-08,23.08,23.81,22.74,23.18,46286542
2025-08-11,23.33,24.1,22.94,23.96,40947336
2025-08-12,23.91,24.05,23.18,23.42,25890128
2025-08-13,23.62,23.67,22.55,23.18,54772868
2025-08-14,23.47,24.05,23.18,23.52,32913599
2025-08-15,23.71,24.78,23.33,24.01,61284605
2025-08-18,24.1,24.35,23.42,23.62,23561007
2025-08-19,23.62,24.39,23.42,24.05,49959065
2025-08-20,23.91,23.96,22.45,23.42,54253726
2025-08-21,23.47,24.2,23.37,23.42,47685365
2025-08-22,22.94,23.23,21.82,21.82,49220178
2025-08-25,22.16,22.55,20.6,20.9,33790051
2025-08-26,20.9,22.35,20.7,22.35,30081749
2025-08-27,22.84,23.76,22.6,23.13,55882079
2025-08-28,23.33,24.15,22.94,23.96,40052322
2025-08-29,24.35,25.61,24.35,25.61,76001143
2025-09-03,25.85,26.48,25.37,26.05,36094951
2025-09-04,26.14,26.29,25.56,26.05,30488969
2025-09-05,26.34,26.58,24.3,24.3,58578843
2025-09-08,24.01,24.78,23.37,23.37,64020833
2025-09-09,23.81,23.81,22.99,23.81,28536840
2025-09-10,24.1,24.25,23.47,23.52,18406892
2025-09-11,23.42,23.71,22.16,23.28,39729593
2025-09-12,23.47,23.57,23.18,23.23,16249088
2025-09-15,23.47,23.96,23.42,23.91,23792582
2025-09-16,24.49,24.49,23.33,23.42,29654163
2025-09-17,23.42,23.52,22.74,22.74,21273004
2025-09-18,22.94,23.03,22.35,22.69,30137639
2025-09-19,22.84,22.94,22.06,22.06,38885273
2025-09-22,22.16,22.26,21.24,21.53,38946672
2025-09-23,21.67,22.21,21.62,21.62,14694804
2025-09-24,21.67,22.45,21.38,22.45,20742168
2025-09-25,22.55,22.69,22.11,22.21,26798783
2025-09-26,22.16,22.26,21.48,21.67,22720671
2025-09-29,21.67,21.82,21.19,21.53,17849493
2025-09-30,21.53,22.16,21.33,21.82,20987387
2025-10-01,22.11,22.45,21.92,21.96,16967573
2025-10-02,22.21,22.31,21.53,21.53,13039489
2025-10-03,21.38,21.87,21.24,21.38,17547865
2025-10-06,21.77,22.84,21.67,22.84,34604848
2025-10-07,23.33,23.57,23.03,23.03,38633764
2025-10-08,23.96,23.96,22.94,23.18,40715489
2025-10-09,23.33,23.33,22.69,22.84,26806639
2025-10-10,23.08,23.57,22.84,22.99,24195495
2025-10-13,22.79,23.23,22.45,23.03,28636843
2025-10-14,23.57,23.86,22.65,22.69,43225055
2025-10-15,22.84,23.13,22.65,22.84,19149191
2025-10-16,23.03,23.23,22.69,23.13,27762564
2025-10-17,23.37,23.81,22.84,22.89,39819500
2025-10-20,22.84,23.13,21.33,21.33,33661807
2025-10-21,21.19,21.77,19.88,20.46,52899802
2025-10-22,20.8,20.8,19.44,20.36,32414961
2025-10-23,20.51,20.7,19.92,19.92,18308052
2025-10-24,19.73,20.07,19.29,19.63,30209415
2025-10-27,20.02,20.41,19.39,19.54,19772628
2025-10-28,19.58,20.22,19.44,20.17,17427258
2025-10-29,20.26,20.31,19.92,19.92,14119657
2025-10-30,20.12,20.12,19.44,19.44,17980043
2025-10-31,19.44,19.78,19.34,19.49,15039901
2025-11-03,19.49,19.63,18.27,18.27,29566317
2025-11-04,18.27,19.54,18.27,19.54,26968296
2025-11-05,19.58,19.78,19.39,19.39,10962580
2025-11-06,19.49,19.49,18.95,19.05,11671901
2025-11-07,19.0,19.2,18.32,18.37,17853138
2025-11-10,18.37,19.15,18.22,18.51,16726874
2025-11-11,18.85,18.95,18.51,18.85,9968742
2025-11-12,19.05,19.54,18.85,19.34,19024515
2025-11-13,19.39,19.39,18.95,19.05,9067720
2025-11-14,19.0,19.39,18.85,19.1,11528260
2025-11-17,19.2,19.39,19.05,19.34,13480224
2025-11-18,19.49,19.92,19.44,19.58,22831849
2025-11-19,19.58,19.63,18.85,18.85,24721154
2025-11-20,19.0,19.05,18.76,18.81,8636283
2025-11-21,18.76,18.76,18.42,18.56,11633939
2025-11-24,18.71,18.9,18.27,18.27,10564511
2025-11-25,18.47,18.56,17.64,17.69,21937643
2025-11-26,17.88,18.66,17.79,18.27,16313742
2025-11-27,18.37,18.61,18.22,18.22,11462128
2025-11-28,18.27,18.32,17.88,17.88,8880471
2025-12-01,18.08,18.08,17.69,17.69,9615921
2025-12-02,17.74,18.37,17.69,18.17,13466179
2025-12-03,18.27,18.56,18.17,18.47,10177220
2025-12-04,18.66,19.15,18.61,18.76,15527553
2025-12-05,18.85,18.9,18.47,18.47,11092917
2025-12-08,18.47,18.61,18.17,18.17,7750244
2025-12-09,18.17,18.32,17.74,18.08,14839935
2025-12-10,18.17,18.47,18.03,18.08,7775040
2025-12-11,18.17,18.37,17.98,18.08,7549258
2025-12-12,18.13,18.27,17.01,17.01,16568366
2025-12-15,17.2,17.45,17.01,17.2,9811077
2025-12-16,17.2,18.37,16.96,18.37,17923212
2025-12-17,18.37,18.66,18.22,18.32,16171425
2025-12-18,18.37,18.95,18.27,18.81,21209347
2025-12-19,18.85,19.29,18.71,19.29,26372304
2025-12-22,19.44,19.44,19.05,19.44,20678353
2025-12-23,19.44,19.54,18.95,19.39,18725838
2025-12-24,19.29,19.83,19.1,19.83,21912058
2025-12-25,19.73,19.97,19.44,19.44,16165138
2025-12-26,19.2,19.58,18.71,19.44,22022038
2025-12-29,19.44,19.49,19.0,19.24,8887207
2025-12-30,19.2,19.44,18.95,19.15,8311620
2025-12-31,19.15,19.24,18.81,18.9,9538062
2026-01-05,18.9,19.0,17.79,18.17,21113465
2026-01-06,18.27,18.51,17.79,18.13,12242133
2026-01-07,18.27,18.76,18.17,18.76,11594082
2026-01-08,19.05,19.29,18.76,19.24,17989982
2026-01-09,19.39,19.44,18.76,18.76,13053514
2026-01-12,18.76,20.07,18.76,20.07,30460236
2026-01-13,20.56,20.85,20.07,20.22,23816466
2026-01-14,20.26,20.41,19.49,20.02,25995903
2026-01-15,19.92,20.36,19.63,20.22,24752908
2026-01-16,20.26,20.41,19.73,19.92,17022459
2026-01-19,19.92,20.22,19.63,19.97,13506625
2026-01-20,20.17,20.22,19.05,19.05,27650099
2026-01-21,18.85,19.05,18.22,18.47,30855300
2026-01-22,18.76,19.05,18.47,18.66,11009427
2026-01-23,18.76,19.15,18.56,18.85,15575709
2026-01-26,18.71,19.0,17.98,17.98,19093080
2026-01-27,17.98,18.32,17.93,18.13,7035585
2026-01-28,18.13,18.32,17.79,18.08,13296042
2026-01-29,18.13,18.37,17.88,17.93,5713500
2026-01-30,17.93,18.17,17.88,17.98,10453550
2026-02-02,17.98,17.98,17.49,17.59,13243691
2026-02-03,17.79,18.22,17.79,17.98,10527190
2026-02-04,18.27,18.61,17.98,18.03,11497483
2026-02-05,18.08,18.17,17.69,17.69,6978841
2026-02-06,17.59,17.64,17.15,17.15,14105097
2026-02-09,17.45,17.49,17.15,17.15,5765088
2026-02-10,17.25,17.45,17.06,17.25,5104127
2026-02-11,17.35,17.93,17.35,17.88,9382679
2026-02-12,17.93,17.98,17.79,17.79,3250092
2026-02-13,17.74,18.17,17.64,18.08,7095182
2026-02-23,18.22,18.32,18.08,18.32,7320521
2026-02-24,18.27,18.85,18.13,18.47,14508947
2026-02-25,18.56,18.66,18.32,18.37,8712214
2026-02-26,18.51,18.56,18.13,18.27,5996330
2026-02-27,18.37,18.66,18.17,18.17,9084125
2026-03-02,17.49,18.08,17.3,17.59,15654709
2026-03-03,17.59,18.37,17.59,17.83,14871173
2026-03-04,17.93,18.27,17.01,18.27,19579825
2026-03-05,18.51,19.34,18.37,18.37,31297591
2026-03-06,18.37,18.37,17.54,17.64,13565807
2026-03-09,16.43,16.62,16.43,16.43,10470203
2026-03-10,16.52,16.86,15.84,16.08,28931524
2026-03-11,16.13,16.81,16.08,16.43,12661583
2026-03-12,16.38,16.57,16.04,16.08,10053461
2026-03-13,15.89,16.23,15.74,15.79,11790491
2026-03-16,15.84,16.13,15.6,15.74,11068001
2026-03-17,15.94,16.43,15.89,15.99,9179042
2026-03-18,16.04,16.13,15.55,15.7,8684084
2026-03-19,15.36,15.5,15.06,15.16,15605407
2026-03-20,15.21,15.36,14.87,14.92,13828819
2026-03-23,14.63,14.68,13.9,13.9,28252856
2026-03-24,14.58,14.77,14.09,14.63,15549552
2026-03-25,14.77,15.36,14.68,15.06,15449921
2026-03-26,15.11,15.21,14.82,15.06,8436328
2026-03-27,15.06,15.5,15.02,15.4,12897925
2026-03-30,14.92,15.21,14.72,15.06,10255311
2026-03-31,15.11,15.65,15.02,15.36,16224414
2026-04-01,15.74,16.04,15.7,15.79,13024252
2026-04-02,15.6,15.74,15.4,15.45,10287176
2026-04-03,15.5,15.65,15.21,15.21,9675536
2026-04-06,15.21,15.5,15.16,15.21,7661812
2026-04-07,15.21,15.6,15.06,15.6,6910308
2026-04-08,16.52,16.67,16.13,16.67,27443937
2026-04-09,16.52,16.67,16.33,16.38,12283430
2026-04-10,16.62,16.67,16.23,16.28,7568949
2026-04-13,16.04,16.43,15.94,16.18,9626867
2026-04-14,16.52,16.67,16.28,16.38,9778644
2026-04-15,16.52,16.72,16.33,16.33,13171946
2026-04-16,16.38,16.47,16.04,16.08,11236119
2026-04-17,16.13,16.33,16.04,16.08,7101152
2026-04-20,16.08,16.33,16.08,16.23,7924647
2026-04-21,16.43,16.57,16.13,16.18,9633933
2026-04-22,16.18,16.28,16.04,16.08,5957959
2026-04-23,16.08,16.18,15.65,15.79,9175641
2026-04-24,15.79,15.94,15.7,15.74,5033906
2026-04-28,15.74,15.84,15.6,15.6,5031587
2026-04-29,15.65,15.89,15.45,15.65,9049864
2026-05-04,15.84,15.99,15.74,15.74,3488242
2026-05-05,15.6,15.74,15.5,15.55,5831738
2026-05-06,15.7,16.52,15.5,16.18,16817454
2026-05-07,16.38,16.47,16.13,16.18,7441155
2026-05-08,16.13,16.38,15.94,15.99,11771153
2026-05-11,15.99,16.33,15.89,15.99,11882112
2026-05-12,15.94,16.18,15.89,15.94,7002208
2026-05-13,15.94,16.18,15.7,15.84,10114483
2026-05-14,15.89,16.04,15.79,15.94,5863380
2026-05-15,15.99,16.13,15.84,15.99,5934861
2026-05-18,15.94,16.33,15.79,16.18,11703027
2026-05-19,16.43,16.96,16.38,16.47,31718037
2026-05-20,16.38,16.52,15.6,15.99,12739415
2026-05-21,16.08,16.28,15.79,15.89,10255267
2026-05-22,15.94,16.96,15.79,16.96,45489398
2026-05-25,17.3,17.49,17.01,17.11,19456535
2026-05-26,17.06,17.88,17.01,17.59,28424817
2026-05-27,17.59,17.64,17.2,17.25,15998122
2026-05-28,17.35,17.79,17.3,17.3,29159126
2026-05-29,17.45,17.5,16.85,16.85,14716304
2026-06-01,16.8,18.0,16.8,17.55,19772391
2026-06-02,17.6,17.8,16.95,17.15,17308648
2026-06-03,17.15,18.1,17.0,17.95,29149982
2026-06-04,17.95,18.25,17.65,17.8,12791442
2026-06-05,17.8,17.95,17.45,17.6,12330637
2026-06-08,17.35,17.4,16.7,16.85,27322729
2026-06-09,16.95,17.5,16.65,17.3,16903314
2026-06-10,17.25,17.7,17.15,17.35,10715019
2026-06-11,17.1,17.45,17.05,17.2,11655200
2026-06-12,17.6,17.6,17.05,17.1,11877500
2026-06-15,17.5,18.1,17.45,17.7,25966000
2026-06-16,17.8,18.35,17.7,18.25,21677200
2026-06-17,18.35,18.55,17.9,18.15,17582100
2026-06-18,18.05,18.35,17.85,17.85,13246900
2026-06-19,17.8,18.05,17.65,17.7,13531200
2026-06-22,17.7,18.15,17.5,18.05,18663900
2026-06-23,18.1,18.3,17.65,17.75,22082900
2026-06-24,17.75,17.85,17.35,17.6,15118200
2026-06-25,17.5,17.75,17.3,17.35,11408500
2026-06-26,17.3,17.6,17.1,17.6,12825100
2026-06-29,17.6,17.75,17.35,17.6,5953000
2026-06-30,17.6,18.0,17.6,17.7,12045400
2026-07-01,17.75,18.15,17.7,18.0,10982000
2026-07-02,18.1,18.25,17.9,18.0,12634600
2026-07-03,18.05,18.7,17.9,18.4,30793400
2026-07-06,18.4,18.65,17.65,18.2,20392800
2026-07-07,18.2,18.75,18.0,18.75,20950900
2026-07-08,18.75,19.1,18.65,18.7,21401300
2026-07-09,18.45,18.6,18.25,18.35,18336800
2026-07-10,18.3,18.45,17.85,18.0,17714300
2026-07-13,17.75,17.9,16.9,17.5,24913000
2026-07-14,17.1,17.8,17.1,17.7,9105100
2026-07-15,17.5,17.75,17.2,17.25,10187500
2026-07-16,17.15,17.7,16.5,17.65,24205900
2026-07-17,17.55,17.85,17.5,17.85,10947700
2026-07-20,17.8,17.8,16.65,17.2,19656000
2026-07-21,17.1,17.5,17.1,17.15,11165800
2026-07-22,17.3,17.4,16.35,16.6,21110400
2026-07-23,16.6,17.5,16.0,17.15,17090900
2026-07-24,16.95,17.05,16.5,16.5,6603000
2026-07-27,16.7,16.7,15.35,15.35,15564100
2026-07-28,15.2,16.4,14.9,16.4,18132300
2026-07-29,16.5,16.55,16.2,16.4,6460100
2026-07-30,16.4,17.2,16.3,17.05,14256200
2026-07-31,17.1,17.1,16.55,16.6,10605700
2026-08-03,16.75,17.2,16.65,16.85,9090000
2026-08-04,17.0,17.0,16.75,16.95,8201500
2026-08-05,17.15,17.2,16.8,16.95,11208400
2026-08-06,16.95,17.1,16.65,16.7,8951200
2026-08-07,16.6,16.9,16.6,16.65,6884600
2026-08-10,16.8,17.1,16.7,17.05,9064700
2026-08-11,17.1,17.35,16.9,16.9,12925900
2026-08-12,16.9,17.1,16.8,16.8,6608700
2026-08-13,16.85,17.15,16.55,16.55,14224400
2026-08-14,16.55,16.65,16.15,16.25,11543500
