ticker,date,sentiment_1d,news_count_1d,grp,ret_1d,ret_2d,ret_3d,ret_5d,ret_10d
ACB,2010-11-26,0.0,2.0,neu,0.011494252873563315,0.05747126436781613,0.05363984674329503,0.1355080412065514,0.1647509578544062
ACB,2011-06-08,0.0,1.0,neu,0.0,0.0038022813688214363,0.0038022813688214363,0.0,0.0076045627376426506
ACB,2011-10-03,0.0,1.0,neu,0.0,-0.007246376811594013,0.0036231884057971175,0.0036231884057971175,-0.014492753623188248
ACB,2012-08-22,0.0,1.0,neu,-0.06666666666666665,-0.031746031746031744,-0.10158730158730156,-0.11111111111111116,-0.1333333333333333
ACB,2012-11-09,0.5,1.0,pos,0.019138755980861344,0.009569377990430672,0.009569377990430672,0.0,-0.028708133971291905
ACB,2013-10-25,0.0,1.0,neu,-0.00877192982456143,0.0,0.0,0.004385964912280826,-0.00877192982456143
ACB,2015-03-10,0.5,1.0,pos,0.0038461538461538325,0.0,-0.007692307692307665,-0.007692307692307665,-0.011538461538461608
ACB,2015-05-25,0.6666666666666666,1.0,pos,0.05283018867924527,0.08301886792452828,0.1214822794254802,0.1355080412065514,0.24279989446529096
ACB,2015-09-11,0.0,1.0,neu,-0.0033003300330032292,-0.01650165016501648,-0.01650165016501648,0.01650165016501659,0.03630363036303641
ACB,2017-08-15,0.5,1.0,pos,0.004415011037527394,-0.008830022075055233,-0.004415011037527727,0.015452538631346435,0.10816777041942593
ACB,2018-04-20,0.5,1.0,pos,-0.06875064897881272,-0.07750269106566188,-0.1057076773092859,-0.125558085617289,-0.07750269106566188
ACB,2018-11-29,0.5,1.0,pos,0.010687022900763399,0.06106870229007644,0.05343511450381677,0.04427480916030535,0.03969465648854964
ACB,2019-06-18,0.6666666666666666,1.0,pos,0.0,0.02336448598130847,0.02024922118380057,0.009345794392523477,0.0
ACB,2019-08-06,0.6666666666666666,1.0,pos,-0.004792332268370503,0.01437699680511173,0.009584664536741228,0.009584664536741228,0.02396166134185318
ACB,2019-11-08,0.6666666666666666,1.0,pos,-0.0041899441340782495,-0.0041899441340782495,0.006983240223463749,-0.016759776536312887,-0.06424581005586594
ACB,2019-12-04,0.5,1.0,pos,-0.004497751124437843,-0.004497751124437843,-0.008995502248875464,-0.008995502248875464,-0.026986506746626615
ACB,2020-03-04,0.0,1.0,neu,-0.008053691275167862,-0.020134228187919545,-0.09798657718120807,-0.09395973154362414,-0.15920000000000004
ACB,2020-04-15,0.5,1.0,pos,0.010291595197255532,0.039451114922812947,0.02401372212692965,0.010291595197255532,0.015437392795883298
ACB,2020-04-27,0.0,1.0,neu,0.010344827586207028,0.020689655172413834,0.010344827586207028,0.034482758620689724,0.07931034482758625
ACB,2020-05-12,0.5,1.0,pos,-0.004769475357710662,-0.01748807631160576,-0.004769475357710662,0.019077901430842648,0.06836248012718604
ACB,2020-06-19,0.5,1.0,pos,-0.011363636363636354,-0.015625,-0.024147727272727293,-0.032670454545454586,-0.05681818181818188
ACB,2020-06-22,0.5,1.0,pos,-0.004310344827586188,-0.012931034482758563,-0.017241379310344862,-0.050287356321839005,-0.02155172413793105
ACB,2020-07-24,0.6666666666666666,1.0,pos,-0.06119402985074629,-0.013432835820895495,-0.0432835820895523,-0.0313432835820896,0.020895522388059584
ACB,2020-08-03,0.5833333333333333,2.0,pos,0.020895522388059584,0.03432835820895508,0.025373134328358304,0.025373134328358304,0.11194029850746268
ACB,2020-08-13,0.5,1.0,pos,-0.00815217391304357,0.012228260869565188,0.0040760869565217295,0.059782608695652106,0.0964673913043479
ACB,2020-10-22,0.5,1.0,pos,0.0,-0.03124999999999989,-0.04687499999999989,-0.06562499999999993,-0.027083333333333348
ACB,2020-10-28,-0.5,1.0,neg,0.004479283314669846,0.012318029115341522,0.02911534154535267,0.07166853303471443,0.06718924972004481
ACB,2020-11-04,0.6666666666666666,1.0,pos,-0.024033437826541326,-0.015673981191222652,-0.004179728317659448,-0.004179728317659448,0.06687565308254961
ACB,2020-11-27,0.0,1.0,neu,0.0,0.002938295788442735,0.04897159647404514,0.03623898139079329,0.044074436826640584
ACB,2020-12-09,0.5,1.0,pos,-0.020541549953314697,-0.012138188608776912,-0.012138188608776912,-0.010270774976657404,-0.01587301587301604
ACB,2021-02-19,0.6666666666666666,1.0,pos,0.016281062553556103,0.018851756640959838,0.003427592116538314,0.0625535561268209,0.0428449014567267
ACB,2021-02-24,0.5,1.0,pos,0.038428693424423566,0.05892399658411618,0.06490179333902635,0.06490179333902635,0.04953031596925683
ACB,2021-03-16,0.6666666666666666,1.0,pos,0.0015936254980080111,0.01513944223107555,0.01035856573705174,-0.013545816733067761,-0.004780876494023922
ACB,2021-03-18,0.0,1.0,neu,-0.004709576138147598,-0.016483516483516536,-0.028257456828885363,-0.05651491365777084,-0.0031397174254317317
ACB,2021-04-16,0.75,1.0,pos,0.017713365539452575,0.015297906602254496,-0.0185185185185186,0.005636070853462183,0.06602254428341392
ACB,2021-04-26,0.5,1.0,pos,0.021617293835068052,0.015212169735788539,0.04083266613290637,0.06004803843074469,0.0856685348278623
ACB,2021-05-11,0.25,1.0,pos,0.00967982129560685,0.011169024571854091,0.01861504095309008,0.012658227848101333,0.0618019359642592
ACB,2021-05-14,0.5,1.0,pos,0.002192982456140413,-0.005847953216374324,0.003654970760234022,0.028508771929824706,0.06652046783625742
ACB,2021-06-18,0.0,1.0,neu,-0.006703229737964667,0.018890920170627545,0.023156611822059636,0.039000609384521656,0.03168799512492382
ACB,2021-06-24,-0.5,1.0,neg,0.0041224970553592755,0.013545347467609048,0.006478209658421719,-0.007067137809187329,0.0
ACB,2021-08-11,0.5,1.0,pos,-0.018957345971563955,-0.017772511848341277,-0.0082938388625593,-0.012440758293838727,-0.09834123222748803
ACB,2021-08-30,0.6666666666666666,1.0,pos,-0.004641909814323664,-0.004641909814323664,-0.003315649867374093,0.0,-0.02984084880636595
ACB,2021-10-22,0.0,1.0,neu,-0.010796221322537103,-0.015519568151147078,-0.006072874493927127,0.044534412955465674,0.06005398110661275
ACB,2021-10-28,0.5,1.0,pos,0.03614457831325302,0.02677376171352086,0.04082998661311921,0.05153949129852764,0.03614457831325302
ACB,2021-12-17,0.6666666666666666,1.0,pos,-0.0032113037893385377,-0.012202954399486154,-0.014771997430957029,-0.00578034682080919,0.03917790622992934
ACB,2022-01-27,0.0,1.0,neu,-0.010384850335980578,-0.006108735491753281,0.02443494196701268,0.01832620647525962,-0.017104459376909076
ACB,2022-04-07,0.6666666666666666,1.0,pos,0.0076142131979695105,-0.004441624365482233,0.0012690355329949554,-0.001903553299492322,-0.03870558375634514
ACB,2022-05-11,0.6666666666666666,1.0,pos,-0.06612685560053988,-0.08221212658519435,-0.1057076773092859,-0.08367071524966263,-0.05060728744939269
ACB,2022-06-09,0.5,1.0,pos,-0.021854304635761546,-0.07218543046357617,-0.06423841059602642,-0.06423841059602642,-0.07814569536423843
ACB,2022-07-29,0.6666666666666666,1.0,pos,0.01664355062413314,0.012482662968099856,0.014563106796116498,0.010402219140083213,0.00832177531206657
ACB,2022-10-27,0.6666666666666666,1.0,pos,0.010827532869296164,0.015467904098994678,0.017788089713843824,-0.031709203402938924,-0.09358081979891719
ACB,2022-11-04,0.0,1.0,neu,0.025402201524131973,0.057578323454699376,0.029635901778154006,0.03217612193056718,0.04995766299745985
ACB,2022-11-21,0.6666666666666666,2.0,pos,-0.012417218543046338,0.002483443708609201,0.019039735099337873,0.07947019867549665,0.14569536423841067
ACB,2022-11-23,0.6666666666666666,1.0,pos,0.01651527663088359,0.040462427745664664,0.07679603633360865,0.07018992568125526,0.07927332782824115
ACB,2023-01-11,0.6666666666666666,1.0,pos,0.011980267794221344,-0.002114164904862492,0.033121916842847154,0.05355884425651869,0.04087385482734329
ACB,2023-04-13,0.0,1.0,neu,0.0,0.002050580997949414,-0.008202323991797766,-0.028024606971975397,-0.032125768967874224
ACB,2023-06-02,0.6666666666666666,1.0,pos,-0.002614379084967422,0.0,0.0019607843137254832,-0.01176470588235301,0.0
ACB,2023-06-15,0.6666666666666666,1.0,pos,0.004596191726854881,-0.0026263952724885353,-0.0026263952724885353,-0.0026263952724885353,0.009192383453709763
ACB,2023-06-28,0.6666666666666666,1.0,pos,-0.017891373801916965,-0.010862619808306717,-0.010862619808306717,-0.015974440894568676,-0.020447284345047945
ACB,2023-08-07,0.0,1.0,neu,-0.014997000599880073,-0.02339532093581287,-0.035992801439712174,-0.02939412117576501,-0.07378524295140987
ACB,2023-09-06,0.6666666666666666,1.0,pos,-0.0024829298572315306,-0.008690254500310246,-0.02607076350093107,-0.017380509000620714,-0.021725636250775948
ACB,2023-09-14,0.0,1.0,neu,0.008883248730964466,0.0,-0.006979695431472033,-0.0025380710659898,-0.03172588832487311
ACB,2023-09-18,0.5,1.0,pos,-0.006979695431472033,0.0,-0.0025380710659898,-0.020304568527918843,-0.024746192893401076
ACB,2023-09-26,0.6666666666666666,1.0,pos,0.00455432661027988,-0.0071567989590110015,-0.002602472348731233,-0.013662979830839195,0.04098893949251803
ACB,2023-10-25,0.6666666666666666,2.0,pos,-0.03643461288223804,-0.01626545217957054,-0.02732595966167861,-0.013662979830839195,0.04098893949251803
ACB,2023-11-08,0.0,1.0,neu,-0.010624999999999996,-0.01749999999999996,-0.015000000000000013,0.020000000000000018,-0.004375000000000018
ACB,2023-11-15,0.6666666666666666,1.0,pos,0.0018382352941177516,-0.023897058823529438,-0.03247549019607854,-0.023897058823529438,-0.05147058823529416
ACB,2023-11-28,0.6666666666666666,1.0,pos,0.0071567989590111125,0.0019518542615486467,0.0019518542615486467,0.011711125569290992,0.02732595966167861
ACB,2024-01-30,0.3333333333333333,2.0,pos,-0.007688083470620555,0.0021965952773201902,0.011532125205930832,0.07358594179022515,0.06205381658429432
ACB,2024-01-31,0.25,2.0,pos,0.009961261759822815,0.019369120088544634,0.0796900940785834,0.0874377421140009,0.07581627006087444
ACB,2024-02-20,0.3333333333333333,2.0,pos,0.005170630816959676,0.003619441571871773,-0.009307135470527417,0.0015511892450879028,0.014477766287487093
ACB,2024-03-06,0.6666666666666666,1.0,pos,-0.0036138358286009753,-0.020134228187919545,-0.03097573567372236,0.0020650490449147796,-0.0036138358286009753
ACB,2024-04-04,0.0,1.0,neu,-0.01499482936918295,-0.01499482936918295,-0.009307135470527417,-0.01499482936918295,-0.03464322647362972
ACB,2024-06-06,0.0,1.0,neu,0.010324483775811188,0.002458210422812135,-0.007866273352999054,0.01868239921337267,0.01868239921337267
ACB,2024-06-13,0.6666666666666666,1.0,pos,-0.00820463320463316,-0.010135135135134976,-0.010135135135134976,0.0,-0.034266409266409115
ACB,2024-09-04,0.6666666666666666,1.0,pos,-0.00631067961165066,-0.0024271844660194164,-0.00825242718446606,-0.020388349514563142,0.0
ACB,2024-09-13,0.6666666666666666,1.0,pos,-0.010299166257969672,0.003923491907797949,0.010299166257969672,0.051005394801373116,0.06130456105934279
ACB,2024-10-25,0.0,1.0,neu,0.010096153846153921,0.012019230769230838,0.008173076923076783,0.0,0.0
ACB,2024-10-29,0.0,1.0,neu,-0.0038004750593825243,0.008076009501187587,-0.01187648456057011,-0.017577197149643786,-0.013776722090261262
ACB,2024-11-20,0.6666666666666666,1.0,pos,0.014167073766487626,0.01856375183194925,0.016121152906692915,0.022471910112359605,0.022471910112359605
ACB,2024-12-06,0.6666666666666666,1.0,pos,-0.005599626691553894,-0.011665888940737279,-0.009799346710219314,-0.019598693420438518,-0.03313112459169387
ACB,2025-03-13,0.6666666666666666,1.0,pos,-0.004126547455295726,0.003668042182485287,0.00733608436497013,0.005502063273727709,-0.004126547455295726
ACB,2025-04-18,0.5,1.0,pos,-0.016121152906692693,-0.016121152906692693,0.0039081582804103565,-0.024425989252564784,-0.020517830972154316
ACB,2025-05-26,0.0,1.0,neu,-0.0023255813953488857,-0.0046511627906977715,-0.009302325581395321,-0.018604651162790642,-0.025581395348837188
ACB,2025-08-20,0.0,1.0,neu,0.051785714285714324,-0.005357142857142838,-0.06428571428571428,-0.012500000000000067,-0.03035714285714286
ACB,2025-09-04,0.6666666666666666,1.0,pos,-0.018083182640144635,-0.039783001808318175,-0.039783001808318175,-0.05244122965641951,-0.07594936708860756
ACB,2025-09-16,0.6666666666666666,1.0,pos,-0.009469696969697017,-0.03219696969696961,-0.03977272727272718,-0.03977272727272718,-0.03409090909090906
ACB,2025-10-01,0.0,1.0,neu,-0.0019379844961240345,-0.005813953488372214,0.03875968992248069,0.036821705426356655,0.019379844961240345
ACB,2025-10-03,0.5,1.0,pos,0.04483430799220289,0.031189083820662766,0.042884990253411415,0.050682261208577106,0.003898635477582957
ACB,2025-10-24,0.0,1.0,neu,0.0,0.016000000000000014,0.016000000000000014,0.020000000000000018,-0.0040000000000000036
ACB,2025-10-29,0.5,1.0,pos,-0.011811023622047112,0.003937007874015741,0.0019685039370078705,0.007874015748031704,-0.007874015748031482
ACB,2025-10-31,0.0,1.0,neu,-0.0019607843137254832,0.019607843137254832,0.0039215686274509665,-0.02352941176470591,-0.021568627450980427
ACB,2025-12-11,0.6666666666666666,1.0,pos,-0.018789144050104345,-0.01670146137787054,0.0020876826722338038,-0.0041753653444676075,0.0020876826722338038
ACB,2025-12-23,0.0,1.0,neu,0.004132231404958775,-0.008264462809917328,-0.012396694214876103,-0.004132231404958553,0.01446280991735538
ACB,2026-01-06,0.0,1.0,neu,0.027083333333333348,0.022916666666666696,0.022916666666666696,0.03749999999999987,0.043749999999999956
ACB,2026-01-29,0.0,1.0,neu,0.012605042016806678,-0.0021008403361344463,-0.004201680672269004,-0.014705882352941235,0.0021008403361344463
ACB,2026-01-30,0.25,2.0,pos,-0.014522821576763545,-0.016597510373444035,-0.020746887966805017,-0.045643153526971014,-0.010373443983402453
ACB,2026-02-24,0.0,1.0,neu,0.018750000000000044,0.018750000000000044,0.022916666666666696,-0.02083333333333337,-0.03541666666666676
ACB,2026-03-19,0.6666666666666666,1.0,pos,-0.025423728813559365,-0.04661016949152552,-0.021186440677966045,0.0,0.0
ACB,2026-04-10,0.3888888888888888,3.0,pos,-0.004192872117400492,0.0062893081761006275,-0.002096436058700246,-0.004192872117400492,-0.018867924528301994
ACB,2026-04-13,0.6666666666666666,1.0,pos,0.010526315789473717,0.002105263157894832,-0.004210526315789553,0.008421052631578885,-0.010526315789473717
ACB,2026-04-17,0.6666666666666666,1.0,pos,0.008421052631578885,0.0,-0.0063157894736841635,-0.01473684210526327,-0.027368421052631486
ACB,2026-05-05,0.0,1.0,neu,0.022123893805309658,0.01327433628318575,0.01106194690265494,0.004424778761061843,0.008849557522123908
ACB,2026-05-12,0.5,1.0,pos,-0.008810572687224627,0.004405286343612369,0.026431718061673992,0.004405286343612369,0.09251101321585908
ACB,2026-05-26,0.0,1.0,neu,0.016129032258064502,-0.006048387096774244,0.004032258064516014,0.012096774193548487,0.06854838709677424
ACB,2026-06-01,0.6666666666666666,1.0,pos,0.008032128514056325,0.04417670682730934,0.054216867469879526,0.014056224899598346,
ACB,2026-06-02,0.0,1.0,neu,0.03585657370517925,0.04581673306772904,0.041832669322709126,0.055776892430278835,
ACB,2026-06-04,0.6666666666666666,1.0,pos,-0.003809523809523818,-0.03809523809523807,0.00952380952380949,,
ACB,2026-06-05,0.0,1.0,neu,-0.03441682600382401,0.013384321223709472,,,
BCM,2020-03-12,0.0,1.0,neu,-0.06574923547400624,-0.06116207951070329,0.0,-0.06116207951070329,-0.15494393476044865
BCM,2020-12-24,0.0,1.0,neu,-0.0022750252780587843,-0.015166835187057637,-0.02098078867542985,-0.030586450960566225,0.10717896865520715
BCM,2021-10-29,0.6666666666666666,1.0,pos,-0.01705115346038122,0.01323971915747224,0.0,0.018856569709127413,0.032096288866599876
BCM,2021-12-15,0.6666666666666666,1.0,pos,0.0683417085427136,0.07772194304857627,0.079396984924623,0.08408710217755444,0.015912897822445426
BCM,2022-09-15,0.0,1.0,neu,0.001077934677158554,-0.006036434192087992,-0.01422873773849298,-0.01832488951169564,-0.1348496281125363
BCM,2022-12-01,0.5,1.0,pos,0.0,0.014900233221041503,-0.009976677895828012,-0.004923555325213935,-0.011142783104431397
BCM,2022-12-23,0.0,1.0,neu,-0.022566255575964256,0.0013119916032535706,0.0013119916032535706,0.010102335345053781,0.031356599317764466
BCM,2023-08-16,0.0,2.0,neu,-0.012350998132988678,-0.06721240844463583,-0.04796782995835114,-0.07123366365072514,-0.015079707022834898
BCM,2023-09-13,0.75,1.0,pos,-0.009879091713358656,-0.028162783839575267,-0.04231790032438798,-0.014155116484812602,-0.06767915069301089
BCM,2023-10-04,0.5,1.0,pos,-0.0015172204521316512,0.007282658170232104,-0.0015172204521316512,-0.01016537702928233,-0.08981945076619624
BCM,2024-03-25,0.5,1.0,pos,0.0,0.001586546089163976,0.00317309217832773,-0.012216404886561949,-0.047596382674916726
BCM,2024-06-28,0.5,1.0,pos,-0.010846689331390658,0.0,0.0016189088554312558,0.0032378177108627337,0.018941233608547714
BCM,2024-08-08,0.5,1.0,pos,0.0,-0.004188935432616003,-0.004188935432616003,-0.00982233135923738,0.00693341037122619
BCM,2024-10-04,0.5,1.0,pos,0.0074536051110436485,0.01186492242166115,0.0074536051110436485,0.005932461210830464,-0.00578034682080919
BCM,2024-10-25,0.5,1.0,pos,-0.0031486146095718315,0.018261964735516445,0.012122166246851362,0.016687657430730418,0.03069899244332497
BCM,2024-11-26,0.0,1.0,neu,0.0,0.0013850415512464131,0.0060018467220683824,0.004462911665127578,0.028624192059095055
BCM,2025-02-07,-0.5,1.0,neg,0.01278883883156512,0.0014532771399504707,0.007121057985757906,0.0014532771399504707,0.07004795814561837
BCM,2025-04-22,0.5,1.0,pos,0.057511737089201986,0.06729264475743357,0.0729655712050079,0.057511737089201986,0.14417057902973407
BCM,2025-08-04,0.5,1.0,pos,-0.02951712279696239,-0.018197449491331286,-0.0055881931508812155,-0.004155323112193798,-0.014042126379137487
BCM,2025-08-11,0.0,1.0,neu,0.011223021582733805,0.00417266187050358,-0.0028776978417266452,-0.00992805755395676,-0.08057553956834529
BCM,2025-10-14,0.5,1.0,pos,-0.004709576138147598,0.010832025117739397,0.016954474097331307,-0.012401883830455374,0.026216640502354727
BCM,2025-10-31,0.0,1.0,neu,0.0,0.015104808877928644,0.01818742293464859,0.030209617755857066,0.022657213316892744
BCM,2025-11-25,0.0,1.0,neu,0.013666718434539371,0.013666718434539371,0.016772790806025784,0.012113682248796387,0.0060568411243981934
BCM,2025-12-15,0.0,1.0,neu,-0.007633587786259444,-0.03676585137871946,-0.061224489795918324,-0.05203302695123846,-0.07353170275743881
BCM,2026-02-02,0.0,1.0,neu,0.04376524608982635,0.01420576840292731,-0.028124551585593238,-0.09585306356722634,-0.07734251686038174
BCM,2026-03-12,0.0,1.0,neu,-0.02893309222423135,-0.03435804701627487,-0.02169981916817354,-0.0452079566003617,-0.0452079566003617
BCM,2026-03-25,0.5,1.0,pos,-0.001890359168241984,0.026465028355387554,0.013232514177693888,0.022684310018903586,0.03969754253308122
BCM,2026-05-21,0.6666666666666666,1.0,pos,-0.007339449541284404,-0.022018348623853212,0.0018348623853210455,-0.007339449541284404,0.005504587155963359
BID,2015-01-30,0.0,1.0,neu,-0.017654476670870056,-0.08221212658519435,-0.10340479192938201,-0.006305170239596425,0.017654476670870167
BID,2015-02-13,-0.5,1.0,neg,0.03841387856257761,0.03841387856257761,0.060718711276332105,0.03841387856257761,0.016109045848822667
BID,2015-03-16,0.0,1.0,neu,0.0,-0.01568154402895039,-0.03256936067551264,-0.05428226779252099,-0.05428226779252099
BID,2015-09-18,0.0,1.0,neu,0.012195121951219301,0.00406504065040636,-0.012195121951219523,-0.020325203252032464,-0.04471544715447162
BID,2019-03-01,0.0,1.0,neu,0.02286670384829903,0.052983825989960875,0.05744562186279989,0.03457891801450086,0.1321807027328501
BID,2019-05-06,0.0,1.0,neu,0.0,-0.02270210409745299,-0.060354374307862724,-0.012181616832779518,-0.012181616832779518
BID,2019-06-07,0.5,1.0,pos,0.0,0.0063583815028900315,-0.0063583815028901425,0.01387283236994219,0.02543352601156057
BID,2019-08-08,0.0,1.0,neu,0.0,0.018479408658922836,0.0058078141499471325,0.011087645195353657,0.0834213305174234
BID,2019-10-23,0.0,1.0,neu,0.005027422303473417,0.002742230347349217,0.012797074954296273,0.002742230347349217,0.052559414990859255
BID,2020-03-12,0.0,1.0,neu,-0.04633204633204624,-0.08221212658519435,-0.07915057915057921,-0.0902509652509651,-0.09266409266409259
BID,2020-11-16,0.0,1.0,neu,0.010213143872113806,0.00399644760213147,0.01243339253996445,0.030195381882770933,0.04529307282415629
BID,2021-03-22,0.0,1.0,neu,-0.02145922746781115,-0.05618415918845099,-0.053843152555598905,-0.04721030042918439,0.020288724151385162
BID,2021-05-21,0.6666666666666666,1.0,pos,0.027637212923316445,0.043596730245231585,0.04242896068509139,0.05332814324639923,0.09497859089139737
BID,2021-09-30,0.6666666666666666,1.0,pos,-0.016342756183745588,-0.01369257950530045,-0.0035335689045937757,-0.0075088339222615375,0.0026501766784452485
BID,2021-11-25,0.0,1.0,neu,0.0023050326546292244,-0.018824433346139147,-0.020745293891663574,-0.025355359200922023,-0.029581252401075675
BID,2021-12-16,0.0,1.0,neu,0.0,-0.006596818005432548,-0.024447031431897526,-0.029103608847497076,-0.0038804811796662175
BID,2022-01-19,0.5,1.0,pos,0.06858784744334459,0.08464939987365772,0.07454200884396722,0.1020214782059381,0.10865445356917247
BID,2022-02-24,0.6666666666666666,1.0,pos,-0.0012364760432765909,-0.02040185471406497,-0.011437403400309187,-0.04049459041731074,-0.08191653786707886
BID,2022-03-10,0.0,1.0,neu,0.021885521885522063,0.008417508417508435,0.02794612794612794,0.062289562289562284,0.05252525252525264
BID,2022-09-05,0.5,1.0,pos,0.013961605584642323,-0.04293193717277477,-0.0708551483420593,-0.06596858638743441,-0.13438045375218144
BID,2022-12-08,0.0,1.0,neu,0.004948745139625288,-0.02332979851537642,-0.007776599505125437,0.0,0.0
BID,2022-12-12,0.0,1.0,neu,0.015924719507781404,0.018458197611292082,0.023887079261672106,0.018458197611292082,0.018458197611292082
BID,2023-04-13,0.5,1.0,pos,-0.01104294478527601,0.0012269938650306678,-0.0076687116564416735,-0.0076687116564416735,-0.02331288343558291
BID,2023-04-28,0.0,1.0,neu,0.005705229793977695,-0.0012678288431061668,0.02757527733755949,0.03454833597464346,0.029793977812995198
BID,2023-06-01,0.0,1.0,neu,0.01821608040201017,0.01821608040201017,0.02041457286432169,-0.004711055276381826,-0.0012562814070351536
BID,2023-06-29,0.0,1.0,neu,-0.0257204834211342,0.0,-0.011155872327239025,-0.012085528354508934,0.054229934924078016
BID,2023-08-17,0.0,1.0,neu,-0.061475409836065364,-0.03190866510538626,-0.02751756440281028,-0.02751756440281028,-0.0032201405152224583
BID,2023-12-05,0.6666666666666666,1.0,pos,0.008639308855291628,0.023758099352051865,0.05677260104905901,0.05677260104905901,0.038876889848812324
BID,2024-05-21,0.0,1.0,neu,-0.004159530217763496,-0.010031808172253354,-0.016148764374847024,-0.018106190359676866,-0.04820161487643748
BID,2024-06-12,0.0,1.0,neu,0.009450830140485422,-0.008429118773946365,-0.02937420178799488,-0.03754789272030645,-0.07100893997445723
BID,2024-08-21,0.0,1.0,neu,-0.006044487427466105,-0.0021760154738876825,-0.007978723404255317,-0.019825918762088945,-0.025870406189555162
BID,2024-09-13,0.0,1.0,neu,-0.00913937547600907,0.010408733181010321,0.017771007870017952,0.017771007870017952,0.03960396039603964
BID,2024-09-25,0.0,1.0,neu,0.0,0.0019574259848300635,-0.00611695620259356,-0.004159530217763496,-0.011010521164668385
BID,2024-09-27,0.0,1.0,neu,-0.008058608058608141,-0.008058608058608141,-0.006105006105006083,-0.018070818070818118,-0.01391941391941387
BID,2024-11-14,0.0,1.0,neu,-0.017746706103791254,-0.023124495832212988,-0.01989782199515988,-0.0034955633234738936,0.013175584834633103
BID,2024-11-22,0.0,1.0,neu,-0.003212851405622663,0.012048192771084265,0.01419009370816604,0.023025435073627865,0.019812583668005423
BID,2024-12-02,0.6666666666666666,1.0,pos,-0.0094736842105263,-0.02894736842105272,-0.010526315789473606,0.004473684210526407,0.0055263157894736015
BID,2025-08-04,0.5,1.0,pos,0.018336433696518606,0.03826733988838682,0.06324740898219483,0.056603773584905426,0.07228275312250854
BID,2025-08-12,0.6666666666666666,1.0,pos,-0.003411306042884976,0.015838206627680318,-0.011939571150097472,-0.015594541910331383,0.007309941520468044
BID,2025-08-29,0.0,1.0,neu,0.015101462954223654,0.012741859367626285,-0.0210004719207173,-0.05143935818782441,-0.01864086833411982
BID,2025-11-03,0.0,1.0,neu,0.02156334231805923,0.0417789757412399,0.037735849056603765,0.008086253369272267,0.035040431266846195
BID,2025-11-25,0.6666666666666666,1.0,pos,0.009459459459459474,0.014864864864864824,0.002702702702702675,-0.004054054054054013,0.012162162162162149
BID,2025-12-05,0.6666666666666666,1.0,pos,-0.007936507936507908,-0.009259259259259078,-0.002645502645502451,-0.021164021164021052,-0.002645502645502451
BID,2026-01-07,0.6666666666666666,1.0,pos,0.0512820512820511,0.09127016201782547,0.1214822794254802,0.1355080412065514,0.24279989446529096
BID,2026-01-23,0.0,1.0,neu,0.03346456692913402,0.03543307086614189,0.021653543307086576,0.06102362204724421,0.011811023622047223
BID,2026-02-09,0.0,1.0,neu,-0.06875064897881272,-0.04150197628458496,-0.06027667984189733,-0.029644268774703608,-0.10671936758893275
BID,2026-03-11,0.6666666666666666,1.0,pos,-0.022781774580335812,-0.02517985611510798,-0.033573141486810676,-0.009592326139088891,-0.052757793764988126
BID,2026-03-19,0.6666666666666666,2.0,pos,-0.022140221402213944,-0.05412054120541199,-0.038130381303812966,-0.043050430504305015,-0.02337023370233693
BID,2026-04-01,0.6666666666666666,1.0,pos,-0.013664596273291862,-0.029813664596273326,-0.022360248447204967,0.029813664596273437,0.001242236024844745
BID,2026-04-14,0.6666666666666666,1.0,pos,-0.0024752475247524774,-0.004950495049504844,-0.0024752475247524774,0.0,-0.007425742574257321
BID,2026-04-24,0.0,1.0,neu,-0.014723926380368124,-0.015950920245398792,0.0024539877300613355,0.0036809815950920033,0.0503067484662576
BID,2026-06-03,0.0,1.0,neu,0.017899761336515496,0.0023866348448686736,-0.021479713603818618,,
BVH,2011-05-13,0.0,1.0,neu,-0.005639097744360999,-0.005639097744360999,-0.055294486215538896,-0.125558085617289,-0.15920000000000004
BVH,2013-09-19,0.0,1.0,neu,-0.00851851851851848,0.0,0.022222222222222365,0.033333333333333215,0.08925925925925937
BVH,2015-01-29,0.0,1.0,neu,-0.014609203798392922,-0.025931336742147426,-0.014609203798392922,0.05113221329437545,0.12856099342585825
BVH,2021-02-19,0.0,1.0,neu,-0.0063873755401089305,-0.016156302836746184,-0.029118917903437902,-0.038887845200075155,-0.040578621078339205
BVH,2022-06-29,0.6666666666666666,1.0,pos,-0.04536039768019884,-0.03438276719138367,-0.023612261806130963,-0.03624689312344653,0.05468102734051361
BVH,2022-11-07,0.5,1.0,pos,0.038900535755881815,0.04914977870952719,-0.005124621476822688,-0.02655485674353597,-0.024691358024691357
BVH,2022-12-07,0.0,1.0,neu,0.004202610042026045,-0.008405220084052312,0.004202610042026045,0.030081840300818286,-0.006193320061933183
BVH,2023-05-31,0.0,1.0,neu,0.0034381139489194634,0.013752455795677854,0.02283889980353626,0.026277013752455725,0.025294695481336005
BVH,2023-06-02,0.6666666666666666,1.0,pos,0.008963178294573604,0.019137596899224896,0.012354651162790553,-0.006782945736434121,-0.001211240310077577
BVH,2025-02-14,0.5,1.0,pos,-0.014799550393405747,0.053203446983889124,0.0385912326714124,0.06612963656800286,0.040464593480704414
CTG,2011-03-21,0.0,1.0,neu,-0.02209944751381221,-0.06906077348066297,-0.1057076773092859,-0.06906077348066297,-0.11325966850828728
CTG,2011-06-08,0.0,1.0,neu,0.0031249999999998224,-0.007812500000000111,-0.03281250000000002,0.0031249999999998224,0.006250000000000089
CTG,2011-09-20,0.0,1.0,neu,0.0,0.005076142131979822,-0.011844331641285955,-0.006768189509306244,-0.05752961082910324
CTG,2011-12-02,0.0,1.0,neu,0.030927835051546504,0.05154639175257736,0.020618556701031077,-0.016494845360824795,-0.12989690721649483
CTG,2012-09-10,0.0,1.0,neu,0.009852216748768461,0.009852216748768461,0.009852216748768461,0.0640394088669951,-0.0377668308702791
CTG,2014-12-10,-0.5,1.0,neg,0.0,0.00698080279232105,0.0,-0.027923211169284534,-0.027923211169284534
CTG,2015-04-02,0.0,1.0,neu,-0.005665722379603388,-0.016997167138810054,-0.011331444759206666,0.016997167138810276,0.05099150141643061
CTG,2015-09-03,0.0,1.0,neu,0.004920049200491938,0.009840098400984099,0.0627306273062731,0.056580565805657956,0.004920049200491938
CTG,2017-03-03,0.0,1.0,neu,0.006195786864931607,0.0,0.0037174721189590088,-0.004956629491945641,-0.013630731102850069
CTG,2018-06-01,0.5,1.0,pos,0.018312101910827883,0.03503184713375784,0.05493630573248409,0.04060509554140124,-0.01273885350318471
CTG,2018-07-18,0.0,1.0,neu,-0.02017543859649129,-0.00877192982456132,-0.05263157894736836,-0.08508771929824566,-0.06842105263157905
CTG,2019-06-14,0.0,1.0,neu,0.00753498385360607,-0.002152852529601623,-0.002152852529601623,0.053821313240043134,-0.03982777179763175
CTG,2020-04-01,0.5,1.0,pos,0.027479091995221028,0.09127016201782547,0.08482676224611718,0.0824372759856633,0.0824372759856633
CTG,2020-04-03,0.0,1.0,neu,0.06858784744334459,0.05581395348837215,0.04883720930232549,0.03488372093023262,0.06976744186046502
CTG,2021-02-26,0.5,1.0,pos,0.023134759976865427,0.020242914979757165,0.036437246963562986,0.020242914979757165,0.01908617698091386
CTG,2021-03-17,0.0,1.0,neu,0.023965141612200425,0.022875816993464193,0.039215686274509665,-0.014161220043572897,0.015250544662309462
CTG,2021-03-29,0.0,1.0,neu,0.009693053311793154,0.003769520732364029,0.026386645126548203,0.050080775444264924,0.079698438341411
CTG,2021-08-05,0.6666666666666666,1.0,pos,-0.0014641288433381305,0.01024890190336758,0.013177159590044063,0.005856515373352966,0.002928257686676483
CTG,2021-08-19,0.5,1.0,pos,-0.046715328467153316,-0.046715328467153316,-0.045255474452554734,-0.09051094890510947,-0.06569343065693434
CTG,2021-10-28,0.6666666666666666,1.0,pos,0.006399999999999961,0.028799999999999937,0.0351999999999999,0.04160000000000008,0.02079999999999993
CTG,2021-10-29,0.0,1.0,neu,0.0222575516693162,0.02861685214626397,0.0476947535771064,0.03815580286168507,0.03815580286168507
CTG,2021-11-19,0.5,1.0,pos,0.051908396946565016,0.03969465648854964,0.07938931297709928,0.04580152671755733,0.006106870229007688
CTG,2021-11-25,0.6666666666666666,1.0,pos,-0.024216524216524093,-0.02564102564102555,-0.045584045584045496,-0.038461538461538436,-0.03988603988603989
CTG,2022-02-07,0.0,1.0,neu,0.0053859964093356805,0.0013464991023337536,0.012567324955116588,-0.04667863554757645,-0.052513464991023384
CTG,2022-05-13,0.6666666666666666,1.0,pos,0.027266530334014938,0.09127016201782547,0.11315610088616213,0.08384458077709622,0.12951601908657118
CTG,2022-06-01,0.0,1.0,neu,0.0,-0.012331180270111597,-0.01996476805637115,-0.0017615971814445297,-0.11685261303581929
CTG,2022-08-02,0.0,1.0,neu,0.017663817663817527,0.009116809116809232,0.014245014245014342,0.007407407407407307,0.021082621082621156
CTG,2022-08-17,0.6666666666666666,1.0,pos,-0.011758118701007847,-0.02911534154535267,-0.03751399776035824,-0.030795072788353917,-0.02911534154535267
CTG,2022-08-18,0.5,1.0,pos,-0.01756373937677047,-0.026062322946175498,-0.026062322946175498,-0.0016997167138809166,-0.027762039660056526
CTG,2022-08-19,0.0,1.0,neu,-0.008650519031141779,-0.008650519031141779,-0.0017301038062284002,0.006920415224913601,0.0
CTG,2022-11-25,0.5833333333333333,2.0,pos,0.05808080808080818,0.06186868686868685,0.05618686868686873,0.08333333333333326,0.08712121212121215
CTG,2022-12-01,0.6666666666666666,1.0,pos,0.06858784744334459,0.09127016201782547,0.03239875389408087,0.06292834890965726,0.08037383177570079
CTG,2023-02-02,0.0,1.0,neu,-0.005022321428571619,0.023995535714285587,0.0,0.0072544642857141906,0.017299107142856984
CTG,2023-03-29,0.5,1.0,pos,0.0,0.006741573033707926,0.03258426966292127,0.034269662921348365,0.01741573033707855
CTG,2023-05-04,0.0,1.0,neu,-0.014417531718569743,-0.012687427912341342,-0.008650519031141779,0.0034602076124565784,-0.017877739331026432
CTG,2023-08-07,0.0,1.0,neu,0.0,-0.002998500749625266,-0.02898550724637694,-0.008995502248875686,-0.018490754622688677
CTG,2023-08-11,0.0,1.0,neu,0.006598984771573502,0.009644670050761528,0.008121827411167626,-0.04365482233502538,-0.029441624365482144
CTG,2023-09-12,0.5,1.0,pos,0.0075642965204236745,0.027735753908219918,0.013615733736762614,-0.00655572365103374,-0.062027231467473354
CTG,2023-09-13,0.6666666666666666,1.0,pos,0.020020020020020013,0.006006006006006093,-0.015515515515515443,-0.015515515515515443,-0.04754754754754753
CTG,2023-09-25,0.6666666666666666,1.0,pos,0.016949152542373058,0.04045926735921279,0.03553854565336256,0.004920721705850228,-0.021869874248222954
CTG,2023-11-06,0.6666666666666666,1.0,pos,0.0,0.024543378995433685,0.033675799086757996,0.030251141552511518,0.035388127853881235
CTG,2024-02-19,0.6666666666666666,1.0,pos,-0.005766062602965416,0.004118616144975107,0.008649093904447902,0.007001647446457815,0.016886326194398782
CTG,2024-05-29,0.0,1.0,neu,0.004606172270842812,0.007830492860432914,0.029940119760478945,0.02349147858129874,0.05849838783970518
CTG,2024-06-18,0.6666666666666666,1.0,pos,0.0045065344749886105,-0.004957187922487782,-0.004957187922487782,-0.023433979269941396,-0.0018026137899955774
CTG,2024-08-06,0.6666666666666666,1.0,pos,-0.011455847255369855,-0.011455847255369855,0.031026252983293645,0.0424821002386635,0.08687350835322194
CTG,2024-08-29,0.0,1.0,neu,0.0012494793835899909,0.008329862557267864,0.0,0.012494793835901685,-0.009995835068721481
CTG,2024-09-18,0.6666666666666666,1.0,pos,0.008166598611678344,0.008166598611678344,0.005308289097591068,0.008166598611678344,0.008166598611678344
CTG,2024-09-19,0.6666666666666666,1.0,pos,0.0,-0.0028351559335763055,0.001620089104900746,0.011340623734305222,0.005670311867152611
CTG,2024-11-01,0.0,1.0,neu,0.002866502866502696,-0.015561015561015634,0.008190008190008147,-0.01678951678951679,-0.07043407043407057
CTG,2024-11-22,0.6666666666666666,1.0,pos,0.002498958767180204,0.008329862557267864,0.004164931278633821,0.02124114952103273,0.035401915868388034
CTG,2024-11-25,0.6666666666666666,1.0,pos,0.00581636892397186,0.0016618196925632933,0.008724553385957678,0.0216036560033237,0.03863730785209807
CTG,2025-02-07,0.5,1.0,pos,-0.012151536812008534,-0.0025017869907076884,-0.0071479628305932685,-0.006075768406004323,0.0171551107934238
CTG,2025-02-17,0.6666666666666666,1.0,pos,0.0036310820624547713,0.008714596949891185,0.017429193899782147,0.04357298474945526,0.027233115468409563
CTG,2025-02-24,0.0,1.0,neu,-0.0013917884481559062,-0.013221990257480831,-0.009742519137091121,-0.01565762004175364,0.013221990257481053
CTG,2025-03-03,0.6666666666666666,1.0,pos,0.008483563096500557,-0.0010604453870625141,0.009897490279250576,0.029338989042064334,0.0328738069989396
CTG,2025-03-06,0.5,1.0,pos,0.01785089254462724,0.019250962548127415,0.022751137556877854,0.015400770038501932,-0.0014000700035001756
CTG,2025-03-24,0.5,1.0,pos,0.01185908615277298,-0.001046389954656446,-0.004883153121730044,-0.008371119637251567,-0.1388210673177538
CTG,2025-05-08,0.6666666666666666,1.0,pos,-0.0023300970873786353,0.008155339805825168,0.04932038834951458,0.05864077669902912,0.03495145631067964
CTG,2025-09-10,0.6666666666666666,1.0,pos,0.0017321016166282899,-0.0020207852193995235,0.02165127020785218,0.017609699769053133,0.0
CTG,2025-10-09,0.5,1.0,pos,0.003711558854718966,0.018292682926829285,-0.002916224814421997,-0.013785790031813239,-0.08907741251325552
CTG,2025-10-31,0.0,1.0,neu,-0.010330578512396715,0.01948051948051943,0.04693034238488769,0.0,-0.009149940968122827
CTG,2025-11-28,0.6666666666666666,1.0,pos,-0.012396694214876103,0.0008854781582052773,0.06109799291617479,0.051062573789846466,0.010035419126328105
CTG,2025-12-04,0.6666666666666666,1.0,pos,-0.00945757997218366,-0.01724617524339378,-0.036439499304589784,-0.036439499304589784,-0.0445062586926287
CTG,2025-12-12,0.5,1.0,pos,0.004091174751607252,0.030391583869082472,0.014026884862653466,0.006721215663354929,0.02863822326125076
CTG,2025-12-15,0.6666666666666666,1.0,pos,0.026193247962747357,0.009895227008149154,-0.00029103608847491635,0.02299185098952261,0.027357392316647244
CTG,2025-12-19,0.5,1.0,pos,0.020319303338171224,0.015965166908562978,0.02467343976777925,0.021770682148040565,0.05079825834542806
CTG,2026-01-15,0.0,1.0,neu,-0.010000000000000009,0.0,-0.008750000000000036,-0.0025000000000000577,-0.04250000000000009
CTG,2026-03-04,0.0,1.0,neu,-0.005494505494505364,-0.020604395604395642,-0.08791208791208782,-0.03571428571428559,-0.038461538461538436
CTG,2026-03-17,0.6666666666666666,1.0,pos,0.01744186046511631,0.007267441860465018,-0.023255813953488302,-0.02470930232558144,0.005813953488372103
CTG,2026-03-19,0.6666666666666666,1.0,pos,-0.030303030303030276,-0.06204906204906202,-0.031746031746031744,-0.024531024531024626,-0.010101010101010166
CTG,2026-04-14,0.6666666666666666,1.0,pos,0.004297994269340855,-0.00859598853868182,-0.0014326647564468775,-0.0014326647564468775,0.0014326647564470996
CTG,2026-04-28,0.0,1.0,neu,0.004310344827586299,0.015804597701149614,0.014367816091954033,0.028735632183908066,0.033045977011494365
CTG,2026-05-06,0.0,1.0,neu,0.007032348804500765,0.0182841068917019,0.0014064697609001975,0.0,-0.009845288326300827
CTG,2026-05-07,0.0,1.0,neu,0.011173184357541999,-0.005586592178770777,-0.015363128491620026,0.0041899441340784715,-0.023743016759776414
CTG,2026-06-09,0.6666666666666666,1.0,pos,,,,,
FPT,2010-12-20,0.0,1.0,neu,-0.015122873345935761,-0.022684310018903586,-0.015122873345935761,-0.022684310018903586,-0.03780718336483935
FPT,2010-12-29,0.0,1.0,neu,-0.015473887814313358,0.0,-0.015473887814313358,-0.030947775628626717,-0.061895551257253434
FPT,2011-07-14,0.0,1.0,neu,-0.012376237623762387,-0.00990099009900991,-0.0024752475247524774,0.022277227722772297,0.14108910891089121
FPT,2012-03-05,0.0,1.0,neu,-0.035490605427974886,-0.008350730688935326,-0.02713987473903967,-0.02713987473903967,0.016701461377870652
FPT,2012-09-05,0.0,1.0,neu,-0.027586206896551557,-0.029885057471264354,-0.05287356321839065,-0.04367816091954013,-0.09425287356321832
FPT,2013-02-21,0.6666666666666666,1.0,pos,-0.0023419203747072626,-0.004683840749414414,-0.042154566744730615,-0.03981264637002335,-0.06557377049180313
FPT,2013-11-22,0.0,1.0,neu,0.0018018018018017834,0.0018018018018017834,0.0018018018018017834,-0.007207207207207245,-0.009009009009009028
FPT,2013-11-25,0.5,1.0,pos,0.0,0.0,-0.003597122302158251,-0.0053956834532372655,-0.021582733812949506
FPT,2014-04-08,0.6666666666666666,1.0,pos,-0.00619578686493194,0.0,0.014869888475836257,-0.02106567534076831,-0.07063197026022305
FPT,2014-06-02,0.6666666666666666,1.0,pos,-0.004511278195488799,-0.021052631578947434,-0.025563909774436122,-0.010526315789473717,0.02406015037593967
FPT,2014-08-28,0.0,1.0,neu,0.009400705052879044,0.0,0.0,0.027027027027026973,-0.01762632197414815
FPT,2014-12-04,0.25,1.0,pos,0.0013774104683195176,-0.00688705234159781,-0.02892561983471076,-0.024793388429751984,-0.04958677685950408
FPT,2015-03-26,0.5,1.0,pos,-0.0013586956521740579,-0.017663043478260865,-0.017663043478260865,-0.024456521739130488,-0.00815217391304357
FPT,2015-04-21,0.6666666666666666,1.0,pos,0.0,0.009370816599732379,0.009370816599732379,-0.012048192771084265,-0.00669344042838016
FPT,2015-05-11,0.0,1.0,neu,-0.009433962264150941,-0.009433962264150941,-0.008086253369272156,-0.01752021563342321,0.08625336927223737
FPT,2015-06-26,0.6666666666666666,1.0,pos,0.009864364981504226,0.0012330456226881115,0.009864364981504226,0.014796547472256671,0.006165228113440335
FPT,2015-11-04,0.6666666666666666,1.0,pos,0.029032258064516148,0.00967741935483879,-0.009677419354838679,-0.027956989247312047,0.0
FPT,2017-04-04,0.6666666666666666,1.0,pos,-0.009881422924901129,0.0,0.0,0.011857707509881577,-0.021739130434782483
FPT,2017-08-02,0.6666666666666666,1.0,pos,0.014423076923076872,0.014423076923076872,0.009615384615384581,-0.020032051282051322,-0.01602564102564108
FPT,2017-10-03,0.0,1.0,neu,0.004048582995951566,0.00890688259109318,0.018623481781376627,0.029959514170040613,0.0761133603238866
FPT,2017-11-15,0.5,1.0,pos,0.002043596730245234,-0.0034059945504086864,0.017711171662125436,0.019073569482289,0.042234332425068244
FPT,2018-02-08,0.6666666666666666,1.0,pos,-0.0035112359550562022,0.034410112359550604,0.06882022471910121,0.0582865168539326,0.1018258426966292
FPT,2018-04-05,0.5,1.0,pos,-0.004307692307692346,0.006769230769230639,0.022769230769230875,0.009846153846153838,-0.03630769230769226
FPT,2018-05-03,0.5,1.0,pos,0.014037433155080103,0.02807486631016043,0.017379679144384985,0.0053475935828875,0.04478609625668439
FPT,2018-10-17,0.5,1.0,pos,0.0,-0.013991163475699508,-0.010309278350515538,-0.04123711340206193,-0.03755522827687774
FPT,2019-04-16,0.6666666666666666,1.0,pos,0.012734584450402098,0.012734584450402098,0.011394101876675666,0.0,0.043565683646112685
FPT,2019-10-10,0.6666666666666666,1.0,pos,0.0019900497512437276,0.022885572139303312,0.017910447761193993,0.005472636815920362,0.03184079601990031
FPT,2019-10-21,0.5,1.0,pos,-0.003972194637537285,-0.0019860973187685316,0.029791459781529195,0.028301886792452935,0.06007944389275077
FPT,2019-12-18,0.0,1.0,neu,0.005561172901921152,0.018200202224469164,0.01061678463094018,0.035894843276036204,0.0556117290192113
FPT,2020-03-11,0.5,1.0,pos,-0.053038674033149213,-0.051933701657458586,-0.06298342541436464,-0.046961325966850875,-0.09447513812154695
FPT,2020-04-10,0.0,1.0,neu,0.0018137847642081262,0.0665054413542927,0.0792019347037487,0.10338573155985498,0.09915356711003631
FPT,2020-04-22,0.5,1.0,pos,-0.0016474464579901982,-0.0016474464579901982,-0.007688083470620555,-0.006040637012630357,0.05107084019769359
FPT,2020-05-20,0.0,1.0,neu,0.007835455435847072,-0.009304603330068661,-0.009304603330068661,-0.018609206660137212,-0.0053868756121451256
FPT,2020-06-23,0.5,1.0,pos,-0.007052896725440849,-0.015617128463476182,-0.014609571788413267,-0.039798488664987586,-0.002015113350126052
FPT,2020-07-16,0.0,1.0,neu,-0.010349926071956617,-0.024642681123706267,-0.016264169541646,-0.017249876786594287,-0.07097092163627394
FPT,2020-09-09,0.6666666666666666,1.0,pos,0.0,-0.0009532888465204614,0.0019065776930409228,0.026215443279313577,0.03860819828408002
FPT,2020-09-18,0.6666666666666666,1.0,pos,0.0,0.001832340815391742,-0.001832340815391631,-0.007787448465414459,-0.01740723774622077
FPT,2020-09-24,0.6666666666666666,1.0,pos,0.006038086391082054,0.01207617278216433,-0.005573618207152853,0.006038086391082054,0.01207617278216433
FPT,2020-10-23,0.6666666666666666,1.0,pos,-0.020452567449956383,-0.0330722367275893,-0.05918189730200174,-0.044386422976501305,-0.027850304612706767
FPT,2020-12-16,0.6666666666666666,1.0,pos,-0.010677618069815265,-0.003696098562628314,0.006981519507186729,0.006981519507186729,0.017248459958932205
FPT,2021-02-02,0.5,1.0,pos,0.06076759061833692,0.09127016201782547,0.10447761194029836,0.13041933191186916,0.1439232409381661
FPT,2021-02-09,0.6666666666666666,1.0,pos,0.04432568374724921,0.048098082364036676,0.02672115686890919,0.01194592895315938,0.04432568374724921
FPT,2021-03-22,0.0,1.0,neu,0.0011918951132299238,-0.021752085816448274,-0.02681764004767595,-0.014004767580452882,0.011323003575685275
FPT,2021-04-02,0.6666666666666666,1.0,pos,-0.002644725242433199,-0.004995592124595993,-0.002644725242433199,0.02879811930649412,-0.001469291801351913
FPT,2021-04-14,0.0,1.0,neu,-0.012449334105385068,-0.01621308627678064,0.006079907353792713,-0.012449334105385068,-0.0011580775911985697
FPT,2021-05-27,0.8,1.0,pos,0.010499999999999954,0.043749999999999956,0.07874999999999988,0.05525000000000002,0.014250000000000096
FPT,2021-06-03,0.6666666666666666,1.0,pos,-0.0059227671167969564,-0.029376924899312984,-0.051646529258469576,-0.038853352286188136,-0.03056147832267231
FPT,2021-08-18,0.6666666666666666,1.0,pos,0.0053123671908201775,-0.012749681257968604,-0.0318742031449214,-0.022311942201445056,-0.01699957501062488
FPT,2021-08-25,0.5,1.0,pos,-0.005433601391001908,0.0010867202782005592,0.0032601608346012334,0.005433601391001908,0.017387524451206282
FPT,2021-09-10,0.6666666666666666,1.0,pos,-0.005340739158299468,0.003204443494979614,0.00640888698995945,0.023499252296517614,-0.008545182653279304
FPT,2021-09-17,0.0,1.0,neu,-0.013567104988520096,-0.022959716134418606,-0.02609058651638485,-0.03130870381966189,-0.029221456898351095
FPT,2021-10-27,0.5,1.0,pos,-0.0020337604230221684,-0.01321944274964404,-0.02460850111856827,-0.021557860484035074,-0.01220256253813301
FPT,2021-12-28,0.6666666666666666,1.0,pos,-0.009511731135066648,-0.009511731135066648,-0.01585288522511097,-0.009511731135066648,-0.05178609173536253
FPT,2022-02-15,0.0,1.0,neu,0.0021925016443762324,0.018636263977197975,0.012058759044069278,0.01973251479938609,0.025213768910326673
FPT,2022-03-11,0.6666666666666666,1.0,pos,-0.015002143163308945,-0.023574796399485565,-0.017145306472353128,0.020360051435919457,0.026789541363051894
FPT,2022-03-25,0.0,1.0,neu,0.02525568774786069,0.09127016201782547,0.10770194113963694,0.1355080412065514,0.1337925276560219
FPT,2022-06-15,0.5833333333333333,2.0,pos,0.016584654638235996,0.016584654638235996,0.016584654638235996,-0.06633861855294332,-0.005467468562055711
FPT,2022-06-21,0.0,1.0,neu,-0.05164753794890797,-0.0403554239170677,-0.0403554239170677,0.0066641984450204195,-0.041466123657904475
FPT,2022-08-26,0.6666666666666666,1.0,pos,-0.008040388930441233,-0.009162303664921323,-0.006731488406881092,-0.016080777860882578,-0.029730740463724703
FPT,2022-09-14,0.6666666666666666,1.0,pos,-0.0034937888198757205,-0.017857142857142905,-0.010675465838509424,-0.02018633540372683,-0.0714285714285714
FPT,2022-10-26,0.0,1.0,neu,0.02717631462660197,0.016349977905435242,0.024524966858152863,0.0028722934158198488,0.0028722934158198488
FPT,2022-10-28,0.5,1.0,pos,0.008043478260869596,0.006739130434782581,-0.013260869565217326,-0.028043478260869503,-0.02934782608695652
FPT,2022-11-07,0.6666666666666666,1.0,pos,0.009656411408039522,0.019312822816079045,0.0053896249719291855,-0.024927015495171734,-0.03435885919604764
FPT,2022-11-10,0.5,1.0,pos,-0.002680366316730076,-0.030154121063212025,-0.09716327898146082,-0.027250390886754627,-0.03417467053830692
FPT,2022-11-11,0.0,1.0,neu,-0.02754759238521831,-0.08221212658519435,-0.04815229563269874,-0.017917133258678497,-0.010974244120940724
FPT,2022-11-28,0.6666666666666666,1.0,pos,0.0,0.004169409699363635,0.0054860653938995085,0.053763440860215006,0.03642747421549264
FPT,2022-12-06,0.6666666666666666,1.0,pos,0.006650933276121096,0.01330186655224197,0.026389186869770542,0.01587642136880496,0.00793821068440237
FPT,2023-04-24,0.6666666666666666,1.0,pos,-0.008862324814509437,-0.0103050288540808,-0.0103050288540808,-0.007625721352019887,0.0
FPT,2023-06-22,0.6666666666666666,1.0,pos,-0.004576659038901476,0.003432494279176135,0.020976353928298996,0.01163234172387484,0.015064836003051196
FPT,2023-08-24,0.5,1.0,pos,0.006618439279667543,0.04448206864706794,0.04001847006310588,0.07449592119439741,0.08219178082191791
FPT,2023-09-18,0.0,1.0,neu,0.015439599714081487,0.016583273766976436,-0.0010007147962831642,-0.026876340243030872,-0.03817012151536814
FPT,2023-10-23,0.6666666666666666,1.0,pos,0.010960572385446676,-0.0010656112041405041,-0.04612574212208864,-0.06591566448470088,-0.027401430963616913
FPT,2023-11-28,0.6666666666666666,1.0,pos,0.006690997566910051,0.008819951338199461,0.014294403892944008,0.04075425790754239,0.06265206812652058
FPT,2023-11-29,0.6666666666666666,1.0,pos,0.002114803625377748,0.007552870090634434,0.020694864048338202,0.03595166163141994,0.038066465256797466
FPT,2023-12-13,0.6666666666666666,1.0,pos,0.010622817229336556,0.010622817229336556,-0.012514551804423735,-0.005238649592549494,0.017898719441210797
FPT,2023-12-18,0.6666666666666666,1.0,pos,0.006336575302092751,0.007368110816386775,0.011641615089891033,0.021220159151193574,0.02018862363689955
FPT,2023-12-21,0.0,1.0,neu,-0.005243991260014513,0.009468317552803862,0.022141296431172464,0.015877640203932897,0.02418062636562257
FPT,2024-01-23,0.6666666666666666,1.0,pos,-0.006230981017243953,-0.005216635270250625,0.0031879437762643015,0.0,0.08897261266483114
FPT,2024-01-29,0.3333333333333333,2.0,pos,-0.003177813086812087,-0.002022244691607722,0.041744908276758697,0.07930088112090128,0.0949010544561606
FPT,2024-02-26,0.6666666666666666,1.0,pos,-0.0008978963571061316,0.00474602360184706,0.009363776295536308,0.031554643406875416,0.01859928168291436
FPT,2024-04-11,0.6666666666666666,1.0,pos,0.005183845690174715,-0.028812537673297167,-0.01663652802893323,-0.05135623869801087,0.07221217600964436
FPT,2024-04-12,0.0,1.0,neu,-0.03382106020628439,-0.021707843607579824,-0.032022067642120455,-0.04497481410410176,0.10218277764451922
FPT,2024-05-29,0.0,1.0,neu,-0.005104124132298882,-0.00806451612903214,0.008881175990200108,0.03246222948142097,0.1263781135157207
FPT,2024-06-03,0.5,1.0,pos,0.016088232318121953,0.023373469594252683,0.019730850956187318,0.05180613174137405,0.08944652433471623
FPT,2024-06-07,0.0,1.0,neu,0.014047410008779515,0.03170422397814843,0.07638279192273933,0.0681884694176178,0.10984294215198509
FPT,2024-06-27,0.0,1.0,neu,-0.017295739122601628,-0.031618773083506024,-0.036122871813350166,0.02261057562381752,0.0015313935681471325
FPT,2024-08-08,0.0,1.0,neu,0.04532912889239249,0.07085139929050066,0.06838785967678351,0.060110366574694485,0.10218762317698049
FPT,2024-09-18,0.0,1.0,neu,0.004532930406186075,0.0052439783130386886,-0.004444049417829499,0.0015109768020620251,0.005955026219891524
FPT,2024-09-26,0.5,1.0,pos,-0.0007126313914127547,0.0015143417067522424,0.011936575806164251,-0.002226973098164997,0.05513985391056475
FPT,2024-09-30,0.0,1.0,neu,0.010406475140086968,0.006670817397491868,-0.003735657742595433,-0.0029351596548965464,0.02303655607933819
FPT,2024-10-03,0.6666666666666666,1.0,pos,0.0008034996875279088,0.0008034996875279088,-0.0014284438889385909,0.05749486652977409,0.022408713507722444
FPT,2024-10-11,0.5,1.0,pos,-0.01431142342959979,-0.018596280743851223,-0.02356671522838294,-0.018596280743851223,-0.040106264461393426
FPT,2024-10-23,0.5,1.0,pos,0.0007131395970760845,-0.0015154216437868184,0.0051702620788018905,0.012658227848101111,0.0029417008379390985
FPT,2025-01-15,0.0,1.0,neu,0.006858822568792444,0.02408753164040167,0.030946354209194116,0.028905037968482095,0.005470727525108243
FPT,2025-02-13,0.6666666666666666,1.0,pos,0.012619344126193477,0.0034869240348691655,0.005562474055624822,-0.0006641760066417035,-0.012536322125363264
FPT,2025-04-08,0.5,1.0,pos,0.0018085226630495388,0.07132361252401953,0.1214822794254802,0.1036509551260314,0.050412569232508364
FPT,2025-04-17,0.5833333333333333,2.0,pos,0.02019982623805383,0.021068635968722882,0.009231103388358086,0.023783666377063417,0.002823631624674361
FPT,2025-04-18,0.5,1.0,pos,0.0008516074089843784,-0.010751543538428665,-0.010751543538428665,0.007132212050244835,-0.01703214817968912
FPT,2025-05-19,0.0,1.0,neu,0.008443059603980396,0.0009046135289978441,-0.01186048849130561,-0.0076389586893154116,-0.017790732736958415
FPT,2025-06-05,0.6666666666666666,1.0,pos,-0.015359576848743783,-0.00508595259892175,-0.009358152782016127,0.010375343301800344,0.0017292238836335017
FPT,2025-08-18,0.6666666666666666,1.0,pos,-0.0019366017735195085,-0.027825909693201534,0.01192538986851499,-0.016919783916012565,0.026908572011008047
FPT,2025-08-19,0.5,1.0,pos,-0.02593954248366015,0.01388888888888884,-0.012969771241830075,-0.0030637254901960675,0.046875
FPT,2025-08-28,0.5,1.0,pos,-0.027739658890413632,-0.012448539502058376,0.004802979807880803,-0.02489707900411675,-0.02489707900411675
FPT,2025-09-19,0.5,1.0,pos,-0.03202386872202878,-0.048533068125310774,-0.03391347588264537,-0.05340626553953243,-0.09318746892093477
FPT,2025-10-28,0.3333333333333333,2.0,pos,-0.004911295980755681,0.004911295980755792,0.016638268016437863,0.010824897263706612,-0.05963716548060538
FPT,2025-10-29,0.5,1.0,pos,0.009871071716357926,0.021655922643029957,0.03253424657534243,-0.007856567284448057,-0.010777598710717262
FPT,2026-01-28,0.0,1.0,neu,0.015327900659681815,0.0,-0.0019402405898332198,-0.02493209157935572,-0.05646100116414432
FPT,2026-01-30,0.0,1.0,neu,-0.0019402405898332198,-0.0057237097400077985,-0.02493209157935572,-0.06606519208381845,-0.07848273185875054
FPT,2026-02-02,0.6666666666666666,1.0,pos,-0.003790824261275305,-0.023036547433903487,-0.050835925349922095,-0.050835925349922095,-0.09399300155520995
FPT,2026-02-06,0.0,1.0,neu,0.014334683702087903,0.0020774903916069842,0.010283577438454428,-0.01329593850628441,-0.048093902565700564
FPT,2026-03-03,0.0,1.0,neu,-0.021906315544162114,-0.029946399440689775,-0.06210673502680031,-0.08622698671638307,-0.08739221626660454
FPT,2026-03-18,0.6666666666666666,1.0,pos,-0.02282987230749378,-0.05081903779182251,-0.06990842254611118,-0.020379208048497355,-0.04191925706178257
FPT,2026-03-23,0.6666666666666666,1.0,pos,0.03134100679517404,0.053251976147552504,0.014977118291499059,0.01220357786714743,0.010816807654971505
FPT,2026-04-16,0.0,1.0,neu,0.02572171295662873,0.03776166370228462,0.013544944588862906,0.0027363524421946117,0.0027363524421946117
FPT,2026-04-22,0.6666666666666666,1.0,pos,-0.0040766408479412375,-0.016170675363500475,-0.0027177605652942693,-0.012094034515559238,-0.06169316483217835
GAS,2012-11-21,0.0,1.0,neu,0.004950495049504955,0.004950495049504955,0.0,0.0024752475247524774,0.03155940594059414
GAS,2013-07-15,0.0,1.0,neu,0.015918958031837738,0.015918958031837738,0.015918958031837738,0.03147612156295221,-0.007959479015918869
GAS,2014-06-30,0.6666666666666666,1.0,pos,-0.008754863813229541,-0.02665369649805438,-0.008754863813229541,-0.01770428015564196,-0.01770428015564196
GAS,2015-02-09,-0.5,1.0,neg,-0.006367736800212076,-0.01247015123374895,0.0,0.006367736800212409,-0.01247015123374895
GAS,2015-04-20,0.0,1.0,neu,-0.007679999999999909,-0.007679999999999909,-0.01536000000000004,0.007679999999999909,-0.030399999999999983
GAS,2015-06-05,0.0,1.0,neu,-0.008095854922279822,-0.023639896373056968,-0.008095854922279822,0.031088082901554515,-0.01586787564766834
GAS,2015-12-25,-0.5,1.0,neg,-0.01838831800973495,-0.026500811249323908,-0.026500811249323908,-0.034613304488912755,-0.06652244456462941
GAS,2018-02-06,0.6666666666666666,1.0,pos,0.04961448206503527,-0.007542742205832953,-0.07626550452564529,0.030506201810258204,0.08313778075762679
GAS,2018-05-24,0.0,1.0,neu,-0.06875064897881272,-0.08221212658519435,-0.1057076773092859,-0.125558085617289,-0.12011173184357538
GAS,2019-03-27,0.0,1.0,neu,0.014436141304347672,0.010360054347826164,0.03600543478260865,0.044327445652173836,0.08237092391304346
GAS,2019-04-09,-0.5,1.0,neg,0.0018864958339883664,0.0,0.014305926741078334,0.017135670492061106,0.06854268196824398
GAS,2019-10-22,0.0,1.0,neu,-0.0019096117122852085,0.009866327180140022,0.010821133036282626,0.007956715467854814,0.055219605346912726
GAS,2020-03-03,0.5,1.0,pos,-0.023799919322307406,-0.023799919322307406,-0.031262605889471495,-0.125558085617289,-0.15920000000000004
GAS,2020-04-08,0.0,1.0,neu,0.06845084920226463,0.06999485331960886,0.08440555841482245,0.062017498713329955,0.01260936695831183
GAS,2020-04-22,0.0,1.0,neu,0.02541296060991116,0.02541296060991116,0.011181702668360716,-0.001524777636594754,0.09606099110546373
GAS,2020-04-27,0.0,1.0,neu,-0.021864790148278357,-0.01256597134958537,-0.006282985674792685,0.06835888414174418,0.1276702689117868
GAS,2020-06-05,0.5,1.0,pos,0.025984911986588477,0.018231349538977426,0.01299245599329435,-0.031223805532271665,-0.05720871751885992
GAS,2020-07-27,0.6666666666666666,1.0,pos,0.05936073059360725,-0.007930785868781487,0.02331170391732762,0.04998798365777457,0.10141792838260022
GAS,2020-10-27,0.6666666666666666,1.0,pos,-0.00149540696432382,-0.013885921811578883,-0.02221747489852599,-0.024994659260841767,0.0027771843623156656
GAS,2020-11-09,0.6666666666666666,1.0,pos,0.011202068074105842,0.025204653166738478,0.028005170185264827,0.015295131408875395,0.16932356742783283
GAS,2020-11-27,0.0,1.0,neu,0.0,0.0,0.006079587324981484,0.02394988946204868,0.03113485630066326
GAS,2021-01-27,0.0,1.0,neu,-0.06875064897881272,-0.034267912772585674,-0.048091900311526437,0.012655763239875384,0.09988317757009346
GAS,2021-02-02,0.5,1.0,pos,0.0458475769153428,0.05891815805348877,0.06153227428111818,0.06273878946310085,0.1687110396139151
GAS,2021-03-09,0.5,1.0,pos,-0.018059431948776794,-0.010671482515186348,-0.027745854539484416,-0.03628304055163345,-0.020193728451814108
GAS,2021-04-20,0.0,1.0,neu,-0.02499563013459183,-0.02272330012235635,-0.07393812270582067,-0.06939346268134938,-0.045446600244712476
GAS,2021-05-05,0.0,1.0,neu,-0.007016912558474253,-0.017452320978769365,0.005937387549478146,0.01061532925512787,-0.04551997121266649
GAS,2021-05-27,0.6666666666666666,1.0,pos,0.023814096408680596,0.03130401382754,0.044939504513155315,0.10236220472440949,0.07489917418859227
GAS,2021-06-15,0.0,1.0,neu,0.0360735345126606,0.05861949358307328,0.04509191814082558,0.06989247311827951,0.08168574401664941
GAS,2021-06-23,0.0,1.0,neu,0.020314547837483543,0.043741808650065606,0.043741808650065606,0.02178899082568808,0.005242463958060384
GAS,2021-07-26,0.0,1.0,neu,0.007936507936507908,0.008949679162445046,0.013508949679162496,0.058763931104356626,0.05319148936170204
GAS,2021-07-29,0.5,1.0,pos,0.0011662779073642326,0.044651782739086876,0.039153615461512636,0.04798400533155611,0.055814728423858595
GAS,2021-08-27,0.5,1.0,pos,0.005827905382241871,0.027596846074734227,0.018512170037709996,0.019540623928693712,0.023140212547137384
GAS,2021-10-07,0.0,1.0,neu,0.012627619559376635,0.013567974207415512,0.009000537345513093,0.002686727565824887,0.010746910263299325
GAS,2021-12-16,0.6666666666666666,1.0,pos,0.004083484573502716,-0.019207501512401803,-0.04658197217180893,-0.034482758620689724,-0.01618269812462203
GAS,2022-03-16,0.5,1.0,pos,-0.029222996039874327,-0.0027311211252218914,0.04397105011607261,0.02840365970230785,0.008329919431926847
GAS,2022-05-04,0.5,1.0,pos,0.012978047770261014,0.016567720557779664,-0.028717382300152083,0.008283860278889943,-0.027750931934281464
GAS,2022-05-23,0.3888888888888888,3.0,pos,0.022187004754358197,0.047399510157037916,0.03961965134706813,0.06281515631753343,0.24279989446529096
GAS,2022-06-03,0.5,1.0,pos,0.045863849201584816,0.04670428622883893,0.03781966622643762,-0.04430303757954146,0.07888101812942727
GAS,2022-06-21,0.0,1.0,neu,-0.06875064897881272,-0.022585475418018475,-0.046044422261043105,-0.02932368355378079,-0.1146743199401048
GAS,2022-08-04,0.6666666666666666,1.0,pos,0.00452789985350921,0.018377946464242845,0.027433746171261264,0.036622719403382575,0.04314822213343983
GAS,2022-08-18,0.5,1.0,pos,0.016596450912804706,0.010468530575769242,0.028979956593897516,0.024511681348142522,0.023745691306013006
GAS,2022-08-22,0.6666666666666666,1.0,pos,0.01831964624131377,0.02097283638660774,0.013897662665824262,0.022615287428932263,-0.025268477574226123
GAS,2022-09-15,0.0,1.0,neu,-0.00714100233705528,-0.03401713840560883,-0.02414957153985975,-0.00714100233705528,-0.060893274474162484
GAS,2022-10-13,0.0,1.0,neu,0.016666666666666607,0.03239247311827942,0.0278225806451613,0.026881720430107503,0.0185483870967742
GAS,2022-11-07,0.5,1.0,pos,0.01337276584801339,0.03111739745403108,0.004500450045004545,0.007972225794008025,-0.014144271570014078
GAS,2022-12-28,0.5,1.0,pos,-0.0038054968287526414,-0.014517265680056402,0.019450317124735772,0.03495419309372805,0.019450317124735772
GAS,2023-04-13,0.0,1.0,neu,-0.019015822325446408,-0.028015677166497444,-0.03208012773987512,-0.04006386993758171,-0.07809551458847441
GAS,2023-04-18,0.0,1.0,neu,-0.012297540491901682,-0.008248350329934206,-0.014397120575884936,-0.04949010197960413,-0.0505398920215957
GAS,2023-05-26,0.0,1.0,neu,0.0010844306738964082,-0.008520526723470145,-0.009604957397366332,-0.018125484120836477,0.0
GAS,2023-06-09,0.6666666666666666,1.0,pos,0.0021688613477923724,0.0030983733539891034,0.009604957397366443,0.019209914794732885,0.015956622773044105
GAS,2023-08-15,0.6666666666666666,1.0,pos,-0.001879699248120259,-0.003903990746095931,-0.027906304222093614,-0.0010121457489877805,0.031087333718912813
GAS,2023-08-16,0.6666666666666666,1.0,pos,-0.0020281037230189813,-0.026075619295958252,-0.0110097059249602,0.016949152542372836,0.02679994205417935
GAS,2023-08-25,0.6666666666666666,1.0,pos,0.017752326413743802,0.020901932712956484,0.014745884037222545,0.017752326413743802,0.0495347172512528
GAS,2023-09-13,0.6666666666666666,1.0,pos,0.0037145131334572756,0.037808437251260374,0.032104006367736915,0.032104006367736915,0.010214911117007341
GAS,2023-11-10,0.5,1.0,pos,0.0038569945112001403,0.005192107995846351,0.017801513128615998,0.0,-0.015131286159323465
GAS,2023-12-13,0.0,1.0,neu,0.0,-0.011689691817215908,-0.01821770153332325,-0.022013056019432264,-0.0077425231516624615
GAS,2023-12-19,0.6666666666666666,1.0,pos,0.0028019925280200475,-0.003891656288916412,-0.003891656288916412,0.018679950186799577,0.013387297633872919
GAS,2023-12-21,0.0,1.0,neu,0.0,0.02406626035318027,0.02265979059228007,0.01734646038443488,0.033442725425847586
GAS,2023-12-26,0.0,1.0,neu,-0.0012224938875304847,-0.005195599022004949,-0.011766503667481554,-0.005195599022004949,-0.011766503667481554
GAS,2024-03-07,0.0,1.0,neu,-0.011180484971685889,-0.03237984608683031,-0.03107303615507484,0.007405256279947592,0.007405256279947592
GAS,2024-04-23,0.0,1.0,neu,0.005349276274386305,-0.0026746381371932637,-0.009439899307740696,0.0,0.017463813719320376
GAS,2024-05-07,0.5,1.0,pos,0.014381884944920431,-0.002600979192166508,-0.010556915544675638,-0.014381884944920431,0.005201958384333016
GAS,2024-05-30,0.5,1.0,pos,-0.012379444364473913,-0.008636821649632864,-0.0037426227148410485,-0.009932344897077838,-0.011083921117028828
GAS,2024-06-05,0.0,1.0,neu,-0.0037659327925840813,-0.0037659327925840813,-0.0037659327925840813,-0.0024623406720741814,-0.02983777520278108
GAS,2024-06-06,0.6666666666666666,1.0,pos,0.0,0.0,0.0,-0.0011631288165163678,-0.028642047106717028
GAS,2024-08-14,0.0,1.0,neu,-0.009823462414578543,0.0072608200455581695,0.030466970387243775,0.03658883826879289,0.02192482915717542
GAS,2024-08-29,0.6666666666666666,1.0,pos,-0.0012597984322508804,0.006019036954087342,-0.0012597984322508804,0.015537513997760266,-0.043393057110862165
GAS,2024-09-04,0.0,1.0,neu,-0.007235285932934654,0.0023653819396132203,0.00946152775845266,-0.0036176429664672716,-0.04257687491303741
GAS,2024-09-19,0.0,1.0,neu,-0.004052684903748771,-0.005500072369373443,0.004052684903748771,0.008250108554059832,-0.012302793457808825
GAS,2024-11-12,0.6666666666666666,1.0,pos,-0.004261796042618005,-0.011415525114155223,-0.017199391171994094,-0.027245053272450637,-0.0028919330289193246
GAS,2024-11-13,0.0,1.0,neu,-0.007184347294405313,-0.012992968511158831,-0.007184347294405313,-0.027361663099969458,-0.0029043106083765924
GAS,2025-04-29,0.6666666666666666,1.0,pos,0.0034620991253644373,0.02223032069970854,0.03771865889212833,0.04792274052478129,0.05994897959183665
GAS,2025-05-16,0.0,1.0,neu,-0.01770672167784082,-0.020973010142685267,-0.024239298607529713,0.019425820869864108,0.05174488567990365
GAS,2025-06-27,0.0,1.0,neu,-0.002968286205280446,-0.023590064052491866,-0.023590064052491866,-0.023590064052491866,-0.0015622558975161294
GAS,2025-08-07,0.5,1.0,pos,0.0159901599015988,0.01891143911439097,0.020295202952029356,0.008763837638376293,0.0029212792127921716
GAS,2025-08-18,0.5,1.0,pos,-0.0013659128851115643,-0.02428289573531639,-0.01001669449081799,-0.01851570799817881,-0.03171953255425719
GAS,2025-08-28,0.5,1.0,pos,-0.016949152542373058,-0.016949152542373058,-0.01078582434514641,-0.035439137134052445,-0.026194144838212696
GAS,2025-09-22,0.6666666666666666,1.0,pos,-0.003236245954692518,-0.003236245954692518,0.0016181229773462036,-0.004854368932038833,-0.016181229773462813
GAS,2025-10-31,0.0,1.0,neu,-0.0016233766233766378,-0.017857142857142905,0.022727272727272707,0.02110389610389607,0.01948051948051943
GAS,2025-11-10,0.0,1.0,neu,-0.0016339869281045694,0.011437908496731986,0.02777777777777768,0.02941176470588225,-0.0032679738562092497
GAS,2025-12-01,0.5,1.0,pos,0.010703363914372988,-0.013761467889908396,-0.006116207951070374,0.0,-0.050458715596330306
GAS,2025-12-19,0.6666666666666666,1.0,pos,0.020312499999999956,0.020312499999999956,0.03281249999999991,0.1015625,0.24279989446529096
GAS,2025-12-23,0.6666666666666666,1.0,pos,0.012251148545176171,0.059724349157733725,0.07963246554364467,0.1355080412065514,0.24279989446529096
GAS,2025-12-31,0.0,1.0,neu,0.06858784744334459,0.09127016201782547,0.1214822794254802,0.1355080412065514,0.24279989446529096
GAS,2026-02-10,0.0,1.0,neu,-0.05292479108635095,-0.058495821727019504,-0.056638811513463394,0.02599814298978642,0.14577530176415965
GAS,2026-02-24,0.6666666666666666,1.0,pos,-0.004524886877828038,-0.040723981900452455,-0.0235294117647058,0.11674208144796383,-0.12217194570135748
GAS,2026-03-16,0.0,1.0,neu,-0.017064846416382284,0.04323094425483509,0.0022753128555175195,-0.08418657565415255,-0.08077360637087605
GAS,2026-04-14,0.6666666666666666,1.0,pos,-0.0012610340479192184,-0.01134930643127352,0.010088272383354413,-0.007566204287515643,-0.05170239596469095
GAS,2026-05-18,0.0,1.0,neu,-0.06875064897881272,-0.03548387096774186,-0.06129032258064515,-0.11827956989247312,-0.09462365591397848
GAS,2026-05-25,0.0,1.0,neu,0.0060975609756097615,-0.0060975609756097615,-0.003658536585365857,0.02682926829268295,0.023170731707317094
GAS,2026-05-27,0.0,1.0,neu,0.0024539877300613355,0.07239263803680984,0.03312883435582825,0.036809815950920255,
GVR,2020-10-28,0.6666666666666666,1.0,pos,0.021897810218977964,0.05596107055961075,0.08921330089213297,0.1355080412065514,0.21573398215733985
GVR,2021-03-17,0.5,1.0,pos,0.03367496339677878,0.009882869692532825,0.0,-0.052342606149341164,-0.06405563689604687
GVR,2021-03-19,0.0,1.0,neu,-0.00978615440376951,-0.021384559623051858,-0.06161652772743742,-0.0898876404494382,-0.05654222544400145
GVR,2021-06-18,0.0,1.0,neu,0.0,-0.00409706901985496,-0.028994642294358663,0.013236684525685494,0.04947998739363357
GVR,2021-06-25,0.5,1.0,pos,0.03856920684292375,0.021461897356143123,0.0012441679626749025,0.035769828926905056,-0.09580093312597193
GVR,2021-09-23,0.6666666666666666,1.0,pos,-0.005552308591466937,-0.04295733489187603,-0.03769725306838101,-0.03506721215663344,0.02688486265341905
GVR,2022-05-20,0.6666666666666666,1.0,pos,0.0,0.01896162528216716,0.06952595936794603,0.0758465011286682,0.055079006772009054
GVR,2022-08-08,0.0,1.0,neu,0.0059676044330776445,-0.002131287297527762,-0.01577152600170506,-0.009803921568627416,-0.05754475703324813
GVR,2022-08-09,0.0,1.0,neu,-0.008050847457627186,-0.0216101694915255,-0.015677966101694918,-0.017796610169491633,-0.05127118644067796
GVR,2023-04-04,0.6666666666666666,1.0,pos,0.015676028739386005,-0.022207707380796804,-0.003265839320705455,0.018288700195950414,-0.028739386022207825
GVR,2023-06-20,0.6666666666666666,1.0,pos,0.03713968957871416,0.029379157427938063,0.010532150776053184,0.04268292682926833,0.07982261640798227
GVR,2023-09-15,0.6666666666666666,1.0,pos,-0.019824804057169243,-0.013370216689718939,0.022130013831258566,-0.03319502074688807,-0.13739050253573082
GVR,2024-03-12,0.6666666666666666,1.0,pos,0.022027858762552643,0.03790087463556846,0.09491415613864573,0.030126336248785135,0.07256235827664392
GVR,2024-03-20,0.0,1.0,neu,0.013732833957553092,0.013732833957553092,-0.027465667915106073,0.018414481897628177,0.04431960049937578
GVR,2024-06-17,0.6666666666666666,1.0,pos,0.017802332719459635,0.007366482504604033,0.01933701657458564,-0.010435850214855602,0.028545119705340793
GVR,2024-06-27,0.0,1.0,neu,-0.05004264998578345,-0.04719931760022755,-0.03895365368211556,-0.027864657378447677,0.026158657947114028
GVR,2024-09-12,0.0,1.0,neu,0.001481481481481417,0.010074074074074124,0.03051851851851861,0.033185185185185206,0.053629629629629694
GVR,2025-02-20,0.6666666666666666,1.0,pos,0.0015678896205706394,0.003135779241141279,-0.007525870178739513,0.01097522734399492,0.05111320163060529
GVR,2025-05-26,0.5,1.0,pos,0.01933895921237694,0.02777777777777768,0.01933895921237694,0.015822784810126667,-0.039732770745429025
GVR,2025-06-18,0.0,1.0,neu,0.031129765652325947,0.006995452955578907,0.027632039174536605,0.062259531304652116,0.07764952780692536
GVR,2025-08-05,0.0,1.0,neu,0.009820521503555613,0.038266169996613586,0.021672875042329842,0.0833051134439553,0.05655265831357936
GVR,2025-09-16,0.6666666666666666,1.0,pos,-0.018601446779194064,-0.022046159145711397,-0.028591112642094463,-0.04581467447468146,-0.0592490527040993
GVR,2026-03-13,0.0,1.0,neu,-0.027941176470588358,-0.020588235294117685,0.0,-0.09558823529411764,-0.05588235294117638
GVR,2026-05-21,0.0,1.0,neu,-0.024861878453038777,-0.05248618784530401,-0.029005524861878573,-0.05110497237569067,-0.023480662983425438
HDB,2018-03-06,0.5,1.0,pos,-0.015795868772782606,-0.015795868772782606,-0.015795868772782606,-0.020656136087484844,0.018226002430133725
HDB,2018-06-12,0.0,1.0,neu,0.0025673940949935137,-0.04107830551989733,-0.04364569961489084,-0.1001283697047497,-0.06675224646983313
HDB,2019-04-02,0.0,1.0,neu,-0.019332161687170557,0.014059753954305698,0.01581722319859402,-0.0017574692442883233,-0.010544815465729385
HDB,2019-05-31,0.0,1.0,neu,-0.020408163265306034,-0.02597402597402587,-0.014842300556586308,-0.014842300556586308,-0.02597402597402587
HDB,2019-06-05,0.0,1.0,neu,-0.0037664783427494575,0.0,-0.0037664783427494575,-0.0037664783427494575,-0.024482109227871973
HDB,2020-03-20,0.5,1.0,pos,-0.06875064897881272,-0.08221212658519435,-0.048426150121065326,-0.125558085617289,-0.01937046004842613
HDB,2020-05-19,0.6666666666666666,2.0,pos,-0.004301075268817289,0.06451612903225801,0.015053763440860068,0.034408602150537426,0.13118279569892466
HDB,2020-06-18,0.0,1.0,neu,0.009541984732824416,-0.001908396946564861,-0.001908396946564861,-0.03053435114503822,-0.06870229007633588
HDB,2020-08-04,0.6666666666666666,1.0,pos,0.03490759753593431,0.05338809034907599,0.05544147843942504,0.08213552361396292,0.11088295687885008
HDB,2020-10-30,0.0,1.0,neu,0.008051529790660261,0.006441223832528209,0.041867954911433136,0.0370370370370372,0.0692431561996778
HDB,2020-11-06,0.6666666666666666,1.0,pos,0.013975155279503104,0.017080745341614856,0.02795031055900621,0.03105590062111796,0.02795031055900621
HDB,2020-11-19,0.5,1.0,pos,0.013782542113323082,0.012251148545176171,0.004594180704440953,0.003062787136294043,0.08728943338437967
HDB,2020-12-04,0.6666666666666666,1.0,pos,0.007072135785006983,0.022630834512022746,0.043847241867043696,0.02545968882602545,0.09193776520509189
HDB,2021-12-22,0.6666666666666666,1.0,pos,-0.0369718309859155,0.029049295774647987,0.03080985915492973,0.096830985915493,0.09330985915492973
HDB,2022-03-15,0.6666666666666666,1.0,pos,-0.0018050541516244634,0.010830324909747224,0.014440433212996373,0.04061371841155226,0.012635379061371799
HDB,2022-10-27,0.0,1.0,neu,-0.005917159763313529,-0.011834319526627168,0.0,-0.035502958579881505,-0.1207100591715976
HDB,2022-12-21,0.5,1.0,pos,0.0035087719298245723,0.012865497076023358,-0.03274853801169608,-0.03508771929824572,-0.023391812865497186
HDB,2023-03-22,0.0,1.0,neu,0.0,0.022246941045606095,0.031145717463848754,0.025583982202447286,0.11568409343715236
HDB,2023-08-08,0.0,1.0,neu,-0.0028011204481793728,-0.008403361344538007,-0.017740429505135547,-0.017740429505135547,-0.055088702147525814
HDB,2023-09-05,0.6666666666666666,1.0,pos,0.006635071090047351,0.012322274881516382,0.01516587677725112,0.018009478672985635,0.035071090047393394
HDB,2023-11-13,0.0,1.0,neu,-0.002586206896551646,0.005172413793103514,0.008620689655172376,-0.005172413793103514,-0.03706896551724137
HDB,2023-11-14,0.6666666666666666,1.0,pos,0.007778738115816752,0.01123595505617958,-0.012964563526361328,-0.002592912705272399,-0.03716508210890235
HDB,2024-02-07,0.6666666666666666,1.0,pos,0.004817618719889838,-0.010323468685478177,-0.008258774948382563,-0.002064693737095613,-0.014452856159669625
HDB,2024-03-13,0.5,1.0,pos,-0.007012622720897643,-0.004207573632538653,-0.035063113604488105,-0.021739130434782594,0.04488078541374474
HDB,2024-03-22,0.5,1.0,pos,-0.010891763104152519,0.017018379850238352,0.014295439074200278,0.012253233492171445,-0.019060585432266852
HDB,2024-04-24,0.5,1.0,pos,0.005065123010130179,0.05426917510853846,0.05643994211287984,0.08538350217076696,0.03835021707670028
HDB,2024-06-26,0.6666666666666666,1.0,pos,0.010706638115631772,0.013561741613133504,0.017844396859386213,0.07922912205567445,0.09921484653818702
HDB,2024-08-09,0.6666666666666666,1.0,pos,0.0018303843807199183,0.017083587553386348,0.015253203172666208,0.06040268456375819,0.06223306894447833
HDB,2024-08-13,0.0,1.0,neu,-0.001799640071985631,0.007798440311937549,0.04259148170365901,0.03299340131973594,0.04439112177564475
HDB,2024-09-18,0.5,1.0,pos,0.005244755244755206,0.012820512820512775,0.011072261072261114,0.020396270396270566,0.03146853146853146
HDB,2025-09-16,0.5,1.0,pos,-0.012841756420878259,-0.019469759734879855,-0.03521126760563387,-0.08326429163214588,-0.009942004971002616
HDB,2025-11-11,0.6666666666666666,1.0,pos,0.013584574934268234,0.0118317265556529,0.00876424189307623,0.02892199824715158,0.07449605609114807
HDB,2025-11-20,0.0,1.0,neu,-0.01876019575856447,-0.022022838499184294,0.0,0.006525285481239873,0.03629690048939649
HDB,2025-11-21,0.5,1.0,pos,-0.0033250207813798616,0.019118869492934287,0.035328345802161376,0.025768911055694232,0.05610972568578565
HDB,2025-12-08,0.0,1.0,neu,-0.038019801980198054,-0.018217821782178234,-0.030495049504950522,-0.08396039603960403,0.06930693069306937
HDB,2026-01-13,0.6666666666666666,1.0,pos,-0.02811950790861162,0.03866432337434089,0.0,0.017574692442882345,0.019332161687170446
HDB,2026-02-04,0.0,1.0,neu,0.0,-0.038112522686025385,-0.02722323049001818,0.00907441016333932,0.03266787658802173
HDB,2026-03-19,0.6666666666666666,1.0,pos,-0.025341130604288442,-0.05263157894736836,-0.05263157894736836,-0.04288499025341119,-0.0019493177387913674
HDB,2026-03-25,0.6666666666666666,1.0,pos,-0.014056224899598346,0.016064257028112428,0.012048192771084265,0.028112449799196915,0.05823293172690769
HDB,2026-04-07,0.5,1.0,pos,0.04980079681274896,0.03784860557768921,0.041832669322709126,0.03984063745019917,0.06374501992031867
HDB,2026-04-24,0.0,1.0,neu,-0.011152416356877248,-0.011152416356877248,-0.014869888475836368,-0.011152416356877248,0.029739776951672958
HDB,2026-05-04,0.0,2.0,neu,-0.0037735849056603765,0.0037735849056603765,0.037735849056603765,0.015094339622641506,0.035849056603773466
HDB,2026-05-28,0.6666666666666666,1.0,pos,0.0019342359767891004,-0.003868471953578423,-0.03675048355899435,-0.01547388781431347,
HDB,2026-06-05,0.5,1.0,pos,-0.015686274509803866,-0.015686274509803866,,,
HPG,2010-09-28,0.0,1.0,neu,0.0,0.0,0.0,0.023809523809523725,0.015873015873015817
HPG,2011-06-06,0.0,1.0,neu,0.04347826086956519,0.01739130434782621,0.01739130434782621,0.008695652173912993,-0.060869565217391175
HPG,2011-07-11,0.0,1.0,neu,-0.02941176470588236,-0.009803921568627416,-0.009803921568627416,-0.02941176470588236,-0.019607843137254943
HPG,2011-08-30,0.0,1.0,neu,0.0,0.010000000000000009,0.020000000000000018,0.030000000000000027,0.0
HPG,2011-09-07,0.0,1.0,neu,0.01941747572815533,0.029126213592232997,0.0,-0.029126213592232997,-0.06796116504854377
HPG,2011-12-12,0.0,1.0,neu,-0.015151515151515138,0.0,0.015151515151515138,0.015151515151515138,-0.10606060606060619
HPG,2011-12-13,0.0,1.0,neu,0.01538461538461533,0.030769230769230882,0.06153846153846132,0.01538461538461533,-0.1384615384615384
HPG,2012-09-18,0.5,1.0,pos,0.024691358024691246,-0.024691358024691357,0.024691358024691246,-0.06172839506172845,-0.06172839506172845
HPG,2013-07-16,0.5,1.0,pos,0.0,0.021428571428571352,0.03571428571428581,0.06428571428571428,0.03571428571428581
HPG,2013-10-23,0.5,2.0,pos,0.0,0.0,-0.005555555555555536,0.0,0.0277777777777779
HPG,2013-10-25,0.0,1.0,neu,-0.005555555555555536,-0.005555555555555536,0.0,0.011111111111111072,0.03333333333333344
HPG,2013-11-22,0.0,1.0,neu,0.005154639175257714,0.02577319587628879,0.015463917525773141,0.020618556701030855,0.005154639175257714
HPG,2013-12-09,-0.25,1.0,neg,0.0,-0.00520833333333337,-0.01041666666666663,-0.02083333333333337,0.015625
HPG,2014-08-01,0.5,1.0,pos,-0.009146341463414531,0.0060975609756097615,0.0060975609756097615,-0.009146341463414531,0.0060975609756097615
HPG,2014-08-18,0.0,1.0,neu,0.015243902439024515,0.015243902439024515,0.0335365853658538,0.060975609756097615,0.051829268292683084
HPG,2014-10-30,0.0,1.0,neu,0.009493670886075778,0.03797468354430378,0.028481012658227778,0.009493670886075778,0.053797468354430444
HPG,2014-12-31,0.6666666666666666,1.0,pos,0.0,0.009771986970684043,0.0,0.019543973941368087,0.0
HPG,2015-06-02,-0.5,1.0,neg,-0.02564102564102566,-0.02136752136752129,-0.038461538461538436,0.025641025641025772,0.09829059829059839
HPG,2017-02-21,0.5,1.0,pos,-0.049327354260089606,-0.03811659192825112,-0.04260089686098667,-0.053811659192825156,-0.024663677130044914
HPG,2017-02-22,0.0,1.0,neu,0.011792452830188704,0.007075471698112956,0.002358490566037652,0.018867924528301883,0.02594339622641506
HPG,2017-07-25,0.5,1.0,pos,0.025878003696857554,0.014787430683918634,0.014787430683918634,0.022181146025878062,0.009242144177449063
HPG,2018-01-08,0.6666666666666666,1.0,pos,0.06858784744334459,0.044205495818399276,0.044205495818399276,0.10394265232974931,0.24279989446529096
HPG,2018-02-28,0.5,1.0,pos,0.010752688172043001,0.0044802867383513245,-0.06451612903225812,-0.07437275985663083,-0.06362007168458794
HPG,2018-05-11,0.6666666666666666,1.0,pos,0.002123142250530785,-0.005307855626327074,-0.030785562632696273,-0.03184713375796189,-0.06475583864118895
HPG,2018-07-31,0.0,1.0,neu,0.006787330316742057,-0.002262443438914019,-0.02714932126696834,-0.03167420814479627,0.03167420814479627
HPG,2018-08-10,0.5,1.0,pos,0.035388127853881235,0.041095890410958846,0.013698630136986356,0.019406392694063967,0.0365296803652968
HPG,2018-10-09,0.0,1.0,neu,0.009268795056642576,-0.026776519052523318,-0.005149330587023715,-0.006179196704428458,-0.037075180226570636
HPG,2019-04-08,0.5,1.0,pos,-0.009126466753585416,-0.01303780964797907,-0.01303780964797907,-0.019556714471968717,-0.01564537157757495
HPG,2019-07-29,0.6666666666666666,1.0,pos,-0.026470588235294024,0.020588235294117796,0.0235294117647058,0.002941176470588225,0.0691176470588235
HPG,2019-08-07,0.6666666666666666,1.0,pos,0.05441176470588238,0.04558823529411771,0.0691176470588235,0.061764705882352944,0.050000000000000044
HPG,2019-08-26,0.0,1.0,neu,-0.017094017094017033,-0.024216524216524205,-0.028490028490028352,-0.05128205128205121,-0.06552706552706555
HPG,2019-10-08,0.5,1.0,pos,0.0,-0.017804154302670683,-0.017804154302670683,-0.02522255192878342,-0.013353115727002929
HPG,2019-11-04,0.0,1.0,neu,0.005970149253731405,0.010447761194029681,0.0432835820895523,0.04776119402985057,0.052238805970149294
HPG,2019-11-19,0.5,1.0,pos,-0.017094017094017033,-0.035612535612535634,-0.031339031339031265,-0.00712250712250706,0.028490028490028463
HPG,2019-12-04,0.0,1.0,neu,-0.015235457063711877,0.016620498614958512,0.03185595567867039,0.040166204986149534,-0.03878116343490301
HPG,2019-12-23,0.5,1.0,pos,0.005633802816901401,0.004225352112676051,-0.0028169014084505895,0.025352112676056526,0.028169014084507005
HPG,2019-12-26,0.0,1.0,neu,0.024011299435028333,0.02824858757062154,0.021186440677966045,0.04943502824858759,0.05225988700564965
HPG,2019-12-27,0.0,1.0,neu,0.0041379310344829,-0.0027586206896551557,0.0193103448275862,0.0193103448275862,0.030344827586206824
HPG,2020-01-31,0.5,1.0,pos,0.018867924528301883,0.020215633423180668,0.014824797843665749,0.010781671159029615,-0.016172506738544534
HPG,2020-02-12,0.0,1.0,neu,-0.004092769440654842,-0.004092769440654842,-0.0027285129604366354,-0.023192360163710735,-0.04502046384720326
HPG,2020-02-26,0.5,1.0,pos,0.008571428571428452,-0.017142857142857126,-0.019999999999999907,-0.017142857142857126,-0.09571428571428575
HPG,2020-03-03,0.0,1.0,neu,0.002915451895043608,0.002915451895043608,0.005830903790087438,-0.029154518950437303,-0.13848396501457727
HPG,2020-03-04,0.0,1.0,neu,0.0,0.0029069767441860517,-0.06686046511627908,-0.0799418604651162,-0.1191860465116279
HPG,2020-03-13,0.5,1.0,pos,0.0034129692832762792,0.008532423208191142,0.03412969283276435,-0.022184300341296925,-0.14846416382252559
HPG,2020-04-15,0.0,1.0,neu,0.00646203554119551,0.029079159935379684,0.0549273021001615,0.03392568659127626,0.06946688206785123
HPG,2020-04-29,0.0,1.0,neu,-0.024169184290030232,-0.004531722054380682,0.031722054380664666,0.08761329305135956,0.09214501510574014
HPG,2020-05-04,0.5,1.0,pos,0.020123839009287936,0.05727554179566563,0.1214822794254802,0.1355080412065514,0.1965944272445821
HPG,2020-05-21,0.6666666666666666,2.0,pos,0.028186274509804043,0.02941176470588247,0.07107843137254899,0.025735294117646967,0.003676470588235281
HPG,2020-05-29,0.5,1.0,pos,0.009489916963226541,-0.011862396204033177,-0.015421115065243018,-0.011862396204033177,-0.03202846975088958
HPG,2020-07-30,0.75,1.0,pos,-0.018028846153846145,0.03605769230769207,0.03966346153846145,0.08774038461538458,0.10817307692307687
HPG,2020-08-17,0.0,1.0,neu,-0.005470459518599591,-0.001094091903719896,-0.007658643326039383,0.020787746170678245,0.010940919037199182
HPG,2020-08-18,0.5,1.0,pos,0.004400440044004528,-0.002200220022002153,0.007700770077007757,0.01650165016501659,0.0264026402640265
HPG,2020-09-17,0.5,2.0,pos,0.011506276150627492,0.011506276150627492,0.0052301255230124966,0.009414225941422494,0.06276150627615062
HPG,2020-09-21,0.6666666666666666,1.0,pos,-0.006204756980351611,0.004136504653567741,-0.0020682523267838704,0.026887280248190315,0.06411582213029976
HPG,2020-10-15,0.6666666666666666,1.0,pos,0.0018298261665141702,-0.005489478499542622,0.010064043915827936,0.01921317474839901,0.05306495882891116
HPG,2020-10-16,0.75,1.0,pos,-0.007305936073059405,0.008219178082191858,0.0,0.06210045662100461,0.05022831050228316
HPG,2021-02-18,0.6666666666666666,1.0,pos,-0.009090909090909038,-0.01030303030303037,-0.01272727272727281,0.006666666666666599,0.046666666666666634
HPG,2021-03-08,0.0,1.0,neu,-0.009758897818599399,-0.014925373134328401,0.0022962112514350874,0.004592422502870175,0.009758897818599177
HPG,2021-03-12,0.0,1.0,neu,0.0011441647597254523,-0.007437070938214996,-0.003432494279176135,0.014874141876429992,-0.005720823798627039
HPG,2021-03-22,0.6666666666666666,2.0,pos,-0.002842524161455362,-0.027856736782262526,-0.03752131893121091,-0.009664582148948164,0.054576463899943306
HPG,2021-04-13,0.75,1.0,pos,0.0578249336870027,0.08806366047745362,0.0901856763925728,0.1355080412065514,0.11777188328912458
HPG,2021-04-22,0.1666666666666666,3.0,neu,0.02512077294685988,0.0014492753623189802,0.023671497584541124,0.05603864734299524,0.1454106280193237
HPG,2021-04-23,0.0,1.0,neu,-0.02309142318567381,-0.001413760603204417,-0.007068803016022529,0.06032045240339312,0.0994344957587181
HPG,2021-05-07,0.5,1.0,pos,0.03627622377622375,0.019667832167832078,0.031031468531468542,0.009615384615384803,0.07867132867132876
HPG,2021-05-25,0.75,1.0,pos,0.005914826498422787,-0.008675078864353258,-0.004337539432176629,0.12026813880126186,0.009069400630914881
HPG,2021-06-25,0.0,1.0,neu,0.03352601156069368,0.02157996146435459,0.01579961464354529,0.03159922928709058,-0.06705202312138725
HPG,2021-08-02,0.5,1.0,pos,0.0,0.005376344086021501,0.033085194375517046,0.052109181141439365,0.04673283705541764
HPG,2021-08-05,0.6666666666666666,1.0,pos,-0.008406725380304292,0.018414731785428406,0.012009607686148893,-0.008406725380304292,0.04283426741393126
HPG,2021-08-18,0.5833333333333333,2.0,pos,0.009689922480620172,-0.027906976744186185,-0.05775193798449618,-0.03992248062015513,-0.024031007751938005
HPG,2022-01-28,0.0,1.0,neu,0.019907407407407485,0.07916666666666661,0.12083333333333335,0.11712962962962958,0.1148148148148147
HPG,2022-02-23,0.6666666666666666,1.0,pos,-0.015062761506276168,-0.017154811715481166,0.01087866108786617,0.004184100418409997,0.0673640167364018
HPG,2022-03-03,0.5,1.0,pos,-0.0058502340093604666,0.019890795631825275,-0.012870514820592871,-0.018720748829953227,-0.08268330733229334
HPG,2022-03-23,0.6666666666666666,1.0,pos,-0.008350730688935215,-0.008350730688935215,-0.019206680584551217,-0.027557411273486432,0.009603340292275497
HPG,2022-05-10,0.5,1.0,pos,-0.01093155893536124,-0.06939163498098866,-0.1057076773092859,-0.07081749049429653,-0.15114068441064643
HPG,2022-05-31,0.6666666666666666,1.0,pos,-0.01013513513513531,-0.044481981981982166,-0.03772522522522537,-0.043355855855855996,-0.12668918918918926
HPG,2022-06-10,0.5,1.0,pos,-0.05348837209302315,-0.08221212658519435,-0.1057076773092859,-0.0877906976744186,-0.14302325581395348
HPG,2022-06-16,0.6666666666666666,1.0,pos,-0.011342155009451793,-0.07939508506616255,-0.1057076773092859,-0.07120352867044732,-0.04977945809703843
HPG,2022-06-28,0.0,1.0,neu,0.011169513797634645,-0.009198423127463884,-0.0045992115637319975,-0.026938239159001287,-0.009198423127463884
HPG,2022-07-27,0.0,1.0,neu,0.00695894224077942,0.011830201809325036,0.0730688935281838,0.11760612386917191,0.12038970076548372
HPG,2022-08-05,0.5,1.0,pos,0.012690355329949332,0.03426395939086291,0.021573604060913798,0.027918781725888353,0.019035532994923887
HPG,2022-08-08,0.6666666666666666,1.0,pos,0.02130325814536338,0.00877192982456143,-0.008145363408521344,0.016917293233082775,-0.0106516290726818
HPG,2022-10-17,0.0,1.0,neu,-0.020737327188940058,-0.044546850998463894,-0.05990783410138245,-0.125558085617289,-0.15920000000000004
HPG,2022-11-01,0.0,1.0,neu,0.02366863905325456,0.01380670611439827,-0.02268244575936884,-0.12327416173570016,-0.15920000000000004
HPG,2022-11-03,0.0,1.0,neu,-0.03599221789883256,-0.08221212658519435,-0.1057076773092859,-0.125558085617289,-0.06225680933852129
HPG,2022-11-07,0.6666666666666666,1.0,pos,-0.04099244875943897,-0.05177993527508096,-0.1057076773092859,-0.11003236245954684,0.09061488673139162
HPG,2022-11-09,0.0,1.0,neu,-0.06875064897881272,-0.05346985210466426,-0.061433447098976024,0.027303754266211566,0.061433447098976135
HPG,2022-11-11,0.5,1.0,pos,-0.008413461538461564,0.015624999999999778,0.08533653846153832,0.1355080412065514,0.24279989446529096
HPG,2022-11-14,0.0,1.0,neu,0.024242424242424176,0.09127016201782547,0.1214822794254802,0.1355080412065514,0.24279989446529096
HPG,2022-11-16,0.6666666666666666,1.0,pos,0.06755260243632355,0.09127016201782547,0.1196013289036546,0.03322259136212624,0.24279989446529096
HPG,2022-11-25,0.6666666666666666,1.0,pos,0.06858784744334459,0.09127016201782547,0.1214822794254802,0.1355080412065514,0.24279989446529096
HPG,2022-12-16,0.0,1.0,neu,-0.019565217391304457,-0.06884057971014501,-0.073913043478261,-0.10072463768115947,-0.11811594202898557
HPG,2023-03-07,0.5,1.0,pos,0.004905395935529189,0.004905395935529189,0.009810791871058155,-0.03784162578836714,-0.03083391730903995
HPG,2023-04-03,0.0,2.0,neu,0.004929577464788837,0.023943661971830954,0.023943661971830954,-0.014084507042253502,-0.007042253521126751
HPG,2023-04-25,0.6666666666666666,1.0,pos,0.04494382022471921,0.030898876404494402,0.028089887640449396,0.018960674157303403,0.061797752808988804
HPG,2023-06-07,0.6666666666666666,1.0,pos,0.009162303664921545,0.013743455497382318,0.015706806282722585,0.022251308900523625,0.08900523560209428
HPG,2023-08-11,0.6666666666666666,1.0,pos,0.016550987720234778,0.00907634810464475,0.00907634810464475,-0.04324612920448467,-0.06300053390282967
HPG,2023-09-06,0.6666666666666666,1.0,pos,-0.011728709841917428,-0.008669046404895409,-0.03416624171341143,-0.020397756246812726,-0.020397756246812726
HPG,2023-09-21,0.5,1.0,pos,-0.039042165538781926,-0.08221212658519435,-0.07756376887038008,-0.06350858927641867,-0.12337324310255082
HPG,2023-10-10,0.6666666666666666,1.0,pos,0.007963594994311762,-0.007394766780432271,-0.009670079635949791,-0.04607508532423199,-0.07679180887372006
HPG,2023-10-11,0.6666666666666666,1.0,pos,-0.015237020316027028,-0.01749435665914212,-0.045711060948081195,-0.08408577878103829,-0.08239277652370192
HPG,2023-10-18,0.0,1.0,neu,-0.012322858903265566,0.014787430683918634,0.0,0.001848428835489857,-0.001848428835489857
HPG,2023-10-31,0.0,1.0,neu,0.041800643086816525,0.09127016201782547,0.09196141479099684,0.12218649517684876,0.1742765273311897
HPG,2023-11-01,0.5,1.0,pos,0.05432098765432092,0.04814814814814827,0.07469135802469151,0.12530864197530867,0.12716049382716066
HPG,2023-12-07,0.5,1.0,pos,0.0032137118371717843,-0.003749330476700563,0.012319228709158914,-0.02035350830208904,-0.014461703267273918
HPG,2023-12-13,0.0,1.0,neu,-0.011351351351351346,-0.020540540540540442,-0.02756756756756762,-0.005405405405405461,0.014594594594594668
HPG,2023-12-18,0.6666666666666666,1.0,pos,0.022790439132851503,0.022790439132851503,0.022790439132851503,0.03168426903835475,0.03168426903835475
HPG,2024-02-01,0.0,1.0,neu,0.0021242697822625445,0.005841741901221553,0.0074349442379182396,0.03080191184280423,0.02549123738714809
HPG,2024-02-22,0.6666666666666666,1.0,pos,-0.005178663904712444,0.008803728638011377,0.06317969963749359,0.08596582081822901,0.08596582081822901
HPG,2024-02-27,0.5833333333333333,2.0,pos,0.007793472966390658,0.021432050657574253,0.016074037993180523,0.02630297126156833,-0.005358012664393508
HPG,2024-03-04,0.0,1.0,neu,0.011521843494959327,0.0,0.00672107537205946,-0.029284685549687883,-0.038886221795487175
HPG,2024-03-20,0.6666666666666666,1.0,pos,0.008378511582060266,0.018235584031542684,0.006407097092163694,0.019714144898965058,-0.0014785608674222628
HPG,2024-03-21,0.6666666666666666,1.0,pos,0.009775171065493637,-0.0019550342130987275,0.009775171065493637,0.009775171065493637,-0.021505376344086113
HPG,2024-04-11,0.0,1.0,neu,0.001978239366963619,-0.046983184965380786,-0.05192878338278917,-0.0702274975272007,-0.04995054401582577
HPG,2024-06-11,0.6666666666666666,1.0,pos,0.017090069284064757,0.01385681293302543,0.0,0.010161662817552042,-0.01385681293302532
HPG,2024-08-02,0.0,1.0,neu,-0.04785397138628511,-0.03453379378391708,-0.04390725209669466,-0.04390725209669466,-0.060680809077454434
HPG,2024-09-05,0.6666666666666666,2.0,pos,0.013948497854077146,0.02145922746781115,0.00375536480686689,0.0016094420600858417,0.007510729613734002
HPG,2024-09-18,0.0,1.0,neu,0.005891805034815123,0.02196036422067471,0.02410283877878938,0.043920728441349643,0.048205677557578985
HPG,2024-10-08,0.6666666666666666,1.0,pos,0.02044887780548632,0.010972568578553554,0.012967581047381493,0.007481296758104605,-0.010972568578553776
HPG,2024-10-17,0.5,1.0,pos,-0.010853478046373932,-0.018253576714356234,-0.021706956092747975,-0.029107054760730167,-0.012826837691169102
HPG,2024-11-05,0.6666666666666666,1.0,pos,0.017250126839167823,0.017250126839167823,0.019279553526128757,0.03805175038051756,-0.03957382039573831
HPG,2024-11-06,0.6666666666666666,1.0,pos,0.0,0.001995012468827939,0.027930174563590926,0.003491271820448949,-0.0503740648379053
HPG,2024-11-13,0.6666666666666666,1.0,pos,-0.02733598409542748,-0.04224652087475156,-0.04622266401590458,-0.05367793240556673,-0.02733598409542748
HPG,2024-12-06,0.6666666666666666,1.0,pos,0.00194836824159772,0.011203117389186668,0.005358012664393508,-0.014612761811982455,-0.03263516804676092
HPG,2024-12-23,0.6666666666666666,1.0,pos,-0.011448481831757062,0.005475360876057822,0.0,-0.009457441513190723,-0.03534096565455458
HPG,2025-02-10,0.6666666666666666,1.0,pos,0.02751322751322771,0.01746031746031762,0.01957671957671958,0.02910052910052907,0.0904761904761906
HPG,2025-02-20,0.6666666666666666,1.0,pos,-0.0035443037974683955,0.04354430379746832,0.03594936708860774,0.07139240506329125,0.05265822784810115
HPG,2025-02-21,0.6666666666666666,1.0,pos,0.047256097560975485,0.03963414634146356,0.04878048780487809,0.05843495934959342,0.06046747967479682
HPG,2025-02-27,0.6666666666666666,1.0,pos,-0.015595463137996313,-0.013705103969754218,-0.020793950850661713,-0.017485822306238186,-0.025992438563327114
HPG,2025-03-13,0.6666666666666666,1.0,pos,-0.005822416302765698,0.005337214944201918,-0.0038816108685103545,-0.019893255701115997,-0.00727802037845704
HPG,2025-03-26,0.6666666666666666,1.0,pos,-0.0014641288433381305,-0.014153245485602706,-0.0287945339189849,-0.010736944851146846,-0.15920000000000004
HPG,2025-04-17,0.6666666666666666,1.0,pos,-0.0021085925144965767,-0.021613073273589856,-0.01739588824459659,0.0036900369003689537,-0.0021085925144965767
HPG,2025-04-18,0.25,2.0,pos,-0.019545694664553692,-0.015319598520866284,0.004226096143687297,0.010036978341257274,-0.0015847860538827918
HPG,2025-04-21,0.0,1.0,neu,0.004310344827586299,0.024245689655172598,0.02586206896551735,0.028017241379310276,0.030172413793103647
HPG,2025-04-29,0.5,1.0,pos,0.00790722192936233,-0.0021085925144965767,-0.0036900369003690647,0.00579862941486553,0.011597258829731283
HPG,2025-08-15,0.6666666666666666,1.0,pos,0.014000000000000012,0.005199999999999871,-0.021599999999999953,-0.0716,-0.018000000000000016
HPG,2025-08-27,0.6666666666666666,1.0,pos,0.01298157453936355,0.028056951423785614,0.05234505862646577,0.0766331658291457,0.12144053601340032
HPG,2025-09-04,0.0,1.0,neu,-0.03527204502814252,-0.031894934333958624,-0.03339587242026254,-0.023639774859287033,-0.023639774859287033
HPG,2025-09-05,0.0,1.0,neu,0.003500583430571691,0.001944768572540001,0.001944768572540001,0.04161804745235309,0.015558148580318898
HPG,2025-09-16,0.6666666666666666,1.0,pos,-0.02505609573672396,-0.026925953627524257,-0.023560209424083767,-0.04338070306656694,-0.060209424083769614
HPG,2025-10-02,0.6666666666666666,1.0,pos,-0.01634117178158634,0.03905938620964533,0.031885213232363485,0.029892387405340726,0.005181347150259086
HPG,2025-10-13,0.6666666666666666,1.0,pos,-0.022402471996910034,-0.02587871765160299,-0.02587871765160299,-0.10158362302047119,-0.09501738122827352
HPG,2025-10-30,0.0,1.0,neu,-0.007080383173677651,-0.031236984589754213,-0.005414410662224145,-0.029571012078300707,-0.0129112869637652
HPG,2025-11-04,0.6666666666666666,1.0,pos,-0.0167504187604689,-0.024288107202680043,-0.025963149078726877,-0.005443886097152406,0.028056951423785614
HPG,2025-11-25,0.6666666666666666,1.0,pos,0.0074968763015410556,0.0,-0.0129112869637652,-0.014577259475218707,-0.018325697625989235
HPG,2025-12-15,0.6666666666666666,1.0,pos,0.017498932991890648,0.0059752454118651155,0.0059752454118651155,0.02475458813486986,0.017498932991890648
HPG,2026-02-05,0.0,1.0,neu,-0.026840178934526282,-0.028873525823505553,-0.03619357462383088,-0.023586823912159383,0.06750711671411147
HPG,2026-02-09,0.5,1.0,pos,-0.007537688442211032,0.0037688442211054607,0.005443886097152628,0.028056951423785614,0.06532663316582932
HPG,2026-02-23,0.6666666666666666,1.0,pos,0.02892057026476591,0.06558044806517316,0.06924643584521384,0.03625254582484727,-0.07820773930753566
HPG,2026-02-24,0.0,1.0,neu,0.03562945368171011,0.039192399049881255,0.017814726840855055,-0.020981789390340455,-0.042359461599366544
HPG,2026-02-25,0.5833333333333333,2.0,pos,0.0034403669724769603,-0.017201834862385246,-0.02752293577981646,-0.054663608562691146,-0.06498470948012225
HPG,2026-03-10,0.6666666666666666,1.0,pos,0.011161637040099093,-0.010748243075651143,-0.016535758577924886,-0.007441091360066099,-0.042166184373708115
HPG,2026-04-10,0.0,1.0,neu,-0.007199999999999984,0.01959999999999984,0.0016000000000000458,0.0,-0.0036000000000000476
HPG,2026-04-23,0.6666666666666666,1.0,pos,0.003626107977437565,-0.0020145044319097583,-0.0020145044319097583,-0.018130539887187713,-0.014907332796132211
HPG,2026-05-04,0.0,1.0,neu,-0.010957792207792139,0.0,0.005275974025974017,-0.0036525974025973795,-0.02394480519480524
HPG,2026-05-12,0.0,1.0,neu,0.007770961145194377,0.00572597137014319,-0.012678936605316937,-0.024130879345603318,-0.008179959100204415
HPG,2026-05-20,0.5,1.0,pos,0.013434089000839533,0.005457598656591012,0.011754827875734675,0.013853904282115748,0.013853904282115748
HPG,2026-05-25,0.5,1.0,pos,0.006224066390041472,0.0020746887966804906,-0.004149377593361092,-0.0020746887966804906,-0.03319502074688796
HPG,2026-06-09,0.6666666666666666,1.0,pos,,,,,
MBB,2012-06-07,0.5,1.0,pos,-0.01477832512315258,-0.01477832512315258,-0.03448275862068961,-0.03448275862068961,-0.029556650246305383
MBB,2012-08-28,0.6666666666666666,1.0,pos,0.021505376344086002,0.032258064516129004,0.005376344086021501,0.016129032258064502,-0.016129032258064502
MBB,2012-09-14,0.0,1.0,neu,-0.01058201058201047,-0.03174603174603163,-0.021164021164021052,-0.03174603174603163,-0.042328042328042215
MBB,2012-11-16,0.8,1.0,pos,-0.027472527472527486,-0.016483516483516536,-0.016483516483516536,-0.016483516483516536,-0.01098901098901095
MBB,2013-03-22,0.0,1.0,neu,0.005154639175257714,0.005154639175257714,0.0,-0.010309278350515427,0.0
MBB,2014-06-23,-0.5,1.0,neg,0.0182648401826484,0.05936073059360725,0.0547945205479452,0.022831050228310668,0.0547945205479452
MBB,2015-02-04,0.0,1.0,neu,0.008403361344537785,0.021008403361344685,0.02941176470588247,0.04201680672268915,0.05882352941176472
MBB,2015-06-09,0.6666666666666666,1.0,pos,0.008230452674897082,0.0,0.008230452674897082,0.09465020576131677,0.1440329218106995
MBB,2015-10-06,0.0,1.0,neu,-0.0068728522336769515,-0.027491408934707917,-0.04123711340206193,-0.04467353951890041,-0.07216494845360821
MBB,2015-10-14,0.6666666666666666,1.0,pos,0.0,0.0,-0.007246376811594013,-0.03623188405797084,-0.047101449275362306
MBB,2015-11-26,0.0,1.0,neu,-0.007407407407407418,-0.022222222222222254,-0.014814814814814836,-0.007407407407407418,-0.02592592592592602
MBB,2017-04-18,0.6666666666666666,1.0,pos,-0.012820512820512886,-0.012820512820512886,-0.0064102564102563875,-0.019230769230769273,0.08653846153846145
MBB,2017-05-11,0.5,1.0,pos,-0.011527377521613813,-0.023054755043227737,-0.023054755043227737,0.01729106628242061,0.12968299711815545
MBB,2017-08-02,0.6666666666666666,1.0,pos,0.0,-0.010351966873705987,0.008281573498964745,-0.04554865424430632,-0.0331262939958592
MBB,2018-03-22,0.6666666666666666,1.0,pos,-0.013871374527112179,-0.006305170239596425,-0.006305170239596425,-0.022698612862547263,0.018915510718789497
MBB,2018-05-22,0.6666666666666666,1.0,pos,0.01735015772870674,0.015772870662460692,-0.02050473186119872,-0.023659305993690816,0.05835962145110418
MBB,2018-06-18,0.6666666666666666,1.0,pos,-0.017828200972447417,-0.004862236628849326,-0.03241491085899517,0.006482982171799101,-0.11345218800648305
MBB,2018-10-29,0.6666666666666666,1.0,pos,0.0053859964093356805,0.030520646319569078,0.010771992818671361,0.02872531418312385,-0.021543985637342944
MBB,2019-02-12,0.6666666666666666,1.0,pos,0.0,0.0034662045060658286,0.0017331022530331364,-0.0034662045060658286,0.0017331022530331364
MBB,2019-03-07,0.6666666666666666,1.0,pos,-0.015463917525773141,-0.018900343642611728,0.015463917525773141,0.015463917525773141,0.027491408934708028
MBB,2019-09-13,0.6666666666666666,1.0,pos,0.004784688995215447,0.0,0.012759170653907415,0.02232854864433831,0.05263157894736836
MBB,2019-09-24,0.0,1.0,neu,0.0,0.020186335403726607,0.024844720496894235,0.04037267080745344,0.024844720496894235
MBB,2019-10-31,0.6666666666666666,1.0,pos,-0.002989536621823663,0.01195814648729443,0.010463378176382543,0.020926756352765308,-0.002989536621823663
MBB,2019-11-12,0.0,1.0,neu,-0.001477104874446078,-0.01477104874446078,-0.023633677991137247,-0.023633677991137247,-0.026587887740029514
MBB,2020-02-12,0.0,1.0,neu,-0.011128775834658211,0.004769475357710773,0.014308426073131875,-0.0015898251192368873,-0.05246422893481717
MBB,2020-03-27,0.4,1.0,pos,-0.06839622641509435,-0.07075471698113212,-0.02358490566037752,0.08018867924528306,0.08018867924528306
MBB,2020-04-01,0.5,1.0,pos,0.036231884057971175,0.09127016201782547,0.12077294685990347,0.10869565217391308,0.1594202898550725
MBB,2020-04-27,0.0,1.0,neu,0.006578947368421018,0.01754385964912286,0.010964912280701844,0.01754385964912286,0.11622807017543857
MBB,2020-05-14,0.5,1.0,pos,-0.01988071570576555,-0.013916500994035852,0.005964214711729587,0.017892644135188762,0.0
MBB,2020-07-31,0.0,1.0,neu,0.028384279475982543,0.04148471615720517,0.05021834061135366,0.03493449781659397,0.08951965065502177
MBB,2020-08-13,0.5,1.0,pos,0.01217038539553772,0.008113590263691739,0.0020283975659229903,0.006085192697768749,0.05476673427991896
MBB,2020-10-28,0.0,1.0,neu,0.013628620102214661,0.013628620102214661,0.02555366269165238,0.05110732538330498,0.03918228279386704
MBB,2020-12-17,0.6666666666666666,1.0,pos,0.044654939106901326,0.051420838971583116,0.05006765899864685,0.0311231393775373,0.040595399188092074
MBB,2021-01-22,0.5,1.0,pos,-0.015186915887850594,0.0,-0.0630841121495328,-0.0841121495327104,-0.033878504672897325
MBB,2021-02-03,0.75,1.0,pos,-0.008631319358816336,0.019728729963008673,-0.014796547472256338,0.06411837237977824,0.1134401972872996
MBB,2021-03-16,0.0,1.0,neu,0.012526096033402823,0.018789144050104456,0.018789144050104456,-0.010438413361169019,-0.012526096033402823
MBB,2021-04-19,0.5,1.0,pos,0.0,-0.04313725490196074,-0.00686274509803908,-0.02941176470588225,0.03627450980392166
MBB,2021-05-06,0.5,1.0,pos,0.0,0.050141911069063294,0.03405865657521279,0.042573320719015983,0.0908230842005675
MBB,2021-07-23,0.0,1.0,neu,-0.01995211492418192,-0.012769353551476459,-0.005586592178770777,0.04150039904229863,0.06783719074221883
MBB,2021-08-19,0.6666666666666666,1.0,pos,-0.038461538461538436,-0.08048433048433046,-0.0819088319088318,-0.09686609686609682,-0.09045584045584043
MBB,2021-09-17,0.6666666666666666,1.0,pos,0.014319809069212486,0.005568814638027053,0.005568814638027053,0.03023070803500394,-0.014319809069212375
MBB,2021-10-28,0.0,1.0,neu,0.0,-0.0031104199066873672,-0.0031104199066873672,0.014774494556765161,-0.013996889580093264
MBB,2022-02-23,0.6666666666666666,1.0,pos,-0.010315925209542276,-0.007736943907156624,0.0012894906511926596,-0.0541586073500967,-0.10509348807221142
MBB,2022-02-28,0.6666666666666666,1.0,pos,-0.011590470057952329,-0.05537669027688341,-0.03799098518995492,-0.0643915003219575,-0.07984546039922735
MBB,2022-03-25,0.5,1.0,pos,-0.009059233449477233,0.006271777003484358,0.027177700348432143,0.04738675958188154,0.044599303135888446
MBB,2022-05-18,0.6666666666666666,1.0,pos,0.0033250207813799726,0.013300083125519446,-0.013300083125519557,0.052369077306733125,0.03574397339983393
MBB,2022-07-29,0.0,1.0,neu,0.032815198618307395,0.040587219343696024,0.04835924006908465,0.050086355785837755,0.05440414507772018
MBB,2022-08-03,0.6666666666666666,1.0,pos,0.0016474464579900872,0.0016474464579900872,0.007413509060955503,0.01153212520593061,0.032125205930807255
MBB,2022-08-24,0.5,1.0,pos,0.015055467511885912,0.01267828843106189,0.004754358161648264,0.019809825673534176,-0.025356576862123448
MBB,2022-10-06,0.6666666666666666,1.0,pos,-0.06326530612244907,-0.0469387755102042,-0.1057076773092859,-0.037755102040816446,-0.05204081632653079
MBB,2022-10-26,0.6666666666666666,1.0,pos,0.06756756756756754,0.07657657657657646,0.07995495495495475,0.09234234234234218,0.03378378378378377
MBB,2022-11-08,0.5,1.0,pos,-0.015021459227467893,-0.08154506437768239,-0.06974248927038629,-0.125558085617289,-0.08154506437768239
MBB,2022-11-14,0.6666666666666666,1.0,pos,-0.06875064897881272,-0.0060753341433780195,0.03280680437424044,0.03280680437424044,0.13244228432563787
MBB,2022-12-23,0.6666666666666666,1.0,pos,-0.05306971904266389,-0.02809573361082207,-0.01664932362122795,-0.036420395421435936,0.02913631633714897
MBB,2023-03-10,0.5,1.0,pos,-0.013527575442247586,-0.030176899063475426,0.003121748178980255,-0.01664932362122795,0.0
MBB,2023-05-04,0.6666666666666666,1.0,pos,-0.006085192697768638,0.0030425963488844854,0.005070993914807476,0.016227180527383478,0.022312373225152227
MBB,2023-05-25,0.6666666666666666,1.0,pos,0.0,0.017017017017016967,0.017017017017016967,0.019019019019018923,0.08408408408408397
MBB,2023-06-01,0.5,1.0,pos,0.048133595284872266,0.05402750491159147,0.08840864440078589,0.06385068762278978,0.07465618860510803
MBB,2023-08-02,0.0,1.0,neu,-0.0024855012427507095,0.004971002485501197,0.024026512013255896,0.013256006628003414,0.004971002485501197
MBB,2023-11-02,0.6666666666666666,1.0,pos,-0.016814159292035558,0.014159292035398341,0.00619469026548658,0.03716814159292037,0.045132743362831906
MBB,2024-02-22,0.6666666666666666,1.0,pos,-0.002614379084967422,0.0019607843137254832,0.012418300653594727,0.007843137254901933,0.018300653594771177
MBB,2024-03-20,0.6666666666666666,1.0,pos,0.02529182879377445,0.03761348897535677,0.022697795071335847,0.0479896238651103,0.0019455252918287869
MBB,2024-04-04,0.5,1.0,pos,-0.019078947368420973,-0.012499999999999956,0.008552631578947478,-0.0019736842105262387,-0.046052631578947345
MBB,2024-06-19,0.6666666666666666,1.0,pos,-0.0019723865877713243,-0.004602235371466201,-0.02827087442472065,-0.03418803418803429,-0.017094017094017144
MBB,2024-09-09,0.6666666666666666,1.0,pos,-0.008317338451695466,-0.0019193857965451588,0.0025591810620599897,-0.0019193857965451588,0.03582853486884208
MBB,2024-10-21,0.6666666666666666,1.0,pos,-0.011990407673860837,-0.011990407673860837,-0.033573141486810454,-0.02937649880095916,-0.043165467625899234
MBB,2024-11-21,0.6666666666666666,1.0,pos,0.0,-0.00255264837268665,0.0038289725590299195,0.0,0.02233567326100827
MBB,2024-12-27,0.6666666666666666,1.0,pos,-0.009785932721712576,0.0018348623853210455,0.006116207951070152,-0.025688073394495525,-0.012844036697247763
MBB,2025-02-14,0.6666666666666666,1.0,pos,-0.008746355685131157,-0.00641399416909616,0.0,0.0023323615160351086,0.006413994169096382
MBB,2025-04-29,0.5,2.0,pos,0.0,0.0,-0.013009049773755721,-0.002262443438914019,0.046380090497737614
MBB,2025-06-19,0.6666666666666666,1.0,pos,0.02813163481953307,0.031847133757961776,0.031847133757961776,0.031847133757961776,0.03397027600849256
MBB,2025-06-25,0.5,1.0,pos,0.011446409989594342,0.0036420395421437046,0.007804370447450637,0.0171696149843914,0.03902185223725296
MBB,2025-10-27,0.0,1.0,neu,0.008403361344537785,0.02310924369747913,0.006302521008403339,-0.02941176470588236,-0.02941176470588236
MBB,2025-10-28,0.0,1.0,neu,0.014583333333333393,-0.002083333333333326,-0.016666666666666607,0.0,-0.033333333333333326
MBB,2025-10-29,0.0,1.0,neu,-0.01642710472279274,-0.030800821355236097,-0.05133470225872694,-0.01848049281314179,-0.026694045174538106
MBB,2025-11-03,0.0,1.0,neu,0.03896103896103886,0.03463203463203457,0.025974025974025983,0.0,0.030303030303030276
MBB,2025-11-05,0.6666666666666666,1.0,pos,-0.008368200836820106,-0.025104602510460206,-0.0334728033472802,-0.008368200836820106,-0.0167364016736401
MBB,2025-11-20,0.5,1.0,pos,-0.0064239828693790635,-0.008565310492505529,-0.021413276231263434,0.0064239828693790635,0.10064239828693777
MBB,2025-12-04,0.6666666666666666,1.0,pos,-0.021400778210116767,-0.015564202334630295,-0.03891050583657585,-0.03307392996108938,-0.040856031128404746
MBB,2025-12-09,0.5,1.0,pos,0.018218623481781382,0.006072874493927127,-0.028340080971659853,-0.010121457489878583,0.01619433198380582
MBB,2025-12-26,0.0,1.0,neu,0.0,0.006036217303822866,0.01810865191146882,0.07243460764587506,0.10865191146881292
MBB,2026-01-30,0.0,1.0,neu,0.003676470588235281,0.018382352941176405,0.02205882352941191,0.005514705882353033,0.040441176470588314
MBB,2026-02-04,0.6666666666666666,1.0,pos,-0.026978417266187105,-0.01618705035971224,-0.007194244604316502,0.043165467625899234,0.03417266187050361
MBB,2026-02-05,0.5,1.0,pos,0.01109057301293892,0.020332717190388205,0.02957486136783727,0.04805914972273562,0.06469500924214411
MBB,2026-02-06,0.5,1.0,pos,0.009140767824497242,0.018281535648994485,0.06032906764168189,0.034734917733089565,0.042047531992687404
MBB,2026-02-12,0.6666666666666666,1.0,pos,-0.0017636684303351524,0.0,-0.003527336860670194,0.015873015873015817,-0.04585537918871252
MBB,2026-02-13,0.5,1.0,pos,0.0017667844522968323,-0.0017667844522968323,0.01590106007067127,0.007067137809187329,-0.0565371024734983
MBB,2026-02-25,0.6666666666666666,1.0,pos,0.0017391304347826875,-0.008695652173912993,-0.03826086956521746,-0.06260869565217397,-0.0678260869565217
MBB,2026-03-11,0.6666666666666666,1.0,pos,-0.020522388059701524,-0.02425373134328368,-0.026119402985074647,-0.018656716417910446,-0.02985074626865669
MBB,2026-03-24,0.5,1.0,pos,0.015625,0.0078125,0.021484374999999778,0.033203125,0.0
MBB,2026-03-26,0.0,1.0,neu,0.013565891472868241,-0.0019379844961240345,0.025193798449612448,0.019379844961240345,0.027131782945736482
MBB,2026-03-27,0.5,1.0,pos,-0.015296367112810683,0.01147227533460815,0.013384321223709472,-0.007648183556405286,0.021032504780114758
MBB,2026-04-20,0.25,2.0,pos,-0.00189753320683117,-0.005692599620493399,0.001897533206830948,-0.013282732447817858,-0.009487666034155628
MBB,2026-04-28,0.0,1.0,neu,0.0019230769230769162,0.0038461538461538325,-0.0019230769230769162,0.0038461538461538325,-0.005769230769230749
MSN,2010-11-29,0.0,1.0,neu,-0.0075956763073327105,-0.0075956763073327105,-0.0075956763073327105,-0.08267601519135259,-0.03768624014022781
MSN,2010-11-30,0.0,1.0,neu,0.0,0.0,-0.03768030615248752,-0.0756549896967913,-0.030320871357079837
MSN,2010-12-28,0.0,1.0,neu,0.03658536585365857,0.0657969370391378,0.09500850822461726,0.12393647192285884,0.09500850822461726
MSN,2012-02-21,0.0,1.0,neu,0.0,0.018700072621641306,0.0092592592592593,0.018700072621641306,0.10275962236746561
MSN,2014-02-28,0.75,1.0,pos,-0.04895238095238097,-0.0539047619047619,-0.04400000000000004,-0.04895238095238097,-0.009714285714285675
MSN,2014-12-15,0.0,1.0,neu,-0.006197854588796292,-0.03075089392133512,-0.03075089392133512,-0.018355184743742647,0.006197854588796181
MSN,2014-12-29,0.5,1.0,pos,-0.012319355602937732,0.012082444918265711,0.018242122719734466,0.03056147832267242,0.036484245439469376
MSN,2015-04-03,0.6666666666666666,1.0,pos,-0.006734006734006703,-0.006734006734006703,-0.006734006734006703,0.0,0.06656306656306654
MSN,2015-04-15,0.0,1.0,neu,-0.012548262548262468,-0.006274131274131234,0.0,0.006032818532818451,-0.006274131274131234
MSN,2015-05-15,0.0,1.0,neu,-0.006475716064757164,-0.012951432129514218,0.006475716064757053,0.044831880448318984,0.07696139476961394
MSN,2017-02-22,0.6666666666666666,1.0,pos,0.0,-0.012005856515373226,-0.028404099560761287,-0.028404099560761287,-0.012005856515373226
MSN,2017-12-15,0.5,1.0,pos,0.053085143054119266,0.05997931747673202,0.06135815236125475,0.030679076180627263,0.0698035160289554
MSN,2018-03-13,0.0,1.0,neu,-0.010535900104058249,-0.021071800208116387,-0.03160770031217475,0.05788241415192519,0.14724245577523432
MSN,2018-04-26,0.5,1.0,pos,0.0292324743696315,0.04710446106954813,0.031449154890551334,0.08187863674147966,0.09864228318093637
MSN,2018-05-14,0.0,1.0,neu,-0.018284993694829832,-0.05195460277427477,-0.1057076773092859,-0.09180327868852456,-0.15920000000000004
MSN,2018-05-31,0.0,1.0,neu,0.03569794050343256,0.03951182303585066,0.05430968726163243,0.07765064836003055,0.04317315026697166
MSN,2018-07-25,0.6666666666666666,1.0,pos,0.0,0.0036613272311214473,0.004881769641495115,0.03951182303585066,0.1110602593440122
MSN,2018-08-03,0.6666666666666666,1.0,pos,0.028205873800523307,0.058883396336144145,0.058883396336144145,0.04710671706891523,0.054230881070078674
MSN,2018-08-09,0.5,1.0,pos,-0.010034364261168438,0.011134020618556839,0.040000000000000036,0.001099656357388401,0.014432989690721598
MSN,2018-09-19,0.5,1.0,pos,0.014227642276422703,-0.0021680216802167918,0.036178861788617844,0.025203252032520274,0.02195121951219514
MSN,2018-10-29,0.0,1.0,neu,0.019709208400646272,0.08497576736672041,0.07205169628432961,0.11373182552504035,0.0928917609046851
MSN,2018-11-21,0.5,1.0,pos,0.009891949474965855,0.004869882818444804,0.011109420179576945,0.001217470704611312,0.03561101810987677
MSN,2018-12-05,0.0,1.0,neu,-0.00352681851579717,0.006024981631153503,0.017927994121969215,0.03453343130051456,-0.03085966201322554
MSN,2019-01-15,0.5,1.0,pos,-0.006035913686434191,-0.02067300437603725,-0.010864644635581677,-0.02188018711332429,-0.029274181379206232
MSN,2019-02-21,0.0,1.0,neu,-0.014602562336409997,0.016668962667033993,0.0033062405289983055,-0.008954401432704318,0.0033062405289983055
MSN,2019-03-01,0.0,1.0,neu,0.005554012774229511,0.004443210219383653,0.011246875867814587,0.009025270758122872,-0.028047764509858353
MSN,2019-03-04,0.0,1.0,neu,-0.001104667219000266,0.005661419497376308,0.005661419497376308,0.0012427506213754658,-0.03010218171775758
MSN,2019-04-18,0.0,1.0,neu,0.018680844948986808,0.02212961632418442,0.02212961632418442,0.016237965224888518,0.02212961632418442
MSN,2019-06-20,0.0,1.0,neu,0.01812462552426597,0.019322947872977725,0.01812462552426597,-0.005991611743559111,0.03265428400239645
MSN,2019-08-30,0.5,1.0,pos,-0.018521553843632077,-0.005245041796426819,-0.011801344041960316,-0.018521553843632077,0.031961973446976044
MSN,2019-10-02,0.0,1.0,neu,0.012999518536350507,0.005135612261274236,-0.006580003209757712,0.0,0.01043171240571339
MSN,2019-11-29,0.0,1.0,neu,-0.01412429378531066,-0.08221212658519435,-0.1057076773092859,-0.1069915254237288,-0.15920000000000004
MSN,2019-12-30,0.5,1.0,pos,-0.01060376541874053,-0.001947630383034027,0.006924908028565158,-0.005410084397316606,-0.008872538411599296
MSN,2020-03-20,0.5,1.0,pos,0.0,-0.002009545340366903,-0.002009545340366903,0.0020095453403667918,0.1361466968098466
MSN,2020-08-25,0.5,1.0,pos,-0.0018445930366612906,0.0,0.016831911459534332,0.018676504496195623,0.02628545077242328
MSN,2020-10-13,0.0,1.0,neu,0.06858784744334459,0.0842557409548983,0.06955228812159242,0.1189492813480919,0.17511977531802403
MSN,2021-01-25,0.6666666666666666,1.0,pos,-0.015485332997608015,-0.054639305048470366,-0.1057076773092859,-0.125558085617289,-0.11746191615258728
MSN,2021-02-04,0.0,1.0,neu,0.0010915541001501605,-0.04352571974348496,-0.009005321326238325,0.06249147223359253,0.0010915541001501605
MSN,2021-02-24,0.6666666666666666,1.0,pos,-0.015432098765431945,-0.007783145464304808,0.0032206119162641045,-0.005501878690284401,-0.04401502952227587
MSN,2021-04-01,0.5,1.0,pos,0.0043662344535591036,0.007673987827467643,-0.0043662344535591036,0.007673987827467643,0.08348769515744903
MSN,2021-08-10,0.0,1.0,neu,-0.013724975959437113,-0.03252032520325199,-0.036104554593933025,-0.043360433604335946,-0.07220910918786616
MSN,2021-08-25,0.6666666666666666,1.0,pos,-0.0074439461883407665,0.006636771300448485,-0.01784753363228697,-0.012645739910313925,-0.0370403587443946
MSN,2021-11-03,0.0,1.0,neu,0.01647665806773735,0.01581093450944482,0.04468669385037871,0.015061995506366,0.03436797869684605
MSN,2021-11-23,0.5,1.0,pos,0.0032495164410057953,0.006421663442940151,0.006421663442940151,-0.04665377176015473,-0.02940038684719537
MSN,2022-02-21,0.6666666666666666,1.0,pos,-0.017420814479638058,-0.019306184012066407,-0.004977375565610842,-0.02677224736048256,-0.013046757164404177
MSN,2022-03-18,0.0,1.0,neu,0.06075344888574463,0.08631057658295016,0.07534488857446053,0.07092324018394058,0.07171913689423426
MSN,2022-06-16,0.0,1.0,neu,0.056966056966057055,0.0027300027300027896,0.0027300027300027896,-0.006279006279006238,0.011739011739011707
MSN,2022-12-15,0.6666666666666666,1.0,pos,-0.04786150712830961,-0.03258655804480659,-0.04276985743380857,-0.03869653767820769,-0.04276985743380857
MSN,2022-12-21,0.0,1.0,neu,-0.005268703898840932,0.0010537407797681642,-0.035827186512118026,-0.020021074815595452,0.048472075869335995
MSN,2022-12-22,0.0,1.0,neu,0.0063559322033897026,-0.030720338983050932,-0.029661016949152685,-0.00423728813559332,0.01483050847457612
MSN,2023-06-02,0.0,1.0,neu,0.024896265560165887,0.017980636237897585,0.044260027662517354,0.05809128630705396,0.05947441217150762
MSN,2023-09-07,0.6666666666666666,1.0,pos,-0.0024390243902439046,-0.029268292682926855,-0.012195121951219523,-0.04146341463414638,-0.039024390243902474
MSN,2023-09-27,0.0,1.0,neu,0.006578947368421018,0.003947368421052699,0.018421052631579116,-0.03289473684210531,-0.02894736842105272
MSN,2023-12-13,0.6666666666666666,1.0,pos,-0.012158054711246202,-0.04255319148936165,-0.04407294832826747,-0.028875379939209744,0.01823708206686936
MSN,2024-03-04,0.0,1.0,neu,0.06858784744334459,0.08615819209039555,0.1214822794254802,0.09463276836158196,0.10028248587570632
MSN,2024-05-17,0.0,1.0,neu,0.01192052980132452,0.003973509933774766,-0.02119205298013238,-0.026490066225165587,0.014569536423840956
MSN,2024-08-14,0.0,1.0,neu,-0.019607843137254943,0.010457516339869244,0.01699346405228752,0.013071895424836555,0.007843137254901933
MSN,2024-10-24,0.0,1.0,neu,-0.016560509554140124,-0.007643312101910715,-0.006369426751592355,-0.02420382165605106,-0.0662420382165605
MSN,2024-11-01,0.0,1.0,neu,-0.01744966442953011,-0.01879194630872494,-0.00402684563758382,-0.029530201342281903,-0.05234899328859066
MSN,2024-12-25,0.6666666666666666,1.0,pos,-0.0028288543140028155,-0.004243281471004168,-0.008486562942008558,0.0014144271570013522,-0.0480905233380482
MSN,2025-05-19,0.3333333333333333,2.0,pos,0.011290322580645107,0.02580645161290329,0.032258064516129004,0.029032258064516148,0.001612903225806539
MSN,2025-06-06,0.6666666666666666,1.0,pos,-0.013846153846153952,-0.003076923076923088,-0.003076923076923088,0.006153846153846176,0.03846153846153855
MSN,2025-08-29,0.0,1.0,neu,0.0,0.02168674698795181,0.0,-0.02409638554216864,0.04578313253012034
MSN,2025-09-22,0.3333333333333333,2.0,pos,0.0,0.012210012210012167,0.00366300366300365,-0.0012210012210013277,0.013431013431013383
MSN,2025-10-10,0.5,1.0,pos,0.010701545778834864,-0.019024970273483932,-0.019024970273483932,0.046373365041617154,-0.057074910820451796
MSN,2025-11-17,0.6666666666666666,1.0,pos,-0.008782936010037656,-0.01129234629861986,-0.01505646173149311,-0.023839397741530766,-0.01129234629861986
MSN,2025-12-15,0.6666666666666666,1.0,pos,0.013605442176870763,0.006802721088435382,0.006802721088435382,0.03401360544217691,0.027210884353741527
MSN,2026-03-02,0.0,1.0,neu,-0.017857142857142905,-0.030612244897959218,-0.039540816326530726,-0.125558085617289,-0.06250000000000011
MSN,2026-03-04,0.6666666666666666,1.0,pos,-0.009210526315789558,-0.03552631578947374,-0.10263157894736841,-0.03947368421052633,-0.009210526315789558
MSN,2026-03-11,0.6666666666666666,1.0,pos,0.001369863013698458,0.012328767123287676,0.006849315068493178,0.03150684931506853,0.00273972602739736
MSN,2026-04-24,0.0,1.0,neu,0.002590673575129543,-0.005181347150259086,-0.005181347150259086,0.015544041450777257,0.022020725388601115
MSN,2026-05-07,0.0,1.0,neu,-0.00987654320987652,-0.043209876543209846,-0.040740740740740744,-0.023456790123456805,-0.059259259259259234
MSN,2026-05-14,0.0,1.0,neu,-0.020227560050568805,-0.03286978508217442,-0.03286978508217442,-0.036662452591656014,-0.04551201011377992
MSN,2026-05-22,0.6666666666666666,1.0,pos,0.015789473684210575,0.013157894736842035,0.006578947368421018,-0.017105263157894735,-0.03815789473684217
MWG,2014-09-08,0.6666666666666666,1.0,pos,0.02759526938239154,0.04862023653088032,0.04862023653088032,0.04862023653088032,0.20630749014454652
MWG,2015-03-05,-0.6666666666666666,1.0,neg,-0.02313167259786475,-0.02313167259786475,-0.07117437722419939,-0.05516014234875455,-0.07117437722419939
MWG,2015-03-10,0.5,1.0,pos,-0.025862068965517238,0.01724137931034475,0.01724137931034475,0.008620689655172376,-0.025862068965517238
MWG,2015-05-15,0.5,1.0,pos,0.06488549618320594,0.09127016201782547,0.1214822794254802,0.13486005089058528,0.10687022900763354
MWG,2015-05-25,0.0,1.0,neu,0.03240740740740744,0.02662037037037024,0.01967592592592582,-0.0057870370370370905,-0.012731481481481621
MWG,2015-12-16,0.75,1.0,pos,0.005707762557077611,0.0,0.005707762557077611,0.0,0.03082191780821919
MWG,2017-04-05,0.6666666666666666,1.0,pos,0.0,-0.005265929436545469,0.009478672985782088,0.017904160084254883,-0.005792522380200116
MWG,2017-05-29,0.0,1.0,neu,-0.009722222222222299,-0.007407407407407418,0.017129629629629495,0.008333333333333304,0.024537037037037024
MWG,2017-07-21,0.6666666666666666,1.0,pos,0.00629496402877705,0.016636690647481966,0.031025179856115193,0.04136690647482033,0.09802158273381312
MWG,2017-08-07,0.6666666666666666,1.0,pos,-0.020367412140575025,-0.04472843450479225,-0.036741214057507965,-0.024760383386581375,-0.029153354632587836
MWG,2018-03-05,0.5,1.0,pos,-0.020802919708029166,-0.045255474452554734,-0.03686131386861302,-0.020802919708029166,-0.020802919708029166
MWG,2018-06-14,0.5,1.0,pos,0.006643356643356579,-0.04055944055944061,-0.06503496503496509,-0.07307692307692304,-0.06748251748251743
MWG,2018-08-07,0.6666666666666666,1.0,pos,0.026346377373111185,0.030608291359938145,0.039907012785741935,0.06044168926772575,0.09918636187524221
MWG,2018-10-08,0.5,1.0,pos,0.011756802149815337,0.02317769566677863,-0.027544507893852876,-0.01948270070540803,-0.025864964729593543
MWG,2018-12-17,0.6666666666666666,1.0,pos,0.003414264036418757,0.009104704097116834,0.0056904400606980765,0.017450682852807375,0.0056904400606980765
MWG,2019-06-27,0.5,1.0,pos,0.01986062717770043,0.040766550522648215,0.04947735191637648,0.04947735191637648,0.07700348432055759
MWG,2019-11-18,0.5,1.0,pos,0.010228802153432026,-0.005921938088829015,-0.03633916554508754,-0.04925975773889635,-0.07967698519515476
MWG,2019-11-22,0.0,1.0,neu,0.0,0.013590033975084959,0.01075877689694238,-0.026613816534541312,-0.010475651189127855
MWG,2019-11-26,0.0,1.0,neu,-0.0027932960893852776,-0.03966480446927356,-0.03966480446927356,-0.03798882681564242,-0.02206703910614527
MWG,2020-03-03,0.5,1.0,pos,-0.003873659117997641,-0.00864123957091778,-0.030989272943980906,-0.1174016686531586,-0.15920000000000004
MWG,2020-03-20,0.0,1.0,neu,-0.06875064897881272,-0.08221212658519435,-0.054620123203285464,-0.125558085617289,-0.09445585215605756
MWG,2020-04-03,0.0,1.0,neu,0.06858784744334459,0.09127016201782547,0.1214822794254802,0.09597673291323328,0.24279989446529096
MWG,2020-04-13,0.6666666666666666,1.0,pos,-0.00295857988165682,0.023668639053254337,0.02493660185967883,0.1238377007607776,0.09594251901944206
MWG,2020-04-15,0.5,1.0,pos,0.0012386457473163581,0.06771263418662254,0.09785301403798519,0.06771263418662254,0.06399669694467391
MWG,2020-05-14,0.0,1.0,neu,-0.011077158135981646,0.030175706646294875,0.050420168067226934,0.048128342245989275,0.02024446142093206
MWG,2020-05-15,0.5,1.0,pos,0.04171494785631502,0.062186172267284734,0.0536886828891463,0.03553495558130537,0.030513711857860226
MWG,2020-05-21,0.6666666666666666,1.0,pos,-0.022959183673469497,-0.010204081632653073,-0.005830903790087438,-0.026603498542274062,-0.017128279883382058
MWG,2020-06-15,0.5,1.0,pos,0.023059185242121583,0.015757109915449652,0.015757109915449652,0.04112221368178326,-0.01191391237509598
MWG,2020-08-21,0.5,1.0,pos,0.025908739365815947,0.06844547563805103,0.06457849961330253,0.13186388244392888,0.10131477184841464
MWG,2020-08-31,0.5,1.0,pos,0.004073319755600657,0.014935505770536261,0.00746775288526802,-0.0033944331296673624,-0.005431093007467802
MWG,2020-10-29,0.75,1.0,pos,0.023227383863080542,0.040036674816626094,0.04767726161369201,0.044009779951100114,0.08588019559902205
MWG,2020-11-17,0.75,1.0,pos,-0.012562814070351869,0.0,-0.010608598548297099,0.0,0.035734226689000614
MWG,2020-11-20,0.5,1.0,pos,0.021444695259593916,0.010722347629796847,0.010722347629796847,0.04232505643340856,0.027934537246049773
MWG,2020-12-08,0.5,1.0,pos,0.0043691971600219315,-0.006280720917531291,-0.0019115237575095811,0.00682687056253406,0.047241944292736315
MWG,2021-03-10,0.0,1.0,neu,0.015333013895543868,0.004551988500239634,0.01677048394825098,0.017489218974604537,-0.004791566842357486
MWG,2021-05-25,0.8,1.0,pos,-0.007496251874062887,-0.024630541871921152,-0.022488755622188883,-0.06511030199186119,-0.06853715999143273
MWG,2021-08-05,0.0,1.0,neu,-0.00867522139887944,0.004518344478583014,0.005241279595156412,-0.01735044279775888,-0.0028917404662930357
MWG,2021-08-25,0.0,1.0,neu,0.0030977734753145914,0.01858664085188777,0.03039690222652469,0.026718296224588656,0.10784123910939014
MWG,2021-09-01,0.0,1.0,neu,0.007165755232886983,0.0009428625306429073,0.010937205355459056,0.07901188006788606,0.1161606637752215
MWG,2021-09-08,0.6666666666666666,1.0,pos,0.0673381831747808,0.0673381831747808,0.1214822794254802,0.11844805073680287,0.1283342659951503
MWG,2021-09-16,0.6666666666666666,1.0,pos,-0.004875588433086775,-0.004875588433086775,0.0015131136516477461,0.06792199058507076,0.03396099529253527
MWG,2021-09-17,0.0,1.0,neu,0.0,0.006420003378949213,0.02196316945429988,0.060990032100016967,0.02601790843047813
MWG,2021-11-01,0.0,1.0,neu,-0.008471867007672662,-0.009271099744245559,-0.0007992327365730079,0.012308184143222434,0.07225063938618925
MWG,2021-11-17,0.6666666666666666,1.0,pos,0.00798673899939728,0.00798673899939728,0.005123568414707735,0.04415310427968677,0.007233273056058032
MWG,2021-11-19,0.0,1.0,neu,-0.0028404843773358612,0.02870384212886834,0.03587980266108537,0.017939901330542796,-0.039617282104948526
MWG,2021-11-30,0.6666666666666666,1.0,pos,0.0,-0.013614602034709655,-0.03889886295631373,-0.03889886295631373,-0.02513464991023351
MWG,2021-12-03,0.5,1.0,pos,-0.01572229140722292,0.0,0.002957658779576766,0.0045143212951432865,0.007471980074719831
MWG,2022-02-22,0.0,1.0,neu,0.0007546030787806135,-0.006489586477512965,-0.0007546030787807245,-0.012375490492001373,-0.02535466344702697
MWG,2022-05-24,0.0,1.0,neu,0.04515625000000001,0.04515625000000001,0.10296875000000005,0.08953125000000006,0.15796875
MWG,2022-05-26,0.6666666666666666,1.0,pos,0.05531469576917325,0.044550754970847706,0.0424577664822845,0.06264015547914492,0.10644341456122008
MWG,2022-08-02,0.0,1.0,neu,-0.003163503163503223,0.011322011322011383,0.011322011322011383,0.020979020979021046,0.06460206460206441
MWG,2022-08-24,0.6666666666666666,2.0,pos,0.023953021171380096,0.08082212950084999,0.10786586308144042,0.10786586308144042,0.0778859527121003
MWG,2022-09-12,0.3333333333333333,2.0,pos,0.001255405216906258,-0.004184684056353749,-0.0013948946854511757,-0.047426419305342304,-0.08118287069326258
MWG,2022-09-27,0.0,1.0,neu,-0.031230769230769284,-0.0461538461538461,-0.0461538461538461,-0.09092307692307688,-0.15920000000000004
MWG,2022-09-30,0.6666666666666666,1.0,pos,-0.06870967741935485,-0.04693548387096769,-0.028225806451612878,-0.125558085617289,-0.06403225806451607
MWG,2022-10-11,0.6666666666666666,1.0,pos,0.037823737656046186,0.03968697596422577,0.08123719023663134,0.06484069312465057,-0.061486864169927435
MWG,2022-10-31,0.0,1.0,neu,-0.02920584116823366,-0.06981396279255858,-0.04080816163232648,-0.125558085617289,-0.15920000000000004
MWG,2022-11-02,0.0,1.0,neu,0.031182795698924792,-0.040645161290322585,-0.1057076773092859,-0.052043010752688246,-0.15741935483870972
MWG,2022-11-10,0.6666666666666666,1.0,pos,0.015354618571776557,-0.04021447721179616,-0.1057076773092859,-0.013161101632951477,-0.10991957104557637
MWG,2022-11-22,0.0,1.0,neu,0.007447354904982051,-0.0621468926553671,-0.059578839239856185,0.06471494607087847,0.1032357473035439
MWG,2022-11-29,0.6666666666666666,1.0,pos,0.03039073806078152,0.029184756391702926,0.09816690786300053,0.0361794500723589,0.08417752050168836
MWG,2022-12-01,0.6666666666666666,1.0,pos,0.06702601359268812,0.08061870166393237,0.006796344035622237,0.04429341457698621,0.06702601359268812
MWG,2022-12-02,0.6666666666666666,1.0,pos,0.01273885350318471,-0.05644629914342192,-0.04568416428728306,-0.017131561607731216,0.018010103228640384
MWG,2022-12-29,0.0,1.0,neu,0.0,0.02454282964388832,0.013955726660250134,0.005774783445620768,-0.019971126082772073
MWG,2023-02-02,0.0,1.0,neu,-0.0422010757136948,-0.055026892842366615,-0.08419528340918492,-0.11832850641290871,-0.1321886636326024
MWG,2023-02-20,0.0,1.0,neu,0.004660918200885655,-0.029130738755534846,-0.029130738755534846,-0.08576089489629457,-0.11046376136098801
MWG,2023-02-22,0.5833333333333333,2.0,pos,0.0,-0.021123379740758397,-0.05832933269323093,-0.0513682189150263,-0.08377340374459907
MWG,2023-04-10,0.0,1.0,neu,-0.007301107754279945,-0.006042296072507614,0.0012588116817724426,-0.028197381671701827,-0.06344410876132922
MWG,2023-04-11,0.6666666666666666,1.0,pos,0.001268069997463872,0.008622875982754241,-0.017245751965508482,-0.018513821962972243,-0.07380167385239655
MWG,2023-04-19,0.6666666666666666,1.0,pos,-0.002294162630639751,-0.02956920723935752,-0.05174611266887574,-0.05174611266887574,-0.06525618149375467
MWG,2023-06-05,0.0,1.0,neu,0.014532698571786629,0.014532698571786629,-0.013279879729390931,0.04384865948383854,0.007266349285893314
MWG,2023-08-11,0.0,1.0,neu,0.01688087473623634,0.013044312296182525,0.009399577978131513,-0.058123920966813736,-0.05256090542873593
MWG,2023-08-14,0.0,1.0,neu,-0.0037728730428220336,-0.007357102433503071,-0.005659309564233106,-0.09601961893982258,-0.04621769477457072
MWG,2023-08-15,0.0,1.0,neu,-0.003597803446317105,-0.0018935807612194822,-0.07025184624124226,-0.07403900776368122,-0.02026131414504828
MWG,2023-08-17,0.5,1.0,pos,-0.06848795295010435,-0.08221212658519435,-0.07228229937393293,-0.0667804970593816,-0.0017074558907228532
MWG,2023-08-28,-0.5,1.0,neg,0.023338607594936667,0.04074367088607578,0.04074367088607578,0.063884493670886,0.11234177215189867
MWG,2023-09-27,0.0,1.0,neu,0.019071962249311847,0.011403853716083434,-0.0019661816751868066,-0.053873377900118036,-0.05190719622493123
MWG,2023-10-09,0.6666666666666666,1.0,pos,0.018763326226012955,0.0281449893390191,0.009381663113006589,0.013432835820895495,-0.10341151385927505
MWG,2023-11-16,0.6666666666666666,1.0,pos,-0.00246366100024642,-0.02291204730229135,-0.014535599901453589,-0.10125646711012581,-0.07243163340724323
MWG,2023-12-08,0.6666666666666666,1.0,pos,-0.002160345655304763,-0.002160345655304763,-0.021123379740758397,-0.04344695151224187,-0.005760921747479442
MWG,2023-12-27,0.0,1.0,neu,0.004533524218563789,-0.0011930326890956522,-0.009305654974946176,0.008112622285850746,-0.009305654974946176
MWG,2024-01-19,0.6666666666666666,1.0,pos,0.002220248667850866,-0.014209591474245165,-0.035968028419182896,-0.02508880994671414,0.02930728241563063
MWG,2024-01-30,0.0,1.0,neu,-0.00878378378378375,0.0175675675675675,0.04414414414414414,0.03536036036036028,0.03085585585585604
MWG,2024-02-16,0.6666666666666666,1.0,pos,0.010821554770318098,0.010821554770318098,-0.004196113074204866,-0.04969081272084808,0.006625441696113121
MWG,2024-02-20,0.0,1.0,neu,-0.014856893161459439,-0.032117107275508094,-0.05986454009176323,-0.043696744592527814,0.06838540528730608
MWG,2024-02-21,0.6666666666666666,1.0,pos,-0.017520514526502717,-0.045686404967842154,-0.03814593036149938,-0.017520514526502717,0.056331780882679094
MWG,2024-03-01,0.0,1.0,neu,0.017112768758227315,0.07283896445809557,0.04497586660816166,0.024572180781044395,0.016015796401930738
MWG,2024-03-11,0.6666666666666666,1.0,pos,0.007492287351255955,0.04627589246364017,0.018289995592772,-0.010797708241516157,0.04098721903922442
MWG,2024-03-20,0.6666666666666666,1.0,pos,0.01043885811674472,0.023008095440988585,0.00639113762249699,0.05645504899872189,0.04601619088197717
MWG,2024-04-03,0.5,1.0,pos,0.009979633401222099,0.015885947046843096,-0.004073319755600879,0.03584521384928707,-0.016089613034623196
MWG,2024-04-15,0.0,1.0,neu,0.0,-0.010040983606557252,-0.03401639344262286,-0.0018442622950819443,0.11639344262295093
MWG,2024-06-07,0.5,1.0,pos,0.014490367199077925,0.0032932652725177203,0.021076897744113365,0.014490367199077925,0.022558867116746262
MWG,2024-06-27,0.6666666666666666,1.0,pos,-0.008063215610385477,0.04612159329140475,0.04918561522335119,0.034994355749072836,0.03015642638284155
MWG,2024-06-28,0.6666666666666666,1.0,pos,0.05462526418468561,0.05771419281417667,0.04974800845390992,0.05137376036416841,0.03853032027312642
MWG,2024-08-02,0.5,1.0,pos,-0.020641831962586732,-0.009514594420254707,-0.009514594420254707,0.04289630704725056,0.09691985163683281
MWG,2024-08-21,0.5,1.0,pos,0.0029065542799011634,0.0029065542799011634,0.0,-0.005813108559802438,-0.025868333091120466
MWG,2024-08-22,0.0,1.0,neu,0.0,-0.00289813070569489,-0.00289813070569489,-0.012896681640341967,-0.03579191421533112
MWG,2024-08-23,0.0,1.0,neu,-0.00289813070569489,-0.00289813070569489,-0.00869439211708456,-0.00289813070569489,-0.03144471815678884
MWG,2024-08-26,0.5,1.0,pos,0.0,-0.005813108559802438,-0.01002761226565907,-0.01002761226565907,-0.028629559657026626
MWG,2024-09-10,0.0,1.0,neu,0.0,-0.004488330341113067,-0.008827049670855791,-0.014811490125673399,0.004338719329742613
MWG,2024-10-31,0.0,1.0,neu,-0.007626601586333104,-0.021049420378279393,-0.013575350823673005,-0.016625991458206313,-0.078248932275778
MWG,2024-11-13,0.5,1.0,pos,-0.009668960996394693,-0.03228449688626689,-0.04850868567682731,-0.08243198951163555,-0.027368076040642397
MWG,2024-11-22,0.5,1.0,pos,0.0,0.017022008253094967,0.020460797799174868,0.025447042640990514,0.03559147180192568
MWG,2024-12-06,-0.6666666666666666,1.0,neg,0.0,-0.004814876307488003,-0.017931263489955107,-0.001660302174995798,-0.008135480657479599
MWG,2024-12-09,0.0,1.0,neu,-0.004814876307488003,-0.017931263489955107,-0.017931263489955107,-0.001660302174995798,-0.001660302174995798
MWG,2024-12-13,0.5,1.0,pos,0.0,-0.011475137202727526,-0.012971894229170111,-0.006485947114585056,0.006652253450856405
MWG,2025-02-24,0.0,1.0,neu,-0.0017370158068438224,0.005211047420531578,0.003474031613687645,0.00694806322737529,0.06513809275664406
MWG,2025-02-25,0.0,1.0,neu,0.006960153123368729,0.005220114842526602,0.0,0.020706455542021995,0.08073777623107703
MWG,2025-03-05,0.5,1.0,pos,0.03863829787234052,0.03863829787234052,0.043744680851063755,0.05208510638297881,-0.0015319148936170368
MWG,2025-03-07,0.6666666666666666,2.0,pos,0.00491642084562427,0.017862995739101883,0.012946574893477614,-0.006391347099311662,-0.025893149786955227
MWG,2025-03-25,0.5833333333333333,2.0,pos,0.005030181086518981,-0.0016767270288396974,-0.0115694164989939,-0.03135479543930242,-0.15920000000000004
MWG,2025-04-11,0.6666666666666666,1.0,pos,0.06858784744334459,0.07938638542665388,0.07363374880153417,0.06232023010546506,0.14362416107382558
MWG,2025-06-04,0.5,1.0,pos,0.006453748138341986,-0.013072976998179664,-0.013072976998179664,0.009763362568260936,0.03921893099453899
MWG,2025-06-13,0.6666666666666666,1.0,pos,0.017495987158908655,0.019101123595505642,0.008025682182985605,0.014285714285714235,0.04125200642054594
MWG,2025-08-28,0.6666666666666666,1.0,pos,0.00905562742561461,-0.019404915912031084,0.002587322121604174,-0.04269081500646832,0.028460543337645472
MWG,2025-09-03,0.6666666666666666,1.0,pos,0.02242744063324542,-0.01055408970976246,-0.0237467018469657,-0.00395778364116095,0.029023746701847042
MWG,2025-09-25,0.5,1.0,pos,-0.013924050632911356,-0.025316455696202556,-0.016455696202531622,-0.024050632911392422,0.03164556962025311
MWG,2025-10-01,0.6666666666666666,1.0,pos,-0.007722007722007818,-0.009009009009009028,-0.0012870012870014325,0.03989703989703974,0.072072072072072
MWG,2025-10-06,0.5,1.0,pos,0.005154639175257714,0.04123711340206193,0.05025773195876293,0.06958762886597936,0.04252577319587636
MWG,2025-11-11,0.6666666666666666,1.0,pos,0.03205128205128216,0.026923076923076827,0.04358974358974366,0.0641025641025641,0.0064102564102563875
MWG,2025-11-25,0.6666666666666666,1.0,pos,0.021656050955414008,0.019108280254777066,0.017834394904458595,0.019108280254777066,0.07006369426751591
MWG,2025-12-01,0.4444444444444444,3.0,pos,0.0,0.05875000000000008,0.07250000000000001,0.06125000000000003,-0.028749999999999942
MWG,2025-12-04,0.0,1.0,neu,-0.00815850815850816,-0.010489510489510412,-0.020979020979020935,-0.0407925407925408,-0.04895104895104896
MWG,2025-12-16,0.6666666666666666,1.0,pos,-0.0012195121951218413,-0.00487804878048792,0.01097560975609757,0.06707317073170738,0.0792682926829269
MWG,2025-12-30,0.5,1.0,pos,-0.001129943502824804,-0.012429378531073398,0.003389830508474523,-0.011299435028248594,-0.05084745762711862
MWG,2026-01-12,0.6666666666666666,1.0,pos,-0.004571428571428671,-0.017142857142857126,-0.040000000000000036,-0.00914285714285712,-0.03885714285714292
MWG,2026-01-14,0.0,1.0,neu,-0.023255813953488413,0.011627906976744207,0.008139534883720989,-0.006976744186046435,-0.005813953488372103
MWG,2026-01-15,0.5,1.0,pos,0.03571428571428581,0.03214285714285725,0.023809523809523725,0.029761904761904656,0.06547619047619047
MWG,2026-02-12,0.6666666666666666,1.0,pos,-0.0010764262648009781,-0.009687836383207804,-0.00753498385360607,0.007534983853605848,-0.08288482238966632
MWG,2026-02-23,0.3333333333333333,2.0,pos,0.0021739130434783593,0.010869565217391353,0.017391304347825987,-0.021739130434782594,-0.15920000000000004
MWG,2026-03-26,0.6666666666666666,1.0,pos,0.031847133757961776,0.029299363057324834,0.042038216560509545,0.042038216560509545,0.028025477707006363
MWG,2026-04-08,0.0,1.0,neu,-0.014652014652014711,-0.004884004884004978,-0.007326007326007411,-0.023199023199023228,0.05494505494505497
MWG,2026-04-22,0.6666666666666666,1.0,pos,-0.02199074074074081,-0.03356481481481488,-0.009259259259259411,-0.01736111111111116,-0.03356481481481488
MWG,2026-04-24,0.6666666666666666,1.0,pos,0.025149700598802394,0.0059880239520957446,0.016766467065868262,0.029940119760478945,0.0023952095808383866
MWG,2026-05-06,0.0,1.0,neu,0.0,-0.016279069767441978,-0.029069767441860517,-0.02674418604651163,-0.10232558139534875
MWG,2026-05-18,0.6666666666666666,1.0,pos,-0.010126582278480956,-0.02278481012658229,0.006329113924050667,-0.003797468354430289,0.0012658227848101333
MWG,2026-05-28,0.0,1.0,neu,-0.018018018018018056,0.018018018018017834,0.002574002574002643,0.009009009009009139,
MWG,2026-06-09,0.6666666666666666,1.0,pos,,,,,
NVL,2017-05-10,0.0,1.0,neu,0.0013647219379051556,0.0,-0.017400204708290623,-0.017400204708290623,-0.017400204708290623
NVL,2017-06-07,0.0,1.0,neu,-0.008780817291455523,-0.03174603174603163,-0.03039513677811545,-0.03444782168186422,-0.03309692671394804
NVL,2018-04-16,0.5,1.0,pos,-0.02736686390532539,-0.04240631163708086,-0.04240631163708086,-0.04240631163708086,-0.15920000000000004
NVL,2018-06-13,0.5,1.0,pos,-0.0131490222521915,-0.005731625084288705,-0.03000674308833451,-0.0546190155091032,-0.0509103169251518
NVL,2019-02-25,0.0,1.0,neu,-0.006612563871355781,-0.003306281935677946,-0.03847309888788708,-0.004809137360985982,0.005109708446047412
NVL,2019-03-01,0.0,1.0,neu,0.005160898603521646,-0.006678809957498477,-0.03734061930783228,-0.02884031572556156,0.011839708561020013
NVL,2019-03-25,0.0,1.0,neu,0.0035054174633524227,0.007010834926705067,-0.0035054174633524227,-0.015933715742511123,0.012428298279158811
NVL,2019-05-29,0.0,1.0,neu,0.01703163017031617,0.018856447688564426,0.015206812652068136,0.023722627737226,0.013686131386861256
NVL,2019-06-03,0.0,1.0,neu,0.0035949670461352667,0.008388256440982511,0.005092869982024961,0.011683642899940061,-0.03654883163571021
NVL,2019-09-05,0.0,1.0,neu,0.0014492753623187582,-0.011304347826087024,-0.0031884057971014457,-0.004927536231884133,0.019130434782608674
NVL,2019-11-12,0.0,1.0,neu,-0.01546551190844414,0.006804825239715484,0.006804825239715484,0.003402412619857742,-0.02752861119703054
NVL,2020-08-27,0.0,2.0,neu,0.0014285714285713347,0.014285714285714235,0.0014285714285713347,-0.0017142857142857792,0.0
NVL,2020-11-19,0.0,1.0,neu,0.0014611338398597962,0.003214494447691285,0.0,-0.008182349503214503,-0.01782583284628869
NVL,2020-12-08,0.0,1.0,neu,0.036180308422301355,0.05427046263345181,0.05427046263345181,0.08066429418742582,0.10053380782918153
NVL,2021-02-08,0.0,1.0,neu,0.01669716376944197,0.04254345837145479,0.048947849954254385,0.04002744739249775,0.02584629460201282
NVL,2021-03-19,0.0,1.0,neu,0.022947131608548776,0.012823397075365506,0.01012373453318327,0.006299212598425141,0.03802024746906629
NVL,2021-04-12,0.0,1.0,neu,0.013611784449002462,0.050344956181241685,0.07551743427186275,0.1355080412065514,0.24279989446529096
NVL,2021-04-28,0.5,1.0,pos,0.026516729140635853,0.02734971539636266,0.03901152297653754,0.06080799666805481,0.04761904761904745
NVL,2021-05-27,0.0,1.0,neu,-0.008101398144518601,-0.010322749248660723,-0.0015680125441004389,0.03671762707434989,0.03345093427414092
NVL,2021-06-25,0.0,1.0,neu,0.007589089309282926,0.01594808622965238,0.01594808622965238,-0.0008798944126704455,-0.13099428068631758
NVL,2021-12-09,0.0,1.0,neu,-0.017427953069825697,-0.025173709989748327,-0.01651668754983482,0.0,-0.017427953069825697
NVL,2022-05-12,0.6666666666666666,1.0,pos,-0.003984063745019917,-0.003984063745019917,0.03984063745019917,0.03585657370517925,0.03585657370517925
NVL,2022-08-03,0.6666666666666666,1.0,pos,0.030183727034120755,0.061679790026246684,0.0734908136482939,0.09186351706036744,0.1076115485564304
NVL,2022-08-26,0.0,1.0,neu,-0.014405762304921965,-0.013205282112845107,-0.01680672268907557,-0.014405762304921965,0.0024009603841537164
NVL,2023-06-01,0.6666666666666666,1.0,pos,-0.003597122302158362,-0.02877697841726623,-0.021582733812949728,0.021582733812949506,0.09712230215827344
PDR,2010-12-07,0.0,1.0,neu,-0.011965811965811812,-0.011965811965811812,-0.0034188034188032956,0.047863247863247915,0.03589743589743599
PDR,2015-02-02,-0.5,1.0,neg,-0.018575851393188847,-0.018575851393188847,-0.018575851393188847,-0.024767801857585203,0.018575851393188847
PDR,2015-02-04,0.6666666666666666,1.0,pos,0.0,0.0,-0.006309148264984188,0.0,0.03154574132492116
PDR,2017-03-23,0.0,1.0,neu,-0.002666666666666595,-0.013333333333333308,-0.01866666666666661,0.07199999999999984,0.24279989446529096
PDR,2017-08-07,0.0,1.0,neu,-0.012886597938144284,-0.02319587628865971,-0.09020618556701032,-0.04381443298969068,-0.05154639175257725
PDR,2020-06-05,0.0,1.0,neu,0.0016286644951140072,-0.01140065146579794,-0.01140065146579794,-0.03827361563517906,-0.11807817589576541
PDR,2020-10-28,0.5,1.0,pos,0.0,-0.028426395939086246,-0.03756345177664966,-0.0020304568527917954,-0.013705583756345119
PDR,2021-04-14,0.6666666666666666,1.0,pos,0.0,0.05033647375504713,0.1214822794254802,0.13001345895020178,0.15989232839838508
PDR,2021-06-24,0.75,1.0,pos,0.06736225517115146,0.06278601501006764,0.07742998352553543,0.07742998352553543,0.06388431264872763
PDR,2022-06-30,0.6666666666666666,1.0,pos,0.011770136164320544,-0.003692591737825879,0.003923378721440107,0.009693053311793154,0.01938610662358653
PDR,2024-11-19,0.0,1.0,neu,0.03976356797420744,0.0472864051585169,0.032240730789897976,0.059645351961311155,0.030091348737238066
PDR,2025-04-25,0.5,1.0,pos,0.0,-0.019257221458046758,-0.003438789546079679,0.05708390646492445,0.07015130674002767
PDR,2025-12-10,0.0,1.0,neu,-0.011682242990654235,-0.07943925233644855,-0.1057076773092859,-0.10280373831775702,-0.06308411214953258
PDR,2026-03-13,0.6666666666666666,1.0,pos,0.009708737864077666,-0.012944983818770184,-0.012944983818770184,-0.01941747572815522,0.06148867313915862
PDR,2026-03-19,0.0,1.0,neu,-0.016233766233766267,-0.05844155844155852,-0.016233766233766267,-0.0032467532467532756,0.045454545454545414
PDR,2026-03-27,0.5,1.0,pos,0.012195121951219745,-0.0030487804878046587,-0.009146341463414531,-0.030487804878048697,0.0
PDR,2026-05-05,0.0,1.0,neu,0.012195121951219745,0.009146341463414753,-0.0030487804878046587,0.0060975609756097615,0.027439024390244038
PLX,2017-04-28,0.0,1.0,neu,0.0021459227467810482,0.01808706315144093,0.009809932556713585,0.005518087063151489,0.09534028203556089
PLX,2019-11-28,0.6666666666666666,1.0,pos,-0.006889128094725527,-0.02238966630785799,-0.036167922497308935,-0.029278794402583408,-0.04822389666307858
PLX,2019-12-31,0.6666666666666666,1.0,pos,0.008918617614269708,0.019620958751393358,0.023188405797101463,-0.005351170568561936,-0.010702341137123872
PLX,2020-06-10,0.0,2.0,neu,-0.06875064897881272,-0.05243538767395628,-0.07753479125248519,-0.040755467196819106,-0.03777335984095431
PLX,2020-08-07,0.5,1.0,pos,0.01328727079457881,0.024448578262024734,0.04251926654265192,0.04464522986978481,0.04358224820621848
PLX,2020-11-27,0.0,1.0,neu,-0.00974835638177285,-0.013602357742008686,-0.007708002720471452,-0.00974835638177285,0.03309907050555427
PLX,2021-03-01,0.0,1.0,neu,-0.006702148630001847,-0.008476246796767173,-0.02030356790853527,-0.010053222945002882,-0.03213088902030348
PLX,2021-03-08,0.5,1.0,pos,-0.030864197530864113,-0.04460374352847474,-0.04798884906411782,-0.022301871764237258,-0.04121863799283154
PLX,2021-03-18,0.0,1.0,neu,-0.024188671638782577,-0.029429550493852097,-0.008667607337230376,-0.02600282201169113,-0.024188671638782577
PLX,2021-03-31,0.5,1.0,pos,0.021739130434782483,0.025327142254115476,0.014563106796116498,0.012663571127057738,0.0016884761502742318
PLX,2021-06-01,0.5,1.0,pos,0.009143100148841121,0.012970444397193193,0.04571550074420583,0.0,0.0019136721241759247
PLX,2021-06-24,0.0,1.0,neu,0.008950366151342593,0.019731489015459847,0.003661513425549323,-0.008950366151342481,-0.06611065907241664
PLX,2021-08-20,0.0,1.0,neu,-0.022048690858980313,-0.01607717041800638,-0.0009186954524574853,-0.002067064768029314,0.016077170418006492
PLX,2021-09-09,0.0,1.0,neu,-0.002026114362899678,-0.005853219270598897,-0.009905447996398142,0.007879333633498353,-0.007879333633498464
PLX,2021-10-18,0.0,1.0,neu,0.0073283082077051365,-0.009212730318257867,-0.016541038525963114,-0.005653266331658191,-0.009212730318257867
PLX,2021-11-25,0.5,1.0,pos,-0.02081696779261588,-0.05361351139041637,-0.06736056559308723,-0.04320502749410848,-0.06736056559308723
PLX,2022-01-19,0.6666666666666666,1.0,pos,0.0,0.013055380080016832,0.0037902716361339905,0.053695514845230496,0.09812592124657815
PLX,2022-03-11,0.6666666666666666,1.0,pos,-0.036331500392773,-0.03456402199528685,-0.031029065200314232,-0.036331500392773,-0.03456402199528685
PLX,2022-05-25,0.0,1.0,neu,0.027793065492570213,0.029168959823885343,0.0484314804623005,0.07484865162355536,0.13181067694001092
PLX,2022-06-10,0.5,1.0,pos,-0.06658227848101272,-0.04202531645569607,-0.08886075949367078,-0.06886075949367088,-0.0931645569620253
PLX,2022-06-16,0.6666666666666666,1.0,pos,-0.003522080736927502,-0.06637767542671347,-0.07233811975074489,-0.03196965591980494,-0.041452180980763864
PLX,2022-06-24,0.6666666666666666,1.0,pos,0.017029592406476723,0.02428810720267993,0.004745951982132901,-0.005025125628140725,-0.035734226689000614
PLX,2022-10-06,0.6666666666666666,1.0,pos,-0.012380615493455926,0.04032543332154237,0.024761230986911853,0.04633887513264945,0.04032543332154237
PLX,2022-12-09,0.5,1.0,pos,0.02300503235082685,0.032710280373831724,0.03127246585190524,0.019769949676491816,0.016534867002156783
PLX,2023-03-01,0.6666666666666666,1.0,pos,0.0,0.0039581566299122795,0.006502685891998983,0.006502685891998983,-0.026010743567995376
PLX,2023-06-14,0.5,1.0,pos,0.0066053991958643365,-0.022400919012062093,-0.022400919012062093,-0.014359563469270586,0.0014359563469270586
PLX,2023-06-15,0.0,1.0,neu,-0.02881597717546358,-0.02881597717546358,-0.02881597717546358,-0.017118402282453427,-0.02082738944365181
PLX,2023-08-22,0.6666666666666666,1.0,pos,-0.007826086956521872,0.002608695652174031,-0.004057971014492789,0.00927536231884063,0.043768115942028896
PLX,2023-09-13,0.6666666666666666,1.0,pos,-0.007592190889370909,-0.00379609544468551,-0.017353579175705014,0.0024403470715834708,-0.07700650759219096
PLX,2023-09-15,0.5,1.0,pos,-0.013609145345672258,-0.0062602068590094095,0.0062602068590091875,-0.007621121393576513,-0.04953728905824717
PLX,2024-03-11,0.0,1.0,neu,0.011051373954599875,0.03195937873357235,0.038829151732377776,0.015232974910394326,0.040322580645161255
PLX,2024-03-21,0.6666666666666666,1.0,pos,-0.011728567439262871,-0.027366657358279922,-0.011728567439262871,-0.02345713487852563,-0.03406869589500139
PLX,2024-05-07,0.5,1.0,pos,0.03357380688124301,0.03856825749167592,0.036071032186459684,0.006659267480577213,0.006659267480577213
PLX,2024-05-20,0.0,1.0,neu,-0.01332608104432964,-0.007886864291542173,0.060375305955942205,0.08675550720696212,0.09219472395974959
PLX,2024-08-01,0.0,1.0,neu,0.04859685147159487,0.004563084645220261,0.03764544832306638,0.049737622632899825,0.08167921514944099
PLX,2024-08-05,0.75,1.0,pos,0.03293209175562106,0.050420168067226934,0.04496933908698608,0.07358619123325005,0.10765387235975465
PLX,2024-08-09,0.0,1.0,neu,0.017872523686477182,0.017872523686477182,0.025193798449612448,0.054263565891472965,0.020887166236003507
PLX,2024-08-13,0.6666666666666666,1.0,pos,0.007192722657076267,0.002961709329384332,0.035752062618997105,0.012269938650306678,0.005077215993230189
PLX,2024-08-15,0.0,1.0,neu,0.032693524572875,0.028685931238135565,0.009280742459396807,0.0,-0.004007593334739434
PLX,2024-09-11,0.0,1.0,neu,-0.008799638989169689,0.0,-0.017599277978339378,-0.017599277978339378,-0.008799638989169689
PLX,2024-10-23,0.0,1.0,neu,-0.012948937209870559,-0.01783532860982162,-0.007085267529929107,-0.02125580258978743,-0.050818470559491735
PLX,2024-12-10,0.0,1.0,neu,-0.009746088740702818,-0.022313413695819517,-0.03949730700179532,-0.034624262631444025,-0.04590920748909977
PLX,2025-02-14,0.6666666666666666,1.0,pos,-0.007076622742801297,0.005856515373352966,0.02000976085895556,0.02000976085895556,0.028306490971205633
PLX,2025-05-26,0.5,1.0,pos,0.001191185229303171,0.022930315664085876,0.005658129839190229,0.025908278737343693,0.06611078022632522
PLX,2025-08-08,0.0,1.0,neu,-0.00654450261780104,0.00785340314136107,-0.005235602094240899,0.00785340314136107,-0.05890052356020947
PLX,2025-11-12,0.0,1.0,neu,0.013215859030837107,0.013215859030837107,0.0190895741556536,0.0190895741556536,-0.00587371512481627
PLX,2026-02-10,0.0,1.0,neu,-0.030018761726078647,-0.030018761726078647,-0.024390243902438935,0.0825515947467168,0.24015009380863028
PLX,2026-04-29,0.6666666666666666,1.0,pos,0.04172274562584133,0.05652759084791392,0.049798115746971794,0.01211305518169592,0.13593539703903113
PLX,2026-05-15,0.0,1.0,neu,0.06858784744334459,-0.004739336492891044,0.0390995260663507,-0.005924170616113722,-0.028436018957346043
POW,2018-05-15,0.6666666666666666,1.0,pos,0.007048458149779835,0.007048458149779835,0.028193832599118895,-0.027312775330396555,-0.03436123348017606
POW,2018-06-26,0.6666666666666666,1.0,pos,-0.021616541353383534,-0.02913533834586468,-0.02913533834586468,-0.08082706766917302,-0.1400375939849624
POW,2018-07-19,0.6666666666666666,1.0,pos,-0.007804878048780495,-0.03121951219512198,-0.03121951219512198,-0.023414634146341484,-0.007804878048780495
POW,2018-12-04,0.5,1.0,pos,0.0,-0.013008130081300862,-0.006504065040650375,-0.038211382113821135,-0.038211382113821135
POW,2019-03-13,0.5,1.0,pos,0.003074558032282848,-0.012298232129131503,-0.04227517294388927,-0.039200614911606424,-0.06687163720215217
POW,2019-10-30,0.6666666666666666,1.0,pos,0.007835455435847072,0.046033300685602185,0.06170421155729677,0.04995102840352583,0.03428011753183147
POW,2019-12-09,0.5,1.0,pos,-0.019133937562940573,-0.00805639476334341,-0.015105740181268867,0.004028197381671816,-0.015105740181268867
POW,2019-12-13,0.0,1.0,neu,0.02361396303901442,0.0,0.0,0.0,-0.04928131416837789
POW,2019-12-17,0.0,1.0,neu,0.0,0.008213552361396204,0.0,0.004106776180698102,-0.0728952772073923
POW,2020-02-05,0.6666666666666666,1.0,pos,0.05039787798408479,0.035809018567639184,0.011936339522546469,0.10344827586206895,0.09283819628647216
POW,2020-03-16,0.5,1.0,pos,-0.0028571428571427804,-0.01285714285714279,-0.04571428571428571,-0.11428571428571421,-0.15920000000000004
POW,2020-03-20,0.0,1.0,neu,-0.06875064897881272,-0.08221212658519435,-0.07196401799100438,-0.09895052473763122,-0.03748125937031488
POW,2020-04-24,0.5,1.0,pos,0.03718459495351922,0.07835325365205836,0.10491367861885781,0.01195219123505975,0.08897742363877814
POW,2020-05-07,0.5,1.0,pos,-0.00995024875621886,-0.004975124378109319,0.01990049751243772,-0.004975124378109319,0.0
POW,2020-05-28,0.0,1.0,neu,-0.014634146341463317,0.004878048780487809,0.009756097560975618,0.019512195121951237,0.009756097560975618
POW,2020-05-29,0.0,1.0,neu,0.01980198019801982,0.024752475247524774,0.034653465346534684,0.02970297029702973,0.01980198019801982
POW,2020-10-22,0.6666666666666666,1.0,pos,-0.004901960784313819,-0.02450980392156865,-0.04289215686274517,-0.07352941176470595,-0.056372549019607865
POW,2020-11-05,0.5,1.0,pos,0.0012987012987013546,0.02857142857142847,0.023376623376623273,0.01948051948051943,0.04025974025974022
POW,2020-11-09,0.0,1.0,neu,-0.005050505050505083,-0.01388888888888895,-0.008838383838383868,-0.023989898989898895,0.02146464646464641
POW,2020-11-20,0.0,1.0,neu,0.007471980074719831,0.0024906600249068322,-0.001245330012453305,0.03735990037359915,0.16936488169364905
POW,2020-11-30,0.6666666666666666,1.0,pos,0.0,0.06942752740560265,0.1214822794254802,0.13398294762484775,0.1778319123020704
POW,2020-12-10,0.5,1.0,pos,0.030467899891186256,0.05223068552774768,0.030467899891186256,0.04787812840043548,0.07072905331882495
POW,2021-03-17,0.0,1.0,neu,-0.007054673721340388,-0.03968253968253965,-0.02821869488536155,-0.08553791887125228,-0.05379188712522043
POW,2021-04-23,0.5,1.0,pos,-0.0390625,-0.0390625,-0.03125,-0.04296875,-0.0234375
POW,2021-06-03,0.6666666666666666,1.0,pos,0.03197674418604657,0.016472868217054293,-0.04651162790697683,-0.06298449612403101,-0.023255813953488413
POW,2021-08-25,0.6666666666666666,1.0,pos,0.008743169398907069,0.05683060109289606,0.061202185792349706,0.10601092896174857,0.07540983606557372
POW,2021-11-19,0.0,1.0,neu,-0.06418039895923677,-0.010407632263659927,-0.025151777970511602,-0.028620988725065022,-0.028620988725065022
POW,2021-12-13,0.6666666666666666,1.0,pos,0.0246452576549665,-0.005974607916355512,0.06198655713218826,0.12621359223300965,0.13890963405526513
POW,2021-12-23,0.0,1.0,neu,-0.0673642903858731,-0.002616088947024142,-0.007848266841072538,-0.056899934597776314,0.08894702419882283
POW,2022-03-10,0.6666666666666666,1.0,pos,-0.02696793002915454,-0.05758017492711376,-0.012390670553935834,-0.018221574344023272,0.012390670553935834
POW,2022-05-19,0.0,1.0,neu,0.0,-0.003780718336483968,0.003780718336483746,0.027410207939508435,0.05860113421550084
POW,2022-06-09,0.0,1.0,neu,-0.05631659056316596,-0.04109589041095896,-0.04109589041095896,-0.03120243531202438,-0.12557077625570778
POW,2022-06-13,0.6666666666666666,1.0,pos,0.0,-0.04920634920634914,0.01031746031746028,-0.015873015873015817,-0.09126984126984128
POW,2022-06-16,0.6666666666666666,1.0,pos,0.04556166535742334,-0.025923016496465,-0.09426551453260024,-0.09740769835035346,-0.11704634721131191
POW,2022-09-15,0.6666666666666666,1.0,pos,-0.01340033500837523,-0.0653266331658291,-0.051926298157453865,-0.055276381909547756,-0.13149078726968177
POW,2022-09-29,0.6666666666666666,1.0,pos,-0.015429122468659462,-0.08221212658519435,-0.07521697203471545,-0.09161041465766628,-0.1552555448408871
POW,2022-11-18,0.6666666666666666,1.0,pos,0.01916167664670665,0.023952095808383422,0.03473053892215572,0.07425149700598821,0.1580838323353293
POW,2022-12-19,0.5,1.0,pos,-0.03598691384950925,-0.0577971646673936,-0.03598691384950925,-0.0719738276990185,-0.004362050163576825
POW,2023-03-20,0.6666666666666666,1.0,pos,0.02730696798493426,0.02354048964218447,0.02730696798493426,0.034839924670433176,0.02730696798493426
POW,2023-04-11,0.6666666666666666,1.0,pos,0.018050541516245522,0.0036101083032489267,-0.022563176895306847,0.0072202166064982976,-0.045126353790613694
POW,2023-05-26,0.0,1.0,neu,0.0,0.003558718861209842,0.003558718861209842,0.003558718861209842,0.010676156583629748
POW,2023-09-11,0.6666666666666666,1.0,pos,0.015238095238095273,0.01904761904761898,0.003809523809523707,-0.003809523809523707,-0.0714285714285714
POW,2023-09-20,0.6666666666666666,1.0,pos,-0.007561436672967825,-0.03875236294896034,-0.07844990548204156,-0.08223062381852542,-0.12098298676748576
POW,2023-10-13,0.6666666666666666,1.0,pos,-0.004246284501061459,-0.0127388535031846,-0.0127388535031846,-0.01698513800424628,-0.035031847133757954
POW,2023-10-25,0.0,1.0,neu,-0.0356371490280778,-0.018358531317494542,-0.03131749460043187,-0.04535637149028082,0.02591792656587466
POW,2023-10-26,0.0,1.0,neu,0.01791713325867872,0.004479283314669846,-0.01903695408734607,0.026875699888017968,0.06942889137737973
POW,2023-11-06,0.6666666666666666,1.0,pos,-0.008602150537634468,0.021505376344086002,0.026881720430107503,0.05806451612903207,0.03548387096774186
POW,2023-11-07,0.6666666666666666,1.0,pos,0.030368763557483636,0.03579175704989157,0.0488069414316703,0.061822125813448814,0.0488069414316703
POW,2023-11-08,0.6666666666666666,1.0,pos,0.0052631578947368585,0.017894736842105186,0.03578947368421059,0.02210526315789485,0.013684210526315965
POW,2023-12-01,0.5,1.0,pos,0.022483940042826722,0.012847965738758127,0.022483940042826722,0.031049250535331918,-0.008565310492505307
POW,2023-12-28,0.0,1.0,neu,0.0,0.0,0.012903225806451424,0.004301075268817067,0.017204301075268935
POW,2024-02-23,0.6666666666666666,1.0,pos,0.0052631578947368585,0.02210526315789485,0.026315789473684292,0.02210526315789485,0.017894736842105186
POW,2024-03-22,0.5,1.0,pos,-0.008421052631578996,-0.004210526315789331,-0.004210526315789331,-0.008421052631578996,-0.021052631578947323
POW,2024-05-02,0.0,1.0,neu,-0.013086150490730586,0.0,0.0,0.0,0.005452562704471253
POW,2024-05-28,0.5833333333333333,2.0,pos,0.007774538386783325,0.02818270165208947,0.011661807580175099,0.12439261418853276,0.13605442176870763
POW,2024-05-29,0.5,1.0,pos,0.020250723240115898,0.0038572806171650598,0.07232401157184176,0.09546769527483123,0.11571841851494713
POW,2024-06-18,0.0,1.0,neu,0.004061738424045336,0.01380991064175463,-0.012997562956945541,0.007311129163281915,-0.026807473598700282
POW,2024-06-27,0.5,1.0,pos,0.009844134536505456,-0.01312551271534046,-0.01722723543888427,0.0,0.02378999179655472
POW,2024-08-01,0.75,1.0,pos,0.04967801287948492,0.011039558417663464,0.04507819687212522,0.04967801287948492,-0.007359705611775569
POW,2024-09-25,0.0,1.0,neu,0.0,0.0,0.003707136237256714,0.007414272474513428,-0.008341056533827551
POW,2024-10-03,0.0,1.0,neu,0.011342155009451682,-0.003780718336483968,0.0,0.007561436672967936,-0.01984877126654072
POW,2024-11-01,0.5,1.0,pos,-0.013555787278414888,-0.004171011470281427,0.016684045881126153,0.008342022940563076,-0.030239833159541152
POW,2024-11-06,0.5,1.0,pos,-0.008205128205128198,-0.008205128205128198,-0.008205128205128198,-0.008205128205128198,-0.0379487179487179
POW,2024-11-14,0.6666666666666666,1.0,pos,-0.021052631578947323,-0.01684210526315788,-0.025263157894736876,-0.004210526315789331,0.0831578947368421
POW,2024-11-19,0.0,1.0,neu,0.012958963282937441,0.02159827213822907,0.017278617710583255,0.10259179265658758,0.12958963282937375
POW,2024-11-22,0.0,1.0,neu,0.06581740976645434,0.08386411889596612,0.10084925690021218,0.08811040339702769,0.09235668789808904
POW,2024-11-29,0.5,1.0,pos,0.0,0.0204878048780488,-0.007804878048780495,0.0039024390243902474,-0.012682926829268415
POW,2025-02-06,0.0,1.0,neu,0.01333333333333342,0.0,0.01333333333333342,0.029743589743589594,0.03384615384615386
POW,2025-03-19,0.5,1.0,pos,-0.0037523452157599557,-0.0347091932457787,-0.011257035647279645,0.007504690431519689,-0.007504690431519689
POW,2025-06-11,0.5,1.0,pos,0.008411214953270907,-0.01121495327102795,0.008411214953270907,0.01214953271028052,0.0037383177570093906
POW,2025-08-05,0.3333333333333333,2.0,pos,0.017529215358931483,0.027545909849749695,0.045075125208680955,0.11435726210350583,0.11769616026711183
POW,2025-08-11,0.5,1.0,pos,0.06858784744334459,0.09127016201782547,0.08573717948717952,0.08253205128205132,0.05288461538461542
POW,2025-09-10,0.6666666666666666,1.0,pos,0.0032051282051281937,0.023237179487179516,0.03605769230769229,0.009615384615384581,0.0
POW,2025-09-16,0.0,1.0,neu,-0.013312451057165275,-0.006264682850430692,-0.009397024275646038,-0.03210649960845735,-0.07126076742364917
POW,2025-09-29,0.5,1.0,pos,-0.027071369975389725,-0.0237899917965545,-0.03691550451189496,-0.020508613617719496,-0.027071369975389725
POW,2025-11-06,0.0,1.0,neu,-0.024106400665004135,-0.03158769742310885,-0.034912718204488824,0.009975062344139696,0.027431421446383997
POW,2025-11-07,0.5,1.0,pos,-0.0076660988074956915,-0.011073253833049468,0.0034071550255536653,0.048551959114139676,0.0528109028960817
POW,2025-11-28,0.0,1.0,neu,-0.023015873015872934,-0.023015873015872934,-0.02619047619047621,-0.012698412698412764,-0.08333333333333326
POW,2025-12-01,0.0,1.0,neu,0.0,-0.0032493907392364685,0.010560519902518273,-0.006498781478472826,-0.025182778229082103
POW,2025-12-03,0.5,1.0,pos,0.013854930725346382,0.013854930725346382,-0.0032599837000814036,0.0024449877750611915,0.0024449877750611915
POW,2025-12-05,0.0,1.0,neu,-0.01688102893890664,-0.036977491961414755,-0.01125401929260439,-0.07154340836012851,-0.019292604501607746
POW,2025-12-29,0.0,1.0,neu,-0.01538461538461533,-0.023076923076923106,-0.02692307692307694,0.04615384615384621,0.12307692307692308
POW,2026-01-05,0.0,1.0,neu,0.007905138339920903,0.07509881422924902,0.10671936758893286,0.11857707509881421,0.1264822134387351
POW,2026-02-04,0.0,1.0,neu,-0.01730103806228378,-0.06574394463667821,-0.0692041522491349,-0.08650519031141868,-0.01038062283737018
POW,2026-04-13,0.3333333333333333,2.0,pos,0.003816793893129722,-0.003816793893129722,0.01908396946564883,0.003816793893129722,-0.03435114503816794
POW,2026-05-05,0.0,1.0,neu,0.05128205128205132,0.05128205128205132,0.02564102564102555,0.029304029304029422,0.02564102564102555
POW,2026-05-13,0.0,1.0,neu,-0.014084507042253502,-0.007042253521126751,0.007042253521126751,-0.02464788732394363,-0.010563380281690016
POW,2026-05-14,0.6666666666666666,1.0,pos,0.0071428571428571175,0.021428571428571574,0.0,-0.0357142857142857,-0.010714285714285787
POW,2026-05-20,0.0,1.0,neu,-0.02527075812274371,-0.018050541516245522,-0.014440433212996373,0.014440433212996373,-0.02166064981949456
POW,2026-05-26,0.5,1.0,pos,0.029304029304029422,0.0146520146520146,0.00366300366300365,-0.0073260073260073,0.0
SAB,2018-01-11,-0.6666666666666666,1.0,neg,-0.0011578947368421355,0.011578947368420911,0.0057894736842105665,0.001052631578947416,0.0018947368421053934
SAB,2019-02-01,0.5,1.0,pos,0.0012606005042401502,0.020628008251203367,0.01329360531744217,0.023149209259683667,0.06005042402016958
SAB,2019-08-14,0.0,1.0,neu,0.028822055137844638,-0.00366300366300365,-0.001831501831501825,0.003277424330055956,-0.018025833815307424
SAB,2019-08-16,0.5,1.0,pos,0.0018382352941175295,0.0018382352941175295,0.006965944272445901,-0.0014512383900929793,-0.010835913312693513
SAB,2019-12-30,0.6666666666666666,1.0,pos,-0.008657508946092629,-0.02608796029089222,-0.023432990880757232,-0.02608796029089222,0.013043980145446277
SAB,2020-11-19,0.0,1.0,neu,-0.008745963401506907,-0.016550053821313138,-0.0232777179763185,0.006727664155005364,0.017222820236813874
SAB,2021-02-01,0.6666666666666666,1.0,pos,0.03459072610705238,0.03459072610705238,0.05248248099001063,0.0056657223796034994,0.09825555389891161
SAB,2021-02-04,0.0,1.0,neu,-0.000991641875619842,-0.04448222127780144,-0.010341408131463448,0.05723190253576993,0.02974925626859326
SAB,2021-06-18,0.0,1.0,neu,-0.007025411061285514,-0.023916292974589082,-0.005829596412556093,0.004185351270552973,-0.011659192825112075
SAB,2021-09-17,0.0,1.0,neu,-0.016846789574062382,-0.018595041322314043,-0.018595041322314043,-0.006198347107438051,-0.042275905912269596
SAB,2022-02-18,0.0,1.0,neu,0.0011929615269907767,-0.005964807634953884,0.0023859230539815535,0.0011929615269907767,-0.04697286012526103
SAB,2022-03-04,0.0,1.0,neu,-0.03379752777343137,-0.027538726333907082,-0.031294007197621654,-0.03755280863714594,-0.05319981223595682
SAB,2022-05-26,0.0,1.0,neu,0.006545573555882811,0.0026182294223531244,0.0032727867779414055,0.0,0.026182294223531466
SAB,2022-06-27,0.5,1.0,pos,0.0019160146894459107,-0.017882803768162314,-0.014050774389270382,-0.02107616158390546,-0.010857416573527012
SAB,2022-08-10,0.5,1.0,pos,0.0,0.0,0.022011280781400577,0.035768331269775855,0.027514100976750555
SAB,2022-08-11,0.0,1.0,neu,0.0,0.022011280781400577,0.033016921172100755,0.06328243224652641,0.030265511074425655
SAB,2022-11-01,0.0,1.0,neu,-0.0005454793399698454,-0.00872766943951997,-0.00872766943951997,-0.0032728760398199608,0.015818900859129847
SAB,2022-11-04,0.5,1.0,pos,0.011005640390700178,0.0055028201953502,0.013757050488375278,0.03191635713303076,-0.01527032604209655
SAB,2023-02-10,0.0,1.0,neu,0.013159609120521276,-0.00742671009771978,-0.0022149837133550454,-0.012247557003257303,-0.0022149837133550454
SAB,2023-02-24,0.0,1.0,neu,-0.0194567772264298,-0.005223295899712599,0.01854270044398021,-0.005353878297205461,-0.012797074954296161
SAB,2023-05-19,0.0,1.0,neu,0.0,-0.010540788267644374,-0.013748854262144672,-0.032386190039718765,-0.01680415520928802
SAB,2023-08-04,0.0,1.0,neu,0.003030303030303161,0.006818181818181834,0.003030303030303161,-0.006212121212121113,-0.043030303030303085
SAB,2023-08-18,0.6666666666666666,1.0,pos,-0.005858138062064588,-0.023432552248258354,-0.0227992400253324,0.016941101963267924,0.03388220392653585
SAB,2023-09-08,0.0,1.0,neu,0.04285281647486361,0.051635372501514176,0.038612961841308246,0.03482737734706243,-0.021199273167777144
SAB,2023-11-13,0.6666666666666666,2.0,pos,0.01150565364015077,0.03094624082523323,0.04741122793096619,0.027772267407260687,0.048998214639952575
SAB,2024-02-23,0.6666666666666666,1.0,pos,-0.00708185794626115,-0.012289106436159103,0.012289106436159214,0.028119141845448947,0.05269735471776715
SAB,2024-05-20,0.0,1.0,neu,0.0034921939194740848,-0.0051355792933442945,0.029375513557929223,0.012119967132292686,0.027732128184059235
SAB,2024-09-06,0.6666666666666666,1.0,pos,-0.008910490076954325,-0.02470635884973682,-0.023086269744835963,-0.010733090319967609,0.012353179424868355
SAB,2024-09-25,0.0,1.0,neu,0.012202440488097599,0.019003800760151845,0.0068013602720542465,-0.008801760352070476,-0.01760352070414084
SAB,2024-09-26,0.6666666666666666,1.0,pos,0.0067193675889327675,-0.0053359683794467205,-0.0053359683794467205,-0.022529644268774685,-0.006916996047430901
SAB,2024-10-22,0.0,1.0,neu,0.0,-0.001845396760303486,-0.00902193971703924,-0.010867336477342615,-0.00902193971703924
SAB,2024-11-18,0.0,1.0,neu,-0.008897165321746336,0.0,-0.0035174839644114275,0.0,0.012621560107593632
SAB,2025-02-14,0.6666666666666666,1.0,pos,-0.009667024704618554,-0.00773361976369491,-0.005800214822771155,0.004081632653061273,-0.0019334049409236442
SAB,2025-04-02,0.6666666666666666,1.0,pos,-0.06875064897881272,-0.08221212658519435,-0.1057076773092859,-0.04361510791366907,-0.046762589928057485
SAB,2025-05-19,0.5,1.0,pos,0.002007136485280947,-0.002007136485281058,-0.000892060660125038,-0.004906333630687043,-0.011150758251561088
SAB,2025-08-11,0.0,1.0,neu,0.0019467878001298011,-0.005191434133679285,-0.0062729829115293345,-0.02184728531256752,-0.054077438892494056
SAB,2025-10-13,0.0,1.0,neu,-0.012026321760835068,-0.015203085999546229,-0.016337644656228667,-0.0424324937599273,-0.010891763104152408
SAB,2025-11-24,0.0,1.0,neu,0.0033890646181653494,0.007681879801174851,0.005422503389064692,0.06190691369182111,0.15273384545865354
SAB,2025-12-05,0.0,1.0,neu,0.06825795644891142,0.07035175879396993,0.0341289782244556,0.0041876046901172526,-0.0018844221105527303
SAB,2026-01-08,0.6666666666666666,1.0,pos,0.0136010362694301,0.014680483592400595,0.08376511226252159,0.1355080412065514,0.09240069084628666
SAB,2026-02-13,0.0,1.0,neu,0.007216494845360799,0.006185567010309256,0.014432989690721598,-0.0020618556701030855,-0.0597938144329897
SAB,2026-04-06,0.6666666666666666,1.0,pos,-0.007882882882882969,0.022522522522522515,0.015765765765765938,0.023648648648648685,0.024774774774774855
SHB,2011-08-16,0.0,1.0,neu,0.014084507042253502,0.035211267605633756,0.014084507042253502,0.06338028169014098,0.10563380281690149
SHB,2014-06-30,0.0,1.0,neu,0.0,0.008474576271186418,0.016949152542372836,0.025423728813559254,0.01271186440677985
SHB,2014-12-10,0.0,1.0,neu,-0.008658008658008698,0.0,-0.0216450216450218,-0.07792207792207795,-0.04329004329004338
SHB,2015-09-10,0.0,1.0,neu,-0.015463917525773252,-0.030927835051546393,-0.04123711340206182,-0.030927835051546393,0.0
SHB,2015-10-26,0.0,1.0,neu,-0.030927835051546393,-0.030927835051546393,-0.030927835051546393,-0.030927835051546393,-0.030927835051546393
SHB,2017-12-29,0.6666666666666666,1.0,pos,0.053380782918149405,0.053380782918149405,0.053380782918149405,0.07473309608540935,0.24279989446529096
SHB,2020-04-08,-0.5,1.0,neg,0.05747126436781613,0.09127016201782547,0.1214822794254802,0.1355080412065514,0.04597701149425282
SHB,2020-12-14,0.0,1.0,neu,-0.01183431952662728,-0.00591715976331364,-0.00591715976331364,0.03994082840236701,0.01183431952662728
SHB,2021-06-03,0.5,1.0,pos,0.0035714285714285587,-0.07357142857142851,-0.1050000000000001,-0.0892857142857143,-0.15920000000000004
SHB,2021-10-15,0.5,1.0,pos,0.0016792611251048584,0.015952980688497043,0.026868178001679288,0.0016792611251048584,0.014273719563392184
SHB,2022-07-26,0.6666666666666666,1.0,pos,0.014608233731739695,0.04249667994687911,0.03984063745019917,0.0717131474103585,0.07835325365205836
SHB,2023-04-13,0.0,1.0,neu,-0.016216216216216273,-0.020270270270270285,-0.04459459459459458,-0.05810810810810818,-0.08243243243243248
SHB,2023-06-06,0.6666666666666666,1.0,pos,-0.015625,-0.0234375,-0.02734375,-0.01953124999999989,0.015625
SHB,2024-10-01,0.0,1.0,neu,-0.014336917562723928,-0.009557945041816063,-0.019115890083631792,-0.027479091995220917,-0.02270011947431294
SHB,2025-06-18,0.0,1.0,neu,-0.011333914559721103,-0.0034873583260680574,-0.011333914559721103,-0.007846556233653046,-0.01482127288578905
SHB,2026-03-23,0.0,1.0,neu,0.0035236081747709314,0.041578576462297345,0.05214940098661036,0.07329105003523617,0.021846370683580085
SHB,2026-04-23,0.6666666666666666,1.0,pos,-0.0033783783783783994,-0.023648648648648796,-0.016891891891891886,-0.05405405405405406,-0.05405405405405406
SSI,2008-10-07,0.0,1.0,neu,-0.04687499999999989,-0.08221212658519435,-0.1057076773092859,-0.125558085617289,-0.15920000000000004
SSI,2009-02-06,0.0,1.0,neu,0.025974025974025983,-0.0043290043290044045,-0.03463203463203468,-0.03463203463203468,-0.1471861471861472
SSI,2010-09-20,0.0,1.0,neu,-0.006198347107438051,-0.01446280991735538,-0.030991735537189924,-0.024793388429752095,-0.08884297520661155
SSI,2012-02-08,0.0,1.0,neu,-0.023728813559322104,-0.06779661016949157,-0.09152542372881356,-0.07796610169491525,0.057627118644067776
SSI,2014-11-18,0.0,1.0,neu,-0.006230529595015577,0.004672897196261738,-0.015576323987538832,-0.02180685358255452,0.0
SSI,2018-02-02,0.6666666666666666,1.0,pos,-0.06875064897881272,-0.08221212658519435,-0.05981308411214947,-0.09906542056074752,0.002803738317757043
SSI,2018-12-14,0.5,1.0,pos,-0.026058631921824116,-0.03800217155266028,-0.041259500542888294,-0.04994571118349633,-0.0901194353963084
SSI,2019-09-05,0.5,1.0,pos,-0.010447761194029903,-0.0194029850746269,-0.028358208955223896,-0.022388059701492602,0.020895522388059584
SSI,2020-09-21,0.5,1.0,pos,0.004491017964071808,0.013473053892215647,0.004491017964071808,0.025449101796407136,0.10628742514970058
SSI,2020-11-02,0.5,1.0,pos,0.011510791366906581,0.020143884892086295,0.0057553956834532904,0.020143884892086295,0.031654676258992875
SSI,2021-01-29,0.0,1.0,neu,-0.06875064897881272,-0.03513281919451583,0.03084832904884305,0.09340188517566417,0.15081405312767782
SSI,2021-03-18,0.0,1.0,neu,0.0,0.002965159377316562,-0.011860637509266136,-0.07487027427724235,0.01927353595255754
SSI,2022-01-19,0.5,1.0,pos,0.011009174311926717,-0.014678899082568808,-0.08330275229357798,-0.060917431192660576,0.011009174311926717
SSI,2023-04-07,0.6666666666666666,1.0,pos,-0.003997335109926725,0.004663557628247883,-0.021985343104596988,-0.057295136575616246,-0.03730846102598273
SSI,2023-09-11,0.0,1.0,neu,0.06858784744334459,0.06887645286267752,0.06414119672836849,0.06586310804993545,-0.09384416702539822
SSI,2023-10-13,0.0,1.0,neu,-0.0434035238504511,-0.06274172754619689,-0.059733562526858686,-0.06703910614525133,-0.12247529007305535
SSI,2024-05-30,0.75,1.0,pos,-0.004551096400496557,0.01572196938353332,0.01572196938353332,0.01572196938353332,0.047165908150599734
SSI,2024-08-15,0.6666666666666666,1.0,pos,0.058329444703686395,0.04853009799346708,0.05646290247316843,0.07092860475968266,0.09846010265982263
SSI,2024-12-20,0.6666666666666666,1.0,pos,-0.015437392795883298,-0.011578044596912473,0.011149228130360012,0.013293310463121655,-0.05145797598627788
SSI,2025-03-13,0.6666666666666666,1.0,pos,0.0,0.0016708437761068229,-0.005430242272347674,-0.015037593984962516,-0.024227234753550597
SSI,2025-10-28,0.0,1.0,neu,-0.00704225352112664,-0.028169014084507005,-0.04347826086956519,-0.030924678505817482,-0.028169014084507005
SSI,2026-03-17,0.6666666666666666,1.0,pos,-0.022687609075043635,-0.05759162303664922,-0.05933682373472948,-0.09598603839441533,-0.05933682373472948
STB,2008-08-06,0.6666666666666666,1.0,pos,-0.021814006888633886,0.004592422502870175,0.03214695752009167,0.08955223880596996,0.24279989446529096
STB,2010-11-15,0.0,1.0,neu,-0.014002333722287208,-0.02100350058343059,-0.03500583430571769,-0.04200700116686107,-0.02100350058343059
STB,2010-11-29,0.0,1.0,neu,0.035756853396901045,0.021454112038140627,0.056019070321811526,0.08462455303933236,0.1406436233611441
STB,2010-12-23,0.0,1.0,neu,0.0,0.006507592190889255,0.0249457700650757,0.019522776572667988,0.0
STB,2011-03-04,0.0,1.0,neu,0.0073081607795368875,0.0,0.0,0.029232643118148438,0.0073081607795368875
STB,2012-06-08,0.0,1.0,neu,-0.011771630370806307,-0.020011771630370823,-0.06827545615067676,-0.125558085617289,-0.10417892878163615
STB,2012-10-03,0.6666666666666666,1.0,pos,0.0,0.0,-0.005150846210448923,-0.005150846210448923,0.0
STB,2013-02-05,0.0,1.0,neu,0.0,-0.013609850939727774,-0.004536616979909258,-0.017498379779649964,-0.06610499027867789
STB,2014-03-27,0.0,1.0,neu,0.0,-0.020094562647754333,-0.034869976359338306,-0.029550827423167836,-0.04432624113475181
STB,2015-06-17,0.0,1.0,neu,0.0,0.02658884565499342,0.021400778210116655,-0.005836575875486361,0.01037613488975353
STB,2019-09-03,0.5,1.0,pos,-0.004901960784313597,-0.004901960784313597,-0.004901960784313597,-0.014705882352941013,0.0
STB,2020-08-27,0.5,1.0,pos,0.004424778761061843,-0.008849557522124019,0.0,0.0,-0.013274336283185861
STB,2020-10-22,0.25,1.0,pos,-0.003424657534246478,-0.03424657534246578,-0.08904109589041087,-0.07534246575342463,-0.08561643835616439
STB,2021-08-26,0.6666666666666666,1.0,pos,0.007380073800737907,0.02952029520295185,0.009225092250922495,0.016605166051660403,-0.0073800738007381295
STB,2021-11-03,0.6666666666666666,1.0,pos,-0.016129032258064502,-0.008960573476702538,-0.0017921146953403522,0.01971326164874565,0.0035842293906811484
STB,2021-12-20,0.6666666666666666,1.0,pos,-0.015706806282722474,-0.034904013961605584,-0.04363001745200701,-0.019197207678883,0.12041884816753945
STB,2022-02-24,0.5,1.0,pos,0.003039513677811634,-0.001519756838905706,-0.0075987841945288626,-0.031914893617021156,-0.041033434650455836
STB,2022-06-01,0.6666666666666666,1.0,pos,-0.03146067415730336,-0.04943820224719109,-0.0786516853932584,-0.02921348314606731,-0.06966292134831464
STB,2022-09-15,0.6666666666666666,1.0,pos,-0.026030368763557576,-0.06290672451193058,-0.03904555314533631,-0.04772234273318876,-0.14533622559652937
STB,2022-12-02,0.6666666666666666,1.0,pos,0.06858784744334459,-0.004796163069544446,-0.026378896882494063,0.07434052757793741,0.09352517985611497
STB,2023-04-12,0.6666666666666666,1.0,pos,0.013409961685823646,-0.01532567049808442,-0.00766283524904221,-0.02298850574712652,-0.026819923371647625
STB,2023-04-27,0.0,1.0,neu,0.0059642147117298094,0.0,-0.007952286282306154,0.02385685884691857,0.08946322067594425
STB,2023-06-05,0.6666666666666666,1.0,pos,0.00891265597147961,0.010695187165775444,-0.016042780748663055,0.005347593582887722,0.024955436720142554
STB,2023-06-13,0.6666666666666666,1.0,pos,-0.014184397163120477,-0.014184397163120477,0.028368794326241176,0.037234042553191626,0.04964539007092217
STB,2023-06-14,0.6666666666666666,1.0,pos,0.0,0.043165467625899234,0.03417266187050361,0.05755395683453224,0.07553956834532372
STB,2023-08-07,0.0,1.0,neu,-0.008319467554076532,0.038269550748752046,0.016638935108153063,0.061564059900166335,0.05823627287853572
STB,2023-08-10,0.6666666666666666,1.0,pos,0.042553191489361764,0.04418985270049092,0.03109656301145658,0.05891980360065463,0.032733224222585955
STB,2023-09-26,0.5,1.0,pos,0.014354066985645897,-0.019138755980861344,-0.022328548644338198,-0.06858054226475285,-0.0031897926634769647
STB,2023-11-22,0.5,1.0,pos,-0.030927835051546504,-0.027491408934707917,-0.05841924398625442,-0.04467353951890041,-0.03436426116838487
STB,2023-12-18,0.6666666666666666,1.0,pos,0.011406844106463865,0.024714828897338448,0.011406844106463865,0.04562737642585546,0.055133079847908606
STB,2023-12-28,0.6666666666666666,1.0,pos,0.0126811594202898,0.005434782608695565,0.032608695652173836,0.061594202898550776,0.08333333333333326
STB,2024-02-20,0.5,1.0,pos,0.026058631921824116,0.01140065146579805,-0.0016286644951140072,0.0016286644951140072,0.039087947882736174
STB,2024-03-06,0.6666666666666666,1.0,pos,-0.007923930269413626,-0.028526148969889142,-0.0427892234548336,-0.022187004754358086,-0.01267828843106189
STB,2024-03-21,0.6666666666666666,1.0,pos,0.004761904761904745,-0.02063492063492056,-0.015873015873015928,0.015873015873015817,-0.05714285714285716
STB,2024-06-07,0.6666666666666666,1.0,pos,0.011382113821138296,0.014634146341463428,0.019512195121951237,-0.006504065040650375,-0.003252032520325243
STB,2024-09-20,0.6666666666666666,1.0,pos,-0.0016207455429497752,0.03241491085899506,0.05996758508914102,0.08914100486223653,0.072933549432739
STB,2024-10-31,0.0,1.0,neu,-0.005681818181818232,-0.008522727272727404,-0.009943181818181879,0.011363636363636243,-0.07670454545454553
STB,2024-12-05,0.6666666666666666,1.0,pos,-0.0044182621502211195,0.0014727540500736325,-0.013254786450662803,-0.0044182621502211195,-0.0014727540500737435
STB,2025-01-13,0.5,1.0,pos,0.0028328611898016387,-0.005665722379603277,0.004249291784702791,0.018413597733711207,0.03541076487252126
STB,2025-02-24,0.6666666666666666,1.0,pos,-0.0038071065989847552,-0.021573604060913687,-0.027918781725888353,-0.013959390862944066,0.015228426395939021
STB,2025-04-11,0.6666666666666666,1.0,pos,-0.0013210039630120463,0.01585204755614278,0.007926023778071167,0.018494055482166427,0.034346103038308984
STB,2025-08-04,0.0,1.0,neu,0.03400000000000003,0.08200000000000007,0.09200000000000008,0.07400000000000007,0.05600000000000005
STB,2025-09-05,0.0,1.0,neu,-0.0357142857142857,-0.03214285714285714,-0.03749999999999998,-0.010714285714285787,-0.014285714285714235
STB,2025-09-11,0.0,1.0,neu,0.0,0.010830324909747224,0.012635379061371799,0.028880866425992746,0.02707581227436817
STB,2025-11-21,0.5,1.0,pos,-0.025341130604288442,-0.025341130604288442,-0.02631578947368407,-0.05263157894736836,-0.040935672514619825
STB,2026-01-07,0.0,1.0,neu,0.0018726591760300781,-0.029962546816479474,0.0074906367041198685,0.013108614232209881,0.1629213483146068
STB,2026-01-15,0.0,1.0,neu,0.01038062283737018,0.00865051903114189,0.00519031141868509,0.09861591695501737,0.08650519031141868
STB,2026-01-23,0.0,1.0,neu,-0.009584664536741228,-0.011182108626198173,0.009584664536741228,0.006389776357827559,-0.01757188498402562
STB,2026-03-26,0.0,1.0,neu,-0.011551155115511635,0.00990099009900991,0.0264026402640265,0.008250825082508184,0.09405940594059392
STB,2026-03-31,0.0,1.0,neu,0.0,-0.01768488745980712,-0.02250803858520911,-0.008038585209003246,0.06270096463022501
STB,2026-04-15,0.0,2.0,neu,-0.007776049766718529,-0.004665629860031051,-0.0015552099533435726,0.034214618973561484,0.029548989113530322
STB,2026-04-17,0.0,1.0,neu,0.0031250000000000444,0.057812500000000044,0.0390625,0.014062500000000089,0.07656250000000009
STB,2026-05-04,0.0,1.0,neu,0.0060422960725075026,0.04078549848942603,0.1132930513595165,0.0906344410876132,0.08912386706948627
STB,2026-05-11,0.0,1.0,neu,0.06371191135734056,0.018005540166204925,0.01939058171745134,-0.0013850415512466352,-0.030470914127423865
TCB,2018-07-30,0.5,1.0,pos,0.064569536423841,0.055463576158940375,0.0918874172185431,0.07201986754966883,0.05132450331125815
TCB,2018-10-11,0.5,1.0,pos,0.03025601241272291,0.012412723041117069,0.03025601241272291,0.03723816912335143,-0.06283941039565555
TCB,2019-06-13,0.0,1.0,neu,0.0020429009193054792,-0.01736465781409602,-0.04085801838610814,-0.026557711950970342,-0.0449438202247191
TCB,2019-11-04,0.5,1.0,pos,0.015971606033717833,0.015971606033717833,0.017746228926353247,0.032830523513753374,0.003549245785270605
TCB,2020-03-12,0.0,1.0,neu,0.016867469879517927,-0.027710843373494054,0.0,-0.03855421686746996,-0.10240963855421692
TCB,2020-05-14,0.5,2.0,pos,-0.011603375527426296,0.007383966244725704,0.039029535864978815,0.07383966244725726,0.020042194092827037
TCB,2020-05-25,0.0,1.0,neu,0.005133470225872516,-0.007186858316221789,-0.007186858316221789,0.011293634496919891,0.030800821355235986
TCB,2020-05-28,0.5,1.0,pos,-0.009307135470527417,0.018614270941054833,0.012409513960703222,0.014477766287487093,0.0
TCB,2020-06-19,0.5,1.0,pos,0.012658227848101111,0.007383966244725704,0.0,-0.006329113924050667,-0.03375527426160341
TCB,2020-06-24,0.0,1.0,neu,-0.013713080168776481,-0.006329113924050667,-0.04113924050632922,-0.03375527426160341,-0.01898734177215189
TCB,2020-08-07,0.0,1.0,neu,0.013544018058690765,0.015801354401805856,0.025959367945823875,0.033860045146727025,0.06320541760722365
TCB,2020-11-17,0.5,1.0,pos,0.0,0.002777777777777768,0.002777777777777768,0.012962962962962843,0.04999999999999982
TCB,2020-11-18,0.5,1.0,pos,0.002777777777777768,0.002777777777777768,0.011111111111111072,0.011111111111111072,0.07499999999999996
TCB,2021-01-29,0.5,2.0,pos,0.006076975016880537,0.0621201890614449,0.09318028359216757,0.1336934503713707,0.20864280891289666
TCB,2021-02-25,0.0,1.0,neu,0.003869541182974112,0.028192371475953548,0.03095632946379201,-0.001105583195135429,0.02708678828081812
TCB,2021-03-10,0.75,1.0,pos,0.022002200220021972,0.019251925192519392,0.02035203520352047,0.02585258525852585,0.0
TCB,2021-03-19,0.0,1.0,neu,-0.016469377251672634,-0.03705609881626348,-0.06433350488934642,-0.061760164693772435,-0.01801338136901709
TCB,2021-05-05,0.5,1.0,pos,0.024929444967074277,0.023988711194731893,0.04656632173094999,0.07196613358419546,0.09031044214487283
TCB,2021-06-25,0.0,1.0,neu,0.03896103896103886,0.03686635944700467,0.021365731043150316,0.052366987850858804,0.09719312945119407
TCB,2021-07-23,0.3333333333333333,2.0,pos,-0.010043668122270644,0.005240174672489051,0.003930131004366899,0.03231441048034944,0.04672489082969444
TCB,2021-07-27,0.6666666666666666,1.0,pos,-0.0013032145960035768,0.016941789748045277,0.02693310165073859,0.04126846220677671,0.051259774109470024
TCB,2021-07-30,0.0,1.0,neu,-0.005922165820642977,0.013959390862944066,0.017766497461928932,0.013959390862944066,0.021573604060913576
TCB,2021-08-16,0.0,1.0,neu,-0.012810248198558805,-0.022017614091273008,-0.018414731785428406,-0.09727782225780623,-0.08887109687750194
TCB,2021-08-24,0.6666666666666666,1.0,pos,0.0030877812086456125,-0.014115571239523561,-0.019408910454345008,-0.010145566828407615,0.006175562417291447
TCB,2021-10-05,0.6666666666666666,1.0,pos,0.02420774647887325,0.01804577464788726,0.03257042253521125,0.079225352112676,0.07306338028169024
TCB,2021-10-25,0.5,1.0,pos,0.002123142250530785,0.011889596602972397,0.017834394904458595,0.013588110403397025,0.033545647558386404
TCB,2021-11-03,0.6666666666666666,1.0,pos,-0.007246376811594235,-0.012882447665056418,-0.020128824476650542,-0.03703703703703698,-0.02777777777777779
TCB,2021-11-17,0.6666666666666666,1.0,pos,-0.013250517598343725,0.0020703933747412417,0.01739130434782621,0.06335403726708089,0.003726708074534235
TCB,2022-01-26,0.0,1.0,neu,-0.009488448844884312,0.007838283828382808,0.007838283828382808,0.02310231023102327,-0.01526402640264013
TCB,2022-02-10,0.5,1.0,pos,0.001612903225806317,-0.03911290322580652,-0.03346774193548396,-0.02620967741935487,-0.058064516129032295
TCB,2022-05-09,0.6666666666666666,1.0,pos,0.002239641657334701,0.010078387458006599,-0.059910414333706585,-0.125558085617289,-0.09742441209406483
TCB,2022-05-24,0.6666666666666666,1.0,pos,0.035561005518087274,0.04107909258123854,0.06253832004904969,0.053954629061925274,0.026977314530962637
TCB,2022-05-25,0.6666666666666666,1.0,pos,0.005328596802841812,0.02605091770278256,0.03433984606275886,0.009473060982830184,0.020130254588513807
TCB,2022-06-07,0.0,1.0,neu,0.028656716417910566,0.032835820895522394,0.048358208955223914,-0.012537313432835817,-0.08835820895522395
TCB,2022-07-25,0.0,1.0,neu,-0.005871990604815136,-0.005871990604815136,0.01350557839107469,0.04873752201996462,0.06517909571344682
TCB,2022-08-02,0.6666666666666666,1.0,pos,-0.003950338600451464,0.0028216704288939187,0.0028216704288939187,0.02200902934537252,0.018058690744920947
TCB,2022-08-25,0.5,1.0,pos,-0.0010928961748634114,-0.020218579234972722,-0.020218579234972722,-0.024043715846994607,-0.051912568306010876
TCB,2022-08-30,0.5,1.0,pos,0.005019520356943641,-0.003904071388733943,-0.002788622420524356,-0.0351366424986056,-0.05577244841048523
TCB,2022-11-28,0.5,1.0,pos,0.024604569420035194,0.05272407732864681,0.11423550087873457,0.1355080412065514,0.1054481546572934
TCB,2022-12-16,0.6666666666666666,1.0,pos,0.002965159377316562,-0.04966641957005191,-0.04966641957005191,-0.05337286879169756,-0.11341734618235721
TCB,2023-05-04,0.0,1.0,neu,-0.011904761904761862,0.011904761904761862,0.008928571428571397,0.0014880952380953438,0.017113095238095344
TCB,2023-06-05,0.6666666666666666,1.0,pos,0.025067750677506773,0.02168021680216814,-0.004742547425474308,0.025067750677506773,0.0060975609756097615
TCB,2023-08-25,0.5,1.0,pos,0.010276172125883054,0.007064868336544627,0.010276172125883054,0.03982016698779711,0.04881181759794462
TCB,2023-10-06,0.5,1.0,pos,0.0013486176668913163,0.014160485502360043,0.016857720836142898,0.00472016183411994,-0.029669588671611513
TCB,2023-11-09,0.0,1.0,neu,-0.013726835964310347,-0.018531228551818768,0.0,0.006863417982155173,-0.03500343170899112
TCB,2023-12-01,0.6666666666666666,1.0,pos,0.015261627906976827,0.010174418604651292,0.0218023255813955,0.04069767441860472,0.029069767441860517
TCB,2024-01-24,0.0,1.0,neu,-0.0073574494175351335,0.0042918454935623185,0.0,-0.020232985898221867,0.05824647455548759
TCB,2024-01-26,0.5833333333333333,2.0,pos,-0.004273504273504258,-0.005494505494505475,-0.024420024420024333,-0.03540903540903528,0.08730158730158721
TCB,2024-02-20,0.6666666666666666,1.0,pos,0.0022222222222221255,0.03611111111111098,0.03055555555555567,0.07833333333333337,0.08444444444444432
TCB,2024-02-27,0.0,1.0,neu,0.005667181865018023,0.005667181865018023,-0.0025759917568264346,0.005667181865018023,-0.01803194229778471
TCB,2024-03-15,0.0,1.0,neu,-0.031331592689294974,-0.026109660574412552,0.02193211488250668,0.08459530026109663,0.14882506527415162
TCB,2024-05-07,0.0,1.0,neu,0.00631768953068601,0.011732851985559734,0.012635379061371799,0.0,0.016245487364620947
TCB,2024-05-17,0.0,1.0,neu,-0.0013032145960035768,-0.021720243266724615,-0.038227628149435255,-0.038227628149435255,-0.026064291920069427
TCB,2024-08-05,0.5,1.0,pos,0.0,-0.022556390977443663,-0.0653195488721805,-0.046992481203007475,-0.017857142857143016
TCB,2024-08-21,0.6666666666666666,1.0,pos,0.015721772272510703,0.018103858980466958,0.022868032396379245,0.04573606479275849,0.036207717960933916
TCB,2024-08-23,0.6666666666666666,1.0,pos,0.004679457182966695,0.01123069723912029,0.027140851661207277,0.042583060364997705,-0.0065512400561534845
TCB,2024-10-22,0.0,1.0,neu,0.0,-0.02252057167605026,-0.029016890428756992,-0.01862278042442611,-0.031182330012992643
TCB,2024-10-29,0.0,1.0,neu,0.010591350397175514,0.0061782877316858276,-0.0022065313327449543,-0.01279788172992058,-0.029567519858782032
TCB,2024-11-08,0.6666666666666666,1.0,pos,-0.01687388987566607,-0.023534635879218557,-0.019094138543516825,-0.048845470692717496,-0.00444049733570151
TCB,2024-11-14,0.6666666666666666,1.0,pos,-0.015172413793103412,-0.015172413793103412,-0.017471264367816097,0.017931034482758568,0.035402298850574665
TCB,2024-11-28,0.6666666666666666,1.0,pos,0.0,0.002220248667850866,0.002220248667850866,0.02531083481349916,0.027531083481350027
TCB,2024-12-02,0.0,1.0,neu,0.0,-0.00886132033673015,0.023039432875498367,0.020824102791315857,0.027470093043863608
TCB,2025-03-04,0.6666666666666666,1.0,pos,-0.00724085365853655,0.007240853658536661,0.009146341463414753,0.018292682926829285,-0.003810975609755962
TCB,2025-05-15,0.5,1.0,pos,-0.015071854188573375,-0.013319313003855693,0.03505082369435675,0.019978969505783484,0.03014370837714675
TCB,2025-06-04,0.5,1.0,pos,-0.008024072216649913,-0.03343363423604151,-0.05081912403878297,-0.039786024740889325,0.046472751588097605
TCB,2025-06-26,0.5,1.0,pos,-0.003077870113881276,0.004309018159433631,0.010156971375807844,0.023391812865497075,0.021852877808556492
TCB,2025-10-22,0.0,1.0,neu,-0.01988178398710372,-0.049973132724341784,-0.07764642665233745,-0.042181622783449724,-0.10263299301450834
TCB,2025-10-23,0.0,1.0,neu,-0.030701754385964897,-0.05893640350877194,-0.0334429824561403,-0.04166666666666652,-0.09786184210526316
TCB,2025-11-05,0.6666666666666666,1.0,pos,-0.01467065868263484,-0.03233532934131733,-0.020658682634730474,0.026347305389221587,0.020359281437125842
TCB,2025-11-10,0.5,1.0,pos,0.0076429226536227635,0.04799755426475083,0.05105472332619998,0.052583307856924444,0.016508712931825098
TCB,2025-12-01,0.6666666666666666,1.0,pos,0.030135301353013455,0.051045510455104415,0.06611316113161125,0.030135301353013455,-0.0362853628536286
TCB,2025-12-05,0.6666666666666666,1.0,pos,-0.014416004707266894,-0.0261841718152398,-0.028832009414533788,-0.07796410709032076,-0.0317740511915271
TCB,2026-01-07,0.0,1.0,neu,-0.010939691444600275,0.007012622720897532,0.04403927068723701,0.0028050490883591017,-0.016549789621318256
TCB,2026-01-22,0.0,2.0,neu,0.013896766874645472,-0.009642654566080489,-0.029211571185479346,-0.030629608621667526,-0.032047646057855816
TCB,2026-01-28,0.6666666666666666,2.0,pos,0.011541876294761888,0.04054453980467576,0.014501331754957159,0.0014797277300977463,0.023083752589523554
TCB,2026-02-04,0.0,1.0,neu,0.008569739952718702,0.0014775413711582974,0.0056146572104018855,0.02157210401891252,0.04196217494089827
TCB,2026-02-26,0.6666666666666666,1.0,pos,-0.0056022408963586345,-0.04929971988795534,-0.07815126050420185,-0.11652661064425784,-0.15920000000000004
TCB,2026-03-06,0.5,1.0,pos,-0.06875064897881272,-0.036363636363636376,-0.01103896103896107,-0.0461038961038962,-0.05064935064935072
TCB,2026-03-10,0.6666666666666666,1.0,pos,0.026280323450134757,-0.010107816711590334,-0.010107816711590334,0.0,-0.01482479784366586
TCB,2026-03-17,0.6666666666666666,1.0,pos,0.0,-0.008423180592991963,-0.01482479784366586,-0.01482479784366586,0.01314016172506749
TCB,2026-03-19,0.5,1.0,pos,-0.006455997281685444,-0.03839619435949704,-0.006455997281685444,0.003397893306150257,0.00985389058783559
TCB,2026-03-20,0.6666666666666666,1.0,pos,-0.032147742818057434,0.0,0.0318057455540357,0.026675786593707285,-0.0034199726402187602
TCB,2026-04-29,0.0,1.0,neu,-0.00874811463046754,-0.016289592760180938,0.0015082956259429015,0.0,0.006033182503770718
TCB,2026-05-05,0.6666666666666666,1.0,pos,0.01809260962894821,0.012266176019625874,0.016559337626494974,0.01502606562404174,-0.00030665440049060244
TCB,2026-06-03,0.0,1.0,neu,-0.0031695721077654726,0.004754358161648042,-0.022187004754358086,,
TCB,2026-06-04,0.6666666666666666,1.0,pos,0.007949125596184325,-0.019077901430842537,-0.01748807631160576,,
TPB,2019-05-31,0.0,1.0,neu,-0.004444444444444473,-0.004444444444444473,0.0,0.008888888888888724,0.04296296296296287
TPB,2019-09-30,0.0,1.0,neu,0.004739336492890933,0.004739336492890933,0.0,-0.004739336492891044,0.0015797788309637184
TPB,2019-10-03,0.5,1.0,pos,0.0,-0.004739336492891044,-0.004739336492891044,0.0,0.012638230647709303
TPB,2020-06-10,0.75,1.0,pos,-0.06430868167202564,-0.04662379421221863,-0.07717041800643076,-0.06591639871382637,-0.03536977491961413
TPB,2020-09-25,0.75,1.0,pos,0.009036144578313365,-0.009036144578313143,-0.001506024096385561,0.05722891566265065,0.06024096385542177
TPB,2020-11-04,0.5,1.0,pos,-0.010479041916167553,-0.007485029940119681,0.03592814371257491,0.020958083832335328,0.046407185628742686
TPB,2021-03-11,0.0,1.0,neu,0.0,0.004052684903748771,-0.003039513677811523,0.014184397163120588,-0.058763931104356626
TPB,2021-04-08,0.5,1.0,pos,-0.004008016032064243,0.008016032064128265,0.024048096192384794,-0.004008016032064243,-0.03106212424849708
TPB,2021-04-12,0.5,1.0,pos,0.015904572564612307,0.017892644135188762,-0.011928429423459397,-0.02882703777335993,-0.07057654075546727
TPB,2021-04-13,0.5,1.0,pos,0.001956947162426559,-0.027397260273972712,-0.06457925636007833,-0.0606653620352251,-0.07925636007827797
TPB,2021-04-22,0.0,1.0,neu,0.037553648068669565,0.005364806866952732,0.0032188841201716833,0.015021459227467782,0.1523605150214593
TPB,2021-05-24,0.6666666666666666,1.0,pos,0.052997393570807905,0.07819287576020861,0.052997393570807905,0.12337098175499572,0.1155516941789747
TPB,2021-08-05,0.0,1.0,neu,-0.011299435028248594,0.0,0.0032284100080710587,0.014527845036319542,0.02259887005649719
TPB,2021-09-09,0.6666666666666666,1.0,pos,-0.01072796934865905,0.00766283524904221,-0.005363984674329525,0.022222222222222143,0.09885057471264358
TPB,2021-09-24,0.6666666666666666,1.0,pos,-0.03830083565459608,-0.021587743732590425,-0.004874651810584996,0.024373259052924867,0.013231197771587766
TPB,2021-09-27,0.0,1.0,neu,0.0173787110789283,0.0347574221578566,0.03982621288921062,0.04996379435191889,0.07748008689355546
TPB,2021-10-21,0.0,1.0,neu,-0.011928429423459175,-0.039098740888005246,-0.027833001988071593,0.015904572564612307,0.000662690523525411
TPB,2021-11-05,0.5,1.0,pos,0.0066577896138482195,-0.0026631158455392434,0.01131824234354184,0.0,0.0
TPB,2021-11-19,0.0,1.0,neu,0.06857523302263657,0.09127016201782547,0.1214822794254802,0.09187749667110512,0.07989347536617841
TPB,2021-12-23,0.5,1.0,pos,0.06858784744334459,0.09127016201782547,0.1214822794254802,0.11052631578947358,0.11754385964912273
TPB,2022-01-25,0.5,1.0,pos,-0.014031300593632001,0.011332973556394954,0.05504587155963292,0.05612520237452778,0.024824608742579413
TPB,2022-02-25,0.0,1.0,neu,0.00716112531969304,0.020460358056265893,-0.01176470588235301,-0.028644501278772494,-0.078772378516624
TPB,2022-03-09,0.0,1.0,neu,0.005530973451327581,-0.0038716814159289736,0.010508849557522293,0.02488938053097356,0.03263274336283195
TPB,2022-03-29,0.0,1.0,neu,-0.007454739084132078,-0.0037273695420660946,0.02342917997870053,0.012247071352502692,-0.007454739084132078
TPB,2022-05-09,0.0,1.0,neu,0.05363204344874406,0.058384249830278234,0.0,-0.019008825526137252,-0.050916496945010215
TPB,2022-05-30,0.6666666666666666,1.0,pos,-0.01950585175552666,-0.03055916775032519,-0.03055916775032519,-0.0695708712613784,-0.15920000000000004
TPB,2022-10-27,0.0,1.0,neu,-0.007150153217568844,-0.0143003064351378,0.03779366700715037,0.011235955056179803,-0.053115423901940684
TPB,2022-12-21,0.0,1.0,neu,0.0347567030784508,0.01787487586891756,-0.027805362462760774,-0.009930486593843102,0.04369414101290947
TPB,2022-12-27,0.0,1.0,neu,0.016309887869520923,0.016309887869520923,0.0,0.04485219164118237,0.06625891946992857
TPB,2022-12-28,0.6666666666666666,1.0,pos,0.0,-0.016048144433299938,0.02407221664994985,0.054162487462387165,0.04714142427281831
TPB,2023-02-09,0.5,1.0,pos,-0.02831858407079646,-0.0513274336283186,-0.030973451327433787,-0.009734513274336387,-0.009734513274336387
TPB,2023-06-09,0.0,1.0,neu,-0.013402829486224843,-0.026805658972449686,-0.026805658972449686,-0.024571854058078935,-0.008190618019359608
TPB,2023-08-10,0.5,1.0,pos,0.008258258258258211,0.008258258258258211,0.027027027027026973,0.018768768768768762,0.015765765765765716
TPB,2023-10-24,0.0,1.0,neu,-0.002481389578163684,-0.04714640198511166,-0.03556658395368073,-0.05955334987593053,-0.01488833746898266
TPB,2023-12-19,0.0,1.0,neu,-0.005718954248365993,-0.005718954248365993,-0.005718954248365993,0.0,0.026143790849673332
TPB,2024-03-21,0.6666666666666666,1.0,pos,0.0,0.01333333333333342,0.021481481481481435,0.0185185185185186,-0.01851851851851849
TPB,2024-05-29,0.6666666666666666,1.0,pos,0.0,-0.0023547880690737433,0.019623233908948157,0.017268445839874413,0.042386185243328045
TPB,2024-06-20,0.0,1.0,neu,-0.008148148148148127,-0.046666666666666745,-0.03851851851851851,-0.04370370370370369,-0.032592592592592506
TPB,2024-06-21,0.6666666666666666,1.0,pos,-0.03883495145631077,-0.030619865571321903,-0.030619865571321903,-0.04929051530993278,-0.022404779686333143
TPB,2025-02-05,0.6666666666666666,1.0,pos,-0.0033921302578019397,-0.0033921302578019397,0.008819538670284954,0.014925373134328401,0.023744911804613356
TPB,2025-02-13,0.5,1.0,pos,0.0,-0.002666666666666595,0.0,0.01200000000000001,0.0
TPB,2025-05-12,0.5,1.0,pos,-0.011450381679389388,0.003053435114503955,0.0,-0.022137404580152564,-0.02977099236641212
TPB,2025-05-19,0.0,1.0,neu,0.0039032006245121043,0.0039032006245121043,-0.010928961748633892,-0.0078064012490242085,-0.025761124121779888
TPB,2025-06-24,0.0,1.0,neu,0.01109350237717921,0.007131537242472286,0.01109350237717921,0.022979397781299538,0.056259904912836944
TPB,2025-09-23,0.6666666666666666,1.0,pos,0.02296336796063425,0.010388190267905939,-0.020776380535811878,-0.018589393110989616,0.007654455986878084
TPB,2025-10-31,0.0,1.0,neu,0.0,0.03603603603603611,0.01501501501501501,-0.009009009009008917,0.018018018018018056
TPB,2025-12-24,0.0,1.0,neu,-0.02298850574712641,-0.025862068965517238,-0.028735632183908066,-0.01724137931034464,0.011494252873563315
TPB,2026-05-11,0.0,1.0,neu,0.0031746031746031633,-0.009523809523809601,0.006349206349206327,-0.015873015873015928,-0.009523809523809601
VCB,2011-05-16,0.0,1.0,neu,0.04690117252931336,0.08040201005025138,0.06030150753768848,-0.03015075376884413,-0.08542713567839189
VCB,2011-05-17,0.0,2.0,neu,0.03200000000000003,0.012799999999999923,-0.028799999999999937,-0.12,-0.0928
VCB,2011-05-26,0.0,1.0,neu,0.0492700729927007,-0.0036496350364964014,0.034671532846715314,0.1259124087591239,0.08211678832116776
VCB,2011-08-31,0.0,1.0,neu,0.048154093097913186,0.028892455858748,0.022471910112359605,0.022471910112359605,-0.01765650080256831
VCB,2011-10-13,0.0,1.0,neu,0.008460236886632888,0.005076142131979822,-0.006768189509306244,-0.015228426395939021,0.016920473773265554
VCB,2011-12-12,0.0,1.0,neu,0.0,-0.01927194860813697,-0.02997858672376863,0.0685224839400429,-0.04496788008565311
VCB,2012-09-19,0.0,1.0,neu,-0.03135313531353123,-0.004950495049504844,-0.03135313531353123,-0.01980198019801971,-0.06270627062706269
VCB,2012-11-22,0.0,1.0,neu,-0.00907441016333932,-0.02177858439201452,-0.02177858439201452,0.005444646098003769,0.08166969147005454
VCB,2013-02-21,0.75,1.0,pos,0.022457067371202122,0.04755614266842789,0.0013210039630118242,0.04755614266842789,0.04359313077939242
VCB,2013-03-27,0.0,1.0,neu,-0.010088272383354413,-0.010088272383354413,-0.010088272383354413,-0.010088272383354413,-0.09962168978562425
VCB,2013-04-04,0.0,1.0,neu,-0.019280205655527016,-0.006426735218509005,-0.015424164524421635,-0.06940874035989719,-0.13881748071979438
VCB,2013-10-09,0.6666666666666666,1.0,pos,-0.00712250712250706,0.007122507122507171,0.007122507122507171,0.04131054131054124,0.05270655270655267
VCB,2014-01-16,0.0,1.0,neu,0.02499999999999991,0.05294117647058827,0.0676470588235294,0.057352941176470607,0.020588235294117796
VCB,2014-09-05,0.6666666666666666,1.0,pos,0.0,-0.023228803716608515,-0.023228803716608515,-0.026713124274099775,-0.10220673635307775
VCB,2014-10-06,0.0,1.0,neu,0.0,-0.006257822277847325,0.0,-0.006257822277847325,-0.021276595744680882
VCB,2014-12-26,0.0,1.0,neu,0.029834254143646266,0.03977900552486191,0.03646408839779003,0.10386740331491717,0.20110497237569036
VCB,2015-01-20,0.0,1.0,neu,-0.017013232514177634,0.005671077504725952,0.030245746691871522,0.008506616257088817,-0.0746691871455577
VCB,2015-03-11,0.6666666666666666,1.0,pos,0.00838769804287054,0.005591798695246952,-0.032618825722273925,-0.019571295433364444,-0.03075489282385835
VCB,2015-05-08,0.5,1.0,pos,0.005277044854881341,-0.0017590149516270026,-0.014951627088830244,-0.0070360598065083435,0.09058927000879513
VCB,2016-06-27,0.0,1.0,neu,0.00432588320115368,0.023792357606344572,0.023792357606344572,0.06560922855082918,0.12617159336697914
VCB,2017-12-15,0.6666666666666666,1.0,pos,0.039094650205761194,0.0380658436213992,0.06532921810699577,0.10442386831275696,0.18004115226337447
VCB,2018-04-20,0.5,1.0,pos,-0.06875064897881272,-0.06249999999999989,-0.09060650887573962,-0.09060650887573962,-0.07026627218934911
VCB,2019-03-20,0.0,1.0,neu,-0.0017513134851138146,0.0028021015761821033,-0.018213660245183894,-0.018213660245183894,0.007355516637478132
VCB,2019-05-31,0.0,1.0,neu,-0.010431154381084884,0.0,-0.0073018080667593965,-0.02364394993045904,0.029902642559109793
VCB,2019-10-28,0.6666666666666666,1.0,pos,-0.011494252873563204,0.00454423950815297,0.0032076984763433902,0.05265971665330138,0.04464047046244324
VCB,2019-11-26,0.6666666666666666,1.0,pos,0.01903448275862063,0.007172413793103294,0.007172413793103294,-0.03172413793103446,0.008275862068965356
VCB,2019-12-23,0.5,1.0,pos,-0.009768637532133528,-0.010796915167095134,-0.01645244215938302,0.010025706940874013,-0.025449871465295648
VCB,2020-03-20,0.5,1.0,pos,-0.06875064897881272,-0.05722891566265054,0.00790662650602414,0.04216867469879526,0.10542168674698793
VCB,2020-04-27,0.25,2.0,pos,0.003120665742024853,0.018030513176144236,0.009015256588072118,0.012135922330097193,0.13176144244105403
VCB,2020-05-13,0.0,1.0,neu,0.005514705882353033,0.005514705882353033,0.03860294117647056,0.053002450980392135,0.09681372549019596
VCB,2020-05-14,0.0,1.0,neu,0.0,0.03290676416819016,0.039305301645338186,0.06825106642291301,0.11182205971968306
VCB,2020-06-18,0.0,1.0,neu,0.00463215258855576,0.0059945504087193235,0.01171662125340589,-0.015258855585831177,-0.028065395095367873
VCB,2020-06-19,0.5,1.0,pos,0.001356116083536918,0.007051803634391174,-0.008136696501220397,-0.024410089503661525,-0.02793599132085689
VCB,2020-07-28,0.0,1.0,neu,-0.012979351032448294,-0.014159292035398119,-0.026843657817109068,0.04306784660766971,0.04572271386430682
VCB,2020-07-30,0.0,1.0,neu,-0.012866546977857607,0.018252543387193176,0.05804907241172952,0.0697187312986236,0.07241172950329156
VCB,2020-09-09,0.0,1.0,neu,-0.0011270780501549948,0.0014088475626936603,0.009861932938856066,0.00873485488870096,0.03888419273034649
VCB,2020-10-22,0.0,1.0,neu,0.010430596416153959,-0.006953730944102676,-0.006953730944102676,-0.034501203530355684,-0.018454132120887867
VCB,2020-10-27,0.0,1.0,neu,-0.02073794775114468,-0.027740371667115515,-0.03474279558308646,-0.01158093186102882,-0.010234311877188373
VCB,2020-11-12,0.0,1.0,neu,0.0056285178236397115,-0.006968641114982743,0.01366925757169657,0.04395604395604402,0.08791208791208804
VCB,2021-01-22,0.25,2.0,pos,-0.004906333630687043,-0.020517395182872433,-0.05441570026761833,-0.09723461195361294,-0.029214986619090166
VCB,2021-02-03,0.0,1.0,neu,0.0,0.011149825783972167,-0.04854819976771185,0.011149825783972167,-0.00813008130081283
VCB,2021-02-17,0.5,1.0,pos,0.019986216402480883,0.013094417643004785,0.005972892258212736,-0.019067309901217522,-0.015851137146795313
VCB,2021-04-16,0.0,1.0,neu,0.022900763358778553,0.06965648854961826,0.06965648854961826,0.02385496183206115,0.05081106870229002
VCB,2021-04-23,0.0,1.0,neu,-0.051910757676165264,-0.04793461453501213,-0.04793461453501213,-0.04705102717031151,-0.058537662911420485
VCB,2021-05-04,0.6666666666666666,1.0,pos,0.02109411219286028,0.0020862308762168436,-0.021094112192860504,-0.012053778395920367,-0.04543347241539175
VCB,2021-05-06,0.0,1.0,neu,-0.023132084200786496,-0.012260004626416743,-0.014110571362479729,-0.025213971778857203,-0.0030071709461021445
VCB,2021-05-14,0.5,1.0,pos,-0.009246088193456625,-0.0237079184447605,-0.028923660502607862,-0.0009483167377903889,0.027975343764817362
VCB,2021-08-26,0.0,1.0,neu,0.010204081632652962,0.025866160417655326,0.026815377313716304,0.03298528713811111,0.013289036544850585
VCB,2021-11-01,0.0,1.0,neu,0.00923514089509836,0.017523087852237884,0.014444707553871838,0.012313521193464405,0.007103954534691148
VCB,2021-11-16,0.0,1.0,neu,0.008272276057669448,-0.0018908059560388546,-0.0009454029780193718,0.01961711179390213,0.01748995509335849
VCB,2021-11-23,0.5,1.0,pos,0.05748725081131201,0.08066759388038935,0.05957348168752907,-0.0020862308762170656,-0.009040333796940248
VCB,2022-03-16,0.6666666666666666,1.0,pos,0.006035783574046105,0.020478551411942325,0.02910109937486527,0.02910109937486527,-0.006035783574046105
VCB,2022-05-25,0.6666666666666666,1.0,pos,-0.00392609699769042,0.005080831408776021,0.012933025404157084,0.04526558891454968,0.028406466512702178
VCB,2022-06-17,0.5,1.0,pos,-0.0014021967749474618,0.02103295162421115,-0.0014021967749474618,-0.01448936667445655,-0.02757653657396586
VCB,2022-07-26,0.5,1.0,pos,0.014921780986763,0.019013237063778776,0.010830324909747446,0.0676293622141999,0.09338146811071013
VCB,2022-08-29,0.6666666666666666,1.0,pos,0.04246604871739601,0.018107350722138316,0.001077818495365257,-0.0303944815693038,-0.0508730329812459
VCB,2022-09-19,0.0,1.0,neu,0.004965019183028607,0.0011284134506883703,-0.010155721056195,-0.04829609568946058,-0.10403972015346419
VCB,2022-12-01,0.0,1.0,neu,0.06247220987105395,0.06247220987105395,0.0,-0.03734993330369052,-0.00622498888394829
VCB,2022-12-15,0.0,1.0,neu,0.002460850111856816,-0.0038031319910515338,-0.00626398210290835,-0.002460850111856816,0.015212527964205913
VCB,2022-12-16,0.6666666666666666,1.0,pos,-0.00624860522204862,-0.00870341441642497,-0.01249721044409735,-0.007364427583128941,0.0037937960276723803
VCB,2022-12-19,0.0,1.0,neu,-0.0024702447788007564,-0.006287895800583865,0.001347406242982352,-0.0038176510217831083,0.04289243206826843
VCB,2023-02-22,0.0,1.0,neu,0.003251099636641941,0.0053547523427042165,-0.0021036527060623866,0.0,-0.008605851979345824
VCB,2023-03-24,0.0,1.0,neu,0.022581934452438057,0.031574740207833685,0.037170263788968816,0.026978417266187105,0.011390887290167795
VCB,2023-04-07,0.0,1.0,neu,-0.011262596324836949,-0.020154119739181908,-0.018968583283936025,-0.01778304682868992,-0.027860106698280873
VCB,2023-05-25,0.6666666666666666,1.0,pos,-0.012786259541984757,-0.000954198473282375,0.014122137404580126,0.007633587786259444,0.07309160305343498
VCB,2023-08-17,0.5,1.0,pos,0.001179046656560656,0.004379316152939294,-0.011116725618999457,-0.02678120262758965,-0.0033687047330300812
VCB,2023-09-22,0.6666666666666666,1.0,pos,0.0,-0.02563237774030347,-0.016694772344013398,-0.020067453625632337,-0.043676222596964576
VCB,2023-10-30,0.6666666666666666,1.0,pos,0.01051893408134652,0.022265077138849954,0.036115007012622824,0.04207573632538564,-0.004558204768583374
VCB,2023-10-31,0.0,1.0,neu,0.011623872310895234,0.025329632199861285,0.024288688410825765,0.017349063150589927,-0.009195003469812613
VCB,2023-11-07,0.0,1.0,neu,0.013642564802182733,-0.004604365620736739,-0.026091405184174632,-0.026091405184174632,-0.019270122783083266
VCB,2023-11-16,0.0,1.0,neu,-0.027207392197125202,-0.021560574948665256,-0.01591375770020531,-0.028405201916495537,-0.03747433264887057
VCB,2023-12-07,0.6666666666666666,1.0,pos,-0.002297631671968836,-0.01166489925768821,-0.01166489925768821,-0.009367267585719374,-0.050547896783315616
VCB,2024-03-01,0.0,1.0,neu,-0.013463324048282321,-0.01857010213556176,-0.01748684617765406,-0.022748375116063202,-0.034045187248529896
VCB,2024-03-19,0.6666666666666666,1.0,pos,0.007488197948885,0.02913885723587817,0.042161810190460614,0.04102230180693467,0.02165065928699339
VCB,2024-04-12,0.5,1.0,pos,-0.027379815345431324,-0.03804520853231452,-0.04329831263928685,-0.042184017828716946,-0.02849411015600123
VCB,2024-06-07,0.6666666666666666,1.0,pos,-0.005615109749872449,-0.014633316317849365,0.0022120129317677595,-0.011230219499744787,-0.028245703590267235
VCB,2024-06-13,0.6666666666666666,1.0,pos,-0.010219724067450198,-0.014818599897802764,-0.014818599897802764,-0.027252597513200527,-0.036280020439448224
VCB,2024-09-12,0.6666666666666666,1.0,pos,0.004374158815612539,-0.006729475100942128,0.011103633916554667,0.022207267833109112,0.0334791386271871
VCB,2024-11-01,0.0,1.0,neu,-0.010629731035593504,-0.009663391850539549,-0.00644226123369307,-0.013850861652440094,-0.01916572717023679
VCB,2024-11-07,0.6666666666666666,1.0,pos,-0.010664081434803796,-0.012764582323477103,-0.013895621263532054,-0.012764582323477103,-0.02892228146711906
VCB,2024-11-19,0.6666666666666666,1.0,pos,0.0033461602810773705,0.005521164463777817,0.006692320562154963,0.026601974234565784,0.03329429479672075
VCB,2024-11-25,0.6666666666666666,1.0,pos,0.012040244103578956,0.015338941118258287,0.014184397163120588,0.03183242619165427,0.04387267029523323
VCB,2025-06-16,0.5,1.0,pos,0.010678056593699914,0.0017796760989499116,0.0,0.0,0.007118704395800091
VCB,2025-06-17,0.5,1.0,pos,-0.008804366966015165,-0.010565240359218242,-0.0017608733932030773,-0.010565240359218242,0.017432646592709933
VCB,2025-08-12,0.6666666666666666,1.0,pos,-0.007993605115907298,0.03485211830535584,0.020623501199040772,0.0190247801758594,0.025259792166266948
VCB,2025-08-15,0.0,1.0,neu,0.0031328320802006537,-0.0015664160401003269,-0.020206766917293284,0.0045426065162905704,0.0668859649122806
VCB,2025-08-26,0.0,1.0,neu,0.06858784744334459,0.06814283486667705,0.06206143770466244,0.06658350226103238,0.0171526586620927
VCB,2025-09-09,0.6666666666666666,1.0,pos,0.013968648145273876,0.012416576129132384,0.013968648145273876,0.01086450411299067,-0.04159553003259364
VCB,2025-09-10,0.0,1.0,neu,-0.0015306903413438988,0.0,0.0,-0.015306903413439432,-0.04714526251339357
VCB,2025-10-31,0.0,1.0,neu,-0.005033557046979942,0.008389261744966348,0.020134228187919323,-0.005033557046979942,0.006711409395973034
VCB,2025-11-13,0.6666666666666666,1.0,pos,0.0033444816053511683,0.006688963210702337,0.0016722408026756952,-0.006688963210702337,-0.0317725752508361
VCB,2025-12-10,0.5,1.0,pos,-0.010309278350515538,-0.024054982817869552,-0.024054982817869552,-0.02577319587628868,-0.020618556701030966
VCB,2025-12-15,0.6666666666666666,1.0,pos,0.0017605633802817433,-0.0017605633802816323,0.0,0.01760563380281699,0.00528169014084523
VCB,2025-12-19,0.6666666666666666,1.0,pos,0.00521739130434784,-0.005217391304347729,-0.008695652173912993,-0.006956521739130417,-0.003478260869565264
VCB,2025-12-30,0.5,1.0,pos,0.003490401396160525,-0.003490401396160525,0.0,0.11169284467713791,0.24279989446529096
VCB,2026-02-03,0.0,1.0,neu,-0.013927576601671321,-0.04735376044568229,-0.0933147632311978,-0.12116991643454034,-0.09470752089136492
VCB,2026-02-05,0.0,1.0,neu,-0.04824561403508787,-0.04970760233918137,-0.07748538011695916,-0.061403508771929904,-0.04385964912280704
VCB,2026-03-05,0.6666666666666666,1.0,pos,-0.014399999999999968,-0.08221212658519435,-0.033600000000000074,-0.043200000000000016,-0.043200000000000016
VCB,2026-03-11,0.6666666666666666,1.0,pos,-0.009933774834437137,-0.023178807947019875,-0.026490066225165587,0.0016556291390728006,-0.0331125827814569
VCB,2026-03-25,0.6666666666666666,1.0,pos,-0.008561643835616417,0.006849315068493178,-0.006849315068493178,0.010273972602739656,0.03082191780821919
VCB,2026-04-09,0.5833333333333333,2.0,pos,0.006734006734006703,-0.0033670033670032407,-0.0016835016835017313,0.0,0.05723905723905731
VCB,2026-04-14,0.0,1.0,neu,0.010118043844856706,0.001686340640809414,0.003372681281618828,0.005059021922428464,0.008431703204047292
VCB,2026-05-06,0.0,1.0,neu,-0.0033057851239669533,0.0033057851239670644,-0.0033057851239669533,-0.006611570247933907,0.06776859504132227
VCB,2026-05-29,0.5,1.0,pos,0.003225806451612856,-0.006451612903225823,-0.001612903225806428,-0.004838709677419284,
VCB,2026-06-04,0.6666666666666666,1.0,pos,-0.008038585209003246,-0.014469453376205865,-0.0112540192926045,,
VHM,2019-11-22,0.0,1.0,neu,-0.0031930333817126177,-0.002177068214804123,-0.005370101596516741,-0.017126269956458717,-0.01611030478955011
VHM,2019-12-11,0.5,1.0,pos,0.0010427528675704956,-0.022046774914345146,-0.05496797259049602,-0.07910025323998204,-0.08118575897512281
VHM,2020-02-11,0.0,1.0,neu,0.0034634760705289924,-0.002361460957178929,0.016215365239294677,-0.002361460957178929,-0.03605163727959704
VHM,2020-06-16,0.75,1.0,pos,0.014676571842725084,0.021380684906685987,0.021380684906685987,0.03732560246421457,0.007972458778764402
VHM,2020-09-17,-0.5,1.0,neg,0.002476999292285731,0.005130927105449379,0.0012384996461429765,0.005130927105449379,0.005130927105449379
VHM,2020-10-30,0.5,1.0,pos,-0.0012499999999999734,-0.002678571428571419,-0.0012499999999999734,-0.003928571428571392,0.03035714285714297
VHM,2020-11-19,0.5,1.0,pos,0.012782349851164554,0.03992295569952731,0.08124671686219576,0.06706356154789006,0.09542987217650145
VHM,2021-03-15,0.8333333333333334,1.0,pos,-0.0029915692140333183,-0.0050312754963285355,-0.0009518629317378791,-0.0050312754963285355,-0.03603481098721795
VHM,2021-04-29,0.5,1.0,pos,-0.000956676233429099,0.0030066967336339623,-0.0060133934672679246,-0.0020500205002050853,0.015170151701517032
VHM,2021-06-08,0.6666666666666666,1.0,pos,0.007604072689779695,-0.011341667740688344,0.00670189457404291,0.06933883232375293,0.05889934269880137
VHM,2021-06-29,0.6666666666666666,1.0,pos,-0.005034901018423188,-0.01178624556585428,-0.005034901018423188,-0.06991646641492166,-0.07666781096235276
VHM,2021-08-12,0.6666666666666666,1.0,pos,0.025635077137223128,-0.008467695162973965,-0.051270154274446034,-0.051270154274446034,-0.08885280129915318
VHM,2021-09-09,0.6666666666666666,1.0,pos,-0.0018901209677419928,-0.0065524193548386345,-0.0065524193548386345,-0.01927923387096775,-0.029107862903225867
VHM,2021-09-22,0.6666666666666666,1.0,pos,0.01675903932435996,0.02058590657165471,0.0026392187912378517,0.0026392187912378517,0.03206650831353919
VHM,2021-09-29,0.6666666666666666,1.0,pos,0.0013161358252171684,-0.015398789155040782,-0.002632271650434337,0.029349828902342612,0.023032376941300337
VHM,2021-09-30,0.6666666666666666,1.0,pos,-0.01669295478443733,-0.0039432176656151174,0.014064143007360697,0.021687697160883257,0.00762355415352256
VHM,2021-10-05,0.0,1.0,neu,0.01373946856772501,0.007517822423849685,0.006221646143875326,0.01879455605962388,0.0
VHM,2021-11-09,0.6666666666666666,1.0,pos,-0.004836309523809534,-0.017981150793650813,-0.012028769841269882,0.0,-0.005952380952381042
VHM,2022-05-25,0.6666666666666666,1.0,pos,0.01182355616189179,0.026527209337577684,0.038350765499469475,0.06563589510383516,0.038350765499469475
VHM,2022-06-14,0.6666666666666666,1.0,pos,-0.0015151515151514694,0.0,0.0,-0.015151515151515138,-0.033333333333333326
VHM,2022-08-03,0.6666666666666666,1.0,pos,0.017770597738287597,-0.001615508885298933,-0.006462035541195399,-0.009693053311793265,-0.009693053311793265
VHM,2022-09-13,0.6666666666666666,1.0,pos,-0.011532125205930832,-0.0032948929159802853,-0.018121911037891292,-0.029654036243822124,-0.10873146622734764
VHM,2022-11-30,0.5,1.0,pos,-0.01834862385321101,0.04954128440366978,0.06972477064220173,0.0183486238532109,-0.02752293577981646
VHM,2022-12-07,0.6666666666666666,1.0,pos,-0.0018018018018017834,-0.02522522522522519,-0.09009009009009006,-0.04504504504504503,-0.12612612612612617
VHM,2023-06-06,0.6666666666666666,1.0,pos,0.005454545454545379,0.0072727272727273196,0.009090909090909038,0.030909090909090997,0.001818181818181941
VHM,2023-06-21,0.0,1.0,neu,0.020146520146520075,0.02564102564102555,0.016483516483516425,0.0146520146520146,0.027472527472527375
VHM,2023-08-09,0.5,1.0,pos,0.0,0.004950495049504955,0.00990099009900991,0.037953795379537913,-0.10066006600660071
VHM,2023-08-21,0.6666666666666666,1.0,pos,-0.008928571428571397,-0.0267857142857143,-0.010714285714285787,-0.023214285714285632,-0.0017857142857142794
VHM,2023-09-22,0.6666666666666666,1.0,pos,-0.02083333333333337,-0.0625,-0.060416666666666674,-0.05208333333333337,-0.04062500000000002
VHM,2023-09-25,0.5,1.0,pos,-0.04255319148936165,-0.04042553191489362,-0.05319148936170215,-0.02659574468085102,0.0
VHM,2023-11-30,0.5,1.0,pos,-0.009685230024213065,0.0,-0.01937046004842613,-0.03874092009685215,-0.02421307506053272
VHM,2023-12-07,0.6666666666666666,1.0,pos,-0.0012594458438288658,0.032745591939546514,0.03400503778337516,0.015113350125944391,0.012594458438287104
VHM,2023-12-18,0.6666666666666666,1.0,pos,-0.010025062656641603,0.0012531328320803947,0.007518796992481258,0.03258145363408538,0.07769423558897248
VHM,2024-01-26,0.6666666666666666,1.0,pos,-0.004761904761904856,0.0,-0.011904761904761862,-0.01904761904761898,0.01666666666666683
VHM,2024-02-02,0.6666666666666666,1.0,pos,0.0012135922330096527,-0.004854368932038944,0.014563106796116276,0.03640776699029136,0.05097087378640763
VHM,2024-03-01,0.6666666666666666,1.0,pos,0.0,-0.006825938566553003,-0.019340159271899915,-0.03185437997724705,-0.03526734926052344
VHM,2024-03-19,0.6666666666666666,1.0,pos,-0.009324009324009341,0.0,-0.002331002331002363,-0.0034965034965034336,0.005827505827505908
VHM,2024-04-15,0.5,1.0,pos,0.0070754716981134,-0.014150943396226467,-0.021226415094339535,-0.05188679245283012,-0.030660377358490476
VHM,2024-06-18,0.6666666666666666,1.0,pos,-0.007832898172323688,-0.007832898172323688,-0.014360313315926798,-0.01305483028720622,-0.003916449086161844
VHM,2024-09-04,0.6666666666666666,1.0,pos,0.02941176470588225,0.03294117647058825,0.0117647058823529,0.0117647058823529,0.03294117647058825
VHM,2024-09-13,0.6666666666666666,1.0,pos,-0.029069767441860517,0.023255813953488413,0.020930232558139528,0.01744186046511631,0.009302325581395321
VHM,2024-09-25,0.6666666666666666,1.0,pos,0.005662514156285381,-0.016987542468856143,-0.0305775764439411,-0.016987542468856143,-0.03737259343148358
VHM,2024-11-13,0.5,1.0,pos,0.001240694789081953,-0.001240694789081842,0.012406947890818865,0.07444168734491319,0.03970223325062028
VHM,2025-02-17,0.5,1.0,pos,0.002577319587628857,0.0077319587628867925,0.045103092783505216,0.037371134020618646,0.09664948453608257
VHM,2025-05-21,0.5,1.0,pos,0.011887072808320909,0.022288261515601704,0.09212481426448749,0.12481426448736999,0.14561664190193158
VHM,2025-08-11,0.0,2.0,neu,-0.005347593582887722,-0.005347593582887722,0.004278074866310266,0.004278074866310266,0.05240641711229954
VHM,2025-09-19,0.5,1.0,pos,-0.021632251720747342,-0.029498525073746285,-0.036381514257620484,-0.026548672566371723,-0.01671583087512296
VHM,2025-12-03,0.5,1.0,pos,-0.014981273408239626,0.0018726591760300781,0.029962546816479474,-0.030898876404494402,-0.11142322097378266
VHM,2025-12-15,0.0,1.0,neu,0.027027027027026973,0.025945945945945903,0.025945945945945903,0.1355080412065514,0.24279989446529096
VHM,2026-03-18,0.0,1.0,neu,0.002941176470588225,-0.019607843137254943,-0.039215686274509776,0.021568627450980316,0.08039215686274503
VHM,2026-03-30,0.0,1.0,neu,0.0,0.06990291262135928,0.1214822794254802,0.1355080412065514,0.19320388349514572
VHM,2026-04-07,0.6666666666666666,1.0,pos,0.06858784744334459,0.0608695652173914,0.053043478260869525,0.12086956521739145,0.24279989446529096
VHM,2026-04-21,0.0,1.0,neu,0.030864197530864113,0.021947873799725626,-0.03155006858710574,0.00137174211248281,0.12482853223593948
VHM,2026-05-04,-0.6666666666666666,1.0,neg,0.06478873239436611,0.06338028169014076,0.1214822794254802,0.1338028169014085,0.08450704225352124
VHM,2026-05-27,0.6666666666666666,1.0,pos,0.06858784744334459,0.05834464043419274,0.031207598371777445,0.006784260515603879,
VHM,2026-05-29,0.0,1.0,neu,-0.02564102564102566,-0.033333333333333215,-0.048717948717948656,-0.02564102564102566,
VIB,2019-06-19,0.6666666666666666,1.0,pos,0.012903225806451646,0.012903225806451646,0.006451612903225712,0.0,0.029032258064516148
VIB,2020-04-29,0.0,1.0,neu,-0.015527950310559091,-0.015527950310559091,-0.009316770186335477,0.01863354037267073,0.03416149068322971
VIB,2020-06-03,0.6666666666666666,1.0,pos,0.0,-0.005102040816326481,0.012755102040816313,0.007653061224489832,-0.03316326530612246
VIB,2020-07-17,0.5,1.0,pos,0.009195402298850519,0.029885057471264576,0.04597701149425282,-0.016091954022988353,-0.082758620689655
VIB,2020-08-04,0.6666666666666666,1.0,pos,0.0071258907363420665,0.026128266033254244,0.0213776722090262,0.0641330166270786,0.09976247030878849
VIB,2020-08-07,0.6666666666666666,1.0,pos,0.016279069767441978,0.04186046511627928,0.06744186046511635,0.04651162790697683,0.09302325581395365
VIB,2021-04-16,0.25,1.0,pos,0.01989683124539421,0.05895357406042723,0.044952100221075764,0.05526897568165068,0.07885040530582166
VIB,2021-08-17,0.0,1.0,neu,-0.013530927835051498,-0.026417525773195893,-0.07087628865979378,-0.125558085617289,-0.1301546391752577
VIB,2021-11-22,0.5,1.0,pos,0.005151320025756689,0.07469414037347089,0.07083065035415315,0.047005795235029124,-0.02640051513200259
VIB,2021-12-17,0.6666666666666666,1.0,pos,0.03733170134638919,0.005507955936352449,-0.00795593635250913,-0.004895960832313251,0.07833537331701357
VIB,2022-03-03,0.0,1.0,neu,-0.004667444574095736,-0.02392065344224037,-0.030921820303383973,-0.03500583430571769,-0.0390898483080514
VIB,2022-07-29,0.6666666666666666,1.0,pos,0.001494768310911887,0.0,-0.014947683109118204,-0.024663677130044803,-0.029895366218236186
VIB,2022-08-10,0.6666666666666666,1.0,pos,-0.013761467889908285,-0.007645259938837912,0.00917431192660545,0.005351681957186605,-0.03516819571865448
VIB,2022-08-26,0.0,1.0,neu,-0.003915426781519127,-0.01566170712607673,-0.01566170712607673,-0.03132341425215346,-0.08065779169929521
VIB,2022-11-17,0.6666666666666666,1.0,pos,-0.003232758620689613,0.0021551724137931494,-0.014008620689655027,-0.032327586206896464,0.08405172413793127
VIB,2023-06-01,0.5,1.0,pos,0.06858784744334459,0.0767903364969802,0.09490940465918896,0.060396893874029356,0.0742018981880932
VIB,2023-08-18,0.0,1.0,neu,0.015055467511885912,0.015055467511885912,0.01030110935023787,0.0023771790808242432,0.0538827258320127
VIB,2023-09-06,0.6666666666666666,1.0,pos,0.0022505626406601476,-0.0022505626406601476,-0.02175543885971498,0.01650412603150797,0.01650412603150797
VIB,2023-11-28,0.0,1.0,neu,0.004971002485501197,0.0,0.013256006628003414,0.024026512013255896,0.026512013256006606
VIB,2023-12-15,0.5,1.0,pos,-0.013190436933223415,-0.007419620774938296,-0.004946413849958864,-0.002473206924979432,0.042868920032976154
VIB,2024-01-25,0.0,1.0,neu,0.009502923976608235,0.009502923976608235,0.014619883040935644,0.002192982456140413,0.07309941520467844
VIB,2024-01-26,0.0,1.0,neu,0.0,0.005068790731354023,-0.0021723388848661207,-0.02606806661839256,0.06299782766111517
VIB,2024-01-30,0.6666666666666666,1.0,pos,-0.007204610951008772,-0.012247838616714746,-0.03097982708933733,0.023775216138328448,0.06195965417867422
VIB,2024-02-07,0.6666666666666666,1.0,pos,0.018736988202636917,0.018736988202636917,0.013879250520471897,0.027758501040943795,0.018736988202636917
VIB,2024-06-12,0.0,1.0,neu,-0.0019120458891013214,-0.019757807520713766,-0.0388782664117272,-0.041427660930529076,-0.07393244104525176
VIB,2024-06-20,0.6666666666666666,1.0,pos,-0.008643617021276584,-0.031914893617021156,-0.031914893617021156,-0.03856382978723394,-0.03390957446808507
VIB,2024-08-14,0.0,1.0,neu,0.009226401703335663,0.026259758694109347,0.04329311568488281,0.03619588360539394,0.039034776437189445
VIB,2024-08-15,0.0,1.0,neu,0.016877637130801704,0.033755274261603185,0.028832630098452938,0.035161744022503605,0.029535864978903037
VIB,2024-09-24,0.6666666666666666,1.0,pos,0.01832460732984309,0.015706806282722585,0.01308900523560208,0.03664921465968596,0.005235602094240788
VIB,2024-12-17,0.6666666666666666,1.0,pos,-0.0026041666666666297,-0.015625,-0.01302083333333326,-0.0078125,0.02604166666666674
VIB,2025-03-06,0.0,1.0,neu,0.0,0.0,-0.007159904534606243,-0.031026252983293756,-0.026252983293556187
VIB,2025-03-20,0.0,1.0,neu,-0.004901960784313819,-0.022058823529411686,-0.01715686274509809,-0.019607843137254943,-0.08823529411764708
VIB,2025-06-20,0.5,1.0,pos,-0.0053156146179401675,0.0026578073089700283,0.005980066445182786,0.0,0.01661129568106312
VIB,2025-08-05,0.0,1.0,neu,0.01038251366120213,0.013114754098360493,0.04918032786885229,0.031147540983606614,0.06229508196721323
VIB,2025-11-18,0.0,1.0,neu,0.0,0.0,-0.007896221094190636,-0.021432600112803124,-0.013536379018612599
VIB,2026-04-09,0.0,1.0,neu,0.017220172201721784,0.03505535055350539,0.0264452644526445,0.0,0.0030750307503073504
VIB,2026-04-17,0.0,1.0,neu,0.008510638297872353,-0.008510638297872353,-0.003039513677811634,-0.006079027355622935,-0.015197568389057725
VIC,2010-09-28,0.0,1.0,neu,0.025104602510460206,0.01673640167364021,-0.01673640167364021,0.01673640167364021,0.08158995815899583
VIC,2010-12-15,0.0,1.0,neu,-0.04694835680751175,-0.08221212658519435,-0.1057076773092859,-0.125558085617289,-0.12206572769953039
VIC,2010-12-24,0.0,1.0,neu,-0.011173184357541888,0.011173184357541999,0.04469273743016755,0.0837988826815641,0.07262569832402233
VIC,2011-04-15,0.0,1.0,neu,-0.007497656982193068,0.0,0.007497656982193179,0.0,0.0
VIC,2011-07-11,0.0,1.0,neu,-0.02254283137962132,-0.05229936880072139,-0.09017132551848517,-0.06762849413886385,-0.11992786293958524
VIC,2012-08-22,0.0,1.0,neu,-0.045510455104551206,-0.045510455104551206,-0.09102091020910219,-0.07749077490774914,-0.05166051660516613
VIC,2014-04-14,0.0,1.0,neu,-0.007284079084287187,-0.036420395421435936,-0.02913631633714875,-0.0582726326742975,-0.043704474505723234
VIC,2014-06-09,0.6666666666666666,1.0,pos,-0.0075593952483801186,-0.0075593952483801186,-0.015118790496760348,-0.015118790496760348,-0.03779697624190059
VIC,2014-10-13,0.0,1.0,neu,-0.014312977099236623,-0.022900763358778664,-0.04770992366412219,-0.03721374045801529,-0.03912213740458015
VIC,2015-05-18,0.5,1.0,pos,0.007042253521126751,0.017102615694164935,0.019114688128772706,0.041247484909456844,0.05231388329979891
VIC,2015-06-08,0.0,1.0,neu,0.0,-0.008555133079847899,0.0038022813688214363,0.03041825095057038,0.051330798479087614
VIC,2015-09-14,-0.5,1.0,neg,-0.0026572187776793266,-0.0026572187776793266,0.004428697962798989,0.02657218777679371,0.004428697962798989
VIC,2015-10-12,0.6666666666666666,1.0,pos,-0.009425878320479808,-0.016281062553556103,-0.016281062553556103,-0.011996572407883543,0.029991431019708692
VIC,2015-12-10,0.5,1.0,pos,0.0044802867383513245,0.0,0.0044802867383513245,0.014336917562723928,0.016129032258064502
VIC,2017-06-13,0.0,1.0,neu,-0.03483217226092461,-0.01583280557314759,0.0,-0.01583280557314759,-0.008866371120962557
VIC,2017-08-23,0.0,1.0,neu,0.0062893081761006275,0.028930817610062887,0.050943396226415194,0.1355080412065514,0.15408805031446549
VIC,2017-09-28,0.0,1.0,neu,0.008038585209003246,0.0037513397642015,0.005894962486602262,0.037513397642015,0.082529474812433
VIC,2017-11-24,0.5,1.0,pos,0.020102339181286677,0.023026315789473673,0.023026315789473673,0.0014619883040936088,-0.020102339181286566
VIC,2018-02-27,0.6666666666666666,1.0,pos,0.015142690739662124,0.005532906231799695,0.010774606872451908,0.05358182877111228,0.09726266744321488
VIC,2018-04-04,0.5,1.0,pos,0.02754644458680322,0.038436899423446524,0.058082425795430215,-0.01174460815716416,0.018791373051462834
VIC,2018-06-14,0.5,1.0,pos,-0.019878997407087318,-0.02074330164217808,-0.023768366464995694,-0.01598962834917894,0.0324114088159031
VIC,2018-08-01,0.0,1.0,neu,0.0019015423621382421,0.04711599408409062,0.04711599408409062,0.02176209592224798,-0.04310162687513208
VIC,2018-10-02,0.0,1.0,neu,0.0019854401058903015,-0.013677476285020918,-0.034193690712552294,-0.05294506949040367,-0.033311272887712295
VIC,2018-10-31,0.6666666666666666,1.0,pos,-0.017592592592592715,-0.012268518518518512,-0.012268518518518512,-0.012268518518518512,-0.025694444444444464
VIC,2018-11-28,0.0,1.0,neu,0.0,-0.0028678579307300778,-0.0008824178248399983,0.0011030222810501922,0.0019854401058903015
VIC,2019-06-04,0.0,1.0,neu,0.011388179854702418,0.011388179854702418,0.021009228352640852,0.021009228352640852,-0.005105046141763214
VIC,2019-09-20,0.0,1.0,neu,-0.0033917467495759857,0.005841341624269969,0.0024495948746938723,0.0033917467495760967,-0.011682683248539605
VIC,2020-03-17,0.5,1.0,pos,0.005847953216374435,0.0022883295194509046,-0.06763285024154586,-0.125558085617289,-0.05746249682176452
VIC,2020-11-27,0.5,1.0,pos,-0.012403763900769804,-0.0019247219846021402,-0.0019247219846021402,0.0055603079555175405,0.015183917878528685
VIC,2021-02-03,-0.5,1.0,neg,-0.023231477605692774,0.0,-0.06048555881121809,0.004604437002930117,0.006488070322310691
VIC,2021-05-06,-0.6666666666666666,1.0,neg,-0.0037357785702156754,0.0,-0.011377143827475011,-0.04533876719307184,-0.07250806588554937
VIC,2022-04-13,0.6666666666666666,1.0,pos,-0.006082725060827299,-0.018248175182481785,-0.03284671532846717,-0.035279805352798066,-0.051094890510948954
VIC,2022-08-04,0.6666666666666666,1.0,pos,-0.015060240963855387,-0.027108433734939874,-0.01656626506024106,-0.009036144578313365,0.02560240963855409
VIC,2022-08-16,0.6666666666666666,1.0,pos,0.02124430955993928,0.0333839150227615,0.030349013657056112,-0.013657056145675361,-0.03490136570561464
VIC,2022-11-15,0.0,1.0,neu,0.05964912280701751,0.09127016201782547,0.1214822794254802,0.07017543859649122,0.21754385964912282
VIC,2023-04-28,0.0,1.0,neu,-0.015355086372360938,-0.026871401151631447,-0.02303262955854135,-0.028790786948176605,0.02111324376199608
VIC,2023-10-25,0.75,1.0,pos,-0.06875064897881272,-0.06935123042505598,-0.0715883668903804,-0.09619686800894867,-0.03803131991051456
VIC,2023-11-17,0.5,1.0,pos,0.011848341232227444,0.009478672985781866,-0.004739336492891044,-0.019905213270142275,-0.0023696682464455776
VIC,2023-12-19,0.6666666666666666,1.0,pos,0.0009259259259259967,0.0,-0.0009259259259261077,0.008333333333333304,0.022222222222222143
VIC,2024-01-31,0.0,1.0,neu,-0.0032941176470588918,-0.009411764705882342,-0.007058823529411673,-0.0023529411764706687,0.11152941176470588
VIC,2025-05-26,0.0,1.0,neu,0.0,0.02645502645502651,0.02645502645502651,0.03703703703703698,-0.04444444444444451
VIC,2025-11-03,0.0,1.0,neu,0.028659160696008268,0.056806550665301936,0.06345957011258951,0.0184237461617196,0.11054247697031716
VIC,2026-03-30,0.0,1.0,neu,0.042471042471042386,0.08880308880308885,0.08030888030888028,0.09343629343629334,0.2355212355212355
VIC,2026-05-15,0.0,1.0,neu,-0.013157894736842146,-0.012719298245614019,-0.0057017543859649855,-0.05043859649122806,-0.07324561403508767
VJC,2017-09-15,0.0,1.0,neu,-0.004416403785488909,-0.00870662460567817,-0.004416403785488909,0.0644794952681389,0.10006309148264991
VJC,2017-11-23,0.0,1.0,neu,-0.0030575195872347694,-0.0045862793808522095,0.02082935218803761,0.03927001719854761,-0.02226256449455377
VJC,2018-05-07,0.6666666666666666,1.0,pos,0.026771865938364003,0.06689594713062252,0.05529705307168409,0.05590397194686103,0.01085710432261111
VJC,2018-10-08,0.0,1.0,neu,0.01707562060553869,0.03128138900846622,0.0014349261013058001,-0.009972736404075144,-0.08250825082508251
VJC,2019-04-01,0.0,1.0,neu,0.0,-0.0069481090589270655,-0.013016710642040463,-0.036587510993843386,-0.012225153913808295
VJC,2019-06-11,0.0,1.0,neu,-0.0040322580645161255,-0.01935483870967747,-0.0185483870967742,-0.048387096774193505,-0.0008064516129031585
VJC,2019-06-12,0.5,1.0,pos,-0.015384615384615441,-0.014574898785425061,-0.029149797570850122,-0.03238866396761131,0.005668016194332104
VJC,2019-08-21,0.5,1.0,pos,0.009931245225362817,0.023682200152788324,0.008403361344537785,0.011459129106187849,-0.0038197097020626902
VJC,2019-12-03,-0.5,1.0,neg,0.0006877579092159358,0.0,-0.00687757909215958,-0.011004126547455306,-0.01925722145804687
VJC,2020-02-11,0.0,1.0,neu,0.0015503875968991832,0.0015503875968991832,-0.0031007751937984773,-0.0023255813953488857,-0.015503875968992276
VJC,2020-02-19,0.0,1.0,neu,0.0007788161993769194,0.0015576323987538387,-0.0031152647975077885,-0.026479750778816258,-0.055295950155763274
VJC,2020-08-06,0.0,1.0,neu,-0.006930693069306937,-0.00990099009900991,-0.014851485148514865,0.005940594059405946,-0.013861386138613874
VJC,2020-11-19,0.0,1.0,neu,0.04573438874230429,0.04573438874230429,0.03781882145998239,0.05628847845206675,0.04485488126649062
VJC,2021-03-04,0.0,1.0,neu,0.0,-0.005847953216374324,-0.01388888888888895,-0.005116959064327631,-0.01388888888888895
VJC,2021-08-03,0.0,1.0,neu,0.0017241379310344307,0.004310344827586299,0.012068965517241459,0.02327586206896548,0.011206896551724022
VJC,2022-08-09,0.0,1.0,neu,-0.007911392405063333,-0.009493670886076,-0.016613924050633,-0.02373417721518989,-0.022943037974683556
VJC,2023-11-29,0.0,1.0,neu,-0.0449438202247191,-0.013108614232209659,-0.009363295880149836,-0.009363295880149836,-0.016853932584269593
VJC,2025-01-23,0.5,1.0,pos,0.008080808080808133,-0.002020202020202033,-0.008080808080808022,-0.010101010101010055,-0.028282828282828243
VJC,2026-04-13,0.0,1.0,neu,0.0,0.06834532374100699,0.06834532374100699,0.05095923261390878,0.0713429256594722
VJC,2026-04-28,0.0,1.0,neu,0.007274762171236793,0.006715165081141672,0.012870733072188001,0.01846670397313943,-0.03133743704532732
VJC,2026-06-05,0.0,1.0,neu,-0.04225352112676051,-0.03033586132177679,,,
VNM,2008-08-05,0.0,1.0,neu,0.02947845804988658,0.049886621315192725,0.04081632653061207,0.049886621315192725,0.14965986394557818
VNM,2008-12-03,0.0,1.0,neu,0.011976047904191711,0.0,-0.041916167664670545,0.0,0.09281437125748515
VNM,2009-05-13,0.0,1.0,neu,-0.025229357798165264,0.0,-0.00917431192660556,-0.029816513761467878,-0.0665137614678899
VNM,2010-10-04,0.0,1.0,neu,-0.005952380952381042,0.005952380952380931,0.0,0.010714285714285676,0.010714285714285676
VNM,2010-12-01,0.0,1.0,neu,0.006203473945409321,0.012406947890818865,0.006203473945409321,0.0,0.02977667493796532
VNM,2010-12-13,0.0,1.0,neu,-0.011834319526627168,-0.017751479289940697,-0.023668639053254337,-0.028402366863905182,-0.028402366863905182
VNM,2011-02-09,0.0,1.0,neu,0.0,0.011389521640091216,0.0,0.005694760820045719,-0.04328018223234609
VNM,2011-02-16,0.0,1.0,neu,-0.005662514156285492,-0.021517553793884425,-0.054360135900339834,-0.04869762174405434,-0.054360135900339834
VNM,2011-04-22,0.0,1.0,neu,0.00986842105263186,0.026315789473684292,0.07346491228070184,0.10526315789473695,0.1469298245614037
VNM,2011-07-26,0.0,1.0,neu,-0.009057971014492683,-0.009057971014492683,0.0,-0.009057971014492683,-0.017210144927536142
VNM,2011-11-07,0.0,1.0,neu,0.0,-0.013542409123307175,-0.04133998574483255,-0.027797576621525266,-0.013542409123307175
VNM,2011-12-26,0.0,1.0,neu,0.0,0.005380476556495095,0.0,-0.050730207532667215,-0.08993082244427364
VNM,2012-04-20,0.0,1.0,neu,0.0,0.0,0.0,0.005952380952380931,0.0
VNM,2012-05-18,0.0,1.0,neu,0.016832440703901996,0.005355776587605332,0.0,0.0,-0.005355776587605221
VNM,2012-09-07,0.6666666666666666,1.0,pos,-0.018610421836228297,-0.009305210918114204,0.0,0.03784119106699757,0.04714640198511155
VNM,2012-11-01,0.6666666666666666,1.0,pos,-0.04761904761904767,-0.008281573498964856,0.0,-0.016045548654244235,0.039337474120082705
VNM,2012-11-07,0.0,1.0,neu,-0.016045548654244235,-0.008281573498964856,0.0,0.039337474120082705,0.02329192546583858
VNM,2012-12-26,0.0,1.0,neu,0.0,0.0,-0.01145418326693215,0.0,0.17031872509960166
VNM,2013-05-09,0.6666666666666666,1.0,pos,0.0,0.0,0.0,0.008130081300812941,0.048427006009190476
VNM,2013-07-18,0.0,1.0,neu,0.028430160692212603,0.03553770086526575,0.03553770086526575,0.021322620519159452,0.03553770086526575
VNM,2013-08-01,0.3333333333333333,2.0,pos,0.0071620411817368,-0.006863622799164304,0.0071620411817368,0.0,0.041480155177558986
VNM,2013-08-14,0.0,1.0,neu,0.013356562137049943,0.006678281068525083,0.006678281068525083,-0.00696864111498241,-0.09552845528455278
VNM,2013-08-28,0.5,1.0,pos,-0.0073836276083466545,-0.022471910112359494,0.0,0.04526484751203874,0.030176565008025902
VNM,2013-11-04,0.75,1.0,pos,0.007319304666056681,0.007319304666056681,0.0,-0.007014333638304282,0.014333638304361074
VNM,2014-04-08,0.5,1.0,pos,-0.020502454519203073,-0.02714409471556467,-0.03407450187698524,-0.04071614207334695,-0.05428818943112912
VNM,2014-04-17,0.6666666666666666,1.0,pos,-0.007224563515954352,-0.014148103552077074,-0.007224563515954352,-0.014148103552077074,-0.0568934376881397
VNM,2014-06-30,0.5,1.0,pos,0.0,0.024649092776446446,0.041081821294077336,0.05751454981170823,0.04929818555289267
VNM,2014-08-19,0.5,1.0,pos,-0.017448856799037515,-0.008724428399518591,-0.008724428399518591,-0.017448856799037515,-0.026173285198556107
VNM,2014-09-25,0.0,1.0,neu,0.0,-0.0093820769977353,-0.0093820769977353,0.0187641539954706,0.03752830799094142
VNM,2014-11-10,0.6666666666666666,1.0,pos,0.0,0.0,0.0,0.0,-0.03825857519788922
VNM,2014-11-21,0.6666666666666666,1.0,pos,-0.009847198641765642,-0.009847198641765642,-0.009847198641765642,-0.019694397283531395,-0.014940577249575426
VNM,2015-01-29,0.0,1.0,neu,-0.009797517962116253,-0.019268451992161983,-0.038210320052253444,-0.019268451992161983,0.0
VNM,2015-02-27,0.6666666666666666,1.0,pos,-0.009209272785011047,0.0,0.009209272785011269,-0.009209272785011047,0.0
VNM,2015-03-25,0.6666666666666666,1.0,pos,0.0,-0.018589743589743524,-0.018589743589743524,-0.018589743589743524,-0.009294871794871762
VNM,2015-05-18,0.25,1.0,pos,0.0,0.01894186806009146,0.009470934030045619,0.009470934030045619,0.009470934030045619
VNM,2015-09-28,0.0,1.0,neu,-0.019654714475431656,-0.019654714475431656,-0.009827357237715773,0.009827357237715884,-0.009827357237715773
VNM,2015-11-04,0.5,1.0,pos,0.040748898678414136,0.048898678414096786,0.032599118942731264,0.05704845814977988,0.0731277533039647
VNM,2017-08-07,0.0,1.0,neu,-0.011025819958129901,-0.02400558269364972,-0.014235868806699359,-0.012979762735519929,-0.018283321702721622
VNM,2017-09-18,0.5,1.0,pos,-0.003977837761045655,-0.0007103281716152043,-0.006677084813183631,-0.006677084813183631,-0.0034095752237532917
VNM,2017-10-23,0.0,1.0,neu,0.006721967963386755,0.016876430205949644,0.02560068649885583,0.026315789473684292,0.06750572082379858
VNM,2018-05-10,0.5,1.0,pos,-0.011090357226243297,-0.011090357226243297,-0.022180714452486483,-0.08335279010039698,-0.06665888395984121
VNM,2019-02-12,0.5,1.0,pos,0.002094111850209357,0.010101010101009944,0.015890613451589042,0.03325942350332589,0.05863513180586333
VNM,2019-04-11,0.0,1.0,neu,0.0006268020559108134,0.0028832894571895196,-0.004512974802557301,-0.01918014291086878,-0.04287326062429486
VNM,2019-05-27,0.5,1.0,pos,-0.014843948236488047,-0.008119766556711316,-0.018650088809946674,-0.04478558741436167,-0.04174067495559497
VNM,2019-06-07,0.0,1.0,neu,0.00238885202388861,-0.00862641008626397,-0.01101526211015258,-0.022826808228268103,-0.00862641008626397
VNM,2019-08-08,0.0,1.0,neu,0.0008337965536409087,-0.002501389660922615,-0.024041133963312866,0.009032795997776732,0.025708727070594906
VNM,2019-08-26,0.0,1.0,neu,-0.012409369771333001,-0.009063022866703907,0.020775237032905736,0.02914110429447847,0.02663134411600665
VNM,2019-10-01,0.0,1.0,neu,-0.007875032274722416,0.0077459333849729806,0.004647560030983655,0.0077459333849729806,0.0023237800154920496
VNM,2019-11-20,0.0,1.0,neu,-0.016124733475479824,-0.02025586353944575,-0.008928571428571397,-0.015325159914712283,-0.04197761194029859
VNM,2020-02-26,0.0,1.0,neu,0.02294007490636707,-0.004681647940074862,-0.004681647940074862,-0.0018726591760299671,-0.032303370786516905
VNM,2020-04-06,0.6666666666666666,1.0,pos,0.024016351558507898,0.029126213592232997,0.040538238800885695,0.03014818599897806,0.03951626639414063
VNM,2020-04-08,0.5,1.0,pos,0.011089043363124773,0.006123800066203167,0.0009930486593843213,0.0019860973187686426,-0.015061238000662058
VNM,2020-04-13,0.0,1.0,neu,-0.0009920634920633775,0.0009920634920634885,0.001984126984126977,0.009093915343915349,0.03736772486772488
VNM,2020-05-18,0.0,1.0,neu,0.013419849579707988,0.02610234478690443,0.035098068131544036,0.05839846630290513,0.04497861672319714
VNM,2020-06-10,0.0,1.0,neu,-0.005727987211935459,-0.040628746503263535,-0.08938324230717987,-0.06021047022778736,-0.04795524177434385
VNM,2020-07-28,0.0,1.0,neu,-0.03546725533480499,-0.00824135393671821,-0.026342899190581415,0.012803532008829777,0.04179543782192785
VNM,2020-11-23,0.6666666666666666,1.0,pos,-0.008997120921305224,-0.0008397312859883543,-0.0062380038387716,-0.02171305182341654,-0.005398272552783134
VNM,2021-01-29,0.5,1.0,pos,-0.001023017902813228,0.034910485933503876,0.06700767263427099,0.06611253196930944,0.05051150895140677
VNM,2021-02-19,0.0,1.0,neu,-0.00462568472306768,-0.009251369446135138,-0.02032866707242853,-0.029580036518563668,-0.04625684723067569
VNM,2021-04-01,0.75,1.0,pos,0.01679031628270211,0.01574905635819346,0.004945984641416157,-0.010933229207340966,-0.018872836131719417
VNM,2021-04-02,0.0,1.0,neu,-0.0010240655401945187,-0.0116487455197134,-0.025345622119815725,-0.02828981054787516,-0.05645161290322598
VNM,2021-05-04,0.6666666666666666,1.0,pos,0.004305396096440761,-0.021814006888633886,-0.05022962112514351,-0.004448909299655579,-0.05022962112514351
VNM,2021-08-11,0.0,1.0,neu,-0.004285714285714226,-0.010999999999999899,-0.015285714285714236,-0.009857142857142787,-0.04399999999999993
VNM,2021-10-11,0.0,1.0,neu,0.004396539497943275,0.001134590838179017,0.0,-0.002269181676358145,0.001134590838179017
VNM,2021-12-06,0.75,1.0,pos,0.014065539428400387,0.008229836899595888,0.019901241957204885,0.01286847224300458,0.0046386353434086924
VNM,2022-02-15,0.0,1.0,neu,-0.009894867037724242,-0.0049474335188621765,-0.007421150278293154,-0.014842300556586419,-0.02473716759431055
VNM,2022-05-13,0.6666666666666666,1.0,pos,-0.004558404558404616,0.05906932573599244,0.06343779677113015,0.030199430199430166,0.10446343779677103
VNM,2022-08-10,0.0,1.0,neu,-0.019246861924686165,-0.008368200836820106,-0.01389121338912136,0.0013389121338911458,0.07163179916317985
VNM,2022-08-12,0.6666666666666666,1.0,pos,-0.005569620253164542,-0.0013502109704640608,0.009789029535864913,0.030717299578059132,0.06953586497890285
VNM,2022-08-18,0.0,1.0,neu,0.009588361712679738,0.004132914531327581,0.03273268308811361,0.06133245164490009,0.05587700446354771
VNM,2022-08-24,0.5,1.0,pos,0.0026550054661877986,-0.010307668280493565,-0.028267999375292896,-0.028267999375292896,-0.02311416523504617
VNM,2022-10-11,0.6666666666666666,1.0,pos,0.02005185825410538,0.051339671564390565,0.05410544511668092,0.0898876404494382,0.08262748487467597
VNM,2022-11-04,0.0,1.0,neu,0.02745335962384332,0.030031851964204215,0.011224025481571198,-0.020021234642803032,-0.03746397694524506
VNM,2022-11-08,0.5,1.0,pos,-0.018259461051391424,-0.04859372699160647,-0.04859372699160647,-0.06552790457959057,-0.035193638639375635
VNM,2022-11-17,0.5,1.0,pos,0.013252434935334456,0.025067858853584646,0.046144020437489885,0.0684975251476927,0.08430464633562185
VNM,2022-11-24,0.0,1.0,neu,0.012253436939629214,0.006126718469814607,0.022115959354453096,0.014793783622235379,-0.002540346682606165
VNM,2022-12-06,0.0,1.0,neu,0.0,-0.01823797617296652,-0.030298573319605615,-0.05456684806589196,-0.04603618179143987
VNM,2023-02-13,0.0,1.0,neu,-0.008073452588253982,0.009339876523666302,0.015830299192654662,0.029127750514484685,-0.0014247269273389707
VNM,2023-02-20,0.6666666666666666,1.0,pos,-0.0038455622211966967,-0.025688355637594196,-0.02322719581602839,-0.02968774034763888,-0.0321489001692048
VNM,2023-02-21,0.0,1.0,neu,-0.02192711550339721,-0.019456454601606055,-0.03242742433600998,-0.02192711550339721,-0.018066707844348384
VNM,2023-02-22,0.0,1.0,neu,0.002526049889485238,-0.01073571203031276,-0.004104831070413706,0.018471739816861454,0.013103883801705019
VNM,2023-03-06,0.5,1.0,pos,0.01064844246662422,0.019866497139224393,0.019866497139224393,0.025270184361093406,-0.009376986649713981
VNM,2023-04-28,0.0,1.0,neu,-0.019925068119891032,-0.017029972752043543,0.005790190735694978,0.007152588555858319,-0.014305177111716527
VNM,2023-06-07,0.0,1.0,neu,-0.01044480461012065,-0.005942733657482435,0.025751845849090627,0.013686295696020201,0.0016207455429497752
VNM,2023-06-08,0.6666666666666666,1.0,pos,0.0045495905368517775,0.03657870791628759,0.03202911737943581,0.012192902638762382,0.021292083712465715
VNM,2023-06-12,0.6666666666666666,2.0,pos,-0.004389044943820197,-0.0117626404494382,-0.02352528089887651,-0.030898876404494402,0.039852528089887596
VNM,2023-06-27,0.6666666666666666,1.0,pos,0.001521812647953924,0.0199526547176192,0.00710179235711883,0.001521812647953924,0.03263442678390249
VNM,2023-08-01,0.0,1.0,neu,0.0012547051442912682,-0.013017565872020076,-0.007528230865746499,0.012860727728983612,-0.010351317440401409
VNM,2023-08-08,0.0,1.0,neu,-0.01889129761536079,-0.01889129761536079,-0.013471663053576943,-0.02291731186125734,-0.024156085475379285
VNM,2023-08-23,0.3333333333333333,2.0,pos,0.016323967979908982,0.018992308899701715,0.05980222884947417,0.05854653900486584,0.088369172814315
VNM,2023-08-24,0.6666666666666666,2.0,pos,0.002625482625482567,0.04277992277992282,0.03613899613899618,0.04154440154440153,0.06424710424710423
VNM,2023-09-05,0.0,1.0,neu,-0.0012962696240818028,-0.007489557828028404,-0.0012962696240818028,0.0024485092899322325,-0.014979115656056585
VNM,2023-09-14,0.5,1.0,pos,0.0013077593722754521,-0.006248183667538432,-0.006248183667538432,-0.017582098227259424,-0.05783202557396094
VNM,2023-11-16,0.5,1.0,pos,-0.00426649163111259,-0.014276337381030513,-0.011486708237610666,-0.022809320643255693,-0.041352149655398684
VNM,2023-11-30,0.6666666666666666,1.0,pos,0.014892160219103001,0.020883259157822742,0.010441629578911371,0.014892160219103001,0.014892160219103001
VNM,2023-12-04,0.0,1.0,neu,-0.010228034875922165,-0.004359490274983169,-0.005868544600938996,0.017437961099932897,-0.026156941649899457
VNM,2024-02-23,0.5,1.0,pos,0.0,0.014032258064516023,0.01693548387096766,0.007096774193548372,-0.014032258064516134
VNM,2024-03-14,0.0,1.0,neu,-0.011371020142949995,-0.024366471734892814,-0.025828460038986423,-0.017056530214424992,-0.027128005198180705
VNM,2024-03-18,0.6666666666666666,1.0,pos,-0.0014985014985015033,0.0014985014985013922,0.007492507492507405,-0.008824508824508803,-0.013153513153513097
VNM,2024-04-26,0.5,1.0,pos,0.006086956521739184,0.009217391304347844,0.012347826086956504,0.04452173913043489,0.03078260869565219
VNM,2024-05-02,0.6666666666666666,1.0,pos,0.003111495246326701,0.006222990492653402,0.039757994814174635,0.018323249783923856,0.027484874675885784
VNM,2024-08-06,0.0,1.0,neu,0.015083190794588752,0.0,0.008241331052713408,0.015083190794588752,0.039807183952728975
VNM,2024-08-07,0.0,1.0,neu,-0.014859068627451011,-0.006740196078431349,-0.010876225490196179,0.0027573529411764053,0.02037377450980382
VNM,2024-08-08,0.6666666666666666,1.0,pos,0.008241331052713408,0.004042917120198997,0.015083190794588752,0.015083190794588752,0.020681076037941226
VNM,2024-11-07,0.0,1.0,neu,-0.002984084880636617,-0.010610079575596787,-0.015086206896551824,-0.013594164456233404,-0.030338196286472163
VNM,2024-11-08,0.0,1.0,neu,-0.007648819421350206,-0.01213834386431667,-0.010641835716661108,-0.030428999002327872,-0.021283671433322215
VNM,2024-11-13,0.6666666666666666,1.0,pos,0.0,-0.019999999999999907,-0.027731092436974802,-0.021512605042016797,-0.0062184873949578945
VNM,2024-11-21,0.6666666666666666,1.0,pos,0.006325867669687124,0.006325867669687124,0.014019490511198551,0.009403316806291695,0.006325867669687124
VNM,2024-12-30,0.6666666666666666,1.0,pos,0.0015410958904109595,-0.0032534246575341985,-0.004794520547945269,-0.02534246575342458,-0.02688356164383565
VNM,2025-01-21,0.5,1.0,pos,-0.003157340817400489,0.0033327486405894113,0.0064900894579900115,-0.025784950008770346,-0.02262760919136997
VNM,2025-02-19,0.0,1.0,neu,-0.0016045640934213568,0.009805669459796773,0.0493849170975218,0.0377963986450347,0.03119985737208064
VNM,2025-02-26,0.0,1.0,neu,-0.014258718433258877,-0.014258718433258877,0.001546126095172573,-0.006356296169043096,-0.014258718433258877
VNM,2025-03-12,0.6666666666666666,1.0,pos,-0.0031369815266643064,-0.0015684907633322087,0.012896479609620037,0.0015684907633322087,-0.016033461136284455
VNM,2025-04-11,0.6666666666666666,1.0,pos,-0.010556079170593646,-0.020923656927426926,-0.02620169651272386,-0.01564561734212999,0.013760603204524102
VNM,2025-04-18,0.5,1.0,pos,0.0017234775947914116,-0.01072386058981234,-0.003638452700114869,0.029873611643048692,0.01053236307927996
VNM,2025-08-07,0.6666666666666666,1.0,pos,-0.001547189272821048,0.00979886539453334,0.014784253051401075,0.013237063778579916,-0.013065153859377787
VNM,2025-08-19,0.0,1.0,neu,-0.008305935282920895,-0.006575532098979098,-0.029762934763799986,-0.013151064197958084,0.02145699948087909
VNM,2025-08-27,0.0,1.0,neu,0.008305935282920895,-0.003287766049489438,0.016438830247447633,0.006575532098979098,0.04464440214569998
VNM,2025-09-09,0.0,1.0,neu,-0.008333333333333415,0.014930555555555447,0.048090277777777635,0.07291666666666652,0.021527777777777812
VNM,2025-11-06,0.6666666666666666,1.0,pos,-0.006896551724137945,-0.017241379310344862,0.01551724137931032,0.06551724137931036,0.04655172413793118
VNM,2026-01-14,0.0,1.0,neu,0.048744460856720684,0.028064992614475592,0.04283604135893637,0.03840472673559825,0.0
VNM,2026-02-05,0.0,1.0,neu,0.0,0.00723589001447178,-0.010130246020260358,-0.0014471780028942893,0.02170767004341534
VNM,2026-03-04,0.5,1.0,pos,-0.026194144838212696,-0.03852080123266577,-0.10477657935285056,-0.02927580893682602,-0.04930662557781207
VNM,2026-03-17,0.0,1.0,neu,0.003252032520325354,-0.008130081300813052,-0.024390243902439046,-0.004878048780487809,-0.016260162601625994
VNM,2026-03-27,0.6666666666666666,1.0,pos,-0.014634146341463428,-0.016260162601625994,-0.003252032520325243,-0.024390243902439046,0.021138211382113692
VNM,2026-05-18,0.6666666666666666,1.0,pos,-0.011570247933884392,-0.023140495867768562,-0.024793388429752095,-0.023140495867768562,-0.023140495867768562
