{
  "model": "Parallel LSTM-GNN (knn graph)",
  "timestamp": "2026-06-22_074413",
  "architecture": "Parallel (LSTM temporal + GNN spatial) -> Concatenation fusion",
  "graph_method": "knn",
  "config": {
    "num_stocks": 30,
    "learning_rate": 0.005,
    "batch_size": 11,
    "num_epochs_trained": 5,
    "best_epoch": 1,
    "patience": 3,
    "weight_decay": 1e-05
  },
  "training_summary": {
    "num_epochs_trained": 5,
    "best_epoch": 1,
    "best_val_loss": 136115.96992380221,
    "total_time_minutes": 11.086255892117817
  },
  "test_metrics": {
    "mse": 7.09718779035029e-06,
    "rmse": 0.0026640547648932237,
    "mae": 0.0007159922388382256,
    "r2": 0.7095757722854614,
    "qlike": 0.5708109140396118,
    "directional_accuracy": 67.63865065751858
  }
}