{
  "model": "CryptoMamba Enhanced V2",
  "timestamp": "2026-06-20_002016",
  "config": {
    "hidden_dim": 64,
    "num_layers": 3,
    "d_state": 32,
    "dropout": 0.1,
    "learning_rate": 0.001,
    "weight_decay": 0.0005,
    "num_epochs_trained": 115
  },
  "validation_metrics": {
    "mse": 2.2088313755830313e-07,
    "rmse": 0.0004699820608898845,
    "mae": 0.000324988184729591,
    "r2": -0.05210423469543457,
    "qlike": 0.6427793502807617,
    "directional_accuracy": 4.689655172413794
  },
  "test_metrics": {
    "mse": 1.435323184750814e-07,
    "rmse": 0.0003788565935483787,
    "mae": 0.000336652243277058,
    "r2": -1.1013803482055664,
    "qlike": 1.0007964372634888,
    "directional_accuracy": 2.203856749311295
  },
  "val_test_diff": {
    "mse_diff": -7.735081908322172e-08,
    "rmse_diff": -9.112546734150583e-05,
    "mae_diff": 1.1664058547466993e-05,
    "r2_diff": -1.0492761135101318,
    "qlike_diff": 0.35801708698272705,
    "dir_acc_diff": -2.4857984231024988
  },
  "training_history": {
    "train_losses": [
      1.2437182927047306,
      1.240590347574567,
      1.2213050388502624,
      1.2192725911736488,
      1.2174878231478188,
      1.2057710304012839,
      1.2042896927527662,
      1.1979862469828353,
      1.1906344613657807,
      1.1982887769645114,
      1.1885403155015324,
      1.1822747721705797,
      1.17468198712142,
      1.1671365703333099,
      1.188450637642505,
      1.171685777464003,
      1.161984439306664,
      1.139462192384702,
      1.1641113617510166,
      1.185086858019514,
      1.1451360773084298,
      1.150277874098634,
      1.1417985544452127,
      1.1348199277835072,
      1.1473679103941288,
      1.1344897228310693,
      1.1311158338245355,
      1.1156385952852808,
      1.1362335243315067,
      1.104252853905255,
      1.1000126162368171,
      1.121695341085488,
      1.111246331401591,
      1.1033202956588763,
      1.0983494908882763,
      1.1047015649811276,
      1.1262484552725307,
      1.1128691924068164,
      1.0857872671957285,
      1.0879776047648124,
      1.100080998298132,
      1.1143229135646011,
      1.0764078506321277,
      1.074367547232025,
      1.1070736154632748,
      1.095179317554213,
      1.0713949155695033,
      1.0752245404247969,
      1.082265649623466,
      1.0956627483356673,
      1.0892059717959952,
      1.0686759887579478,
      1.0400843270263582,
      1.0581843443917778,
      1.070694089357583,
      1.064581727855048,
      1.0462073904444587,
      1.0739859424109728,
      1.0582376285543982,
      1.071493740492272,
      1.0754094268634635,
      1.045129965006743,
      1.0497690520758898,
      1.0485697629035644,
      1.0787081333263866,
      1.0468984413540587,
      1.0734960577397976,
      1.0409277019635685,
      1.0664755545978277,
      1.0648503399823073,
      1.0843505344863207,
      1.0825859939433493,
      1.1088541269583523,
      1.0753206037125498,
      1.0593365546105042,
      1.0925328388529003,
      1.0217657519398995,
      1.0488898591753446,
      1.0231587004689675,
      1.061590223239278,
      1.0216451257748425,
      1.032735443832177,
      1.0372298175715051,
      1.0331318358767707,
      1.034490725341833,
      1.0121483927908934,
      1.0739421751701608,
      1.0323304958500952,
      1.0562529697451952,
      1.0138093164225794,
      1.0158143556624089,
      0.9966750994043531,
      0.9859809952805627,
      0.9730741559475098,
      1.0259923769055672,
      1.0299209880660165,
      1.001477682014119,
      1.0205201666872457,
      0.975601334476246,
      0.9911726462250611,
      1.0162941751615056,
      1.0369479657625251,
      1.0207212592633266,
      1.0994128992535033,
      1.0057978083221417,
      1.0112266084355004,
      1.002231479956294,
      1.0064698610946816,
      1.0228545203242663,
      1.0177564975225701,
      0.9951868647674345,
      0.9971536362789711,
      0.9823069315192834,
      0.9737369378782669,
      0.946797323676775
    ],
    "val_losses": [
      0.2613097918422326,
      0.2436327688072039,
      0.2637037414571513,
      0.24843235799799795,
      0.30649051701892976,
      0.26437523086433823,
      0.2591734249954638,
      0.23912517985571985,
      0.27078301913064456,
      0.25489234503196634,
      0.2522638380203558,
      0.26987270881300385,
      0.2566279480638711,
      0.2574020125295805,
      0.2708175378325193,
      0.2607667747399081,
      0.2524800507918648,
      0.25278712809085846,
      0.33660557623142784,
      0.30358897959408554,
      0.3080292214518008,
      0.25519589010788046,
      0.27985743983932165,
      0.28241010172211606,
      0.24953603355780893,
      0.2652611975436625,
      0.2410448459179505,
      0.2507905393191006,
      0.25606114773646643,
      0.24425053272558295,
      0.24473879713079202,
      0.25727052873243456,
      0.25369754984326987,
      0.26463417838449066,
      0.24933668857683305,
      0.2479214979254681,
      0.2791143566693949,
      0.26619389507433644,
      0.31426980184472125,
      0.2541064406218736,
      0.24004017820824747,
      0.2586243740566399,
      0.3185756541788578,
      0.2788120438547238,
      0.2485265633010346,
      0.28270320837264473,
      0.2513682288320168,
      0.3062738364805346,
      0.3178960088154544,
      0.28433845678101416,
      0.2577761832786643,
      0.3443620294008566,
      0.2502932849785556,
      0.2622379284837972,
      0.30218119190438936,
      0.30530978739261627,
      0.29854959832585376,
      0.25197341973366943,
      0.25886269270077994,
      0.34953426666881726,
      0.2911428856137006,
      0.28528273170408996,
      0.2644688676556815,
      0.25863311277783435,
      0.2380700185894966,
      0.28425297594588733,
      0.3991435565378355,
      0.3291286834232185,
      0.36311015357141907,
      0.2781697971665341,
      0.3451124353577261,
      0.36637235497650894,
      0.394652904699678,
      0.28527908351110376,
      0.41282924782970676,
      0.3476174214611883,
      0.2821302077044611,
      0.31364852773106616,
      0.2760204021697459,
      0.2684956682117089,
      0.296608816832304,
      0.28805066726129985,
      0.32748678796317265,
      0.36405135561590607,
      0.27054478228092194,
      0.5927384343484173,
      0.2554147065333698,
      0.4224765705673591,
      0.30111732382489287,
      0.25875714194515476,
      0.26352006520913995,
      0.26844614161097485,
      0.27435653462358145,
      0.322964732899614,
      0.38885044144547504,
      0.2687380375421565,
      0.2923769257638765,
      0.277133177479972,
      0.24331159209427627,
      0.30997615599113965,
      0.27941151546395343,
      0.24131655790235684,
      0.25569169190914737,
      0.26134191356275394,
      0.27932706151319586,
      0.2546327408889066,
      0.32578978072042053,
      0.2502487891394159,
      0.28139182552695274,
      0.26468789739453275,
      0.2913513467039751,
      0.2778161909917127,
      0.2756191780385764,
      0.28285859525203705,
      0.29016671977613284
    ]
  }
}