{
  "model": "Parallel LSTM-GNN (correlation graph)",
  "timestamp": "2026-06-27_140604",
  "architecture": "Parallel (LSTM temporal + GNN spatial) -> Concatenation fusion",
  "graph_method": "correlation",
  "config": {
    "num_stocks": 30,
    "learning_rate": 0.0001,
    "batch_size": 11,
    "num_epochs_trained": 5,
    "best_epoch": 5,
    "patience": 3,
    "weight_decay": 1e-05
  },
  "training_summary": {
    "num_epochs_trained": 5,
    "best_epoch": 5,
    "best_val_loss": 6.024170488672098e-06,
    "total_time_minutes": 48.70365585486094
  },
  "test_metrics": {
    "mse": 7.035166618152289e-06,
    "rmse": 0.0026523888512343524,
    "mae": 0.0007198687526397407,
    "r2": 0.7121137380599976,
    "qlike": 0.5522580146789551,
    "directional_accuracy": 68.38193253287594
  }
}