{
  "model": "Parallel LSTM-GNN (knn graph)",
  "timestamp": "2026-06-21_171257",
  "architecture": "Parallel (LSTM temporal + GNN spatial) -> Concatenation fusion",
  "graph_method": "knn",
  "config": {
    "num_stocks": 30,
    "learning_rate": 0.005,
    "batch_size": 11,
    "num_epochs_trained": 48,
    "best_epoch": 33,
    "patience": 15,
    "weight_decay": 1e-05
  },
  "training_summary": {
    "num_epochs_trained": 48,
    "best_epoch": 33,
    "best_val_loss": 0.9435001927263597,
    "total_time_minutes": 38.99933440287908
  },
  "test_metrics": {
    "mse": 7.023825673968531e-06,
    "rmse": 0.002650250115360535,
    "mae": 0.0007363284239545465,
    "r2": 0.7109563052654266,
    "qlike": 0.7794210910797119,
    "directional_accuracy": 69.61390606719037
  }
}