date,parkinson_variance,garman_klass_variance,rogers_satchell_variance,yang_zhang_n20,log_range,daily_return,har_daily,har_weekly,har_monthly,market_pk,volume_zscore_22,volume_zscore_20,dirty_flag,cleaning_applied,zero_range_flag,zero_volume_flag
2018-03-06,0.002625022107915315,0.0035335108416379027,0.0035813157215247755,,0.08531182035354831,,0.002625022107915315,,,0.0007336489487935249,,,False,none,False,False
2018-03-07,0.003466148535530828,0.0023480986439040094,0.0017919460037150484,,0.09803164968121626,-0.05720034168213828,0.003466148535530828,,,0.000617902414389489,,,False,none,False,False
2018-03-08,0.0007875021823908947,0.001091709834818105,0.0011594366767239532,,0.046727076407969394,0.02312673008001838,0.0007875021823908947,,,0.0004007999179047843,,,False,none,False,False
2018-03-09,0.0003084069991514844,0.00021491049144439718,0.00016902850297664947,,0.0292418495944976,0.017544309650909525,0.0003084069991514844,,,0.0005549498583958557,,,False,none,False,False
2018-03-12,0.00028998849384866344,0.0002069194622795047,0.00016679592657660412,,0.028355225755125005,-0.011661939747842975,0.00028998849384866344,0.0014954136637674372,,0.0004514697770707994,,,False,none,False,False
2018-03-13,0.00011232637830032602,0.0001423507608670126,0.0001384186818190158,,0.01764751681357814,-0.0058823699030665245,0.00011232637830032602,0.0009928745178444393,,0.000460799679954919,,,False,none,False,False
2018-03-14,0.00020327104147447757,0.00022736971295990785,0.00021135566992216677,,0.023739987303073085,-0.011869575555383882,0.00020327104147447757,0.00034029901903316926,,0.0004167986988528655,,,False,none,False,False
2018-03-15,0.00031087301779797173,0.00022186513869566033,0.00017887961241409164,,0.029358525562352467,-0.01731319120167605,0.00031087301779797173,0.0002449731861145847,,0.0003910023816421971,,,False,none,False,False
2018-03-16,0.00030716199224419617,0.00021672056489648901,0.0001726795970709402,,0.029182766757059917,0.023265589728971314,0.00030716199224419617,0.000244724184733127,,0.00046797400105972,,,False,none,False,False
2018-03-19,0.0003035170254709857,0.0003663401552991818,0.0003647646838459459,,0.02900909998308495,-0.005952398527295273,0.0003035170254709857,0.00024742989105759145,,0.00045087929327164206,,,False,none,False,False
2018-03-20,0.00010811072957969961,3.408287747098497e-05,0.0,,0.01731319120167596,-0.01731319120167605,0.00010811072957969961,0.0002465867613134662,,0.0004480180036985388,,,False,none,False,False
2018-03-21,0.00010811072957969961,3.408287747098497e-05,0.0,,0.01731319120167596,0.0,0.00010811072957969961,0.00022755469893451057,,0.0010816063146098299,,,False,none,False,False
2018-03-22,0.0008840052180192349,0.0008625092406224045,0.0009333958009252667,,0.04950740245540307,-0.02459770441396092,0.0008840052180192349,0.0003421811389787632,,0.0003906692881536459,,,False,none,False,False
2018-03-23,0.0005071814524912963,0.0006876530828250904,0.0008562063741949545,,0.037499407666076,-0.01252952961493258,0.0005071814524912963,0.0003821850310281832,,0.0006411481575715836,,,False,none,False,False
2018-03-26,0.00022345769513860348,0.00017888224195955233,0.00016136774572048993,,0.02489088759845633,-0.024732014469846172,0.00022345769513860348,0.00036617316496170675,,0.0005295296321139746,,,False,none,False,False
2018-03-27,6.024559722051665e-05,6.728242993372002e-05,8.324828126329565e-05,,0.012924250980935212,-0.006483004878078266,6.024559722051665e-05,0.0003566001384898702,,0.0006891887920632317,,,False,none,False,False
2018-03-28,6.103185052120526e-05,8.460811022625891e-05,8.460900503018153e-05,,0.013008313513000747,0.0,6.103185052120526e-05,0.0003471843626781713,,0.00043332871329315904,,,False,none,False,False
2018-03-29,0.0013976027181894096,0.0015658669314629037,0.0016233200554845496,,0.06224931754343673,0.037499407666076,0.0013976027181894096,0.0004499038627122063,,0.00033269273220343514,,,False,none,False,False
2018-03-30,0.0003431021427397806,0.0003433631550867665,0.0003044389189094469,,0.030842845710741727,0.02474990987736062,0.0003431021427397806,0.00041708800076190316,,0.0004768379858977595,,,False,none,False,False
2018-04-02,0.00021556511031992426,0.0002988366968906981,0.0002988478592561741,,0.02444735964846503,0.0,0.00021556511031992426,0.0004155094837981673,,0.0004293186017499877,,-0.43041208308655954,False,none,False,False
2018-04-03,0.0005033751586591473,0.000461198427676801,0.00047103451365605124,0.000572599388688533,0.037358429944980454,-0.024749909877360674,0.0005033751586591473,0.0005041353960858934,,0.0006051221112369616,,-0.607281417372984,False,none,False,False
2018-04-04,0.000641328370765774,0.0008743731595137484,0.0009316172150937109,0.0004892889300286695,0.04216799506779517,0.012451522739318177,0.000641328370765774,0.0006201947001348072,0.0006257879339704288,0.0004777363689300834,-0.5105549238293439,-0.4015337927476175,False,none,False,False
2018-04-05,0.0003473748763249441,0.000347639308346438,0.0003082305351426491,0.00043307025577069463,0.031034298195512313,-0.01245152273931815,0.0003473748763249441,0.00041014913176191405,0.0005222585143526847,0.00042449867737444217,-1.100077652579401,-1.080734161192911,False,none,False,False
2018-04-06,0.00021508775600115877,0.00028291881282683313,0.00029436460420048714,0.0004283848728738506,0.024420276136454203,-0.006284388318151625,0.00021508775600115877,0.00038454625441418974,0.0003744830243740633,0.0004475518589747963,-1.0265103697969957,-0.9894061414830594,False,none,False,False
2018-04-09,0.00022061423493151584,0.0002903865650401498,0.000455264021799622,0.0004358484846451157,0.02473201446984613,-0.006324131749468112,0.00022061423493151584,0.000385556079336508,0.000348715390398637,0.0005425713953162651,-0.9690966873491033,-0.8966175197785957,False,none,False,False
2018-04-10,0.00022061423493151584,0.0003058362698683392,0.00030628801535974857,0.0004462950740962951,0.02473201446984613,-0.005566614772053533,0.00022061423493151584,0.0003290038945909817,0.0003447248102068203,0.000546243778042146,-1.2608961297573635,-1.211296080280364,False,none,False,False
2018-04-11,0.000717307804954361,0.0008501468198285236,0.000907633978437311,0.0004772939349098597,0.044595958677788664,-0.0193242728264027,0.000717307804954361,0.00034419978142869915,0.0003641484152570793,0.000830210232085074,-0.3641309876470804,-0.21942376630193852,False,none,False,False
2018-04-12,6.103185052120526e-05,6.837240845087631e-05,8.488326049216294e-05,0.00047140756260348357,0.013008313513000747,0.006483004878078312,6.103185052120526e-05,0.0002869311762679514,0.00036181684581257373,0.0005672303766443009,-2.0945059348092294,-2.1581946945742767,False,none,False,False
2018-04-13,0.0002473555911304051,0.00034290766117555776,0.0004303191784907311,0.00048000376481458905,0.02618807595741076,-0.006483004878078266,0.0002473555911304051,0.00029338474329380064,0.0003638206889787523,0.0005275435938535465,-0.9117774044606549,-0.8429544747955394,False,none,False,False
2018-04-16,0.000549410618853553,0.0006962775710852422,0.0006770940218917521,0.0004938350720906844,0.03902934390573508,-0.006525308634922515,0.000549410618853553,0.00035914402007820813,0.0003746633072085514,0.000447460681949479,-0.5041412729091197,-0.396823583853092,False,none,False,False
2018-04-17,0.00014004595168657665,0.0001776966333530282,0.0002597081557758124,0.0005050589533305412,0.019705071079332337,0.006525308634922641,0.00014004595168657665,0.00034303036342922023,0.00036706712354684143,0.00042232575124260147,-2.5146122957154047,-2.4061978961373227,False,none,False,False
2018-04-18,0.0005474764878341551,0.00033673586837307777,0.00022985662180252022,0.0005057148951472071,0.03896058438807641,-0.033060862260888176,0.0005474764878341551,0.00030906410000517906,0.00037815619001789464,0.00044896519997661514,-0.23120305292560592,-0.1763743880776156,False,none,False,False
2018-04-19,0.0007966305241675175,0.0004856019214981455,0.00032779288860037236,0.0004840632443900247,0.046997114880584154,-0.03332217738369242,0.0007966305241675175,0.0004561838347344416,0.00040945254431734097,0.0007652334204052749,0.5780148883639185,0.6710566335952484,False,none,False,False
2018-04-20,0.0004225712063471576,0.000567015992941714,0.0006512814974283484,0.00045800202380763056,0.03422887905061147,0.0,0.0004225712063471576,0.0004912269577777921,0.0004237462023522253,0.0006905252681514672,-0.5796817280315638,-0.466837157398893,False,none,False,False
2018-04-23,0.003602999684191892,0.004542229428897018,0.005759019773760834,0.0007017377857551994,0.09994816802034909,-0.027302444432742407,0.003602999684191892,0.0011019447708454598,0.000547336859905528,0.0015141352598364416,-1.8419136025656349,-1.8197327667003007,False,none,False,False
2018-04-24,0.0006544808145611859,0.0005827086822464829,0.0004878251569751615,0.0007225248754791074,0.042598193921510916,-0.028987536873252187,0.0006544808145611859,0.0012048317434203816,0.0005540322854541593,0.0007939974276574059,-1.0811374736512143,-1.110308748247076,False,none,False,False
2018-04-26,0.0018501001338954368,0.0013050147274501827,0.000934311185841913,0.000855871575693605,0.07162099389322098,-0.0148150857851407,0.0018501001338954368,0.001465356472632638,0.0006279705781249245,0.0013931728985975332,0.7672882100773772,0.7047305470602672,False,none,False,False
2018-04-27,0.00032143224188558396,0.000360813204044691,0.0004489251988130537,0.0007973992363253424,0.02985296314968113,0.0,0.00032143224188558396,0.0013703168161762513,0.000639842698336973,0.001020098462817222,-1.1190538078079915,-1.038159531042993,False,none,False,False
2018-05-02,0.0012487262950965014,0.0017094271819237635,0.0023602747717535915,0.0008793069120145325,0.058840500022933395,-0.007490671729157626,0.0012487262950965014,0.00153554783392612,0.000693828809454032,0.0009142532967870137,-0.8749687490299419,-0.7808173121748008,False,none,False,False
2018-05-03,0.001000515441214982,0.0012052956029249533,0.0016316951182675818,0.0009348812349619869,0.052668945582187404,-0.014198061505292538,0.001000515441214982,0.001015050985330738,0.0006757793877733761,0.0010812631022206057,0.26925180759702,0.4142444945204887,False,none,False,False
2018-05-04,0.0001722505344423359,0.00015972593561611517,0.00016493362278379578,0.000933651373102959,0.021853601286620828,0.0066508558699095895,0.0001722505344423359,0.0009186049293069679,0.0006680134055780377,0.0005310248206442493,-1.2596360224476126,-1.1884650609868732,False,none,False,False
2018-05-07,0.0039331651683975725,0.004761609731587565,0.005086545156140239,0.0011575689795986397,0.10442724447482774,0.07214446564929618,0.0039331651683975725,0.0013352179362073951,0.000836995226399749,0.0007122655284678319,0.7727005524741379,0.9496251722724834,False,none,False,False
2018-05-08,0.00026885468660523606,0.00029701449392659565,0.00036323078224888576,0.0011638583777796034,0.02730244443274243,0.0,0.00026885468660523606,0.0013247024251513257,0.0008263352049427531,0.0005617942023532847,0.13007735774347984,0.23446227705187023,False,none,False,False
2018-05-09,0.0008288975664278611,0.0010807236581553865,0.0016604070861291234,0.0012225227979523953,0.04793946228911926,-0.013303965626362815,0.0008288975664278611,0.0012407366794175974,0.0008348610774728479,0.0004992951994479116,-0.8771499324363919,-0.7910539884026884,False,none,False,False
2018-05-10,0.0006544808145611859,0.0003963879996184571,0.0002654101665152207,0.00121842003357542,0.042598193921510916,-0.03636764417087472,0.0006544808145611859,0.0011715297540868383,0.000848820438301768,0.0007468084287395731,-0.6189705011383009,-0.5362883824451432,False,none,False,False
2018-05-11,0.00030750707016290006,0.00034396635308190385,0.0003197456226035632,0.0012170773928508673,0.029199154692262135,0.021978906718775167,0.00030750707016290006,0.001198581061230951,0.0008530213162182107,0.000677728289730765,-1.5309291904785014,-1.430884385885633,False,none,False,False
2018-05-14,0.0003030659712484705,0.00040000035677255076,0.0004216774095108583,0.0011982542792607987,0.028987536873252187,0.007220247973487097,0.0003030659712484705,0.00047256122180113077,0.0008567691224144361,0.00039895491239130327,-2.0172715355189164,-1.9316946833021411,False,none,False,False
2018-05-15,0.001142817169388747,0.0008933660349994594,0.0007879741103234687,0.001283474627997484,0.05628998130599467,0.02047245510497535,0.001142817169388747,0.0006473537183578329,0.0008986874376170375,0.0003965871090995299,1.019702774564358,1.046713670296867,False,none,False,False
2018-05-16,0.00016014807458896677,0.00022201237274689227,0.00024737669801358215,0.001268892042438326,0.021071894682106414,0.007023733879307705,0.00016014807458896677,0.000513603819990054,0.0008733619953277014,0.00043396725146607014,-1.5404949403930173,-1.494742083802587,False,none,False,False
2018-05-17,0.00016014807458896677,0.00022201237274689227,0.00024737669801358215,0.001252117364589743,0.021071894682106414,0.0,0.00016014807458896677,0.00041473727199561015,0.0008778672782398724,0.0005314858132426947,-0.1452330734725015,-0.07744232114624058,False,none,False,False
2018-05-18,0.000618805726532627,0.0006910422451622141,0.0006636804507637921,0.0012740222037267222,0.041420934062883656,0.020779968491745435,0.000618805726532627,0.0004769970032695556,0.0008947513753036096,0.0006437281806454258,1.1600843012992068,1.1452032293960184,False,none,False,False
2018-05-21,0.000618805726532627,0.0007842252884421612,0.0007626274651667509,0.0012923674688758325,0.041420934062883656,-0.013805223564673402,0.000618805726532627,0.0005401449543263869,0.0008979056983799312,0.0005298265507931864,2.0766286459936785,2.0473534265377267,False,none,False,False
2018-05-22,0.001483342331979254,0.0017601054488055679,0.0019235656467599923,0.0013738202342242496,0.06413032216406321,-0.0416911818848421,0.001483342331979254,0.0006082499868444883,0.000958964624756871,0.0010981327606557898,0.15450508644567443,0.2451519286919874,False,none,False,False
2018-05-23,0.0008898791227340394,0.0009090400294836719,0.000831041811684929,0.001400811094132491,0.04967160979723757,0.01438873745209967,0.0008898791227340394,0.0007541961964735029,0.000974528380888684,0.0008537471354813931,0.8529256791888778,0.9149852381640422,False,none,False,False
2018-05-24,0.0004409538102663831,0.0006112917806866169,0.0006462159441884817,0.001174156392598793,0.03496546240754202,0.0,0.0004409538102663831,0.0008103573436089861,0.0009583612575295414,0.0005741128845980901,-2.456546717079195,-2.4002419640654757,False,none,False,False
2018-05-25,0.0004409538102663831,0.0005313150319371712,0.0005259616226540857,0.0011877894842799057,0.03496546240754202,0.0,0.0004409538102663831,0.0007747869603557374,0.000959196830434961,0.0007847256870131156,1.121708969292511,1.0350421942626429,False,none,False,False
2018-05-28,0.001570067009646327,0.0014132731469690255,0.0012137021886816342,0.0011138907272668207,0.06597840619555874,-0.05884050002293335,0.001570067009646327,0.0009650392169784774,0.0008667907997737988,0.0015491461511058554,1.0005748763996134,1.0051837391889682,False,none,False,False
2018-05-29,0.0009418914498759739,0.0005636454931898997,0.00037165704500531426,0.0011109869969341381,0.05110261844074334,0.03717900324175403,0.0009418914498759739,0.0008567490405578212,0.0008798549195608347,0.002016300214730318,-1.1366571890529236,-1.0782444920470264,False,none,False,False
2018-05-30,0.000316687225314699,0.0004179818123068798,0.0004406657598532439,0.0010299494029361886,0.02963179760637115,-0.014706147389695449,0.000316687225314699,0.0007421106610739532,0.0008101543328071646,0.0005564479535666582,-1.7368596439697779,-1.6654904940519661,False,none,False,False
2018-05-31,0.00048404572343124655,0.0004844217357484705,0.0004295167412374587,0.0009715114196767862,0.03663413317978017,0.021978906718775167,0.00048404572343124655,0.0007507290437069259,0.0008175458546956039,0.000809155252854286,0.7098239145957934,0.7060068209417281,False,none,False,False
2018-06-01,7.575853533104124e-05,2.3883557969754955e-05,0.0,0.0009642225461640594,0.014493007302566606,0.007220247973487097,7.575853533104124e-05,0.0006776899887198575,0.0007642291383426285,0.000555567340593396,-0.45751564809462725,-0.43137487871243396,False,none,False,False
2018-06-04,0.00016923550147819561,0.0002147596198122699,0.0003139402310341538,0.0006921415627648675,0.02166149678117925,0.007168489478612497,0.00016923550147819561,0.0003975236870862313,0.000726443686536411,0.0007821997551635766,-0.8382879510434723,-0.7892512232876402,False,none,False,False
2018-06-05,0.00027659558651467307,0.0003834429018959401,0.0003840312668529009,0.0006747925735886765,0.02769270307846239,0.0,0.00027659558651467307,0.00026446451441397106,0.0007311866434487898,0.0006414604528553938,1.4540197658269622,1.4640972354111572,False,none,False,False
2018-06-06,6.475329385380709e-05,6.991652454522233e-05,8.348338052855929e-05,0.0006056499288342495,0.013399039229248642,-0.007168489478612516,6.475329385380709e-05,0.0002140777281217927,0.0005553497400604369,0.0006794885295655211,-0.044173904397979975,-0.03251348365085897,False,none,False,False
2018-06-07,0.00015334225424009235,0.000132600753625007,0.00012846949473930113,0.0005959612443382726,0.020619287202735825,-0.00722024797348702,0.00015334225424009235,0.00014793703428356186,0.0005500991749529303,0.000740022707289351,-0.35275021635475634,-0.34661824196575314,False,none,False,False
2018-06-08,0.00048404572343124655,0.0006505975783580389,0.0007558996414965371,0.0006089297400534494,0.03663413317978017,-0.007272759329079585,0.00048404572343124655,0.00022959447190360293,0.0005344240911803569,0.00044932305194636345,0.8543759140511632,0.7844919346538194,False,none,False,False
2018-06-11,0.00017681290094644512,0.00022438197565560723,0.0003280226792505169,0.0006042611137000427,0.0221411258772135,0.0,0.00017681290094644512,0.00023110995179725287,0.0005127119132887778,0.000536243952037443,-1.3624386740575363,-1.4290513666223355,False,none,False,False
2018-06-12,8.034910933728018e-05,9.003358786245789e-05,0.00011180314611734809,0.0005541384946596978,0.014925650216675792,-0.022141125877213518,8.034910933728018e-05,0.00019186065636177425,0.0005023865514330678,0.0007543758324220643,-1.2711411840250586,-1.2666319327725448,False,none,False,False
2018-06-13,0.00017945208183806527,0.00022741947981051643,0.00022114006883516761,0.0005473110222990817,0.022305757514298186,0.0074349784875179905,0.00017945208183806527,0.0002148004139586259,0.0004967677382780494,0.0004142038406598042,-0.6279088463575824,-0.6198264871649204,False,none,False,False
2018-06-14,7.91631175083802e-05,0.00010974338341053875,0.0002194867668210775,0.0005452160412154341,0.014815085785140682,-0.00743497848751809,7.91631175083802e-05,0.00019996458661228345,0.0004484198268289418,0.0005318037965664758,-0.6905187759130428,-0.6996947093012628,False,none,False,False
2018-06-15,0.00017945208183806527,0.0001639869087799165,0.00016708510720979936,0.0005224325142951305,0.022305757514298186,0.014815085785140682,0.00017945208183806527,0.00013904585829364722,0.0004492972817039009,0.00043005011092131935,-0.49824378995968177,-0.436375914556754,False,none,False,False
2018-06-18,0.0004985515056606414,0.0004989396107278933,0.0004423901889806179,0.000511058733651813,0.03717900324175403,-0.022305757514298277,0.0004985515056606414,0.00020339357923648645,0.0004646792558435224,0.0008473588428705767,-0.13565863474874013,-0.006351205421465571,False,none,False,False
2018-06-19,0.0017201557413230755,0.0015961858895619664,0.0016492725520153167,0.0005053559426309509,0.06906000585641714,-0.04517827385302976,0.0017201557413230755,0.0005313549056336455,0.0005147406201521791,0.0012743946364838596,0.3830546827673728,0.510267964985597,False,none,False,False
2018-06-20,0.0021467203506105232,0.0029759863169526828,0.0029790206642758086,0.000592421054630389,0.07714902872950097,0.007835495523948638,0.0021467203506105232,0.0009248085593881371,0.0005841912848829927,0.0008449997959226223,1.1963978587566724,1.2459612775974822,False,none,False,False
2018-06-21,0.00035159065959382616,0.00046405895080729194,0.000489332461515672,0.0005916114814538564,0.031222048261359926,0.0,0.00035159065959382616,0.0009792940678052264,0.0005327480270472914,0.00047452425318993466,0.7421477356709298,0.743689096477428,False,none,False,False
2018-06-22,0.00019320496853952003,0.0002678389584266825,0.000535677916853365,0.0005829564044364646,0.02314471682378864,0.0,0.00019320496853952003,0.0009820446451455174,0.0005010810200384495,0.0006451017133190841,-0.20511661520392552,-0.24761515471036047,False,none,False,False
2018-06-25,0.00017489944446338402,0.00015120347738969492,0.00014645846483180388,0.0005469097157819342,0.022020995146568228,0.0077745775471300006,0.00017489944446338402,0.0009173142329060658,0.0004889876397746769,0.00041810492366977866,-0.21767357311026092,-0.09266650536089435,False,none,False,False
2018-06-26,0.001016026846082099,0.0013306411578021425,0.0020634532382244933,0.000615844731287649,0.05307564954798087,0.029568200781951184,0.001016026846082099,0.0007764884538578705,0.0005151273232208458,0.00037650796085638853,1.7113805528687474,1.7375338312580024,False,none,False,False
2018-06-27,0.0007033314945222011,0.00022173156394818087,0.0,0.0006273554629702826,0.044159358800919035,-0.021853601286620887,0.0007033314945222011,0.00048781068264020617,0.00047573025435156737,0.0004832205810712639,-0.7514351602571073,-0.8870505637377887,False,none,False,False
2018-06-28,0.00032019756302993424,0.0003526294398398327,0.0003263988605847143,0.0006193559528767462,0.029795572693698254,-0.007714599495330324,0.00032019756302993424,0.0004815320633274276,0.00044747144131311107,0.0005714879158229098,-0.9449607054740389,-1.0018495758037607,False,none,False,False
2018-06-29,0.0003461651378050587,0.0004798867785554427,0.00047991556266829946,0.0006321082956367288,0.03098021234773715,0.0,0.0003461651378050587,0.0005121240971805354,0.00044881134642630916,0.0005872705195996297,-0.5197302360597685,-0.47011738203363307,False,none,False,False
2018-07-02,0.0003571447484021885,0.00028164142988509205,0.00025049039576440554,0.0006296591291696664,0.03146768980441799,-0.023507448766029615,0.0003571447484021885,0.0005485731579682963,0.00044304312028862477,0.0009488870133277727,-0.7018632844261051,-0.7154137532331066,False,none,False,False
2018-07-03,0.0005514785404128138,0.0003883482287124205,0.00030880891802725674,0.0006293964351087781,0.03910272601374261,-0.031205350318791715,0.0005514785404128138,0.0004556634968344393,0.00046466675688325076,0.001414867403050223,0.25357430430164685,0.3451413040510358,False,none,False,False
2018-07-04,0.0005886502441139279,0.0008160425140869853,0.001157565020111933,0.0006762737654642668,0.040399072120210516,0.0,0.0005886502441139279,0.00043272724675278465,0.0004837310633666932,0.00118854846444397,0.14320907720375253,0.270314515557186,False,none,False,False
2018-07-05,0.0012539926750025133,0.0014959345081184746,0.001577404685690906,0.0007454251907746449,0.058964446478223326,-0.03326710098293894,0.0012539926750025133,0.0006194862691473004,0.000528158203752504,0.001338875348318426,-0.477188460848458,-0.442420825880054,False,none,False,False
2018-07-06,0.0012717573361930704,0.0016506281068366666,0.0019421692812277068,0.0007967604103272782,0.059380636976666165,-0.017057982904576625,0.0012717573361930704,0.0008046047088249026,0.0005830220238588342,0.001642029117747891,1.2724953668746355,1.3443510478559255,False,none,False,False
2018-07-09,0.0012717573361930704,0.0017341975589936953,0.0017257342528747043,0.0008497725548037918,0.059380636976666165,-0.008639362590707854,0.0012717573361930704,0.0009875272263830791,0.0006338590730385151,0.000671445742389593,0.6222553721347763,0.6557386283563467,False,none,False,False
2018-07-10,0.0009530903819710224,0.0010831811420310936,0.0013663401435736664,0.0008973810568995849,0.05140552153541545,-0.007621158281072489,0.0009530903819710224,0.001067849594694721,0.000655179284790323,0.00048591572019562255,-0.37884834320835614,-0.5750146679963091,False,none,False,False
2018-07-11,0.0018964157655696826,0.0018571334032466205,0.0020166844200262862,0.0009785891928566692,0.07251193670214734,-0.04470017891790694,0.0018964157655696826,0.001329402698985872,0.0007333430513641066,0.0008554883640800017,0.48693508672052976,0.38547350539912023,False,none,False,False
2018-07-12,0.00026072490249402276,0.00036144146213099704,0.0007228829242619944,0.0010025707220211967,0.026886482184584767,-0.009184909577072553,0.00026072490249402276,0.0011307491444841737,0.0007415419510530493,0.000607873563300122,0.45847486302488627,0.3646643449744765,False,none,False,False
2018-07-13,0.00026072490249402276,0.00022741297373634885,0.00022207250178501414,0.0010322638753946511,0.026886482184584767,0.0,0.00026072490249402276,0.000928542657744364,0.0007452361701737748,0.0003999764742726279,-1.8382197596044472,-1.8795620121830774,False,none,False,False
2018-07-16,0.00012284032871158002,0.0001370970678597529,0.00016950717901739924,0.0010313756761774883,0.01845496437335912,0.0,0.00012284032871158002,0.0006987592562480661,0.0007472214979557383,0.000384071804764354,-2.39708852058092,-2.312742888135851,False,none,False,False
2018-07-17,0.00012284032871158002,0.0001377040722717256,0.00017107853100455374,0.0009613285837321056,0.01845496437335912,0.0,0.00012284032871158002,0.0005327092455961776,0.000744648236449989,0.0005799978209490825,-0.7717817040354619,-0.7111755685017532,False,none,False,False
2018-07-18,0.0022747144803225245,0.001252698566671721,0.0007361875584749234,0.0009098198342269822,0.0794156641630463,0.07014560936675977,0.0022747144803225245,0.0006083689885467461,0.0008253829171164383,0.0007156563607916346,1.386484380983517,1.4918415218864098,False,none,False,False
2018-07-19,0.005314881333994734,0.003035553867110753,0.001880259779620085,0.0010644548960297789,0.121391845058375,0.09726330542520685,0.005314881333994734,0.0016192002748468884,0.00098877953496515,0.0006008073249959287,2.0656829244329336,2.156622204243136,False,none,False,False
2018-07-20,0.00036283149893509504,0.00047927472253151066,0.0007574623276982984,0.0010741943514943981,0.03171722752733599,-0.007835495523948608,0.00036283149893509504,0.0016396215941351026,0.0009076936780708123,0.0006027104556214511,0.24254379706933935,0.26035008836943696,False,none,False,False
2018-07-23,0.0003686551702286708,0.0002907465689474127,0.0002586121674655276,0.0010565197345295614,0.03197075487647108,-0.02388173200338736,0.0003686551702286708,0.001688784562438521,0.0009084693376451235,0.0007164385915312266,-0.47239759998132835,-0.4638727820606855,False,none,False,False
2018-07-24,0.0008074888825268721,0.0011194172845140045,0.0011195172513603993,0.0010021246579189375,0.047316324551131494,0.0,0.0008074888825268721,0.0018257142732015792,0.0009363913337354576,0.0005354818641335409,0.629653580103053,0.728983411708254,False,none,False,False
2018-07-25,9.21520182728903e-05,0.00012774982329752493,0.00025549964659504987,0.0009732366131020148,0.01598435630843638,0.0,9.21520182728903e-05,0.0013892017807916525,0.0009326300870904352,0.0005970421009203626,0.08012097119879669,0.13432948195630492,False,none,False,False
2018-07-26,0.00020902039331282057,0.00026489167936353213,0.0002575788720555867,0.0009652436011190229,0.02407337918152019,0.008024115270048,0.00020902039331282057,0.00036802959265526956,0.0008959479756009227,0.0006552352834297036,-0.9317439502687839,-0.9862147502125224,False,none,False,False
2018-07-27,0.0011027904252675497,0.0011462774834733683,0.0010689521229411783,0.0009975748424173032,0.05529542744288012,0.03146768980441799,0.0011027904252675497,0.0005160213779217605,0.0009141051997257111,0.0005014508969351838,1.2265873004570593,1.1331820339375114,False,none,False,False
2018-07-30,0.00019320496853952003,0.00024484863199716227,0.00023808852073485103,0.0009924464503830012,0.02314471682378864,0.0077145994953303825,0.00019320496853952003,0.0004809313375839303,0.000908332809067056,0.0004609226833478127,-0.005732097435712894,-0.06388523758906413,False,none,False,False
2018-07-31,0.0003461651378050587,0.0004798867785554427,0.00047991556266829946,0.00099284500327292,0.03098021234773715,-0.007714599495330324,0.0003461651378050587,0.00038866658863956767,0.0009083328090670558,0.0006615139103228612,-0.0888772427906494,-0.1136282579849975,False,none,False,False
2018-08-01,0.0001993083730936846,0.00027630007374375426,0.0003079672928268176,0.0009578511202360422,0.023507448766029643,-0.00777457754713004,0.0001993083730936846,0.0004100978596037265,0.0009011584283712148,0.0004520284066054872,-0.43931545565343155,-0.40694854115758117,False,none,False,False
2018-08-02,0.00020246910907975073,0.00028068178421822645,0.00031285899856730264,0.0008967084210588027,0.023693112257288044,-0.007835495523948608,0.00020246910907975073,0.0004087876027571126,0.0008852943633106211,0.0004251490013144944,-1.3249449135430467,-1.2824701238981213,False,none,False,False
2018-08-03,0.001000515441214982,0.0011800795557128044,0.0012151260534748601,0.0008680548978280397,0.052668945582187404,0.03098021234773715,0.001000515441214982,0.00038833260594659907,0.0009040155086333962,0.0003921083137259345,1.283427366436731,1.274728280066806,False,none,False,False
2018-08-06,0.0001722505344423359,0.00016091881492939818,0.00016730111401501462,0.0008151982505944463,0.021853601286620828,0.0,0.0001722505344423359,0.00038414171912716223,0.0008548454113352064,0.0004109801553165988,-1.102914068423135,-1.0117907681149902,False,none,False,False
2018-08-07,0.00017489944446338402,0.0002198224482286749,0.0002137242442011523,0.0007407362674967756,0.022020995146568228,0.0,0.00017489944446338402,0.0003498885804588273,0.0008049882344384024,0.0005778989835807876,-0.5967208803330782,-0.5625828572154163,False,none,False,False
2018-08-08,0.0007033314945222011,0.0007799345333216041,0.000746496594959166,0.0006683295201346494,0.044159358800919035,0.02912371172196825,0.0007033314945222011,0.00045069320474453063,0.0007791506961806358,0.0005335761933074248,1.4603378950240036,1.3956874377973165,False,none,False,False
2018-08-09,0.00048404572343124655,0.0006502971050172358,0.0006442462924760766,0.000665070756395178,0.03663413317978017,0.014706147389695487,0.00048404572343124655,0.0005070085276148297,0.0007578304844288276,0.00048271274272413143,1.0575156965306731,1.0350451459326278,False,none,False,False
2018-08-10,0.000316687225314699,0.0004390217146924715,0.0008780434293849477,0.0006771501959851465,0.02963179760637115,0.0,0.000316687225314699,0.00037024288443477315,0.0006860246416899648,0.00045791348729816054,0.07113624016740586,0.022149661723685016,False,none,False,False
2018-08-13,0.00017681290094644512,0.00024511472755530664,0.0002715496761573042,0.0006891752376378208,0.0221411258772135,-0.014706147389695449,0.00017681290094644512,0.00037115535773559496,0.0006822104598014385,0.000494237535183574,0.8863740862606707,0.8146480684047974,False,none,False,False
2018-08-14,0.00018215079867288267,5.742467354115217e-05,0.0,0.0006819481294380615,0.022472855852058576,-0.02247285585205863,0.00018215079867288267,0.0003726056285774947,0.0006786389096277503,0.0004225327851256554,-0.24851122867446007,-0.4338123150410627,False,none,False,False
2018-08-15,0.001323052078954647,0.0012954586808904822,0.0011708650160696804,0.0006911515054317903,0.06056632127713842,-0.02979557269369829,0.001323052078954647,0.0004965497454639839,0.0007331939891842533,0.0005553638711480107,-0.08333111120611784,-0.08133901433756544,False,none,False,False
2018-08-16,0.00020246910907975073,0.00025696524573933703,0.00037571629339605713,0.0005483348417070538,0.023693112257288044,0.0,0.00020246910907975073,0.0004402344225936847,0.0007368134792009884,0.0003848260638054102,-0.5097192371680762,-0.39605551963388735,False,none,False,False
2018-08-17,0.00032019756302993424,0.00044388807607272855,0.00044458756198243886,0.0005471413136696323,0.029795572693698254,0.015489177042460344,0.00032019756302993424,0.00044093649013673183,0.0006479718011422343,0.000334181961598752,-0.7209743314187333,-0.6618482848501448,False,none,False,False
2018-08-20,0.00019320496853952003,0.0001751612991900091,0.00017718530037209182,0.0005410832326651372,0.02314471682378864,-0.015489177042460304,0.00019320496853952003,0.0004442149036553467,0.0004151683299851791,0.0002909151082592989,-2.4441681307848624,-2.352380644671546,False,none,False,False
2018-08-21,0.00019320496853952003,0.00024448976041663024,0.0003557375211004576,0.0005115670574439286,0.02314471682378864,0.0,0.00019320496853952003,0.00044642573762867426,0.0004074580331490166,0.0002899680090936352,-1.310009386705658,-1.2507946997534132,False,none,False,False
2018-08-22,0.00019320496853952003,0.0002448486319971626,0.00023808852073485103,0.0005222420991011612,0.02314471682378864,0.0077745775471300006,0.00019320496853952003,0.00022045631554564886,0.00039948302398132795,0.0003520445556766755,-1.1288208870713359,-1.0439025086265683,False,none,False,False
2018-08-23,8.520599520907096e-05,0.00011812059069194349,0.00011812233471685072,0.0005176112331538952,0.015370139276658718,0.0077145994953303825,8.520599520907096e-05,0.00019700369277151288,0.00036665198364870064,0.0002572147832381784,-1.1998736613260956,-1.1765172982665473,False,none,False,False
2018-08-24,8.520599520907096e-05,2.686195445904767e-05,0.0,0.0004668221728556882,0.015370139276658718,-0.007714599495330324,8.520599520907096e-05,0.00015000537920734024,0.00036633625532761786,0.00036471404232735725,-1.7561979858448997,-1.7204319223402136,False,none,False,False
2018-08-27,0.00019320496853952003,0.00017658032219378567,0.00017994039575291044,0.00046583858323150866,0.02314471682378864,0.015370139276658718,0.00019320496853952003,0.0001500053792073402,0.00036561737238337695,0.0002874023099762911,0.3561331283790456,0.4316671077328693,False,none,False,False
2018-08-28,7.382016484739162e-05,0.00010233647826487977,0.00010284117314581176,0.00044452219244569006,0.01430639565123793,0.0,7.382016484739162e-05,0.00012612841846891456,0.0003188459969097335,0.0002516359384992731,0.8461833341746962,0.8345125800210921,False,none,False,False
2018-08-29,0.0009418914498759739,0.0005636454931898997,0.00037165704500531426,0.00045632694050148724,0.05110261844074334,0.04382985911166382,0.0009418914498759739,0.00027586571473620536,0.000352877200606845,0.00026813136115369615,1.8364034467592405,1.7506615032196229,False,none,False,False
2018-08-30,0.00047702911431844904,0.000580162698903312,0.0005846872843258061,0.0004635567432721008,0.03636764417087479,0.014493007302566606,0.00047702911431844904,0.0003542303385580809,0.0003588255631756354,0.0003288362389452683,1.0165939258342442,0.9374592035295662,False,none,False,False
2018-08-31,0.0002805920162239172,0.0003196300605878804,0.00040423963406912785,0.0004302957840983511,0.027892046531815384,0.0,0.0002805920162239172,0.0003933075427610502,0.0003625202742270097,0.0002589547286307138,1.4883518049755042,1.495434425672854,False,none,False,False
2018-09-04,0.00017170625610312223,5.413193778745437e-05,0.0,0.00041932127431676907,0.021819047394639673,-0.02181904739463961,0.00017170625610312223,0.0003890078002737706,0.00036112196272807207,0.0003741432805060918,0.5650936962287948,0.5686593872735146,False,none,False,False
2018-09-05,0.00032143224188558396,0.0004455997044081097,0.000559495233871826,0.00043332656696295883,0.02985296314968113,-0.007380107297622534,0.00032143224188558396,0.0004385302156814091,0.00033025454457673574,0.000351830345783006,0.44237338395833065,0.36474175391114333,False,none,False,False
2018-09-06,0.000316687225314699,0.000246822184395188,0.00021708373726446426,0.0004253702036987281,0.02963179760637115,0.00738010729762246,0.000316687225314699,0.0003134893707691541,0.0003368198487072977,0.00031086476077866706,-0.7906742004428872,-0.7513624142352254,False,none,False,False
2018-09-07,0.00047702911431844904,0.0003319518167249662,0.000260701074600839,0.00041736252639602394,0.03636764417087479,0.021819047394639673,0.00047702911431844904,0.0003134893707691541,0.00035055301551889154,0.00027387060940431,0.785682497012011,0.8973239705169365,False,none,False,False
2018-09-10,0.00042856889490667355,0.00030616975847933957,0.00024710452706149606,0.0003972587283354918,0.03447093391135507,0.03447093391135507,0.00042856889490667355,0.00034308474650570535,0.0003380638064454585,0.00028616189954236654,1.6525373633570009,1.6422450464462761,False,none,False,False
2018-09-11,0.00042673742808605717,0.0003010937871203469,0.0002399116974858766,0.00038646979893058604,0.03439720018357616,0.02742245525650408,0.00042673742808605717,0.0003940909809022924,0.00033545888392976804,0.00041684800660546183,1.6310979964898067,1.598512726995047,False,none,False,False
2018-09-12,0.000251294117504986,0.00018609043210113417,0.00015572754765909985,0.0003924833848249554,0.02639574276582348,-0.020496020638635124,0.000251294117504986,0.0003800633560261728,0.00033248646993841745,0.00024749857163965257,0.4461217330998815,0.448232559970098,False,none,False,False
2018-09-13,0.00015360608754852372,0.00021294325300220667,0.00023595558925566104,0.00033882939925367593,0.02063701785637676,0.0,0.00015360608754852372,0.0003474471284729377,0.0003314316147839665,0.00028741084164904157,0.2825766882156059,0.2588565758502189,False,none,False,False
2018-09-14,0.00027122344048470596,0.0003023739252687684,0.00037341792678668095,0.0003384021603101532,0.02742245525650408,0.0068787889468042715,0.00027122344048470596,0.0003062859937061891,0.00033548037122995843,0.0002134825845752964,0.11122538488168565,0.09151842348355525,False,none,False,False
2018-09-17,0.00038975032798945305,0.00039316472266444206,0.0004390415177922035,0.00032934814026794866,0.032872745000574764,0.019516953819019023,0.00038975032798945305,0.000298522280322745,0.00029305756436790424,0.00022833973141197836,0.9527804424731217,0.8749611756354575,False,none,False,False
2018-09-18,5.8037194966104364e-05,8.045663611672618e-05,0.0001609132722334508,0.00032554388328807227,0.01268515952731586,0.0,5.8037194966104364e-05,0.00022478223369875447,0.0002864924773627385,0.0004717002897980831,0.9352313762699453,0.8620148231742,False,none,False,False
2018-09-19,0.0003845462866938566,0.00046418825851233603,0.000462349866879599,0.0003264581928077752,0.032652545041184346,0.013355791181555636,0.0003845462866938566,0.00025143266753652855,0.00028941741934746223,0.0003829211021301788,0.7617426360349103,0.6726802304135596,False,none,False,False
2018-09-20,0.0014335329438938654,0.0007393510746905026,0.0003912776386065058,0.0003379101880415774,0.0630444071524138,0.0634496200421894,0.0014335329438938654,0.0005074180388055969,0.00034579596368175064,0.0002794054485748611,1.188937203524772,1.1240161343666721,False,none,False,False
2018-09-21,0.0014153967913907166,0.0014391703604660967,0.001619329938409396,0.00042238841077650135,0.06264433878096466,-0.024420276136454193,0.0014153967913907166,0.000736252708986799,0.0004013501374477141,0.0005486102160885233,0.8763007477597177,0.8005288498727324,False,none,False,False
2018-09-24,0.00022061423493151584,0.0003058362698683392,0.00030628801535974857,0.00042897158741261806,0.02473201446984613,0.0,0.00022061423493151584,0.0007024254903752116,0.00040259601319280483,0.0003249634131654599,0.048900457446804546,-0.2520693016791882,False,none,False,False
2018-09-25,0.0003426006749847462,0.00034570975260720315,0.00038616383630553266,0.0004403043856071903,0.030820297981921655,0.011890746521521773,0.0003426006749847462,0.00075933818637894,0.0004142957713644264,0.00033774725935064757,0.4528278122734136,0.35049642590554414,False,none,False,False
2018-09-26,0.0001191433564562195,0.00014971805839196484,0.0001454280414595764,0.0004433128627917939,0.01817513483967336,-0.006324131749468112,0.0001191433564562195,0.0007062576003314125,0.00041583837869384226,0.00038558300505748877,-0.014836932687859315,-0.11517067425987194,False,none,False,False
2018-09-27,0.0001191433564562195,0.00010375670280429135,0.00010117397408259036,0.00042270199408123,0.01817513483967336,0.01260852006761969,0.0001191433564562195,0.0004433796828438834,0.000412471941780965,0.00027724178578449586,-0.09784306630130012,-0.088606749772781,False,none,False,False
2018-09-28,0.0003431021427397806,0.00010816602881596473,0.0,0.00040098893780357364,0.030842845710741727,0.030842845710741727,0.0003431021427397806,0.00022892075311369613,0.0004247120316851644,0.00026298343896957965,1.8663441024785539,1.8250131293724867,False,none,False,False
2018-10-01,0.0003184997185358868,0.00038381921030427804,0.0003801283511229171,0.00038941591271120414,0.029716472328477087,-0.012223223230775793,0.0003184997185358868,0.00024849784983457037,0.00039637604389697865,0.0004429451929944506,0.7841376049347202,0.769353914745456,False,none,False,False
2018-10-02,0.00021556511031992426,0.000284495956378709,0.00029975823299483026,0.0004055714028176953,0.02444735964846503,0.006130287397394633,0.00021556511031992426,0.00022309073690160599,0.0003844913164425003,0.00039038069227986886,1.131404562400143,1.0877934794641333,False,none,False,False
2018-10-03,0.00012199456700017692,0.00015460327460422153,0.00015033299333875423,0.0003865064105354008,0.01839132297142367,0.0,0.00012199456700017692,0.00022366097901039745,0.00037728234147778485,0.0003000082151418284,-0.6170678192529697,-0.6862609534575755,False,none,False,False
2018-10-04,0.00021556511031992426,0.00016976364330231793,0.0001507937527072208,0.0003822627724642311,0.02444735964846503,-0.006130287397394663,0.00021556511031992426,0.0002429453297831384,0.00037927592576036674,0.0002599826117107873,0.5892800951617859,0.5094374508334463,False,none,False,False
2018-10-05,0.0006729411153397075,0.00040990824337512654,0.0002764475302668235,0.00038857587825254697,0.04319477916510667,-0.03679475731963936,0.0006729411153397075,0.00030891312430312374,0.00039525360182646326,0.0003375978836831967,0.5635704961900178,0.4972201813617718,False,none,False,False
2018-10-08,0.0007080901723533336,0.0004314098555167502,0.0002910256511457879,0.0004020344893603426,0.04430849609494409,-0.025849581461325204,0.0007080901723533336,0.0003868312150666131,0.00041304464487367394,0.0004150181952438656,-0.2413238174031149,-0.22608226226527225,False,none,False,False
2018-10-09,0.0005474764878341551,0.0006069793164195814,0.0005806932132211422,0.00041409556624299413,0.03896058438807641,-0.01983536105614604,0.0005474764878341551,0.00045321349056945935,0.0004162467982152969,0.000377169503001709,-0.5792369730145043,-0.47667765634600595,False,none,False,False
2018-10-10,0.00039422385464745277,0.0004794086050802156,0.0004829849835811025,0.00042749789600197963,0.03306086226088821,0.019835361056145896,0.00039422385464745277,0.0005076593480989145,0.000414685660021696,0.00031646467810314034,-1.144161006521424,-1.156662120286362,False,none,False,False
2018-10-11,0.0038240070067520958,0.004173895019501599,0.004477032122926912,0.000654873095260525,0.10296794987124276,-0.0738562098160377,0.0038240070067520958,0.001229347727385349,0.0005691070045065159,0.0009818311776263054,1.1294271459139498,1.0462115241481662,False,none,False,False
2018-10-12,0.0033456346881628775,0.0028626619540699704,0.002454371418642941,0.0007980091036206389,0.0963123512595067,0.04732065619007217,0.0033456346881628775,0.0017638864419499828,0.0007097588486273292,0.0011446326112742402,0.21257742854874545,0.049019322488805944,False,none,False,False
2018-10-15,0.00039506073401907857,0.00040052650859856746,0.00035723067301660484,0.0007942283393289769,0.03309593533564306,-0.019516953819019127,0.00039506073401907857,0.0017012805542831317,0.0007207340598305363,0.00044497777185915303,-1.8375005071404529,-1.9949302641487392,False,none,False,False
2018-10-16,0.00042673742808605717,0.0004270661344879499,0.0003786583559021755,0.0008081386270933025,0.03439720018357616,-0.013805223564673402,0.00042673742808605717,0.0016771327423335124,0.0007278028774487795,0.0004130246683747093,-0.9877386767201782,-0.9287437958951752,False,none,False,False
2018-10-17,0.00039506073401907857,0.0005476704678705335,0.0007346565021484778,0.0008263831465070571,0.03309593533564306,0.013805223564673313,0.00039506073401907857,0.0016773001182078372,0.0007280442595410351,0.00032616621069403423,-2.2238232160497846,-2.1033320363434584,False,none,False,False
2018-10-18,0.0004326706011076601,0.0003011855557934913,0.00023662258839092648,0.0007938615578130992,0.03463549666275634,-0.02780370237105295,0.0004326706011076601,0.0009990328370789504,0.0007450730507292876,0.00034398136923359697,-1.1754368686569636,-1.0939084204581244,False,none,False,False
2018-10-19,0.0001511660978288378,0.00014118834488305846,0.00014675657902138366,0.0007172286565746631,0.02047245510497535,-0.013303965626362815,0.0001511660978288378,0.00036013911901214225,0.0007344648603263323,0.0005040382011804993,-0.3408120880042704,-0.2495884911002247,False,none,False,False
2018-10-22,0.00027268393707114574,0.0003630243537292307,0.0003826134958451624,0.0007218095744938633,0.02749618898428291,0.0,0.00027268393707114574,0.00033566375962255565,0.0006816989963798451,0.00038044038146508533,-2.139686154668732,-2.0567861181095144,False,none,False,False
2018-10-23,0.0003030659712484705,0.00042013864698907757,0.0005274580706145077,0.0007241975121644263,0.028987536873252187,-0.007168489478612516,0.0003030659712484705,0.00031092946825503836,0.0006311385045551975,0.0007952949736947462,-0.5896566967983802,-0.5642000699221653,False,none,False,False
2018-10-24,0.0012487262950965014,0.0015444941003059486,0.001522242536350381,0.0007881422015232506,0.058840500022933395,-0.029199154692262124,0.0012487262950965014,0.00048166258047052294,0.0006778708709263332,0.0005248813259539805,-0.577414395488558,-0.5371580030534485,False,none,False,False
2018-10-25,0.001283258421892701,0.001264225551494915,0.0013805484710486273,0.0008982447090194554,0.05964853584337944,0.00738010729762246,0.001283258421892701,0.000651780144627531,0.0007206280412403312,0.0009339669705700038,-0.5313928507242375,-0.5091883382297063,False,none,False,False
2018-10-26,0.00031204651306165513,0.00041154841907890545,0.00043101549478687877,0.000909570611809384,0.02941388520629319,0.0,0.00031204651306165513,0.0006839562276740945,0.000729396366540578,0.0007340162119290279,-2.199084142387945,-2.215660419783623,False,none,False,False
2018-10-29,0.00017945208183806527,0.00016271666955997526,0.00016461888381026906,0.000902157753934447,0.022305757514298186,-0.022305757514298277,0.00017945208183806527,0.0006653098566274785,0.0007321376722397531,0.0004605603816028935,-1.8278166434080925,-1.825303064942548,False,none,False,False
2018-10-30,8.156195465163642e-05,0.00011306887781547979,0.00022613775563096132,0.0008936050233336438,0.015037877364540502,0.007490671729157659,8.156195465163642e-05,0.0006210090533081117,0.0007202494818721101,0.0004980156054290173,-1.3214171828463217,-1.2594732421064154,False,none,False,False
2018-10-31,0.00031204651306165513,0.0004118555695647974,0.0004341962339340674,0.0009188733011301346,0.02941388520629319,0.0221411258772135,0.00031204651306165513,0.00043367309690114236,0.000719956154350554,0.0005996728843908636,-1.1814452541754081,-1.1231270912434066,False,none,False,False
2018-11-01,7.91631175083802e-05,2.4956883047120028e-05,0.0,0.0009040818136937078,0.014815085785140682,-0.022141125877213518,7.91631175083802e-05,0.00019285403602427824,0.0007137560637682113,0.0004195814452989467,-1.9568173872186068,-1.875974480153386,False,none,False,False
2018-11-02,0.00017681290094644512,0.0001603282271918881,0.00016220677586009844,0.0008957579684619843,0.0221411258772135,0.014815085785140682,0.00017681290094644512,0.00016580731360123628,0.0007162478062203142,0.0005389436961325812,-1.4501883097499741,-1.3915761231559969,False,none,False,False
2018-11-05,0.00017681290094644512,0.00022407482516971535,0.00021788766948009825,0.0008758422059960262,0.0221411258772135,0.0,0.00017681290094644512,0.00016527947742291224,0.0007144863421578835,0.0004347770112622188,-1.4930064752427146,-1.4267726272002164,False,none,False,False
2018-11-06,0.0003030659712484705,0.0003378096826996545,0.00041709405745228394,0.0008685251364601039,0.028987536873252187,0.014598799421152631,0.0003030659712484705,0.00020958028074227904,0.0006976738356082817,0.000308466038125149,-0.11088079211496189,-0.00838959280114844,False,none,False,False
2018-11-07,0.00017423151752647242,0.0002211038917174138,0.0003232250416706744,0.0008557868877528686,0.021978906718775167,-0.007272759329079585,0.00017423151752647242,0.0001820172816352425,0.0006734075331161517,0.0002621915394680029,-1.6947055317486277,-1.5937941630637902,False,none,False,False
2018-11-08,0.0004409538102663831,0.0003150481190589188,0.0002542953929200329,0.0006477836901977797,0.03496546240754202,0.03496546240754202,0.0004409538102663831,0.0002543754201868431,0.0006685655932267075,0.00027053650312527374,0.5221313048816469,0.7155230518920466,False,none,False,False
2018-11-09,0.0004473485791450991,0.00014103065319323187,0.0,0.0004991901906421018,0.03521808662388819,-0.04229150249961505,0.0004473485791450991,0.00030848255582657385,0.000670980353431146,0.0003760550111523587,-0.3603307855349714,-0.20945791747367784,False,none,False,False
2018-11-12,0.00017423151752647242,0.00015799199094563028,0.00015984729888194365,0.0004925193428861864,0.021978906718775167,0.007326040092072881,0.00017423151752647242,0.00030796627914257934,0.000505081467557254,0.00042499166896248247,-1.4563956296477139,-1.4156591364740976,False,none,False,False
2018-11-13,0.00017681290094644512,0.00024511472755530664,0.00027315763025173725,0.00048271710926359597,0.0221411258772135,-0.007326040092072898,0.00017681290094644512,0.0002827156650821743,0.00036104411359287066,0.00037114055128802614,-0.8218568365938241,-0.7306638148382039,False,none,False,False
2018-11-14,0.00032143224188558396,0.00035954296482474995,0.00033422614814007504,0.0004535276453399514,0.02985296314968113,-0.022305757514298277,0.00032143224188558396,0.00031215580995399655,0.00035769736395043915,0.00046756630419845916,-0.5277701013781865,-0.4486004759079367,False,none,False,False
2018-11-15,0.0001696613513363573,0.0001478448348210246,0.0001442486387432482,0.0004511532636553751,0.021688733234450218,-0.007547205635382966,0.0001696613513363573,0.0002578973181679914,0.0003460120877345437,0.0004522221408345793,-1.2227267511285869,-1.13380980557974,False,none,False,False
2018-11-16,0.0015050216311686523,0.0010700617449795704,0.0008593997267823285,0.0005040770563978665,0.06459726001391332,0.058840500022933395,0.0015050216311686523,0.0004694319285727021,0.000396464855786797,0.0003843415351524141,1.5554713486450198,1.7784774507199446,False,none,False,False
2018-11-19,0.00042856889490667355,0.0005747950946378646,0.0005692857001883278,0.0005212765689929766,0.03447093391135507,0.006230549750636163,0.00042856889490667355,0.0005202994040487423,0.00039627841459584313,0.0004672111845969981,0.46193889777573427,0.555844209617746,False,none,False,False
2018-11-20,0.00015334225424009235,0.00021257750237445267,0.00024585551566060803,0.0005087087251758869,0.020619287202735825,-0.006230549750636086,0.00015334225424009235,0.0005156052747074718,0.0003963773307963546,0.00045608967916929786,-0.5237843835123162,-0.4528843021139547,False,none,False,False
2018-11-21,0.0006544808145611859,0.000827326313937879,0.0009277905535525622,0.0004856568983489046,0.042598193921510916,0.0,0.0006544808145611859,0.0005822149892425922,0.0004137317343186292,0.00035964927594025857,-0.2219371677929811,-0.08290639479349063,False,none,False,False
2018-11-22,0.00042856889490667355,0.00013511018924547988,0.0,0.00038792311941260706,0.03447093391135507,0.02730244443274243,0.00042856889490667355,0.0006339964979566554,0.0004194364126667294,0.0003617174268772218,1.5043461917006515,1.7722366469117046,False,none,False,False
2018-11-23,0.0004387283867393051,0.00030958342985551386,0.00024670036190637036,0.00039613754643165044,0.03487711824677966,-0.013998478806379567,0.0004387283867393051,0.0004207378490707859,0.0003826183259232204,0.00032577925388298923,0.9873625045312773,1.0524001181374287,False,none,False,False
2018-11-26,0.0013278677923308395,0.0009758081084295869,0.0008103819607341115,0.0004322897583405057,0.06067644737162783,0.04732065619007217,0.0013278677923308395,0.0006005976285556191,0.0003846460245794995,0.00029725284252526003,1.311381297028475,1.2159759775826682,False,none,False,False
2018-11-27,0.00039506073401907857,0.00040052650859856746,0.00035723067301660484,0.00043908067752957715,0.03309593533564306,-0.019516953819019127,0.00039506073401907857,0.0006489413245114163,0.0003884193982593823,0.00026776672435514874,0.6723123773352189,0.6205684466724712,False,none,False,False
2018-11-28,6.687937430518271e-05,9.271449947450129e-05,9.271557395519812e-05,0.0004148884146093154,0.013617231691830853,0.006831794291703272,6.687937430518271e-05,0.0005314210364602156,0.0003833024570078876,0.00025062829668356256,-0.4369882003617061,-0.4123674335444213,False,none,False,False
2018-11-29,0.0004004804234698297,0.0003929065668165037,0.000345667391054716,0.00043179659814522456,0.033322177383692406,-0.013710583238507693,0.0004004804234698297,0.000525803342172847,0.0003977987510450783,0.00025654288866136364,0.8006027938761414,0.7319644748793707,False,none,False,False
2018-11-30,0.00015574148702772846,0.00019762497013017707,0.00028886607294196934,0.00043642669203141184,0.020779968491745435,0.0068787889468042715,0.00015574148702772846,0.00046920596223053157,0.0003906939771344453,0.0003679547509721331,-0.19400154894944877,-0.29008049174578593,False,none,False,False
2018-12-03,0.0001373847781022529,0.00019045574318686062,0.00022023572012703745,0.00044236996975567053,0.019516953819019023,0.013617231691830853,0.0001373847781022529,0.00023110935938481432,0.00039334041625234856,0.00046152555781848813,0.79024793447886,0.6948354004986625,False,none,False,False
2018-12-04,0.000744834525519786,0.0004461932095217411,0.0002946110108898686,0.0004452877771650783,0.04544358926615477,0.03896058438807641,0.000744834525519786,0.0003010641176849558,0.00041915958100568226,0.0003128735849152509,2.344311943983792,2.272825833848918,False,none,False,False
2018-12-05,0.0002506267521712616,0.0002812164828021829,0.0003497320909257481,0.0004557575743672685,0.026360669691068633,0.0,0.0002506267521712616,0.00033781359325817155,0.00042251475606135575,0.0003336954745122117,1.0744629732327153,1.0308457276398721,False,none,False,False
2018-12-06,0.0002506267521712616,0.00028121648280218233,0.0003497320909257481,0.0004554752419686872,0.026360669691068633,-0.013093476747019658,0.0002506267521712616,0.00030784285899845793,0.0004201311551942099,0.00035354991213271125,0.842289200249299,0.8277437389518365,False,none,False,False
2018-12-07,6.265124599899203e-05,7.018800877518931e-05,8.713924267868947e-05,0.00044500817285747404,0.01317976244440982,0.006568168112097169,6.265124599899203e-05,0.0002892248107927106,0.00041505932467023347,0.00025352056732915867,0.25717652364466975,0.2658435285761477,False,none,False,False
2018-12-10,0.00014190404262693357,0.00012961907247733883,0.00013201620150856915,0.00044219433829359553,0.019835361056145896,-0.013179762444409847,0.00014190404262693357,0.00029012866369764677,0.0004014661534138949,0.0003028210420948378,0.23892533799841534,0.14115676561947033,False,none,False,False
2018-12-11,0.00024458409874583,0.0002777382945287633,0.00025969506078048373,0.000442930004337316,0.02604095070887139,-0.019255513308744057,0.00024458409874583,0.00019007857834285559,0.00039224958612301894,0.0003090084246165656,0.9051240368836444,0.8223964489106814,False,none,False,False
2018-12-12,0.0001437993601652407,0.0001304421518087713,0.00013201625289459702,0.00042966476683856136,0.01996738551386843,0.019255513308744043,0.0001437993601652407,0.00016871309994165139,0.00039086630624296303,0.000281230902526912,-1.3414769303333507,-1.466617930438733,False,none,False,False
2018-12-13,6.265124599899203e-05,8.685306904553776e-05,8.685401196384107e-05,0.00042385696484508,0.01317976244440982,0.006611594332312789,6.265124599899203e-05,0.0001311179987071975,0.0003856771401089879,0.00020110515338498752,-0.4138562018704691,-0.6038218552905246,False,none,False,False
2018-12-14,0.004525593628583801,0.0062058100093247024,0.011061470455194743,0.0008467802104070785,0.11201611426956237,-0.01326719294404891,0.004525593628583801,0.0010237064752241592,0.0005767753849589068,0.0002614036686828642,-0.08296335835152009,-0.13215874267247904,False,none,False,False
2018-12-17,0.00038975032798945305,0.00012287228774409743,0.0,0.0008240540131277756,0.032872745000574764,-0.02621714638883868,0.00038975032798945305,0.0010732757322966632,0.0005867794293522294,0.0003652375586256136,-0.39526199509169246,-0.3386829448718192,False,none,False,False
2018-12-18,0.000618805726532627,0.0006955697033422517,0.0008667294592173537,0.0008538580844226997,0.041420934062883656,0.013617231691830853,0.000618805726532627,0.0011481200578540227,0.0005464968882324101,0.0003909264089776998,1.087439162507444,1.0146147708312971,False,none,False,False
2018-12-19,0.0001373847781022529,0.00019045574318686062,0.00022023572012703745,0.0008099063675072046,0.019516953819019023,0.0,0.0001373847781022529,0.001146837141441425,0.0005332612465594818,0.00047903420446131955,-0.26885878419088827,-0.4205437224238526,False,none,False,False
2018-12-20,0.0008076367346867393,0.001047992074447402,0.001266799926916807,0.0008652153238910762,0.04732065619007217,0.0,0.0008076367346867393,0.0012958342391789744,0.0005630019047616022,0.00030795134103960627,-1.1774538259092828,-1.1981183906100579,False,none,False,False
2018-12-21,6.687937430518271e-05,9.271449947450129e-05,0.00018542899894900196,0.0008474039117569867,0.013617231691830853,0.0,6.687937430518271e-05,0.0004040913883232508,0.0005362927483863293,0.0003028949757890491,-0.5333713610244635,-0.46684102492456886,False,none,False,False
2018-12-24,0.004651645557213591,0.0025896098371869466,0.0015464463600561341,0.0015819712643979074,0.11356539971217987,-0.013617231691830831,0.004651645557213591,0.0012564704341680784,0.0007282507784911892,0.000433018094461372,-0.4857897007742015,-0.42653987019087225,False,none,False,False
2018-12-25,0.0006094810797688928,0.0008263875203169687,0.0010294952875392175,0.0016082425476229931,0.04110766799741572,-0.006878788946804306,0.0006094810797688928,0.0012546055048153315,0.0007360122645379886,0.0006111041905165894,0.5902133658204668,0.5890397875905746,False,none,False,False
2018-12-26,0.010215165954414697,0.014088611310680704,0.026015061991869634,0.0027173639748226883,0.16829276253308684,0.01371058323850762,0.010215165954414697,0.0032701617400778204,0.0011399803628145274,0.0005376645542213188,0.4620434934446711,0.3876127633690915,False,none,False,False
2018-12-27,0.0021362713500371,0.0013865747697182922,0.000923102090406592,0.002758475992483082,0.07696104113612819,0.07063690938666016,0.0021362713500371,0.0035358886631478926,0.0012191262999062557,0.0004016619130823536,3.0019050631052426,2.902321550334851,False,none,False,False
2019-01-14,0.0003839994910073075,0.0005161006272809562,0.0005992861794350303,0.0027783486524493696,0.03262932206026777,-0.02489088759845629,0.0003839994910073075,0.003599312686488317,0.0012335408506654432,0.00029423397342725967,2.114612084967023,2.009980467874766,False,none,False,False
2019-01-15,0.00031001665686427655,0.00042572856415193816,0.0005116487114013809,0.002773013476293041,0.02931806075661167,0.006483004878078312,0.00031001665686427655,0.0027309869064184545,0.0012294288612742818,0.0006558583425447762,0.6881763878902599,0.6129950721562335,False,none,False,False
2019-01-16,3.421862002500437e-05,3.120137821058536e-05,3.172750931803134e-05,0.0027568671459995814,0.009740336748384804,-0.006483004878078266,3.421862002500437e-05,0.0026159344144696768,0.0012239050945923398,0.00027630472493489396,0.6015321428919337,0.6597268091708882,False,none,False,False
2019-01-17,9.567467721342441e-05,0.00012853460087682985,0.00012733018657723526,0.0027466091170943456,0.01628700497469906,0.0,9.567467721342441e-05,0.0005920361590294222,0.0012220091809155747,0.00025751080811135514,0.5363972092437541,0.618891550549085,False,none,False,False
2019-01-18,0.00019251474774414397,0.0001148978577194947,7.550117118332444e-05,0.0027342181581863434,0.02310333782076196,-0.026360669691068508,0.00019251474774414397,0.00020328483857083102,0.0011969037364712273,0.0003185208676608155,-0.021818053846102088,0.0040298375121414175,False,none,False,False
2019-01-21,0.000877342587148815,0.001177881257525314,0.0012521378770354165,0.0027844269783426265,0.049320484209600744,0.009966859915392074,0.000877342587148815,0.00030195345779913247,0.0012253908198792982,0.0004629155871282882,0.36955228146811997,0.344347540723739,False,none,False,False
2019-01-22,6.224040744812263e-05,4.8663355340785115e-05,4.292970456364073e-05,0.00277741625075339,0.013136477905369981,0.009868501140754004,6.224040744812263e-05,0.0002523982079159017,0.0012168278042100644,0.0003772956684797976,0.31454556908315434,0.2660031457310593,False,none,False,False
2019-01-23,3.512504901426226e-05,4.869365738253154e-05,9.738731476506085e-05,0.0027706018297956317,0.009868501140754004,0.0,3.512504901426226e-05,0.0002525794937137533,0.0012155766134380312,0.0002800157098986382,-0.6873004708464376,-0.6606100694851771,False,none,False,False
2019-01-24,3.512504901426226e-05,4.869365738253154e-05,5.4033030448813415e-05,0.002758019238021424,0.009868501140754004,-0.006568168112097044,3.512504901426226e-05,0.00024046956807392085,0.0012107230228192735,0.0002092753457799478,-1.6048242259984375,-1.688871956249334,False,none,False,False
2019-01-25,1.576619686303772e-05,2.18565898075353e-05,4.371317961507098e-05,0.002748202189640335,0.006611594332312789,0.0,1.576619686303772e-05,0.00020511985789769963,0.0012003222090973284,0.00022471177875032177,-1.6585589047949283,-1.7684021347835563,False,none,False,False
2019-01-28,0.0003080065436320422,0.00022613611811569796,0.0001876273455302866,0.002277768094484142,0.029222858676903177,0.02280229087398055,0.0003080065436320422,9.125264919434506e-05,0.001207786171982183,0.00027133774934770994,1.1543190975582978,1.0633273341540033,False,none,False,False
2019-01-29,0.000786730422784128,0.0007237025015868965,0.0006217188792349167,0.0022878519211560473,0.04670417430652434,0.03403573483589603,0.000786730422784128,0.00023615065226154615,0.0012406988618360528,0.00027277244357053123,1.6646010443801305,1.5562072770931652,False,none,False,False
2019-01-30,0.0014129920801407595,0.001595840744687976,0.0019989945058583366,0.0023419000630336413,0.0625911008531756,0.03065374109100252,0.0014129920801407595,0.0005117240584868457,0.00109921697327046,0.0003118349735452467,1.9344048817810142,1.836382105244214,False,none,False,False
2019-01-31,0.000386018164869878,0.00035891201759182965,0.00032045092573481016,0.0023536974044414123,0.032714975324733477,-0.02135855410387863,0.000386018164869878,0.0005819026816579687,0.0010990473294922975,0.000283560769569101,0.3862353579192891,0.34298340087884394,False,none,False,False
2019-02-01,0.0001665617229798139,0.0001721154810098893,0.0001967034219284252,0.002306091508570777,0.021489698804093522,0.006149135440349832,0.0001665617229798139,0.000612061786881324,0.0010784907838762607,0.0002974404282354133,-0.09662063924905759,-0.18937858286839512,False,none,False,False
2019-02-11,0.0002496151674341047,0.0002295492146084972,0.00023523927684467676,0.002313969785048954,0.026307417169456095,0.023477034339797056,0.0002496151674341047,0.0006003835116417365,0.0010835921652095266,0.00036691980356175143,0.9123576008484279,0.818163208325103,False,none,False,False
2019-02-12,2.9185775514810074e-05,2.6608856197556342e-05,2.7054344929683552e-05,0.0015698940211258095,0.008995562908578003,-0.0029985029962565574,2.9185775514810074e-05,0.0004488745821878729,0.0010482080307017117,0.000358261441244406,0.41792020543517144,0.32142183051324036,False,none,False,False
2019-02-13,4.62596586831522e-05,6.0635400810849765e-05,9.419838271578926e-05,0.001522329552451484,0.011325149357053503,-0.0030075210639553284,4.62596586831522e-05,0.00017552809789635144,0.0010472707709007103,0.0003021918388432008,0.8404566253458613,0.753601623449081,False,none,False,False
2019-02-14,0.00030716199224419617,0.0004238411206990168,0.0005329142873472537,0.000425324039245259,0.029182766757059917,0.0,0.00030716199224419617,0.00015975686337121506,0.0008497942452202833,0.000248868931713517,1.0886846897530995,0.9975429246741366,False,none,False,False
2019-02-15,7.355407748028981e-05,5.2719784408007117e-05,4.269237386698301e-05,0.0003637214691978039,0.014280588422631703,-0.005285025514053685,7.355407748028981e-05,0.00014115533427131024,0.0008254339269344376,0.0002621772778551115,0.36174350722482174,0.4041398172309859,False,none,False,False
2019-02-18,0.0005320968424401606,0.00016774830355961257,0.0,0.00033029372652558736,0.03840944811487126,0.04369447362892501,0.0005320968424401606,0.00019765166927252143,0.000385294421844686,0.0002837953956387432,1.5471802338876015,1.6769028593025819,False,none,False,False
2019-02-19,0.0006116958470161583,0.000442388419873906,0.0003268689305110684,0.0003318820044735174,0.041182289966415306,-0.032403424054659416,0.0006116958470161583,0.0003141536835727911,0.0003159955353437341,0.00031600287847514675,0.5364813179659724,0.5593883416155572,False,none,False,False
2019-02-20,0.0002526445738979038,0.00018823938691542975,0.00015848294773449073,0.0003412515211239292,0.026466573188163273,-0.02347703433979711,0.0002526445738979038,0.0003554306666157414,0.00031002485729330666,0.00027520986232465477,0.4516785066524169,0.41514647896957135,False,none,False,False
2019-02-21,0.00027366754293933564,0.00037572090809075506,0.0004477519268200097,0.0003552575292490576,0.027545735481135245,-0.006149135440349865,0.00027366754293933564,0.00034873177675476925,0.00030837262484217297,0.0002967954181772267,0.7864535186109572,0.7291958088923817,False,none,False,False
2019-02-22,0.0005065244425471488,0.000608901193707062,0.0006278722586685249,0.0003755223142294556,0.03747511116654648,-0.015540328283904637,0.0005065244425471488,0.000435325849768141,0.0003298410713204523,0.000356264984447522,0.9363778140510189,0.8558441144148132,False,none,False,False
2019-02-25,0.00012504210902812413,0.00011345393122528646,0.00011484768858963863,0.000326858338080813,0.01861962247996597,0.012451522739318177,0.00012504210902812413,0.0003539149030857338,0.0003311759545847568,0.00031054352078116075,-0.4115395084150671,-0.45918788360831775,False,none,False,False
2019-02-26,0.0001258218382654244,0.00014084228751023542,0.00013600006350781538,0.00033154997048248457,0.018677585759037312,-0.009324076875123178,0.0001258218382654244,0.00025674010133558704,0.00032814445869936044,0.0003415062848042055,-0.5816915514948495,-0.6081310212670854,False,none,False,False
2019-02-27,8.656442059692066e-05,8.641995076425984e-05,9.55572905658078e-05,0.0003317710759303319,0.015492176615771047,0.009324076875123244,8.656442059692066e-05,0.0002235240706753904,0.00029219999658336524,0.00025780321256116146,-0.822175862274035,-0.9083978265331802,False,none,False,False
2019-02-28,0.00017179549600680969,5.416007146775154e-05,0.0,0.00033147623313526243,0.021824716602056253,-0.018735911057469818,0.00017179549600680969,0.00020314966128888519,0.00029717977333603286,0.0003955002111240375,-0.5426818946375882,-0.8078697616158422,False,none,False,False
2019-03-01,0.0005853103492546124,0.00027893211847321514,0.00012718021796797013,0.0003437795025049474,0.040284300581660416,0.03712723402889343,0.0005853103492546124,0.00021890684263037793,0.0003221881960742306,0.00023767153394806231,-0.04730821928644382,-0.40599195094840734,False,none,False,False
2019-03-04,0.00031656694294459334,0.00026263218026392147,0.0002449377857021312,0.0003487501988041449,0.029626169780147142,-0.015302517426837107,0.00031656694294459334,0.00025721180941367175,0.0003349810094347002,0.000386941951205908,-0.5337039473452786,-0.8373807399061297,False,none,False,False
2019-03-05,0.0005365018178319172,0.000686733350055057,0.0007019504499296568,0.000349798071115339,0.03856810715580835,0.02135855410387868,0.0005365018178319172,0.0003393478053269703,0.0003586508103878311,0.0003173371383530938,0.41611094983170094,0.44441312509158654,False,none,False,False
2019-03-06,0.000196405765588973,0.0002687821021584934,0.0002706115421055288,0.0002690446174144042,0.02333564678029852,0.002261591616056622,0.000196405765588973,0.0003613160743253808,0.00035357804774950976,0.00029378729256107205,-0.5147618877492989,-0.40647260741969843,False,none,False,False
2019-03-07,0.00010811072957969961,0.00014640011438175025,0.0001801189859598853,0.0002599847355011256,0.01731319120167596,0.006006024060211949,0.00010811072957969961,0.0003485791210399588,0.00032273169805839937,0.00027490520930851115,-0.8368141188654632,-0.8055104815502926,False,none,False,False
2019-03-08,5.32345572479181e-05,5.963119669443491e-05,7.40229099475156e-05,0.00025562305086861636,0.01214897251042267,-0.014323652353309953,5.32345572479181e-05,0.00024216396263861988,0.0002609245379269066,0.00029228383181192344,-1.5149671244063063,-1.5640399939984717,False,none,False,False
2019-03-11,0.00041645102400543634,0.00039893020647951754,0.00042442522972621345,0.00026269704189509297,0.03398010318587454,-0.021489698804093557,0.00041645102400543634,0.0002621407788507885,0.0002623078497057956,0.0002647867928369251,-0.11559977001188458,-0.13995216460935891,False,none,False,False
2019-03-12,0.0003431021427397806,0.0004168524694328686,0.00039956816246779426,0.0002854034934720749,0.030842845710741727,0.0,0.0003431021427397806,0.00022346084383236117,0.00027033241424033954,0.0002740843227499893,0.14487554104802708,0.1590447405858631,False,none,False,False
2019-03-13,8.394329291431732e-05,5.865496010065922e-05,4.626486035399894e-05,0.0003031710379968615,0.015255826009820207,0.00926647557331783,8.394329291431732e-05,0.00020096834929743003,0.0002628018744894401,0.00028330160094881026,-0.09179283184666069,-0.06064571692958628,False,none,False,False
2019-03-14,3.059104743743069e-05,4.2408196563261244e-05,4.717819731982881e-05,0.0002807010612540345,0.009209581593455942,0.0030698412442884985,3.059104743743069e-05,0.00018546441286897627,0.00026286575048592285,0.00026179833008042734,-1.4530223839743457,-1.364280331422567,False,none,False,False
2019-03-15,0.00012350423900743087,3.893581942886017e-05,0.0,0.00027951487866588313,0.01850476858057969,-0.015444322427473742,0.00012350423900743087,0.00019951834922087881,0.00026637686777339006,0.00034480356993697356,-0.948226725849328,-0.8665435364682649,False,none,False,False
2019-03-18,0.0006901801008618176,0.0005898553347416885,0.0005653655298437757,0.0002939960355932123,0.04374454896285696,-0.03082029798192161,0.0006901801008618176,0.00025426416459215504,0.00028378678180146375,0.0003444124144206714,1.505623171370005,1.819127503823889,False,none,False,False
2019-03-19,0.0005137193067359222,0.0006110174628455184,0.0006940865001047886,0.00030577285104855796,0.0377403279828469,-0.016181582851241848,0.0005137193067359222,0.0002883875973913834,0.0003037942922221744,0.0003708424156422146,0.006718941440037996,0.1767201237296867,False,none,False,False
2019-03-20,0.0011878980772177669,0.0015015897285929989,0.0014600356129101724,0.00036361137773116195,0.05738948346225379,0.019386713800190084,0.0011878980772177669,0.0005091785542520733,0.0003336034392575201,0.0003569638868990335,1.3163611812885392,1.357025298439525,False,none,False,False
2019-03-21,0.000717307804954361,0.00033170422253364694,0.00014168704111494282,0.0003580564917367135,0.044595958677788664,-0.03583445300921607,0.000717307804954361,0.0006465219057554593,0.00033840398280016566,0.0006476749322459305,-0.3264899067931805,-0.22868191910711252,False,none,False,False
2019-03-22,0.00018999802119677904,0.0001962914837725367,0.00022428674094421112,0.0003427571259585218,0.02295182717820227,0.01317976244440982,0.00018999802119677904,0.0006598206621933289,0.0003355564122228418,0.00037256680935593536,-0.23574775575842033,-0.08636418081038635,False,none,False,False
2019-03-25,0.0002462361796895787,0.00027919593771423513,0.00028283434227707055,0.0003919466532435307,0.02612875149743543,-0.039220713153281385,0.0002462361796895787,0.0005710318779588812,0.0003343095320751256,0.0004480478203913392,0.6543404295487475,0.7597123386435817,False,none,False,False
2019-03-26,0.0001886895980967148,0.00011542922265845773,7.826410259212453e-05,0.0004002806904330686,0.02287266166599131,-0.0034100629805419547,0.0001886895980967148,0.0005060259362310398,0.0003198624936910149,0.0005339958585420846,-0.9940297035494235,-1.0274750144231832,False,none,False,False
2019-03-27,0.0004597588636651057,0.00037888875953450617,0.00035118236433465274,0.00041951000428290845,0.03570325251776999,0.03606260802172624,0.0004597588636651057,0.0003603980935205075,0.00033507689162905955,0.0002840773161337899,0.6715594664687141,0.5740370811317941,False,none,False,False
2019-03-28,3.559182963330908e-05,3.234239705231133e-05,3.278503478905556e-05,0.00042118368101805244,0.009933856524290675,-0.009933856524290737,3.559182963330908e-05,0.00022405489845629708,0.00033097552760032704,0.00032783652155898065,-2.985970546263625,-2.9914374675946016,False,none,False,False
2019-03-29,0.00014284698627816831,9.143087899186044e-05,6.546438244272336e-05,0.00040696149373155657,0.01990115431729502,-0.006677821142605487,0.00014284698627816831,0.00021462469147257496,0.0003335338260403837,0.0003378857090705602,-1.9556290646087269,-1.8755950303783173,False,none,False,False
2019-04-01,9.095249065025622e-05,0.00010897524635393804,0.0001464830591740039,0.00040240591630412957,0.01587998267746283,0.010000083334583399,9.095249065025622e-05,0.00018356795366471047,0.00032985914397872223,0.0002632453546013248,-0.7104907028372217,-0.6644308881320447,False,none,False,False
2019-04-02,9.757239612140764e-05,6.816236090756791e-05,5.375082956556035e-05,0.00037520632374610826,0.016447739209025883,0.0,9.757239612140764e-05,0.00016534451326964905,0.00030768923701812197,0.0002730543417161073,0.0024897434584642965,0.052773796074514115,False,none,False,False
2019-04-03,3.582871695907384e-05,4.543364252978496e-05,6.633541901625105e-05,0.00036620123951605144,0.009966859915392074,0.0,3.582871695907384e-05,8.055848392844267e-05,0.00029492840856423476,0.00026277014959830657,-1.908989113878911,-1.8085751454526438,False,none,False,False
2019-04-04,6.306616587100149e-05,4.9308161024120974e-05,4.3497845718583476e-05,0.000359904240954591,0.013223333174689433,-0.0033222621919779594,6.306616587100149e-05,8.605335117598116e-05,0.0002734086062023749,0.00024975212327512286,-0.5848384946875277,-0.5358587522197111,False,none,False,False
2019-04-05,0.00014097040511654011,0.00019542647769784613,0.00019543125148088042,0.00035964103810238215,0.019770001401003802,0.009933856524290675,0.00014097040511654011,8.567803494365552e-05,0.00027088881708999164,0.00027839349423240114,-0.18660240796063493,-0.199518313810608,False,none,False,False
2019-04-08,6.183359686547717e-05,6.916342884085495e-05,6.429065087309684e-05,0.00034327919124264226,0.013093476747019604,0.00983614487671297,6.183359686547717e-05,7.985425618669971e-05,0.000268785311057527,0.0002531896377686405,0.37889387541157243,0.3662403317460351,False,none,False,False
2019-04-09,0.0002489831133968363,7.849416037834501e-05,0.0,0.00032543824389480165,0.026274089370180213,-0.019770001401003805,0.0002489831133968363,0.00011013639964178542,0.00027768297270065967,0.0003465800091297742,-0.9660723806463665,-0.8760318761761947,False,none,False,False
2019-04-10,9.156370330499019e-05,6.601703719905712e-05,5.378317720053854e-05,0.00030995798279508774,0.015933251116766006,-0.012557720485484841,9.156370330499019e-05,0.0001212833969109687,0.0002629153672142757,0.00022671608758864577,-0.39494581957850555,-0.31305030232135933,False,none,False,False
2019-04-11,3.0896390553514696e-05,4.03702009835565e-05,3.9645917120679196e-05,0.000309413000850731,0.009255429974160604,0.0,3.0896390553514696e-05,0.00011484944184747133,0.00024872419666035453,0.0001976601470101807,-1.3797308764912244,-1.3146396816457777,False,none,False,False
2019-04-12,5.764652722636165e-05,4.68239279536001e-05,4.281932430414304e-05,0.00031446898427382015,0.012642393415176527,0.005879899342879471,5.764652722636165e-05,9.818466626943564e-05,0.00024752888912908384,0.00021470917578133458,-1.4118254332801403,-1.351929968171605,False,none,False,False
2019-04-16,3.72378602376708e-05,4.722111773761937e-05,6.894661250181935e-05,0.00029208059251889377,0.010160968031408583,-0.009255429974160529,3.72378602376708e-05,9.326551894387437e-05,0.0002478310169836402,0.00028428758970760966,-1.1605730978961446,-1.114422470136782,False,none,False,False
2019-04-17,0.00032143224188558396,0.00010133439814902337,0.0,0.0002658515334832264,0.02985296314968113,-0.023953241022492758,0.00032143224188558396,0.0001077553446416239,0.00025682774438719256,0.00034984245010062474,-0.41583345854987674,-0.30132573176226785,False,none,False,False
2019-04-18,0.0007338543579589041,0.0008994719069092496,0.000955806666750274,0.00023997769071085445,0.04510738649759453,-0.017467693040390947,0.0007338543579589041,0.0002362134755724067,0.00025881293789160566,0.00037473838476854407,0.38222360213724366,0.5714708630533966,False,none,False,False
2019-04-19,0.0007408197568479036,0.0008650900111167361,0.0008223899514576468,0.0002619494600081152,0.045320949935420754,-0.020472455104975456,0.0007408197568479036,0.00037819814883128443,0.0002691356856239684,0.0002475494000688995,1.1249894106167702,1.330745268483397,False,none,False,False
2019-04-22,0.00021056649532671362,0.0002544775017800377,0.00024346750524862292,0.0002618846569775937,0.024162249279079995,0.009843479927915543,0.00021056649532671362,0.00040878214245135486,0.00022471152281073874,0.0003083770025120227,-1.1551470808714386,-1.058874862158747,False,none,False,False
2019-04-23,0.00043469519491848703,0.000597670618501353,0.0006414996778778288,0.00023244652723244686,0.034716436957770026,-0.006252811797186933,0.00043469519491848703,0.00048827360938751805,0.00021186549508183533,0.0002540748135469508,0.36581612130331287,0.5103003203839218,False,none,False,False
2019-04-24,0.00027268393707114574,0.00021839743805502314,0.0001971061414357742,0.00023261457278618767,0.02749618898428291,0.023905520853554386,0.00027268393707114574,0.00047852394842463046,0.00021562394580339745,0.00019935475991209622,-0.17507576868386068,-0.0768812316136642,False,none,False,False
2019-04-25,0.00011239248523561019,0.00011277940063390593,0.0001253081326105414,0.0002136382649650103,0.01765270905636735,-0.010554187678690145,0.00011239248523561019,0.0003542315738799717,0.00020954014151003527,0.00017282751885346325,-1.410779700547636,-1.3528967130084144,False,none,False,False
2019-04-26,0.0007201908245575721,0.00034562067359152906,0.0001598766977202499,0.00024078691239883045,0.0446854893452997,0.031334156170435445,0.0007201908245575721,0.0003501057874219054,0.000233699288167347,0.00020647431234212512,0.0070356014272066935,0.01799274096448383,False,none,False,False
2019-05-02,0.00010703642120217075,0.0001071149673302948,9.496857001923994e-05,0.00023812665231792997,0.01722695487583472,-0.010336009330661948,0.00010703642120217075,0.0003293997725969968,0.00021766644987357723,0.00022273797857322715,-0.661051995114201,-0.8086821913258619,False,none,False,False
2019-05-03,3.906845757590174e-05,4.9511156970382636e-05,4.8142948445935126e-05,0.00023312728177132857,0.010407726210380849,-0.0034692142340113094,3.906845757590174e-05,0.00025027442512847977,0.00021782447841642232,0.00017878670518181502,-1.2789458274884242,-1.258676765869115,False,none,False,False
2019-05-06,0.0001511660978288378,0.00020679655116297683,0.00021197040269526463,0.00027238951947083565,0.02047245510497535,-0.024627453983439358,0.0001511660978288378,0.00022597085728001814,0.00021820261985054364,0.00034943996582971037,-0.7571512333037738,-0.6677359715048725,False,none,False,False
2019-05-07,0.0003564032985739029,0.0002652914036857478,0.00022314208061248626,0.00028151388824537824,0.03143500860815948,-0.02433648723048232,0.0003564032985739029,0.0002747730199476767,0.00023026856566525487,0.00029492019817972193,0.9215444727627916,0.953251189240926,False,none,False,False
2019-05-08,0.00023802653872718007,0.0002464306691036956,0.00022818402584656077,0.0002872327758127526,0.02568948611531087,-0.014706147389695449,0.00023802653872718007,0.0001783401627815983,0.00023665284487460816,0.0002711846756637173,1.0535510045909755,1.0032658461387038,False,none,False,False
2019-05-09,0.0006928746893972837,0.0006998854667644205,0.0006787295776479311,0.00031235318630749636,0.04382985911166382,-0.014925650216675706,0.0006928746893972837,0.0002955078164206209,0.0002665185708945268,0.0002555538307163796,1.6945234222059,1.6788537819122917,False,none,False,False
2019-05-10,0.00016838859781060918,0.0002280778171395806,0.0003863983847325838,0.00033165785245138624,0.021607228587754268,0.007490671729157659,0.00016838859781060918,0.0003213718444675624,0.00027130595416450897,0.00021229525630964542,0.5022770554176907,0.6088683495419873,False,none,False,False
2019-05-13,0.0004473485791450991,0.00023289067542808984,0.00012521999547071563,0.00035295066593331667,0.03521808662388819,0.04647761310769584,0.0004473485791450991,0.00038060834073081466,0.0002852322348021707,0.0002949330511238114,1.046397031677774,1.0912433272325663,False,none,False,False
2019-05-14,0.0010525369584500198,0.00033182171952775914,0.0,0.00037817610828485486,0.05402084875989164,0.06464982393695146,0.0010525369584500198,0.000519835072706038,0.0003302642057832863,0.0002990345055618866,2.4379402376124197,2.323249754172865,False,none,False,False
2019-05-15,0.00035828221028470054,0.00039487798753988767,0.0004029849968618234,0.0004589030341000251,0.031517760320405104,0.019835361056145896,0.00035828221028470054,0.0005438862070175422,0.0003352323465509165,0.00020605500913127553,1.6963868006296532,1.610717731891448,False,none,False,False
2019-05-16,0.0002506267521712616,0.0002794475345796873,0.0003451528156358716,0.00047453066909279964,0.026360669691068633,-0.01983536105614604,0.0002506267521712616,0.00045543661957233764,0.00034246248513574703,0.00017385144328566437,0.7230719792666519,0.6252771898429996,False,none,False,False
2019-05-17,0.0002489831133968363,0.0003072949837909368,0.0003434700806019554,0.00048467369918379715,0.026274089370180213,0.01655666959444761,0.0002489831133968363,0.00047155552268958315,0.00035237551799226165,0.00020608829635570262,1.1068414950837686,1.0170327939208157,False,none,False,False
2019-05-20,6.183359686547717e-05,8.571956666237154e-05,8.572048512976443e-05,0.000481504690513577,0.013093476747019604,0.0032786914616982953,6.183359686547717e-05,0.00039445252623365875,0.00035256583933949417,0.00023390070383227197,0.5813677116565733,0.4962343567070348,False,none,False,False
2019-05-21,9.693359740133352e-05,0.00011771343921018653,0.00011800831713665374,0.00044343545266878646,0.01639380977567657,-0.006568168112097044,9.693359740133352e-05,0.00020333185402392147,0.0003552792819378425,0.0001820647438484928,0.444255553863236,0.410090080868332,False,none,False,False
2019-05-22,0.0001875303267776368,0.0002599722345508083,0.00039157057555753094,0.0004210831996482467,0.02280229087398055,0.0032894766503987053,0.0001875303267776368,0.0001691814773225087,0.00034919283125111765,0.0001971230479739023,0.7517075513957008,0.7800926468852059,False,none,False,False
2019-05-23,6.265124599899203e-05,4.923289850718604e-05,4.3641637373551884e-05,0.000416537297177938,0.01317976244440982,0.0032786914616982953,6.265124599899203e-05,0.0001315863760880548,0.0003186835988893034,0.00021259302207874775,-0.5876018167697916,-0.6239376295024704,False,none,False,False
2019-05-24,0.0003839994910073075,0.00046696905728551056,0.0004704320200727647,0.0004087037770653954,0.03262932206026777,0.013008313513000747,0.0003839994910073075,0.00015858965161014905,0.00030246449589654904,0.00027339220667090593,0.9030887733205563,0.8335737445026683,False,none,False,False
2019-05-27,8.366762316386877e-05,0.00011598795420037522,0.00011874512408769576,0.00040367934823441363,0.015230755345705952,0.006441246102857075,8.366762316386877e-05,0.0001629564568698274,0.00029669636534369247,0.00018992798926977802,0.49423629498123006,0.4385531130320571,False,none,False,False
2019-05-28,0.00021782470701653216,0.0003019691630496108,0.0003021751702313617,0.0004139904708263983,0.02457515668514082,0.011966636617520962,0.00021782470701653216,0.0001871346787928671,0.0002868386158936036,0.00022805390676994047,1.5939785108534146,1.5646855287586634,False,none,False,False
2019-05-29,5.947444033006627e-05,6.642186289607262e-05,8.21843953927781e-05,0.0004025230210782403,0.01284126794832444,-0.01840788272037808,5.947444033006627e-05,0.00016152350150335298,0.0002771472751326455,0.0002106023272848307,0.08871614432722318,-0.0483990265581756,False,none,False,False
2019-05-30,3.3778506866588666e-05,3.0799735231941716e-05,3.1318780997879745e-05,0.0003992497520584969,0.009677494882065438,0.0,3.3778506866588666e-05,0.00015574895367687232,0.0002735739124795081,0.00018564012758240774,-1.004975991942508,-1.1652038338315955,False,none,False,False
2019-05-31,0.00031409637163486685,9.902169923495523e-05,0.0,0.0004032136301659172,0.029510338149388714,-0.02951033814938868,0.00031409637163486685,0.0001417683298023842,0.0002551150737102942,0.00030763999449715803,-0.17856305337712802,-0.4304294042187458,False,none,False,False
2019-06-03,0.0003845462866938566,0.0005287734231023167,0.0005313481947250837,0.0003714629778091876,0.032652545041184346,-0.003333336419758116,0.0003845462866938566,0.00020194406250838176,0.00026772915850537085,0.0003820398968651946,-0.8886126375567247,-1.357571580417014,False,none,False,False
2019-06-04,0.0002506267521712616,0.00019545820177018414,0.0001720115055574737,0.00036791400793903853,0.026360669691068633,0.019835361056145896,0.0002506267521712616,0.0002085044715393276,0.00027734544462334175,0.0002504056700795907,-1.5967768711175112,-1.8059367469360532,False,none,False,False
2019-06-05,3.444190925089286e-05,4.774662458071576e-05,5.3121077946543055e-05,0.00035755043729022247,0.009772064733792522,0.006525308634922641,3.444190925089286e-05,0.00020349796532349293,0.00027203979968798067,0.0002641852073954117,-0.7592943506250275,-0.7560267654029565,False,none,False,False
2019-06-06,9.505439437660196e-05,9.536085043308258e-05,0.00010593266143850991,0.0003261735783812293,0.016234122761883348,0.009708814126960903,9.505439437660196e-05,0.0002157531428254956,0.0002601603040426488,0.000299841854524544,-0.6931582993215814,-0.6473950928278326,False,none,False,False
2019-06-07,8.208085623487192e-05,5.88220933594935e-05,4.762636131966723e-05,0.0003092954968489516,0.015085637418040735,0.018349138668196617,8.208085623487192e-05,0.00016935003974549663,0.0002530718639293621,0.00031207149434487144,0.8354198841825564,0.8061181079834425,False,none,False,False
2019-06-10,0.0001728718236490309,0.00017900722545484697,0.0001658058387839162,0.00030791013040843784,0.021892977610236744,0.003157066552767033,0.0001728718236490309,0.0001270151471365315,0.0002294353700317142,0.00028835547137851403,0.6404652408021108,0.5816022169478865,False,none,False,False
2019-06-11,0.00016575971721013107,0.0001418802594735763,0.00011600521512107838,0.0002918418059500834,0.021437899210008073,-0.015085637418040762,0.00016575971721013107,0.0001100417401443054,0.00022931587545896518,0.00035124834050902985,-0.9173803353174425,-0.866538994165299,False,none,False,False
2019-06-12,5.985815601523112e-05,6.705654480712266e-05,8.324827567419442e-05,0.00021819574205777397,0.01288262583101361,-0.006420567802922695,5.985815601523112e-05,0.00011512498949717305,0.00021170267440760753,0.00022290146949384578,-0.17099461022734505,-0.011615288246850238,False,none,False,False
2019-06-13,0.00013732650496263714,0.00015396243897114015,0.00019130363253334212,0.0002074278784405577,0.01951281422358172,-0.009708814126960827,0.00013732650496263714,0.00012357941161438008,0.00017010219924909017,0.0002327502201139127,-0.8573213956097306,-0.7821455741209584,False,none,False,False
2019-06-14,0.0001875303267776368,0.00019374626407217896,0.00022138320376437404,0.00021271700722039853,0.02280229087398055,0.0,0.0001875303267776368,0.00014466930572293307,0.00016234074999876906,0.00016863755313011757,-2.382162775974777,-2.2686745244305477,False,none,False,False
2019-06-17,0.0001222143563988305,0.00016942507312359535,0.00024207004675564172,0.00024069489208202968,0.018407882720377994,0.02171376022378426,0.0001222143563988305,0.000134537812272893,0.00015650382291820401,0.00022254281045989125,1.2716463791858164,1.3026416852397118,False,none,False,False
2019-06-18,0.00012143556928007672,0.00011302794101739899,9.6746418873069e-05,0.0002402873258810691,0.018349138668196617,-0.00878950924284893,0.00012143556928007672,0.00012567298268688213,0.00015070620727653314,0.00021768015279902993,0.9961782507216399,0.9794986541001551,False,none,False,False
2019-06-19,9.322931383609074e-05,2.9391377641543013e-05,0.0,0.00022587579113670834,0.016077516727532843,-0.009677494882065369,9.322931383609074e-05,0.00013234721425105402,0.00015213328532065194,0.00019727464862252602,-0.022117373128913032,0.025573471034758804,False,none,False,False
2019-06-20,6.143076176712908e-05,6.871283886932943e-05,6.387180218027301e-05,0.00022326923878135928,0.013050756195490775,-0.009772064733792378,6.143076176712908e-05,0.00011716806561195242,0.00015051952006455173,0.0006016164217136019,-0.6911161914827075,-0.6872631126383598,False,none,False,False
2019-06-21,0.0002473555911304051,0.00034290766117555776,0.0004269518124328685,0.00022350145952542024,0.02618807595741076,-0.006568168112097044,0.0002473555911304051,0.00012913311848250609,0.00015323885026240485,0.00024603848391684964,3.4045074436193645,3.2834325678252885,False,none,False,False
2019-06-24,0.0005622950999004302,0.0002771261910287892,0.00013510480019586463,0.0002307622432602544,0.03948433933288772,-0.03606260802172618,0.0005622950999004302,0.00021714926718282603,0.000175949934530652,0.00021158141315776182,0.4125157353200338,0.4193505604759228,False,none,False,False
2019-06-25,0.0003170898101237188,0.00043957981574308815,0.0005666248675019648,0.0002365488991124339,0.029650626156730253,0.0,0.0003170898101237188,0.00025628011535155443,0.0001729085853995798,0.0001785573269633281,-0.00018208551077047262,0.06332336745191278,False,none,False,False
2019-06-26,6.687937430518271e-05,8.819167038835026e-05,0.00013883449089772414,0.00022950832182239551,0.013617231691830853,-0.003421731311161439,6.687937430518271e-05,0.0002510101274453728,0.00017214548317873044,0.00030086008627128776,-0.9563945285866223,-0.8853606149621915,False,none,False,False
2019-06-27,0.000351666909996919,0.00025967986954728554,0.0001926216358921602,0.00023805053984093867,0.031225433682214403,-0.024285668839373786,0.000351666909996919,0.0003090573570913308,0.00017822921967783893,0.00026631357496419573,-0.5850535873126359,-0.5947041578561229,False,none,False,False
2019-06-28,0.0011946064700117053,0.0006708191774418215,0.00040564962697514526,0.00027211905254354956,0.05755130255927427,0.05050281522821259,0.0011946064700117053,0.0004985075328675909,0.0002298261301179134,0.00041427348689378483,0.46124474352268185,0.40551466119635055,False,none,False,False
2019-07-01,5.8037194966104364e-05,8.045663611672618e-05,8.084888188908401e-05,0.00025941964033420384,0.01268515952731586,-0.012599914697007943,5.8037194966104364e-05,0.0003976559518807257,0.0002309287977588005,0.00022550196170296994,-0.8311308178110236,-0.8266640683859087,False,none,False,False
2019-07-02,0.00042673742808605717,0.0005199535135524003,0.0007147727360189674,0.00027994640533267036,0.03439720018357616,-0.013617231691830831,0.00042673742808605717,0.00041958547547319336,0.00023604884577930915,0.00020492158360898075,-1.7669447073205713,-1.7744480097925537,False,none,False,False
2019-07-03,0.00010703642120217075,0.00014379861307422,0.0001424514458741136,0.00028555106355491707,0.01722695487583472,-0.003433479767891519,0.00010703642120217075,0.00042761688485259096,0.00022343476098423253,0.0001648991573757665,-1.2991247893713906,-1.2942396849157065,False,none,False,False
2019-07-04,0.00010557636473213884,0.00014183709000954993,0.00014050826418506615,0.0002876806447783579,0.0171090571976191,0.0034334797678915365,0.00010557636473213884,0.00037839877579963493,0.0002168415615551815,0.00025303096197978214,-1.1542076467534923,-1.110046240072531,False,none,False,False
2019-07-05,6.826668017850687e-05,5.365160487007107e-05,4.756354138273916e-05,0.0002846332810659529,0.013757740641823358,-0.006878788946804306,6.826668017850687e-05,0.00015313081783299525,0.00021837905114280035,0.00017524538840672248,-1.0393613299592728,-0.969657159732753,False,none,False,False
2019-07-08,6.873871921279824e-05,9.067496462739949e-05,9.512851230508411e-05,0.00026880789899286965,0.013805223564673313,-0.00345722038385768,6.873871921279824e-05,0.000155271122682334,0.00021718288408990015,0.00018886720299545173,-0.971502340699738,-0.8798510039531642,False,none,False,False
2019-07-09,6.969760469363018e-05,7.78293087813623e-05,9.628561122929388e-05,0.0002677661815347945,0.013901179544940979,-0.010443959161083375,6.969760469363018e-05,8.386315800384863e-05,0.0002166200090198437,0.00026345060876805694,-1.0663358740295774,-0.9941096094805678,False,none,False,False
2019-07-10,0.00010703642120217075,0.00012985132337111328,0.00017744659768159716,0.0002752273954001723,0.01722695487583472,0.013901179544940979,0.00010703642120217075,8.386315800384863e-05,0.0002136274907268046,0.0002394258105859633,-0.2691335371732413,-0.23737661528164247,False,none,False,False
2019-07-11,6.826668017850687e-05,9.463771378383909e-05,0.0001185413340493141,0.00027414997582291163,0.013757740641823358,0.0068787889468042715,6.826668017850687e-05,7.640122109312223e-05,0.00020919598904354893,0.0003593136427281179,-0.7420864834392871,-0.6865023313035593,False,none,False,False
2019-07-12,0.00015151430814448215,0.00021004343100967712,0.00023402225345109528,0.00026416678046921023,0.020496020638635058,0.006831794291703272,0.00015151430814448215,9.30507466863173e-05,0.00021336217777669675,0.00022790085270073702,-0.12622753920672583,-0.15924633393868232,False,none,False,False
2019-07-15,6.779948689547799e-05,8.940467229722028e-05,0.0001407428944601681,0.00024270100489231643,0.01371058323850762,-0.013710583238507693,6.779948689547799e-05,9.286290022285325e-05,0.00021020185877364408,0.0001875212254206805,-0.9959503535772168,-0.9744712027358308,False,none,False,False
2019-07-16,6.873871921279824e-05,7.675943505939666e-05,9.496321926483665e-05,0.00024160884590367418,0.013805223564673313,-0.006926434617869061,6.873871921279824e-05,9.267112312668686e-05,0.00020480224024796957,0.00023083480233791965,-0.13091270714896486,-0.02908579075301886,False,none,False,False
2019-07-17,3.961630957917857e-05,5.0238214115734965e-05,7.335424713539505e-05,0.00024112997054196098,0.010480445274700418,-0.003481291592511891,3.961630957917857e-05,7.918710080208842e-05,0.00020104778357434903,0.0003155340540311289,-0.5421323791620816,-0.45863059365417974,False,none,False,False
2019-07-18,0.00011160303530546162,7.848479025534925e-05,6.232283964645653e-05,0.00024146269466287688,0.017590603089594484,-0.014047641013250229,0.00011160303530546162,8.785437182747937e-05,0.00020060085021186654,0.0004092722877229961,-0.16396398927294417,-0.12251388038860658,False,none,False,False
2019-07-19,0.00043469519491848703,0.00037869734788237893,0.0003185912449118838,0.00023820561074090058,0.034716436957770026,-0.02054560880889137,0.00043469519491848703,0.00014449054918228035,0.00021612202662470273,0.00030838310809230384,0.30417812291052987,0.796151851937506,False,none,False,False
2019-07-22,0.0004409538102663831,0.0005911534904700906,0.0006723417745753939,0.00025447276286115863,0.03496546240754202,-0.0036166404701885504,0.0004409538102663831,0.00021912141385646138,0.00023337307428375972,0.00039723490609652306,0.38599952710763474,1.1044014663186874,False,none,False,False
2019-07-23,7.521251067128027e-05,8.412838921273864e-05,7.820145343180685e-05,0.00023414676796172534,0.014440684154794428,0.007220247973487097,7.521251067128027e-05,0.00022041617214815776,0.00022554838880834495,0.0002635108023366805,-0.44589394812279004,-0.31406220547597047,False,none,False,False
2019-07-24,0.00020906699434644502,6.591024571972945e-05,0.0,0.0002517451583855303,0.024076062608273836,-0.0036036075032985443,0.00020906699434644502,0.00025430630910161105,0.00020949256582861837,0.00024812636799705735,-0.2938223554646732,-0.20464379819163778,False,none,False,False
2019-07-25,6.475329385380709e-05,5.260400794199665e-05,4.8111503142845517e-05,0.00025483924809277194,0.013399039229248642,0.007194275634027231,6.475329385380709e-05,0.0002449363608112802,0.00019802272417998598,0.0002622555333462249,0.6209464841796678,0.6481215232789114,False,none,False,False
2019-07-26,0.00010279012143337965,0.00010533424753044764,0.0001194118999942729,0.00022307892471210342,0.016881786974246714,0.0,0.00010279012143337965,0.00017855534611425867,0.00019965503086763134,0.0002450376902077706,0.3725688971763241,0.6402634629709756,False,none,False,False
2019-07-29,0.000212082187293639,0.0002241569868290625,0.00021040744412808554,0.0002162927089642845,0.02424905525331427,-0.007194275634027085,0.000212082187293639,0.00013278102151970987,0.00019331027074475493,0.00026561423837356395,0.017678532415753533,0.19908586199993397,False,none,False,False
2019-07-30,0.00017170625610312223,0.0001098620762548124,7.862728290614685e-05,0.00018951211751465054,0.021819047394639673,-0.018215439891341105,0.00017170625610312223,0.00015207977060607825,0.000146814806476183,0.0003412067374540044,1.4953035524776903,1.500721243253881,False,none,False,False
2019-07-31,0.00030750707016290006,0.0002423918405540141,0.00021549289462877296,0.00019264126144709218,0.029199154692262135,0.021819047394639673,0.00030750707016290006,0.00017176778576936925,0.00015815434625785554,0.00038996097637811607,0.6321435346083112,0.5300873634431109,False,none,False,False
2019-08-01,0.0003615810842805774,0.00032000060704956185,0.00027746372821501296,0.0002002274616342873,0.0316625273225553,-0.014493007302566639,0.0003615810842805774,0.00023113334385472332,0.00015519269426669737,0.0003452022927882684,0.8819473276762217,0.7865067427687401,False,none,False,False
2019-08-02,0.0003615810842805774,0.0004961683065394273,0.0005132428730767263,0.00022095114773371306,0.0316625273225553,0.007272759329079657,0.0003615810842805774,0.00028289153642416286,0.00016676290622480674,0.00044986095735929785,2.108602570534544,2.025670453105317,False,none,False,False
2019-08-05,0.0003564032985739029,0.00044827347323857144,0.0006458513897673787,0.00024388866308268207,0.03143500860815948,-0.007272759329079585,0.0003564032985739029,0.00031175575868021564,0.00017816413049034148,0.00048382146389682867,1.2836465684483342,1.1944416873286783,False,none,False,False
2019-08-06,0.00040531466946526127,0.0005563638012365146,0.0009970308740720965,0.00036711336283749146,0.033522692038643435,-0.03339828040184815,0.00040531466946526127,0.00035847744135264345,0.00019348449363973942,0.000753081008471526,1.2346395801769061,1.1755013599574469,False,none,False,False
2019-08-07,0.0003856156721720463,0.0005125733842096047,0.0006954581484995256,0.00038706663140792837,0.032697915281912515,-0.003780722839905933,0.0003856156721720463,0.0003740991617544727,0.0002078879915015234,0.000431329364370483,1.7164501190647299,1.6813805532914186,False,none,False,False
2019-08-08,0.00017094858999738252,0.00022002691045766874,0.00021504106170869378,0.0003898283659155155,0.021770855121228817,-0.0028449521322313617,0.00017094858999738252,0.0003359726628978337,0.00021249030901533035,0.0005693687457745434,0.7223046524399606,0.6474132896293986,False,none,False,False
2019-08-09,8.156195465163642e-05,9.123056016922255e-05,8.480335629128708e-05,0.00038931581700197193,0.015037877364540502,0.006625674972137253,8.156195465163642e-05,0.00027996883697204556,0.0002113323787175788,0.00036919939302306463,0.2905634500043874,0.22259289265287177,False,none,False,False
2019-08-12,0.00011621531059777565,8.323750008959345e-05,6.735621833337458e-05,0.000377342090479809,0.017950411123842987,-0.010431578709815594,0.00011621531059777565,0.00023193123937682007,0.0002135118619184546,0.0002570051356007526,-0.056812335348915256,-0.20698498951347474,False,none,False,False
2019-08-13,0.0007850978924573039,0.0007176216681767543,0.0006410014042770545,0.000404437778846544,0.04665569164079921,-0.03098021234773724,0.0007850978924573039,0.0003078878839752286,0.00024231111575085561,0.00033503893759794754,1.9413640532215195,2.025089261485202,False,none,False,False
2019-08-14,0.00019622107886621646,0.00017789013572555047,0.0001799405072095656,0.00041598236439908097,0.02332467256640904,0.0,0.00019622107886621646,0.00027000896531406265,0.00024814846084043467,0.0003319604420749524,0.2748975038459324,0.17971680122098832,False,none,False,False
2019-08-15,0.00020570563492045132,0.00022987311697173808,0.00022111352848911672,0.0004539484316953018,0.02388173200338738,-0.007897375694951032,0.00020570563492045132,0.0002769603742986764,0.00025437422973623706,0.0006018789215426851,-0.7187726746895076,-0.8725524343941322,False,none,False,False
2019-08-16,8.927513655560351e-05,9.966900197437711e-05,0.000123274842014549,0.0004458449187597954,0.015732871218899706,0.00789737569495094,8.927513655560351e-05,0.00027850301067946983,0.00025663144914425635,0.00046095717367691184,-0.38349399125323724,-0.3974318038672743,False,none,False,False
2019-08-19,0.0002702300067459382,0.00028121871976997525,0.00032361584290324007,0.0004453053858902552,0.027372187875918292,0.003925422116105733,0.0002702300067459382,0.0003093059499091024,0.0002638417660279144,0.00028914482370931204,-0.729286163284392,-0.6554449209559325,False,none,False,False
2019-08-20,4.962902372764542e-05,6.88004357415201e-05,7.632567861547258e-05,0.0004440334596486692,0.0117303397854896,0.0,4.962902372764542e-05,0.00016221217616317062,0.00024633875824651253,0.00032868872942693345,-1.0150801758065693,-1.0901634223485854,False,none,False,False
2019-08-21,0.00026399936947239734,0.00015905147858188653,0.00010578621583947008,0.00043712318374300587,0.027054790231631477,0.027054790231631477,0.00026399936947239734,0.00017576783428440682,0.0002382953745740586,0.00033408028923956876,1.7171942394770205,1.700254742123882,False,none,False,False
2019-08-22,7.326010872701598e-05,5.920362480804973e-05,5.388294776397434e-05,0.0004272388766372054,0.014252022707201413,-0.0038204439973858815,7.326010872701598e-05,0.00014927872904571977,0.0002382066290311375,0.00021144667481168633,0.10173731587580759,0.0005789787813539058,False,none,False,False
2019-08-23,2.113811142395295e-05,6.6639792778336525e-06,0.0,0.0004190099415599354,0.007655539781328278,-0.003835095783942426,2.113811142395295e-05,0.0001356513240193896,0.00022966440708011517,0.0002503911655345841,-0.8953978891687653,-0.9363944138795335,False,none,False,False
2019-08-26,0.00019622107886621646,0.000248303636686208,0.00036127998283852746,0.00043880156862433073,0.02332467256640904,-0.023324672566409004,0.00019622107886621646,0.0001208495384434453,0.0002356402154897701,0.0003135750042768064,-0.43911651926873174,-0.5610076410904983,False,none,False,False
2019-08-27,0.0001367921273147105,9.62345399546674e-05,7.644685844217267e-05,0.00044058794351769625,0.01947481218096736,0.01947481218096736,0.0001367921273147105,0.0001382821591608583,0.0002371857612116488,0.0002813226322826255,0.21845040655142475,0.15952964773370643,False,none,False,False
2019-08-28,0.00019622107886621646,0.00012551096585997298,8.97967329168173e-05,0.00043176684817919234,0.02332467256640904,-0.019474812180967294,0.00019622107886621646,0.00012472650103962212,0.000236464801737675,0.0002592880102853458,-1.6251586884807687,-1.595449422095591,False,none,False,False
2019-08-29,8.927513655560351e-05,2.814478777693561e-05,0.0,0.0004191175693423828,0.015732871218899706,-0.007897375694951032,8.927513655560351e-05,0.00012792950660533962,0.00023271793266733327,0.00024356315646598424,-1.4127365639643736,-1.406917890484114,False,none,False,False
2019-08-30,5.0019426714221205e-05,6.338926303510607e-05,6.163765469221127e-05,0.0004046569701324633,0.011776387323825119,0.00789737569495094,5.0019426714221205e-05,0.0001337057696633933,0.0002210139488742115,0.0003788273551344055,-2.8673730991208126,-2.7750769319263164,False,none,False,False
2019-09-03,5.0019426714221205e-05,4.562511072148524e-05,4.640946823663152e-05,0.00038051892756034954,0.011776387323825119,0.0,5.0019426714221205e-05,0.00010446543923299422,0.00020685205534846807,0.0004987114708418242,-2.2765439187821053,-2.17666300052845,False,none,False,False
2019-09-04,5.0414454534824766e-05,6.988927404056267e-05,7.777748165681533e-05,0.0002575310101630936,0.011822797811056626,0.0,5.0414454534824766e-05,8.718990467701708e-05,0.00019270811763275202,0.00047017789778537264,-2.1635773753320517,-2.0451225507432382,False,none,False,False
2019-09-05,5.0414454534824766e-05,6.38898799506227e-05,6.212444236845354e-05,0.00023087945282366872,0.011822797811056626,-0.003940891799876478,5.0414454534824766e-05,5.802857981073874e-05,0.00017879953381279393,0.0002047029050326947,-1.384167002085078,-1.297163111478428,False,none,False,False
2019-09-06,5.0414454534824766e-05,1.5893609111297518e-05,0.0,0.00022291536061863756,0.011822797811056626,-0.00395648389507448,5.0414454534824766e-05,5.0256443406583e-05,0.00016266770586141047,0.00023608394571125472,-1.9621963875966613,-1.8806828138648064,False,none,False,False
2019-09-09,0.00020570563492045132,0.00018647048899301608,0.00018860300987688351,0.00022235978918109535,0.02388173200338738,-0.015984356308436365,0.00020570563492045132,8.139368504782901e-05,0.00015448997689542887,0.0004396924334201167,-0.42497423840917947,-0.348544961552488,False,none,False,False
2019-09-10,0.00045317648603595444,0.00041609082054509653,0.00042579189451003784,0.00023982369400699696,0.03544674899574771,-0.023434592547744076,0.00045317648603595444,0.00016202509691217565,0.00016731851762445484,0.0004850758424153529,-0.08608550940036436,-0.033828246433653356,False,none,False,False
2019-09-11,0.00022265244059104373,0.0002821677300220723,0.0002743786103502263,0.00021951868710992287,0.024845998586530804,-0.008281620831721986,0.00022265244059104373,0.00019647269412341947,0.00017373172153079154,0.0003223742201995218,-0.5180320746889017,-0.42362615657147523,False,none,False,False
2019-09-12,0.00046061087480851726,0.0005334345518890366,0.0006876060906008052,0.00023468542471997855,0.035736319296131976,0.016495219369110845,0.00046061087480851726,0.00027851197817815794,0.00018938606535855252,0.0002335479788013589,-0.0972722029676393,0.04489956500172107,False,none,False,False
2019-09-13,0.00020902039331282057,0.00023312106412519762,0.0002880199363037458,0.00021222752111247053,0.02407337918152019,0.01924109992702103,0.00020902039331282057,0.0003102331659337571,0.00016320072448834874,0.00031453253166490315,0.17267409643391066,0.23843932356761774,False,none,False,False
2019-09-16,0.00020407774786970084,0.0001857727026085375,0.0001571829148480026,0.00022648228578333766,0.02378704820282723,0.004004009353382181,0.00020407774786970084,0.000309907588523607,0.00016355784580668892,0.00023909903330886014,0.25400464959386093,0.3001664509583417,False,none,False,False
2019-09-17,9.364289003163309e-05,7.317388192639624e-05,6.451715583743855e-05,0.00020477261170437138,0.016113138143131707,-0.016113138143131717,9.364289003163309e-05,0.00023800086932274276,0.00015846408467537902,0.0002832819106243888,-0.501601965389704,-0.42577273156756484,False,none,False,False
2019-09-18,0.0003686551702286708,0.0004107697345236751,0.0005069799775066228,0.00022626090353156296,0.03197075487647108,0.016113138143131707,0.0003686551702286708,0.0002672014152502682,0.0001711631771150639,0.00019527568837529155,0.08328083775253553,0.12391475055343096,False,none,False,False
2019-09-19,5.162802773046993e-05,4.709393256513165e-05,4.790497047485493e-05,0.0002192994148471428,0.011964250391770627,0.0,5.162802773046993e-05,0.00018540484583465868,0.0001612267235234517,0.0001958023433342472,0.0912931652493985,0.24649575153935688,False,none,False,False
2019-09-20,9.28929678460748e-05,2.928534155048943e-05,0.0,0.00021699786625982553,0.016048488870464086,-0.012060447692508398,9.28929678460748e-05,0.00016217936074130953,0.00016319326643792577,0.0002455240239779194,1.137076513908951,1.4823866013101366,False,none,False,False
2019-09-23,9.28929678460748e-05,0.0001287769975127048,0.0002575539950254096,0.00022874489561139743,0.016048488870464086,0.0,9.28929678460748e-05,0.00013994240473658436,0.00015541570272763837,0.00023216386375088778,0.0071548082697307554,0.11362252126159117,False,none,False,False
2019-09-24,2.3599710449812074e-05,2.63715310883387e-05,3.264998528865146e-05,0.0001965216466004867,0.008089022873083824,-0.004052690450623308,2.3599710449812074e-05,0.00012593376882022014,0.00015315841189685638,0.0002124395580362453,-0.5154096664841065,-0.41810027154716417,False,none,False,False
2019-09-25,0.00013571882943539973,0.00013942661730135674,0.00012508796316200893,0.00019610744351037924,0.019398260125283756,-0.01123033752955377,0.00013571882943539973,7.934650066156593e-05,0.00015836662635192213,0.00017322005493509258,0.9470015697508976,1.167214994741768,False,none,False,False
2019-09-26,0.00015271182088680654,0.00015330631690542098,0.0001704097332866094,0.00019890733034065217,0.020576857688759508,-0.004115232145106655,0.00015271182088680654,9.956325929283325e-05,0.0001563889328074035,0.0002077937809031877,1.7408469145733627,1.866114080485259,False,none,False,False
2019-09-27,0.0005559293159029553,0.0006703868266554808,0.000641100629241805,0.00023506680853046044,0.03926020060614834,0.031458707817792184,0.0005559293159029553,0.00019217052890420933,0.00017544062319777828,0.00021521509268488523,2.6337418921864533,2.5301812193843376,False,none,False,False
2019-09-30,0.0003571447484021885,0.00044068396519840957,0.0004922001515434395,0.00025237903304648976,0.03146768980441799,0.015857616733339488,0.0003571447484021885,0.00024502088501543207,0.00018275533544941336,0.0002178101365552784,2.0285913462326493,1.9518133819372052,False,none,False,False
2019-10-01,8.927513655560351e-05,0.00011776222430530139,0.0001235196699145436,0.00025541012925985767,0.015732871218899706,-0.003940891799876478,8.927513655560351e-05,0.0002581559702365904,0.00018275533544941339,0.00023162028064622063,0.633723876421836,0.5300545451874751,False,none,False,False
2019-10-02,5.1218679496429646e-05,6.495720549274109e-05,9.486000285853762e-05,0.0002560393134113413,0.011916724933462833,-0.00395648389507448,5.1218679496429646e-05,0.0002412559402487964,0.00018280984693951375,0.00018894150446522866,0.38788272470581237,0.2636486014047706,False,none,False,False
2019-10-03,0.00014573290544588885,0.00017715659180416086,0.0001782445175476339,0.0002672700451656076,0.020101179321087303,-0.015984356308436365,0.00014573290544588885,0.0002398601571606128,0.00018716045960913503,0.000254887659981107,0.5037285361068872,0.3909276740433094,False,none,False,False
2019-10-04,0.00027668385843268535,0.00028565132594008215,0.0003261720318423387,0.0002823494993871892,0.02769712161067015,0.019940840203510914,0.00027668385843268535,0.00018401106566655882,0.0001974454325135832,0.000247701848079834,1.8603868940124209,1.9431237336646814,False,none,False,False
2019-10-07,0.00013786402011926654,0.00013754753753894192,0.0001520004925104542,0.00028074529470497017,0.019550964870955007,0.011776387323825119,0.00013786402011926654,0.00014015492000997443,0.00020142041276742146,0.0003018186186143552,1.5510011861588642,1.5683542253039036,False,none,False,False
2019-10-08,0.00026812884083705896,0.0003189643184433026,0.0003034514747689696,0.0002732668596780962,0.027265564366285452,-0.00391007340784289,0.00026812884083705896,0.00017592566086626553,0.00021131652123570482,0.0002053574593077147,0.902763924380615,0.8142105153627175,False,none,False,False
2019-10-09,5.0019426714221205e-05,4.543818113449221e-05,4.6046538915345854e-05,0.00026339310153580386,0.011776387323825119,-0.00786631391598215,5.0019426714221205e-05,0.00017568581030982385,0.00020423987540814893,0.0001975425051524602,0.3216004324383191,0.2326005445926693,False,none,False,False
2019-10-10,8.927513655560351e-05,0.00012376161839524136,0.00012376353297302245,0.00023625523293678677,0.015732871218899706,0.003940891799876406,8.927513655560351e-05,0.00016439425653176677,0.00018769890497722386,0.00021886036320014127,1.126586992210449,1.0346033583659204,False,none,False,False
2019-10-11,0.00014115639401522838,9.931084201595918e-05,7.889557355668344e-05,0.00022637710844088436,0.019783038849445177,-0.011869575555383769,0.00014115639401522838,0.00013728876364827537,0.00018399453922377776,0.0001492926870789149,0.18548766547622988,0.1062939345411071,False,none,False,False
2019-10-14,9.069646949236245e-05,0.0001196850431535779,0.000125982705975313,0.0002090291057060986,0.015857616733339488,0.007928683755507263,9.069646949236245e-05,0.00012785525352289456,0.00016718024807304345,0.00023018386250621536,0.5253823434080603,0.44277384397499864,False,none,False,False
2019-10-15,2.2673404674336732e-05,3.143201304742238e-05,3.143213654320543e-05,0.00020679294488836668,0.007928683755507263,-0.00395648389507448,2.2673404674336732e-05,7.876416629035011e-05,0.0001587099304076578,0.00022162931243221174,-0.18441639991180359,-0.3124243750784264,False,none,False,False
2019-10-16,0.00044326925907000285,0.00040269833305297533,0.00034730483059743636,0.00020187405715868707,0.03505714404530229,0.027372187875918292,0.00044326925907000285,0.00015741413276150644,0.00016958227182585335,0.000270888712973877,2.05663476704802,2.027692269172593,False,none,False,False
2019-10-17,8.520599520907096e-05,0.00011243898880706613,0.00011834883437702144,0.00020445698702288508,0.015370139276658718,0.003849860385441715,8.520599520907096e-05,0.00015660030449219994,0.00016919877660664598,0.00021177878205054038,0.46459485289035224,0.35523688682758636,False,none,False,False
2019-10-18,0.00011709870199853422,0.00015669499799910374,0.0002558278493604788,0.00021375643784647184,0.01801850550267843,0.007655539781328278,0.00011709870199853422,0.00015178876608886108,0.00015776439168709431,0.0001843254709272623,1.7625018912615198,1.679313248015958,False,none,False,False
2019-10-21,8.520599520907096e-05,6.698517092743447e-05,5.9401578386939365e-05,0.0002061820028472595,0.015370139276658718,-0.011505400166769991,8.520599520907096e-05,0.00015069067123220278,0.00015929066293612164,0.00021296788115213378,-0.2078192986752167,-0.30753883799205944,False,none,False,False
2019-10-22,8.720497542596235e-05,9.772304570494048e-05,0.00012136170926538056,0.0002102948223212769,0.015549390064861723,-0.007744472395477711,8.720497542596235e-05,0.00016359698538252792,0.00015903211782611652,0.00021677792302941476,0.7300464269320762,0.6505298036079624,False,none,False,False
2019-10-23,0.00019622107886621646,0.00026616016239914067,0.00027149969801646296,0.00021582496297560923,0.02332467256640904,-0.0038948442615409622,0.00019622107886621646,0.00011418734934177065,0.00016372885014521389,0.00018600135582105408,0.8221633985768472,0.7640758277459215,False,none,False,False
2019-10-24,4.848485155999185e-05,6.721427631735163e-05,7.456737574065958e-05,0.000210346426343047,0.011594332780919446,0.0077745775471300006,4.848485155999185e-05,0.00010684312061195482,0.00016485999292294932,0.00018860151035844547,-0.6318093891560009,-0.7154772865936672,False,none,False,False
2019-10-25,8.520599520907096e-05,0.00011812059069194349,0.00011812233471685072,0.00017870604921755515,0.015370139276658718,0.0077145994953303825,8.520599520907096e-05,0.00010046457925406216,0.00016256395500357073,0.00018358383269177496,0.06826296596639227,0.0989035651539725,False,none,False,False
2019-10-28,8.520599520907096e-05,6.659067629163704e-05,5.872075633849682e-05,0.00015963641422940693,0.015370139276658718,-0.007714599495330324,8.520599520907096e-05,0.00010046457925406219,0.00015949550838185547,0.0002088197964432358,0.03718950392280603,0.12785797992420153,False,none,False,False
2019-10-29,0.00019622107886621646,0.000218865734426016,0.0002704340157409288,0.00016835817382807988,0.02332467256640904,-0.015610073071078574,0.00019622107886621646,0.000122267799942113,0.00014314513397109462,0.00016356849985552053,0.4245908492848722,0.40348857513571545,False,none,False,False
2019-10-30,8.857696687295916e-05,0.00011684136353581797,0.00012255462826639318,0.0001697490479177981,0.01567123158536601,0.003925422116105733,8.857696687295916e-05,0.00010073897754346153,0.00013093750753794784,0.0004925956521386719,-0.6991478988987632,-0.8794482378742309,False,none,False,False
2019-10-31,0.00026197031778352263,0.0003573533439814785,0.0004723993268016565,0.0001805646661683363,0.02695062056146697,0.007804917669383915,0.00026197031778352263,0.00014343607078816769,0.00013878728850285325,0.0006766722192490403,0.9882454863852466,0.9102227536790498,False,none,False,False
2019-11-01,0.0006091092874632854,0.0005092384695633356,0.00047831920724318247,0.0001928547394788714,0.04109512794763163,0.037200283686090706,0.0006091092874632854,0.00024821672923901054,0.0001641459525013467,0.0003654271620649405,1.3307405086612638,1.3272527999102561,False,none,False,False
2019-11-04,0.0004948645273969961,0.0006381591294267207,0.0006298323964377688,0.0002127099842691367,0.037041271680349076,0.014870162479451407,0.0004948645273969961,0.00033014843567659555,0.00018001557168094247,0.000252718585511287,2.0750569214055217,2.046188917496105,False,none,False,False
2019-11-05,4.4037862078486246e-05,4.000953748958923e-05,4.054990307221288e-05,0.0001998192644373172,0.011049836186584935,-0.0036968618813260916,4.4037862078486246e-05,0.00029971179231904954,0.00016944075366484253,0.00017895425989115045,0.11380895585285926,0.10691514758525625,False,none,False,False
2019-11-06,0.000123238030507426,0.00014949025743514653,0.00020425417408821892,0.00020658437571754,0.018484814674102942,-0.00743497848751809,0.000123238030507426,0.00030664400504594295,0.0001687759359552134,0.00030923702376535516,0.7810780557944553,0.6939466322998925,False,none,False,False
2019-11-07,7.975280660690836e-05,6.269209166064773e-05,5.558945718525495e-05,0.00020752116871350856,0.014870162479451407,0.0,7.975280660690836e-05,0.00027020050281062,0.000160213388944752,0.00021896903235791768,-0.6634395427774561,-0.708204551115735,False,none,False,False
2019-11-08,8.034910933728018e-05,2.533077761191731e-05,0.0,0.00020466246939398097,0.014925650216675792,-0.007490671729157626,8.034910933728018e-05,0.000164448467185419,0.0001615920108821638,0.00013023216908252466,-0.7576325968098903,-0.8042272511090552,False,none,False,False
2019-11-11,7.215894935749746e-05,5.0711500296315094e-05,4.024044644763129e-05,0.00020148940676809418,0.014144507386164743,-0.007547205635382966,7.215894935749746e-05,7.990735157751929e-05,0.00016081400237315897,0.0001892565362843209,0.24914046095512563,0.15689327220089044,False,none,False,False
2019-11-12,3.924773750474237e-05,5.440891718953799e-05,5.852774899449849e-05,0.0002002053430291584,0.010431578709815498,0.0,3.924773750474237e-05,7.89493266627705e-05,0.00015618179071359142,0.00014854161923170606,-0.506808339994228,-0.6456060946657234,False,none,False,False
2019-11-13,8.156195465163642e-05,0.00011306887781547979,0.00022613775563095958,0.0001909866984276828,0.015037877364540502,0.0,8.156195465163642e-05,7.061411149161259e-05,0.00015576658549355842,0.00017265147125850814,-0.35700949929900905,-0.3916964945030669,False,none,False,False
2019-11-14,3.895166354847647e-05,5.3998471533492117e-05,6.505406553744323e-05,0.00018855783884186907,0.010392157767614204,0.0,3.895166354847647e-05,6.245388287992621e-05,0.00015650650635147385,0.00017462217625919152,-1.3942250371303233,-1.3780075588391492,False,none,False,False
2019-11-15,3.895166354847647e-05,5.3998471533492117e-05,5.808596148503089e-05,0.00017977974478423984,0.010392157767614204,0.003780722839905931,3.895166354847647e-05,5.4174393722165466e-05,0.00013812843382776812,0.0001891266858278418,-0.4722520851624878,-0.41929756881932817,False,none,False,False
2019-11-18,8.034910933728018e-05,0.00010602917071312517,0.00011159649192239397,0.00018400444321992336,0.014925650216675792,0.014981553615616894,8.034910933728018e-05,5.581242571812201e-05,0.00013790766628814124,0.0002006924828644788,0.28762621742200734,0.34417560475236864,False,none,False,False
2019-11-19,4.436407403713863e-05,5.622226262397143e-05,5.466864536242712e-05,0.00018023732062848077,0.011090686694158356,0.007407441277861818,4.436407403713863e-05,5.683569302460127e-05,0.00013460154683535055,0.0001674242297198981,-1.3435357801234495,-1.345598418097279,False,none,False,False
2019-11-20,7.857994459792427e-05,8.78950317076241e-05,8.170277661298938e-05,0.00017133258437599034,0.014760415583120674,-0.0036968618813260916,7.857994459792427e-05,5.623929101385883e-05,0.00013430036271666206,0.0002209778054282141,-1.001220478962543,-0.9125577708556398,False,none,False,False
2019-11-21,8.034910933728018e-05,0.00011138751719527707,0.00022277503439055153,0.00017793409063958956,0.014925650216675792,0.0,8.034910933728018e-05,6.451878017161958e-05,0.0001339887324399038,0.0002816812605742996,-1.2845271529837934,-1.2832613921635958,False,none,False,False
2019-11-22,0.0003059200874838432,0.00017461585007474539,0.00010806584466618281,0.0001833598956711068,0.02912371172196825,-0.029123711721968287,0.0003059200874838432,0.0001179124649586929,0.00013897505101343225,0.000775069214443982,0.046726862070799784,-0.004518474529335961,False,none,False,False
2019-11-25,0.00011889597278717981,0.00015922938018384322,0.00019508404508396674,0.00018867767222561921,0.01815625603667955,0.0,0.00011889597278717981,0.00012562183764867283,0.000142175556523759,0.0002898870003759831,-1.1527682445871719,-1.1000778627780166,False,none,False,False
2019-11-26,7.326010872701598e-05,8.44727757400272e-05,7.944392260731249e-05,0.00017813792663177455,0.014252022707201413,0.0066508558699095895,7.326010872701598e-05,0.00013140104458664832,0.00014163256168366558,0.00020398156364351866,0.04397000814150934,0.05690358614567903,False,none,False,False
2019-11-27,0.00011799220442922575,0.0001411045918727462,0.00013838500387107245,0.00018027368057323037,0.01808711849114397,-0.010471299867295478,0.00011799220442922575,0.0001392834965529086,0.00014312284392094534,0.00015933666041318138,-1.187854618780013,-1.182631720410654,False,none,False,False
2019-11-28,0.0003488620775311356,0.00019867433001978117,0.00012256433655677822,0.00016621579422895864,0.031100660150227787,-0.027159768350351388,0.0003488620775311356,0.0001929860901916797,0.00015006107113298714,0.00034987550810214535,0.2423515334960944,0.248973896068601,False,none,False,False
2019-11-29,0.00014115639401522838,0.00017159169663846376,0.00017263992349353087,0.00014378563084118778,0.019783038849445177,-0.007897375694951032,0.00014115639401522838,0.00016003335149795674,0.00015245104509399937,0.00015874202033956396,-0.5010981910542531,-0.3908378725290444,False,none,False,False
2019-12-02,0.000954575898196456,0.001224625112182909,0.0013814935878964422,0.0001749285334429558,0.05144556705743852,-0.015984356308436365,0.000954575898196456,0.00032716933657981197,0.00018393311693095087,0.0004298206717023382,-0.7073103793656403,-0.6871591826405321,False,none,False,False
2019-12-03,0.00019807486176137395,0.0002549411965085001,0.00024916531733602625,0.00018910247525151427,0.023434592547744222,-0.015220994010355243,0.00019807486176137395,0.00035213228718668357,0.00016524973394450035,0.0003888753812971787,0.3901857654645512,0.7673554839614765,False,none,False,False
2019-12-04,0.00035694089412790717,0.00011252881935254363,0.0,0.0001952222310636132,0.031458707817792184,0.02324510928040319,0.00035694089412790717,0.0003999220251264198,0.00015898047788681448,0.00031006168564780653,-2.1678965335293494,-2.2338438581433335,False,none,False,False
2019-12-05,9.28929678460748e-05,0.00010410326734821555,0.0001292936610210462,0.00019331554011685077,0.016048488870464086,-0.004004009353382119,9.28929678460748e-05,0.00034872820318940765,0.00016120116451261398,0.00022337760177070824,-1.9668451728571317,-1.9851096094689078,False,none,False,False
2019-12-06,2.340996275124009e-05,2.6210099001608786e-05,3.251846327776777e-05,0.00019304943067711684,0.008056438339126145,0.0,2.340996275124009e-05,0.00032517891693661005,0.00015666352506915097,0.0001989644605095761,-2.97558377135501,-2.818519699691487,False,none,False,False
2019-12-09,5.24615848636326e-05,4.7855086026773414e-05,4.8679976050659e-05,0.00019321170199716417,0.012060447692508473,-0.004020105916665776,5.24615848636326e-05,0.00014475605427004536,0.0001554230149899112,0.00024624093983419517,-1.4531221483402885,-1.3724814592917018,False,none,False,False
2019-12-10,0.00013461703979863267,9.639170450102592e-05,7.79793607743615e-05,0.00019587345923463505,0.01931936040263737,-0.01931936040263748,0.00013461703979863267,0.0001320644898774971,0.00015788973910179084,0.00025201123783312267,0.7272307430507841,0.8163148268596015,False,none,False,False
2019-12-11,4.548834813329962e-05,4.341137308295694e-05,4.602603790510797e-05,0.0001896811835388375,0.011230337529553755,0.011230337529553755,4.548834813329962e-05,6.977398067857559e-05,0.0001566774390461455,0.00028541572993918176,-1.8988875747072127,-1.78719317789934,False,none,False,False
2019-12-12,4.511908089082797e-05,1.422419505986233e-05,0.0,0.00018778316071165022,0.011184661587895007,-0.00713197113727159,4.511908089082797e-05,6.021920328752623e-05,0.00015694431829096756,0.00022020797787658517,-1.1967010423830393,-1.1220492434995846,False,none,False,False
2019-12-13,4.548834813329962e-05,3.721232792649859e-05,3.4256267119379627e-05,0.0001868006738722358,0.011230337529553755,-0.0040983663922821365,4.548834813329962e-05,6.463488036393813e-05,0.0001553046089037704,0.00021866947239619551,-0.5180800478165778,-0.46331731907293994,False,none,False,False
2019-12-16,0.0001964700655746165,0.00012935147409178364,9.565368437683354e-05,0.00018425136646618782,0.023339466319303274,0.023339466319303274,0.0001964700655746165,9.343657650613491e-05,0.00016246453626859498,0.00025039010988519667,0.34268872551679597,0.4648910532169761,False,none,False,False
2019-12-17,0.0002696633856530858,8.501380175082344e-05,0.0,0.00018519187858805712,0.02734347567268548,-0.02333946631930331,0.0002696633856530858,0.00012044584567702553,0.0001729514327278954,0.00023345479309333373,-1.1863435577642818,-1.1202348878955646,False,none,False,False
2019-12-18,5.452408002602449e-05,7.558642468532741e-05,8.38476126953274e-05,0.00018481537063416457,0.012295236857037558,0.0,5.452408002602449e-05,0.0001222529920555705,0.00017177756775920195,0.0002546748838557448,0.10652213529561799,0.12822413210887965,False,none,False,False
2019-12-19,8.424291073873814e-05,0.0001103498963827248,0.00011296956790636417,0.0001813300702236475,0.015283027980177158,0.00818000471193069,8.424291073873814e-05,0.00013007775802515256,0.0001735902421547292,0.00021775512969975528,-0.3867938760977668,-0.3442495828003946,False,none,False,False
2019-12-20,8.424291073873814e-05,6.806584147870881e-05,6.19373815518725e-05,0.00017596553962074787,0.015283027980177158,-0.008180004711930807,8.424291073873814e-05,0.00013782867054624025,0.0001738476497065844,0.0002557893898603193,1.9155138119951935,1.9270905081235699,False,none,False,False
2019-12-23,4.511908089082797e-05,5.611275167915306e-05,7.944491150627743e-05,0.00017341696211215483,0.011184661587895007,0.004098366392282185,4.511908089082797e-05,0.00010755847360948254,0.00017224628477720017,0.00037365067254496986,0.681097457659349,0.7171488567095456,False,none,False,False
2019-12-24,8.424291073873814e-05,9.713660469054448e-05,9.135400911582317e-05,0.00017496155869218774,0.015283027980177158,0.0,8.424291073873814e-05,7.0474378626613e-05,0.0001621700494706045,0.00033452368118808476,-0.43198768823793976,-0.36425056675653206,False,none,False,False
2019-12-25,0.00015397659964429196,0.00018739623772762775,0.0002572052972263977,0.00017930092729945702,0.020661892063956626,-0.008213598537388856,0.00015397659964429196,9.03648825502665e-05,0.00016376462341865505,0.0002300387460088546,1.4515811738896613,1.4598019120468038,False,none,False,False
2019-12-26,5.542905173651509e-05,7.684098186455355e-05,8.52381358176164e-05,0.0001754600970109875,0.01239685297682872,-0.004132237284910383,5.542905173651509e-05,8.46021107498219e-05,0.00016295412082817774,0.00020297101412381435,-0.72976618674534,-0.6599452377196557,False,none,False,False
2019-12-27,0.000928968853567655,0.0005969714955665165,0.00039363852758132067,0.00019531611573411447,0.05075084794083443,-0.042289599566338654,0.000928968853567655,0.00025354729931560525,0.00019981669578901545,0.00026726483425545077,2.0942894573638666,2.117398241655571,False,none,False,False
2019-12-30,0.0005307517022353466,0.0006318452168601673,0.0006122008519646861,0.00016371078953435138,0.03836086787244637,-0.020731784531042734,0.0005307517022353466,0.000350673823584509,0.0002080844060028432,0.0003245964285115947,1.5412294404902438,1.5012530638721744,False,none,False,False
2019-12-31,0.00011224382661875207,0.00014805653551089732,0.000155262140271171,0.00015527101558026859,0.017641030803901152,-0.004419896698151247,0.00011224382661875207,0.00035627400676051176,0.00020677019839391246,0.0002935283717583384,0.023765539886751112,0.07685761279126678,False,none,False,False
2020-01-02,0.000521564126587195,0.0002867358404259234,0.00016807716020417036,0.00015901921271737615,0.03802739558923932,0.03802739558923932,0.000521564126587195,0.00042979151214909246,0.00018708784513894606,0.00029305683126842967,0.3911814675494904,0.39527178715117967,False,none,False,False
2020-01-03,0.00032558480085164007,0.0003370122468069708,0.0003119447146801282,0.0001677836883162792,0.030045178431387994,-0.017204725449630833,0.00032558480085164007,0.0004838226619721174,0.00019288375146123092,0.00027026886766600875,0.03173648146813943,-0.02989272869554081,False,none,False,False
2020-01-06,0.0003186076135730666,0.0001929786477286162,0.00012922413957451486,0.00017399900826560363,0.029721505281738586,-0.029721505281738607,0.0003186076135730666,0.00036175041397319967,0.00019114132961782902,0.00026875698312285357,0.8476089368245132,0.7636340095758138,False,none,False,False
2020-01-07,0.00018092889472113782,0.0001810631894966336,0.00016053330461604395,0.00017920974619133702,0.022397352813025368,-0.008978735965275871,0.00018092889472113782,0.000291785852470358,0.00019514296265760463,0.0002413148089950734,0.6341269373239831,0.5342521517810671,False,none,False,False
2020-01-08,0.001491760842731495,0.0014361336898267678,0.0015349665673480332,0.00024954532966441984,0.06431204621870039,-0.04496434651767629,0.001491760842731495,0.0005676892556929065,0.00026188618447488894,0.0004856653895594671,2.167187261446213,2.10182895624784,False,none,False,False
2020-01-09,0.0002789789429801905,0.00037833146730398845,0.000470600578741314,0.00026917847893983865,0.027811757784240304,0.012888286192352282,0.0002789789429801905,0.0005191722189715057,0.0002721824280256416,0.0002529932027120478,0.6258234148870016,0.5771280652411722,False,none,False,False
2020-01-10,0.0003779847229269127,0.00045033412171014504,0.00047322259728854244,0.00029315878218105947,0.032372769111802695,0.01845496437335912,0.0003779847229269127,0.0005296522033865602,0.00028324459544056343,0.0003681323319046489,-0.07611167168787786,-0.23707634561076651,False,none,False,False
2020-01-13,3.0427363157868142e-05,9.592499230248137e-06,0.0,0.0002916193550374206,0.00918490957707257,-0.009184909577072553,3.0427363157868142e-05,0.0004720161533035204,0.0002825600052144074,0.00035058348550228504,-0.36726799968580687,-0.4904780755501745,False,none,False,False
2020-01-14,0.00012284032871158002,3.872651575148196e-05,0.0,0.00028514114330214433,0.01845496437335912,-0.009270054796286474,0.00012284032871158002,0.00046039844010160885,0.0002860927892062598,0.00031111691018530414,-0.243438875353533,-0.293990726895626,False,none,False,False
2020-01-15,3.157683728266296e-05,4.3774791466955984e-05,8.754958293391109e-05,0.00028690615525787727,0.009356793410881314,0.0,3.157683728266296e-05,0.00016836163901184253,0.0002854604478039581,0.00021363876214884785,-0.7472833548971749,-0.8625387889530263,False,none,False,False
2020-01-16,6.941586750087062e-05,9.62308256887024e-05,0.00010712152558862628,0.0002904452588182138,0.01387305486824747,0.00927005479628651,6.941586750087062e-05,0.00012644902391597854,0.0002796852569824242,0.0002859883475083083,-0.20189228749008703,-0.3241986701949029,False,none,False,False
2020-01-17,0.00019462888481902913,6.135850215229147e-05,0.0,0.00028601442004626916,0.02322984827912885,-0.018626848207167705,0.00019462888481902913,8.977785629440182e-05,0.00027627459785360345,0.0002594130947768303,-0.0940977027343854,-0.18639792803831712,False,none,False,False
2020-01-20,0.00018043932501752717,0.00022378841739501744,0.00022663973823821925,0.0002933101625650926,0.022367030146895995,-0.008259633977417033,0.00018043932501752717,0.00011978024866633364,0.0002819980180804899,0.0002571443913182374,-0.8415416077046669,-0.8556678816706301,False,none,False,False
2020-01-21,0.0002738770757003482,0.0003796742456833981,0.0007593484913667962,0.0003334587449546579,0.027556278619704732,0.017616427388298193,0.0002738770757003482,0.00014998759806408727,0.0002906177528514722,0.000328539025892764,1.0775230291414593,1.1032105511399812,False,none,False,False
2020-01-22,0.00012171458676291581,0.00013614346255621615,0.00012655296514889005,0.0003385405447823321,0.018370206601748814,0.01845496437335912,0.00012171458676291581,0.00016801514796013783,0.00029232101085257124,0.0003297528024900317,0.11737903036353096,0.04922409968111611,False,none,False,False
2020-01-30,0.0003643778046692074,0.0004725461131909154,0.0007183298153044335,0.00036735898186074617,0.0317847414943135,0.0,0.0003643778046692074,0.00022700753539380518,0.00030683277102431573,0.0008108842891232988,1.2383396613905935,1.2134471721422102,False,none,False,False
2020-01-31,0.001491760842731495,0.0008905075444951907,0.000585324142461892,0.00040216250729666395,0.06431204621870039,-0.055210731972354855,0.001491760842731495,0.00048643392697629833,0.0003708108588421683,0.0010035338847515912,0.659300895883731,0.6284730362360967,False,none,False,False
2020-02-03,0.0006733766302522336,0.0009027419093248583,0.0009111915445437304,0.0006045182726959234,0.04320875433123674,-0.04951506452738056,0.0006733766302522336,0.0005850213880232396,0.0003944199511425293,0.0015170134590903942,1.428423038312285,1.5565982276899313,False,none,False,False
2020-02-04,0.001811007901672514,0.001079769547235123,0.0007086087617298363,0.0006326582233359803,0.07086028566174668,-0.05075910634065966,0.001811007901672514,0.0008924475532176727,0.0004742189897759838,0.0007930781198249884,1.2317352412955365,1.3819458544865049,False,none,False,False
2020-02-05,0.00020448290316844636,0.0002773824327396417,0.0002762921136937977,0.0006432526336170408,0.023810648693718607,0.0066533844907366736,0.00020448290316844636,0.0009090012164987789,0.00044128781021238335,0.0006649018897009109,0.31359757448792636,0.3097420660708614,False,none,False,False
2020-02-06,0.0008719623226802206,0.00046507186533771474,0.0002601541720270297,0.0006548469138312813,0.0491690238064697,0.0491690238064697,0.0008719623226802206,0.0010105181201009816,0.0004567973838689686,0.0006767752775640246,0.2538877834949641,0.17344864312157016,False,none,False,False
2020-02-07,0.00014870717411186963,0.0001305869591629913,0.00011540032071074741,0.000646085728950233,0.020305266160745523,-0.013986241974739952,0.00014870717411186963,0.0007419073863770565,0.00045845480875501935,0.00039168336633340744,-0.632801220755012,-0.709558099958359,False,none,False,False
2020-02-10,8.82884779563107e-05,0.00011974658632063687,0.0001492202267424164,0.000667436791444877,0.015645690725736034,-0.02331711855522892,8.82884779563107e-05,0.0006248897559178719,0.0004387604610899792,0.00042502447258450595,-0.74487794049174,-0.7789421112367737,False,none,False,False
2020-02-11,0.00024022563063075887,0.00025449144887522386,0.00027131084576531377,0.0006750985889621733,0.025807883955872503,0.01818231908319033,0.00024022563063075887,0.00031073330170952086,0.00043488049880721185,0.0003301486443007988,-0.30400513719232697,-0.29358444040494897,False,none,False,False
2020-02-12,0.0014432305917656998,0.0006366818404083014,0.00024252026248221427,0.0006420389748205288,0.06325729098152263,0.06839209045356116,0.0014432305917656998,0.0005584828394289715,0.0004859997250886951,0.0003578954054988111,0.9333530510098698,1.140449318709285,False,none,False,False
2020-02-13,0.0011310864897926647,0.0014888037790042898,0.0014695313353215093,0.0006925071170529715,0.056000336119320954,0.0,0.0011310864897926647,0.0006103076728514603,0.0005291887066828555,0.000311856293181415,0.8848723356524832,1.086951076123408,False,none,False,False
2020-02-14,0.00021353730459787,0.0002596130407619005,0.00026131871051627306,0.000682413781361576,0.02433210065953072,-0.014528100562909969,0.00021353730459787,0.0006232736989486605,0.00047108763676769074,0.0002963450422368889,-1.3202768082625058,-1.295403774360788,False,none,False,False
2020-02-17,0.00013867622958451948,0.0001922460750943867,0.00019225069476553995,0.0006919990944412385,0.019608471388376337,-0.004889985294191681,0.00013867622958451948,0.0006333512492743023,0.0004647102407042511,0.00026558321709665327,0.16883192699945698,0.08073478385874247,False,none,False,False
2020-02-18,7.762221115233373e-05,9.837017978345797e-05,9.565239915197761e-05,0.0006912708836187217,0.01467018974779384,0.0,7.762221115233373e-05,0.0006008305653786172,0.0004510573992599521,0.00030612652370947064,-0.24641030735360955,-0.33867618056004645,False,none,False,False
2020-02-19,0.0002114739527098425,0.00028401777428805925,0.0003270994958353622,0.0007031072932384785,0.02421425812059453,0.009756174945364656,0.0002114739527098425,0.00035447923756744574,0.0004592867896941327,0.000274290877183266,-0.030797964510748184,-0.15669365575374775,False,none,False,False
2020-02-20,0.0006182262905495397,0.00033516517220851005,0.00019234197985061087,0.0007142349777081571,0.041401536698168435,0.041598392074783705,0.0006182262905495397,0.00025190719771882075,0.00048180433341404004,0.0003040799458264701,1.9373599127833925,1.8879588239532306,False,none,False,False
2020-02-21,0.00026318051330705356,0.00030067910834383834,0.00029347052404253907,0.0007230365573580664,0.027012799246068767,-0.01288828619235223,0.00026318051330705356,0.00026183583946065743,0.0004923317732333305,0.00031382711974036305,-0.519971621333206,-0.5979537341838784,False,none,False,False
2020-02-24,0.0007197702580824921,0.000385715521444487,0.00021738456547170195,0.0007891515017042674,0.0446724400515926,-0.07338254593402399,0.0007197702580824921,0.000378054645160252,0.000521893336441586,0.0008072724334367243,0.9941670421382586,0.9160202812784932,False,none,False,False
2020-02-25,0.0005084117631616213,0.00026543003215971867,0.0001433923936818914,0.0008149575157395694,0.03754486277503161,-0.005089069507471293,0.0005084117631616213,0.0004642125555621095,0.0005361561945480674,0.0007434210536238477,0.9472867010819913,0.9323289994317228,False,none,False,False
2020-02-26,0.0017385620401179978,0.0014550768393723243,0.001368093654169771,0.0008927689301411534,0.06942850643176293,0.025190248828558495,0.0017385620401179978,0.0007696301730437406,0.0006069799543253616,0.0004067812100728557,-0.13443286975095758,-0.13600126782594021,False,none,False,False
2020-02-27,0.00043971381661811134,0.0005709427045359292,0.0005706828010457142,0.0008884714913939143,0.03491626510622788,-0.01000008333458331,0.00043971381661811134,0.0007339276782574549,0.0006145179880034417,0.00034903673179921026,-1.956324039490657,-1.8935977946314921,False,none,False,False
2020-02-28,0.0001930808096947328,0.000257481736617666,0.0002581187239895251,0.0008567893844223982,0.023137278911759297,-0.024158835476735595,0.0001930808096947328,0.0007199077375349908,0.0006177619072276153,0.0005294562797318491,-0.019806101922450116,0.036394128132877054,False,none,False,False
2020-03-02,0.0001715594242425126,0.00017466101555042586,0.00017707573359648467,0.0006789840455214222,0.021809716294549558,0.012787898049755907,0.0001715594242425126,0.0006102655707669948,0.0006089974353900382,0.0005094362370862491,-0.5782210876172516,-0.49457550358103614,False,none,False,False
2020-03-03,0.0003562752820629523,0.0002233111350200532,0.00015597730539524597,0.0006538279166011741,0.03142936253029225,-0.00509555242660017,0.0003562752820629523,0.0005798382745472611,0.0005573844553596499,0.000498160794949674,0.3205820632111825,0.4743269674650141,False,none,False,False
2020-03-04,0.00013053286374751182,0.0001803293011926426,0.00023096385077514363,0.000641941586459094,0.019024036004697143,0.0025510217916052047,0.00013053286374751182,0.00025823243927316385,0.0005327097387003443,0.00042073153080153986,0.5228290849157348,0.5942137999356326,False,none,False,False
2020-03-05,0.0003182571550106244,0.00043158880683135493,0.0005366955221812123,0.0006651017026202711,0.029705154413915694,0.023915551396557932,0.0003182571550106244,0.00023394110695166645,0.00046485743203389477,0.0003674065624815333,1.299764496749425,1.2423992977372036,False,none,False,False
2020-03-06,0.00022657616692720427,0.0003043953944271373,0.0003015498398716682,0.00067091720616697,0.02506396866321622,-0.01000008333458331,0.00022657616692720427,0.00024064017839816075,0.00046586167129565657,0.00042694229971445115,0.10855161980467365,0.0576166930849215,False,none,False,False
2020-03-09,0.0006446917502273229,0.0008937325380006507,0.0017874650760013014,0.0009634617665428295,0.04227842329133504,-0.07159856054829612,0.0006446917502273229,0.0003352666435951228,0.00045553119072961576,0.0009488813568766652,1.8760707866721764,1.792116411631764,False,none,False,False
2020-03-10,0.0014213709868928746,0.0015607228497519219,0.0015074529343144143,0.0010280426109511816,0.0627764061441718,0.010738358221132692,0.0014213709868928746,0.0005482857845611073,0.0005133795458560251,0.0016869160598248787,0.4950395697545329,0.4010879483555037,False,none,False,False
2020-03-11,0.0019538982543848096,0.0013767231448395475,0.0009911397745818833,0.001060201449955149,0.07360269196511306,-0.05206655371397854,0.0019538982543848096,0.0009129588626885669,0.0005981799902391386,0.0019549756370318494,1.7342906458148868,1.6696396373866895,False,none,False,False
2020-03-12,0.0003528027013918214,0.00041843703878967163,0.0005552066151584251,0.0011242693337659025,0.0312758179917759,-0.07291858995155455,0.0003528027013918214,0.0009198679719648062,0.0006032971298191869,0.0010063603717770468,1.6102931977827983,1.5753889987241911,False,none,False,False
2020-03-13,0.006159927576545969,0.0021047304229718207,0.0002119812962630385,0.0014006032813368668,0.13068644049229125,0.060179564174124775,0.006159927576545969,0.002106538253888559,0.0008176924473091992,0.0021573238042439293,1.1714855133223199,1.1427340667178978,False,none,False,False
2020-03-16,0.0015923570632548668,0.0021788496170155255,0.003842966933532298,0.001553154684164595,0.06644509940815276,-0.002853068982406399,0.0015923570632548668,0.002296071316494068,0.0008386592915574811,0.0011679767269433768,0.41750998909476195,0.3154501799019339,False,none,False,False
2020-03-17,0.004354255141382961,0.005013952590187694,0.0064201267457273834,0.001891747928881526,0.10987519601235296,-0.0028612322810321234,0.004354255141382961,0.0028826481473920853,0.0010268737386840761,0.001762786388183607,0.21517056123207598,0.12632221015849313,False,none,False,False
2020-03-18,0.0005078046525478061,0.0006076105513056425,0.0006329667416391021,0.0019113264043559056,0.03752243932308956,-0.010079278994702668,0.0005078046525478061,0.0025934294270246842,0.0010436523033642254,0.0006839204196724473,-0.8600415875444202,-0.950726567890539,False,none,False,False
2020-03-19,0.00042070671507445453,0.000575466929450092,0.0006407783677175919,0.00190363775326,0.034153282325216965,-0.03385165023102419,0.00042070671507445453,0.002607010229761211,0.0010592470535425037,0.0007586876429357134,-0.18014280112815528,-0.1628857250118016,False,none,False,False
2020-03-20,0.0004194599357118767,0.0005737153033788174,0.000726039012194117,0.0019268374649197672,0.03410263754002281,-0.0014981276210219922,0.0004194599357118767,0.0014589167015943926,0.0010687009618607782,0.0007374556610383521,-0.8712794075344253,-0.8875176992886301,False,none,False,False
2020-03-23,0.0019257482535956316,0.002157119142586595,0.002677694465028294,0.0020356759370502796,0.07307056787648637,-0.07307056787648648,0.0019257482535956316,0.0015255949396625456,0.0011281337783628732,0.0012883433809633999,1.194345625345538,1.1409658655253432,False,none,False,False
2020-03-24,0.0007269703340651312,0.0010034007762293338,0.0013930793702177564,0.0021021110925371995,0.044895319907890946,-0.04284015867649225,0.0007269703340651312,0.0008001379781989797,0.0011492151338518767,0.0012431490298747787,1.6226033830327167,1.573272608009485,False,none,False,False
2020-03-25,0.00011408890337726309,0.0001541410840522449,0.00016506624885192513,0.0022375640099349665,0.01778543243321634,0.04122595332195126,0.00011408890337726309,0.000721394828364871,0.0011216841631834574,0.0007534390676388983,-0.4299462035599934,-0.4280965002256415,False,none,False,False
2020-03-26,0.0002506267521712616,7.90123322487372e-05,0.0,0.002209084471521769,0.026360669691068633,-0.03284367456914681,0.0002506267521712616,0.0006873788357842325,0.0011099666626838954,0.001076711058443559,-0.7103922589123624,-0.9726356211618606,False,none,False,False
2020-03-27,0.001178351569597232,0.0015946532247757955,0.0026935836704374168,0.00231813429863761,0.05715841383994862,0.003333336419758217,0.001178351569597232,0.0008391571625613036,0.0010845025503874969,0.0008736274909345003,0.2641586952470636,0.13117838381846894,False,none,False,False
2020-03-30,0.0011176429176070423,0.001519182639453265,0.0020405149408378354,0.002463892657208522,0.055666544250999185,-0.06531530639551714,0.0011176429176070423,0.0006775360953635857,0.0011153175095233575,0.0011367653892039545,1.7389959238879251,1.675563075663053,False,none,False,False
2020-03-31,0.0015841250887558556,0.0021764248162931482,0.0022208212316428937,0.002480160427037141,0.06627312694977941,-0.007130154984591191,0.0015841250887558556,0.0008489670463017306,0.0011785467949352267,0.0022553756807063654,0.06162542972557806,-0.04924604731576246,False,none,False,False
2020-04-01,0.0008830289350699495,0.00027838279432882296,0.0,0.0024642120780543455,0.049480057263369716,0.03687863038536578,0.0008830289350699495,0.0010027550526402677,0.0012108863181546556,0.001461837131216263,-0.4772320254041005,-0.5288582682156003,False,none,False,False
2020-04-03,0.00036113384892000084,0.0004144381814401292,0.00041248941426568647,0.002514457526777868,0.03164293976125858,0.045500687519033384,0.00036113384892000084,0.0010248564719900156,0.0012111071621027031,0.0006330782782893485,0.8014443409087645,0.7459334992046531,False,none,False,False
2020-04-06,0.000872253615853195,0.0004960698824155878,0.0003054496526504646,0.002567646584440662,0.04917723597608388,0.05605951263046282,0.000872253615853195,0.0009636368812412082,0.0012448217417438707,0.0011419464294228905,1.0057933253248381,0.9360752117197787,False,none,False,False
2020-04-07,0.0006574351812184412,0.0006684231743471712,0.0007520395275383478,0.002401740565332166,0.0426942310980057,-0.018868484304382805,0.0006574351812184412,0.0008715953339634881,0.0012602389247533168,0.000909383492499178,0.3257598993924925,0.31508977937539234,False,none,False,False
2020-04-08,0.0033690202373635866,0.0023682720968824927,0.0018797682432926998,0.0024464260656164253,0.0966483704731325,0.06602551025914963,0.0033690202373635866,0.0012285743636850344,0.0014030772915913344,0.0010828289167907203,2.2242077497055246,2.161376329849798,False,none,False,False
2020-04-09,0.00042649286626031174,0.00017233563874772108,5.009082066996935e-05,0.002599106629000269,0.03438734230947573,0.020588962577621463,0.00042649286626031174,0.0011372671499231067,0.0013931591605019246,0.0007033036083393956,1.8692743921594641,1.815492336234819,False,none,False,False
2020-04-10,0.00022644259789013916,0.00012565645001213786,7.468434690866449e-05,0.0024629897728762904,0.025056579837337688,-0.022075951699199847,0.00022644259789013916,0.0011103288997171344,0.001338844233729073,0.0007136292428483667,0.22274903680983932,0.2809199647584273,False,none,False,False
2020-04-13,0.0012127734715344468,0.0012027832699572664,0.0013217041161592766,0.002211494179004414,0.057987257650349316,0.03221361998365506,0.0012127734715344468,0.0011784328708533847,0.0013051567435995112,0.000680337551607573,1.749363308286888,1.723157709419988,False,none,False,False
2020-04-14,0.0002878497048503179,0.0003056613095313961,0.00027898535943737384,0.0020715787276662685,0.028250466285851653,0.027009459907491363,0.0002878497048503179,0.00110451577557976,0.0013022043346658065,0.0007124870830723763,1.503048502849727,1.425790383948003,False,none,False,False
2020-04-15,0.0001375181132153066,0.00018988177925227965,0.0002366256599527417,0.0016534354299312804,0.019526422350355236,0.0014015419252884772,0.0001375181132153066,0.0004582153507501041,0.001028458449968958,0.0006219155242234658,0.7059457580483742,0.6290294315539722,False,none,False,False
2020-04-16,0.00014183704706852742,0.00015902540072014885,0.00019760269872076496,0.0016300230980623668,0.019830678180485714,-0.011267724846342269,0.00014183704706852742,0.0004012841869117472,0.0009625257219604881,0.0006595477498893225,0.6812465718463098,0.5876535778821613,False,none,False,False
2020-04-17,8.525066005006322e-05,0.00010609244716800174,0.00010344073819069377,0.0015801869335625453,0.01537416724958795,0.009866182921053979,8.525066005006322e-05,0.000373045799343732,0.0007684800637180837,0.000583300773277418,0.9249996062081837,0.8385628062633127,False,none,False,False
2020-04-20,0.001530978943649294,0.0015492312745376444,0.0017351741261669685,0.00163097827351314,0.0651519374473899,0.03851920488179106,0.001530978943649294,0.0004366868937667015,0.0008149879860408787,0.000801257360821122,1.3092314435946988,1.2633244398956691,False,none,False,False
2020-04-21,0.0015761611945691422,0.0020425459439730514,0.0025451985944951777,0.0015774742281724611,0.06610632914097095,-0.006770506567210602,0.0015761611945691422,0.0006943491917104663,0.0008675086441997281,0.0013258621736249624,0.9714791426518952,0.9122518321086569,False,none,False,False
2020-04-22,0.001000908719102076,0.0009027528103269746,0.0009088889660478483,0.0014689889520121476,0.052679295995427665,0.014835066403940887,0.001000908719102076,0.0008670273128878203,0.0008939381343538278,0.0014625458802188156,0.5003504320729688,0.4742648909883996,False,none,False,False
2020-04-23,0.00014181026212936785,8.220879782544333e-05,5.197592923386387e-05,0.0013873199073690026,0.01982880564930103,0.002673798384402205,0.00014181026212936785,0.0008670219558999882,0.0008128500438326342,0.0006943307433882311,-0.13919901443109572,-0.21976073955911046,False,none,False,False
2020-04-24,0.00018807052127948587,0.0002497623654786192,0.00039981683715151217,0.0013924793223101073,0.022835109071017358,0.005326244282674163,0.00018807052127948587,0.0008875859281458727,0.000788354597796923,0.000521477114987402,-0.5045119862961791,-0.8132271169242189,False,none,False,False
2020-04-27,0.0004070624187416068,0.0003542847202721661,0.00030510685663546507,0.0012952027105358156,0.03359489055571734,0.03650992203979236,0.0004070624187416068,0.0006628026231643354,0.0008016715757680295,0.0006338872144632582,0.7120495886152389,0.6300268280547192,False,none,False,False
2020-04-28,0.0005464822205506519,0.00017228342307475965,0.0,0.0010231963214158844,0.038925190321991876,0.038925190321991876,0.0005464822205506519,0.00045686682836063735,0.0008151195516034565,0.00050857572834776,0.3715480632716491,0.30881169196133085,False,none,False,False
2020-04-29,0.0005388426456573311,0.0005182885110870915,0.0005535009300087595,0.0009486296428717767,0.038652154434279114,0.02433210065953072,0.0005388426456573311,0.0003644536136716884,0.0007860509641516428,0.00039750394025170457,0.6255118295402404,0.561279171210955,False,none,False,False
2020-05-04,0.0006665813741535553,0.0008604196496950375,0.0012962846872004601,0.0011939641958292357,0.04299018493136827,-0.07226056723148144,0.0006665813741535553,0.00046940783607652586,0.0007655481667219387,0.0005642328367075143,1.2415814025419571,1.283943771970979,False,none,False,False
2020-05-05,0.0003578482515486837,0.0004017690288314917,0.000499989340191131,0.0011581706791296015,0.031498667059371016,-0.01562531790308087,0.0003578482515486837,0.0005033633821303654,0.0007098083104852492,0.00042880649823766835,-0.7153983615274452,-1.028401233571345,False,none,False,False
2020-05-06,0.0005490533622245942,0.0001730939985557892,0.0,0.0011400425479360025,0.03901665234245172,0.028462464663761452,0.0005490533622245942,0.0005317615708269629,0.000694627602628642,0.00047916951779882144,-1.5266173937260719,-1.6164445700110712,False,none,False,False
2020-05-07,0.00022886504260613344,9.633186806039457e-05,3.210994549321912e-05,0.001097816606173144,0.025190248828558495,0.025190248828558495,0.00022886504260613344,0.0004682381352380592,0.0006886153841598299,0.000340665968873166,-0.5007787649131299,-0.6473213619350018,False,none,False,False
2020-05-08,0.0005715011239246714,0.0007536387055221876,0.0007883861209129808,0.0010159570938166134,0.039806250400419574,-0.01000008333458331,0.0005715011239246714,0.00047476983089152723,0.000674944816344897,0.0006565763124066657,1.124844805773258,1.1613903449330594,False,none,False,False
2020-05-11,0.00018491085578291292,0.00024663500853350077,0.00027307646775245225,0.0008524245551167505,0.022642476749759752,0.0050125418235441935,0.00018491085578291292,0.00037843572721739876,0.0006534664379160093,0.00048468081562319157,0.024926775366755975,0.12833776664279659,False,none,False,False
2020-05-12,0.0017000095441967226,0.002121180270618049,0.0021461695588244232,0.0009344390577425001,0.06865440473807798,0.024692612590371414,0.0017000095441967226,0.0006468679857470066,0.0005776023154993338,0.0006173051827524439,1.179655449087483,1.1908913090393038,False,none,False,False
2020-05-13,0.0005548115838144644,0.0007320021672935609,0.0007211379456048516,0.0009084480186906897,0.03922071315328133,-0.009804000096620856,0.0005548115838144644,0.0006480196300649806,0.000583434984479068,0.0008076572744031464,-0.726063631675345,-0.7782293310929835,False,none,False,False
2020-05-14,7.995083447140074e-05,7.258874011188286e-05,7.352416173163676e-05,0.0008910786124922937,0.014888612493750559,-0.014888612493750524,7.995083447140074e-05,0.0006182367884380341,0.0005767762679600345,0.0004963959918381564,-1.2474061141334525,-1.15702899427584,False,none,False,False
2020-05-15,0.000472278595273084,0.0005664790044635048,0.0007122382053647273,0.0009153847669895658,0.03618610654670379,-0.015113637810048184,0.000472278595273084,0.0005983922827077165,0.0005431174099481543,0.00048413256247946624,0.08482397650263991,0.11703150450944133,False,none,False,False
2020-05-18,0.00012921842873864055,0.00016933087210008793,0.00017391471826350282,0.0009155068829881694,0.01892800988551886,0.01010109598650392,0.00012921842873864055,0.0005872537972988621,0.0005359068973976234,0.00042696529658753536,-1.5229036219930254,-1.4711738045785778,False,none,False,False
2020-05-19,7.995083447140074e-05,7.296648866936072e-05,7.425757285435372e-05,0.0009250896439070111,0.014888612493750559,0.010000083334583179,7.995083447140074e-05,0.00026324205535379773,0.0005332902029092641,0.0003886610248354483,-0.41048093339396496,-0.3791908239335138,False,none,False,False
2020-05-20,8.075036767755477e-05,0.00011194377936975205,0.000124630944752961,0.0008494967658139949,0.01496287267671232,0.0,8.075036767755477e-05,0.0001684298121264158,0.0005305135356642199,0.0003921879121022699,-2.363740047484648,-2.2739574887486143,False,none,False,False
2020-05-21,0.00014284698627816522,0.0001885138203495414,0.0001985242507479127,0.000721676394145159,0.019901154317294806,0.0,0.00014284698627816522,0.0001810090424877687,0.0005331315504927699,0.0003258912420644888,-1.5863026244697056,-1.5048890686269083,False,none,False,False
2020-05-22,3.606797715667828e-05,4.029496520109905e-05,4.987583074508259e-05,0.000659556517526549,0.010000083334583179,-0.01000008333458331,3.606797715667828e-05,9.376691886448757e-05,0.0004651810520158329,0.00041649723156594805,-1.4318418346052044,-1.3358737350583507,False,none,False,False
2020-05-25,0.0005715011239246714,0.0007536387055221887,0.0007883861209129808,0.0006644962001137059,0.039806250400419574,0.010000083334583179,0.0005715011239246714,0.00018222345790169374,0.00041951468516835696,0.000617983679892965,0.25102726927154345,0.2506217091904288,False,none,False,False
2020-05-26,0.0006853256315857879,0.0006223091806339559,0.0005363487799461817,0.0006810669483735876,0.04359043607486177,0.03902934390573529,0.0006853256315857879,0.0003032984173245712,0.000405169999372162,0.0004274370772124784,1.4069449085853027,1.3102681773021614,False,none,False,False
2020-05-27,0.000960357542214792,0.0004812141059310658,0.00024197525596127937,0.0007034086287874817,0.051601128775082494,-0.029128272923023713,0.000960357542214792,0.00047921985223201865,0.0004423766939214995,0.0006799843778855592,0.3490064681077987,0.33593652127675916,False,none,False,False
2020-05-28,0.0002156310036764443,0.00028969099064459706,0.00028698235997807835,0.0007076694487836666,0.024451095864164336,0.009804000096620835,0.0002156310036764443,0.0004937766557116744,0.00044362944312136124,0.0004186144131487113,-0.7803412622581816,-0.7004421770553575,False,none,False,False
2020-05-29,7.83869850857332e-05,2.4712200337411025e-05,0.0,0.0006812823833534711,0.014742281737203431,-0.014742281737203319,7.83869850857332e-05,0.0005022404572974854,0.0004286896506824579,0.0003414732293418525,-1.4260932040693988,-1.3259921051251282,False,none,False,False
2020-06-01,0.00031204651306165963,0.0003494521863397084,0.00033777502837806846,0.0004503654005501566,0.029413885206293407,0.019608471388376337,0.00031204651306165963,0.0004503495351248831,0.000418033482160231,0.00040065752623548825,0.16782853107084508,0.2979613732113732,False,none,False,False
2020-06-02,0.000496643423018785,0.0006794349831921108,0.0009306316604055926,0.0004669204076834958,0.03710778831507537,0.004842624475787991,0.000496643423018785,0.0004126130934114824,0.0004161153356766608,0.0006005197489101594,1.0924503719870404,1.1653146755829167,False,none,False,False
2020-06-03,3.3346830440103906e-05,1.0512887484474342e-05,0.0,0.0004480527669047758,0.009615458699441973,0.009615458699441973,3.3346830440103906e-05,0.00022721095105654484,0.0003873319473260493,0.0004060943841203318,-2.424645752603599,-2.3630526707810238,False,none,False,False
2020-06-04,7.39611823660709e-05,0.00010253197005584397,0.00011370758742153416,0.00044756985879204874,0.014320053774748471,0.0,7.39611823660709e-05,0.00019887698679447018,0.00037442798963593053,0.000406143901269392,-0.3510112999247336,-0.35639005956943787,False,none,False,False
2020-06-05,7.539386113242236e-05,6.845653152586802e-05,6.934345750831273e-05,0.00043152306908501186,0.014458083175229917,-0.004796172263492944,7.539386113242236e-05,0.000198278362003808,0.00035289801231355906,0.0009696660191597915,-0.8014786715927464,-0.7241895239662428,False,none,False,False
2020-06-08,0.0004826756393810052,0.0006340919501492857,0.0007763093586999033,0.00045371747789363387,0.03658225026221939,0.014320053774748471,0.0004826756393810052,0.00023240418726767713,0.0003644348576215078,0.0004072443050403289,1.2776228168682164,1.3876258365149716,False,none,False,False
2020-06-09,0.0008989204703220355,0.0008631237220826997,0.0007902704916110556,0.00039809846620654195,0.049923308766600755,0.03148948225654587,0.0008989204703220355,0.0003128595967283272,0.00037931755518502436,0.00042351308291947644,1.6644269643323275,1.7710116800803952,False,none,False,False
2020-06-10,0.0012347113875529733,0.0016400025977001457,0.0017680308171518098,0.0004432999741852934,0.05850937419209341,0.018203005457076562,0.0012347113875529733,0.0005531325081509011,0.00042703576117457257,0.0006305667192378227,0.9973341414515007,1.0551866121531308,False,none,False,False
2020-06-11,0.002441160174653134,0.001553973227887822,0.0011055469399653569,0.0005192402785160391,0.08226988008636073,-0.06883182792431977,0.002441160174653134,0.0010265723066083137,0.0004607244261953185,0.0018303785521418738,0.919845041656406,0.8680865504085378,False,none,False,False
2020-06-12,0.0008931031904351259,0.00046720449836621313,0.0002532397809427736,0.0006496571918131135,0.0497615095590638,-0.004842624475787903,0.0008931031904351259,0.0011901141724688544,0.0004761013174053485,0.0011770514394806883,0.8732462176282685,0.8480638189922374,False,none,False,False
2020-06-15,0.0006241193327113936,0.000785236362854267,0.0009152476259337673,0.000700284527049112,0.041598392074783705,0.004842624475787991,0.0006241193327113936,0.0012184029111349322,0.0005008362491435301,0.0012778163673466641,0.7925568642218995,0.756903694862614,False,none,False,False
2020-06-16,0.00018215079867288614,0.00018774235631645602,0.00021402881635453172,0.0007383887628602987,0.02247285585205879,0.019139340210697506,0.00018215079867288614,0.0010750489768051022,0.00048764862202533925,0.0005488815661615848,-1.2777820929630792,-1.2386503856009594,False,none,False,False
2020-06-17,0.000374927834072845,0.00037959971764484513,0.0003571344896072241,0.0007513853776211859,0.03224159866390248,-0.014320053774748445,0.000374927834072845,0.0009030922661090766,0.0004988172313587122,0.0004432663551224048,-1.5596628428040347,-1.5831928640923265,False,none,False,False
2020-06-18,0.00013732650496263714,0.00019037495946200653,0.00019037948964641734,0.0007636725759645191,0.01951281422358172,-0.014528100562909969,0.00013732650496263714,0.00044232553217097724,0.0005014252163810411,0.00040335111787327324,-1.5325316706846108,-1.5978539399326066,False,none,False,False
2020-06-19,7.612586182472639e-05,9.638547910567994e-05,0.00014036921335558913,0.0007662290963048304,0.014528100562909808,0.0,7.612586182472639e-05,0.0002789300664488974,0.0005012150115695489,0.0004099619710864746,0.1550286688039111,0.0803402781320271,False,none,False,False
2020-06-22,0.0002074359697168579,0.0002875673151119165,0.0003897653555143225,0.0007515181380489345,0.023981964686485405,0.009708814126960903,0.0002074359697168579,0.00019559339384999028,0.0005041508744531259,0.00032888779965102713,-0.8692794019180816,-0.857218236988837,False,none,False,False
2020-06-23,0.00013468550790597794,0.00018671376013462565,0.0001867181177525506,0.0007263593447190436,0.019324272826402842,0.0,0.00013468550790597794,0.0001861003356966086,0.0005086334894871849,0.00046282076687936846,-0.8755788765549191,-0.7910173842931364,False,none,False,False
2020-06-24,0.00021353730459787,0.00021369659696334457,0.0001894675757149516,0.0006953377042664484,0.02433210065953072,-0.014598799421152636,0.00021353730459787,0.00015382222980161363,0.0004923624067905122,0.0004628337332792138,-0.5530105830913676,-0.46493196818934407,False,none,False,False
2020-06-25,7.995083447140074e-05,0.00010132123976368327,9.852196523477664e-05,0.0006976659522799297,0.014888612493750559,-0.009852296443011594,7.995083447140074e-05,0.00014234709570336632,0.00046484537055804,0.0005334041241760032,-1.472699907948962,-1.388645526354931,False,none,False,False
2020-06-26,0.00021991185048376538,0.0001548683879117539,0.00012315543031048016,0.0007157031954085387,0.024692612590371414,-0.004962789342129125,0.00021991185048376538,0.00017110429343517413,0.0004311887482066297,0.0005065436403247225,-1.2372603511270626,-1.2076673584014475,False,none,False,False
2020-06-29,0.0006802763376459793,0.0004877253965611401,0.00039507342683639003,0.0007240350251494923,0.04342955792733589,-0.0393202205915442,0.0006802763376459793,0.0002656723670209984,0.0004523089906597904,0.0009386294276943241,0.7495054857532786,0.7198864201171726,False,none,False,False
2020-06-30,0.0008341960649440378,0.0008174764772569717,0.000888276087416216,0.0007453340518758951,0.04809243809374446,-0.010403214760886152,0.0008341960649440378,0.0004055744784286104,0.0004866639488351679,0.0009444703382169357,-0.4284587046572443,-0.3456485258005801,False,none,False,False
2020-07-01,0.00011954789420866499,8.637584769834172e-05,7.052028635155534e-05,0.0007506113472652216,0.018205964496572517,0.010403214760886088,0.00011954789420866499,0.00038677659635076936,0.00047791401161457716,0.0006054648897300465,-0.42444108216589477,-0.4587968260827394,False,none,False,False
2020-07-02,0.0002452635613974619,0.00010324485734385753,3.4425215468449774e-05,0.0007508408206413852,0.026077096930198482,-0.019595662945050343,0.0002452635613974619,0.0004198391417359816,0.0004664876542681534,0.00026876914432982823,-0.271422814994598,-0.34026863305146715,False,none,False,False
2020-07-03,4.9986717490242904e-05,6.662815885771949e-05,0.0001076529429429879,0.0007383232686373913,0.011772536225267412,0.005263170044274691,4.9986717490242904e-05,0.0003858541151372771,0.00046724401277043246,0.00027630501383397527,-1.1643324894418772,-1.1182484686343965,False,none,False,False
2020-07-06,0.00037489201643221316,0.0002895922310540274,0.00025253438705306777,0.0007230807957662303,0.032240058573422055,0.03355153417123286,0.00037489201643221316,0.00032477725089452385,0.0004809226870461662,0.00027432306693841253,-0.8847560366950814,-0.8279277416335314,False,none,False,False
2020-07-07,0.00020838181626388948,0.0002581222207428252,0.00036328013148907197,0.0006942642825137979,0.02403657782824132,-0.00892294001819316,0.00020838181626388948,0.00019961440115849423,0.00048696759409759646,0.0002700862393166915,-0.5556641478387415,-0.4406190592975495,False,none,False,False
2020-07-08,2.908601513389132e-05,4.032177876756134e-05,6.0830687770007245e-05,0.0006198727690527233,0.008980175807584319,-0.005134799472038528,2.908601513389132e-05,0.00018152202534353948,0.0004663498839045459,0.0002793303720295981,-1.3292622587431013,-1.3256328415269822,False,none,False,False
2020-07-09,0.0001318674576855605,0.00011963626613076387,0.00012109629738285992,0.0005511993027912013,0.019121041446778377,0.012787898049755907,0.0001318674576855605,0.0001588428046011592,0.00043148383787561516,0.000320684064183168,-0.7736720278686708,-0.6855903573816385,False,none,False,False
2020-07-10,0.00011242083464569006,0.00013350899257968596,0.00017743802862096227,0.0003887539894962582,0.017654935238720745,0.006333143397022599,0.00011242083464569006,0.00017132962803224864,0.0003804706309252841,0.0002559787198313466,0.4265114098252945,0.7123493907866476,False,none,False,False
2020-07-13,8.238583891692001e-05,7.519171993396621e-05,7.65249118941561e-05,0.00034157862447072897,0.015113637810048106,0.0,8.238583891692001e-05,0.00011282839252919,0.00027325361566454717,0.00025159260487863776,-0.7540602608897204,-0.7010583128108524,False,none,False,False
2020-07-14,3.7174877585212684e-05,4.163188432038833e-05,5.16661240460555e-05,0.0002916669456202296,0.010152371464017908,0.0,3.7174877585212684e-05,7.858700479345465e-05,0.00023434778326227834,0.00027298018350604416,-1.416253032257479,-1.464803637130464,False,none,False,False
2020-07-15,8.238583891692001e-05,7.479658354199835e-05,7.5757741628765e-05,0.0002783418305311394,0.015113637810048106,-0.005063301956546762,8.238583891692001e-05,8.924696955006039e-05,0.00020972353354434777,0.0002028995820249412,-0.9591426761153015,-0.9464110156480156,False,none,False,False
2020-07-16,3.680031564369234e-05,4.121216305122091e-05,5.114489907173201e-05,0.00025888951997307804,0.01010109598650392,0.01010109598650392,3.680031564369234e-05,7.023354114168676e-05,0.00020311669340665714,0.0002375434946846023,-0.6095477243130095,-0.6567316720873817,False,none,False,False
2020-07-17,3.680031564369234e-05,1.1601629679623289e-05,0.0,0.0002530862104252176,0.01010109598650392,-0.010101095986503933,3.680031564369234e-05,5.510943734128721e-05,0.0001877472607507865,0.00023223925185993075,-0.8265310385800331,-0.8176233736562828,False,none,False,False
2020-07-20,0.0001318674576855605,0.00010646760607251125,9.681560656868225e-05,0.00023808999687169942,0.019121041446778377,-0.014057739490231699,0.0001318674576855605,6.50057610950153e-05,0.00018749912223819216,0.00026251891640694566,-0.4130118534511397,-0.31770924357647956,False,none,False,False
2020-07-21,3.8333526321635973e-05,3.010682022084024e-05,2.6673675058162713e-05,0.00023106849088107935,0.010309369658861287,-0.003868476777920206,3.8333526321635973e-05,6.523749084229996e-05,0.0001857812888062335,0.0002585071503619434,0.28528425059497053,0.31795905191024226,False,none,False,False
2020-07-22,6.067614329350068e-05,5.2230823773032033e-05,4.3659833756307745e-05,0.00022425735865637072,0.012970350442627405,-0.009085072222470982,6.067614329350068e-05,6.0895551717616104e-05,0.0001791103876051718,0.0003098197766448801,-0.790826897254902,-0.704942644462684,False,none,False,False
2020-07-23,8.945096876668572e-05,0.00010743839165939332,0.00011049969958068661,0.00020923583007136304,0.015748356968139112,-0.007853443505570287,8.945096876668572e-05,7.142568234221478e-05,0.00017705427218974942,0.00027583702634196384,0.13464955091634945,0.1406679350212315,False,none,False,False
2020-07-24,0.0017450375250990997,0.0020192479109603194,0.002505202186956287,0.0003091208268703223,0.06955768370191019,-0.036124329247170274,0.0017450375250990997,0.0004130731242332962,0.00024666791857616896,0.0016269239745223256,2.7876015937280676,2.652679261417361,False,none,False,False
2020-07-27,0.0004661158085434359,0.0005942447251563114,0.000700473591742922,0.0005585589768760009,0.03594923412292962,-0.05603706810771099,0.0004661158085434359,0.0004799227944048714,0.00026422087194307966,0.0010664492616220436,1.8424568799372856,2.03461282683021,False,none,False,False
2020-07-28,0.0013591089874785088,0.0007326386532105296,0.0004167434565655079,0.0005331746474701545,0.061386075383409566,0.05603706810771099,0.0013591089874785088,0.0007440778866362459,0.0003160025599882953,0.0013584329368876965,0.9379099615526211,1.0988610754081853,False,none,False,False
2020-07-29,0.0005195131173855914,0.0005513529075417699,0.0006469341656365658,0.0006076566930648974,0.03795255209230233,-0.01233737375984082,0.0005195131173855914,0.000835845281454664,0.0003086951408855504,0.0010331991518864171,0.5580004967476948,0.5735137655631154,False,none,False,False
2020-07-30,0.00030390444535342934,9.580860303262537e-05,0.0,0.0006097124930583176,0.029027608200219563,0.012337373759840784,0.00030390444535342934,0.0008787359767720128,0.00028459097635870454,0.00038460060828105256,-0.9440963833056951,-0.8622338529669641,False,none,False,False
2020-07-31,0.00011645216077154862,0.00015845630361799185,0.00020384998723315168,0.0006226041416481164,0.017968693542816338,-0.017869891329566488,0.00011645216077154862,0.0005530189039065026,0.000284450261202472,0.0006112734644722267,-1.705844289732961,-1.637072946299958,False,none,False,False
2020-08-03,0.00011549234308480072,0.00011307030153309878,0.0001075649537729707,0.0006030529063948663,0.017894489876550436,0.011034594723709068,0.00011549234308480072,0.00048289421081477546,0.00027855156946098735,0.0006313919222651741,0.5269653378428288,0.4746293202732868,False,none,False,False
2020-08-04,3.258154420962598e-05,3.872327042325245e-05,5.1514946229951884e-05,0.0005938442846224513,0.00950448431156398,0.009556386720218229,3.258154420962598e-05,0.00021758872216099895,0.00027776042522095935,0.0003490518122630653,-0.5687293480654677,-0.5398921898369546,False,none,False,False
2020-08-05,0.00026136616281419216,0.00020551064833261603,0.0001678103492137279,0.0006031545752415232,0.026919525913242152,0.021506205220963463,0.00026136616281419216,0.0001659593312467191,0.0002726001591474129,0.0005401808509699847,0.37769279208543854,0.33138130725273895,False,none,False,False
2020-08-06,7.81075829845467e-05,8.342461175113336e-05,7.705426652784092e-05,0.0006009315209068425,0.01471598463251311,-0.009352105570280175,7.81075829845467e-05,0.00012079995877294258,0.000266678603089261,0.00033607658723161586,0.34238845901972864,0.2729144125740944,False,none,False,False
2020-08-07,5.327949909548945e-05,6.266507091657706e-05,8.228941150348325e-05,0.0005978772575115446,0.012154099650683248,-0.005383593083472643,5.327949909548945e-05,0.00010816542643773074,0.00026777830690569724,0.0002773665493939133,-0.6122350326060977,-0.5681961815739198,False,none,False,False
2020-08-10,0.0008032146975896695,0.0009608018607344757,0.001156706732727667,0.0006419519900100086,0.04719093146012647,0.027945930390559322,0.0008032146975896695,0.0002457098973387045,0.0002982940905377022,0.0003073616665101229,0.22895100800772655,0.24609713909723055,False,none,False,False
2020-08-11,0.00022574154589436425,0.0002888039778357372,0.00028239007579752037,0.0006546303631930657,0.025017762975287943,-0.007905179507113374,0.00022574154589436425,0.00028434189767565215,0.00030344503195809655,0.00030917256363547176,-0.9274959295453878,-0.9801638100000991,False,none,False,False
2020-08-12,0.00010484376216857051,6.473615264939546e-05,4.44000077123301e-05,0.0006481803354993795,0.01704959332611099,0.014445425187723283,0.00010484376216857051,0.00025303741754652785,0.0003044658466513533,0.0002700176735102754,0.74087765218909,0.6484522098697928,False,none,False,False
2020-08-13,0.00017333392482280155,0.0002402918425726288,0.00048058368514525306,0.0007006170616843446,0.02192221898315172,0.02192221898315172,0.00017333392482280155,0.0002720826859141788,0.0003106548942530619,0.00021554767750278894,0.5845319411796505,0.5043562859409086,False,none,False,False
2020-08-14,0.00014720877268361652,0.00020407469147867735,0.0002543206763051898,0.0007141795906077986,0.02020270731751947,0.005089069507471228,0.00014720877268361652,0.00029086854063180425,0.0003136013912424572,0.0003243474484136419,1.4463679087288897,1.3449663338296585,False,none,False,False
2020-08-17,0.0001332226249038291,0.00010834626674557156,9.919527192343546e-05,0.0007142820299256957,0.0192190412704572,-0.014057739490231699,0.0001332226249038291,0.00015687012609463612,0.00031798422348155433,0.0003702164677088657,-0.34141835052283864,-0.3983703437445912,False,none,False,False
2020-08-18,5.9436271825462196e-05,7.98433517067267e-05,8.229111010434891e-05,0.0007127141329047438,0.012837146760680682,0.0025706955031008917,5.9436271825462196e-05,0.00012360907128085573,0.0003190131305807257,0.00021399297587767116,-1.8853184985215894,-1.8187476369175242,False,none,False,False
2020-08-19,0.001811007901672514,0.002185175864050526,0.0029645226966023186,0.0008421690360377809,0.07086028566174668,0.03158822330821793,0.001811007901672514,0.00046484189918164436,0.00039533769621649635,0.00036253972081539543,0.5733203588220155,0.5154346459445905,False,none,False,False
2020-08-20,0.00022886504260613344,0.00016118921893258796,0.00012819492719903103,0.0008475396325427161,0.025190248828558495,-0.02010117932108715,0.00022886504260613344,0.00047594812273831074,0.00040399821968397346,0.0002508310609841709,0.1500852154517805,0.09883135839356866,False,none,False,False
2020-08-21,8.322227017787057e-05,0.000115370563867178,0.0001284500150316774,0.000739096297844065,0.015190165493975238,0.0050633019565466345,8.322227017787057e-05,0.00046315082223716156,0.00040502304363326303,0.00026630029706625047,-1.0602193915556342,-1.0373932878555268,False,none,False,False
2020-08-24,8.238583891692001e-05,0.00010450515577845279,0.00015266430622455182,0.0005015255934080676,0.015113637810048106,0.005037794029957081,8.238583891692001e-05,0.0004529834650397798,0.0004047019013673646,0.0002647859820793408,0.42764542121503524,0.71244085694255,False,none,False,False
2020-08-25,0.00014573290544588573,0.00016261426466459007,0.000201013468334271,0.0004764507444368458,0.020101179321087088,-0.010101095986503933,0.00014573290544588573,0.00047024279176386443,0.00033200623683767304,0.0002452343482618467,0.28232957512075135,0.45640934243261894,False,none,False,False
2020-08-26,0.00014720877268361652,0.0001941712526273631,0.00020356326000521796,0.000396309928307915,0.02020270731751947,0.0050633019565466345,0.00014720877268361652,0.00013748296596608495,0.00031751046248040853,0.0003301604393934202,0.7080479451776125,0.7928065922974816,False,none,False,False
2020-08-27,8.156195465163642e-05,0.00010326497080241752,0.00015038002682064708,0.0003811007578018626,0.015037877364540502,0.0,8.156195465163642e-05,0.00010802234837518554,0.00025944014280645974,0.0003065213871596785,-0.08803267463263426,-0.09742359458188181,False,none,False,False
2020-08-28,8.075036767755477e-05,0.00011194377936975205,0.0002238875587395041,0.0003533685835092409,0.01496287267671232,0.005037794029957081,8.075036767755477e-05,0.00010752796787512238,0.00023949638145609445,0.00031273655218495123,0.9234970885384061,0.8517698616438374,False,none,False,False
2020-08-31,0.00014573290544588573,0.00016300940105655793,0.00015152694948771512,0.000354872816044282,0.020101179321087088,-0.005037794029957181,0.00014573290544588573,0.00012019738118091553,0.00023230676600575155,0.0004283194104937028,-0.35667586764549686,-0.4632860881145423,False,none,False,False
2020-09-01,4.663447446465717e-05,6.464910898414377e-05,6.548807397552198e-05,0.000355832164116792,0.011370937426979692,0.0,4.663447446465717e-05,0.00010037769498466981,0.00022913323480998378,0.00028313959063960473,-0.1543941395479901,-0.17412183567304218,False,none,False,False
2020-09-03,0.0007126766331421635,0.00038788640570140047,0.00022393882410042063,0.00036632167458705686,0.044451762570833796,0.044451762570833796,0.0007126766331421635,0.0002134712670763792,0.00025627797526713665,0.00025219618538397504,2.626871831245254,2.5120026815368766,False,none,False,False
2020-09-04,0.00013867622958451948,0.0001551160722619602,0.0001441894647745824,0.00039492859281181077,0.019608471388376337,-0.009708814126960938,0.00013867622958451948,0.0002248941220629558,0.0002611004609659954,0.00042572920255430126,-0.6520452571825331,-0.6100357235392719,False,none,False,False
2020-09-07,0.0005658552269393287,0.0003181566230157453,0.0001927455778899908,0.0004089037714980902,0.03960913809504588,-0.03474294844387286,0.0005658552269393287,0.0003219150939153106,0.00027494087297168343,0.0004453614957916749,0.3673106960174622,0.3176749781827438,False,none,False,False
2020-09-08,5.764652722636165e-05,7.99150556320494e-05,8.320930049794902e-05,0.00035851779076307534,0.012642393415176527,0.0,5.764652722636165e-05,0.0003042978182714058,0.00027401082498267504,0.0002686081931883771,1.0796307739887188,1.002883576540026,False,none,False,False
2020-09-09,8.407150450936629e-05,8.579153652847342e-05,8.389045690012385e-05,0.00036319241494381415,0.01526747213078838,-0.005063301956546762,8.407150450936629e-05,0.00031178522428034763,0.0002754104615923967,0.00042652540911150387,-0.665053857466677,-0.7288612452914165,False,none,False,False
2020-09-10,8.238583891692001e-05,0.00011421102392665785,0.00012664627747134812,0.00036568402306470793,0.015113637810048106,0.0050633019565466345,8.238583891692001e-05,0.00018572706543529895,0.00024264551347090806,0.00023107428503074215,-0.9798194126248012,-1.0112274968451036,False,none,False,False
2020-09-11,6.984095759698758e-05,9.682012569191727e-05,0.00011658157445869607,0.00032932051763685983,0.013915468061974579,-0.005063301956546762,6.984095759698758e-05,0.00017196001103779256,0.00023555912309375458,0.00023738935150080097,0.5270938286061381,0.5386834642619959,False,none,False,False
2020-09-14,3.680031564369234e-05,5.101607006428279e-05,0.00010203214012856559,0.0003215851994912546,0.01010109598650392,0.0,3.680031564369234e-05,6.614902877866528e-05,0.0002324662391608056,0.0002939818786822137,0.6434738174991769,0.7234458698451912,False,none,False,False
2020-09-15,0.00014573290544588573,0.00011379055600805591,0.00010025546628475994,0.00032163677119610343,0.020101179321087088,0.015113637810048106,0.00014573290544588573,8.376630442257009e-05,0.00023121164737094577,0.0002640903836706757,0.4880091849213091,0.5272963835366552,False,none,False,False
2020-09-16,8.156195465163642e-05,0.00011306887781547979,0.0001258848210925136,0.0003235093851105965,0.015037877364540502,0.0,8.156195465163642e-05,8.326439445102411e-05,0.00022822770109676488,0.00021556286804623521,-2.00263645072007,-2.2729566583908283,False,none,False,False
2020-09-17,0.00014573290544588573,0.000113790556008055,0.00010025546628475994,0.00019541796384456143,0.020101179321087088,-0.015113637810048184,0.00014573290544588573,9.593380775681726e-05,0.00022879635021231292,0.00023866546506034255,-0.15121033150566185,-0.24091425529830884,False,none,False,False
2020-09-18,3.680031564369234e-05,4.111263121296806e-05,5.088724105683288e-05,0.00019071380150945133,0.01010109598650392,0.0,3.680031564369234e-05,8.932567936615821e-05,0.00022776744311314156,0.0002629703631883034,1.6543376673027899,1.599178637039088,False,none,False,False
2020-09-21,8.238583891692001e-05,0.00011421102392665785,0.00012715771566134562,0.000194431777566523,0.015113637810048106,0.01010109598650392,8.238583891692001e-05,9.844278402080374e-05,0.00014919371298788728,0.00026026856053428633,0.7472017277364501,0.676014239198559,False,none,False,False
2020-09-22,3.680031564369234e-05,4.111263121296806e-05,5.088724105683288e-05,0.00018641474219556521,0.01010109598650392,-0.010101095986503933,3.680031564369234e-05,7.665626606036506e-05,0.00014046349812595814,0.0004517381908474721,0.8752955525931039,0.818399469080483,False,none,False,False
2020-09-23,0.00043535936537983757,0.0002626715574342844,0.0001750278182536528,0.00019590100850232098,0.03474294844387284,0.039806250400419574,0.00043535936537983757,0.0001474157482060053,0.00015646972972604756,0.00020037156022564747,2.2947182054793887,2.176618835915517,False,none,False,False
2020-09-24,0.00031204651306165963,0.0003486330863923732,0.0003351832616840819,0.00020330389613614397,0.029413885206293407,-0.014742281737203319,0.00031204651306165963,0.0001806784697291601,0.00016690885127808116,0.00025981713122105374,0.468540572493182,0.4365832914821868,False,none,False,False
2020-09-25,0.00014284698627816522,0.00011239779847297875,9.975536835224912e-05,0.00020257167847309408,0.019901154317294806,-0.009950330853168092,0.00014284698627816522,0.00020188780385605462,0.00016677767313409385,0.0002793183007752567,-0.5184452899673078,-0.5258964541280058,False,none,False,False
2020-09-28,8.075036767755477e-05,0.00010233448682381954,9.950723186228799e-05,0.00019737761337491498,0.01496287267671232,0.0,8.075036767755477e-05,0.0002015607096081816,0.00016375683654290925,0.00028704470072204937,0.49667287032615026,0.45334501443392194,False,none,False,False
2020-09-29,0.00021991185048376538,0.00026661590738643465,0.000364025451634872,0.00021016088185106313,0.024692612590371414,0.0,0.00021991185048376538,0.0002381830165761962,0.00017004546817164237,0.00039034007877606876,1.6045944850851634,1.5152651639988381,False,none,False,False
2020-09-30,0.00014143606828012222,0.0001578253730330515,0.00019510135447243674,0.00021644037331103837,0.01980262729617973,0.009950330853168092,0.00014143606828012222,0.00017939835715625316,0.0001728039091081227,0.00040107838355436174,-0.2693501946266829,-0.33807893691405994,False,none,False,False
2020-10-01,7.91631175083802e-05,0.00010974338341053875,0.00012217874808318597,0.0002003178877864057,0.014815085785140682,0.004938281640582577,7.91631175083802e-05,0.00013282167804559724,0.0001697780096564179,0.00035847093489144914,0.3844604114989917,0.43790916314171363,False,none,False,False
2020-10-02,0.0007937404759426271,0.0008738618587655481,0.0008900048217830986,0.00021443980239074513,0.04691178841169631,0.029128272923023637,0.0007937404759426271,0.0002630003759784896,0.00020373737335996204,0.0006852920303445558,2.2340191001886893,2.279622971424701,False,none,False,False
2020-10-05,0.00017708795806258115,0.00023708056946375477,0.00023515391174602093,0.0002285000743253282,0.022158340988638652,0.02714030889955386,0.00017708795806258115,0.00028226789405549495,0.00017939243358361737,0.00031067014432090785,0.5588038742370965,0.48225801477683616,False,none,False,False
2020-10-06,0.00017875186048019325,0.0001290391622726713,0.00010525880832465599,0.00023152892724657227,0.022262196487470923,-0.01288828619235223,0.00017875186048019325,0.0002740358960547805,0.00018121405316978437,0.00029222504211746383,0.574402746405303,0.5392259101251903,False,none,False,False
2020-10-07,0.000183886739095376,0.00017570610575847254,0.00018649995615725365,0.00022433676413068055,0.022579687752165407,-0.019048194970694474,0.000183886739095376,0.00028252603021783123,0.0001638518491768774,0.0003256033762794534,0.8636668427451338,0.7997560591838302,False,none,False,False
2020-10-08,0.00013339348841563206,0.00010494589205125524,9.313026397472435e-05,0.0002258448030566223,0.019231361927887592,-0.004819286435948995,0.00013339348841563206,0.00029337210439928156,0.00016729489286729877,0.0002999628284997652,0.5198168211902278,0.4091531619184021,False,none,False,False
2020-10-09,0.00020546021273443204,0.00027594230148529023,0.00031781495693918916,0.0002315660933576158,0.023867481406643486,0.004819286435948922,0.00020546021273443204,0.0001757160517576426,0.0001728125614229836,0.000273819307109784,-0.3171558549247192,-0.4164321405484247,False,none,False,False
2020-10-12,0.0005388426456573311,0.0005204984339793476,0.00046445480857686876,0.0002494243676294775,0.038652154434279114,-0.019418085857101627,0.0005388426456573311,0.0002480669892765926,0.00019356059809300227,0.00038112507167855584,0.4331420395725992,0.3784739247777294,False,none,False,False
2020-10-13,7.83869850857332e-05,2.4712200337411025e-05,0.0,0.00024207595438359853,0.014742281737203431,-0.009852296443011594,7.83869850857332e-05,0.0002279940141977006,0.00019394905388794525,0.00024778383797986254,-0.7780878810161547,-0.7808328904143733,False,none,False,False
2020-10-14,0.00022210023921003593,0.0002700274068950797,0.0002718147524747896,0.00024696673675376167,0.024815169119723993,-0.004962789342129125,0.00022210023921003593,0.00023563671422063257,0.00020237177768641542,0.00028826456996848093,0.7659427094267061,0.7297209028559014,False,none,False,False
2020-10-15,0.00014284698627816522,0.00018841867903445834,0.00019753904508823717,0.00025037718055828857,0.019901154317294806,-0.004987541511038939,0.00014284698627816522,0.0002375274137931392,0.00020224059954242817,0.0003681902943981547,0.22175316154007696,0.038570367333682236,False,none,False,False
2020-10-16,0.00043106928224870094,0.000559720012908201,0.0005594782588863821,0.0002737179993520282,0.03457134406508872,0.014888612493750559,0.00043106928224870094,0.00028264922769599297,0.00021812729625138557,0.0004290490306901026,-0.39746839873198364,-0.46197658812071146,False,none,False,False
2020-10-19,0.0003182571550106244,0.00020566472502542483,0.00014889832887459358,0.0002773724625190108,0.029705154413915694,-0.014888612493750524,0.0003182571550106244,0.00023853212956665166,0.00022596930759523736,0.0003336578072199869,0.0709912140499709,0.0594267008766344,False,none,False,False
2020-10-20,8.075036767755477e-05,0.00010242962813890262,0.00014962997369188341,0.0002765625441326554,0.01496287267671232,0.004987541511038968,8.075036767755477e-05,0.00023900480608501597,0.00022796703723314022,0.00028860523906207395,-0.4071511964881839,-0.431801118951611,False,none,False,False
2020-10-21,3.570997865400185e-05,3.9895249497821915e-05,4.9381395908760935e-05,0.0002626640616870481,0.009950330853168092,-0.004987541511038939,3.570997865400185e-05,0.00020172675397380917,0.00022584540722118938,0.0002873529425140351,-1.7141399426754187,-1.6827192248650489,False,none,False,False
2020-10-22,0.00021991185048376538,0.0002200760579056659,0.000195123933466268,0.0002575975161666702,0.024692612590371414,0.01980262729617973,0.00021991185048376538,0.00021713972681492916,0.00023416865880482906,0.00024441954957285267,0.11609877458556528,0.18184012252582293,False,none,False,False
2020-10-23,0.0002177556480135859,0.0002647434241108152,0.00026648923300730466,0.000264244882292944,0.024571260730505542,-0.004914014802429152,0.0002177556480135859,0.00017447699996790616,0.00022427758074272672,0.00021588077306867285,-1.5936652535922506,-1.6823516407155377,False,none,False,False
2020-10-26,0.00022210023921003593,0.00015490213168922184,0.00012194210837910675,0.00026840642058192823,0.024815169119723993,-0.0199011543172948,0.00022210023921003593,0.00015524561680778847,0.00022018911374947108,0.00036035501308390893,-0.11534938983236075,-0.19675493382862433,False,none,False,False
2020-10-27,0.00013053286374751182,0.00010539201518763927,9.583917501015183e-05,0.0002614810543970464,0.019024036004697143,-0.019024036004697046,0.00013053286374751182,0.00016520211602177987,0.00021962938090716865,0.00028607524281621386,1.4203588879053721,1.4438186209590418,False,none,False,False
2020-10-28,0.00029218610327515015,0.00019503233191478807,0.00013639317655697692,0.0002588896187850496,0.028462464663761452,-0.02331711855522892,0.00029218610327515015,0.00021649734094600953,0.00022924009616160482,0.0005818055672814082,0.29339111181725175,0.29744317117683056,False,none,False,False
2020-10-29,0.0002251482083508202,0.00030601447208387857,0.0004272980014831292,0.00028871720194826526,0.024984863083594766,-0.009216655104924063,0.0002251482083508202,0.0002175446125194205,0.00022947811242828912,0.0005005464339713877,0.15830834256306509,0.08626080932087071,False,none,False,False
2020-10-30,0.0006515613249326967,0.00037183309739619074,0.00023005781372874648,0.00026671721432399836,0.0425030773163074,-0.020040750883446038,0.0006515613249326967,0.00030430574790324264,0.00025266562409431524,0.00046638072627384696,0.5183425833943303,0.742109707073566,False,none,False,False
2020-11-02,9.307960157784674e-05,8.449122114176241e-05,8.556399723933306e-05,0.0002445755570656569,0.016064602503806622,0.010738358221132692,9.307960157784674e-05,0.0002785016203768048,0.0002532981915520183,0.00032475928311837546,-1.6453229299413314,-1.7403419223058139,False,none,False,False
2020-11-03,0.00012239621764875805,0.00012698611749740663,0.00011803015373824993,0.00025018481050640106,0.018421573567362595,0.021136850309316394,0.00012239621764875805,0.00027687429115705407,0.0002227825434477515,0.00025362948574190954,-1.5294834819851348,-1.427669747847975,False,none,False,False
2020-11-04,0.00029218610327515015,0.00032631997306949926,0.00032316092999576005,0.0002563901929397625,0.028462464663761452,0.014276686356682862,0.00029218610327515015,0.00027687429115705407,0.00022801427732105012,0.00029565844462390553,0.1205862204569318,0.19661629723673987,False,none,False,False
2020-11-05,3.863165256629679e-05,2.1917518224209063e-05,1.3449489692685381e-05,0.0002510917585888746,0.010349380862003292,-0.007762005335489189,3.863165256629679e-05,0.00023957098000014938,0.00022164517696132748,0.00022632494012918926,-1.0102194025770133,-0.9178411028226171,False,none,False,False
2020-11-06,2.984690952903553e-05,4.0725913767299125e-05,4.3960482085964314e-05,0.00023817989343250505,0.009096878846830652,0.0012978587156000124,2.984690952903553e-05,0.00011522809691941717,0.0002146433665264939,0.00023498613942554307,-1.910726874213894,-1.8286408660440552,False,none,False,False
2020-11-09,0.0001318674576855605,7.699569835719432e-05,4.91543752618388e-05,0.00022404122976042625,0.019121041446778377,0.02687301825109627,0.0001318674576855605,0.0001229856681409599,0.0002145740014933088,0.0003634698553085042,0.24943582903942935,0.2626802021664828,False,none,False,False
2020-11-10,0.00014573290544588573,4.594360595949125e-05,0.0,0.0002318972632518099,0.020101179321087088,-0.005063301956546762,0.00014573290544588573,0.00012765300570038545,0.00021185912388928398,0.0004062332328214145,0.35821920871108187,0.34654876863274936,False,none,False,False
2020-11-11,8.407150450936629e-05,8.579153652847403e-05,8.389045690012385e-05,0.00022436305282966192,0.01526747213078838,-0.00892294001819316,8.407150450936629e-05,8.603008594722865e-05,0.00019118770838255828,0.00024422647443440745,0.2997486620556339,0.32437928879873834,False,none,False,False
2020-11-12,1.4613865647652208e-05,1.963144778013991e-05,2.2667535873935895e-05,0.00021641588775435703,0.006365393867075931,0.00510856794272258,1.4613865647652208e-05,8.122652856349974e-05,0.00018828893022628185,0.0002914838896045392,-1.322902676001211,-1.233675147678504,False,none,False,False
2020-11-13,2.8425815767976156e-05,3.878364950126719e-05,4.177240395253904e-05,0.0001927808376616934,0.00887767403201742,0.0038143720754706925,2.8425815767976156e-05,8.094230981128787e-05,0.00017948554734255188,0.00024288752779644179,-0.31939898157281826,-0.2676459008216963,False,none,False,False
2020-11-16,0.0009102139399728126,0.0010340528612632024,0.0010930638158836352,0.0002313389485095036,0.05023593240693416,-0.01921904127045708,0.0009102139399728126,0.00023661160626873827,0.0002143658634195813,0.0004526437488283331,0.6731336353854209,0.689765415952321,False,none,False,False
2020-11-17,7.127636276886288e-05,9.313204774822618e-05,9.146178385594837e-05,0.00022963415522125722,0.01405773949023173,0.014129971762985855,7.127636276886288e-05,0.0002217202977333337,0.0001980116398068614,0.00035678603278091703,-0.02987981811788449,0.015724600646063236,False,none,False,False
2020-11-18,3.6707559688451e-05,2.882857559336961e-05,2.554016033560239e-05,0.00023632915013993038,0.010088357944340737,0.008888947417245994,3.6707559688451e-05,0.00021224750876915069,0.00018521393092858077,0.00029805936884961224,0.9726071746088573,0.911870873192847,False,none,False,False
2020-11-19,0.00011129516847805196,0.00011536641614694422,0.00010391124815407283,0.0002312926448485925,0.017566323717899065,0.012562979300705398,0.00011129516847805196,0.00023158376933523063,0.00018660233096496703,0.0003652031121605935,0.6555416235850992,0.6246852896768407,False,none,False,False
2020-11-20,3.5532974886791856e-05,4.686878401886897e-05,5.839596288879267e-05,0.00022220187473995782,0.009925639799969998,0.002493766878402458,3.5532974886791856e-05,0.00023300520115899373,0.00018659428533918476,0.0003465025212960298,0.2506326911256542,0.21077626648230927,False,none,False,False
2020-11-23,6.627292968128979e-05,9.128282824279024e-05,0.00011820738367707228,0.00021968264713740976,0.013555352353374446,0.007444203111730046,6.627292968128979e-05,6.42169991006892e-05,0.0001796106980299813,0.00042627515420608236,0.8234976505763747,0.7635286204566973,False,none,False,False
2020-11-24,9.371547611995292e-05,9.214189647509773e-05,0.00010043261075211725,0.0002144395052872224,0.01611938187988339,-0.004956639639928177,9.371547611995292e-05,6.87048217709072e-05,0.00017397250839845254,0.0004485765638520461,-0.1229568553931336,-0.017599709394522576,False,none,False,False
2020-11-25,6.726394381696718e-05,8.786257124823939e-05,9.842449220349005e-05,0.00020975806954191194,0.013656326447485555,-0.0037336695520490608,6.726394381696718e-05,7.481609859661043e-05,0.00016693449497149485,0.0003377362809807389,-0.194354420721133,-0.058819230458853275,False,none,False,False
2020-11-26,8.054936371472178e-05,0.00011106529841114089,0.00011159711466760796,0.00017954424987748222,0.01494423826827677,0.0012461060802471558,8.054936371472178e-05,6.866693764394439e-05,0.00016466251769727715,0.0003590489760192138,-0.8773518181837109,-0.7836719725340341,False,none,False,False
2020-11-27,0.0005087516975897579,0.00040243792878068025,0.0003589744155764201,0.000175012641637937,0.03755741230646364,0.03667892822008116,0.0005087516975897579,0.0001633106821845376,0.00017450640834794113,0.00024229833074812198,2.953585255100401,2.9553155918954066,False,none,False,False
2020-11-30,0.00020893655070876885,6.586912219261039e-05,0.0,0.0001740418027688353,0.024068550520519774,-0.014510532714414352,0.00020893655070876885,0.00019184340639003344,0.00017376951481875698,0.0003323414250174356,0.4762784450582797,0.4625990879306599,False,none,False,False
2020-12-01,0.00031128298698481773,0.0003944906860822243,0.00038360660952410294,0.00019543633053806573,0.029377877716731313,0.0,0.00031128298698481773,0.00023535690856300637,0.00015830231763930795,0.0005907534675327911,1.1075552344778796,1.0194072770144704,False,none,False,False
2020-12-02,0.0016250380349177287,0.0007552310170346015,0.00032623871842937357,0.0002211816939202306,0.06712348418268818,0.06712348418268818,0.0016250380349177287,0.0005469117267831587,0.00022793679188202985,0.00040885787381294056,2.669924967367587,2.571029447092654,False,none,False,False
2020-12-03,0.0008698596409323675,0.0008156505447778629,0.0007360461811821636,0.0002722821313625584,0.049109704034748854,0.0543069719307386,0.0008698596409323675,0.0007047737822266878,0.00026191240203128483,0.00042310772859844003,2.0976083296343564,1.9892849870437164,False,none,False,False
2020-12-04,0.0015444946873012725,0.0018821659345418784,0.0018656564433976014,0.00037074036840177983,0.0654388917355021,0.012861913642407822,0.0015444946873012725,0.0009119223801689908,0.00031883551948701764,0.0004308041334878304,1.3960875549923681,1.3397360510271064,False,none,False,False
2020-12-07,0.00023564223593646963,0.00031950793252520535,0.0005432828746516393,0.000405408654423348,0.02556049697953507,-0.0085562019311958,0.00023564223593646963,0.000917263517214531,0.0003277905460038437,0.00029865272212702734,0.9066807903245466,0.8344939159116741,False,none,False,False
2020-12-08,0.0004576604883032017,0.0005699964274050709,0.0005670693439883366,0.00042103495970616803,0.03562168312256186,-0.008630042774214928,0.0004576604883032017,0.0009465390174782076,0.00034723661776630584,0.00031798477079646723,1.0642481712408238,0.9803766462419363,False,none,False,False
2020-12-09,0.0006546885101752778,0.000900367347531392,0.0013361552423149666,0.00047358799292409205,0.042604952527751275,0.004324331063002803,0.0006546885101752778,0.0007524691125297175,0.00037100121106129294,0.00034355310200196674,1.246057252466522,1.153240748121739,False,none,False,False
2020-12-10,0.00032769132326236676,0.00033919118114453635,0.0003139590289945104,0.0004908041722368508,0.03014221735793617,-0.008667443210168076,0.00032769132326236676,0.0006440354489957174,0.00037927204823476937,0.0005221027201054899,0.3414113932182363,0.23779755468990724,False,none,False,False
2020-12-11,0.0003248871391708783,0.0002743813107569436,0.0002601357202408481,0.0005032490471901845,0.030012970830391374,0.030012970830391374,0.0003248871391708783,0.0004001139393696385,0.0003902182134466563,0.0003579836483539952,0.5466230106752268,0.4360720744091191,False,none,False,False
2020-12-14,0.00022591504453380287,0.00025295024370951795,0.00024439773648477213,0.00046120772619455516,0.02502737510524665,0.020899402267215993,0.00022591504453380287,0.00039816850108910523,0.0003998228124869358,0.0004456518005008715,0.8891493185900191,0.7991486913971767,False,none,False,False
2020-12-15,0.00022781168954309473,0.0002545639981157119,0.0002448362824737386,0.00047592333306615566,0.02513221281983691,-0.020899402267215997,0.00022781168954309473,0.0003521987413370838,0.00040888580674944123,0.00042080143951485403,0.542016029855084,0.4475569965353922,False,none,False,False
2020-12-16,0.00016020433521227116,0.0002152274737757023,0.00021321306513656394,0.0004734361625567833,0.02107559567517522,0.004214969359311911,0.00016020433521227116,0.0002533019063444825,0.0003747944610785075,0.00026619436360899006,0.2857386697745227,0.19544424702873217,False,none,False,False
2020-12-17,0.0012321311421995141,0.0016473573526811019,0.0023318135029865325,0.0005698234450729351,0.05844820706559606,0.012539349252735392,0.0012321311421995141,0.0004341898701319119,0.00042756058741626445,0.000521415214476684,1.1335465007243364,1.0384832359303222,False,none,False,False
2020-12-18,0.00010954178816901963,0.00015185716324570147,0.00015246302190285042,0.0005794310620851371,0.01742740159895912,0.013409174614966895,0.00010954178816901963,0.0003911207999315402,0.0004308712341653812,0.0004835186211976542,0.4078711475153939,0.30626912453399774,False,none,False,False
2020-12-21,0.000314914843477774,0.0003788789017509263,0.00036261854868664586,0.0005962962011321639,0.029548762131303946,0.0,0.000314914843477774,0.0004089207597203344,0.0004401266739380958,0.0005019960742589919,0.12584734638704861,0.022115750276939246,False,none,False,False
2020-12-22,0.0004128295001817203,0.0004701652257273121,0.0005944799474134455,0.0006164001413635643,0.03383203240143464,0.016260520871780326,0.0004128295001817203,0.00044592432184805954,0.00045727651599695616,0.0006163087405280455,0.8518518947791632,0.7616917805195008,False,none,False,False
2020-12-23,0.0003772177386522374,0.0005229348240079933,0.0008203126144821473,0.0006549362619623204,0.03233990797785279,0.01600034134644112,0.0003772177386522374,0.0004893270025360528,0.00047141037095018107,0.0008801757296131811,0.8069344879453074,0.7293451580863051,False,none,False,False
2020-12-24,0.002429392755282559,0.0027545353003057523,0.0031666544829056214,0.0008084440467408609,0.08207135282903195,-0.02409755157906053,0.002429392755282559,0.0007287793251526618,0.0005775775200030268,0.0016108218151700614,-0.14575487395035308,-0.5435962864926108,False,none,False,False
2020-12-25,0.0006269881718961374,0.0007686929999781042,0.0008936480434251978,0.0008284696308444962,0.04169388845354877,0.016129381929883717,0.0006269881718961374,0.0008322686018980855,0.0006030195303702618,0.0007745465229480572,-0.6556987708632099,-0.9875886503031649,False,none,False,False
2020-12-28,0.0012451195279739788,0.0007272410458265539,0.00046447247724588854,0.0008611572130974521,0.058755462393731306,0.06672363204290813,0.0012451195279739788,0.0010183095387973264,0.0006559545378365917,0.0005411503933966734,1.8401814438373758,1.9959243326815719,False,none,False,False
2020-12-29,0.0009949568487992997,0.0011888775516125214,0.0011627951903649557,0.000886176150006682,0.052522434616991714,0.022202577151493458,0.0009949568487992997,0.001134735008520842,0.00067805477198248,0.0005402410027112634,0.24898730987653586,0.0790118643590485,False,none,False,False
2020-12-30,0.0004998199159892273,0.0006877048718778638,0.000863146403520591,0.0008897425728649781,0.037226268443433415,-0.0036663652435779564,0.0004998199159892273,0.0011592554439882401,0.0006912767431315917,0.00040849051319018535,-1.2498360772642383,-1.385339957012255,False,none,False,False
2020-12-31,0.0005071617112587619,0.0005611177731358383,0.0005269933919969175,0.000861954153347051,0.03749867785653077,0.015490059149319538,0.0005071617112587619,0.0007748092351834808,0.0007001803215076801,0.00041223068968141455,-0.7931220628845692,-0.7065249456537589,False,none,False,False
2021-01-04,0.0006636322119798721,0.0008436256901250172,0.0008491417274162072,0.0008159750804777767,0.042894978571511526,0.035527715192404705,0.0006636322119798721,0.0007821380432002277,0.0006564800568286866,0.00045637194323242447,0.004785214368900507,0.11146260526366066,False,none,False,False
2021-01-05,0.0004581428903714751,0.0005170484936535628,0.0005437917761661139,0.00081295977990504,0.035640451891331124,0.006956549793359931,0.0004581428903714751,0.0006247427156797269,0.0006377656590759187,0.0005104118493801769,-1.193053792019296,-1.1401580536822977,False,none,False,False
2021-01-06,0.0006590082168280645,0.0005125880756026702,0.00040133898886659245,0.0008154478027018422,0.042745277515075744,-0.02101653536165844,0.0006590082168280645,0.0005575529892854798,0.0005975162740544092,0.0005118391795972723,0.636685133421431,0.5963779179644597,False,none,False,False
2021-01-07,0.0005450500973388077,0.00073637445648298,0.0007383040298555655,0.0007897499207685574,0.03887415276166509,0.007054702979890033,0.0005450500973388077,0.000566599025555396,0.0006115802677545156,0.0005902191938578475,1.1712767821013002,1.1711685589280154,False,none,False,False
2021-01-08,0.00028522475667884447,0.0002773330599800926,0.00029916623623083433,0.0007924005246347622,0.02812136098540307,-0.0035211303985789363,0.00028522475667884447,0.0005222116346394125,0.0006037422799534084,0.0006147318111403077,0.879131616325422,0.853630623371677,False,none,False,False
2021-01-11,0.0006365975529939182,0.0004051955599975014,0.00026470647149307307,0.0007980171036387432,0.04201217913934457,0.04567791032197052,0.0006365975529939182,0.0005168047028422218,0.0006029199637178921,0.0005360712109209643,0.3287959558327273,0.23540551040987437,False,none,False,False
2021-01-12,0.000263935605282788,0.0003268076950368496,0.000459680096415361,0.0008090914497554827,0.02705152274095838,0.0,0.000263935605282788,0.0004779632458244843,0.0006000219765370021,0.0005411603985864586,-1.0406796268665266,-1.0215753778695962,False,none,False,False
2021-01-13,0.00028671943317748634,9.03908737599879e-05,0.0,0.0007951424560063131,0.028194947541623147,-0.028194947541623175,0.00028671943317748634,0.00040350548909436865,0.0005982870808100298,0.0004729580176205997,-0.22742239120383204,-0.22198534227471686,False,none,False,False
2021-01-14,0.00029885070294575946,0.00041429504431042183,0.0005020475429863279,0.0008076599512893002,0.02878524081227815,0.0,0.00029885070294575946,0.00035426561021575904,0.0006016023380105733,0.000506658265449188,-0.038550227587941764,-0.09177062187222848,False,none,False,False
2021-01-15,0.00028671943317748634,0.00034900185825194937,0.0004791100422874152,0.000727737968793472,0.028194947541623147,0.011202185218511239,0.00028671943317748634,0.0003545645455154874,0.0006042799627212274,0.0004370680119353927,-0.7188198183829928,-0.6971135718815821,False,none,False,False
2021-01-18,0.001190156249271142,0.0015406031297703188,0.0017116870475020586,0.0007941461029065695,0.057444005731080126,0.02705152274095838,0.001190156249271142,0.00046527628477093224,0.0006510959588148125,0.0006217335070698714,0.6342658131696728,0.6675690738758224,False,none,False,False
2021-01-19,0.0031764427778343787,0.002713287209727933,0.002306071157188665,0.0009092089589868889,0.09384545499204318,-0.06281634632787861,0.0031764427778343787,0.0010477777192812502,0.0007394737604345791,0.0022976227622296527,0.7436217962712204,0.6718602059776775,False,none,False,False
2021-01-20,0.0025279508703844084,0.003499728171566391,0.004870384083671383,0.0010931794310449967,0.08371957998941496,0.010600805986640548,0.0025279508703844084,0.0014960240067226345,0.0008494014459898241,0.0019198720004422846,-0.11309538236123537,-0.10249511300636475,False,none,False,False
2021-01-21,0.0007525355183932459,0.0010386818051713544,0.0010714461174301387,0.0011114728486802672,0.04567791032197052,0.02516401760027963,0.0007525355183932459,0.0015867609698121319,0.0008692932948496181,0.0008081113919687753,-1.126746044541028,-1.0312623090850408,False,none,False,False
2021-01-22,0.000627952327255011,0.000870526770325734,0.0009471232187253805,0.0010007680843291023,0.04172593367021843,0.0,0.000627952327255011,0.001655007548627637,0.0008790716051711313,0.0007101607513808084,-0.6222652986937559,-0.5937661636312626,False,none,False,False
2021-01-25,0.0002252503409046172,0.00030760597688016256,0.00041208133827421275,0.000992079831523905,0.024990529303574337,-0.01467441092926023,0.0002252503409046172,0.0014620263669543319,0.0008721639961826031,0.0005746226529357665,-1.9169190551719468,-1.9679834897861104,False,none,False,False
2021-01-26,0.001910237574678392,0.00165694818165413,0.0016098508092404335,0.001033856021634477,0.07277570443734627,-0.04718276108206548,0.001910237574678392,0.0012087853263231345,0.0008485660334278684,0.0014520048622440177,-0.7374533299395968,-0.7901739338994335,False,none,False,False
2021-01-27,0.0019436907783462482,0.0024938394235349717,0.002591175692630834,0.0011511054712317196,0.0734101841134067,-0.05239739166026137,0.0019436907783462482,0.0010919333079155026,0.0009084161519028733,0.001611716615595623,0.33670007685737907,0.5632957885467704,False,none,False,False
2021-01-28,0.00031236327686423826,0.00043302744933782465,0.0008660548986756493,0.0014175570205218774,0.029428810690811977,-0.06961060032364384,0.00031236327686423826,0.001003898859609701,0.0008660181404887943,0.0011158603466734072,-1.1607504315274357,-1.1832039452264222,False,none,False,False
2021-01-29,0.004735903537718678,0.0049252586879244276,0.005664165395477422,0.001909079485093198,0.11458932209544784,-0.004127972838030719,0.004735903537718678,0.0018254891017024343,0.0010360611718033116,0.0043171450205388906,-0.0574497028704953,-0.13814390391181336,False,none,False,False
2021-02-01,0.0018284535838508575,0.0021984453449983574,0.002968637002337473,0.001967970362962505,0.07120077096298745,-0.033651966164607375,0.0018284535838508575,0.0021461297502916826,0.0010964536112515674,0.0016398916078243498,-0.12889956901988936,-0.13047971924126697,False,none,False,False
2021-02-02,0.0007956102446121758,0.0010401277604490194,0.0010624108582045946,0.0019880494435985216,0.04696700960791683,0.01275256389739134,0.0007956102446121758,0.0019232042842784393,0.001109564908222177,0.0015040691465547206,-1.2477139517358513,-1.2578031101921288,False,none,False,False
2021-02-03,0.0007462042414595945,0.0005276482853348301,0.00042138046044575,0.0020436763556353583,0.04548535439411638,0.06638475666133255,0.0007462042414595945,0.0016837069769011087,0.001113318182289437,0.0009792861376602614,1.1669531607285768,1.1569216137470502,False,none,False,False
2021-02-04,0.0005688742754683551,0.0007652325532492983,0.0007932628135288562,0.0020715374877055123,0.03971466228656474,0.011787955752042393,0.0005688742754683551,0.0017350091766219315,0.0011183514270665682,0.0006094873462940299,0.7573957277873774,0.9067400051791216,False,none,False,False
2021-02-05,0.0002131222253274625,0.0002720554921821384,0.00026552203816680356,0.002054946329510186,0.02430844047654164,0.007782140442054949,0.0002131222253274625,0.0008304529141436888,0.0010980838819983588,0.0004752770508728711,-2.4448483062335984,-2.4418405492735853,False,none,False,False
2021-02-08,0.001961119270342832,0.002110229630714764,0.001970891518503616,0.0021168039943436565,0.07373857316167465,-0.04357124829364019,0.001961119270342832,0.0008569860514420838,0.001162450662589451,0.001695503470729149,0.027152014678821668,0.13739858435454516,False,none,False,False
2021-02-09,0.0007462042414595945,0.0010283026549184023,0.0013546888086645157,0.002158881746099778,0.04548535439411638,0.016064602503806622,0.0007462042414595945,0.0008471048508115675,0.0011834042755340306,0.0009388444572314247,-1.3730880829500862,-1.3185661653307725,False,none,False,False
2021-02-17,0.0005644908720251648,0.0005612293382620256,0.0006181587912370446,0.002234880550010827,0.03956135773181036,0.05144268561856329,0.0005644908720251648,0.0008107621769246814,0.00118012669912636,0.0006445578831228988,-0.5076277951419029,-0.4848775441317137,False,none,False,False
2021-02-18,0.0005127511655722332,0.0007053542318546413,0.0007122245156062771,0.0022485604559214635,0.03770474902423933,0.003777152743745394,0.0005127511655722332,0.0007995375549454571,0.0011914364973213346,0.0005750142094123526,0.0692130358402,0.1171197947217402,False,none,False,False
2021-02-19,0.0003256721665501187,0.0004014987476969846,0.0005611593375731974,0.0022563204455980593,0.030049209242911115,0.0,0.0003256721665501187,0.0008220475431899883,0.0011932070761109996,0.0005782137081257284,-1.1663301518883615,-1.0912656953951527,False,none,False,False
2021-02-22,0.00018596207154984308,0.0002078194308065793,0.00019992115506400467,0.002180438953497868,0.022706746626133877,-0.01137453021768588,0.00018596207154984308,0.0004670161034313905,0.0011880757746839127,0.0004181598050644228,-0.5662505417618457,-0.49511470411487596,False,none,False,False
2021-02-23,0.00018880954474007075,0.00021138570652620445,0.00020419774742994745,0.002064506427266445,0.022879930384455884,-0.0038204439973858815,0.00018880954474007075,0.0003555371640874858,0.0011836253252094848,0.00039192712985877996,-0.5594960249412679,-0.4455685055694374,False,none,False,False
2021-02-24,0.0006774270107838339,0.0007160869832221996,0.0006591470276302996,0.0018774970932300566,0.043338510475555855,-0.016401718383801004,0.0006774270107838339,0.0003781243918392196,0.0011603194507327887,0.0006312117042419182,-0.08385967403384957,0.045372352847304016,False,none,False,False
2021-02-25,0.00036849895036005946,0.00048172272872641067,0.0005049083898048619,0.0018334225638953652,0.031963980257869916,0.003883500026397612,0.00036849895036005946,0.00034927394879678483,0.001032685640393047,0.00035681515064465844,-0.8135400731033161,-0.7520305514401543,False,none,False,False
2021-02-26,0.00019969940147627279,0.000270924662335146,0.0002773934876023394,0.0018073172037796634,0.023530497410194036,-0.007782140442054963,0.00019969940147627279,0.0003240793957820157,0.00092685602816995,0.0005044402288882798,-1.182864197635953,-1.1110861427187695,False,none,False,False
2021-03-01,0.0004509516951532634,0.00032846959416643303,0.0002411485382655872,0.001810127811855024,0.03535963212841516,0.03549533301453004,0.0004509516951532634,0.0003770773205026997,0.0009131476725681327,0.00041933874446839384,0.04266407860542641,0.0006932345220060863,False,none,False,False
2021-03-02,0.00018456243075151287,0.00011910467051520228,8.60938593332306e-05,0.001736838153640556,0.02262113423440136,-0.007568626480007617,0.00018456243075151287,0.0003762278977049881,0.0008929935863634281,0.0003934815277062925,0.03323918322864507,-0.02541128050345896,False,none,False,False
2021-03-03,8.455492348139707e-05,0.00011157974135126207,0.00011744364134256546,0.0015867921907981315,0.01531130390444815,-0.007626347735064183,8.455492348139707e-05,0.0002576534802445008,0.0008865983401169182,0.00042234471433658956,-0.6026315250472668,-0.5301162163410308,False,none,False,False
2021-03-04,0.0006879892270572907,0.0006524842514512616,0.0006878104906460603,0.001329812708998743,0.043675063502661426,-0.020300358799458143,0.0006879892270572907,0.00032155153558394704,0.0008310415970432316,0.0010105900552945788,-0.009621225157161033,0.046520882798349164,False,none,False,False
2021-03-05,0.0006089240816904414,0.0003071910160647585,0.00015638032113263496,0.0008110619224717683,0.04108887978024143,0.06520968257708547,0.0006089240816904414,0.00040339647162678075,0.0007703703835588769,0.0006224352009593154,3.6188703072983057,3.4614429631297896,False,none,False,False
2021-03-08,0.00016913778281456513,0.00015129076959175073,0.00015117158821970842,0.0008444287227748088,0.021655242070600475,0.05083573318075731,0.00016913778281456513,0.0003470336891590411,0.0007638601338293461,0.0004052393877003675,2.3842017230149373,2.2858152543304016,False,none,False,False
2021-03-09,0.0002934186217825727,0.00016530545273927885,0.00010043120448335039,0.0008312804566558753,0.028522432603996117,-0.0390120392750156,0.0002934186217825727,0.0003688049273652531,0.0005619290012867959,0.0006218982316687352,1.7644850036092206,1.668103082286244,False,none,False,False
2021-03-10,0.0008203741533661351,0.001045263829844837,0.0011724627795913452,0.000853937523174645,0.047692348711716376,0.003610112224099572,0.0008203741533661351,0.0005159687733422007,0.0005161072089920358,0.00035990753403716797,1.1600496964961216,1.1271653732667726,False,none,False,False
2021-03-11,0.00011419966618032685,0.0001145952894772565,0.0001273283701395789,0.000827918689114148,0.017794063800467896,0.010752791776261915,0.00011419966618032685,0.00040121086116680783,0.00048513400088149726,0.0002496850732806569,0.1926054361678924,0.23683485107451765,False,none,False,False
2021-03-12,0.00016503818440376954,0.0001847607133032581,0.00017845343642847368,0.0008200613234733364,0.02139118998131756,-0.0035714323675972446,0.00016503818440376954,0.0003124336817094735,0.00045871736192441435,0.0002624542647078677,0.19643169248903516,0.1511528609594564,False,none,False,False
2021-03-15,7.387299911647651e-05,9.744710359408451e-05,0.00010222750446253282,0.0007257597181570309,0.014311514393255946,-0.00358423322781505,7.387299911647651e-05,0.0002933807249698558,0.00043621730390841983,0.00026774826435925264,0.5067771660641326,0.43694776300566346,False,none,False,False
2021-03-16,0.00032613605775361193,0.0004320547932693239,0.0006875151519371771,0.0006996383173826133,0.03007060284802096,-0.0072072384049492715,0.00032613605775361193,0.0002999242121640637,0.0004413542962914267,0.0003184050398990673,0.90249598640746,0.8265426022046157,False,none,False,False
2021-03-17,0.00044884717102154284,0.0005442340210321957,0.0006178620013272448,0.0006759697474535185,0.035277026580815454,0.025001302205417186,0.00044884717102154284,0.00022561881569514518,0.0003726146554131863,0.00028725246629422995,1.257330504244922,1.1621194478074621,False,none,False,False
2021-03-18,0.00028724074063445,0.0002784588736309726,0.0002498590830521181,0.0006580187081547103,0.028220567642251247,-0.0070796755880616884,0.00028724074063445,0.0002602270305859698,0.0003517526781029524,0.0003080467860662799,-0.34858528940467903,-0.37987104155234563,False,none,False,False
2021-03-19,0.0002491241685826542,0.00014635320081759728,9.419913590699105e-05,0.0006369107056435996,0.026281530782084006,-0.033411685766675116,0.0002491241685826542,0.0002770442274217468,0.00033741782794647463,0.0002774801776311659,0.8363462546689658,0.7524195193928648,False,none,False,False
2021-03-22,0.00013062751850246326,0.00017601710421760435,0.0001750177166582057,0.000635767469056463,0.019030932310690876,0.011866866779899262,0.00013062751850246326,0.0002883951312989441,0.0003200485712614851,0.0002476371767440375,0.056253308919518775,-0.039531217619942445,False,none,False,False
2021-03-23,0.00041452783703542994,0.00037272862521901226,0.0003205793060926535,0.000643645959226059,0.0339015516756812,-0.01924017207365145,0.00041452783703542994,0.0003060734871553077,0.0003240874653744538,0.0004275934513126573,-0.07061126007644876,-0.15871122629788448,False,none,False,False
2021-03-24,0.0005558747140468893,0.0006800446662006221,0.0006542120861792451,0.0006998665240311424,0.039258272544072395,-0.04155460940968109,0.0005558747140468893,0.000327478995760377,0.0003409016763970468,0.0006079008857472364,0.9327033254188539,0.8389815879143002,False,none,False,False
2021-03-25,0.0003628532972164994,0.0003438278092717441,0.000362152519727161,0.0006930635971510161,0.03171818027078454,-0.01261540263007409,0.0003628532972164994,0.0003426015070767869,0.00034881275605506626,0.0004190081259607388,-0.30209058176026954,-0.40854189157318477,False,none,False,False
2021-03-26,0.00130476382837382,0.0017144727534407673,0.0018765345762204648,0.0007582066321082264,0.06014626734665797,0.007782140442054949,0.00130476382837382,0.0005537294390350201,0.0003773280659455202,0.001121112900005019,-0.16617642902334642,-0.33052721681318714,False,none,False,False
2021-03-29,0.000657019482871278,0.0008612205131345287,0.0008865817158281719,0.0007896530451115029,0.04268073111488038,0.0314761321020175,0.000657019482871278,0.000659007831908783,0.000390442635605121,0.00039724608299288684,-0.7693340901925158,-0.9449675771904198,False,none,False,False
2021-03-30,0.0003208333041517995,0.0004447694004051025,0.00044479412604968364,0.0008030953870711973,0.029825137062722863,0.007483664487173048,0.0003208333041517995,0.0006402689253320569,0.0003959487220903722,0.00037580550162394767,-0.76978455338001,-0.8856372031626023,False,none,False,False
2021-03-31,0.0003208333041517995,0.0003575776380567637,0.00044145319623245115,0.0008385159155387844,0.029825137062722863,0.0,0.0003208333041517995,0.000593260643353039,0.00039003424977212387,0.00041340794054336825,-1.3129737935310226,-1.4803224743124794,False,none,False,False
2021-04-01,0.0012845308128082798,0.0013367638392464284,0.001215200790419553,0.0008683288779737123,0.059678100212404016,0.0339015516756812,0.0012845308128082798,0.000777596146471395,0.0004400328125928861,0.00046969880736646275,0.614236413493059,0.5085107848945998,False,none,False,False
2021-04-02,0.0002455505358005589,0.0002954190811126228,0.00028271878280590815,0.0008352630548412558,0.02609234842440529,-0.003610112224099674,0.0002455505358005589,0.0005657534879567428,0.00044735079497102976,0.0002460376160444399,-0.8596947081857098,-0.9304447672221756,False,none,False,False
2021-04-05,0.0002455505358005589,0.0002612847267971528,0.00030738962627084365,0.0006498649158316838,0.02609234842440529,0.003610112224099572,0.0002455505358005589,0.0004834596985425989,0.000427239945368451,0.00036469919305693005,-0.7393814154963356,-0.6786477966288897,False,none,False,False
2021-04-06,0.00018716432287126613,0.00020546099508735033,0.00019654423549432428,0.0006388286440201879,0.022780028331819906,-0.015433806129841214,0.00018716432287126613,0.0004567259022864922,0.0004080690472403067,0.0003326433268890169,-0.4427622988125859,-0.3073326420157405,False,none,False,False
2021-04-07,0.0009455261440524974,0.0008857057454127917,0.0007684635983412505,0.0006167959169791731,0.05120112424139553,0.03682499611115882,0.0009455261440524974,0.0005816644702666318,0.00044335942729657637,0.000292172007378238,1.243082079747814,1.4930693896086213,False,none,False,False
2021-04-08,0.00029133736504877833,0.00032643032062034885,0.00032987110690245404,0.0006082965973834125,0.028421095909575637,-0.010638398205055643,0.00029133736504877833,0.00038302578071473163,0.0004432648247177675,0.00023027606555841028,-0.47583751161880733,-0.4316316049804239,False,none,False,False
2021-04-09,7.334719649561755e-05,9.678857739488654e-05,0.00010186302261420616,0.0006034502516105265,0.014260491219157017,0.0,7.334719649561755e-05,0.00034858511285374333,0.00040930905395092577,0.0002142972073149725,-0.4907770564435873,-0.5035625140703665,False,none,False,False
2021-04-12,0.0010179266139599531,0.0012417108324585017,0.0011989155310064565,0.0006573190669608584,0.053125246822326326,0.03158157205029884,0.0010179266139599531,0.0005030603284856222,0.0004503875515772725,0.00032645427132972226,2.583023809665893,2.448633054788779,False,none,False,False
2021-04-13,0.0007791697023644709,0.0006763589682621375,0.0005840064820599078,0.000659128475210888,0.04647921179932658,-0.028022849433304926,0.0007791697023644709,0.0006214614043842631,0.0004783026205754862,0.0004875547189346837,0.17834731772065945,0.20384830560509093,False,none,False,False
2021-04-14,0.00022706374062456084,0.00023508735622986818,0.00021769156263962413,0.0006600793072107121,0.025090921993526586,-0.0035587226169939952,0.00022706374062456084,0.00047776892369867576,0.00048526583609858096,0.0004543872521881938,-0.1941489328295164,-0.09288610712929074,False,none,False,False
2021-04-15,0.0004926364087342054,0.00015530804779424648,0.0,0.0006536893114734555,0.0369577887734259,-0.02985296314968116,0.0004926364087342054,0.0005180287324357613,0.0004928340338704261,0.0004344206853609098,0.854820006323756,0.8916212109975945,False,none,False,False
2021-04-16,0.0011695654724532799,0.0016000477265093634,0.0016546760578152325,0.0007143776660337735,0.05694492109789077,-0.014801380302261961,0.0011695654724532799,0.0007372723876272936,0.0005255939566627777,0.0008297214070737459,0.9012102626412547,0.8923006066539836,False,none,False,False
2021-04-19,0.0002484000163156644,0.0002584591375214743,0.0002973777486413358,0.0007122837310247346,0.026243305505232923,-0.0074836644871729965,0.0002484000163156644,0.0005833670680984359,0.0005238284691937421,0.0005401620533120905,-0.9716106658334333,-0.9111558758269589,False,none,False,False
2021-04-20,0.0002484000163156644,0.00025716377957215545,0.00023811134272840124,0.000708568424405358,0.026243305505232923,-0.007540092273287806,0.0002484000163156644,0.00047721313088867467,0.0005237955531816062,0.0004927482956325629,-0.8770761351660227,-0.8541843811377636,False,none,False,False
2021-04-22,0.0009544689706133324,0.0007043353448264621,0.0005873634003983191,0.0006822113922321363,0.05144268561856329,-0.051442685618563265,0.0009544689706133324,0.0006226941768864289,0.0005612428919139184,0.0010545067005954718,0.2651981199970228,0.31492759841574536,False,none,False,False
2021-04-23,0.00046197267937297465,0.0004901399384847867,0.0005749377916015782,0.0006914327815734589,0.03578910785158529,0.019724505347778788,0.00046197267937297465,0.0006165614310141827,0.000563399475656534,0.0008740680436433067,-0.261711054378619,-0.21721755082562383,False,none,False,False
2021-04-26,0.0011527728962788468,0.0005349274084874894,0.00023028397040060857,0.0006353952708240739,0.05653463656490965,-0.039845908547199674,0.0011527728962788468,0.0006132029157792961,0.0005905312112125321,0.0007691214569316023,-0.8504888442864584,-0.8306027296343165,False,none,False,False
2021-04-27,0.000508518530165511,0.0007049563708934229,0.0007085851932050707,0.0006095640486222414,0.03754880479838001,0.0,0.000508518530165511,0.0006652266185492655,0.0005971523581647599,0.0005433166670961302,-1.6454031204047008,-1.6236517898570575,False,none,False,False
2021-04-28,0.00046566924140804627,0.0006202273257482326,0.0010001602542380433,0.0006330024604688489,0.03593200922606337,0.008097210232619303,0.00046566924140804627,0.0007086804635677419,0.000559011695120861,0.0004282961308440051,-1.7702119089923969,-1.764538956591123,False,none,False,False
2021-04-29,0.00014370369483651674,0.00017468912549051659,0.00017575941547058079,0.0006125098421670081,0.019960742562537933,0.008032171697264253,0.00014370369483651674,0.0005465274084123787,0.0005356791593010992,0.0003278427134107806,-1.9949519639298923,-2.018820971777979,False,none,False,False
2021-05-04,0.00016647652950895901,0.00019790371819555593,0.0001962335976888515,0.0006110245674576817,0.021484202294573516,-0.020202707317519355,0.00016647652950895901,0.0004874281784395756,0.0005286629422718792,0.0007529674775134263,-0.7585930551522928,-0.7523658760969639,False,none,False,False
2021-05-05,0.0011346898456172936,0.0008396521839922866,0.0007021401910880422,0.0006478585340388119,0.05608946665104337,0.05170137437689041,0.0011346898456172936,0.0004838115683072649,0.0005656564214294017,0.00042387805482794935,0.4912547762553792,0.5125742801580673,False,none,False,False
2021-05-06,0.0005823352757465025,0.0004240199677102868,0.0003489034046028969,0.000639344642349378,0.04018178963283176,-0.03149866705937105,0.0005823352757465025,0.0004985749174234633,0.0005337384424720482,0.000423588145586223,-0.8377007877290981,-0.8214860464827228,False,none,False,False
2021-05-07,0.00021284617784111167,0.00026974013836433516,0.00026229364806248066,0.0006449513997144479,0.024292692569044483,-0.016129381929883644,0.00021284617784111167,0.00044801030471007633,0.0005322518807466187,0.00047275509978551893,-0.5989748352208459,-0.5728430301846494,False,none,False,False
2021-05-10,0.00031236327686423826,0.00037580878020690054,0.0003596792171193909,0.0006188829581277004,0.029428810690811977,0.008097210232619303,0.00031236327686423826,0.0004817422211156206,0.0005352888235222405,0.0006541048417040205,-0.6384416152657345,-0.5648513894392013,False,none,False,False
2021-05-11,0.0005681035019328744,0.0007875586812620067,0.0009083446679170476,0.0006462861100854044,0.03968774826724254,0.008032171697264253,0.0005681035019328744,0.0005620676156004037,0.0005526042407523136,0.0005121604514766537,-0.20699976295782593,-0.13693388284328104,False,none,False,False
2021-05-12,0.00014143606828012222,0.0001411058891208994,0.00015592700481031603,0.0006502911305631168,0.01980262729617973,0.011928570865273812,0.00014143606828012222,0.00036341686013296944,0.0005160546918535693,0.0003719228328993063,-1.3336740640266078,-1.2569208798077762,False,none,False,False
2021-05-13,0.0003635518808054429,0.00040509434631684065,0.0004999898343317667,0.0006100606178411666,0.03174869831458027,-0.019960742562537943,0.0003635518808054429,0.00031966018114475755,0.0005193371698425086,0.00039667375814284364,-0.136971718709512,0.0021959348490944953,False,none,False,False
2021-05-14,0.0002794413858754841,0.00036266491467752004,0.0004248479454664771,0.0006052953232522598,0.02783479899344384,0.004024150299725548,0.0002794413858754841,0.00033297922275163204,0.0005287050875415934,0.0004100323129598469,0.14734430586270558,0.3842541456796248,False,none,False,False
2021-05-17,0.00028167719904850937,0.00033418618436678425,0.00044359551058672847,0.0005950800122006279,0.027945930390559322,-0.008064559836730408,0.00028167719904850937,0.00032684200718848623,0.0004952392050456187,0.0005162961055872385,-1.2161959297223657,-1.1216341368482021,False,none,False,False
2021-05-18,0.00023307334517719876,0.00029736574675897146,0.000314185249618045,0.000600835167025255,0.02542078929327335,-0.012220111334775444,0.00023307334517719876,0.0002598359758373511,0.0004704166433552882,0.0003907785933413502,-0.33976867285563916,-0.22202026291060195,False,none,False,False
2021-05-19,0.0006532958765024985,0.0006455583948826835,0.0005690379056655108,0.0005536234159838295,0.0425596144187959,-0.025948523867702196,0.0006532958765024985,0.0003622079374818264,0.0004897908313497398,0.0004038708011341136,1.1332406814028433,1.5380390388736713,False,none,False,False
2021-05-20,0.0005235534110338655,0.0005512845229802445,0.000533812586642658,0.0005623642924833657,0.0380998462322706,-0.021254785268323216,0.0005235534110338655,0.0003942082435275109,0.000491196149636088,0.0005650363429741906,0.8777132790546484,1.0399530110660187,False,none,False,False
2021-05-21,0.0010926394010098404,0.001340205221876271,0.0013195638187012242,0.0006110491343636901,0.0550403459356381,0.02125478526832311,0.0010926394010098404,0.0005568478465543822,0.00048769951002502267,0.0007530530578890656,-0.1974117152319332,-0.17016656772585828,False,none,False,False
2021-05-24,0.00015622808729579582,0.00020988554788973362,0.00020792099557986215,0.0005853406728069301,0.020812405745934695,0.008377012338047864,0.00015622808729579582,0.0005317580242038395,0.00048350987688775584,0.0004332209900539048,-1.2153769687219191,-1.1432922668436627,False,none,False,False
2021-05-25,0.00023691227372627506,0.0002952770608939857,0.0003181214945043272,0.0005835180734606806,0.025629285949742224,0.008307420569856096,0.00023691227372627506,0.0005325258099136548,0.00048298770677005637,0.0004429387269644038,-0.47876632474688113,-0.368806793169148,False,none,False,False
2021-05-26,0.00015753689381455205,0.00010995690210857113,8.662977074063107e-05,0.0005567967266659126,0.020899402267215993,-0.020899402267215997,0.00015753689381455205,0.0004333740133760654,0.0004467635214610209,0.0004351987951138391,0.03443824217424494,0.10639239065255764,False,none,False,False
2021-05-27,0.00022973232066525413,0.00029114015081941355,0.00028310368559439575,0.0005410339524415571,0.025237932589862757,0.0,0.00022973232066525413,0.0003746097953023431,0.0004362071415197609,0.0006606929970513372,0.014390590376190195,-0.0024535777341383592,False,none,False,False
2021-05-28,0.00010209723208653094,0.0001346739243714767,0.00014124103799670497,0.0005035013663939644,0.016824792249980777,0.004214969359311911,0.00010209723208653094,0.00017650136151768124,0.0003884491567837465,0.000479623024525889,0.3624873293699974,0.26594288691473544,False,none,False,False
2021-05-31,0.00023364717461591035,0.00031709835802229663,0.0005409781380296515,0.0005081359506398788,0.025452063203663115,0.004197277935340137,0.00023364717461591035,0.00019198517898170417,0.0003759550042587647,0.00059207709390357,0.23441777893900942,0.07984961371147477,False,none,False,False
2021-06-01,0.00021284617784111167,0.0002950674561270545,0.0003267966020314983,0.00049960997478712,0.024292692569044483,0.029914556571523025,0.00021284617784111167,0.00018717195980467148,0.00036446304682390406,0.0005214012020092935,1.3345828558865342,1.3175880666335882,False,none,False,False
2021-06-02,0.00031749780384491123,0.00026184316057853186,0.00020936541935657874,0.000461872353835983,0.029669695486747062,-0.017427401598959037,0.00031749780384491123,0.00021916414181074334,0.00037236277905155834,0.0006640169700421088,-0.062333946595274484,0.01362035963921479,False,none,False,False
2021-06-03,0.0013388778202921736,0.00042209324527773683,0.0,0.000472203606230867,0.06092747775018314,0.0650554505882138,0.0013388778202921736,0.00044099324173612725,0.00042565374681443165,0.0005872357070766457,2.9147299019952837,2.9539963636657274,False,none,False,False
2021-06-04,0.0004509516951532634,0.0006031898021031585,0.0009836886952590868,0.0005148305638379058,0.03535963212841516,0.0314761321020175,0.0004509516951532634,0.0005107641343494737,0.00039457473997515756,0.0006079192182255944,2.38856312996661,2.2547791833511663,False,none,False,False
2021-06-07,0.0008569675045330591,0.0008392028035752195,0.0007422579016219047,0.000534317883888704,0.048744419561569594,-0.01513746974722833,0.0008569675045330591,0.0006354282003329035,0.0004070580231018192,0.001007331709338524,0.8582399595332503,0.7846662388241314,False,none,False,False
2021-06-08,0.0013151202133583656,0.0009468616125672447,0.0006995533257592912,0.0005640375616299029,0.06038449695035125,-0.06396671134404375,0.0013151202133583656,0.0008558830074363543,0.00045716138835260353,0.0012784750343761736,1.0199091834954463,0.9510548018597106,False,none,False,False
2021-06-09,0.0004128295001817203,0.0005465606908183336,0.0005838645804436378,0.0005893296721635809,0.03383203240143464,0.0,0.0004128295001817203,0.0008749493467037162,0.00046172803486703445,0.0012996496692286043,0.4553387470021186,0.380553231461579,False,none,False,False
2021-06-10,0.0004128295001817203,0.00045498007649090845,0.00042046813915309764,0.0005832828305110547,0.03383203240143464,-0.017427401598959037,0.0004128295001817203,0.0006897396826816254,0.0004546701256965275,0.0007414923858758976,-0.18220762513220162,-0.26696169398732217,False,none,False,False
2021-06-11,0.00016647652950895901,0.00016189707863802956,0.0001746692734529383,0.0005733883263239139,0.021484202294573516,0.013354076211323295,0.00016647652950895901,0.0006328446495527646,0.00045580832847965654,0.0007148542050150733,-1.4189970211690857,-1.3506410492689729,False,none,False,False
2021-06-14,0.0002885480383416482,0.0003937062980851568,0.00039186925585532985,0.0005720397722254629,0.028284713838581887,0.012170535620255114,0.0002885480383416482,0.0005191607563144824,0.0004523990629131203,0.0005206422886381259,-0.31446465206092267,-0.3721383963276278,False,none,False,False
2021-06-15,0.0002885480383416482,0.00034279384933430925,0.0003574273758578598,0.0005713866785399735,0.028284713838581887,-0.012170535620255066,0.0002885480383416482,0.00031384632131113883,0.0004528130016615824,0.0005780644244748895,-1.3103386996659543,-1.3896361352582731,False,none,False,False
2021-06-16,0.00021284617784111167,0.0002950674561270545,0.00042487736231504807,0.0005617324749461508,0.024292692569044483,0.0,0.00021284617784111167,0.00027384965684301715,0.0004496843188794279,0.0006394679172970166,-0.8436307679046378,-0.8046525217750105,False,none,False,False
2021-06-17,0.001183093629713761,0.001099870175993709,0.0010083656219399256,0.0005994838796999716,0.05727331014615884,0.028170876966696224,0.001183093629713761,0.0004279024827494253,0.0004928670590856353,0.0007821467996228164,0.7528750508017882,0.7946980819164841,False,none,False,False
2021-06-18,0.0002772320887199773,0.00016704488791606195,0.00011112058168062722,0.0005526220618808605,0.02772454801485477,-0.007968169649176845,0.0002772320887199773,0.000450053594591629,0.00047577325055006624,0.0005240704194957697,-0.585766196851809,-0.5598373806519883,False,none,False,False
2021-06-21,0.0005636202730929047,0.0006840116378409937,0.0006841899343342528,0.0005734535457932352,0.03953083875663522,0.015873349156290163,0.0005636202730929047,0.0005050680415418802,0.0004775944715527497,0.0004266301564075373,0.9538212454360225,0.8673347836415177,False,none,False,False
2021-06-22,0.0002131222253274625,0.0002895326473503555,0.00036636629365375547,0.000566417961925598,0.02430844047654164,0.003929278139889557,0.0002131222253274625,0.0004899828789390431,0.0004376164181126416,0.00035195387397579024,0.2433677171526591,0.1369519648860759,False,none,False,False
2021-06-23,0.0004583199622631926,0.00041808598587621314,0.0003626726023072314,0.0005765849315860075,0.03564733873023749,-0.019802627296179643,0.0004583199622631926,0.0005390776358234593,0.0004513478669747961,0.00044626430189197494,-1.0564684098507788,-1.0964614962001757,False,none,False,False
2021-06-24,0.00021113296995900992,0.000267568970910576,0.00026018234386815,0.0005779842271961104,0.024194728587056756,-0.012072581234269136,0.00021113296995900992,0.00034468550387250905,0.0004501760804399204,0.00035621618880823166,-0.6616212690531244,-0.6904055062087031,False,none,False,False
2021-06-25,0.00023307334517719876,0.0003231082641465005,0.000366275826308373,0.0005874348275520974,0.02542078929327335,0.0,0.00023307334517719876,0.00033585375516395334,0.00045360955550185887,0.0004271077376934306,-0.977553559177024,-0.9771520204244293,False,none,False,False
2021-06-28,5.299285104081153e-05,6.71574701974674e-05,6.530176898836013e-05,0.0005659272263808016,0.01212136053234482,0.0,5.299285104081153e-05,0.00023372827075353471,0.0004455759432462024,0.0003727719557512599,-1.3857399945160351,-1.3466131281477078,False,none,False,False
2021-06-29,9.459313238313621e-05,7.391525689248542e-05,6.516985019885107e-05,0.0005180357692544189,0.016194685919980606,-0.008130126083250176,9.459313238313621e-05,0.00021002245216466945,0.000445234847805139,0.00030605903031042005,-0.9687757970735577,-0.9138262915065424,False,none,False,False
2021-06-30,0.00021284617784111167,0.0002950674561270545,0.00042487736231504807,0.0005248862947809712,0.024292692569044483,0.0,0.00021284617784111167,0.0001609276952802533,0.00044428934795173904,0.000288364768953724,-0.890596782001773,-0.8387331465764634,False,none,False,False
2021-07-01,0.00010864889499543851,0.00014420996227092078,0.00015568420570403032,0.0005020014567304189,0.017356229456542888,0.004073325387635648,0.00010864889499543851,0.00014043088028753897,0.0004395531078223902,0.00042125429981096927,-0.878428974818412,-0.8484352266917787,False,none,False,False
2021-07-02,9.536377930874998e-05,0.00010645975212327279,0.0001316648559906994,0.00043822786656592803,0.016260520871780326,-0.008163310639160981,9.536377930874998e-05,0.00011288896711384923,0.00042945610670711015,0.00033367523080398613,-1.2368796558278141,-1.3350385532168856,False,none,False,False
2021-07-05,0.00032815408803983675,0.0002875923515619532,0.0002387643028826426,0.000404647431822677,0.030163493227014202,-0.025948523867702196,0.00032815408803983675,0.00016792121451365428,0.0003835141188774585,0.0006819225709224255,0.9005022802051086,1.2577319609427042,False,none,False,False
2021-07-06,0.00041190513359111685,0.00032077737143546985,0.00028191308028431995,0.00036191053833628756,0.03379413452105855,-0.021254785268323216,0.00041190513359111685,0.0002313836147552504,0.0003817392751700883,0.0017293279483855779,0.09437235303622916,0.2623168991482782,False,none,False,False
2021-07-07,0.0004576604883032017,0.000627290583846899,0.0006414387554760791,0.00035867846251361993,0.03562168312256186,-0.00430571171121198,0.0004576604883032017,0.0002803464768476684,0.0003635889562505492,0.001187996813883004,0.1757116951472585,0.34619160978504654,False,none,False,False
2021-07-08,0.0001671770510958156,0.00022453296082820297,0.0002586916731292291,0.0003504212393422764,0.02152935685257602,-0.00432433106300287,0.0001671770510958156,0.00029205210806774383,0.0003114097216022515,0.0005198824903382884,-1.1910992425908722,-1.1045885706365235,False,none,False,False
2021-07-09,0.0007512713894879787,0.00023684504595356025,0.0,0.0003538995199247163,0.045639528720570505,-0.0499826408677356,0.0007512713894879787,0.00042323363010358955,0.00032679344384344504,0.000989754950245164,0.9282773512264827,0.8916436151416043,False,none,False,False
2021-07-12,0.0021136765843898825,0.0014326278827936556,0.0010053383505234572,0.00039782005753515373,0.07655296114678836,-0.06226320730043555,0.0021136765843898825,0.0007803381293735986,0.0004041046749438161,0.001727571873309993,1.788131862766843,1.7131645136232698,False,none,False,False
2021-07-13,0.0007008373318864009,0.0005148681582759363,0.0004274553741205577,0.0004152065186499295,0.04408099003553407,0.03922071315328133,0.0007008373318864009,0.0008381245690326555,0.0004283938023246089,0.0007318766355866005,0.2089676059492086,0.16483300238993331,False,none,False,False
2021-07-14,0.00041452783703542994,0.0004987391138756273,0.00047738199820167315,0.000417789742409225,0.0339015516756812,-0.00936775000360016,0.00041452783703542994,0.0008294980387791012,0.00043412015681068995,0.0008663047640935179,-1.2474289201226985,-1.2865060530671737,False,none,False,False
2021-07-15,0.0005393163674050569,0.0005387117123057828,0.0005959795920375463,0.0003859466992517419,0.03866914115915412,0.023256862164267183,0.0005393163674050569,0.0009039259020409494,0.000445518717222663,0.0014321880217764533,-1.4830579947017493,-1.4451288577115773,False,none,False,False
2021-07-16,0.00012426960561205534,0.00013930806516651378,0.00017307368148460664,0.0003762445183862749,0.01856201786005956,-0.009237940984936362,0.00012426960561205534,0.0007785255452657649,0.00044149250939406955,0.00047065624173370794,-1.403996403786938,-1.3437383991060143,False,none,False,False
2021-07-19,0.0006083223575804539,0.0006994087371394019,0.0006608109545072401,0.0004177427682667944,0.04106857324176093,-0.048732161211264675,0.0006083223575804539,0.00047745469990387903,0.00041536654247891923,0.0008978711707885861,0.47386464439217657,0.5976568378506091,False,none,False,False
2021-07-20,0.00021096278777533927,0.00025682658925494414,0.00035264258740980495,0.000421457282037178,0.02418497562947232,0.01930096103704692,0.00021096278777533927,0.0003794797910816667,0.00041235430152689024,0.0010727468904802152,-0.5986734694395186,-0.49292474464793484,False,none,False,False
2021-07-21,0.00013180444228116678,0.00017385499348953576,0.00018228628201030347,0.0004112449970054574,0.01911647222187889,-0.004790428322632489,0.00013180444228116678,0.00032293511213081407,0.0003927263092172658,0.0003975741028021397,-1.995396827420892,-1.9248512474924124,False,none,False,False
2021-07-22,0.00031838325344672486,0.0004325924730661815,0.00044645661375434994,0.0004211912121773974,0.029711038653274967,0.009558017806105362,0.00031838325344672486,0.0002787484893391477,0.00039751090140450503,0.000573706104921991,0.13368146230571584,0.13974839549408827,False,none,False,False
2021-07-23,0.0004106777684298479,0.0005259607266778865,0.0007811401662318896,0.00044225101794076314,0.033743748298361825,0.015339533815621673,0.0004106777684298479,0.00033603012190270616,0.0003953453471393529,0.0004901943025727268,0.9951541285392838,0.9586589847374852,False,none,False,False
2021-07-26,0.00014444902416632842,0.0001568893197373401,0.00014412904517962832,0.0004524969238452428,0.02001243951501425,0.0,0.00014444902416632842,0.0002432554552198811,0.000392314258694231,0.000704593593492628,-1.9873475560363432,-1.9258596315230607,False,none,False,False
2021-07-27,0.00048360266337548385,0.0005397551467241622,0.0005411114571824947,0.0004810058429541958,0.03661736323822331,0.027715399846546827,0.00048360266337548385,0.00029778343033991006,0.0004037019549759713,0.0003870602016750033,0.7501867570535558,0.6862073394298259,False,none,False,False
2021-07-28,0.00012199456700017692,0.0001361541919675367,0.00016834280439429768,0.0004737012956909926,0.01839132297142367,-0.018391322971423544,0.00012199456700017692,0.00029582145528371203,0.00040683839661048786,0.00033339593443084146,-1.1256473871237231,-1.08164983198409,False,none,False,False
2021-07-29,6.957665053753594e-05,8.825019458742056e-05,0.00012890219817708994,0.00047690915302315,0.013889112160667093,0.004629637898742197,6.957665053753594e-05,0.00024606013470187426,0.00040570128379932417,0.0003292112233816838,-1.384548809657347,-1.3232517381053268,False,none,False,False
2021-07-30,0.0001915020905418368,0.0002572747445424441,0.0002548681584250809,0.00048294765778205247,0.023042494147154258,0.004608303086194181,0.0001915020905418368,0.000202224999124272,0.0004047310980129936,0.00038810571346085997,-0.03960964106487223,-0.07003652559125317,False,none,False,False
2021-08-02,0.00018802000442965687,0.0002525226375304782,0.0002908848815247344,0.00048267918364878625,0.02283204204264569,0.00458716400690614,0.00018802000442965687,0.00021093919517693773,0.00040833887571454895,0.0004449287734938238,0.006053387888051706,0.055524948293371734,False,none,False,False
2021-08-03,6.768343795236561e-05,9.382916837457244e-05,0.00010444562996285927,0.00047177023578701615,0.013698844358161927,0.004566217979581184,6.768343795236561e-05,0.0001277553500923141,0.00040708067838016783,0.0003763014418420125,-0.9972605857793375,-0.9127187999714915,False,none,False,False
2021-08-04,0.00011869738828016603,0.00015656820411567756,0.00016417893282989543,0.0004515809386379292,0.018141087070650003,0.004545462371674638,0.00011869738828016603,0.0001270959143483119,0.0003975599193001828,0.0002739425944609034,-0.179587035205277,-0.09822413166081485,False,none,False,False
2021-08-05,0.00011978143706961681,0.00016605233077644682,0.00016605577735312883,0.00044859467940312026,0.018223738956451654,-0.004545462371674722,0.00011978143706961681,0.00013713687165472807,0.00038428156945829637,0.0004039298251195437,-0.9462275640211623,-0.8905871663115557,False,none,False,False
2021-08-06,0.0005876351419800373,0.0006886515439371967,0.0007383270439331987,0.00046717644162380895,0.040364223855360135,0.018059181538397466,0.0005876351419800373,0.0002163634819423682,0.00039018950826178903,0.0004674383638412921,1.355810545433543,1.3924428204372592,False,none,False,False
2021-08-09,0.0002576535099859371,0.000326796388628625,0.00035878348060628594,0.00040970055317507257,0.02672764890581482,0.013333530869465388,0.0002576535099859371,0.00023029018305362423,0.00039430207457497637,0.0006418804592605026,-0.340859427889974,-0.2002894661934817,False,none,False,False
2021-08-10,0.00018937655097202579,0.0002509333322867815,0.0002847078438659114,0.0003965395459274299,0.022914259522875832,0.009884759232541925,0.00018937655097202579,0.00025462880565755626,0.0003687614000969784,0.00036369364050299667,0.37943702572427285,0.5977929772177407,False,none,False,False
2021-08-11,0.0008402538267439543,0.0010487539875860038,0.0012140366785862102,0.00042608303000657395,0.04826674096983457,0.017335212001545686,0.0008402538267439543,0.0003989400933503139,0.000310878547476709,0.00046689165150382955,1.6960859064177265,1.6881793943626282,False,none,False,False
2021-08-12,0.00010653112908706362,8.322777670009808e-05,7.336721795297741e-05,0.000403820714553033,0.01718624470541086,-0.008630042774214928,0.00010653112908706362,0.00039629003175380324,0.0002838646291676482,0.0006288344340838567,0.20907387858039614,0.15628142549070675,False,none,False,False
2021-08-13,0.00036117533449105246,0.0005006953295805364,0.0005169314808044611,0.00041856372846333224,0.03164475721444348,-0.0043431121471652475,0.00036117533449105246,0.00035099807025600635,0.00028143951541563105,0.0006657808067928295,0.7695395005180828,0.6843024262428881,False,none,False,False
2021-08-16,0.0001671770510958156,0.000166742200492164,0.00018420952467941324,0.0003471251975489563,0.02152935685257602,0.012973154921380162,0.0001671770510958156,0.000332902778477982,0.0002645240919470292,0.0004768546317812884,0.5744967259034451,0.5792273799712966,False,none,False,False
2021-08-17,0.0001074525208528166,8.450509690934375e-05,7.496388301572725e-05,0.00033386816854525915,0.017260406932999992,-0.008630042774214928,0.0001074525208528166,0.0003165179724541402,0.0002637596790034274,0.0004121188112540938,-0.40876992207299584,-0.35291566728021057,False,none,False,False
2021-08-18,0.00010838591844800294,0.000143031145154689,0.00015058248121611076,0.00033193273117378954,0.017335212001545686,0.004324331063002803,0.00010838591844800294,0.0001701443907949499,0.0002410352954064978,0.0004368024417678867,-0.06443328700256186,-0.14279030428445857,False,none,False,False
2021-08-19,6.123081885677647e-05,7.766029649332467e-05,0.00011342400497491277,0.00031737837453998637,0.013029500290333678,-0.00432433106300287,6.123081885677647e-05,0.00016108432874889245,0.0002342292968192904,0.0003616701009370766,-0.2685418701558678,-0.32554189916851395,False,none,False,False
2021-08-20,0.001250114184774066,0.0010864409591976282,0.0009394777013435804,0.0003367019707871851,0.05887318991031956,-0.040912283897771365,0.001250114184774066,0.0003388720988054952,0.0002850615578416949,0.001264008653496216,1.7840251418185398,1.837329221379222,False,none,False,False
2021-08-23,0.0003719394797354463,0.0002216107634315175,0.0001453072665555253,0.0003363537149503881,0.032112851117118674,-0.03211285111711864,0.0003719394797354463,0.0003798245845334213,0.00028749593176390954,0.0007655935345719543,0.2388870987013172,0.22009141968368318,False,none,False,False
2021-08-24,0.0004106777684298479,0.0005609634167656216,0.0005595437894403779,0.00033135937141923866,0.033743748298361825,0.0,0.0004106777684298479,0.0004404696340488275,0.0002874959317639095,0.0007777928270052901,0.603358699428434,0.6038755617319626,False,none,False,False
2021-08-25,0.001492128264725367,0.0008983241028624181,0.0005969413221509615,0.0003694890145255461,0.06431996578755905,0.06431996578755905,0.001492128264725367,0.0007172181033043004,0.00034875407906204766,0.000483005354823538,1.4833149650695254,1.4818317077633345,False,none,False,False
2021-08-26,0.0005728872275084591,0.0006166699057076391,0.0006139362216113206,0.0004324982730932301,0.039854493675182595,0.008705169227330807,0.0005728872275084591,0.0008195493850346369,0.0003528124683408193,0.0005320616914897286,1.023708462780364,0.9547929888359309,False,none,False,False
2021-08-27,0.0025022259946469744,0.002288591060346637,0.00198621962896071,0.0005340848250517745,0.08329251811089289,0.046569260950442046,0.0025022259946469744,0.0010699717470092187,0.0004610048059611282,0.0006858631229068794,2.6301327619120225,2.6013159974560844,False,none,False,False
2021-08-30,0.00031749780384491123,0.00042995508216411073,0.00045885535405733053,0.0005439068283404037,0.029669695486747062,0.004127972838030591,0.00031749780384491123,0.0010590834118311117,0.0004722739492932817,0.00040569404762492707,0.8551413973941282,0.7829094149848115,False,none,False,False
2021-08-31,0.00017064077907231106,0.00021011902570690211,0.0002074756858814954,0.0005492598052300548,0.02175124593236212,-0.0082730564931994,0.00017064077907231106,0.0010110760139596044,0.0004713257078628487,0.0004888084556396947,0.012632657179099678,-0.08296288902000659,False,none,False,False
2021-09-01,0.001394033821956886,0.0006342785631354454,0.0002609438764875539,0.0005807303228668963,0.06216978730202059,0.049630438049285054,0.001394033821956886,0.000991457125405908,0.00052614451775045,0.00045480845618777306,2.3756341923925692,2.3137034408818815,False,none,False,False
2021-09-06,0.0003772177386522374,0.0004987945696998871,0.0006275241700496338,0.0005993322039200689,0.03233990797785279,-0.003960401216096794,0.0003772177386522374,0.0009523232276346637,0.0005402142586913533,0.0004780291550096011,0.7281115043669827,0.6329352176789886,False,none,False,False
2021-09-07,0.00046941035295351073,0.0003441783735616716,0.00028518770233421976,0.0005854844867628072,0.03607605647380959,-0.02817087696669622,0.00046941035295351073,0.0005457600992959709,0.0005561557570855962,0.0005464779095739855,0.7204157101781583,0.6813775886686652,False,none,False,False
2021-09-08,0.00031749780384491123,0.0004069923268853081,0.000470625633957275,0.0005926387508566687,0.029669695486747062,-0.013354076211323326,0.00031749780384491123,0.0005457600992959709,0.0005651428646662914,0.0003400167997125997,0.17087483041555512,0.12571828543268962,False,none,False,False
2021-09-09,0.0006269881718961374,0.0008008644272510292,0.0008509444243403981,0.0006178577744071254,0.04169388845354877,0.01742740159895912,0.0006269881718961374,0.0006370295778607363,0.0005669316387533868,0.00034374028055839096,-0.36257610279714625,-0.45977134640751166,False,none,False,False
2021-09-10,0.00021113296995900992,0.00028628305749750797,0.0004868318892007272,0.0005864154101441826,0.024194728587056756,0.0,0.00021113296995900992,0.00040044940746116104,0.0005648170687521628,0.00024602272121313867,-0.9108429583714248,-0.88483220761226,False,none,False,False
2021-09-13,0.00023691227372627506,0.00014865952335313615,0.0001039729050690164,0.0005898077935983497,0.025629285949742224,-0.021572485254127773,0.00023691227372627506,0.0003723883144759685,0.0005669777834228106,0.0004607769190743288,-0.20907879203443477,-0.2217799872279767,False,none,False,False
2021-09-14,0.0008036361020725788,0.000865941562328091,0.000881138976464623,0.0006100411469045262,0.0472033091360253,-0.029506882509438635,0.0008036361020725788,0.00043923346429978213,0.0005653133413922935,0.00036258782913491783,0.8439359820087035,0.7620378741598369,False,none,False,False
2021-09-15,0.00031402281501111823,0.00018719342334541373,0.00012281758630637834,0.0006109431037967074,0.029506882509438632,0.025344545594751192,0.00031402281501111823,0.0004385384665330235,0.0005747447816615688,0.0005080654831552805,-1.4643393738300223,-1.4373720065322542,False,none,False,False
2021-09-16,0.00015753689381455205,0.00021169993898648235,0.00024540502653535684,0.0006171370904880289,0.020899402267215993,0.0,0.00015753689381455205,0.0003446482109167065,0.000565488488903546,0.0002901600385175733,-1.396975112262737,-1.4610391196374366,False,none,False,False
2021-09-17,0.0005254456607768845,0.0006681878479900674,0.0007998767138564192,0.0006481353443305072,0.0381686352024777,-0.004179734402707857,0.0005254456607768845,0.0004075107490802814,0.0005817734257072309,0.0004530371643635765,0.7565823524860502,0.6586764778824471,False,none,False,False
2021-09-20,0.00024285098093047844,0.0002300215691432062,0.0001990724198229825,0.0006638651708324695,0.025948523867702238,0.0,0.00024285098093047844,0.000408698490521122,0.0005879279011653065,0.0005220105336329435,-0.3398928421810824,-0.46665785294434103,False,none,False,False
2021-09-21,0.00016156353418078382,0.00021705350194459888,0.00021502205258563738,0.0006323206736485606,0.02116481119204333,-0.008412247294651967,0.00016156353418078382,0.00028028397694276306,0.0005903450655167966,0.0005253846940415817,-0.34379546465081867,-0.3771179062504107,False,none,False,False
2021-09-22,0.00022973232066525413,0.00029136867052442344,0.00031982320434163097,0.000631342685479866,0.025237932589862757,0.012591981697359967,0.00022973232066525413,0.00026342587807359026,0.0005980042246899091,0.00033312795275383596,-0.4966213574257701,-0.490527285136287,False,none,False,False
2021-09-23,9.956848989105832e-05,3.138985976804687e-05,0.0,0.0006142601759930598,0.016615127810594595,-0.004179734402707857,9.956848989105832e-05,0.0002518321972888915,0.0005457066931043179,0.00045742841657272094,-1.0126611212489138,-1.0328738165059974,False,none,False,False
2021-09-24,0.00010209723208653094,3.218706843308165e-05,0.0,0.0005669698571905521,0.016824792249980777,-0.01264505784727281,0.00010209723208653094,0.00016716251155082077,0.0005334411363930035,0.0002768063589778754,-0.9423753980193916,-0.8995600824317208,False,none,False,False
2021-09-27,0.00031139189044898197,0.0004038785575917816,0.0006140874763290513,0.000523227048897997,0.029383016245031292,-0.004250803425194488,0.00031139189044898197,0.00018087069345452147,0.0005289281419393278,0.0006927763102685593,-0.4595664169292491,-0.41100807864901423,False,none,False,False
2021-09-28,0.000316687225314699,0.00032874621392441213,0.000305863384637191,0.0004241999929771505,0.02963179760637115,0.016895861272467266,0.000316687225314699,0.00021189543168130456,0.0004754990037842974,0.0005913713245604909,-1.0090404477932904,-0.9681364160701568,False,none,False,False
2021-09-29,0.0010521963836431008,0.0009004993482858956,0.0008642121672502328,0.0004500672917033681,0.05401210815058364,0.03801176680414236,0.0010521963836431008,0.00037638824427687386,0.0004972857836085993,0.00041660716183664683,2.1428582117675257,2.3340458785386655,False,none,False,False
2021-09-30,0.000396405294866414,0.0003943863655902428,0.0003621900214856057,0.00046941651517973183,0.03315220731690055,-0.004040409537004863,0.000396405294866414,0.00043575560527194505,0.0004015666608913011,0.00027449477428745855,-0.3922112917843418,-0.372036611446325,False,none,False,False
2021-10-01,0.0007665190267326607,0.0006346237306832305,0.0005907468842114199,0.00047322231995279736,0.046100347166818476,0.020040750883445972,0.0007665190267326607,0.000568639964201171,0.00042197671647710796,0.00042604900700104895,1.0981256893906681,1.3040694165960258,False,none,False,False
2021-10-04,0.0004500909215083018,0.0005202392404404167,0.0006690705473399451,0.000494399047944282,0.035325868891740345,0.03700519599355437,0.0004500909215083018,0.000596379770413035,0.0004346789956787438,0.0005290416573912959,2.0199392426706138,2.249397548917446,False,none,False,False
2021-10-05,0.0002743765876929277,0.0003747819125726921,0.0003737848202061073,0.0004921871910385546,0.027581396496262577,0.007619084476439358,0.0002743765876929277,0.0005879176428886806,0.00038378548503038216,0.00033874314742467774,1.3778208248280022,1.374454853784931,False,none,False,False
2021-10-06,0.0003453742986105809,0.00047879044263958556,0.0005125523417520627,0.0004913109344220252,0.03094480384942149,0.007561472700576488,0.0003453742986105809,0.00044655322588217666,0.0003823380559375795,0.00024591209813506083,0.9470347755369644,0.932231330628149,False,none,False,False
2021-10-07,0.0001438677510430202,0.00011042178064415036,9.569799424493809e-05,0.0004599697414783457,0.01997213318691517,-0.015180557177015754,0.0001438677510430202,0.0003960457171174979,0.00036754066494164815,0.00038170505099135364,0.7578073465319287,0.7056278421909448,False,none,False,False
2021-10-08,0.00020944036432362812,0.00013268019092175053,9.385621048489127e-05,0.00044248494505167265,0.024097551579060524,-0.016385908790818797,0.00020944036432362812,0.0002846299846356914,0.0003626289631452262,0.0002593104938835341,0.8525270757540286,0.7670664335927033,False,none,False,False
2021-10-11,0.000374277405129543,0.0005188586562256702,0.0005196215971459559,0.00045960879217857005,0.03221361998365506,-0.0038948442615409622,0.000374277405129543,0.00026946728135993965,0.00035114211011038097,0.00030927567249355696,1.1323769583358916,1.0426738870488255,False,none,False,False
2021-10-12,0.00020944036432362812,6.602795395491733e-05,0.0,0.00041814507699558176,0.024097551579060524,0.024097551579060524,0.00020944036432362812,0.00025648003668607975,0.00035106517349059094,0.00028801496303643766,1.0207408205448858,0.9744420227512361,False,none,False,False
2021-10-13,0.00027860027801032786,0.00016532403635973803,0.00010782894838597099,0.0004173689040674575,0.027792876584195145,-0.016322974031930518,0.00027860027801032786,0.00024312523256602914,0.0003529600827762297,0.00025444172385954614,0.2503048144709235,0.1934001877850228,False,none,False,False
2021-10-14,8.653090288085363e-05,0.00011995730272634028,0.00011995910140969035,0.00041274201333021856,0.015489177042460344,0.0,8.653090288085363e-05,0.0002316578629335958,0.00032036439190387856,0.00026829853237948315,-0.01931926458848106,-0.18883690234185566,False,none,False,False
2021-10-15,0.000374277405129543,0.0004247286167861235,0.00039771101210431606,0.00039572289117094833,0.03221361998365506,-0.015610073071078574,0.000374277405129543,0.0002646252710947788,0.0003231032369092615,0.0002832837678935822,0.4524413647048837,0.3898770532940243,False,none,False,False
2021-10-18,0.0001521447729430103,0.0002049650546394926,0.00022603544713227817,0.00038592669880314835,0.020538619272227686,0.003925422116105733,0.0001521447729430103,0.00022019874465747225,0.0003228581405060096,0.00034334506417609185,-0.163225743152975,-0.1904461506949004,False,none,False,False
2021-10-19,0.0001521447729430103,0.00021091744080476126,0.00026796494894127765,0.00037779143214731754,0.020538619272227686,-0.003925422116105647,0.0001521447729430103,0.00020873962638134867,0.0003058899183317426,0.0002677427083260118,-0.6926987369312597,-0.7566899863728894,False,none,False,False
2021-10-20,0.00029709649494734917,0.0004118631956539942,0.0004967489932261121,0.0003853416871266107,0.02870063398791024,0.0,0.00029709649494734917,0.00021243886976875294,0.00030835562351432764,0.00042398699218126673,-0.14280383298641297,-0.22452526559219468,False,none,False,False
2021-10-21,0.00015702076533319922,4.950220506380325e-05,0.0,0.00038182728005238536,0.02086513846396154,-0.020865138463961676,0.00015702076533319922,0.00022653684225922206,0.0003081491340212556,0.0002946345308681006,-0.2349523135664167,-0.3684890120166176,False,none,False,False
2021-10-22,9.233642232946107e-05,0.00012179993800303057,0.0001277509881541759,0.00038534878208388267,0.01600034134644112,0.004008021397538647,9.233642232946107e-05,0.00017014864569920568,0.00030190386591508314,0.00030494384172380335,-0.8066969347351703,-1.0318145283466162,False,none,False,False
2021-10-25,0.00021991185048376538,0.0003048625582690844,0.0003052115640478933,0.0003760650741058552,0.024692612590371414,0.011928570865273812,0.00021991185048376538,0.00018370206120735667,0.00030737401866929713,0.00042050447456287764,-0.2152350525588676,-0.3740972863419694,False,none,False,False
2021-10-26,0.00021991185048376538,0.0002745798790742431,0.0002978143315250215,0.0003743242759513272,0.024692612590371414,0.008853968317254761,0.00021991185048376538,0.0001972554767155077,0.00031272922859644416,0.00044143905121419734,-1.3781436501729512,-1.6668097509685187,False,none,False,False
2021-10-27,0.0001521447729430103,0.00021091744080476126,0.00022336481719637615,0.00033582517678620426,0.020538619272227686,0.0039100734078428186,0.0001521447729430103,0.00016826513231463992,0.0003054907232552636,0.00039019333540717393,0.10538485526258923,0.11810574950018117,False,none,False,False
2021-10-28,0.0005505894193792312,0.0005406808599339823,0.0005886543229278914,0.0003372237687613949,0.039071191621902264,0.027899837528799105,0.0005505894193792312,0.0002469788631238463,0.00031612264116728783,0.00040215323657964415,1.4836350621523515,1.6532527530082624,False,none,False,False
2021-10-29,0.00035665565420089863,0.0004054084509064426,0.0004174580794726063,0.0003113133742874691,0.0314461356061514,-0.007619084476439293,0.00035665565420089863,0.00029984270949813383,0.0002845071534653695,0.0003325133994731705,-0.0596149727896434,-0.12083883038931978,False,none,False,False
2021-11-01,0.0003352385021704619,0.0004378382634778272,0.00045576109383697514,0.0003128444032173849,0.030487349677831607,0.03476160237612231,0.0003352385021704619,0.00032290803983547314,0.00028172684470646265,0.0005161331422712954,1.9172457411861048,2.111818224424832,False,none,False,False
2021-11-02,0.00013828857053840932,4.359671258923368e-05,0.0,0.0002992479917941575,0.019581045199106563,-0.019581045199106507,0.00013828857053840932,0.0003065833838464019,0.0002531709148794512,0.00046824229329283783,0.511255304537903,0.6826117194279209,False,none,False,False
2021-11-03,0.0003539520050772122,0.0002731261675558338,0.00020909422971670378,0.00028809953363875243,0.03132671922642453,-0.01997213318691513,0.0003539520050772122,0.0003469448302732423,0.0002488009641325835,0.001237697391050135,0.8919533160814249,0.9293336887534077,False,none,False,False
2021-11-04,0.0002062471140536582,0.00027705020145958294,0.0002812564027047208,0.00029560733872397945,0.0239131432986062,0.004791576009899484,0.0002062471140536582,0.0002780763692081277,0.00024570416987625306,0.0006492861377269756,-0.673926430923451,-0.6165077538388427,False,none,False,False
2021-11-05,0.000529194243008284,0.0005363182219328591,0.0006015617637702706,0.00031945597386551157,0.03830454268150171,0.026416630443941772,0.000529194243008284,0.0003125840869696048,0.00025405962189433047,0.0005068944786345028,0.5655128845588768,0.5660843679859219,False,none,False,False
2021-11-08,0.0002560383725451574,0.00034965537687126416,0.00044131548809553096,0.00031363057332048263,0.026643744184692418,0.008344971932180688,0.0002560383725451574,0.0002967440610445439,0.00025915828650806397,0.00043479064404349963,0.5704802503469242,0.6207176483824935,False,none,False,False
2021-11-09,0.00019526342864216616,0.00017326967447311883,0.00017187657338846738,0.0003196549042229905,0.023267685319325215,-0.019581045199106507,0.00019526342864216616,0.0003081390326652953,0.00025851388034072483,0.0004338323751056588,-0.189056309914264,-0.09341545559596347,False,none,False,False
2021-11-10,0.0004230126359372699,0.0004897211415083071,0.0005207315884314226,0.00033508629326863855,0.03424675260173725,0.019581045199106563,0.0004230126359372699,0.00032195115883730676,0.00026072911810471244,0.0004508242577678471,1.0542414989929934,1.0621506930500968,False,none,False,False
2021-11-11,0.000337730204319318,0.00032118024224961296,0.00028429135981024973,0.0003440702640761565,0.030600440448717042,-0.015821642275200724,0.000337730204319318,0.00034824777689043874,0.00026656047446815286,0.0006628883315690813,0.17567434618275882,0.13147140575401348,False,none,False,False
2021-11-12,0.00019526342864216616,0.0002489361412171415,0.0003667675851924287,0.00034375962499030204,0.023267685319325215,0.003745322730161892,0.00019526342864216616,0.0002814616140172152,0.0002627724358605091,0.00048256217798812334,-0.6918629179296317,-0.6803310782642508,False,none,False,False
2021-11-15,0.002252350124865909,0.001925250769844849,0.00184558373303556,0.00043884020880321855,0.07902430357009534,0.06774598853238813,0.002252350124865909,0.0006807239644813655,0.00036121876413255704,0.0007940183103530753,2.5015013893358016,2.3751250708218326,False,none,False,False
2021-11-16,0.0005396536164060734,0.0007435491486275292,0.0007423234392431441,0.0004649473186885578,0.03868122969559515,0.013877065709551464,0.0005396536164060734,0.000749602002034147,0.00036873586464512663,0.000821425301558649,1.3256282728102133,1.2355251451252593,False,none,False,False
2021-11-17,0.0004464237488875296,0.0005777475262851951,0.0005736890436631714,0.00047104619665319175,0.03518166356933067,0.006866979774176976,0.0004464237488875296,0.0007542842246241989,0.0003821121817335139,0.00040320699352471153,-0.09027688084649463,-0.18615016710103552,False,none,False,False
2021-11-18,0.0014133332295573713,0.0013799876679077999,0.0013538751410302132,0.0005359930092768588,0.06259865631974455,0.035297782081023896,0.0014133332295573713,0.0009694048296718094,0.0004394389297614394,0.0006566410119684856,1.2969289646223943,1.1983364501835414,False,none,False,False
2021-11-19,0.0023582485707156118,0.0019272871104703065,0.0017725546170629608,0.0006358550360297875,0.08086070362916828,-0.04907922328403325,0.0023582485707156118,0.0014020018580864987,0.0005331276604781785,0.0018032995862611824,1.250751987046331,1.1714326029490725,False,none,False,False
2021-11-22,0.0015869673778095912,0.0006737387800651252,0.000230521709021061,0.0006626268354207579,0.06633255501092439,-0.06633255501092436,0.0015869673778095912,0.0012689253086752349,0.00059812523377256,0.0010813469159760274,0.46195707401342256,0.35486395635131224,False,none,False,False
2021-11-23,0.0009816528541375217,0.0008175060179188617,0.0007651114637258234,0.000701409383579829,0.05217010286108496,0.05587038460394101,0.0009816528541375217,0.0013573251562215248,0.0006385487079456537,0.0010340614039084767,-0.6589787895593429,-0.913301205018555,False,none,False,False
2021-11-24,0.00046950216214394677,0.0004639315168860108,0.0004089276531674677,0.0007130206553609177,0.03607958425242037,-0.0150113194084392,0.00046950216214394677,0.0013619408388728083,0.0006498937221120257,0.0006793203354685775,-0.9108133535017966,-1.1482078091070993,False,none,False,False
2021-11-25,0.0006832058778558816,0.0008606886816010164,0.001065505328046695,0.0007309117678457931,0.04352296993440529,0.01851088553470361,0.0006832058778558816,0.0012159153685325102,0.0006709525415380309,0.0005854228353341052,-0.28739668976424276,-0.27383321490069057,False,none,False,False
2021-11-26,0.0006754074033595283,0.000610575493240438,0.0005414045449713039,0.0007403158436307029,0.04327385988644742,-0.022075951699199847,0.0006754074033595283,0.0008793471350612935,0.0006947372065569634,0.0006600058721333198,-0.3072951232881579,-0.30122072755632784,False,none,False,False
2021-11-29,0.0004944176959175366,0.000544993217919582,0.0005599784120620888,0.0007680348223633741,0.03702454493679483,-0.007168489478612516,0.0004944176959175366,0.0006608371986828827,0.0006921839463996138,0.0008367959493334839,-0.8736793043795685,-0.8562409064351707,False,none,False,False
2021-11-30,0.0004761838813780999,0.0006159431230886335,0.0006662353404610747,0.0008012645250365506,0.03633541054152664,0.00359066813072854,0.0004761838813780999,0.0005597434041309983,0.0006976170476349412,0.0008991225654560588,-0.8892831022795918,-0.8207388716434147,False,none,False,False
2021-12-01,0.0007764431656055776,0.0005735253512912192,0.00047874356160722606,0.0008181490909535639,0.04639781853081219,0.03607958425242037,0.0007764431656055776,0.0006211316048233245,0.00071767180506381,0.00047169784557656296,-0.10912223842335728,-0.08147244010141148,False,none,False,False
2021-12-02,0.000750497515845596,0.0009992832747836463,0.0016101442048590724,0.0008757751999467879,0.04561601635941559,0.010318234278391744,0.000750497515845596,0.0006345899324212673,0.0007454994843959548,0.00038762816334422367,0.42936103361885414,0.38174460763552126,False,none,False,False
2021-12-03,0.0011824453010075883,0.0007826932777207892,0.0005822858515374804,0.0008882482553857483,0.05725761526853055,-0.042819997182928185,0.0011824453010075883,0.0007359975119508793,0.0007831582705746083,0.0009397949145213541,-0.5086793762805574,-0.5652367282758298,False,none,False,False
2021-12-06,0.0010470257627194135,0.00143262811613175,0.0014745065960299721,0.0009450160720165465,0.0538792336769033,0.025563313559615473,0.0010470257627194135,0.0008465191253112546,0.0008213754818775973,0.0013870990472486483,0.24648491071193332,0.22979595265287178,False,none,False,False
2021-12-07,0.0009696837983723314,0.00030570151745355073,0.0,0.0009561421920461365,0.05185107871111034,0.06568016686215566,0.0009696837983723314,0.0009452191087101009,0.0008413977343941448,0.0006828250249385312,1.1786793895424579,1.09685093365547,False,none,False,False
2021-12-08,0.0006512408699277487,0.0006989713702454563,0.0007247861003670842,0.0010298908207076905,0.042492623964910665,0.01697010421846156,0.0006512408699277487,0.0009201786495745351,0.0008593614842751716,0.0005813271815179291,1.905263504504701,1.820720264865805,False,none,False,False
2021-12-09,0.0006358154836255657,0.0005474801110781327,0.00046792302807571745,0.0010480967304517899,0.04198636492155133,0.022971307103166343,0.0006358154836255657,0.0008972422431305291,0.000879386577683508,0.0005664191182180232,0.5386908220651518,0.4950061342416672,False,none,False,False
2021-12-10,0.001753862154766564,0.001324474454388687,0.0010080150760287609,0.0010927993440854656,0.06973333801467514,0.05039234049069835,0.001753862154766564,0.0010115256138823244,0.0009398797376302941,0.0004100150030896268,1.505223379519703,1.4313680028787572,False,none,False,False
2021-12-13,0.0005000378437701293,0.0006897626280693884,0.0006922259060951328,0.0010234447886458536,0.0372343831200432,-0.0029828508320650245,0.0005000378437701293,0.0009021280300924673,0.0009472573576053308,0.00041555720087053423,0.8406166508416802,0.9503791158113741,False,none,False,False
2021-12-14,0.0013451856031327228,0.0015092569075923514,0.0014662192091996803,0.0010575359476406368,0.06107083127455451,0.024346462594658135,0.0013451856031327228,0.0009772283910445458,0.0009995265473549018,0.00048134597566697315,0.3863980864580973,0.5410601756066142,False,none,False,False
2021-12-15,0.000656182118058208,0.0005540952614416004,0.0005252582959253305,0.001061065218362448,0.04265352435923203,-0.030338989890718912,0.000656182118058208,0.0009782166406706377,0.00092697345613637,0.00046527935270025797,0.31607926539527553,0.3049528250920811,False,none,False,False
2021-12-16,0.0019177459382535601,0.000811751123528155,0.00027526869213587596,0.0010370401328502385,0.07291858995155466,0.06613379196807459,0.0019177459382535601,0.0012346027315962367,0.0009896140162203465,0.00045478888816656945,1.6872488820825515,1.6644620116584787,False,none,False,False
2021-12-17,0.0009647064487460897,0.0011314859981450918,0.0014807752980322362,0.0010068951590020696,0.05171783270850972,-0.00634922767865878,0.0009647064487460897,0.0010767715903921417,0.001013172320759372,0.0005204077039792357,0.6282038125597728,0.7016807093206489,False,none,False,False
2021-12-20,0.002437027093702092,0.002046481930479493,0.0019300828300042605,0.00105765629381836,0.0822002058135575,0.06506916588337386,0.002437027093702092,0.0014641694403785342,0.0010597038600386776,0.0004909875379314406,1.3286967415038131,1.3230571287866901,False,none,False,False
2021-12-21,0.0024688109440863734,0.003004977831043389,0.0034516443014779804,0.0011700421634384967,0.082734499339248,0.024886680579465848,0.0024688109440863734,0.0016888945085692642,0.0010647294224646212,0.0005551585739811454,1.158138735291076,1.082963479577416,False,none,False,False
2021-12-22,0.0006303251613411774,0.0008713023243198534,0.0009623145300079136,0.0011897122283463834,0.041804693919206236,0.015404669194986455,0.0006303251613411774,0.001683723117225858,0.0010212456853524207,0.000543177695195223,0.41258445956083795,0.29013894960137915,False,none,False,False
2021-12-23,0.0025108537533835213,0.0032102909121908777,0.003338113193037616,0.0012988521036101845,0.08343599223251663,-0.026461692413291434,0.0025108537533835213,0.0018023446802518505,0.0010907548171363295,0.0009799353966425995,1.5151327996619948,1.4605072663085532,False,none,False,False
2021-12-24,0.0013802372142940023,0.0009246835159615557,0.0006971525108104025,0.0013473167834690638,0.06186137837429104,-0.06974060495482104,0.0013802372142940023,0.001885450833361433,0.0011321518649613322,0.0006162580209062317,2.298614706478789,2.2066673803453067,False,none,False,False
2021-12-27,0.004489847664624597,0.0038064136102533693,0.003621506729799073,0.0014794313786965425,0.1115728506381045,0.06712108806727068,0.004489847664624597,0.002296014947545934,0.001305181037087183,0.0005962853577576069,0.3889223939613906,0.2700485952828305,False,none,False,False
2021-12-28,0.001496424905820501,0.002063798750634558,0.0022717893337485754,0.001540840049720011,0.0644125051333718,-0.005259709692979729,0.001496424905820501,0.0021015377398927596,0.0013425000144717725,0.00043552792635921146,-0.36468344781053597,-0.6142156274983318,False,none,False,False
2021-12-29,0.0007971677967765212,0.0010940030909065749,0.001381166093294862,0.0015911298908634053,0.047012960373447196,-0.019301763955495023,0.0007971677967765212,0.0021349062669798282,0.0013562613826926355,0.0005147216161175497,-0.8587647261454611,-1.1200314726126672,False,none,False,False
2021-12-30,0.0010118153972006106,0.0010217571567899299,0.0009641003454504948,0.0015755519925330385,0.05296553557991251,-0.031401897548142876,0.0010118153972006106,0.001835098595743246,0.0013806082697754769,0.00037246216638681383,-0.6836178676164327,-0.8107114719072785,False,none,False,False
2021-12-31,0.000409412798415717,0.0005646024741718323,0.0006646702132377667,0.0015557658921469568,0.033691739456846774,0.0027700848738156096,0.000409412798415717,0.001640933712567589,0.0013639250712668468,0.000492222967676817,-1.832785751941484,-2.0537689502942573,False,none,False,False
2022-01-04,0.0010982639188565641,0.000346237554058854,0.0,0.0014958818981289947,0.0551818281272429,0.06686982642865726,0.0010982639188565641,0.0009626169634139824,0.0013797326350400727,0.0004957176528344684,-1.044713502195142,-1.2352445303607396,False,none,False,False
2022-01-05,0.0008692830213301086,0.0011602762270424853,0.0018814368521482563,0.0015925074043014833,0.049093424217245045,0.015404669194986455,0.0008692830213301086,0.0008371885865159041,0.0013654979859638236,0.0004894425420076521,0.7387795724088343,0.6680927401422608,False,none,False,False
2022-01-06,0.0008607293923688856,0.0010235200540872947,0.0013625352295337568,0.001535755977817851,0.0488512907319988,0.013287129995433232,0.0008607293923688856,0.0008499009056343768,0.0013570299691297086,0.0005071042297546611,-0.4157559074894741,-0.3636557215028,False,none,False,False
2022-01-07,0.0011158073047141844,0.0007484335826926121,0.000565020578776321,0.0015436227162099706,0.05562081219510656,0.0454623740767572,0.0011158073047141844,0.0008706992871370916,0.001363671946690702,0.00045619922606151967,0.19045175372115955,0.205713078922364,False,none,False,False
2022-01-10,0.0038627163579087304,0.0023061762896910555,0.0015161096747232682,0.0016363914421633,0.10348779546955703,-0.07157019250125178,0.0038627163579087304,0.0015613599990356942,0.0015096481052352922,0.00110132008495387,0.10745589589737378,0.11691396255044298,False,none,False,False
2022-01-11,0.0008974501525083201,0.0011098537463763345,0.0011240369100195156,0.0016655470674626143,0.049882463568041026,-0.005823374593176491,0.0008974501525083201,0.0015211972457660455,0.001521540590184508,0.0007571364337576879,0.1441498998441579,0.17636618973602614,False,none,False,False
2022-01-12,0.003706802183272119,0.004857809826760783,0.004896546735135946,0.0018119982848109426,0.10137769936684338,-0.02696644822981434,0.003706802183272119,0.0020887010781544474,0.0016103105914802155,0.001410928579493394,1.0422398666111348,0.975684527378437,False,none,False,False
2022-01-13,0.0034713003578298422,0.002857355526785045,0.002645529274870107,0.0019344251729017227,0.09810447606315391,-0.0711380278333396,0.0034713003578298422,0.002610815271246639,0.0017453679784829293,0.001042201435996781,0.7129343759180767,0.635017038564419,False,none,False,False
2022-01-14,0.0020570680397781283,0.0009552038230758282,0.00041183950568856996,0.001974105576897063,0.07552088219803005,0.04616204176316241,0.0020570680397781283,0.002799067418259428,0.0017777262710577204,0.0008200911296191138,-1.080507060896321,-1.0447995689967098,False,none,False,False
2022-01-17,0.001770714600282123,0.0005582336646152242,0.0,0.0019281119248528926,0.07006756261671684,-0.07006756261671696,0.001770714600282123,0.0023806670667341065,0.0018283868384315347,0.0016889057565214606,-0.00015667269007503746,0.03372050594008031,False,none,False,False
2022-01-18,0.0015507969073633857,0.0018968432731963194,0.002389717042548452,0.0020139077107563935,0.0655722655994137,-0.06904523984600094,0.0015507969073633857,0.0025113364177051195,0.0018117073370274362,0.000947361132142446,-0.37285336239948924,-0.3313838785043947,False,none,False,False
2022-01-19,0.0005287791376772131,0.0004069582740915512,0.00031614622775613405,0.001885698340539174,0.03828951649837743,0.041544435774800825,0.0005287791376772131,0.0018757318085861382,0.0017918924592515782,0.0007843847399663275,-1.9804650038274842,-1.8642276058542517,False,none,False,False
2022-01-20,0.0022365177854424107,0.001969579088736013,0.0017249295175264029,0.0019338192172620098,0.07874607284815109,0.057116547435638744,0.0022365177854424107,0.0016287752941086518,0.0017827783997852288,0.0009282204804733411,-1.9852990241602344,-1.8777689386037903,False,none,False,False
2022-01-21,0.0003756452662547725,0.0003527183230049955,0.00031890012724988326,0.0018022014296881425,0.0322724314048499,-0.02085656327455728,0.0003756452662547725,0.0012924907394039806,0.0016876345053383382,0.000522373505020215,-1.454321767235353,-1.373322987511104,False,none,False,False
2022-01-24,0.0014215580307495991,0.0004481589234324509,0.0,0.001768095375486339,0.06278053650667323,-0.07153971659655468,0.0014215580307495991,0.0012226594254974759,0.0017235996357659938,0.0010587617505831855,-0.8159172898638783,-0.7544345239765248,False,none,False,False
2022-01-25,0.0030399842689454674,0.0009583823155666633,0.0,0.0016545733078531957,0.09180754925312269,0.06570879628576139,0.0030399842689454674,0.0015204968978138923,0.0017476510228369912,0.0011294909804047044,-1.3373330032098623,-1.3586507896245297,False,none,False,False
2022-01-26,0.0004066967388015097,0.00019962399724862402,9.656310714428723e-05,0.001580964852906366,0.0335797973694417,-0.015469921772131665,0.0004066967388015097,0.0014960804180387515,0.0017033991830418779,0.0007282555735088877,-1.9847298263036846,-1.8762738208052285,False,none,False,False
2022-01-27,0.0002192550859916699,0.00029040674087465855,0.0004619039717692067,0.0015332721404046588,0.0246557129021697,0.005921556903437259,0.0002192550859916699,0.0010926278781486034,0.0015092813385585628,0.0005987313547943968,-2.2797250034993546,-2.1616376492392844,False,none,False,False
2022-01-28,0.0007389330109696249,0.0007871252722644881,0.0007226564919431699,0.001522390990109738,0.04526320064583443,0.024782609440542377,0.0007389330109696249,0.001165285427091574,0.001474849888792614,0.0006398646107793059,-0.9679495402851122,-0.9101840895588754,False,none,False,False
2022-02-07,0.0013164084368347346,0.0009117408465955211,0.0006430135297466723,0.0015460479190381473,0.06041406447036389,0.06007392601957629,0.0013164084368347346,0.001144255508308601,0.0014984517360679872,0.0005733881118907194,0.03377547309756019,0.012188581384609215,False,none,False,False
2022-02-08,0.0003978396974917464,0.0005401593163587422,0.0005368982674071486,0.0015395707010093746,0.03321213420611362,0.0027081939368795564,0.0003978396974917464,0.0006158265940178567,0.0014705437497175844,0.000584886472316758,-0.2951779697061237,-0.31731847423984016,False,none,False,False
2022-02-09,0.00022498824840986537,0.00030053632718512845,0.00033456469201763566,0.0014326443854831054,0.02497598607017699,-0.005423742109362169,0.00022498824840986537,0.0005794848959395279,0.0014621608156264094,0.0006313541292694615,-1.092317318803921,-1.0238959759847452,False,none,False,False
2022-02-10,0.00098180938609644,0.0007864493960162942,0.0007098648571298398,0.0014116362552140786,0.052174262153672595,0.0412841582703766,0.00098180938609644,0.000731995755960482,0.0014568674277736762,0.0003866006854398502,0.7762518811336196,0.8648253097550855,False,none,False,False
2022-02-11,0.00038982919113737016,0.0004921285426057777,0.00047800217477424883,0.0013921371486471296,0.03287607061294474,-0.013793322132335873,0.00038982919113737016,0.0006621749919940309,0.0014350740718558248,0.0003552437805777908,-0.6841580812332934,-0.5951932496267057,False,none,False,False
2022-02-14,0.00047383224847696425,0.0006111683063628449,0.000919496556868454,0.001310108308038421,0.03624557832840785,-0.03294415571935392,0.00047383224847696425,0.0004936597543224769,0.0014174878380425555,0.0006677780501170702,-0.12409168313083575,-0.020197772534602247,False,none,False,False
2022-02-15,0.0008237599509796118,0.0009497742446621498,0.001096099782809124,0.001295031849207455,0.04779066383634848,0.022305757514298186,0.0008237599509796118,0.00057884380502005,0.0014042129583273478,0.0004765858132578109,-0.10980217526341166,0.0012077778780568039,False,none,False,False
2022-02-16,0.0002636637006397925,0.0003167138420955868,0.00031551320792201696,0.001113829327645423,0.027037585004173255,0.005333345975362382,0.0002636637006397925,0.0005865788954660354,0.0012406196557242142,0.00033512132464127986,-0.6272896752975976,-0.5230407169466368,False,none,False,False
2022-02-17,0.000668732299789683,0.0008847587524964184,0.0008837757976755741,0.0010054397141594147,0.04305948946044701,0.021704239028810638,0.000668732299789683,0.0005239634782046841,0.0012302233896915487,0.00030707325883231956,1.3597055505245483,1.7867988849770464,False,none,False,False
2022-02-18,0.00027075915751201464,0.0003514953642589472,0.0003738946817580923,0.0009530875121410238,0.027398974188114347,-0.0026058646667816735,0.00027075915751201464,0.0005001494714796129,0.0010740396157933622,0.00047493921745887357,0.07304312569334255,0.20542373978322664,False,none,False,False
2022-02-21,0.00012933095830895707,0.00015543424920040814,0.00016529616407619946,0.0009192049980886394,0.018936249798834976,-0.00785858661252127,0.00012933095830895707,0.00043124921344601144,0.0009221319158151403,0.00032877536488289686,0.14865114469549318,0.26822108189254,False,none,False,False
2022-02-22,0.0006357179920902926,0.0006911547035581599,0.0007400993427702709,0.000758527961468872,0.04198314584919124,-0.033425571657855355,0.0006357179920902926,0.00039364082166814764,0.0008575250954656932,0.0005361046896473645,1.8515082552589417,2.056566183994304,False,none,False,False
2022-02-23,0.0005336726463806602,0.0006954022192134737,0.0009026660182380764,0.0007760167776836998,0.03846628082779614,0.019522666488863947,0.0005336726463806602,0.00044764261081632113,0.0008012959157428993,0.00040239803298037786,-0.0787358039654958,-0.04081872204229865,False,none,False,False
2022-02-24,0.0012512645340412411,0.0014949466984314195,0.0014906613610237642,0.0007545824106272774,0.0589002710997272,-0.022245608947319737,0.0012512645340412411,0.0005641490576666329,0.00078768080786462,0.0011974126527730118,0.8815855072109224,0.7974009563073766,False,none,False,False
2022-02-25,0.00017848558405637,0.00021768901337111115,0.00021229730537126784,0.0007580473615491604,0.022245608947319737,0.005438490630938427,0.00017848558405637,0.0005456943429755039,0.0007717583736091271,0.0004018207556255184,-0.9572797371030819,-0.9796710983928301,False,none,False,False
2022-02-28,0.0005701306091646541,0.0004833845593549883,0.0004109138789733835,0.0007462939884388233,0.03975849213908415,-0.028190247614354538,0.0005701306091646541,0.0006338542731466432,0.0006960135019601382,0.0004218525053900453,1.2159915224975886,1.150480821857376,False,none,False,False
2022-03-01,0.0008670181466985718,0.0011538507881079562,0.0011797959292139868,0.0007039969065415851,0.049029427240318606,0.005563296685328732,0.0008670181466985718,0.0006801143040682992,0.0007183486328894019,0.000411568625967717,0.9573819351164866,0.8958040969121638,False,none,False,False
2022-03-02,0.0004803196907790078,0.0006658644788617881,0.0007663642111420705,0.0007144713905153753,0.03649286173655851,0.0,0.0004803196907790078,0.0006694437129479687,0.0006755650719816477,0.0004353955162898883,-0.7564420118958434,-0.8542644431688421,False,none,False,False
2022-03-03,0.00037016522262533173,0.00043780393780153647,0.0004300473384772713,0.0007149294656411635,0.03203616583825806,-0.013966707481708193,0.00037016522262533173,0.0004932238506647868,0.0005542096607852779,0.0004439638207041159,0.07554132060888753,-0.11664789311133389,False,none,False,False
2022-03-04,0.00025259430300731594,0.00033801207384879915,0.00042977879823331047,0.0006984182074742276,0.02646393991491256,0.005610112890766783,0.00025259430300731594,0.000508045594454976,0.0005472050046128146,0.0003848732405106671,-0.43310592378812895,-0.6708430111430808,False,none,False,False
2022-03-07,0.00011347159940516039,0.00012472201119179924,0.00015170941615602474,0.0006551960980908467,0.01773725110622438,-0.014794211355272818,0.00011347159940516039,0.0004167137925030772,0.0005423966643134277,0.0004248216581881065,0.12599271484668814,0.08794811364287976,False,none,False,False
2022-03-08,0.0004286462189900397,0.0005383525822393367,0.0005826977491540458,0.0006582308691881785,0.034474043461748254,0.009184098464505934,0.0004286462189900397,0.00032903940696137084,0.0005282927192234466,0.000607386884944585,-0.21087926358656875,-0.19576874665888164,False,none,False,False
2022-03-09,0.0005283893692648821,0.0003195287240991621,0.00021353138842027773,0.0006613552454899556,0.03827540210337709,-0.027086474185571394,0.0005283893692648821,0.0003386533426585457,0.0004924736706975442,0.000737921704961725,-0.13737206382444953,-0.2186349922444657,False,none,False,False
2022-03-10,0.0003756452662547725,0.0003025345039877776,0.00027446598943637793,0.0006426515898030995,0.0322724314048499,-0.008708327891784308,0.0003756452662547725,0.00033974935138443384,0.0004914648329140454,0.0003991395637974325,-1.0246880715416369,-1.0756944266820294,False,none,False,False
2022-03-11,0.0004714137688885661,0.0005681001713079812,0.0006597163321616596,0.0006591145830177171,0.03615295975613876,-0.027338237451480653,0.0004714137688885661,0.00038351324456068386,0.0005026659929358046,0.0005621375322579907,0.40364790818196855,0.4406630412354686,False,none,False,False
2022-03-14,0.0005223584774905268,0.000329412572715788,0.00021322957622423272,0.0006058191905731586,0.03805634275198521,-0.03196619206249241,0.0005223584774905268,0.0004652906201777571,0.00048178186072644484,0.0007961790370143427,-0.4356540092832788,-0.46872498137801,False,none,False,False
2022-03-15,0.0007911898685812234,0.00038333310929391465,0.0001807657764608334,0.0005786141412355793,0.04683635454194396,0.04683635454194396,0.0007911898685812234,0.0005377993500959939,0.0005000255278829837,0.0006120975647740201,-1.174633204408019,-1.1243128923118182,False,none,False,False
2022-03-16,0.00026640119294383364,0.00035576512309119806,0.00046894647975497623,0.0005724621733943964,0.027177581628012766,-0.005921556903437321,0.00026640119294383364,0.00048540171483178426,0.0004905968435405686,0.0004461447347306039,-2.2715008706741835,-2.2251926080724074,False,none,False,False
2022-03-17,5.70678804751838e-05,7.91128809038112e-05,0.00010109678397019456,0.0005307833424923545,0.012578782206860185,0.0,5.70678804751838e-05,0.0004216862376758665,0.00045574720397218555,0.00037495291046114757,-2.2212037394825357,-2.232653295985129,False,none,False,False
2022-03-18,0.00021762598958247542,0.00024653580861089085,0.00025204723660694056,0.0005178851095231205,0.024563944397890242,-0.0119493580152524,0.00021762598958247542,0.00037092868181464833,0.00045365458074230744,0.0002875512861843323,-1.031540602274136,-0.9649179088399581,False,none,False,False
2022-03-21,8.02293149622527e-05,0.00011122144692868258,0.00011551232944260052,0.0005175545519605396,0.014914519565087075,0.005992527296060815,8.02293149622527e-05,0.0002825028493089935,0.00042690444506833335,0.00035491670100195824,-1.7226089575339643,-1.6172033337873692,False,none,False,False
2022-03-22,8.682684922674399e-05,5.960606222772486e-05,4.6143206887483065e-05,0.00048126773570713395,0.015515641880169968,0.018498492712234877,8.682684922674399e-05,0.00014163024543809762,0.00041854388560082104,0.000355160878796221,-0.49425351418354146,-0.4035911071746537,False,none,False,False
2022-03-23,0.0006218741605149572,0.0007361396514316385,0.000854410376879242,0.0004795678769729842,0.04152350279174557,0.023905520853554386,0.0006218741605149572,0.00021272483895232234,0.00044093221297382103,0.00036189078427991577,0.5908120757777218,0.7439892603752617,False,none,False,False
2022-03-24,0.00015510176076207583,0.00020227584357550984,0.0002288039138195406,0.00042233663085462824,0.020737246506912724,-0.005743016502618001,0.00015510176076207583,0.00023233161500970075,0.0004190860206407203,0.0003706064084724316,-1.5425732747481768,-1.4530772918134356,False,none,False,False
2022-03-25,5.469536753135683e-05,1.7243205341866568e-05,0.0,0.0004046017891665401,0.012314534468513206,-0.012314534468513228,5.469536753135683e-05,0.000199745490599477,0.0003973143261475701,0.00048030914580894836,-1.3298395951040536,-1.28400098243543,False,none,False,False
2022-03-28,0.0005885147452439345,0.0006474289445380243,0.0006175313607655808,0.0004201337257893703,0.04039442220821027,-0.03334877395362314,0.0005885147452439345,0.00030140257665581336,0.00036718933574769253,0.0006058578593531538,0.2110900776254906,0.28406395625592284,False,none,False,False
2022-03-29,0.00011587750392668543,0.00010515141951263341,0.00010645497440567737,0.0003722896194800291,0.017924303627991352,0.01198516219103014,0.00011587750392668543,0.0003072127075958017,0.00036434351392361595,0.000406240687512435,-1.9349653509042464,-1.9602260474138202,False,none,False,False
2022-03-30,0.00022189994795424175,0.00028972843906032467,0.0003555012041083276,0.00036227208697986744,0.02480397736580819,-0.018790481460785026,0.00022189994795424175,0.00022721786508365856,0.00034851484750496087,0.0006944193350031008,-0.5776798959136112,-0.5065337565545373,False,none,False,False
2022-03-31,0.00012889292225509193,0.000164364610238648,0.0002422729193450269,0.00035351066517034916,0.018904154639152654,-0.006088298867255293,0.00012889292225509193,0.0002219760973822618,0.00031496370093934815,0.0004226207763307869,-1.4792676855599733,-1.3887594324533565,False,none,False,False
2022-04-01,0.00028492689624375577,0.0003377158037522495,0.000327485351800066,0.00035074425718234275,0.028106673570314603,0.009118604216434338,0.00028492689624375577,0.0002680224031247416,0.0003060822102786549,0.0005791321733893062,-1.0185270033927267,-0.9260690582660841,False,none,False,False
2022-04-04,8.02293149622527e-05,0.00010776383550321164,0.00012427662909266057,0.0003528570124960646,0.014914519565087075,0.012777325279540817,8.02293149622527e-05,0.00016636531706840522,0.0002929033053848786,0.0004831867876818596,-1.1308437814690107,-1.0413726802297465,False,none,False,False
2022-04-05,0.00021378945824833555,0.0002929787497152901,0.00033679712878695046,0.0003416559033307119,0.024346462594658135,0.008921992269026329,0.00021378945824833555,0.00018594770793273525,0.0002911394488049249,0.00034232281410057373,-0.47241948634644637,-0.36133406689075787,False,none,False,False
2022-04-06,0.0002695600760973237,0.00036014426499431833,0.00036235052781119346,0.000341337500393303,0.027338237451480608,0.0029563953536025232,0.0002695600760973237,0.00019547973356135164,0.0002982343795636596,0.0005813675442974211,-0.6002925941150652,-0.4929797128484295,False,none,False,False
2022-04-07,0.00040198740319986664,0.0005044288268663243,0.0005914380841915453,0.00034119274242120246,0.033384813023205714,0.015379285179487707,0.00040198740319986664,0.00025009862975030657,0.00029702261520956084,0.0006118743971855294,1.7647372265030226,1.8524346660492224,False,none,False,False
2022-04-08,0.0003940790660145013,0.0002593003219498866,0.0001916225104806423,0.0003163798691360096,0.03305479048644224,-0.027257672802116457,0.0003940790660145013,0.0002719290637044557,0.00029091760142545265,0.0006497257278217827,-0.5089602720122871,-0.4088051570512644,False,none,False,False
2022-04-12,0.0006986825790155389,0.00040911530431015286,0.00026217902378220464,0.0003215603250238191,0.04401317347117665,-0.038056342751985064,0.0006986825790155389,0.00039561971651511286,0.0003056011156418511,0.0009563997854862113,-0.047689966531646276,0.11587165308461408,False,none,False,False
2022-04-13,0.0003669540941448447,0.0005087063915028557,0.0007009448613640283,0.0003308952040527593,0.031896908674755794,0.006957894324847819,0.0003669540941448447,0.00042625264369441473,0.0003008529486080456,0.0008944223895837315,0.3580833286883866,0.4717028962096158,False,none,False,False
2022-04-14,0.00013390805589476665,0.00014649573362018995,0.00017731798938679046,0.00031864793271509936,0.019268418865876987,-0.010065899934715145,0.00013390805589476665,0.00039912223965390335,0.00028319611126278375,0.00047475829474210365,-1.3271952022053446,-1.2719040612403318,False,none,False,False
2022-04-15,0.001618461559529285,0.0011627789387781287,0.0009438928606383614,0.00037273762270452655,0.06698752322133954,-0.05601464155467126,0.001618461559529285,0.000642417070919787,0.00032079936994224104,0.0007283208286225968,1.7462645494814986,1.6386151385212682,False,none,False,False
2022-04-18,0.0007103353848427694,0.0009080373706562713,0.0010280593840885032,0.0004063713859971988,0.04437868719354953,-0.014090577099254131,0.0007103353848427694,0.0007056683346854406,0.0003409781968467382,0.0011021591697463902,0.17758641029885794,0.14634886548863738,False,none,False,False
2022-04-19,0.0028108590217482904,0.0019547052752503886,0.001534072295243925,0.0004947248293955204,0.08827998654001513,-0.07090263573413848,0.0028108590217482904,0.0011281036232319908,0.00046615052145006116,0.001433619674249158,0.30320911726064637,0.27370420958440356,False,none,False,False
2022-04-20,0.0013208140997833231,0.001391905188497627,0.001415938407922594,0.000551937184455452,0.06051507479326561,-0.03371617768312171,0.0013208140997833231,0.0013188756243596865,0.0005162954355500997,0.001180732374607418,1.1817070142123645,1.1407737308837365,False,none,False,False
2022-04-21,0.002138254547509778,0.0027597106938895373,0.0028295939087928466,0.0006382592746954378,0.07699675605961291,0.018365989145486896,0.002138254547509778,0.0017197449226826888,0.0006098420370295327,0.0019926324789973546,1.018792155598208,1.1603303343401015,False,none,False,False
2022-04-22,0.0012921432272153491,0.0017382561353386095,0.0018021846624853774,0.0007184822186496887,0.059854671825144874,0.0036330648498811386,0.0012921432272153491,0.0016544812562199016,0.0006646291451199238,0.0019491791584570254,-0.451440729007021,-0.414823032169998,False,none,False,False
2022-04-25,0.002375937909726694,0.0009692114845319408,0.0002914308592811938,0.0007643719087635529,0.08116340710720682,-0.06944628341945294,0.002375937909726694,0.0019876017611966867,0.000744359315538639,0.00234301725246216,0.7299288698331141,0.6490496929217824,False,none,False,False
2022-04-26,0.0042923909112115525,0.00351381855719445,0.003236722363323064,0.0010007211559860897,0.10909186327068435,0.04280253923476053,0.0042923909112115525,0.0022839081390893393,0.0009324179132863427,0.0028694689730570547,0.49059692008041383,0.5038434785051572,False,none,False,False
2022-04-27,0.0004325693536160205,0.0005779120068687356,0.00058118448692469,0.0010254297924436118,0.03463144396964023,-0.003731347612858247,0.0004325693536160205,0.002106259189855878,0.0009495940035629182,0.0011071417553453016,-1.158469597661154,-1.2285892350971812,False,none,False,False
2022-04-28,0.0002637356675715277,0.00031647847535667045,0.00042625052243998177,0.0010219548977221766,0.027041274702964684,-0.011278315037707078,0.0002637356675715277,0.0017313554138682287,0.0009348313182141726,0.0005086152108964569,-1.4534859929850503,-1.5143633817875906,False,none,False,False
2022-04-29,0.0008746085446628966,0.0009299946603148906,0.0008715036061159073,0.0010587620137341744,0.049243576101933285,0.027041274702964684,0.0008746085446628966,0.0016478484773577377,0.0009693190927930911,0.0007170622057420263,-0.02006384608447388,-0.07239333547816312,False,none,False,False
2022-05-04,0.0006706600013632162,0.00043040056933994037,0.00030911606842398454,0.00111494831244591,0.04312150688736387,0.06586009457668214,0.0006706600013632162,0.0013067928956850424,0.0009897172770389536,0.0006900091202283182,1.6305902222847999,1.535666510048852,False,none,False,False
2022-05-05,0.0006290233157568677,0.0006990444397243938,0.0007449062794275335,0.001175387419352515,0.04176150082663893,0.006866979774176976,0.0006290233157568677,0.0005741193765941054,0.00101245047674358,0.0010349496400697614,0.4400520612977753,0.34599029758768085,False,none,False,False
2022-05-06,0.0008943306982108912,0.0012209478092327474,0.0017942563695095943,0.0012718637620440097,0.04979569467145072,-0.017256683623312674,0.0008943306982108912,0.0006664716455130795,0.0010401506495602677,0.0009330915674598726,0.06920079403032706,-0.00917789644980954,False,none,False,False
2022-05-09,0.001655319061718938,0.0013583451099518735,0.00125403823915838,0.0013446871865255615,0.06774598853238813,-0.07123335039280392,0.001655319061718938,0.0009447883243425617,0.001111745638049208,0.001411342573275711,0.7580675118382597,0.6742336642535213,False,none,False,False
2022-05-10,0.00245317597066324,0.0010780346917852396,0.0004064675776112917,0.0015135402767748629,0.08247210455621057,0.026742026947669605,0.00245317597066324,0.0012605018095426302,0.0012135359340680674,0.0020393505214733225,-0.15774705633706645,-0.11131178203154622,False,none,False,False
2022-05-11,0.0004100069470965417,0.00047603901134584585,0.0004563274213935382,0.0015286677773756474,0.033716177683121705,-0.007305968570550606,0.0004100069470965417,0.0012083711986892955,0.0012199198827498499,0.0007433917409501806,-1.3681111954086806,-1.3825813649463625,False,none,False,False
2022-05-12,0.001969568350488598,0.0010187962855087939,0.0005418704111359458,0.0015587243806399222,0.07389724620204122,-0.07023758978451085,0.001969568350488598,0.0014764802056356414,0.0012911735621720653,0.0017616371479294453,-0.15384343735940698,-0.1896037911591373,False,none,False,False
2022-05-13,0.0030424410508523322,0.0019691129026967163,0.001428128119939744,0.001617887072534298,0.09184463917764893,-0.07236982699668158,0.0030424410508523322,0.0019061022761639296,0.0014115536523919665,0.0019618861056467447,1.485800770450608,1.4050232620626235,False,none,False,False
2022-05-16,0.0012121566445509042,0.0012382509167734325,0.0012326228221993772,0.0017947591280648477,0.05797250936668045,0.013648505831559769,0.0012121566445509042,0.0018174697927303232,0.001434893382643574,0.0020913870606667213,-0.6547034096733282,-0.7570976330204482,False,none,False,False
2022-05-17,0.0015977161748692268,0.0007110335080826513,0.0002770318950290008,0.001793444194999183,0.06655681668907025,0.06655681668907025,0.0015977161748692268,0.0016463778335715205,0.0014908371135855913,0.002902455812623184,-0.3247269171819937,-0.36502399006931013,False,none,False,False
2022-05-18,0.00035665565420089863,0.0004888022049584004,0.0004905700548261623,0.0018001988412376859,0.0314461356061514,0.020280753052359674,0.00035665565420089863,0.0016357075749923917,0.001500962004417688,0.0006979411352514031,-0.13604438412524542,-0.0732092055067425,False,none,False,False
2022-05-19,0.0014507481893739065,0.0011057914145309374,0.0009519402195095152,0.0018351265599267268,0.06342182643749607,0.01140696779337638,0.0014507481893739065,0.0015319435427694533,0.0014933386694106253,0.0013193875654425027,0.20099173802292883,0.18515603793283247,False,none,False,False
2022-05-20,0.000529194243008284,0.0006844822015955648,0.0007401813443830673,0.001806601909497914,0.03830454268150171,0.0,0.000529194243008284,0.0010292941812006437,0.0014851049811454215,0.00067818066463249,-0.25842906676902894,-0.19555481428440025,False,none,False,False
2022-05-23,0.0007997716503479175,0.0009722226917475158,0.0009409868967620009,0.0017337786377617584,0.04708967889168213,-0.0037878833169370917,0.0007997716503479175,0.0009468171823600463,0.001393691918809041,0.0012265792432806456,-0.19927542218237465,-0.08862551119185422,False,none,False,False
2022-05-24,0.0006761238597719984,0.0009152199782785857,0.001547225773715155,0.0017105928317788935,0.04329680575332404,0.007561472700576488,0.0006761238597719984,0.0007624987193406007,0.0013643878169903446,0.001073917694852154,-0.5013575825294437,-0.47471322913464875,False,none,False,False
2022-05-25,0.0007633938417076197,0.000481434535325445,0.0003116498427104276,0.001673267780558348,0.046006273008643586,0.04240266550534498,0.0007633938417076197,0.0008438463568419449,0.001301894148544792,0.0009876425960504234,0.7452150305332431,0.7270167556672029,False,none,False,False
2022-05-26,0.0003249504702482643,0.00018268627582758483,0.00011065780621769401,0.0014293451472046428,0.030015895940265568,-0.019134980186019723,0.0003249504702482643,0.0006186868130168164,0.0012579308414099244,0.0004761990781654597,-0.34970925270266473,-0.2823259285143373,False,none,False,False
2022-05-27,0.0004980093789623422,0.0006441626633279819,0.0006966845000233648,0.0014256410341558245,0.03715878345264585,0.014612132132293105,0.0004980093789623422,0.0006124498402076281,0.0011725704536479085,0.0005043242027102275,0.09244952242777105,0.04043251702507697,False,none,False,False
2022-05-30,0.00012829166461509475,0.00017785001123459007,0.000181248496664019,0.001415478497937706,0.018860011200134006,0.008126455557025129,0.00012829166461509475,0.0004781538430610635,0.0009832932151662512,0.0004754360122549343,-0.43288231527241217,-0.7234158363305825,False,none,False,False
2022-05-31,0.00018247873048515042,0.00020814438167099692,0.00020548813529303557,0.0013838540570270137,0.02249307605001505,0.007168489478612497,0.00018247873048515042,0.00037942481720369393,0.0009719254595693935,0.0005432829378326807,0.08407606123164635,-0.0492242668717168,False,none,False,False
2022-06-01,0.0010617407998995904,0.00114614730237622,0.0011094643958301956,0.001373869512634056,0.05425652557751416,0.029038555979918806,0.0010617407998995904,0.000439094208842088,0.00100819842012976,0.0006872010842004978,1.8571551940940418,2.0874736030336107,False,none,False,False
2022-06-02,0.0006659624829641104,0.0005151523497118204,0.0004005251186550067,0.0013239447422342125,0.042970223058544796,-0.029038555979918772,0.0006659624829641104,0.0005072966113852573,0.0009987145082343606,0.0006450551405123944,-0.9541566110305154,-0.8969944179304891,False,none,False,False
2022-06-03,0.00031797084612492234,0.0004408011909835003,0.0004752562477808886,0.001235299926844085,0.029691789807403,-0.003577821347883855,0.00031797084612492234,0.0004712889048177733,0.0009826831829962564,0.000542522723675572,-0.6020473352781429,-0.5452522301792259,False,none,False,False
2022-06-06,0.0019390246289598954,0.0024984622048107347,0.0024597978686372824,0.0012447221357286542,0.07332201455497102,0.0221542069208193,0.0019390246289598954,0.0008334354976867334,0.0010422286972327577,0.0008656419509743336,2.5886438504825677,2.5634668464711097,False,none,False,False
2022-06-07,0.0019774454233650244,0.0010522034810118448,0.0005863680766267541,0.0010868397628739268,0.07404487071814317,0.06612577961919587,0.0019774454233650244,0.0011924288362627083,0.0010914611847397636,0.001077130001770951,2.9159533356605385,2.815813367994888,False,none,False,False
2022-06-08,0.0006471598422754441,0.0008818015800689769,0.0009177409462062011,0.0011573519819352584,0.04235927383914143,0.04334546907613499,0.0006471598422754441,0.001109512644737879,0.0010456357656741502,0.0006933048861341536,1.7576986539567727,1.6849144308054442,False,none,False,False
2022-06-09,0.0009578474704494647,0.0003019700088801665,0.0,0.001142715037893774,0.05153365011518288,0.031699600487149246,0.0009578474704494647,0.0011678896422349498,0.000977666288391706,0.00044665965129409447,1.272518085240927,1.193182301076088,False,none,False,False
2022-06-10,0.0018460868326907363,0.0020683428671793153,0.0020336325971204126,0.001168503476440588,0.07154327035154105,-0.05796454044547333,0.0018460868326907363,0.0014735128395481126,0.0010429426468278058,0.0008843799034806358,1.5264662449911794,1.500759104506729,False,none,False,False
2022-06-13,0.0024340862449940925,0.0026609725977598856,0.0029803415712369706,0.0011719343678256312,0.08215059386169767,0.01600034134644112,0.0024340862449940925,0.0015725251627549523,0.0010640570965780556,0.0009986130605214704,2.0880891343940045,2.035747683418529,False,none,False,False
2022-06-14,0.001277637723440881,0.0017672764611399593,0.0017708937775706025,0.001217829317489332,0.05951776157686288,0.0,0.001277637723440881,0.0014325636227701234,0.0009838387635138987,0.0013529920637232273,0.7136003371695401,0.6212575023589912,False,none,False,False
2022-06-15,0.00255078622825034,0.002552622723601645,0.002286482598515408,0.0012875597449508573,0.08409685564449744,-0.05045822127012896,0.00255078622825034,0.0018132888999651026,0.001044685562772964,0.0017317740139767023,0.9681219510543091,0.8760554546525564,False,none,False,False
2022-06-16,0.002333373195970828,0.0026145226130593444,0.002819333478418629,0.0013133182193450607,0.08043310393069082,0.060722819882011836,0.002333373195970828,0.0020883940450693752,0.001078124518277582,0.0011372314740668453,1.463722039647601,1.3614387364537583,False,none,False,False
2022-06-17,0.002854631042961361,0.00201995618272617,0.001517934295077721,0.0014028079689202637,0.08896469994256291,0.04455421983770505,0.002854631042961361,0.0022901028871234997,0.0011916688541303304,0.0009967760271221515,1.480198456045903,1.3798237392833321,False,none,False,False
2022-06-20,0.0028370343173538043,0.0016538143197223766,0.00105349508574134,0.001446541202413051,0.08869007471471875,-0.07081915979602912,0.0028370343173538043,0.002370692501595442,0.0012546818599475985,0.0018804997868624408,0.6225693773578852,0.5266195624575188,False,none,False,False
2022-06-21,0.0024474043850196687,0.0020508833131010727,0.001930493126426069,0.0015034829621301314,0.08237503139098473,-0.07274413833002355,0.0024474043850196687,0.0026046458339112,0.001341873230039025,0.0017809159207807775,1.0154705869982623,0.9236812022682473,False,none,False,False
2022-06-22,0.002188250248918878,0.00161892033749754,0.0013534955091569214,0.001570988604797648,0.07789170662908135,-0.07097724520024899,0.002188250248918878,0.0025321386380449075,0.0014049858936104323,0.0012237661481765045,1.1803256493904721,1.0936677272772133,False,none,False,False
2022-06-23,0.0035142988676325256,0.0011079142483600072,0.0,0.0016613619605315368,0.09871020923378683,0.06750200277994564,0.0035142988676325256,0.0027683237723772473,0.0015339938485131835,0.0012036705132996263,-0.29671417732344924,-0.41122260476085365,False,none,False,False
2022-06-24,0.0004662139214610068,0.00014697812161843936,0.0,0.001651638474470504,0.03595301740875125,-0.025563313559615507,0.0004662139214610068,0.0022906403480771765,0.0015204856703201555,0.0005251113687962032,-1.1483521443059967,-1.316820866742897,False,none,False,False
2022-06-27,0.0006659624829641104,0.0008367842604959904,0.0008332617999003258,0.0016790537869225788,0.042970223058544796,0.022075951699199826,0.0006659624829641104,0.0018564259811992376,0.0015359862163526943,0.0008387672689745978,-0.8432068949441736,-1.0299428648560887,False,none,False,False
2022-06-28,0.0007778551355123135,0.0010736381947996161,0.001441359562158146,0.0017327743775843057,0.04643998682447851,0.003487361860415711,0.0007778551355123135,0.0015225161312977663,0.0015487064780140567,0.0008924172241641338,-0.29011895944260685,-0.46176793826664914,False,none,False,False
2022-06-29,0.0002998962364539605,0.00040829381939310735,0.00045924325523493726,0.0017005132652497784,0.02883554963988732,-0.011378678567659043,0.0002998962364539605,0.0011448453288047831,0.001556506685824914,0.0007531818934552163,-1.2911229559039064,-1.3561085420484922,False,none,False,False
2022-06-30,0.000913051197301827,0.0010788210432055483,0.001424691948049163,0.0017492205413117989,0.05031416751240723,-0.010619568827460261,0.000913051197301827,0.0006245957947386433,0.0015897145252256723,0.0009424660798031411,-1.0076828009700631,-1.1546998907952517,False,none,False,False
2022-07-01,0.0014779957154070664,0.002044062262257933,0.0025091341515630795,0.0018396187474861857,0.06401464091952988,0.0,0.0014779957154070664,0.0008269521535278553,0.0016086352032032847,0.0014658761195908054,-0.6180101797388209,-0.8939065060611886,False,none,False,False
2022-07-04,0.0003891649322172059,0.00034990044668935976,0.00030091814810644774,0.00176469659578147,0.032848048681110936,-0.007142887512380114,0.0003891649322172059,0.0007715926433784743,0.0015960534963511525,0.0005663724065106319,-1.787324075040825,-1.888107247898236,False,none,False,False
2022-07-05,0.0013207417793173048,0.001262483025240819,0.0011261018647367805,0.0017648269821002342,0.060513418035391627,-0.03836086787244622,0.0013207417793173048,0.0008801699721394725,0.0016416339933144426,0.0009345362331021501,-0.0696805496475933,0.008518599049299858,False,none,False,False
2022-07-06,0.0005213706573534798,0.0007227732023424995,0.001445546404684999,0.0017057338694167307,0.03802034198537671,-0.01500966265056529,0.0005213706573534798,0.0009244648563193764,0.001577195176423242,0.00102210830643673,-0.7627126068524247,-0.6754312112230101,False,none,False,False
2022-07-07,0.00025169198677546967,0.00034891918200589565,0.0003554088871228985,0.0016863968368031515,0.026416630443941772,0.0,0.00025169198677546967,0.000792193014214105,0.001498751838396444,0.0007538910134320509,-1.5222904514612061,-1.4226490798162292,False,none,False,False
2022-07-08,0.00013726272453131803,0.00018490818200000948,0.0002176563588716395,0.0015943664604986512,0.019508282395419595,0.01500966265056523,0.00013726272453131803,0.0005240464160389553,0.0014755746966808021,0.0004678282653834544,-1.9945793673077743,-1.8774534725062066,False,none,False,False
2022-07-11,0.0009237268671553569,0.0008021554453611606,0.0006929654942600263,0.0014507197649959943,0.050607456904144345,-0.038922805949171496,0.0009237268671553569,0.0006309588030265855,0.0014740237601674336,0.000721303862751395,-0.5759518954299385,-0.4764554273808366,False,none,False,False
2022-07-12,0.000805832761245576,0.000638719511129159,0.0005708207898791281,0.001411599108244307,0.04726777788135197,0.035191458336313326,0.000805832761245576,0.0005279769994122397,0.0014267394841926532,0.0007379636762300472,-1.459947151771315,-1.3953317502572606,False,none,False,False
2022-07-13,0.0002598442710343047,0.00035484228869445556,0.00047523644499115815,0.0013196300225222207,0.026841037524811335,0.003731347612858184,0.0002598442710343047,0.0004756717221484047,0.0013279103035581175,0.00045705958561805985,-1.4167998932306245,-1.3169522044752842,False,none,False,False
2022-07-14,0.00013828857053840932,4.359671258923284e-05,0.0,0.0011656693028441346,0.019581045199106563,0.008344971932180688,0.00013828857053840932,0.00045299103890099264,0.0012761217056989143,0.0006051520614186687,-0.8580355452392775,-0.765760609571198,False,none,False,False
2022-07-15,0.00019097364106053868,0.00011989351805830414,8.390411970777597e-05,0.0010369158593996417,0.023010679334811424,-0.008344971932180647,0.00019097364106053868,0.00046373322220683683,0.001168857497190287,0.00042856990299864093,-0.5913678990611047,-0.48009188724815793,False,none,False,False
2022-07-18,0.00035034279118440273,0.0004803890606595394,0.0006440325876272743,0.0009846194688857386,0.031166592238419034,0.008344971932180688,0.00035034279118440273,0.0003490564070126459,0.0010787197515181766,0.0004292075682233068,-1.1969722630881847,-1.1570204722317503,False,none,False,False
2022-07-19,0.000320272189371499,0.0004184809287035991,0.00041099300074756435,0.0009063129116275342,0.029799044620565634,0.02642522780953704,0.000320272189371499,0.00025194429263783057,0.0009635216218095467,0.00044473448801112155,0.1897513007418653,0.3960953865835549,False,none,False,False
2022-07-20,0.0002246414932800818,0.0002672313288857199,0.0002542327090363788,0.0008354920050125879,0.024956731973867458,0.00359066813072854,0.0002246414932800818,0.00024490373708698594,0.0008447764934425593,0.0004513463640225469,-0.44137292651296667,-0.30118735731881385,False,none,False,False
2022-07-21,0.00018379935379957694,0.00020176527344054686,0.00019300527112636802,0.0007088042977112241,0.022574322038538975,-0.011717123687753805,0.00018379935379957694,0.0002540058937392195,0.0007418853556598277,0.0003702820112459661,-0.7758815092621907,-0.7591043830810373,False,none,False,False
2022-07-22,0.00032732814589903346,0.0003123324611636345,0.00027785616330842087,0.0007127129788694509,0.03012550955239293,-0.014612132132293084,0.00032732814589903346,0.00028127679470691844,0.000657297987340744,0.0003771392568253145,-0.9414183672089552,-0.876577350513293,False,none,False,False
2022-07-25,0.00012165870638745642,0.00016340453015611773,0.00018834948042349274,0.0006839800935928362,0.018365989145486896,0.0,0.00012165870638745642,0.00023553997774752915,0.0005030870709205136,0.0003930475732170432,-1.1459452123966694,-1.069100261014698,False,none,False,False
2022-07-26,0.00013524498362970728,0.0001315695067599053,0.00014199416277970513,0.0006277313672105949,0.019364367181791152,-0.012031612052399372,0.00013524498362970728,0.00019853453659917083,0.0004880430282918182,0.0003713889207691395,-1.5581149589760506,-1.4957361847553825,False,none,False,False
2022-07-27,0.00013828857053840932,0.00016480768383336477,0.00022001405850014942,0.0006142092262893462,0.019581045199106563,0.008344971932180688,0.00013828857053840932,0.00018126395205083634,0.00046405785045428635,0.00044978011243146544,-1.7145750931422936,-1.657646565649521,False,none,False,False
2022-07-28,0.0005934772198649291,0.0006258785109377308,0.0005734603965289115,0.0005802430685840848,0.04056437164191899,0.03359371728814951,0.0005934772198649291,0.00026319952526390674,0.0004556770361066779,0.00041540149873441984,1.7733269779777154,1.7563346173776122,False,none,False,False
2022-07-29,0.00024292053493635198,0.0002463914636664885,0.0002765806587135536,0.0004855836214520341,0.025952239509625837,-0.015294945035637702,0.00024292053493635198,0.00024631800307137045,0.0004530872314922411,0.0003849054759284397,0.040307101714597636,0.13414168162980675,False,none,False,False
2022-08-01,0.00012921842873864055,0.0001261000448038626,0.00011049081127834234,0.0004682495404327441,0.01892800988551886,0.011717123687753897,0.00012921842873864055,0.0002478299475416073,0.00041745846928482357,0.000669287146302892,0.11693279487920598,0.1582685876079897,False,none,False,False
2022-08-02,0.0003864153819639985,0.00045796154470618,0.0004439463762219211,0.0004300299218633561,0.03273180303822812,0.01776245633984025,0.0003864153819639985,0.0002980640272084656,0.0003678411814010477,0.00033802247987388845,1.53793425554782,1.725105048754413,False,none,False,False
2022-08-03,0.0002356941709044091,0.00032674150007361015,0.0003357673304863832,0.0003679884194625624,0.025563313559615473,-0.0035273405179682992,0.0002356941709044091,0.0003175451472816655,0.0003608652377050116,0.000516234503315619,0.7292106111406,0.9587634043755492,False,none,False,False
2022-08-04,0.0001244620589366016,8.549359102015558e-05,6.622604366470886e-05,0.000358010864519389,0.018576385572935457,-0.00709222830949191,0.0001244620589366016,0.000223742115096,0.0003064888867786159,0.0003346516287347142,-0.07040632787223743,-0.011569565346216854,False,none,False,False
2022-08-05,0.0009012691924579389,0.0008413567142167928,0.0007262025495560342,0.00038573431777621364,0.04998848666154074,0.028936696740040232,0.0009012691924579389,0.0003554118466003174,0.00032375700201063687,0.00035610717054009234,2.3877008874022527,2.2859061471657567,False,none,False,False
2022-08-08,0.0001659599572606707,0.00021172774777194272,0.00023546628605153474,0.00035521533662270186,0.021450843942473024,0.0,0.0001659599572606707,0.0003627601523047234,0.000319860091578146,0.0003501386907307466,-0.016771072088167676,-0.03457178852001153,False,none,False,False
2022-08-09,0.0002872100361466144,0.00039815765356709145,0.0005016956668177205,0.0003435962546310685,0.028219059288611712,0.0034512545042147446,0.0002872100361466144,0.0003429190831412466,0.00032667587846975035,0.0002620753712223108,0.9446388630496889,0.9156079726258557,False,none,False,False
2022-08-10,0.00015520348170621357,0.0002105245733562002,0.0002147909367547787,0.0003341974978593368,0.02074404548372848,-0.006914461428832534,0.00015520348170621357,0.0003268209453016075,0.0002917429973129711,0.0003451245727771388,0.07463399244472162,-0.008146627475072213,False,none,False,False
2022-08-11,0.0003730951645464447,0.0003498358544284692,0.0003106532253310547,0.0003385925074029342,0.03216270270894018,-0.010462170406983296,0.0003730951645464447,0.00037654756642357615,0.00027207310655391967,0.0006713507054176669,0.9618591875980546,0.8788842431406423,False,none,False,False
2022-08-12,0.0002978106277645276,0.00033794448492381927,0.00031642398409711383,0.0003456231319536583,0.02873510723667268,0.013925377331600949,0.0002978106277645276,0.00025585585348489385,0.0002737988500416571,0.00046742702380266174,-0.2736625905278837,-0.2769322944885722,False,none,False,False
2022-08-15,0.0002872100361466144,0.0003798160484168684,0.0004781260995209793,0.00033923034068331125,0.028219059288611712,0.0,0.0002872100361466144,0.00028010586926208256,0.00028056800756930274,0.0002894410595600936,0.7899864708868379,0.7182312748349977,False,none,False,False
2022-08-16,0.0001659599572606707,0.0002255310081083269,0.00022779826464812208,0.0003217176575192209,0.021450843942473024,0.00689063880612445,0.0001659599572606707,0.00025585585348489385,0.00027943102194203604,0.0002335741910840589,-0.2886185076134366,-0.30303020232393935,False,none,False,False
2022-08-17,0.00022409013510762198,0.00018480647184762624,0.00014776575342304867,0.00031307823187203064,0.024926086362776278,-0.01035384573074199,0.00022409013510762198,0.00026963318416517554,0.0002736922648476369,0.0003951498708361808,-0.18579535097010255,-0.15531438617475224,False,none,False,False
2022-08-18,7.957868649858282e-05,0.00010558855158271846,0.000107500647195,0.0003131770718677012,0.014853920987962265,-0.010462170406983296,7.957868649858282e-05,0.00021092988855560312,0.0002627516510806862,0.00030247259259935617,0.08209083476985192,0.039048320477847925,False,none,False,False
2022-08-19,0.00038369487023311844,0.0004448665755377735,0.00042475299927090856,0.00031861120634942925,0.032616377327802676,-0.0150113194084392,0.00038369487023311844,0.00022810673704932132,0.00026998135003309694,0.0003449026348920961,0.12103159309826864,0.04521279583308521,False,none,False,False
2022-08-22,0.00011379432250227748,0.00015287756384212408,0.00015144551581411318,0.00031535255712766033,0.01776245633984025,0.0035524016043677006,0.00011379432250227748,0.00019342359432045396,0.000266799303155947,0.00040719729193931824,-0.8598756385052417,-0.9546981472805232,False,none,False,False
2022-08-23,0.00017453828783734946,0.00011052508648758561,7.814660933970081e-05,0.0003139978101948023,0.021998247395119363,0.01844584579075165,0.00017453828783734946,0.0001951392604357897,0.00025985430960768856,0.00044688943829236097,-0.43650019829468795,-0.6118238243315667,False,none,False,False
2022-08-24,0.00029118059720009026,0.00036196310969235446,0.00041072947562732944,0.00032246121837375323,0.028413448223192035,0.010389703849135647,0.00029118059720009026,0.00020855735285428334,0.00026755985009917194,0.0002605071531965166,0.7378844385127601,0.6667721697016855,False,none,False,False
2022-08-25,0.0001648265582838497,0.00022849812831169983,0.00025734920357461347,0.0003013499693264298,0.021377470772366867,0.003439384301909473,0.0001648265582838497,0.00022560692721133673,0.0002689044671289057,0.00028655027864925926,-0.3918647841900533,-0.5256686768138018,False,none,False,False
2022-08-26,0.00037158048979494217,0.0005106507916780341,0.0005978430519880839,0.00031469244127015734,0.03209734997487784,0.01109699821173099,0.00037158048979494217,0.00022318405112370146,0.0002795086452769299,0.00038977496509992875,2.1714990257925626,2.2196650571968846,False,none,False,False
2022-08-29,0.0006832058778558816,0.0009424913177962757,0.0010003932977311319,0.0003731468626866816,0.04352296993440529,-0.021450843942473024,0.0006832058778558816,0.0003370663621944223,0.00028358722064015504,0.0006218678430008494,0.4293408485026733,0.3555676820931086,False,none,False,False
2022-08-30,0.00039047760517828956,0.000299649463317599,0.0002596511588803642,0.00038118160170740354,0.032903401106945215,-0.006962604280719055,0.00039047760517828956,0.0003802542256626103,0.0002902943601966067,0.00036589481223533505,-0.48267497040782126,-0.45289829577426804,False,none,False,False
2022-08-31,0.0007778551355123135,0.0009487277953806989,0.001306025197335235,0.0004294655804399845,0.04643998682447851,0.010425811205336708,0.0007778551355123135,0.00047758913332505493,0.0003197778468681373,0.00033937974692738984,0.5495469848292853,0.6017723128434193,False,none,False,False
2022-09-05,0.0001166978293213073,0.00016177754274305974,0.0003235550854861195,0.0004373623510589416,0.017987637017855333,0.0,0.0001166978293213073,0.0004679633875325465,0.00030751795811165137,0.0002855570270692043,-0.5319759962539956,-0.5463002888431069,False,none,False,False
2022-09-06,0.0007454504305367651,0.000986167335240595,0.0011858678327421295,0.00045192734513084434,0.04546237407675741,0.021377470772366867,0.0007454504305367651,0.0005427373756809111,0.00033068869718584935,0.0002845932951825264,2.4634712149845988,2.6905122307889795,False,none,False,False
2022-09-07,0.00043736920112651394,0.00042978738026267795,0.00046821614924333094,0.00046372220104499984,0.03482305148171819,-0.02137747077236698,0.00043736920112651394,0.0004935700403350375,0.0003449117491035726,0.0008429709304714901,0.803687722002389,0.9048461304665304,False,none,False,False
2022-09-08,0.0004786858305724686,0.00026400134293710074,0.00015548782299290058,0.00045836112557043384,0.036430741624913554,-0.021844468430548377,0.0004786858305724686,0.0005112116854138734,0.0003257034144724149,0.0005724233859406577,0.98988367109662,0.9423974608168958,False,none,False,False
2022-09-09,0.0004786858305724686,0.00048054906638744793,0.0004556066147344374,0.0004713505676412942,0.036430741624913554,0.025295722934763214,0.0004786858305724686,0.0004513778244259044,0.0003399182268956785,0.0007635910930660075,0.8267539995409191,0.7812797586890561,False,none,False,False
2022-09-12,0.0002180511650213539,0.00027940567120427433,0.00041534649712070786,0.00047417846891380396,0.02458792795274647,0.003439384301909473,0.0002180511650213539,0.0004716484915659137,0.00033677464184453024,0.00033826011066062433,-0.6875988454061839,-0.6719844567685557,False,none,False,False
2022-09-13,0.00022255708663021008,0.00030399128940889196,0.0003029042169264052,0.0004719485286096911,0.024840677696984486,0.0034275954722674975,0.00022255708663021008,0.0003670698227846027,0.00033983616934107555,0.00038436697023324387,-0.43566373740342584,-0.4468807486060229,False,none,False,False
2022-09-14,0.00044337457150393696,0.000499611861566116,0.0006242534326723378,0.0004995007590005912,0.035061308256819385,0.0,0.00044337457150393696,0.0003682708968600873,0.00034303068783914336,0.0005903444459305273,1.325200764250877,1.2600155831813693,False,none,False,False
2022-09-15,0.0005102894259409724,0.0005971824192969931,0.0007794337966261039,0.0005217175879584175,0.03761412909322974,0.021160332480478918,0.0005102894259409724,0.00037459161593378804,0.00035268881502898173,0.0002792369914171615,1.765796120117084,1.681061624840161,False,none,False,False
2022-09-16,0.0005102894259409724,0.0006371037769539846,0.0007664081311284731,0.0005450892265333959,0.03761412909322974,-0.013490929741015402,0.0005102894259409724,0.0003809123350074888,0.00036282878729236166,0.0004901769893473941,1.2252453168614146,1.129127028844528,False,none,False,False
2022-09-19,0.001669213220033299,0.0010387422117576074,0.000670644812049634,0.0005892012395863956,0.06802971225044153,-0.0540672212702757,0.001669213220033299,0.0006711447460098778,0.00043115848105475393,0.0010060619752037963,1.360100233781929,1.2615011169432617,False,none,False,False
2022-09-20,0.0002390540602373929,0.000311968804309118,0.0003102100498481041,0.0005850988308514396,0.02574487505154812,0.01423511582187191,0.0002390540602373929,0.0006744441407313144,0.00043183865946974344,0.000659858828605466,-0.20313569351386077,-0.2689162561276357,False,none,False,False
2022-09-21,0.00011460717955604336,0.00011437461598526239,0.00012642452958751973,0.0005882583640393268,0.017825783952600666,-0.017825783952600687,0.00011460717955604336,0.0006086906623417357,0.00043343086369962804,0.00034873204387502995,-0.6512485815654094,-0.8002337060247813,False,none,False,False
2022-09-22,0.00040118426377932,0.000362117548654401,0.00036483258487427373,0.0006064503643664087,0.03335144622493322,0.014285957247476434,0.00040118426377932,0.0005868696299094051,0.0004342258361335463,0.0005680543251671477,-0.47030411812287143,-0.6655003234694948,False,none,False,False
2022-09-23,0.0001656281779142473,5.22157691058083e-05,0.0,0.0005902892638903611,0.02142939145589921,-0.017889564750775057,0.0001656281779142473,0.0005179373803040602,0.0004365819204704541,0.0003773032953606167,-1.140456671300607,-1.2055185813143625,False,none,False,False
2022-09-26,0.0008811472586497609,0.000765094130768582,0.0006608564005086413,0.00062214316530374,0.04942730977875315,-0.0461762548889844,0.0008811472586497609,0.0003603241880273525,0.0004687005100528364,0.0008863688708106137,0.4893320031194007,0.4155130218323625,False,none,False,False
2022-09-27,0.000525260599789842,0.0007064093587646799,0.0008206616927543349,0.0006301558528320019,0.038161913149293486,0.011278315037707053,0.000525260599789842,0.0004175654959378424,0.0004793405101705523,0.0006105031125876225,-1.4156822009487606,-1.4404862010386867,False,none,False,False
2022-09-28,0.00043582699087785194,0.0005824280510353871,0.0005808421919442971,0.0005937304267177568,0.03476160237612231,-0.007504725654067693,0.00043582699087785194,0.0004818094582022041,0.0004916587116520979,0.0007834589058380465,-1.5424479577840065,-1.4795823441852534,False,none,False,False
2022-09-29,0.0006794458043800097,0.0004671298299548673,0.0003621971403192119,0.000591959768649471,0.043403038771463356,-0.02382199357235684,0.0006794458043800097,0.0005374617663223421,0.0005056525895877828,0.0013235985730812325,-1.5131968458870801,-1.5041745239789295,False,none,False,False
2022-09-30,0.0008450574065223555,0.0011187571358218156,0.001523453887674753,0.0005941136647980878,0.04840451048165946,-0.015549390064861638,0.0008450574065223555,0.0006733476120439636,0.0005130094772544408,0.0018635577191203723,-0.6556248000787968,-0.6643498727681043,False,none,False,False
2022-10-03,0.002082479097221865,0.0008801584925157493,0.0002971104742451911,0.0006214141108114074,0.07598590697792205,-0.07207583357007913,0.002082479097221865,0.0009136139797583844,0.0005899186359836941,0.0015343669819577015,-0.8099326751200124,-0.8162463886487474,False,none,False,False
2022-10-04,0.0004459733711719002,0.000512489453919977,0.0004813877171146361,0.0006150942752502133,0.03516391245766697,0.009429090288851687,0.0004459733711719002,0.0008977565340347962,0.0005748331012409481,0.0013479528579584364,-0.964287164916785,-0.964297464881009,False,none,False,False
2022-10-05,0.0005044145665498263,0.0005252635771710223,0.00047407378274719224,0.0006396528839413785,0.037396980339988894,0.04186420409869889,0.0005044145665498263,0.0009114740491691909,0.0005924565892967899,0.0005287172704472769,-1.8351702216270003,-1.8119671307654983,False,none,False,False
2022-10-06,0.0014654340200553838,0.00046199122271709534,0.0,0.0006470966841149245,0.06374202567531144,-0.05975000440577405,0.0014654340200553838,0.0010686716923042658,0.0006251831160930906,0.001376589073175656,-1.0846715590933866,-0.989810142226881,False,none,False,False
2022-10-07,0.0021129651718269585,0.0019263175976198862,0.00195848835443808,0.000732080501528697,0.0765400771223342,-0.06808336710411077,0.0021129651718269585,0.0013222532453651865,0.0007013465693067472,0.0012660097995895589,1.062799973178502,1.1137639760465496,False,none,False,False
2022-10-10,0.002012341146445928,0.0011104153522788647,0.0006545088420910437,0.0008426465489117476,0.07469534368309079,0.03242318670522668,0.002012341146445928,0.0013082256552099992,0.0007710581745737227,0.0021628997123534686,-0.6762709930552898,-0.6417717676941016,False,none,False,False
2022-10-11,0.0017999897151266596,0.000567462907226714,0.0,0.0008513888728142276,0.07064439952542433,-0.0706443995254243,0.0017999897151266596,0.0015790289240009507,0.0008311174420534586,0.0015762736917425144,-0.06198583951110885,-0.09133317689097079,False,none,False,False
2022-10-12,0.0015968272823909777,0.0018898297574369933,0.0019692394341028984,0.0009017634756497204,0.06653829960648246,0.033665396284337026,0.0015968272823909777,0.0017975114671691813,0.000893789083752078,0.0017050812484420688,-0.44025768195279874,-0.38486612165369816,False,none,False,False
2022-10-13,0.00018716432287126968,0.00018795644070816308,0.00020899255149499737,0.0008777377031611572,0.02278002833182012,0.0,0.00018716432287126968,0.0015418575277323582,0.0008921803217630351,0.0006231382906162753,-1.4665962345114616,-1.4496981461729415,False,none,False,False
2022-10-14,0.00019704096076335396,0.00024242983977601276,0.00023858568375088586,0.0008924998390982796,0.02337335118530859,0.01922048994010765,0.00019704096076335396,0.0011586726855196375,0.0008809833394566449,0.0004650254272931371,-0.1515447273164093,0.031020877445996218,False,none,False,False
2022-10-17,0.0007840086722074002,0.0002471657680502135,0.0,0.0008900063995177581,0.046623316084341566,0.031958642680094955,0.0007840086722074002,0.000913006190671932,0.0008934251233778462,0.0007961171200326191,-0.13436359551334034,0.08553409853010117,False,none,False,False
2022-10-18,0.0004586502339422696,0.0005054812104267757,0.0004671420484634673,0.0008997908741885124,0.03566018039888433,-0.005437751300129105,0.0004586502339422696,0.000644738294435054,0.0008910778873779051,0.0005347354798306879,-1.5663242214908868,-1.6310575198641664,False,none,False,False
2022-10-19,0.0003651493010805016,0.0004283106026848858,0.000445525360308103,0.0009099012757324259,0.031818372587383174,-0.008762378078986013,0.0003651493010805016,0.00039840269817295864,0.0008318022546982326,0.00038448156860703206,-1.3246500948170137,-1.2298395702179956,False,none,False,False
2022-10-20,0.00027802440753073895,0.00037777615229900064,0.00038047535149472565,0.0009027389628811996,0.027764137602798392,-0.013289232118682652,0.00027802440753073895,0.0004165747151048525,0.0008335736341206576,0.00045762047537475643,-1.9163838786542922,-1.8046719717733568,False,none,False,False
2022-10-21,0.0018332733526771725,0.00128228160639039,0.001012484014624981,0.0009593879881428137,0.07129455114113169,-0.05264373348542203,0.0018332733526771725,0.0007438211934876162,0.0009116948238079816,0.0016605512771105482,0.5578834973070672,0.5879207327913506,False,none,False,False
2022-10-24,0.0022342240070875926,0.0018887409213847258,0.001542416348971266,0.0010029960162454051,0.07870568140235133,-0.04077303371337125,0.0022342240070875926,0.0010338642604636548,0.0009950148121401757,0.0018617710890741544,0.45766353112158953,0.6051494878878648,False,none,False,False
2022-10-25,0.0025014398405517222,0.003279287443955027,0.00322923272346791,0.0011279888410883436,0.08327943258257096,0.008531435049468796,0.0025014398405517222,0.001442422181785545,0.0011011880695327883,0.0028795544273099495,0.10932522632608464,0.21799955757000294,False,none,False,False
2022-10-26,0.00020793436209464697,0.0002741888203385924,0.00032727740963147946,0.0011184088075543237,0.024010757324785515,0.0024242436115062545,0.00020793436209464697,0.0014109791939883743,0.0010705874833257375,0.0012558142705148048,-1.9804580227565776,-1.8876169281822872,False,none,False,False
2022-10-27,0.0008872057188471872,0.0006013797517644358,0.0004592342174887723,0.00113753002329637,0.049596941139372186,0.040337615726575335,0.0008872057188471872,0.001532815456251664,0.0010870395341919805,0.0014304599419491068,-1.0824235243327351,-1.0455123018771253,False,none,False,False
2022-10-28,0.0003023643318587104,0.00033120074848985546,0.00031536598382925175,0.0010852771762645775,0.02895396236301738,-0.005830920310793099,0.0003023643318587104,0.0012266336520879715,0.0010809730496911104,0.0006666644446960405,-1.0544365371008242,-0.9901722709381149,False,none,False,False
2022-10-31,0.0008279950198264749,0.0011478448270207942,0.002295689654041594,0.0011441843908959848,0.04791335569589745,0.0,0.0008279950198264749,0.000945387854635748,0.0010877252867568588,0.0011986124347536896,0.3911911288899918,0.4387220160952135,False,none,False,False
2022-11-01,0.00021633575013685962,0.00029990503052337007,0.0003160900731503073,0.0011086357871878357,0.024491020008295696,0.0,0.00021633575013685962,0.0004883670365527754,0.0010591470296484275,0.0006173261254033619,-1.5343548096432964,-1.4321764154406509,False,none,False,False
2022-11-02,0.00014377121338958568,4.532516493841612e-05,0.0,0.0010644257667294659,0.019965431245698006,-0.014134510934904919,0.00014377121338958568,0.0004755344068117632,0.0009710239440196872,0.0006320579505369674,-0.8557582339148054,-0.842320711696009,False,none,False,False
2022-11-03,0.00014968895213121494,0.00019860556949745438,0.00020210942580134358,0.0010630642588001964,0.020372184480877277,-0.009535233150999944,0.00014968895213121494,0.00032803105346856877,0.000957556470426929,0.0006887237061250983,-1.9324216553489988,-1.8708843102727837,False,none,False,False
2022-11-04,0.0005864388577687603,0.0004560383350419132,0.0004002327347986188,0.000968742082367858,0.04032311698434093,-0.030397477184371045,0.0005864388577687603,0.00038484595865057877,0.0009612848473005167,0.0012679733135341016,-0.12896144568986026,-0.007887569105113913,False,none,False,False
2022-11-07,0.00015751752767819593,0.00021777615909001938,0.00026512909022369447,0.0008471932929315189,0.02089811763761652,-0.0012353306079927434,0.00015751752767819593,0.000250750460220923,0.0009018340976470082,0.0014926475805982582,-0.5655099022715275,-0.47741110779223656,False,none,False,False
2022-11-08,0.0019335300306476874,0.0007478874171319709,0.00018213455873938934,0.0008684266034931636,0.07321805485729402,0.06577385174556412,0.0019335300306476874,0.0005941893163230886,0.0008936779548661323,0.0015071133279071826,0.9315554544908825,1.0419296442214312,False,none,False,False
2022-11-09,0.00038257753911511143,0.0003889395449470251,0.0003566562866916561,0.0008076460569968541,0.03256885276353477,0.037483093254740474,0.00038257753911511143,0.0006419505814681938,0.0008195977908965497,0.0009371481404139347,0.8100111606073219,0.9381578182927803,False,none,False,False
2022-11-10,0.0016265573944128978,0.0016905649349537972,0.0015245350798597662,0.0008905945994649476,0.06715485602564362,-0.05735516740674172,0.0016265573944128978,0.0009373242699245301,0.0008117145035913788,0.001569443828057683,1.3054341355804402,1.2947221308079657,False,none,False,False
2022-11-11,0.0008370436754973415,0.001160388927353032,0.0012077591700568042,0.0009490858233739662,0.04817445230312498,0.033665396284337026,0.0008370436754973415,0.0009874452334702464,0.0007771788850962133,0.0016602889599913477,0.03242851395377594,0.06859549672523686,False,none,False,False
2022-11-14,0.001206338928872939,0.0015212101292506918,0.0018931232335684114,0.0010050717274156873,0.057833223231909946,-0.028953962363017345,0.001206338928872939,0.001197209513709195,0.0008235050035508347,0.001005397181270823,-0.21847112236028446,-0.11257111229194666,False,none,False,False
2022-11-15,0.0011986788567943493,0.0005819238839995327,0.00027550501492086175,0.0010260446460233369,0.05764931465278045,-0.07185073675894824,0.0011986788567943493,0.0010502392789385276,0.0008690339988249709,0.0012229222257367513,1.5072965187352119,1.5011117702560435,False,none,False,False
2022-11-16,0.006187688143815028,0.0024255066184163806,0.0006259538209003046,0.0014278944979635195,0.13098058773832996,0.052870333036429615,0.006187688143815028,0.0022112613998785105,0.001114655792988954,0.005322399203643938,1.0366278929388324,0.9538815133237063,False,none,False,False
2022-11-17,0.0007296502519314487,0.0010115100298422749,0.0012830503963404765,0.001465459189524513,0.04497799528307759,0.0,0.0007296502519314487,0.002031879971382221,0.0011269739756248258,0.0008677581428921784,-0.31631581302285,-0.38472791969271275,False,none,False,False
2022-11-18,0.0018147968888837449,0.002515842693637456,0.0034145715102352763,0.001541914383233091,0.07093437380618026,0.0,0.0018147968888837449,0.002227430614059502,0.0011928670477977003,0.002091593011865562,0.12106306445899527,0.12347014979689006,False,none,False,False
2022-11-21,0.0005418534663945737,0.0006120036497059237,0.0007666565551672127,0.0014660994261661289,0.038759989809494626,0.018980403722518715,0.0005418534663945737,0.0020945335215638286,0.0012048592777460564,0.0008731224499249736,-0.13642089439951727,-0.028884667012639177,False,none,False,False
2022-11-22,0.0011974444365243399,0.0016515158906977858,0.002228374317762164,0.0014164094530173857,0.05761962287464362,0.004689340363386121,0.0011974444365243399,0.002094286637509827,0.0011759579633754732,0.0019018590405611416,1.030098962336814,1.1079865681729342,False,none,False,False
2022-11-23,0.0005172630349131929,0.0007087607047445235,0.000938902741329247,0.0014389114957134436,0.03787027405540975,0.010471299867295437,0.0005172630349131929,0.0009602016157294599,0.0010979142828220914,0.0010364413255094583,0.07041994255119513,0.03648182891793304,False,none,False,False
2022-11-24,0.0003023643318587104,0.00034567125048585773,0.00043896060663840115,0.0014294405677819386,0.02895396236301738,0.01379332213233577,0.0003023643318587104,0.0008747444317149121,0.0009979563051542273,0.0010679072379310138,-1.2631803717737082,-1.3657456461736606,False,none,False,False
2022-11-25,0.0002881752779517738,0.00036021369887909697,0.0005139493977852305,0.0014419743377547182,0.02826643814981651,0.02368977112240488,0.0002881752779517738,0.0005694201095285179,0.0010016036195113695,0.0006702152136731687,0.02005037469429693,-0.046306806160152154,False,none,False,False
2022-11-28,0.0007267934392685203,0.0006232385681557341,0.0005992061030309729,0.0013801772185793805,0.044889857352343666,0.04042057617004633,0.0007267934392685203,0.0006064081041033073,0.0009943121522577936,0.0007681907027306962,1.5000892764461673,1.4625104592256422,False,none,False,False
2022-11-29,0.0005741235577368377,0.0007959042506766681,0.0008990839262243355,0.0014052738114796832,0.03989747487439946,0.0,0.0005741235577368377,0.00048174392834580683,0.001006664844343163,0.001287798113178161,0.8854588203285687,0.8569850696404142,False,none,False,False
2022-11-30,0.0009670735817290914,0.0011528631011963966,0.0011845368879861095,0.0014546732406132993,0.05178124473473103,0.030576973569282948,0.0009670735817290914,0.0005717060377089865,0.0010129865971569183,0.0011140742165869166,1.0126579858241478,0.9255665899511667,False,none,False,False
2022-12-01,0.0013311619049362945,0.0006487400240318389,0.00030948443091555276,0.0014978602325291378,0.060751662406074075,-0.03917917715194626,0.0013311619049362945,0.0007774655523245034,0.0010636605132841653,0.0015720858087582812,1.0557700431939552,1.0620624215123453,False,none,False,False
2022-12-02,0.001379881270777303,0.0006373961453201506,0.00027158507419739494,0.0015074359634490342,0.06185340127581545,0.04332426080711503,0.001379881270777303,0.0009958067508896093,0.0011198473340745163,0.0018068628698506286,0.7521264245603059,0.7123798120498629,False,none,False,False
2022-12-05,0.0005548115838144644,0.0001749093295748392,0.0,0.001539587104638133,0.03922071315328133,-0.01773651085870783,0.0005548115838144644,0.000961410379798798,0.0011382619991510275,0.0007831031743058048,1.288046943243114,1.2045480257296288,False,none,False,False
2022-12-06,0.0012219439746587873,0.0006106443667784759,0.00030554444373556347,0.0015379019920710485,0.05820608287239236,-0.052956726986248606,0.0012219439746587873,0.0010909744631831882,0.0011671485953733017,0.0017031010086239614,0.8327594204548682,0.7863456538537966,False,none,False,False
2022-12-07,0.0005091871110925743,0.0006983033069898538,0.0007043821688406313,0.001531419607077354,0.03757348056442371,0.004429686091588258,0.0005091871110925743,0.0009993971690558847,0.0011831335764375913,0.001126630153385123,-0.4197705873829347,-0.37399420053633603,False,none,False,False
2022-12-08,0.0003557198725160645,0.0004562839704390438,0.0004538973972992716,0.0014648472425949127,0.03140485482874603,0.022939290946253226,0.0003557198725160645,0.0008043087625718386,0.001111414932886154,0.0009182415326960831,-0.7101502411957318,-0.6346883124955552,False,none,False,False
2022-12-09,0.0001865162897589039,0.00022998150674280457,0.00032151405514967726,0.0013711195312787528,0.02274055763387398,0.0,0.0001865162897589039,0.0005656357663681588,0.0011025030579154174,0.0008003772585915574,-2.0913383849670466,-2.0336051883800703,False,none,False,False
2022-12-12,0.00044602929010077925,0.0006110886032471186,0.0010844212693797866,0.0013289185214959227,0.03516611692413645,-0.00432901108958547,0.00044602929010077925,0.0005438793076254217,0.0010488426895375936,0.001478384439124888,0.09656466733568662,0.024334878957672345,False,none,False,False
2022-12-13,0.0004586502339422696,0.0005224574499096004,0.0006607524917501256,0.0013025968567323585,0.03566018039888433,0.02146005101976907,0.0004586502339422696,0.00039122055948211814,0.0010316429876487268,0.001180491002517873,-1.0268700796332246,-1.011045963343693,False,none,False,False
2022-12-14,0.00025379483434442753,0.0002792665405251989,0.0003400912523431403,0.0008851004120970331,0.026526754333428604,0.0,0.00025379483434442753,0.0003401421041324888,0.0009883455288065219,0.0005420248050150096,-0.45611314202269065,-0.36388104502920726,False,none,False,False
2022-12-15,0.00010494696831118,0.00011738793316472497,0.00010911835393120835,0.0008430929150824592,0.01705798290457677,0.0,0.00010494696831118,0.00028998752329151186,0.0009386304429663777,0.0005805858914973028,-1.098380189163507,-1.0805685531576579,False,none,False,False
2022-12-16,0.0003228075566437902,0.0002711220824368003,0.00021920944345723225,0.0007312305798877366,0.0299167610379926,0.0042372944755152174,0.0003228075566437902,0.00031724577666848914,0.0006720449617313214,0.0008063333735253474,-0.49573326489604314,-0.5275627286273945,False,none,False,False
2022-12-19,0.0005692021057178559,0.0005910355991208849,0.0005675222952611148,0.000731613085348404,0.03972610399961797,-0.031135096795413555,0.0005692021057178559,0.0003418803397919045,0.0006647518641761581,0.0010600180289443626,0.16222047227962266,0.11781160812818084,False,none,False,False
2022-12-20,0.0009447140842585281,0.0009071631802785194,0.0007889487921509369,0.0006793209500772308,0.051179132620202517,-0.03665040961882139,0.0009447140842585281,0.00043909310985515616,0.0006252026457841029,0.0015014098653074622,0.03294346486471475,0.04572348141423834,False,none,False,False
2022-12-21,0.0007823129517740921,0.0006634892560250354,0.0005487120532584237,0.0006711964059698667,0.046572868360784496,-0.02288429383358773,0.0007823129517740921,0.0005447967333410891,0.0006361326223922628,0.0016708814892538101,-1.2408101399588458,-1.1780259884953952,False,none,False,False
2022-12-22,0.0005067402419528647,0.0006705655464128472,0.0006614926535667082,0.0006844553947832507,0.037483093254740474,0.022884293833587806,0.0005067402419528647,0.0006251553880694261,0.0006047369771844685,0.0009246442617746566,-0.8040982373912343,-0.9489395007446607,False,none,False,False
2022-12-23,0.0011112914055343304,0.0011308229255839355,0.0012733174584452635,0.0007279587536403783,0.05550814370978802,0.02347788106228282,0.0011112914055343304,0.000782852157847534,0.0006317382667581565,0.0005336712799206687,0.3642663773479217,0.2669542449711462,False,none,False,False
2022-12-26,0.002012341146445928,0.0008793054236450643,0.0003265375415975997,0.0007376724176111404,0.07469534368309079,-0.061522815126552034,0.002012341146445928,0.0010714799659931485,0.00070946448560303,0.0014066817345487,-1.0476127453338901,-1.0058282976052422,False,none,False,False
2022-12-27,0.00029958200100701105,0.0003424853231264608,0.00043490749936219206,0.000734111300623889,0.028820438535491884,0.033509778898878136,0.00029958200100701105,0.0009424535493428451,0.0007099829730146317,0.0012304811791656182,-1.633471641627593,-1.5634399823253369,False,none,False,False
2022-12-28,0.00011923756473188318,0.00015728064479670844,0.00016492524964843873,0.0006870726319225145,0.018182319083190547,0.0,0.00011923756473188318,0.0008098384719344032,0.0006823667968993301,0.0006464441472670236,-2.393158066482916,-2.3086703827043493,False,none,False,False
2022-12-29,0.00012032903908737595,9.398795280323122e-05,8.283618722688786e-05,0.0006506526968177839,0.01826534797729319,-0.013730192811902131,0.00012032903908737595,0.0007325562313613055,0.0006617397733243545,0.0005673785184776625,-2.3111709691520774,-2.2551455739954664,False,none,False,False
2022-12-30,0.00011923756473188318,0.00015728064479670844,0.00016492524964843873,0.0006033341239675427,0.018182319083190547,0.013730192811902037,0.00011923756473188318,0.0005341454632008161,0.0006232017725517542,0.000568050204313089,-1.7388358091233642,-1.6727198616871717,False,none,False,False
2023-01-03,0.0007546283183963008,0.0003850098297917306,0.00019996264116415503,0.0006052870420057957,0.04574138132007334,0.0368139731227164,0.0007546283183963008,0.0002826028975908907,0.0005969957004362999,0.000885667539669467,-0.36563563728498416,-0.23786754802299517,False,none,False,False
2023-01-04,0.00019146007002003725,0.00026542001544839705,0.00027978638495273025,0.000587901595292067,0.02303996594825596,-0.00439078641748977,0.00019146007002003725,0.00026097851139349584,0.0005429765549473332,0.0005046422989199729,-0.2947470570195289,-0.144191514119002,False,none,False,False
2023-01-05,0.001787126483836637,0.0007957347459704156,0.0003104372157924143,0.0006026932766274577,0.07039152459139875,0.06598137411384616,0.001787126483836637,0.0005945562952144466,0.0005989908685847047,0.0005050122161893934,2.7407627951305544,2.8318152112709,False,none,False,False
2023-01-06,0.0008956486959024775,0.0011733069967365345,0.001221198300595217,0.0006367820833462106,0.049832373747875754,0.0,0.0008956486959024775,0.000749620226577467,0.0005841592650048725,0.0006742960866272981,1.6546175462272754,1.6207290713131686,False,none,False,False
2023-01-09,0.0009647064487460897,0.0011727929518138198,0.0011353689867767511,0.0006741342140705697,0.05171783270850972,-0.012435393407886759,0.0009647064487460897,0.0009187140033803083,0.0006048646894436687,0.0003826829231111404,0.43855297883294153,0.3981597100106017,False,none,False,False
2023-01-10,0.000431198351303659,0.0005711084188244208,0.0007254980658807283,0.0006590398474195959,0.03457651928510029,0.008307420569856096,0.000431198351303659,0.0008540280099617799,0.0006082955293885593,0.0006373293237889098,-0.3139107242083664,-0.3115120163864979,False,none,False,False
2023-01-11,0.0001536589359164668,0.00020637931542255705,0.0002378067264985479,0.0006386410076842704,0.020640567647072137,-0.004145083655168664,0.0001536589359164668,0.0008464677831410657,0.0006068020133048121,0.00041522331915740286,-0.3070285667739539,-0.269158072026287,False,none,False,False
2023-01-12,0.0007646443396800284,0.0010335828122625187,0.001248125693192029,0.0006690988478701481,0.0460439385014068,0.008273056493199283,0.0007646443396800284,0.0006419713543097441,0.0006212845155584144,0.0003670076631315247,0.12928864507601925,0.13380882599558894,False,none,False,False
2023-01-13,0.00031236327686423826,0.00042300255860101474,0.0004514482685343401,0.0006851992954678334,0.029428810690811977,0.008205174239185296,0.00031236327686423826,0.0005253142705020962,0.0006146351084185039,0.0003722331217874496,0.5986358635655772,0.573772284515938,False,none,False,False
2023-01-16,0.00016512227599713248,0.00016168716638254995,0.0001755631510750061,0.0006649677542776298,0.02139663899354789,0.0,0.00016512227599713248,0.00036539743595230485,0.0006106045375845359,0.0004412622897053308,-0.9162068331856379,-0.8713476030149049,False,none,False,False
2023-01-17,0.0003073523081845759,0.0002696814389202465,0.00022427041902912487,0.000641759790571115,0.02919180610080371,0.025215657721164166,0.0003073523081845759,0.00034062822732848817,0.0006198047803060539,0.0005068068654081832,0.923055047876883,0.9218293122323636,False,none,False,False
2023-01-18,0.00015702076533319922,0.00019334477577926464,0.00019089963708745496,0.0006048066765541212,0.02086513846396154,0.0,0.00015702076533319922,0.0003413005932118347,0.0006122690170646634,0.0004155986009063862,-0.20416126190990389,-0.14211715895092691,False,none,False,False
2023-01-19,0.00014370369483651674,0.00017468912549051637,0.00017575941547058079,0.0005821649325078293,0.019960742562537933,0.003976148379639417,0.00014370369483651674,0.00021711246424313234,0.0005929281802064207,0.0004001922745415423,0.1518227406989687,0.1584688184661153,False,none,False,False
2023-01-27,0.0002181843439794695,0.00023903507558962575,0.0002276934296117812,0.0005640744103189252,0.02459543558237508,0.0,0.0002181843439794695,0.00019827667766617857,0.0005599041011028271,0.00046385110090081346,0.11082956629690942,0.09022279638321687,False,none,False,False
2023-01-30,0.0005823352757465025,0.0007770054298537317,0.0007959972582981921,0.0005271229622182405,0.04018178963283176,0.012814369533351804,0.0005823352757465025,0.0002817192776160526,0.0005508142067379367,0.000689096248743565,0.9752293935981744,0.9665230541779756,False,none,False,False
2023-01-31,0.0001521447729430103,0.0002050574280388047,0.00024279800311809816,0.0004843683598026138,0.020538619272227686,0.0039100734078428186,0.0001521447729430103,0.0002506777705677395,0.0005346962308738523,0.0005909990987324128,0.11720020004655922,0.13632710981523444,False,none,False,False
2023-02-01,0.002082479097221865,0.0019818426414172806,0.0020957974284861935,0.0005647889116093915,0.07598590697792205,-0.036765193824640656,0.002082479097221865,0.0006357694369454726,0.0005788411259505585,0.00159342719319351,1.544666889374669,1.4456644655428983,False,none,False,False
2023-02-02,0.00016246287832655557,0.00020029928925822686,0.00027997085221103784,0.0005683191662570288,0.0212236364516268,0.004040409537004906,0.00016246287832655557,0.0006395212736434804,0.0004947557501269507,0.0006672100030956279,0.09903130380584226,-0.006974852805548802,False,none,False,False
2023-02-03,0.0003073523081845759,0.00042608077171346035,0.0006516391502478119,0.000591762209976067,0.02919180610080371,0.012024192966801591,0.0003073523081845759,0.0006573548664845016,0.0004951089459077491,0.0004276990838015121,-0.2698664661047587,-0.4840049811929114,False,none,False,False
2023-02-06,0.000984826654171316,0.0007366383355263407,0.0005604856740729651,0.0006281363251195533,0.05225437086710094,0.03233990797785279,0.000984826654171316,0.0007378531421694644,0.0005344539045186325,0.0004322298213184019,0.362057647251124,0.21253086048561348,False,none,False,False
2023-02-07,0.0011554592825891027,0.0012009423417204692,0.0010830424135782248,0.0006577326065340368,0.056600471516709244,-0.02836375959821335,0.0011554592825891027,0.0009385160440986828,0.0005815052792232563,0.0008047039417610151,0.3233238629012445,0.20595944820452367,False,none,False,False
2023-02-08,0.00029946293744400693,0.0004090848403263788,0.00043283671638293586,0.0006608786616599707,0.02881471087979282,0.003960401216096914,0.00029946293744400693,0.0005819128121431112,0.000589697341619262,0.0007485974857673007,-1.4635380187526648,-1.5062894014341301,False,none,False,False
2023-02-09,0.000223428989014198,0.00015582660486592633,0.00012266800958557505,0.0006207804015245524,0.02488928876368711,-0.019960742562537943,0.000223428989014198,0.0005941060342806397,0.0005655519175564391,0.000344788772443175,-1.7178368896428005,-1.891476151182329,False,none,False,False
2023-02-10,0.00030185776817737554,0.00039354163902734684,0.0004683398267446823,0.0005850445027452953,0.028929698300692003,0.0,0.00030185776817737554,0.0005930071262791997,0.0005705699947454091,0.0004629167828301961,-0.16506763040995004,0.0451646354899736,False,none,False,False
2023-02-13,0.0009029818415250055,0.001073496380540152,0.0010274122264020862,0.0005844810672422641,0.05003595977094413,-0.025524611831578416,0.0009029818415250055,0.0005766381637499375,0.0005303816019130622,0.0008703788773691988,-0.5940932964573413,-0.509019426171948,False,none,False,False
2023-02-14,0.00010864889499543851,0.00014414419147418307,0.00015493929486063877,0.0005585062404274981,0.017356229456542888,0.012333147077216073,0.00010864889499543851,0.0003672760862312047,0.0004946088836900148,0.00035795001138661165,-1.984460079201472,-1.9076459376754047,False,none,False,False
2023-02-15,0.00023307334517719876,0.0002558873504189432,0.0002448413735548743,0.0005610088622922634,0.02542078929327335,0.013191464754362503,0.00023307334517719876,0.00035399816777784306,0.0004613528335277926,0.0006064699993866942,-0.929016438463391,-0.9257221849891767,False,none,False,False
2023-02-16,0.00022165995589043674,0.00014044002940632208,9.936109726188969e-05,0.0005136719014472599,0.02479056058006741,0.02881471087979282,0.00022165995589043674,0.0003536443611530908,0.0004518283610090098,0.0002991128685709473,0.33969755976921145,0.31232206260092826,False,none,False,False
2023-02-17,0.0002164771139956466,0.0002763844639647832,0.00027002441749447774,0.0005075152975780213,0.024499020488324533,0.0039100734078428186,0.0002164771139956466,0.00033656823031674504,0.00045468373273988157,0.00030416210486005236,0.32093038893033565,0.3496808661435134,False,none,False,False
2023-02-20,0.0002829222564150553,0.00023332720281489367,0.00018656340661983562,0.0005074718318162466,0.02800762498690337,0.020280753052359674,0.0002829222564150553,0.00021255631329475502,0.00043278727440965555,0.0005960421254133737,1.1713746249170718,1.142886398269421,False,none,False,False
2023-02-21,0.00014720877268361652,4.6408886347686714e-05,0.0,0.0004967385001799365,0.02020270731751947,-0.016385908790818797,0.00014720877268361652,0.00022026828883239062,0.0004252802514923545,0.000401294682962643,0.832133046916303,0.8398819355725924,False,none,False,False
2023-02-22,0.000591576491625586,0.0004993637507835205,0.00047322090693838783,0.0005193856804284551,0.04049936183476569,-0.03661962854917669,0.000591576491625586,0.00029196891812206804,0.0004446645340209206,0.0006745762118237304,1.0298419048320604,1.033705206328835,False,none,False,False
2023-02-23,0.00020944036432362812,0.0001914504200344666,0.00019512294122704177,0.0005198181021953234,0.024097551579060524,0.01600034134644112,0.00020944036432362812,0.00028952499980870635,0.00044021399111815023,0.0008288088303461444,0.02431261713589185,0.0015537433737728683,False,none,False,False
2023-02-24,0.00029946293744400693,0.000261232038827851,0.00025512453720054167,0.000517505491752978,0.02881471087979282,-0.01600034134644119,0.00029946293744400693,0.0003061221644983784,0.0004466886353050051,0.0004711269834084539,-1.3915484526666522,-1.3238798735500814,False,none,False,False
2023-02-27,0.00016246287832655557,0.00015800045838785365,0.0001704718920197827,0.0005044558245167345,0.0212236364516268,0.0,0.00016246287832655557,0.00028203028888067845,0.00044754132546364326,0.0005337620239247032,-0.38450054688726865,-0.3230922523430835,False,none,False,False
2023-02-28,0.00014370369483651674,0.0001992156218239567,0.00020680658506219235,0.0005031316457873353,0.019960742562537933,0.008032171697264253,0.00014370369483651674,0.0002813292733112585,0.00044415584141169087,0.0004277220385892,-0.8939160429831118,-0.8180700604416207,False,none,False,False
2023-03-01,0.00038933251403051975,0.0003023238116948452,0.00026496208454424844,0.0004099114148915606,0.03285512041679775,0.02078253918252863,0.00038933251403051975,0.00024088047779224526,0.00043538298860641895,0.0008299320780655379,-0.6734371251764834,-0.6048537531405512,False,none,False,False
2023-03-02,0.0006709486821682246,0.0006271126257044331,0.0006522738539871155,0.000424246076988189,0.043130786561124325,0.02800762498690337,0.0006709486821682246,0.00033318214136116454,0.00045896498448029234,0.0003320548818663909,2.5119596044035153,2.6744880951399432,False,none,False,False
2023-03-03,0.0005590825054849114,0.0003841730819947594,0.0002977056425567505,0.0004106412542478167,0.039371383637218364,-0.028007624986903422,0.0005590825054849114,0.00038510605496934545,0.00038971968485588534,0.00041525813483006064,0.06365843554248285,0.06064279450323911,False,none,False,False
2023-03-06,0.00021106487238211943,0.0002925980424138215,0.0003294147467268905,0.00038710007515403054,0.024190826460202697,0.007804917669383915,0.00021106487238211943,0.00039482645378045823,0.00039192886640386553,0.0003605944608060835,-0.3249370278385955,-0.2903828589855645,False,none,False,False
2023-03-07,0.00014608228262667677,0.00019674327158828006,0.00032724720998193437,0.00034741340537325946,0.020125259981669016,0.007744472395477762,0.00014608228262667677,0.00039530217133849026,0.0003845984106966883,0.00031056026373923193,0.2777594926785071,0.3319848484582167,False,none,False,False
2023-03-08,0.00027860027801032786,0.00022976269999762077,0.00018371316795564045,0.00034058209760663943,0.027792876584195145,0.016260520871780326,0.00027860027801032786,0.0003731557241344518,0.0003524972117802798,0.00045706434164187687,0.2429546813042316,0.22322110733466807,False,none,False,False
2023-03-09,0.0006399100490261519,0.0007506074552755568,0.000743118501621885,0.00036579037794920075,0.042121341208202455,0.01879754596750242,0.0006399100490261519,0.0003669479975060373,0.0003290631557092365,0.00026340836051462957,2.2289333189477936,2.169952790173999,False,none,False,False
2023-03-10,0.00013828857053840932,0.00018628994366280287,0.00021928049540963245,0.0003545711742198673,0.019581045199106563,-0.003731347612858247,0.00013828857053840932,0.0002827892105167369,0.00032173704812261847,0.00023261778378621766,0.3780881091438824,0.3093077484141726,False,none,False,False
2023-03-13,0.0002637356675715277,8.314503544204184e-05,0.0,0.00031470458959171677,0.027041274702964684,0.015762959665257554,0.0002637356675715277,0.0002933233695546185,0.00032356916987522435,0.00029890173547238115,1.2231770248778386,1.141835373254819,False,none,False,False
2023-03-14,0.0003453742986105809,0.00043002103355229863,0.00042022230803451683,0.0003307368358073239,0.03094480384942149,-0.023267685319325285,0.0003453742986105809,0.0003331817727513993,0.00032554719398582456,0.000570248836121714,0.882545438439901,0.8027412917346006,False,none,False,False
2023-03-15,0.0008807212339818542,0.000872905427045124,0.0008454174512892703,0.0003821763103718797,0.04941535956335026,0.049596941139372186,0.0008807212339818542,0.00045360596394570466,0.0003245353481884086,0.00031336943962726897,1.3557461940438238,1.3118048311474892,False,none,False,False
2023-03-16,0.00013205978361752242,0.00012926581977170076,0.00014031212410984653,0.00038267327839776885,0.01913498018601975,-0.018996500690655147,0.00013205978361752242,0.0003520359108639787,0.0003255994794894124,0.0002764771664033578,0.12575171019811238,0.049861497343927495,False,none,False,False
2023-03-17,0.00013110234021866966,0.0001817464349747632,0.000252055765758748,0.000389459680403688,0.01906548897745679,0.011802225056627912,0.00013110234021866966,0.0003505986648000308,0.00032096443380947925,0.0002990773972365326,0.35725043209743823,0.31123234286677476,False,none,False,False
2023-03-20,0.0005213706573534798,0.0002697116992147402,0.00014347315887835614,0.00039851020836996845,0.03802034198537671,-0.042402665505345015,0.0005213706573534798,0.00040212566275642117,0.0003345876475123449,0.0004575628563032489,0.13142971042940818,0.13171390404214342,False,none,False,False
2023-03-21,0.0004230126359372699,0.0004911451863490275,0.00047082392324999137,0.0004226160233161252,0.03424675260173725,0.026940784031186844,0.0004230126359372699,0.000417653330221759,0.0003439756257824187,0.00041052484745273294,-1.109049204015898,-1.0296250757888343,False,none,False,False
2023-03-22,0.00012076982902779523,0.00012085864221006876,0.00010715400893358037,0.0004001120838518411,0.018298772252511687,-0.0036730987118614618,0.00012076982902779523,0.00026566304923094725,0.0003366050609011796,0.000243964536769629,-1.6450524110324714,-1.5404437030347888,False,none,False,False
2023-03-23,0.00013624825139359667,9.360533708611733e-05,7.252269002883651e-05,0.0004026675016605471,0.019436058377118974,0.003673098711861506,0.00013624825139359667,0.0002665007427861621,0.00033610685538799684,0.00032893532153903285,-1.2446066565273655,-1.1773703360357102,False,none,False,False
2023-03-24,0.00012165870638745642,0.00016348110539611684,0.0001894397723814772,0.0003945137722042372,0.018365989145486896,0.0036596564175303517,0.00012165870638745642,0.00026461201601991945,0.00031474695605899095,0.00022777301786904987,-0.845237652195821,-0.9071810896629195,False,none,False,False
2023-03-27,0.00025185584114395006,0.00034401032005305704,0.0003427724288585628,0.00039223717342414617,0.02642522780953704,0.0036463121530203,0.00025185584114395006,0.0002107090527780135,0.00031667493227809654,0.0002396933291798426,-0.4632101153936192,-0.547271331225817,False,none,False,False
2023-03-28,0.00013015527171247375,0.0001547376373602136,0.0001534680840306926,0.00039107128272153477,0.018996500690655085,0.0,0.00013015527171247375,0.00015213757993305424,0.0003089791292902995,0.0002542586400927423,-0.8789731005962442,-0.9345782962270147,False,none,False,False
2023-03-29,5.023915562015668e-05,6.45474969855402e-05,6.343083563454174e-05,0.00037812964656130964,0.011802225056627912,0.0036330648498811386,5.023915562015668e-05,0.00013803144525152653,0.00030387805098546324,0.00028484327004201117,-1.53954652606436,-1.593751761954911,False,none,False,False
2023-03-30,0.00032732814589903346,0.0003133579169268718,0.0003331887554799042,0.0003655749261970928,0.03012550955239293,-0.01093903342043161,0.00032732814589903346,0.0001762474241526139,0.0003122246169428503,0.00035353596886838427,-0.6299615771416467,-0.6134436273282889,False,none,False,False
2023-03-31,0.0001745510875122333,0.00022105526236195164,0.0002410960734321398,0.00035795071990527504,0.021999053995367782,0.0,0.0001745510875122333,0.00018682590037756927,0.0003024618248283828,0.0004050640298136568,-0.5023997819621782,-0.43840304835169586,False,none,False,False
2023-04-03,0.0001878483993043795,0.00023979387430853792,0.00023404153490020816,0.0003541501513409641,0.022821620306238508,0.0,0.0001878483993043795,0.00017402441200965518,0.00028050272106184437,0.00028207534201702805,0.35412046399528535,0.3089081174386943,False,none,False,False
2023-04-04,0.000320272189371499,0.0003529696511200543,0.0003261906837945303,0.0003570888675576337,0.029799044620565634,0.022656157108185332,0.000320272189371499,0.00021204779554146025,0.0002696477066930529,0.00032056386300097515,0.86923366690689,0.8079744265970189,False,none,False,False
2023-04-05,0.00012921842873864055,0.0001741543254621047,0.00020615843004683615,0.00035499766705334715,0.01892800988551886,-0.003590668130728596,0.00012921842873864055,0.00022784365016515702,0.0002659274138001675,0.00035502745574547153,-0.5920082345946442,-0.5630635416599846,False,none,False,False
2023-04-06,0.00018648397649368323,5.879074672649314e-05,0.0,0.00032473819847670505,0.02273858768931823,-0.02273858768931821,0.00018648397649368323,0.00019967481628408698,0.00026776385443048596,0.0006080391988241439,0.543807568447342,0.6951629576032158,False,none,False,False
2023-04-07,0.00012165870638745642,0.00012140168592466452,0.0001341813394639988,0.0003182953200803823,0.018365989145486896,-0.007386921863074824,0.00012165870638745642,0.00018909634005913155,0.00026063014662944635,0.00028100446506666336,-1.0314383961568687,-0.985476595913768,False,none,False,False
2023-04-10,0.00032732814589903346,0.00037129375205184265,0.00034728941521210957,0.0003218986182921329,0.03012550955239293,0.021999053995367782,0.00032732814589903346,0.00021699228937806236,0.0002464218783054864,0.00047677135112793746,1.1056222226287995,1.202841494642774,False,none,False,False
2023-04-11,8.622619604677259e-05,0.00011953488936045904,0.00023906977872091952,0.00030218749858798057,0.01546188147415825,0.004522848053726797,8.622619604677259e-05,0.00017018309071311708,0.00024405540673768476,0.0004321871700958741,-0.9134567340637292,-0.8222242922666368,False,none,False,False
2023-04-12,0.0004761838813780999,0.0005365027238888974,0.0006702373795926523,0.00027533626120420057,0.03633541054152664,0.017889564750775123,0.0004761838813780999,0.00023957618124100893,0.00025371214372889257,0.00031588709657890237,1.8019097311173857,2.0894600315134224,False,none,False,False
2023-04-13,0.0006706600013632162,0.0008069838329683558,0.0010907896907522401,0.0003126615069571517,0.04312150688736387,-0.014285957247476541,0.0006706600013632162,0.0003364113862149156,0.000268497857490376,0.00027302125346031917,1.0688789189857326,1.230566783070102,False,none,False,False
2023-04-14,0.0005977809025377175,0.00029531462539791333,0.00014462247911224484,0.0003156454497518828,0.040711185057013426,-0.026425227809537023,0.0005977809025377175,0.0004316358254449678,0.00025563693333382435,0.0005983130974825936,-0.1528006257122204,-0.07142957641581205,False,none,False,False
2023-04-17,7.700904347584205e-05,6.053227221346461e-05,5.3671803712675204e-05,0.0003002817969014194,0.014612132132293105,0.018298772252511687,7.700904347584205e-05,0.0003815720049603295,0.000253134626963748,0.00026008639618512787,-0.33935598672555617,-0.2473662331995707,False,none,False,False
2023-04-18,8.498494069852117e-05,0.00011283369041942322,0.0001805108553581752,0.00028366614461645387,0.01535018853763485,0.011717123687753897,8.498494069852117e-05,0.0003813237538906792,0.00025103838153101395,0.00031696892796503857,-0.8881427783258802,-0.8439411070459059,False,none,False,False
2023-04-19,0.00040703398675172005,0.0003659834630313869,0.0003147696430913044,0.0002945903139705492,0.03359371728814951,-0.022656157108185446,0.00040703398675172005,0.0003674937749654032,0.00024584126014002487,0.0003545072532993138,-0.355692045073962,-0.43277993872140347,False,none,False,False
2023-04-20,0.00012076982902779523,0.00016221078305544967,0.00018697531019159534,0.0002853200513846246,0.018298772252511687,-0.0036730987118614618,0.00012076982902779523,0.00025751574049831907,0.00023210295073504875,0.0001787403036889455,-1.650801581930333,-1.7376287499521035,False,none,False,False
2023-04-21,0.0005331722441196621,0.0004566634421901692,0.0004385778638676871,0.00029932322642534255,0.038448242496341115,-0.027041274702964645,0.0005331722441196621,0.00024459400881470797,0.00025084851505740636,0.00039840719193865,1.270278752767772,1.1741029924453654,False,none,False,False
2023-04-24,0.00012744325603218984,8.964562105832876e-05,7.120291076966066e-05,0.00028999553293024684,0.01879754596750242,0.01500966265056523,0.00012744325603218984,0.0002546808513259775,0.00025044828799552425,0.0003446887008450136,-1.5744958573208476,-1.530717891656579,False,none,False,False
2023-04-25,0.00042616271120125734,0.0003800869702292756,0.00037878102104463816,0.00030218855702036175,0.034374029832356504,-0.01500966265056529,0.00042616271120125734,0.0003229164054265248,0.0002642893791234243,0.0004895040519332518,-0.41030060323291473,-0.41878410358251433,False,none,False,False
2023-04-26,0.0001438677510430202,0.0001939004773381485,0.00022956852062311472,0.0003114552676830986,0.01997213318691517,0.0,0.0001438677510430202,0.00027028315828478476,0.000259380829573382,0.0004418077860734567,-0.8631286332647494,-0.9450108430630897,False,none,False,False
2023-04-27,8.125618166035704e-05,0.00010714416368754009,0.00016864966925359318,0.0003025551922460491,0.01500966265056523,0.0037735893836392666,8.125618166035704e-05,0.0002623804288112971,0.00025715814366192215,0.0002812118182743462,-1.5090582175941547,-1.551016512520509,False,none,False,False
2023-04-28,4.4119076925045614e-05,5.591177906905206e-05,5.436673932959046e-05,0.0003074574549686977,0.011060020574936144,0.019581045199106563,4.4119076925045614e-05,0.00016456979537237383,0.0002568799582666898,0.0003292906346616072,-0.11270519138148094,-0.12304506283038165,False,none,False,False
2023-05-04,0.0002560383725451574,0.0003466109670694124,0.0005861371669578149,0.00032524170912237376,0.026643744184692418,-0.008344971932180647,0.0002560383725451574,0.00019028881867496733,0.0002536395140233318,0.00036599572688563624,0.4415924250188699,0.44970280348315006,False,none,False,False
2023-05-05,8.96169328741315e-05,0.00011590186368401501,0.00012013048677628812,0.00031404066508352923,0.015762959665257554,0.00464469018932463,8.96169328741315e-05,0.00012297966300954218,0.0002497788706306908,0.00027613247996757524,-0.675979753231411,-0.5836848158775073,False,none,False,False
2023-05-08,7.757478485515523e-05,6.0977596045212694e-05,5.406718530192755e-05,0.0003093313032299613,0.014665707402630832,0.018365989145486896,7.757478485515523e-05,0.00010972106977196918,0.0002447664336102715,0.00028349781343950815,0.4698265516561912,0.5160568486755623,False,none,False,False
2023-05-09,5.023915562015668e-05,6.45474969855402e-05,6.343083563454174e-05,0.0003098303500200896,0.011802225056627912,0.0036330648498811386,5.023915562015668e-05,0.00010351766456392912,0.00023249220480339234,0.00021442396528969902,-0.2705927211284253,-0.2186423169194389,False,none,False,False
2023-05-10,5.023915562015668e-05,6.174416100349485e-05,8.591284566028259e-05,0.00030836810821666496,0.011802225056627912,0.004522848053726797,5.023915562015668e-05,0.00010474168030295133,0.00022890223784346127,0.0002071279332672216,-0.5073476031750269,-0.475829410511369,False,none,False,False
2023-05-11,0.00012921842873864055,0.00012571555339969847,0.00013568523971541527,0.0002967846080693017,0.01892800988551886,-0.008155912903607761,0.00012921842873864055,7.937769154164796e-05,0.0002262992584000502,0.00024831684585740517,0.11697883241091128,0.16938914627051332,False,none,False,False
2023-05-12,8.622619604677259e-05,6.57269757724762e-05,5.6585173763996066e-05,0.0002929595005732162,0.01546188147415825,0.00815591290360766,8.622619604677259e-05,7.869954417617617e-05,0.00022468868974820098,0.00023565860337842762,-0.4780159244037896,-0.4315346020075381,False,none,False,False
2023-05-15,8.560219370464652e-05,6.525061271879274e-05,5.6174474490654295e-05,0.00026303324415975245,0.015405832559926391,-0.008155912903607761,8.560219370464652e-05,8.030502594607444e-05,0.00021370114646663787,0.00046432912320306356,-0.14353756938785306,-0.046820957859799735,False,none,False,False
2023-05-16,7.413802322641104e-05,9.779666989230414e-05,0.00010259392622217818,0.00022315524737989578,0.01433716314640725,0.01535018853763485,7.413802322641104e-05,8.508479946732531e-05,0.00021315168406571238,0.00025335087383966757,1.3402088138807797,1.8627013317423242,False,none,False,False
2023-05-17,0.00018247873048515042,0.000161947356066704,0.00016066551203267073,0.000214160124472869,0.02249307605001505,-0.015350188537634833,0.00018247873048515042,0.00011153271444032404,0.0001998014499342147,0.0002988466451981039,-0.28855423400267144,-0.18441866356215733,False,none,False,False
2023-05-18,0.00012921842873864055,0.0001712326819729968,0.00019438959174567562,0.00021828252339726992,0.01892800988551886,0.00815591290360766,0.00012921842873864055,0.00011153271444032404,0.00017519046936037032,0.0004193514398373317,0.08499208519974906,0.11809461093991912,False,none,False,False
2023-05-19,0.0003106603663800227,0.0004106730443776409,0.0006501923553321248,0.00023777998447557292,0.0293484825548465,0.007194275634027231,0.0003106603663800227,0.0001564195485069741,0.00016213953589865694,0.0002903432479902026,1.745451434455517,1.6553782130845762,False,none,False,False
2023-05-22,0.00011379432250227748,0.00015775242761236554,0.0001637960840956787,0.0002288272521581122,0.01776245633984025,0.007142887512380204,0.00011379432250227748,0.00016205797426650028,0.00016381159403622218,0.00024193355996397612,1.0335379035269316,0.9618935620527604,False,none,False,False
2023-05-23,0.00012271896809178635,0.0001652842009959444,0.00027495412940748256,0.0002329748455443413,0.01844584579075165,0.0035524016043677006,0.00012271896809178635,0.00017177416323957534,0.00016552677709955242,0.00023614226568064462,1.7576137015779438,1.7015290545549842,False,none,False,False
2023-05-24,0.00011379432250227748,3.587468113310257e-05,0.0,0.00021129981764733864,0.01776245633984025,-0.010695289116747919,0.00011379432250227748,0.00015803728164300073,0.00015219770145185048,0.0002526609193192001,-0.49233553415666387,-0.5340511089127638,False,none,False,False
2023-05-25,7.360939357491706e-05,9.706383358731711e-05,0.0001527924430712612,0.00021288071042615913,0.014285957247476434,-0.003590668130728596,7.360939357491706e-05,0.00014691547461025606,0.00015005404529490148,0.00027971955961005675,-0.1792685327082379,-0.200935955048639,False,none,False,False
2023-05-26,7.30863978622875e-05,9.640957704219027e-05,0.00010113994099833659,0.00019697413007119415,0.01423511582187191,0.010733555643108851,7.30863978622875e-05,9.9400680906709e-05,0.00012914105228320263,0.0002534384169116467,-0.04652934733937416,-0.14911190495012316,False,none,False,False
2023-05-29,0.0001244620589366016,0.0001725410504771823,0.00023804940713942376,0.00019500079663926348,0.018576385572935457,0.0,0.0001244620589366016,0.00010153422819357384,0.00012900554332431226,0.00029323400646538017,0.0441954912147061,-0.02569611586290191,False,none,False,False
2023-05-30,7.256895631188127e-05,0.0001006019349275167,0.00010060319999996861,0.00019116416966351218,0.014184634991956381,0.0035524016043677006,7.256895631188127e-05,9.15042258375928e-05,0.00011293309992024971,0.0003285227653338177,-0.23502489448710912,-0.44737298966067546,False,none,False,False
2023-05-31,0.0001757735070896882,0.00024367382171270184,0.0002744145889349328,0.00018020478488267282,0.022075951699199826,0.0,0.0001757735070896882,0.00010390006275507496,0.00011438336155873462,0.000292024376052714,1.7031251513272871,1.7286307225471123,False,none,False,False
2023-06-01,7.256895631188127e-05,9.57615224553659e-05,0.00010078125521517473,0.00015697386847934064,0.014184634991956381,0.0,7.256895631188127e-05,0.00010369197530246781,0.00011398848767925845,0.0002673634061002114,-0.7981548411506717,-0.7495601651229501,False,none,False,False
2023-06-02,4.067507062138653e-05,5.154720856843067e-05,5.0122748518453754e-05,0.00015326577152894276,0.010619568827460131,0.0,4.067507062138653e-05,9.720970985428761e-05,0.00011383194193818304,0.00027513570666859883,-0.006137160226696182,-0.030833555017538924,False,none,False,False
2023-06-05,0.0003757035266687017,0.0003903181054780309,0.00037511572083971293,0.0001678442383585042,0.032274933941796924,0.021921088211054728,0.0003757035266687017,0.00014745800340070764,0.00011927126712561686,0.0003695862687272098,2.374959995149099,2.3032076592833017,False,none,False,False
2023-06-06,0.00012101224111406375,9.284987845518664e-05,8.044425715194152e-05,0.00016908814829465395,0.018317127912579917,-0.010462170406983296,0.00012101224111406375,0.00015714666036114412,0.00012069832659106832,0.0002943209135079971,-0.39610818949796106,-0.39368361588929995,False,none,False,False
2023-06-07,7.957868649858282e-05,6.030428233553451e-05,5.16209763251987e-05,0.00016800272318998207,0.014853920987962265,-0.004391750580979082,7.957868649858282e-05,0.00013790769624292304,0.00012078941302940595,0.0002683091895705079,0.751553348754372,0.6611585551360629,False,none,False,False
2023-06-08,0.00039047760517828956,0.0005365859694266673,0.0007477925040639894,0.00019460969800719934,0.032903401106945215,0.004391750580979002,0.00039047760517828956,0.0002014894260162047,0.00013625479710023018,0.0005892945365420537,1.8104419434532948,1.7095512809203153,False,none,False,False
2023-06-09,8.01378881760706e-05,8.703904033766094e-05,7.995906195006438e-05,0.00019129024896407748,0.014906019085627324,-0.004391750580979082,8.01378881760706e-05,0.00020938198952714153,0.00013761383039822625,0.0003752701347317453,-0.9158982608723031,-0.9690067966734895,False,none,False,False
2023-06-12,0.00017090975998092746,0.00018691603449913532,0.0002261670465852312,0.00020020429132981823,0.021768382416794945,0.011378678567659034,0.00017090975998092746,0.00016842323618958667,0.0001395088909092393,0.00038909208954058215,0.15083450361512865,0.058709479601984374,False,none,False,False
2023-06-13,0.00017090975998092746,0.0001625413907869112,0.00017178119985531494,0.00020290766873058897,0.021768382416794945,-0.00348736186041575,0.00017090975998092746,0.00017840273996295943,0.00014335814381533725,0.0002974926291822786,-0.6805713784900477,-0.6640512210624722,False,none,False,False
2023-06-14,7.957868649858282e-05,8.626382220543085e-05,0.00010342197385624946,0.00019944296397173483,0.014853920987962265,-0.007891316707243315,7.957868649858282e-05,0.0001784027399629594,0.00014308434803324345,0.00028402326745181477,-0.21507243429295902,-0.21592832216026642,False,none,False,False
2023-06-15,7.256895631188127e-05,2.2878014567016613e-05,0.0,0.00019241986849412846,0.014184634991956381,-0.014184634991956413,7.256895631188127e-05,0.00011482101018967777,0.00014301302680985573,0.0002159291109290108,-0.6043915144612816,-0.6765664241833486,False,none,False,False
2023-06-16,0.00011379432250227748,0.0001380433640425693,0.00018862962764568908,0.00017102805103179705,0.01776245633984025,-0.003577821347883855,0.00011379432250227748,0.00012155229705491913,0.00013989100826517967,0.0003918459939744536,-0.04921184478466313,-0.031980830972274846,False,none,False,False
2023-06-19,4.125718624377152e-05,5.719460464541357e-05,6.345915303819068e-05,0.0001661355213455873,0.01069528911674795,0.0035778213478839024,4.125718624377152e-05,9.562178230748793e-05,0.00013589276996995835,0.00023608725158695443,-1.8687722431950393,-1.7663966773018245,False,none,False,False
2023-06-20,7.360939357491706e-05,9.713460304949849e-05,0.00010222748461687497,0.00015910581721892295,0.014285957247476434,0.0035650661644961446,7.360939357491706e-05,7.616170902628586e-05,0.00012511772575154445,0.0002599608166124688,-1.3754925817085768,-1.2976855107768492,False,none,False,False
2023-06-21,7.256895631188127e-05,9.572707115727526e-05,0.0001004245122604692,0.00016191982423247305,0.014184634991956381,0.0035524016043677006,7.256895631188127e-05,7.475976298894555e-05,0.00012324384547016283,0.00025879151029215236,-0.5163186953282147,-0.495395954455639,False,none,False,False
2023-06-22,0.00012358590386319322,0.00016652011654373159,0.00016542464720830822,0.00016219770122743866,0.01851088553470361,0.007067167223092353,0.00012358590386319322,8.496315249920794e-05,0.00012328325164159042,0.00021539174099179757,0.6205333626084665,0.5439051475255461,False,none,False,False
2023-06-23,0.00012271896809178635,0.00011975734010658733,0.00010493312333461873,0.00016299669817195368,0.01844584579075165,-0.0035273405179682992,0.00012271896809178635,8.674808161710972e-05,0.00012368891735020442,0.0002443033873350667,-0.6523755814293278,-0.6619241370748524,False,none,False,False
2023-06-26,7.256895631188127e-05,8.130852001695189e-05,0.00010095868236835009,0.00015655892354598437,0.014184634991956381,-0.0035398267051241737,7.256895631188127e-05,9.301043563073168e-05,0.0001236416247473392,0.0005578651435303912,-0.839897439329837,-0.825094044195428,False,none,False,False
2023-06-27,7.256895631188127e-05,9.572707115727506e-05,0.0001004245122604692,0.00015705352329738772,0.014184634991956381,-0.003552401604367772,7.256895631188127e-05,9.28023481781245e-05,0.00012361810467686617,0.00024116713830765505,-0.8739270819779947,-0.8588031086593556,False,none,False,False
2023-06-28,0.00012271896809178635,0.00014589932001271268,0.00014470986517403016,0.00015239351437573842,0.01844584579075165,0.015011319408439344,0.00012271896809178635,0.00010283235053410553,0.00012353887327482913,0.0002394240647160868,0.6706014658139902,0.7283694381761259,False,none,False,False
2023-06-29,0.0001244620589366016,0.000128666538306791,0.00014710808964124906,0.00016143372130722862,0.018576385572935457,-0.01857638557293553,0.0001244620589366016,0.00010300758154878719,0.00012589765066686187,0.00034943180494601304,-0.6162827917700373,-0.585007931584535,False,none,False,False
2023-06-30,0.00012829166461509475,0.00013302515780970646,0.00012028964761440859,0.0001652705368307126,0.018860011200134006,-0.01077209698191107,0.00012829166461509475,0.00010412212085344886,0.0001237393850998349,0.00019864829194080408,0.15510153872805008,0.1216642539576508,False,none,False,False
2023-07-03,0.00012921842873864055,0.00015343889722833386,0.00020389435816138004,0.00015457144322235372,0.01892800988551886,-0.008155912903607761,0.00012921842873864055,0.00011545201533880072,0.00012631436111923302,0.00021219902800388889,-0.21330847597694097,-0.10038182493308306,False,none,False,False
2023-07-04,8.560219370464652e-05,0.00011365342486595452,0.00018182310305697976,0.00016246855319460078,0.015405832559926391,0.00815591290360766,8.560219370464652e-05,0.00011805866281735376,0.00012835650307756305,0.0002516987088763707,-0.4283634450497441,-0.3593900991029484,False,none,False,False
2023-07-05,4.1851888257685e-05,5.303858304280351e-05,5.1572920344238835e-05,0.00016171438279002513,0.01077209698191104,0.007194275634027231,4.1851888257685e-05,0.00010188524685053352,0.000113181428604335,0.0002360841217411952,-0.7452954933106494,-0.6794505281478829,False,none,False,False
2023-07-06,0.0003225986088575077,0.00030781573028153893,0.0002738328769710082,0.00014189579103188286,0.02990707716793081,-0.018996500690655147,0.0003225986088575077,0.00014151255683471473,0.0001223444453199461,0.00036847463562712264,0.2602026067876712,0.610350353455241,False,none,False,False
2023-07-07,0.0002598442710343047,0.0003133140546318484,0.0004246692940128036,0.00015720809188625275,0.026841037524811335,-0.011019395249610538,0.0002598442710343047,0.00016782307811855673,0.00013053833552611525,0.00043073169075181133,1.494733320894709,1.932915575312175,False,none,False,False
2023-07-10,4.379555853096219e-05,3.978960984996705e-05,4.032720054254046e-05,0.0001483722371228653,0.01101939524961048,0.007359738832080137,4.379555853096219e-05,0.00015073850407702104,0.00011478006067850945,0.00023522581052307022,-0.3251344820815606,-0.2950374707112139,False,none,False,False
2023-07-11,7.700904347584205e-05,0.00010675720272579632,0.0001067586273379903,0.0001416671374900205,0.014612132132293105,0.0036596564175303517,7.700904347584205e-05,0.00014901987403126015,0.00011463784046486271,0.00024934357386958555,0.8278206777927676,0.8496850153690811,False,none,False,False
2023-07-12,0.00013205978361752242,0.00016260425415485366,0.000160526857471438,0.0001452009186091142,0.01913498018601975,0.0,0.00013205978361752242,0.00016706145310322766,0.0001128719324483443,0.00024207217294632978,-0.7720685039269709,-0.7161678078166573,False,none,False,False
2023-07-13,8.560219370464652e-05,0.0001135710772741364,0.00012210610079074833,0.00014981670987226174,0.015405832559926391,0.007279377002901319,8.560219370464652e-05,0.0001196621700726554,0.00010899431579942244,0.000252669925127429,1.194402223055417,1.1674498316733386,False,none,False,False
2023-07-14,8.622619604677259e-05,0.00011443612820235182,0.00011680818916432321,0.00014687326304965094,0.01546188147415825,-0.0036330648498809825,8.622619604677259e-05,8.493855507514898e-05,0.00010929647532434017,0.00031118381574757553,0.8253236870741433,0.8257666875328297,False,none,False,False
2023-07-17,5.023915562015668e-05,6.174416100349515e-05,8.591284566028259e-05,0.00014939729732026664,0.011802225056627912,0.0036330648498811386,5.023915562015668e-05,8.622727449298787e-05,0.00010828148438380724,0.0002501152592265081,0.07560938639661802,0.010399441122050615,False,none,False,False
2023-07-18,0.00012921842873864055,0.0001261000448038626,0.00011049081127834234,0.00015104327430272952,0.01892800988551886,0.011717123687753897,0.00012921842873864055,9.666915154554759e-05,0.00010898258012182373,0.00024007994919942346,1.5946397462681008,1.6394516162119535,False,none,False,False
2023-07-19,0.00012921842873864055,4.0737269009416874e-05,0.0,0.0001477443478130191,0.01892800988551886,-0.015350188537634833,0.00012921842873864055,9.61008805697712e-05,0.00011298081841704506,0.00029565740042681465,-0.11958794628606162,-0.24202952552591314,False,none,False,False
2023-07-20,7.757478485515523e-05,0.00010754148680979039,0.0002150829736195788,0.00014992249621923422,0.014665707402630832,0.0,7.757478485515523e-05,9.449539879987294e-05,0.00011316106347523772,0.00021866786743319534,1.307000557275899,1.3160453158096774,False,none,False,False
2023-07-21,7.757478485515523e-05,0.00010240547446988284,0.00016160722648472754,0.00015069859003958032,0.014665707402630832,-0.0036463121530201986,7.757478485515523e-05,9.276511656154947e-05,0.0001133886011362956,0.000315892939568006,1.5666243722193884,1.5555173168167664,False,none,False,False
2023-07-24,8.622619604677259e-05,0.00011443612820235182,0.00011680818916432321,0.00015252327197306308,0.01546188147415825,0.0036463121530203,8.622619604677259e-05,9.996252464687266e-05,0.0001116904325991856,0.0002598222645564952,1.0526926325688293,0.9606926490857829,False,none,False,False
2023-07-25,8.622619604677259e-05,6.572697577247557e-05,5.6585173763996066e-05,0.00015235006230572947,0.01546188147415825,-0.0036463121530201986,8.622619604677259e-05,9.136407810849905e-05,0.00011003167023350314,0.0002762026329186994,1.0817239084348391,1.0044507285355346,False,none,False,False
2023-07-26,0.0007242216302423076,0.0008655868521022316,0.0008883607327966401,0.00018618733450427097,0.04481036402900484,0.022574322038538975,0.0007242216302423076,0.0002103647184092325,0.00013965224632124978,0.0002618077409669773,3.3611529073921007,3.2943831836899147,False,none,False,False
2023-07-27,0.0002446691428856936,0.00014374227501377416,9.252399660595214e-05,0.0001798662176744178,0.026045477654382684,-0.018928009885518796,0.0002446691428856936,0.00024378359001534015,0.0001474749820746049,0.0003816072592128921,1.192777863606019,1.1334309560700733,False,none,False,False
2023-07-28,0.00018247873048515042,0.00011457172499214642,8.018930436134724e-05,0.00018139948255309468,0.02249307605001505,0.01892800988551886,0.00018247873048515042,0.00026476437914133916,0.0001501913349106669,0.00034513803379542825,1.775069293745981,1.6743855834409116,False,none,False,False
2023-07-31,0.0002356941709044091,0.00032190108760145927,0.00035080707932938515,0.00018786013410291582,0.025563313559615473,0.010657294473988199,0.0002356941709044091,0.00029465797411286647,0.00015524734000011269,0.0003493768531525684,1.2893201647914825,1.1933129047099698,False,none,False,False
2023-08-01,0.0003891649322172059,0.00020912378929342448,0.00011837147469596705,0.0001899783730255082,0.032848048681110936,-0.017825783952600687,0.0003891649322172059,0.0003552457213469531,0.00016710521580020864,0.0004536836703952522,1.1770649129098754,1.0817655522536287,False,none,False,False
2023-08-02,0.0001656281779142473,0.00015133129051230442,0.00015416894880320356,0.00019626779215014948,0.02142939145589921,0.017825783952600666,0.0001656281779142473,0.00024352703088134108,0.00016876020439909986,0.0002938986843344971,0.21041066107981418,0.0894881815371885,False,none,False,False
2023-08-03,0.00011460717955604336,8.06011681896183e-05,6.400647434385651e-05,0.00018626711584403402,0.017825783952600666,-0.014235115821871985,0.00011460717955604336,0.00021751463821541103,0.0001700786128468906,0.00029606459023379724,-0.20046460420158882,-0.3175537830551128,False,none,False,False
2023-08-04,0.0001656281779142473,0.00020990034551528628,0.00020410419490604447,0.00017682876331628138,0.02142939145589921,0.007142887512380204,0.0001656281779142473,0.00021414452770123038,0.0001757048078312798,0.00029752717964129057,0.49586204783545706,0.44941900882839547,False,none,False,False
2023-08-07,0.0001244620589366016,0.00016770063800503138,0.0001665971639076956,0.00018116128406594253,0.018576385572935457,0.007092228309491837,0.0001244620589366016,0.0001918981053076689,0.00016669860101669318,0.00028505760636002574,0.47073490591733524,0.4073288435313879,False,none,False,False
2023-08-08,0.00029574670099131485,0.0001645283774386282,9.815043779251501e-05,0.0001859067199936912,0.02863536219097185,0.02873510723667268,0.00029574670099131485,0.00017321445906249067,0.00016833052965110274,0.0003044606607396703,2.2503953887079966,2.176141127746226,False,none,False,False
2023-08-09,0.00022563907910309191,0.00013382672084328624,8.722618918501986e-05,0.00018571342597533346,0.025012084399701727,-0.013829088151045247,0.00022563907910309191,0.0001852166393002596,0.00017659614422256317,0.0003119866937856288,-0.020528132299138534,-0.15427491255085737,False,none,False,False
2023-08-10,0.00012101224111406375,0.00012547596187981793,0.00011346117933141326,0.00018569992425695631,0.018317127912579917,-0.006986927986680003,0.00012101224111406375,0.00018649765161186368,0.00017859628956975505,0.0003397852573623087,0.7003601457084319,0.6125443682855507,False,none,False,False
2023-08-11,0.0002356941709044091,0.00027601842472290463,0.00026109662177074367,0.00019251897891614395,0.025563313559615473,-0.011458917804071543,0.0002356941709044091,0.00020051085020989602,0.00018330694353734087,0.00041631113746559164,-0.10877660077876014,-0.19209018680000997,False,none,False,False
2023-08-14,8.070300499287828e-05,0.00010442747862296205,0.00010859827295733719,0.0001955732217266699,0.014958483930335824,0.007067167223092353,8.070300499287828e-05,0.00019175903942115138,0.00018308425314135138,0.0002846029136549273,-0.6027471953497152,-0.7574987903309108,False,none,False,False
2023-08-15,0.00045974024071352245,0.0006184775086076319,0.0006297337661829159,0.00021626169948623267,0.035702529414064134,0.011378678567659034,0.00045974024071352245,0.0002245577473655929,0.00020006216426256726,0.00024285536660932235,0.2480634621194515,0.15139278014081176,False,none,False,False
2023-08-16,0.00012101224111406375,0.00014916157371208235,0.0002084247107999436,0.00022375149690919452,0.018317127912579917,0.0,0.00012101224111406375,0.00020363237976778726,0.00020327912269410848,0.000259236594703736,-0.8755116913665254,-1.0282344801013132,False,none,False,False
2023-08-17,0.0001562822947270731,0.00019805625015219348,0.00019258686007015004,0.0002233276009870688,0.020816016137725213,0.006938449344920854,0.0001562822947270731,0.00021068639049038915,0.00020450929842085543,0.00027052984309936266,0.6596688672278652,0.5653565875423769,False,none,False,False
2023-08-18,0.0019350599583308908,0.0006100450132489627,0.0,0.00025104907034931046,0.07324701643975684,-0.06979576193554198,0.0019350599583308908,0.0005505595479756854,0.00028659300431141226,0.001429773556121117,1.4887676815592532,1.3878228055095259,False,none,False,False
2023-08-21,0.0004325693536160205,0.0005913348706909121,0.0007045981983918382,0.0002768276406161386,0.03463144396964023,-0.0046446901893246,0.0004325693536160205,0.000620932817700314,0.0003027291210732698,0.0007135015429304834,-0.8967061657666561,-0.9569688870798908,False,none,False,False
2023-08-22,0.0010725842135846514,0.0013998892009767592,0.002155314776779187,0.00036739565674443527,0.05453287902025006,-0.01500966265056529,0.0010725842135846514,0.0007435016122745397,0.000347956822379156,0.0012591156051896522,0.29291577558713083,0.19815090792994972,False,none,False,False
2023-08-23,0.0007925335642689561,0.0004998876623400059,0.00035179233996120087,0.00034715973377475703,0.04687610929128616,-0.03559779425357902,0.0007925335642689561,0.0008778058769055182,0.0003800617027528916,0.00032425890086261764,0.07844323987418358,0.1537236271775124,False,none,False,False
2023-08-24,0.00021106487238211943,0.0002696077159843013,0.00028659776082634727,0.0003587769883956931,0.024190826460202697,0.01939925045030332,0.00021106487238211943,0.0008887623924365275,0.0003857361880408618,0.0004797675230376027,-1.2336166802996562,-1.2262661836463296,False,none,False,False
2023-08-25,0.00014720877268361652,0.00019830491840207315,0.00023340193244823895,0.00036280053428045986,0.02020270731751947,-0.007714599495330324,0.00014720877268361652,0.0005311921553070726,0.00035950833087910317,0.00034451871252784313,-1.717145510627878,-1.6242507371180908,False,none,False,False
2023-08-28,9.60977295730469e-05,0.00010459373995941384,0.00012592520722902115,0.00035437051887349735,0.01632297403193052,0.01632297403193052,9.60977295730469e-05,0.0004638978304984779,0.00035275508481943745,0.0002875215430485781,-2.252459229123748,-2.142617489566766,False,none,False,False
2023-08-29,0.00014608228262667677,0.00017388704400075853,0.00017311408722320122,0.0003507123829385281,0.020125259981669016,-0.008608374536600164,0.00014608228262667677,0.00027859744430688295,0.00035110070082587045,0.00027847526187353163,-0.6682610850814507,-0.5847669675331205,False,none,False,False
2023-08-30,9.463820553041621e-05,0.00012556889335149006,0.00012782849728504655,0.00034724547391951977,0.016198543803275726,0.008608374536600101,9.463820553041621e-05,0.000139018372559175,0.00034468906603614353,0.0003619913378470706,-1.6472942195608742,-1.5662435170194262,False,none,False,False
2023-08-31,2.0778656796327144e-05,2.3262760068603158e-05,2.8859993958817284e-05,0.00034548230015936805,0.007590169266675653,0.007590169266675653,2.0778656796327144e-05,0.00010096112944201654,0.00032794423533519446,0.00030010466485373835,-0.8710208164229731,-0.8687341543161666,False,none,False,False
2023-09-05,0.0001393259600518124,0.0001443773836901556,0.0001304015298544138,0.00034250463392212116,0.019654352839889828,0.01500966265056523,0.0001393259600518124,9.938456691565572e-05,0.00032674867997781106,0.00031575542483338774,-0.2738219437762532,-0.2762571312606106,False,none,False,False
2023-09-06,0.00013828857053840932,0.0001917086655447271,0.0001958878990086116,0.000344080983374581,0.019581045199106563,0.0,0.00013828857053840932,0.00010782273510872819,0.0003278251068406459,0.0004739130959434015,-1.003759002178498,-0.9317089435173151,False,none,False,False
2023-09-07,0.00013726272453131803,9.358765063572677e-05,7.192001655551193e-05,0.00033686528741438395,0.019508282395419595,-0.00747667034302014,0.00013726272453131803,0.00010605882348965644,0.00032653576805051276,0.0002540629397202904,-0.42815697731755653,-0.33092152048139956,False,none,False,False
2023-09-08,4.553482507053567e-05,5.766513039878692e-05,8.400841576682678e-05,0.00033534959157040896,0.01123607326692597,-0.0037594029239058128,4.553482507053567e-05,9.623814739768033e-05,0.00032294816651114606,0.00031747065411069024,0.08978059633029026,0.24670303730491522,False,none,False,False
2023-09-11,0.00026771514248081796,0.00017383121932093316,0.00012654236454120242,0.00034047804708599896,0.027244522106565423,-0.011363758650314982,0.00026771514248081796,0.0001456254445345785,0.000321674004760669,0.0006714428388578607,-0.4209814689115655,-0.3456024327531265,False,none,False,False
2023-09-12,0.00012840696389226244,0.00015608920054543946,0.00015702828586427076,0.00033733705419701976,0.018868484304382736,0.015123161574220828,0.00012840696389226244,0.00014344164530266852,0.00031725436316017673,0.0005147354200190486,-2.4444559633158103,-2.3415819234364963,False,none,False,False
2023-09-13,0.00019381757767769427,0.00026868821502050395,0.00039178780759184436,0.00034696052097884557,0.023181381107281074,0.003745322730161892,0.00019381757767769427,0.0001545474467305255,0.0003205636966403417,0.0005223276720295599,0.4782519028256888,0.476304742484791,False,none,False,False
2023-09-14,0.00012744325603218984,4.017762988683238e-05,0.0,0.00031923300401061696,0.01879754596750242,-0.01506619835464429,0.00012744325603218984,0.00015258355303069987,0.0003156432005097863,0.0004299327543549536,-0.6483338969296094,-0.5853519972466291,False,none,False,False
2023-09-15,0.00019820409411047194,0.0002692266433364329,0.00046074198078230056,0.00032968718697040195,0.02344223615682699,0.0,0.00019820409411047194,0.00018311740683868712,0.0003209841591060406,0.0003496531699572906,-0.680789442907397,-0.6202829122541808,False,none,False,False
2023-09-18,0.0001438677510430202,0.00011042178064415036,9.569799424493809e-05,0.0003240141553233231,0.01997213318691517,-0.007619084476439293,0.0001438677510430202,0.00015834792855112757,0.0003066263186664723,0.0003555034511942291,-0.9218565615292048,-0.8527987247742944,False,none,False,False
2023-09-19,0.00027647633436194547,0.0003776927795397317,0.0004144308468769295,0.00031077073476518395,0.027686732682245568,0.007619084476439358,0.00027647633436194547,0.00018796180264506418,0.00031369286835955783,0.0005002989793967851,-0.9417255238826266,-0.9126600720231456,False,none,False,False
2023-09-20,4.657560987202238e-05,5.9024930651513884e-05,5.739388706639085e-05,0.0002834787634882923,0.011363758650315003,0.0037878833169371563,4.657560987202238e-05,0.00015851340908392978,0.0003087062008661464,0.000465192051961601,-1.7236904836345313,-1.7938161079372106,False,none,False,False
2023-09-21,0.00012938164457897337,0.00015710636754529824,0.00015746075767225084,0.0001967523771475695,0.01893996010092147,-0.0075901692666755964,0.00012938164457897337,0.0001589010867932865,0.00022662991387742293,0.0003567120109982238,-0.6312817224205372,-0.5382311874934207,False,none,False,False
2023-09-22,0.0006057409716640493,0.0006295755737629117,0.0006003059790274882,0.0002090986526879394,0.04098134437319388,-0.03193304710300915,0.0006057409716640493,0.00024040846230400197,0.0002345013510614242,0.0008335369122942923,0.8376779021312397,1.1506166658840917,False,none,False,False
2023-09-25,0.0009020602825052611,0.00042955207897362336,0.00019554441560401897,0.0002126493079694586,0.050010420574661416,-0.042174925050712804,0.0009020602825052611,0.0003920469685964502,0.0002267502632850883,0.0016047291569737823,0.35787946743337756,0.4999353923876022,False,none,False,False
2023-09-26,0.00023691227372627506,0.00022353883466238978,0.00023453501090753878,0.000210717068987597,0.025629285949742224,-0.012384059199721555,0.00023691227372627506,0.0003841341564693161,0.00020149475007860278,0.0009685572586791762,0.32105881122893976,0.3356849377450501,False,none,False,False
2023-09-27,0.00017242212791616492,0.00023244530603787827,0.00038779965250724293,0.00022014839142651244,0.021864483696738504,0.008273056493199283,0.00017242212791616492,0.0004093034600781446,0.00019973826169378668,0.0010230318975136955,-1.1881421841184967,-1.2071177617957578,False,none,False,False
2023-09-28,0.0002433559252671703,0.00015269274607984667,0.00010678529490703777,0.00021878843009232388,0.025975486403260736,-0.02186448369673851,0.0002433559252671703,0.000432098316215784,0.00020410858681122097,0.0004998253290751591,-0.9166086496142635,-0.9121001407324297,False,none,False,False
2023-09-29,0.0003201126751245768,0.00010091839288844468,0.0,0.000280115696901193,0.029791622864429667,0.009429090288851687,0.0003201126751245768,0.00037497265690788947,0.00021429108433629053,0.0003234958636614573,-0.567236380118611,-0.5408552883181125,False,none,False,False
2023-10-02,0.0001536589359164668,0.00018657719229853354,0.0001869670513430218,0.0002878974768861042,0.020640567647072137,0.012435393407886896,0.0001536589359164668,0.0002252923875901306,0.0002146354776676446,0.00031442970242157747,-2.1623737972031813,-2.070700350556621,False,none,False,False
2023-10-03,0.0008121343276959191,0.00040078597786444834,0.00019588153159104255,0.0002991628467235365,0.04745223364514564,-0.047452233645145676,0.0008121343276959191,0.0003403367983840594,0.00024724893776607653,0.0008249063541725752,0.5864149337450913,0.6416370592814253,False,none,False,False
2023-10-04,0.00026094449704601984,0.0003545688716422256,0.00035711955191544654,0.00030699255423541767,0.0268978023198983,0.004310351501122263,0.00026094449704601984,0.00035804127221003036,0.0002581655668683353,0.001158605864043862,-0.3494281226662792,-0.2823162130295604,False,none,False,False
2023-10-05,0.0004666850964421797,0.0002592856780476469,0.0001543829864215954,0.00031343700504753245,0.03597118062050469,-0.03167932853896377,0.0004666850964421797,0.0004027071064450323,0.00027304552761335196,0.000604763551311353,0.7566027589726441,0.7825577093381325,False,none,False,False
2023-10-06,0.0003619649205919323,0.00029851755958109456,0.00023869151415361557,0.0003275309298893164,0.03167932853896385,0.027368977037841566,0.0003619649205919323,0.00041107755553850336,0.00028321263443396665,0.0005627629570926907,-0.5165476066129613,-0.4138117154005418,False,none,False,False
2023-10-09,0.0001238297781978592,3.903844857938623e-05,0.0,0.0003500249998035729,0.01852914046870059,0.0,0.0001238297781978592,0.00040511172399478187,0.000282602045964264,0.0003172411232121569,1.1589882728836798,1.2908442599576626,False,none,False,False
2023-10-10,0.00010494696831118,3.308547334577479e-05,0.0,0.0003451679851314537,0.01705798290457677,0.02136833440569902,0.00010494696831118,0.0002636742521178341,0.00028530259792974784,0.0002992788427071122,-0.4691712808227508,-0.5397779054937445,False,none,False,False
2023-10-11,0.00024954013168098076,0.00027457712014360115,0.0003343705551077927,0.00035355540101957565,0.02630346279190094,0.004219415542708068,0.00024954013168098076,0.0002613933790448262,0.00028447646107520973,0.0003222285787878575,-1.10284955244349,-1.22109363702453,False,none,False,False
2023-10-12,6.775481739069606e-05,5.92938834708271e-05,5.807663733762336e-05,0.00035553636755873154,0.013706065904367296,-0.004219415542708099,6.775481739069606e-05,0.00018160732323452947,0.00028171954532513855,0.00028279394188003706,-1.650973291897891,-1.6028965097429932,False,none,False,False
2023-10-13,0.00016468570026676027,0.00016480763349147225,0.0001461205004038498,0.0003664022841804534,0.02136833440569902,-0.004237294475515267,0.00016468570026676027,0.0001421514791694951,0.00028039536907918704,0.0003985200356444534,-0.4940330790456526,-0.42959877092613263,False,none,False,False
2023-10-16,0.00016328699639187518,0.00021936890296799834,0.000217315847208218,0.00037018740162358347,0.02127739844728488,-0.004255325570138272,0.00016328699639187518,0.00015004292280829828,0.0002820246300046273,0.0004056205628451489,-1.6047279545316933,-1.5069050753034878,False,none,False,False
2023-10-17,0.00010494696831118,0.00011714673426373352,0.00014486696755382504,0.0003576398527491878,0.01705798290457677,-0.008565362858923046,0.00010494696831118,0.00015004292280829828,0.0002777856697410231,0.0011393493311598034,-1.2661318459580473,-1.1913205171802537,False,none,False,False
2023-10-18,0.0004666850964421797,0.000646962917616486,0.001021999850969431,0.0003985986187362038,0.03597118062050469,0.0,0.0004666850964421797,0.00019347191576053806,0.0002924591854409849,0.0015185171659680221,0.7265624054216708,0.663564125193455,False,none,False,False
2023-10-19,0.00018979052496894165,0.0002259350513819951,0.00022499299009378897,0.00040702009142778496,0.022939290946253226,-0.018448705552333182,0.00018979052496894165,0.00021787905727618716,0.0002885189213776666,0.0006510583867064954,-1.3728206536001957,-1.3681842930778434,False,none,False,False
2023-10-20,0.00018979052496894165,0.0002262570515901648,0.00030216846505626814,0.00038920999541770557,0.022939290946253226,0.014138354051210911,0.00018979052496894165,0.00022290002221662348,0.0002950286902457083,0.0011221560165446077,-0.7641852659116138,-0.6875247055080084,False,none,False,False
2023-10-23,0.0002678157808093377,0.0002940539466742232,0.00028140765770625243,0.0003816937297748045,0.02724964244737554,-0.014138354051210831,0.0002678157808093377,0.00024380577910011595,0.00030132115098345215,0.00047797269235860557,-1.0874424672307443,-1.015733504203705,False,none,False,False
2023-10-24,0.00018979052496894165,0.0001858879744777445,0.000201887252034991,0.00038170033640443096,0.022939290946253226,0.014138354051210911,0.00018979052496894165,0.0002607744904316683,0.0002824143124973109,0.00040075120372308807,-0.6048888821240629,-0.49898109300689686,False,none,False,False
2023-10-25,0.00010676036276958255,0.0001480012888985862,0.00018452435729523245,0.00037241530639419817,0.01720472544963076,0.0,0.00010676036276958255,0.00018878954369714885,0.00024626431614568916,0.0002973704155077044,-1.3115388254052844,-1.2424517852133827,False,none,False,False
2023-10-26,0.0005091871110925743,0.0003113396047132425,0.0002109690021192219,0.0003819057175858401,0.03757348056442371,-0.03628765376968038,0.0005091871110925743,0.00025266886092187535,0.00025864044511688457,0.0009120830027313609,1.6585240700814858,1.5801634149282238,False,none,False,False
2023-10-27,0.00019704096076335396,0.00024297068436040736,0.00033969694108050704,0.00031766292873524346,0.02337335118530859,0.017758513300979894,0.00019704096076335396,0.0002541189480807579,0.000259759482973575,0.0010318155341383247,-0.6387878978312446,-0.5830409022793327,False,none,False,False
2023-10-30,6.369631705115003e-05,8.065432903755281e-05,0.00011747464005853479,0.0003163108899358217,0.013289232118682706,-0.013289232118682652,6.369631705115003e-05,0.0002132950553291203,0.0002515931371455741,0.0008071557115116844,-1.4525563515036624,-1.4618663535093304,False,none,False,False
2023-10-31,0.00038257753911511143,0.00022449230371024507,0.00014426979410561578,0.0003074549048448276,0.03256885276353477,-0.023689771122404776,0.00038257753911511143,0.0002518524581583543,0.0002544324491451438,0.0011587320919332063,0.43964505723397995,0.4697877819641797,False,none,False,False
2023-11-01,6.737542676952078e-05,8.545701380090247e-05,0.0001248194860382696,0.00029870340581980787,0.013667638728663615,0.009090971701252105,6.737542676952078e-05,0.0002439754709583419,0.00025051047145664625,0.0009146159468878683,-0.7531702382782599,-0.6643351103647964,False,none,False,False
2023-11-02,0.000368375891368737,0.00023897431550179876,0.00017378315078404863,0.00030342835820389353,0.031958642680094955,0.0366504096188215,0.000368375891368737,0.00021581322701357447,0.00023033963344177435,0.00089327092400902,0.24764749407056338,0.3741926287310333,False,none,False,False
2023-11-03,0.0001238297781978592,0.00016024213151749573,0.0001667073250847433,0.00029710878482589267,0.01852914046870059,0.0,0.0001238297781978592,0.0002011709905004755,0.00022410714622140342,0.00047252228270794875,0.24543922945420998,0.3628607081702391,False,none,False,False
2023-11-06,7.147296456414455e-05,7.025010286418421e-05,7.654784436196344e-05,0.0002792605052351073,0.014077113890836811,0.014077113890836811,7.147296456414455e-05,0.0002027263200030744,0.00020614295840876544,0.000292036820242399,0.3673242880266307,0.5713803206504084,False,none,False,False
2023-11-07,0.00012169814736236634,0.00016147016893328642,0.00016434616606452883,0.00028499279166327863,0.018368965972377756,-0.008639362590707854,0.00012169814736236634,0.0001505504416525254,0.00019522174144378515,0.00040378927829701677,-0.7657057945736098,-0.7030651628262069,False,none,False,False
2023-11-08,0.00045082111625147764,0.00037205112570459423,0.00034529912141066546,0.00027519964142427877,0.03535451233812165,0.0299167610379926,0.00045082111625147764,0.00022723957954891676,0.00021008498408258598,0.0010977876864754295,0.7433773788634688,0.749627347792342,False,none,False,False
2023-11-09,0.0004276062081973436,0.0005821434492994827,0.0006542795462834727,0.00029918086518934467,0.03443219642148422,0.005249355886143745,0.0004276062081973436,0.0002390856429146381,0.00022475131316832073,0.0004063863445523267,2.5850498831751505,2.4502975985951503,False,none,False,False
2023-11-10,0.0004128295001817203,0.0005657206905812675,0.0006494469478016579,0.0003151689431704465,0.03383203240143464,0.012487154972563915,0.0004128295001817203,0.0002968855873114103,0.00023217355719108165,0.0005063032152681625,2.334474900040252,2.2248717070296182,False,none,False,False
2023-11-13,0.00023118877891545173,0.0003104708098278739,0.00037994313065122084,0.000327407261066573,0.025317807984289786,0.01742740159895912,0.00023118877891545173,0.00032882875018167175,0.00023960237362402506,0.00035737211192277715,2.0074022785420835,1.9064201449986402,False,none,False,False
2023-11-14,0.00023498104999375853,0.0002585319908488215,0.0003147987918077044,0.0003365702622424824,0.0255246118315785,-0.005094254521743083,0.00023498104999375853,0.0003514853307079502,0.0002427976167934341,0.00036734034581043244,0.7343124787214177,0.643516386103058,False,none,False,False
2023-11-15,0.00031236327686423826,0.00031666063781046695,0.00035528170769275866,0.00031123904181866305,0.029428810690811977,-0.008205174239185287,0.00031236327686423826,0.00032379376283050233,0.00024957381136035965,0.00031657468369003397,1.3444522069533968,1.3054808093844448,False,none,False,False
2023-11-16,9.793449922509792e-05,0.0001292908850349531,0.00020406738489652296,0.00030192561789763706,0.016478230732384684,0.008205174239185296,9.793449922509792e-05,0.0002578594210360532,0.0002492550627655377,0.0002818183342728106,-0.5873991134411269,-0.5990414393683885,False,none,False,False
2023-11-17,0.0003201126751245768,0.00033887908196376693,0.00032044800756504937,0.00030433980795110065,0.029791622864429667,-0.01647823073238468,0.0003201126751245768,0.0002393160560246245,0.00024259267997837395,0.0007156152988876463,0.2936433900307064,0.2125963340493268,False,none,False,False
2023-11-20,0.0001738673681666605,0.00021414906804487208,0.00022040710089577304,0.00030800267762522875,0.02195592640141597,0.0,0.0001738673681666605,0.00022785177387486623,0.00024186890012372483,0.0006477391395135697,-0.17726569574909137,-0.24889815016788067,False,none,False,False
2023-11-21,9.874642502107443e-05,0.00013689161218746355,0.00013689395454820864,0.00030290077199357436,0.016546396114408935,0.004145083655168622,9.874642502107443e-05,0.00020060484888032942,0.00023773053194427635,0.00021732646801215355,-1.131085405663459,-1.1770291234012635,False,none,False,False
2023-11-22,0.00011346212834153307,0.00015065470774640514,0.00024106449618090852,0.0003053675008759503,0.01773651085870773,-0.004145083655168664,0.00011346212834153307,0.00016082461917578836,0.0002307144568321034,0.00025941388274937805,-0.13818944169944808,-0.22978272782934123,False,none,False,False
2023-11-23,0.0001738673681666605,5.481324775501173e-05,0.0,0.00028906467326760227,0.02195592640141597,-0.017810842746247318,0.0001738673681666605,0.0001760111929641009,0.00022999067697745425,0.0010156845840686415,0.17490394045825375,0.16913379764096442,False,none,False,False
2023-11-24,0.00023614499408815772,0.00032043068806968003,0.00040174416363661467,0.000290391824320672,0.025587749948407068,-0.004237294475515267,0.00023614499408815772,0.00015921765675681708,0.00023587179658284403,0.0006793171317405022,0.3325699430060768,0.33993461048531914,False,none,False,False
2023-11-27,5.878048009197991e-05,5.338759087374045e-05,5.4093855610153927e-05,0.00028029554240888263,0.012766130823035751,-0.008528836347520436,5.878048009197991e-05,0.00013620027914188095,0.00021539876790099884,0.000317666124584504,-1.717953199810921,-1.8811982241718914,False,none,False,False
2023-11-28,0.00010676036276958255,0.0001480012888985862,0.00018547920726418,0.0002775921477645696,0.01720472544963076,0.0,0.00010676036276958255,0.00013780306669158258,0.0002112951043558274,0.00039848843575370017,-0.3787804878925089,-0.45718550227238586,False,none,False,False
2023-11-29,2.623578782504187e-05,2.93156716106969e-05,3.629297539312868e-05,0.000273641718111468,0.008528836347520502,0.0,2.623578782504187e-05,0.00012035779858828434,0.00020959235302736793,0.00018971805252041745,-0.8468836380458457,-0.8719147420320451,False,none,False,False
2023-11-30,0.00016468570026676027,0.00016480763349147154,0.0001461205004038498,0.000266406881524593,0.02136833440569902,-0.00429185208154092,0.00016468570026676027,0.0001185214650083043,0.00019968817853426108,0.0003083959593445621,-0.3599079334196871,-0.40552263084971507,False,none,False,False
2023-12-01,5.979394597968108e-05,7.583715703004271e-05,0.00011075951619733038,0.00026502822160740246,0.012875714360045367,0.004291852081540863,5.979394597968108e-05,8.325125538660898e-05,0.00019934356577108652,0.00023620498835940116,-1.4937696988407232,-1.4341216759632376,False,none,False,False
2023-12-04,0.00025165399541503383,0.00022424347918171314,0.0001875651199511553,0.00027186437241833556,0.02641463665459558,0.022234902251887793,0.00025165399541503383,0.00012182595845121975,0.00019403802504591817,0.00036020924053494884,0.2048328563097524,0.18191692120811373,False,none,False,False
2023-12-05,0.00011441513730002035,0.00012397882184917353,0.00014857932041210784,0.0002687602265744483,0.01781084274624737,-0.009468771428851903,0.00011441513730002035,0.0001233569133573073,0.00019361008682328916,0.0002046687307185302,-0.6714767428075051,-0.7076482910129608,False,none,False,False
2023-12-06,6.718692532357883e-05,8.24962298127079e-05,7.936377440379992e-05,0.0002517565210638042,0.013648505831559769,0.009468771428851967,6.718692532357883e-05,0.00013154714085701467,0.0001934152668578089,0.00026489735114597443,-1.4860702632233014,-1.4786945354393095,False,none,False,False
2023-12-07,0.0001738673681666605,0.00023038672616784465,0.0002614312411024942,0.00023422973217903135,0.02195592640141597,-0.00524935588614379,0.0001738673681666605,0.00013338347443699473,0.00019578659507618593,0.0006863921283500101,0.006655020838646887,0.08739416828225448,False,none,False,False
2023-12-08,0.00022219213001221943,0.0003013311283441835,0.0003749876786110089,0.00021595367094585165,0.02482030204978003,0.013591427203539211,0.00022219213001221943,0.00016586311124350243,0.0001853943684289469,0.0002714063720933321,0.5121812643937189,0.7576200477947396,False,none,False,False
2023-12-11,9.956848989105832e-05,0.00011137181196916152,0.00010352595744875194,0.00019941321645711095,0.016615127810594595,-0.004162336914687411,9.956848989105832e-05,0.00013544601013870731,0.0001704835630513885,0.00023093472981982333,-1.362409600140622,-1.417974121367258,False,none,False,False
2023-12-12,0.00011346212834153307,0.00015059934014355448,0.00016258974747724745,0.00019104340875889623,0.01773651085870773,0.0,0.00011346212834153307,0.00013525540834700983,0.0001568759552404709,0.00012954045866137205,-0.866409080203592,-0.8057336571109962,False,none,False,False
2023-12-13,0.00011538020408816333,3.637464453160562e-05,0.0,0.00017415508303789717,0.01788580030707505,-0.01788580030707514,0.00011538020408816333,0.00014489406409992674,0.00015161192911195776,0.0003628432364751551,0.11520993542709196,0.3200222824050679,False,none,False,False
2023-12-14,0.00016328699639187518,0.00016340786797511882,0.0001448794177729046,0.0001715827806716282,0.02127739844728488,-0.008528836347520436,0.00016328699639187518,0.0001427779897449697,0.00014835310849369034,0.0002629525694153816,-0.663006922891675,-0.6177976361409165,False,none,False,False
2023-12-15,0.00010584784058865928,8.269483234625448e-05,7.289815225797074e-05,0.00016015669799375722,0.017131039930183774,-0.008602203582663191,0.00010584784058865928,0.00011950913186025767,0.00013896604320843677,0.00023720989077137132,1.5187524989870216,1.5243704949123138,False,none,False,False
2023-12-18,0.00012169814736236634,9.215938103468003e-05,7.883688484430276e-05,0.0001464180088363523,0.018368965972377756,-0.009766762389714537,0.00012169814736236634,0.0001239350633545193,0.00014004620903285806,0.0002312879317662384,-0.5070701469806884,-0.4266542860200106,False,none,False,False
2023-12-19,7.147296456414455e-05,6.223408477953257e-05,6.067730899083751e-05,0.0001451905919966519,0.014077113890836811,0.009766762389714408,7.147296456414455e-05,0.00011553723059904157,0.00012874440400738386,0.00024281075861129972,-1.1532596910487698,-1.1348038442789299,False,none,False,False
2023-12-20,5.979394597968108e-05,8.289201014073923e-05,9.226080084198428e-05,0.0001397569706019882,0.012875714360045367,0.008602203582663288,5.979394597968108e-05,0.00010441997897734513,0.00012355924845343025,0.00018263050887832495,-0.7420621444382286,-0.7263442559357128,False,none,False,False
2023-12-21,2.64609894415753e-05,3.66827204525088e-05,3.668288865422797e-05,0.0001399454808518124,0.008565362858923,0.0,2.64609894415753e-05,7.705477758728513e-05,0.00012027354683618029,0.0002479825702826772,-1.534445246279287,-1.439248272992511,False,none,False,False
2023-12-22,0.00010676036276958255,0.00011966063277590302,0.00014863786143293997,0.00012855014303919877,0.01720472544963076,-0.00429185208154092,0.00010676036276958255,7.723728202346978e-05,0.00011996892112836437,0.00022408007296744525,0.2827606094192653,0.4290088010031981,False,none,False,False
2023-12-25,0.00010584784058865928,0.00014673626454477545,0.0001467389559203703,0.00013178223392479438,0.017131039930183774,0.004291852081540863,0.00010584784058865928,7.406722066872837e-05,0.00011687712442027339,0.00027297945910630654,0.15723958486946912,0.17548751842506252,False,none,False,False
2023-12-26,0.00010584784058865928,0.00013962072461875464,0.0001464240745995052,0.0001299853727998187,0.017131039930183774,-0.00429185208154092,0.00010584784058865928,8.094219587363133e-05,0.00011095452653393257,0.00016420286495717547,0.2707373056448229,0.23071693378142027,False,none,False,False
2023-12-27,0.00010676036276958255,3.365716221858582e-05,0.0,0.00013071865810065602,0.01720472544963076,-0.008639362590707854,0.00010676036276958255,9.033547923161162e-05,0.00011313543029200539,0.00019843676648801368,1.7230786560748954,1.6562878178306735,False,none,False,False
2023-12-28,6.031053634406326e-05,8.360815644989112e-05,9.305858026354896e-05,0.00012811317377172003,0.012931214672248784,0.00863936259070786,6.031053634406326e-05,9.710538861210922e-05,0.00011102407454539088,0.00038558466176931324,-0.6148768267200619,-0.5701964765669557,False,none,False,False
2023-12-29,2.6689103177844335e-05,3.6998953238792554e-05,3.69991243530541e-05,0.00012469572508262865,0.008602203582663288,0.0,2.6689103177844335e-05,8.109113669376158e-05,0.0001110446797887001,0.0002206502911502015,1.0668858424636094,1.0170602786304401,False,none,False,False
2024-01-02,5.979394597968108e-05,7.577647021471843e-05,7.368269161528779e-05,0.0001161216082022275,0.012875714360045367,0.0,5.979394597968108e-05,7.188035777196593e-05,0.00010627687277565104,0.00033886723970164365,-0.17221267138772797,-0.17025637262110782,False,none,False,False
2024-01-03,0.00010584784058865928,8.324104039935748e-05,7.384080367885364e-05,0.00011489989376658251,0.017131039930183774,0.01282068842906125,0.00010584784058865928,7.188035777196593e-05,0.00010837023162151368,0.0002462726979624628,0.46499649197054044,0.5054572672434394,False,none,False,False
2024-01-04,0.00011538020408816333,0.00015995092631228297,0.00020423637590635325,0.00011976628403013809,0.01788580030707505,0.0042372944755152174,0.00011538020408816333,7.360432603568209e-05,0.00010217596837938321,0.00027763024423249925,1.8254192456608067,1.7500219528868561,False,none,False,False
2024-01-05,0.0001040575484667508,8.129841830427466e-05,7.166907833700796e-05,0.00011211160210223759,0.016985546365743807,-0.012766130823035802,0.0001040575484667508,8.23537284602196e-05,0.00010170516888696186,0.00016350124515512282,0.25611040385966627,0.2228194527407503,False,none,False,False
2024-01-08,5.878048009197991e-05,7.449210872116959e-05,7.243380605175508e-05,9.730439675282045e-05,0.012766130823035751,0.008528836347520502,5.878048009197991e-05,8.877200384304671e-05,0.00010132305774007102,0.00019367522407594438,1.0406918026348695,1.1372171016803934,False,none,False,False
2024-01-09,2.601344896965925e-05,2.9126511978495872e-05,3.6138863237738566e-05,9.534236795345852e-05,0.008492620045653597,0.0042372944755152174,2.601344896965925e-05,8.201590444104234e-05,9.460242504929823e-05,0.00018893027635295964,0.010288038319900803,0.00684536832163958,False,none,False,False
2024-01-10,0.00011635753298449128,0.00013367958582448202,0.00012604186781862802,9.392026582193371e-05,0.01796139147450564,-0.004237294475515267,0.00011635753298449128,8.411784292020874e-05,8.979176154803784e-05,0.00028129722931122156,0.24224575192569736,0.13551082373113232,False,none,False,False
2024-01-11,0.0004276062081973436,0.0004050025232611768,0.0004264103588601036,0.00011530851737631041,0.03443219642148422,0.0220481372217626,0.0004276062081973436,0.0001465630437420448,0.00010470256692559627,0.00021532531543659345,2.4704911671125136,2.3592337882576504,False,none,False,False
2024-01-12,0.000431198351303659,0.00033494482590035364,0.0002936452407895698,0.00012627350695027426,0.03457651928510029,-0.017810842746247318,0.000431198351303659,0.00021199120430942642,0.00011914512251478383,0.0003260675503319432,1.4897178191631277,1.4014892947558764,False,none,False,False
2024-01-15,0.00011538020408816333,8.738311910444522e-05,7.475789486344412e-05,0.0001283014856452415,0.01788580030707505,-0.004237294475515267,0.00011538020408816333,0.00022331114910866312,0.00011914512251478383,0.00024041562323773617,-0.1081981905934017,-0.09482091551405804,False,none,False,False
2024-01-16,5.828338242291954e-05,5.3171718374147904e-05,5.409385008766346e-05,0.000127691864981262,0.012712035588361724,0.008456710018223458,5.828338242291954e-05,0.0002297651357993152,0.00011437223097074037,0.0002399534927826862,-1.0918247005420432,-1.0591150467740411,False,none,False,False
2024-01-17,6.775481739069606e-05,6.630191526168993e-05,7.194801773096456e-05,0.00012743029977703852,0.013706065904367296,-0.008456710018223509,6.775481739069606e-05,0.00022004459268055613,0.00011264072991628749,0.0002013953704799429,-0.04625281444593035,-0.14146612487880697,False,none,False,False
2024-01-18,2.601344896965925e-05,3.606229761991865e-05,3.6062460180104385e-05,0.0001240518520454777,0.008492620045653597,0.0,2.601344896965925e-05,0.0001397260408350193,0.00010829142544389173,0.00015838136365056775,-0.47592703371617806,-0.6035219370879277,False,none,False,False
2024-01-19,6.718692532357883e-05,5.850661790045728e-05,5.7047129369729005e-05,0.00012545990082838958,0.013648505831559769,0.013706065904367296,6.718692532357883e-05,6.692375563900323e-05,0.00010809660547841144,0.0001914007599081548,0.6868207296008165,0.5908276220743748,False,none,False,False
2024-01-22,0.00011441513730002035,0.0001518644277687305,0.00016395709345374084,0.00012583001587952142,0.01781084274624737,0.0,0.00011441513730002035,6.673074228137462e-05,0.00011057938690206323,0.0002575816495468571,-0.3329453838293771,-0.4805968062707245,False,none,False,False
2024-01-23,0.00011538020408816333,0.00012531668849568022,0.00011512376670735237,0.00012527104439277785,0.01788580030707505,-0.009468771428851903,0.00011538020408816333,7.81501066144234e-05,0.00011462116938599907,0.00015143219090478732,-0.4159592388444561,-0.44752929022311216,False,none,False,False
2024-01-24,5.828338242291954e-05,7.386213875846458e-05,7.182123692880567e-05,0.00012205805244628491,0.012712035588361724,-0.004237294475515267,5.828338242291954e-05,7.625581962086808e-05,0.00011241767027933256,0.0001533052169478957,-0.7390167913221424,-0.7659616214345791,False,none,False,False
2024-01-25,2.601344896965925e-05,2.9126511978495872e-05,3.6138863237738566e-05,0.00012082493088226429,0.008492620045653597,0.0042372944755152174,2.601344896965925e-05,7.625581962086808e-05,0.00010878883429665073,0.0001512102615502532,-2.330209009388201,-2.2516238792889833,False,none,False,False
2024-01-26,6.475776348728513e-06,8.977332236115891e-06,1.7954664472231782e-05,0.00011768413048879615,0.0042372944755152174,-0.004237294475515267,6.475776348728513e-06,6.411358982589802e-05,0.0001042719222857448,0.00012910294132106233,-1.5085551649981581,-1.5011325634421318,False,none,False,False
2024-01-29,2.5793924558182674e-05,2.882218652473757e-05,3.568237369106709e-05,0.00011770049705877407,0.008456710018223458,0.0,2.5793924558182674e-05,4.638934727753049e-05,0.00010059162963977208,0.00014430075088922107,-0.5827271205853632,-0.5819450127463446,False,none,False,False
2024-01-30,0.00017533085634026914,0.00023618279836268906,0.0002779083432605586,0.00012663794358228728,0.0220481372217626,0.008456710018223458,0.00017533085634026914,5.8379477727951644e-05,0.00010581982600323597,0.00020520645476407366,1.1515028453988159,1.10928832849158,False,none,False,False
2024-01-31,0.00011635753298449128,3.668275623478368e-05,0.0,0.0001239646802046849,0.01796139147450564,-0.01271203558836175,0.00011635753298449128,6.9994307840266e-05,0.00010989566372171994,0.00040209004442583906,0.08403799351150722,0.05709834802616939,False,none,False,False
2024-02-01,5.878048009197991e-05,8.148704809543173e-05,9.038748960423878e-05,0.00011915036029982136,0.012766130823035751,0.0,5.878048009197991e-05,7.654771406473013e-05,0.0001098495970904608,0.0003617274926290246,-1.2295740902033288,-1.1546491811733708,False,none,False,False
2024-02-02,2.623578782504187e-05,8.27106749970214e-06,0.0,0.0001154783085063169,0.008528836347520502,-0.004273510777382162,2.623578782504187e-05,8.04997163599928e-05,0.0001062308674193873,0.00025609484853432305,-1.0726553538656562,-1.0010015886380363,False,none,False,False
2024-02-05,2.64609894415753e-05,8.342064329825642e-06,0.0,0.00011225038538867942,0.008565362858923,-0.00429185208154092,2.64609894415753e-05,8.063312933667132e-05,0.00010218908493545145,0.0002711782915096378,-0.25093913557287684,-0.19500638473138202,False,none,False,False
2024-02-06,2.64609894415753e-05,2.962786734181253e-05,3.676127041522216e-05,0.00011210890406479924,0.008565362858923,0.008565362858923,2.64609894415753e-05,5.0859155956932565e-05,9.866196861612529e-05,0.0001716176894120093,-0.08150196891147507,-0.03630150340130593,False,none,False,False
2024-02-07,2.623578782504187e-05,3.6370524721393423e-05,3.637069007227408e-05,0.00010826398051930333,0.008528836347520502,0.0,2.623578782504187e-05,3.283480692504268e-05,9.718266442217358e-05,0.00015840123669400342,-0.7568487380547454,-0.7076909727038924,False,none,False,False
2024-02-15,2.601344896965925e-05,3.606229761991865e-05,3.6062460180104385e-05,8.669425794621706e-05,0.008492620045653597,0.00425532557013827,2.601344896965925e-05,2.6281400700578544e-05,9.718266442217358e-05,0.00022413117359961824,0.1885034556436878,0.3704847715704277,False,none,False,False
2024-02-16,2.5793924558182674e-05,2.8880593054012862e-05,3.583357064125308e-05,7.048908743363754e-05,0.008456710018223458,0.008456710018223458,2.5793924558182674e-05,2.6193028047206706e-05,9.306613676643227e-05,0.0002536258670124483,-0.6805768377098613,-0.6213048145601007,False,none,False,False
2024-02-19,0.000948933402211387,0.0005925415721869773,0.0004119965474391263,9.546558860577928e-05,0.05129329438755048,0.04326112269028628,0.000948933402211387,0.00021068751060116905,0.00011676282740343425,0.0003198128375331768,3.2771469012083774,3.3545431706727116,False,none,False,False
2024-02-20,0.000396405294866414,0.000492777206157053,0.0005348488782595354,0.00011672528894668326,0.03315220731690055,-0.008097210232619362,0.000396405294866414,0.00028467637168613677,0.00011518132483810491,0.00020225316143003365,1.2523248666427105,1.1784363280728163,False,none,False,False
2024-02-21,6.379410114029703e-05,8.196224368360541e-05,8.053967448013768e-05,0.0001191702166181003,0.013299428760928475,-0.009188426054406255,6.379410114029703e-05,0.0002921880343491878,0.00011283650197683827,0.0002452537889046319,0.9188238985022651,0.8546290636230802,False,none,False,False
2024-02-22,6.379410114029703e-05,8.190889538386856e-05,0.00012220081773563397,0.0001229846012278567,0.013299428760928475,-0.004111002706522206,6.379410114029703e-05,0.00029974416478331537,0.00011308698919126453,0.00015597017282921398,0.45971071798051066,0.4246645989975489,False,none,False,False
2024-02-23,0.00032611556165208354,0.0001914493560819976,0.00012311033751817728,0.0001294172276457562,0.030069657935923696,-0.02186448369673851,0.00032611556165208354,0.0003598084922020956,0.00012483065938496396,0.0005526358044818848,1.3726223347022788,1.328781669821451,False,none,False,False
2024-02-26,6.718692532357883e-05,8.24962298127079e-05,7.936377440379992e-05,0.00012598646750713798,0.013648505831559769,0.005249355886143745,6.718692532357883e-05,0.0001834591968245339,0.00012670218103741484,0.00039327247417859923,0.7451629082020086,0.7281428502672843,False,none,False,False
2024-02-27,0.0001549355238903031,0.00015505006583971188,0.00013746910052485548,0.00012791988478699117,0.020726130517116952,0.016615127810594595,0.0001549355238903031,0.00013516524262931174,0.00013069075369953866,0.0002703837599545449,0.6648667501340165,0.6158639752787622,False,none,False,False
2024-02-28,6.379410114029703e-05,8.196224368360541e-05,8.053967448013768e-05,0.00013001203074423158,0.013299428760928475,0.004111002706522288,6.379410114029703e-05,0.00013516524262931174,0.00012838979751046036,0.00027052307910506635,0.7412658454989557,0.6787056281484761,False,none,False,False
2024-02-29,0.00016784751243726406,5.291543422608893e-05,0.0,0.00013324996072049992,0.021572485254127763,-0.012384059199721555,0.00016784751243726406,0.00015597592488870513,0.0001307746751626922,0.0003504558985935921,0.5507295582940569,0.459195386717807,False,none,False,False
2024-03-01,5.577423292842178e-05,5.088018050631145e-05,5.176029703030754e-05,0.00013318066112372924,0.012435393407886896,0.008273056493199283,5.577423292842178e-05,0.0001019076591439728,0.00013066062291294228,0.0003120694952524597,0.008480019283466743,-0.1549457584123352,False,none,False,False
2024-03-04,6.379410114029703e-05,8.843740268350576e-05,9.32763134276898e-05,0.0001369242032147673,0.013299428760928475,0.008205174239185296,6.379410114029703e-05,0.00010122909430731642,0.00013237792528433495,0.00024572023217496973,0.6214211737811896,0.5229681877959639,False,none,False,False
2024-03-05,6.379410114029703e-05,8.843740268350576e-05,9.32763134276898e-05,0.00012918849763041384,0.013299428760928475,0.0,6.379410114029703e-05,8.300080975731521e-05,0.0001349833036839517,0.0002860151054222559,-0.26720804620402855,-0.27400871231531226,False,none,False,False
2024-03-06,0.00023118877891545173,0.00028788195957147114,0.0004083605946060694,0.0001474595153113831,0.025317807984289786,0.0050942545217430935,0.00023118877891545173,0.00011647974531234615,0.0001443194334274639,0.00033834267640676176,0.9511749732475129,0.923865324249076,False,none,False,False
2024-03-07,0.00010864889499543851,0.00014059445973727363,0.00014624813743643216,0.00015003655008383307,0.017356229456542888,-0.005094254521743083,0.00010864889499543851,0.00010464002182398105,0.00014128843518451705,0.00028557852280076967,0.102429352742283,0.009731481522901013,False,none,False,False
2024-03-08,0.000314914843477774,0.0003192415400312379,0.0003581711990780329,0.00016725911549345484,0.029548762131303946,-0.012333147077216005,0.000314914843477774,0.00015646814393385148,0.00015031376747966628,0.00044800570396187286,1.616976045291024,1.5920554004923286,False,none,False,False
2024-03-11,0.0002433559252671703,0.0002776267696764216,0.0002741844701051982,0.00017958024589148543,0.025975486403260736,-0.008307420569856117,0.0002433559252671703,0.00019238050875922615,0.00015870356044217493,0.0004497580131271306,0.31451669968222257,0.19521916319625368,False,none,False,False
2024-03-12,6.662614326724871e-05,5.8018886672885185e-05,5.657209917257685e-05,0.00018080855420294343,0.013591427203539211,-0.00942909028885169,6.662614326724871e-05,0.0001929469171846165,0.00016053948568954795,0.0003137104426840335,-0.0812334510145265,-0.18635531707765754,False,none,False,False
2024-03-13,6.662614326724871e-05,5.8018886672885206e-05,5.657209917257685e-05,0.00018252902047173727,0.013591427203539211,0.009429090288851687,6.662614326724871e-05,0.0001600343900549759,0.00016236517449980586,0.0004151077488710262,-0.9017319537440469,-1.0971888181711134,False,none,False,False
2024-03-14,5.6239512935356503e-05,7.796451965441386e-05,8.648341620164779e-05,0.00018473892989445586,0.012487154972563915,0.0,5.6239512935356503e-05,0.00014955251364295947,0.00016371874374952318,0.0004012413722849089,0.19093243022653272,0.06246358358083948,False,none,False,False
2024-03-15,0.00017533085634026914,0.00017110060276807264,0.00014992213107573526,0.0001903971355743686,0.0220481372217626,-0.013648505831559814,0.00017533085634026914,0.0001216357162154585,0.00017049579231839714,0.00041727780126505634,1.040643720627397,0.9842640508321956,False,none,False,False
2024-03-18,0.00034297445150217025,0.0004125075737585043,0.00039435196994624065,0.00017425669033443802,0.03083710583455088,-0.012766130823035802,0.00034297445150217025,0.0001415594214624585,0.00018490311061532947,0.0014585693451604307,1.330161622737593,1.8889592472438943,False,none,False,False
2024-03-19,0.00010584784058865928,0.00013962072461875464,0.0001464240745995052,0.0001570444238387106,0.017131039930183774,-0.00429185208154092,0.00010584784058865928,0.0001494037609267406,0.00018854192498035113,0.0003571828679527427,-1.3710847013159766,-1.4906937532809146,False,none,False,False
2024-03-20,0.00010494696831118,0.00011738793316472497,0.00010911835393120835,0.00015715672618089028,0.01705798290457677,0.01282068842906125,0.00010494696831118,0.00015706792593552687,0.00015017890525761445,0.0003775816024088128,-0.7213489921082236,-0.6736613234619987,False,none,False,False
2024-03-21,2.5793924558182674e-05,2.882218652473757e-05,3.568237369106709e-05,0.00015336468980717678,0.008456710018223458,0.0,2.5793924558182674e-05,0.0001509788082600921,0.00013333293387996756,0.0003073894108155892,-0.15492284420476607,-0.18538462255911012,False,none,False,False
2024-03-22,0.00011635753298449128,0.00013367958582448234,0.00012604186781862802,0.00015069961464546274,0.01796139147450564,0.008456710018223458,0.00011635753298449128,0.00013918414358893652,0.0001357221807819764,0.00028153921649470815,0.7734160720714337,0.7733150723828739,False,none,False,False
2024-03-25,0.00017533085634026914,0.00017049237026699898,0.00018392713311966087,0.00015581766608950082,0.0220481372217626,-0.008456710018223509,0.00017533085634026914,0.0001056554245565563,0.00014079203329106602,0.000410674334347201,0.4572975514106156,0.4851409662431493,False,none,False,False
2024-03-26,5.878048009197991e-05,7.455126245400896e-05,0.00010888024058070872,0.00015329334647328445,0.012766130823035751,0.0042372944755152174,5.878048009197991e-05,9.624195245722044e-05,0.00012864043867469768,0.000345208359155704,-1.1618780747011745,-1.1074566955066887,False,none,False,False
2024-03-27,6.718692532357883e-05,8.626347660491277e-05,0.00012869299379369582,0.0001536528065150523,0.013648505831559769,0.0,6.718692532357883e-05,8.868994385970019e-05,0.00012864043867469768,0.0002166146863585955,-0.3719451982830566,-0.3491647090959721,False,none,False,False
2024-03-28,6.775481739069606e-05,8.705074217528212e-05,8.553852167584688e-05,0.00015233572775513602,0.013706065904367296,0.0,6.775481739069606e-05,9.708212242620287e-05,0.0001246776792883519,0.00021827679861698585,-1.3664481502694084,-1.2923409766310352,False,none,False,False
2024-03-29,5.828338242291954e-05,5.317171837414757e-05,5.409385008766346e-05,0.00015180363484215137,0.012712035588361724,-0.004237294475515267,5.828338242291954e-05,8.546729231388851e-05,0.00012442719207392567,0.0002454734629236486,-0.824147690582167,-0.8367415388384817,False,none,False,False
2024-04-01,2.601344896965925e-05,2.9067358245656503e-05,3.598573200209778e-05,0.00014724190666252267,0.008492620045653597,-0.004255325570138272,2.601344896965925e-05,5.560381083976654e-05,0.00011798018918903453,0.00023995255293738683,-0.4655498804352566,-0.4752080311936427,False,none,False,False
2024-04-02,0.00033721240556058597,0.0003949078491204753,0.00037356497562912496,0.00016155789502339895,0.030576973569282948,0.01796139147450564,0.00033721240556058597,0.00011129019593348775,0.00013077283339958746,0.00032184411502772476,0.8480369145299045,0.7899673784126656,False,none,False,False
2024-04-03,0.00017681290094644512,0.0001725469203474689,0.00015118946328017126,0.00014833816746335574,0.0221411258772135,-0.013706065904367215,0.00017681290094644512,0.00013321539105806102,0.0001359100515725942,0.0003370516363895018,0.15285375382663433,0.1444614980196164,False,none,False,False
2024-04-04,0.00010494696831118,0.0001173879331647254,0.00010911835393120835,0.00014686794597754433,0.01705798290457677,-0.008528836347520436,0.00010494696831118,0.0001406538212421578,0.00013778063644399795,0.00037531974570567444,0.5374045674655616,0.5379158656823907,False,none,False,False
2024-04-05,5.979394597968108e-05,7.577647021471843e-05,7.368269161528779e-05,0.00013294242866703027,0.012875714360045367,-0.00429185208154092,5.979394597968108e-05,0.0001409559339535101,0.00012998996221964476,0.00041031820918792155,0.31372635041664443,0.4244285990011342,False,none,False,False
2024-04-08,6.031053634406326e-05,7.643114327195332e-05,7.431928181421586e-05,0.0001235726471433866,0.012931214672248784,-0.004310351501122323,6.031053634406326e-05,0.00014781535142839092,0.0001277927640991277,0.0003380531080932301,-1.3458250271600536,-1.3205097472260554,False,none,False,False
2024-04-09,5.979394597968108e-05,8.289201014073923e-05,9.226080084198428e-05,0.00012718952889354907,0.012875714360045367,0.008602203582663288,5.979394597968108e-05,9.233165951220993e-05,0.00011619635966739618,0.0002677333481747519,-0.7136202573932403,-0.6721888200242694,False,none,False,False
2024-04-10,5.979394597968108e-05,8.289201014073923e-05,9.226080084198428e-05,0.00012765432963035003,0.012875714360045367,0.0,5.979394597968108e-05,6.892786851885713e-05,0.00010785263333614667,0.0001907034226763448,-0.6275642997207082,-0.6903208354699022,False,none,False,False
2024-04-11,6.701004701562142e-06,2.1125518536756676e-06,0.0,0.00012566191250555576,0.004310351501122263,-0.008602203582663191,6.701004701562142e-06,4.9278675796933555e-05,0.00010512876340134275,0.00023634513694494817,-0.33794341504285264,-0.37856187909373373,False,none,False,False
2024-04-12,2.6689103177844335e-05,2.982194006085495e-05,3.6919385352091704e-05,0.00012037234354189329,0.008602203582663288,0.004310351501122263,2.6689103177844335e-05,4.265770723656621e-05,0.0001033134433972789,0.00026023473297599015,-0.4736417166065142,-0.3836988266218727,False,none,False,False
2024-04-15,0.00044602929010077925,0.0005039837630810178,0.000631632392712653,0.0001334742788495602,0.03516611692413645,-0.008639362590707854,0.00044602929010077925,0.0001198014579879094,0.00012103116054116175,0.0017735934828655912,2.0481154456690236,2.5211395515196897,False,none,False,False
2024-04-16,0.00047493297709313504,0.000369038904665712,0.00032363785332867307,0.0001452451890461352,0.03628765376968027,-0.023039965948255955,0.00047493297709313504,0.00020282926421060022,0.0001346494387572011,0.0008183680933667698,1.5519853540833832,1.7373598386979967,False,none,False,False
2024-04-17,0.00017538609618129633,0.00023555684228225264,0.0002713722214488381,0.00015166024513224276,0.022051610197668645,0.004429686091588258,0.00017538609618129633,0.00022594769425092324,0.00012703178624261593,0.0006264434990549256,0.15015470072354042,0.06404638203457307,False,none,False,False
2024-04-19,0.00038257753911511143,0.00022449230371024507,0.00014426979410561578,0.00016220437295457518,0.03256885276353477,-0.03256885276353481,0.00038257753911511143,0.00030112300113363316,0.0001396104089029092,0.0007493017842057854,0.8815780789484104,0.8170665525592071,False,none,False,False
2024-04-22,0.0001332427094485708,0.0001767684563611593,0.00018996287591878434,0.00016595922631402267,0.01922048994010765,0.0045558165358608824,0.0001332427094485708,0.0003224337223877784,0.0001408965789546088,0.00034735477550861714,-1.5271231371383858,-1.4395608461992215,False,none,False,False
2024-04-23,0.0002732491981786273,0.0002487420304203887,0.00021046391376945478,0.00016746682432822603,0.027524673390089936,-0.01834913866819654,0.0002732491981786273,0.000287877704003348,0.0001521445459373563,0.0005276941501242354,-0.6957133590521035,-0.6040988279336431,False,none,False,False
2024-04-24,0.00027075915751201886,0.0002452901010853091,0.00024795620981691164,0.00017700651230333664,0.02739897418811456,0.018349138668196617,0.00027075915751201886,0.00024704294008712473,0.00015916280159769845,0.0005077848412771293,-0.3305188756784891,-0.328769292005885,False,none,False,False
2024-04-25,0.00012032903908737595,0.0001345936471554074,0.00012511229685574813,0.00017680146407605631,0.01826534797729319,-0.009132483563272587,0.00012032903908737595,0.0002360315286683407,0.00015666271899529422,0.00022429607025109462,-1.6108857511597712,-1.587126654130539,False,none,False,False
2024-04-26,6.862025150729511e-05,9.512786772319188e-05,0.00010550384087776749,0.00017945711635288392,0.01379332213233577,-0.0045977092486295425,6.862025150729511e-05,0.00017324007114677742,0.000157109981332354,0.0003406779441149599,-0.5080307590899809,-0.5512904348266332,False,none,False,False
2024-05-02,0.0011212298345618281,0.0007461209625485901,0.0005085883477006332,0.00021992646693845487,0.05575579964761424,0.05491575759611463,0.0011212298345618281,0.0003708374961694289,0.00020502102266136535,0.00033127374989905175,1.1184415451695284,1.0253184880830781,False,none,False,False
2024-05-03,0.00019146007002003725,0.00019839195291986405,0.0001791703588943206,0.00022682259084589739,0.02303996594825596,-0.01317252855653867,0.00019146007002003725,0.00035447967053771085,0.00021064398868997174,0.00026552459541117127,-0.6557723121879169,-0.6818680786471525,False,none,False,False
2024-05-06,0.0002678157808093377,0.00034161210785787105,0.00037960696277224495,0.000226065767358349,0.02724964244737554,0.013172528556538738,0.0002678157808093377,0.00035389099519717466,0.00022016818861662712,0.000394831516482236,-0.002562898728613755,0.030607266394026396,False,none,False,False
2024-05-07,7.272758226496526e-05,0.0001008218371918043,0.00010634840880115065,0.00022340869630990863,0.014200129379115129,0.0,7.272758226496526e-05,0.0003443707038326925,0.0002222915583118683,0.00030642389107766066,-1.6430789185918837,-1.5450664074732812,False,none,False,False
2024-05-08,0.0002678157808093377,0.00035984911501798204,0.00036676173399076135,0.00023470262421280895,0.02724964244737554,0.005437751300129129,0.0002678157808093377,0.000384209809693101,0.00021913716627772065,0.0005148145968387179,0.19093228188482675,0.24908315472088868,False,none,False,False
2024-05-09,0.00012275702264334968,0.00013332888531007866,0.00012248441966839356,0.00023741436817121674,0.018448705552333064,-0.005437751300129105,0.00012275702264334968,0.00018451524730940533,0.00021668008090030722,0.0003138477036539902,-1.195362889744665,-1.0991497745823948,False,none,False,False
2024-05-10,0.0001249166576944386,0.00010614319564321081,0.00010119807348636116,0.0002393570799584095,0.018610279856667595,-0.01317252855653867,0.0001249166576944386,0.0001712065648442856,0.00021758779405409173,0.00027657557690175324,-0.37665432198162346,-0.37752913912478564,False,none,False,False
2024-05-13,2.7936523585057636e-05,3.121504104749855e-05,3.864303417993615e-05,0.0002348752420930932,0.00880093689504228,0.0044101504775525685,2.7936523585057636e-05,0.00012323071339942962,0.00021613972939979066,0.0002944156396802402,-1.5094636598103597,-1.5052039536763038,False,none,False,False
2024-05-14,2.7936523585057636e-05,3.121504104749838e-05,3.864303417993615e-05,0.00023252898579767843,0.00880093689504228,-0.004410150477552617,2.7936523585057636e-05,0.00011427250166344807,0.00021466818336529037,0.0002029129984770545,-1.2309892157658122,-1.1889438313305312,False,none,False,False
2024-05-15,6.313571977345079e-05,8.75246923071804e-05,9.742171593313424e-05,0.0002354009046349503,0.013230622986630705,0.0044101504775525685,6.313571977345079e-05,7.33364894562707e-05,0.0002148200821740981,0.0002764030223053278,-0.07117870238634134,-0.07218258098185923,False,none,False,False
2024-05-16,0.00026549550033472876,0.00033088443184030493,0.0003564127677346862,0.0002500766903951687,0.02713134405136386,0.014200129379115129,0.00026549550033472876,0.00010188418499454651,0.00022417015282660024,0.000201287559122482,0.8857738163493362,0.8410759328446775,False,none,False,False
2024-05-17,6.031053634406326e-05,8.360815644989112e-05,9.305858026354896e-05,0.00022527760704708677,0.012931214672248784,0.00863936259070786,6.031053634406326e-05,8.896296072447145e-05,0.00022660694971944124,0.000308778823160231,0.6356667367241794,0.8017088345161768,False,none,False,False
2024-05-20,0.00016328699639187518,0.00019802318621957762,0.0002704790462896379,0.0002182599009660186,0.02127739844728488,0.008565362858923,0.00016328699639187518,0.00011603305528583496,0.0002328159448655335,0.0003056798149597584,1.2710094655936364,1.7033399821943918,False,none,False,False
2024-05-21,0.00010584784058865928,0.00011863680732308416,0.00014736469306217217,0.0002134068819996627,0.017131039930183774,-0.004273510777382162,0.00010584784058865928,0.00013161531868655525,0.00021735315170589174,0.00029306861469516744,0.28161706575152173,0.42201773056194297,False,none,False,False
2024-05-22,0.0004422506267756755,0.00060603469699016,0.0006956093113675889,0.00022927903605288744,0.03501684023725888,0.004273510777382085,0.0004422506267756755,0.0002074383000870002,0.00021586759032782537,0.00035741698306659557,2.0985669244590266,2.1515143232395118,False,none,False,False
2024-05-23,0.00033721240556058597,0.0003949078491204753,0.00037356497562912496,0.00023562521904607484,0.030576973569282948,0.01796139147450564,0.00033721240556058597,0.00022178168113217166,0.00022322333166324763,0.00039969136124900633,2.171123000325795,2.150284802551384,False,none,False,False
2024-05-24,0.0004385197820776547,0.00048329446551833774,0.0004466366388398159,0.00024567677601512077,0.03486882565082386,-0.01796139147450558,0.0004385197820776547,0.0002974235302788899,0.00022576616088881778,0.0009606565157919121,1.746174922597752,1.6417799300201004,False,none,False,False
2024-05-27,0.0012876280559945455,0.0005946032600453724,0.00025317836358059923,0.0002661683021855224,0.05975000440577398,0.06400532997591238,0.0012876280559945455,0.000522291742199424,0.000278238222095453,0.00029883642166507387,2.9758897952458154,2.8165298692072223,False,none,False,False
2024-05-28,0.00021478984443279808,0.00029190193739704964,0.000302775082379611,0.0002967708603355655,0.024403358382116446,0.028587456851912472,0.00021478984443279808,0.0005440801429682518,0.0002755809787433698,0.0002842099660664926,1.8864043197493672,1.7866428011041324,False,none,False,False
2024-05-29,0.0004605854514762626,0.0006327372411187976,0.000631250451172365,0.00031550146749368226,0.03573533305274772,0.007744472395477762,0.0004605854514762626,0.0005477471079083692,0.00028420944665083546,0.00038130074243717315,1.776624670522038,1.6787126165232624,False,none,False,False
2024-05-30,0.0005548115838144644,0.0005482342120735732,0.0004832421406301471,0.0003061209249099117,0.03922071315328133,0.020048404188717537,0.0005548115838144644,0.0005912669435591449,0.0003039586532293395,0.0003781935029010483,1.2894409423925959,1.2143937639744598,False,none,False,False
2024-05-31,0.00020467780641586508,0.00018238282159615393,0.00015255018684023848,0.00030578844091635,0.023821993572356714,-0.01619854380327585,0.00020467780641586508,0.000544498548426787,0.00031014308754336544,0.0002351965124047451,0.3721643514723919,0.32584924876540516,False,none,False,False
2024-06-03,0.0013503005902528301,0.0006004955317222122,0.00023353780330611298,0.00032092531222597913,0.06118683018565937,0.06597840619555874,0.0013503005902528301,0.0005570330552784439,0.00032055539462022905,0.00029307863627440724,1.8874544233925967,1.7747056686281313,False,none,False,False
2024-06-04,0.0012181202649987506,0.0012806055693949097,0.0011728747835629202,0.0003711591896709549,0.05811494221856604,0.03967025238314897,0.0012181202649987506,0.0007576991393916344,0.00036722176711926155,0.0001969824197693189,1.4924768633596006,1.4069357840853796,False,none,False,False
2024-06-05,0.0005682996371297817,0.0006582221896313249,0.0008485701232082859,0.0003965960740235148,0.03969459868494696,-0.01831712791258003,0.0005682996371297817,0.0007792419765223382,0.0003808801242247363,0.0002826175050844762,0.9723611492651585,0.8839034942616173,False,none,False,False
2024-06-06,0.0005596795875590665,0.0006981567359065398,0.000992994472811827,0.0004360255571720518,0.0393924017106609,-0.014184634991956413,0.0005596795875590665,0.0007802155772712587,0.00040301430628355905,0.00027250608182900364,0.38921652785102734,0.2894533501286203,False,none,False,False
2024-06-07,0.00045974024071352245,0.0005521037138225168,0.0005495565564614445,0.00045728544977604175,0.035702529414064134,0.029038555979918806,0.00045974024071352245,0.0008312280641307901,0.0004117381453701129,0.00021228313802120684,0.23721946679953193,0.11593977370648045,False,none,False,False
2024-06-10,0.0004662139214610068,0.00039739615348718753,0.0003308490704804661,0.00047642567754687835,0.03595301740875125,-0.021921088211054856,0.0004662139214610068,0.0006544107303724254,0.00042734982258909736,0.00026501980337446967,0.36205459376526894,0.22947233431964648,False,none,False,False
2024-06-11,0.0010326145783200254,0.0011147525841622462,0.0010791622790514042,0.0005227490832574285,0.05350715404757096,0.035702529414064134,0.0010326145783200254,0.0006173095930366803,0.0004686088189811694,0.0002789832828500019,0.6474255950175638,0.5544998722338595,False,none,False,False
2024-06-12,0.00022563907910309191,0.00027167498354131194,0.00027852828348083944,0.0005337039228021672,0.025012084399701727,-0.01031823427839176,0.00022563907910309191,0.0005487774814313423,0.00047759529877744374,0.00023196168429054945,-0.06526732952825684,-0.3044096766622353,False,none,False,False
2024-06-13,0.00044035652974950157,0.0006059254292602181,0.0006629796466494276,0.0005471646140172531,0.03494177368348829,0.010318234278391744,0.00044035652974950157,0.0005249128698694294,0.0004963416626940094,0.0001909203220020723,0.14058605365629806,-0.015369770135104422,False,none,False,False
2024-06-14,0.00039047760517828956,0.0002245617192292666,0.00014043299639232218,0.0005581498222857818,0.032903401106945215,-0.028635362190971705,0.00039047760517828956,0.0005110603427623829,0.0005112208393033203,0.0006469284378199806,-0.11048005905282689,-0.2833375593590219,False,none,False,False
2024-06-17,0.0006613141516585175,0.0007862585043773403,0.0007527208384905152,0.0005822885205373193,0.04281999718292814,0.014853920987962265,0.0006613141516585175,0.000550080388801885,0.0005292125961816743,0.0002677488855829368,-0.42433024460911817,-0.6068532642142517,False,none,False,False
2024-06-18,0.0013862688890686546,0.000597739709202266,0.00021396535126201943,0.0006024773988817929,0.06199639899077705,0.06545960591539456,0.0013862688890686546,0.0006208112509516108,0.0005894834303964285,0.00021518228668405593,1.388052583452121,1.424527173783866,False,none,False,False
2024-06-19,0.000313790387007303,0.0003989442910567865,0.0005850243451723305,0.0006031484249252117,0.029495960539770605,0.0040535118331824155,0.000313790387007303,0.0006384415125324531,0.0005963244936062205,0.0002999278151230658,-0.32123810665475927,-0.5598531390831234,False,none,False,False
2024-06-20,0.00040856950342834275,0.0005624164994067862,0.0005655285924272837,0.0006114550466283625,0.03365702300347627,0.00966191091173689,0.00040856950342834275,0.0006320841072682213,0.0006100845691898426,0.0003405181553019222,-0.9774227503181607,-1.0539196819106722,False,none,False,False
2024-06-21,0.0005865822188802104,0.0004655525112595308,0.0004165826395401805,0.0006145307689915266,0.04032804538697181,-0.026798193154724162,0.0005865822188802104,0.0006713050300086055,0.0006166450961036851,0.0002717839038475652,-0.8767977511565266,-0.9414902566808472,False,none,False,False
2024-06-24,0.0013473002771350238,0.0017075094365840192,0.0016606857372552528,0.0006598588727549097,0.061118815056045536,0.020367302824433733,0.0013473002771350238,0.0008085022551039065,0.0006625581811752504,0.0008728453857729688,0.7405043847920809,0.8242411293528986,False,none,False,False
2024-06-25,0.0003972615031602259,0.00048722615757561293,0.0006759498679945932,0.0006607006275042986,0.03318799125349507,0.0,0.0003972615031602259,0.000610700777922221,0.0006606828048608218,0.0003360071723828088,-1.7763853062439132,-1.7293305088079842,False,none,False,False
2024-06-26,0.0003816569275437367,0.00037517710382104733,0.0004088618575568352,0.0006536104191781526,0.0325296432976516,0.01996074256253815,0.0003816569275437367,0.0006242740860295077,0.0006195022990221487,0.00036018704883743376,-0.4332262003368171,-0.345292427473073,False,none,False,False
2024-06-27,0.0004948645273969961,0.00015601048219340027,0.0,0.0006399476282250197,0.037041271680349076,-0.0370412716803491,0.0004948645273969961,0.0006415330908232384,0.0006322329664296123,0.00023784131441711333,-0.5090180693607317,-0.43054169364858086,False,none,False,False
2024-06-28,0.0005154095742390582,0.0006774399802412916,0.0007568091682204699,0.0006634539902055302,0.037802364646535275,0.009795996703182108,0.0005154095742390582,0.0006272985618950079,0.0006347249720097393,0.0005104263311253523,-1.0887695160113018,-1.1073469047430755,False,none,False,False
2024-07-01,0.0004138431020337097,0.0004686872893117581,0.00044721448451030203,0.0006575794284459941,0.033873540078878536,-0.02300841020977472,0.0004138431020337097,0.00044060712687474517,0.0006283173137469777,0.00042276186838134937,-1.2619142639635679,-1.347728099596383,False,none,False,False
2024-07-02,0.00015590343420400444,0.00013943148386104991,0.00013930216045755805,0.0006076655581713762,0.02079076966907369,-0.0041649372992841075,0.00015590343420400444,0.0003923355130835009,0.0006261002968282568,0.00019329097378334475,-1.3745731430585624,-1.4504770471012414,False,none,False,False
2024-07-03,0.0010288970659508027,0.0010764651854266501,0.001024066096230031,0.0006215320504573101,0.0534107517397087,0.04088877025397837,0.0010288970659508027,0.000521783540764914,0.0006114910457236191,0.00017731013352122491,0.264185919951344,0.47881653137992813,False,none,False,False
2024-07-04,0.0006820178359825516,0.0005227385674835264,0.00040564259336873403,0.0006030514785039972,0.043485111939738676,-0.023511419448101478,0.0006820178359825516,0.0005592142024820251,0.0005871227534956101,0.0001743038073093469,-0.9934765482519765,-0.9214235621724534,False,none,False,False
2024-07-05,0.00013981625922818692,0.0001560200031375894,0.00019287244932075377,0.0005823582491063273,0.019688905086922046,-0.009892908383739924,0.00013981625922818692,0.000484095539479851,0.000567646236318265,0.00023013917245682313,-0.8560793101297058,-0.8110732313004237,False,none,False,False
2024-07-08,0.00032881933805748326,0.00017661458067092504,9.989769973334418e-05,0.0005733399574605941,0.030194052201593085,0.030194052201593085,0.00032881933805748326,0.00046709078668460567,0.0005571525886136475,0.0002933336253323902,0.19208581625901827,0.196920059193137,False,none,False,False
2024-07-09,0.0009578474704494647,0.0013217996058803975,0.0017242721990711229,0.0005987714401240773,0.05153365011518288,0.016740127862495853,0.0009578474704494647,0.0006274795939336977,0.0005797938263289175,0.0002936853623506775,1.2968449377042264,1.3449627203833356,False,none,False,False
2024-07-10,0.0002488097370810496,0.00023667154012775848,0.00020956183620157102,0.0005970243680477127,0.02626493995832397,-0.01674012786249587,0.0002488097370810496,0.00047146212815974705,0.0005699118179480104,0.0002112175939182471,-0.29605491436377207,-0.2464658914843491,False,none,False,False
2024-07-11,0.0002472329447668234,0.00034273763721331263,0.0005379868196501468,0.000591198619411168,0.026181582733414442,0.0032102756302481894,0.0002472329447668234,0.0003845051499166014,0.0005342126527865012,0.00022474164176259221,-0.8507869220397039,-0.7974895679395101,False,none,False,False
2024-07-12,9.233642232946107e-05,0.00011223324835734033,0.00011287597408734175,0.0005843036175727673,0.01600034134644112,0.006389798098770988,9.233642232946107e-05,0.0003750091825368562,0.0005281534411149726,0.00020130907304431113,-1.4766055549187043,-1.379927720178679,False,none,False,False
2024-07-15,0.00040856950342834275,0.0005254385393654638,0.0007862247696500555,0.0005825311677605439,0.03365702300347627,0.0,0.00040856950342834275,0.0003909592156110282,0.0005267085762821926,0.0002192599203226422,-1.1347774285719272,-1.0681785514891098,False,none,False,False
2024-07-16,0.0006647742397619229,0.0006348245409536516,0.0006734549253732324,0.0005793350763177569,0.04293187114486663,-0.0201052208436905,0.0006647742397619229,0.0003323445694735197,0.0005391766051269033,0.000262831314009969,0.20676045765192366,0.39394868411162376,False,none,False,False
2024-07-17,0.0024637867329205592,0.001357627426668904,0.000798559556011829,0.0006165170382822041,0.08265027108061739,-0.06893484833569788,0.0024637867329205592,0.0007753399686414216,0.0006211071770024505,0.0013671723941293475,1.9330148128147955,2.2824005391542794,False,none,False,False
2024-07-18,0.00029319682691997863,0.000324269364611802,0.0003970354919208177,0.000612149643960186,0.02851165052596608,0.021524722539286147,0.00029319682691997863,0.0007845327450720528,0.0005714220832684199,0.0004383620171660658,0.5152618106755381,0.5034735036756746,False,none,False,False
2024-07-19,0.0019253874272675286,0.0009856371984176308,0.0004901245695256204,0.0006371386198872714,0.0730637219609309,-0.06601604598442039,0.0019253874272675286,0.0011511429460596661,0.0006446764941893391,0.0003744123205566402,1.4746482136823411,1.389140572177443,False,none,False,False
2024-07-22,0.0008233355810369961,0.0011363690597346672,0.0011359707197917308,0.0006089484591642932,0.047778352280106025,0.011759520406906258,0.0008233355810369961,0.0012340961615813968,0.0006635294977170052,0.0005919628358758461,-0.31573777905750805,-0.2413017718063122,False,none,False,False
2024-07-23,0.0014803599297621426,0.0011019859007546811,0.00084624130146358,0.0006234574646423782,0.06406581963975948,-0.0460062730086436,0.0014803599297621426,0.0013972132995814408,0.0007041557573025476,0.0006763142229477729,-0.5052519610961914,-0.5083121039743453,False,none,False,False
2024-07-24,0.0007503163812168443,0.000580312351416435,0.0004510944044982296,0.0006397003229136859,0.045610511252052274,0.026940784031186844,0.0007503163812168443,0.001054519229240698,0.0006770201256699032,0.0007133275947187444,-0.5025237627688584,-0.5290266182855803,False,none,False,False
2024-07-25,0.0006351443298812141,0.0007334837674334727,0.000720555678289702,0.0006683577522826195,0.04196419909903199,-0.02318138110728098,0.0006351443298812141,0.001122908729832945,0.000687832981429948,0.00025847640124526444,-1.2836749502382623,-1.1940692964841448,False,none,False,False
2024-07-26,0.000746808113844386,0.00035586062867137467,0.00016222389867995345,0.0006593634123836253,0.04550375538482629,0.04941535956335026,0.000746808113844386,0.0008871928671483166,0.0007044307626254321,0.00025362165378183004,-0.113656145744197,-0.11393209167802261,False,none,False,False
2024-07-29,0.00024292053493635198,0.0003173288763816973,0.0004894595278201034,0.0006565025493696101,0.025952239509625837,0.0035650661644961446,0.00024292053493635198,0.0007711098579281876,0.0006929787629681301,0.0002183497751353371,-1.5911604783799156,-1.5817010275343562,False,none,False,False
2024-07-30,0.0003891649322172059,0.00029889816191376893,0.000259214355357591,0.0006638136111279541,0.032848048681110936,-0.01433716314640733,0.0003891649322172059,0.0005528708584192003,0.000687240370148955,0.00029827126117398784,-0.6357701116900838,-0.6928105918349701,False,none,False,False
2024-07-31,0.00031569421999869346,0.0003931404462451956,0.00039093231641176504,0.0006277594715719694,0.029585304359506966,0.0036036075032983964,0.00031569421999869346,0.00046594642617557016,0.0006827790573291816,0.0003400549257982028,-1.6573276088294966,-1.6189754273164076,False,none,False,False
2024-08-01,0.0010123843784650259,0.0010579482285892308,0.0010833391946806355,0.0006551132430075422,0.05298042572784652,-0.02273858768931821,0.0010123843784650259,0.0005413944358923326,0.0007217100093410461,0.0010144512614089286,-0.20176587508658966,-0.1704875202982998,False,none,False,False
2024-08-02,0.0016673505773128709,0.0007169690198518799,0.00025465102852230865,0.0007174092118612573,0.06799174513628588,0.0484834627408663,0.0016673505773128709,0.0007255029285860295,0.0007507306234938674,0.0007992458507000882,-0.36765531075495606,-0.37702227635907504,False,none,False,False
2024-08-05,0.0009558034120290582,0.0011866273703313019,0.0011546319626005012,0.0007805736158756381,0.051478634022962086,-0.037504395458454284,0.0009558034120290582,0.0008680795040045708,0.0007631754224050722,0.0010427914672644614,-0.0892009632486647,-0.06792371463463609,False,none,False,False
2024-08-06,0.0006064097614459241,0.00041711104257813276,0.00032357524711665184,0.0007268843291144264,0.04100396158471868,0.0331126448774752,0.0006064097614459241,0.0009115284698503144,0.0007843842179604241,0.0005703598351955764,-0.5233256936663692,-0.42457572021747175,False,none,False,False
2024-08-07,0.0003084616672290419,0.00042761866990126087,0.0005182288040296271,0.0007399250143939025,0.029244441177812268,0.0,0.0003084616672290419,0.0009100819592963841,0.000783458869286404,0.00028028799775404534,-1.6593835354593744,-1.6070282916757934,False,none,False,False
2024-08-08,0.0006613141516585175,0.0009093254372488918,0.0009577238480913248,0.000758816923313169,0.04281999718292814,0.004391750580979002,0.0006613141516585175,0.0008398679139350823,0.0007699800820686335,0.00045004752448453975,0.23634235682238883,0.24141263663603132,False,none,False,False
2024-08-09,0.00023240462401303723,0.00028019197327238825,0.0003797105708698567,0.000775449524636516,0.025384295135672443,0.0034995661262643323,0.00023240462401303723,0.0005528787232751155,0.0007692343951109966,0.0002976355317632307,-1.0395469887409177,-1.0385704791417583,False,none,False,False
2024-08-12,0.00023404072813664134,7.378343936178085e-05,0.0,0.0007417856090049483,0.02547348981542259,-0.018510885534703526,0.00023404072813664134,0.00040852618649663225,0.000768634748900534,0.000241351487410105,-0.7597034099656242,-0.7904559511846561,False,none,False,False
2024-08-13,0.00060213157301658,0.0007899067509002509,0.0010402207245474718,0.0007557072402291046,0.04085906519550183,-0.01433716314640733,0.00060213157301658,0.0004076705488107634,0.0007918072557499483,0.00024319964253986844,0.169067271945643,0.17442221876718972,False,none,False,False
2024-08-14,8.560219370464652e-05,9.315923698661217e-05,0.00011214486324727626,0.0006931615858503575,0.015405832559926391,-0.004522848053726713,8.560219370464652e-05,0.0003630986541058844,0.0007771269234897803,0.00031359689480486917,-2.539107785367914,-2.69636707621588,False,none,False,False
2024-08-15,0.0001745510875122333,0.00015828121761387974,0.00016013940773946462,0.0006838897304425649,0.021999053995367782,-0.021999053995367838,0.0001745510875122333,0.0002657460412766275,0.0007548440529329763,0.00019958771905983735,-1.2951863587692223,-1.3068751850705573,False,none,False,False
2024-08-16,0.00040703398675172005,0.0002945224017998711,0.00024081620892758254,0.0006510897538694416,0.03359371728814951,0.03012550955239293,0.00040703398675172005,0.0003006719138243641,0.0006613552917434836,0.0006273761953981053,-0.5272981220021304,-0.41255938928516855,False,none,False,False
2024-08-19,0.00011379432250227748,0.00015280754859230825,0.00025195395974119544,0.0006122754222852816,0.01776245633984025,0.00359066813072854,0.00011379432250227748,0.0002766226326974913,0.0006532006324517698,0.00023162187802529767,-0.2243066614746007,-0.07858897732635622,False,none,False,False
2024-08-20,0.00018247873048515042,0.00024802435607582297,0.00031601338697211817,0.0005717483181656201,0.02249307605001505,0.0,0.00018247873048515042,0.0001926920641912054,0.0005739775098707526,0.00034741550025013456,0.09558189716858154,0.1839741803928848,False,none,False,False
2024-08-21,0.0005716275466802478,0.0006705662981443636,0.0006640267004852844,0.0005701512082666813,0.03981065296182982,0.01776245633984025,0.0005716275466802478,0.00028989713478632566,0.0005625362355818096,0.00020637614974236605,1.0142752705465043,1.067053492531042,False,none,False,False
2024-08-22,0.0001244620589366016,8.549359102015558e-05,6.622604366470886e-05,0.0005392616596985933,0.018576385572935457,-0.010619568827460261,0.0001244620589366016,0.0002798793290711993,0.0005009045141806486,0.0001897797090697415,-0.9945355207580631,-0.9234340466167696,False,none,False,False
2024-08-23,7.30863978622875e-05,9.640957704218996e-05,0.00010113994099833659,0.0005220638931400109,0.01423511582187191,-0.003565066164496257,7.30863978622875e-05,0.00021308981129331282,0.00047012133311907783,0.00020960818487069643,-1.0185331445871497,-0.9431799928527128,False,none,False,False
2024-08-26,0.0001656281779142473,5.22157691058083e-05,0.0,0.0005034816243464355,0.02142939145589921,-0.01077209698191107,0.0001656281779142473,0.00022345658237570676,0.00044877968984785214,0.00025257169874789314,-0.6131327664008269,-0.5679615162893616,False,none,False,False
2024-08-27,0.00013015527171247375,0.00017541710567874042,0.0002076553592997582,0.0004937110693592902,0.018996500690655085,0.0036036075032983964,0.00013015527171247375,0.00021299189062117142,0.0004207500152054924,0.0001649971199181981,-0.8229715751741168,-0.7765060005039828,False,none,False,False
2024-08-28,0.0001656281779142473,0.00015077114359572755,0.00012756715584182854,0.0004742116404640341,0.02142939145589921,0.014285957247476434,0.0001656281779142473,0.0001317920168679713,0.00041723672624994227,0.00023770308904323443,-0.07701411288224917,-0.07202030542291205,False,none,False,False
2024-08-29,0.0001757735070896882,0.00019979930954231056,0.0002520777253734913,0.0004308267308208737,0.022075951699199826,-0.0071174677688639896,0.0001757735070896882,0.00014205430649858863,0.0004075371160168733,0.00014556680980586356,-1.2747987809515504,-1.2291221467488498,False,none,False,False
2024-08-30,4.155294141521443e-05,3.7754006783607237e-05,3.8265836047984024e-05,0.0003759780319219897,0.010733555643108851,-0.007168489478612516,4.155294141521443e-05,0.000135747615209174,0.00039507614880853327,0.00013385229886813765,-1.5735809856207572,-1.4839787813569576,False,none,False,False
2024-09-04,8.622619604677259e-05,7.330995884812705e-05,6.993174053235105e-05,0.0003113097517550812,0.01546188147415825,-0.019065488977456746,8.622619604677259e-05,0.00011986721883567907,0.0003529780496077036,0.00023697235844743396,-0.300705426714048,-0.18999531384910093,False,none,False,False
2024-09-05,0.0003352385021704619,0.0004174861524677828,0.0004151712175030364,0.0003059274931264651,0.030487349677831607,-0.011060020574936196,0.0003352385021704619,0.0001608838649272767,0.00029242750073759413,0.00024418726578763435,0.21868438716001373,0.34139405263093553,False,none,False,False
2024-09-06,0.0002637356675715277,0.0003603650202906455,0.0006315390893393906,0.0003118861559202854,0.027041274702964684,0.0037002817428559466,0.0002637356675715277,0.0001805053628587328,0.00026096987598952457,0.00019612400204978628,-0.6454541464889109,-0.6078522119659187,False,none,False,False
2024-09-09,0.00013726272453131803,0.00018499736579131746,0.00021901275273682788,0.00027946636918426,0.019508282395419595,-0.003700281742856028,0.00013726272453131803,0.00017280320634705876,0.00023964501067522427,0.0001506726883958181,-2.3750995996043667,-2.3560414105788303,False,none,False,False
2024-09-10,0.00019238772689116347,0.00012185385727143884,8.617814026626991e-05,0.0002690876822060084,0.023095714794649395,-0.0046446901893246,0.00019238772689116347,0.0002029701634422486,0.00023436892247804796,0.00034784363537208147,-1.5099305012168596,-1.4447288576252957,False,none,False,False
2024-09-11,0.0001393259600518124,0.00017139034393501366,0.00017557760492870788,0.00027415850839295885,0.019654352839889828,-0.011236073266925954,0.0001393259600518124,0.00021359011624325652,0.000210642186495925,0.00024433445069937704,-1.1458133211846395,-1.0540054954146514,False,none,False,False
2024-09-12,5.299285104081153e-05,7.346369057754335e-05,0.0001469273811550867,0.0002340882648148611,0.01212136053234482,0.0037594029239057455,5.299285104081153e-05,0.00015714098601732647,0.0002024871059062784,0.00018187767494115675,-2.4942954939983264,-2.4512321807968265,False,none,False,False
2024-09-13,8.125618166035704e-05,6.350819301795802e-05,5.600626890099322e-05,0.00023194882168392768,0.01500966265056523,-0.007532992307545148,8.125618166035704e-05,0.00012064508883509231,0.00019554235379371998,0.00013250482648263456,-1.6033577700622519,-1.6412316721334304,False,none,False,False
2024-09-16,0.0011201955505845897,0.0008287681938923688,0.0006189324311932869,0.00025686000480380495,0.05573007760854111,-0.039523216369684776,0.0011201955505845897,0.00031723165404574667,0.00021909071641044772,0.0002421673840831591,1.0591634744407292,0.9857614575517226,False,none,False,False
2024-09-17,0.00021478984443279808,0.00020436233537569657,0.0002160665619498764,0.0002515308239977739,0.024403358382116446,0.01947481218096736,0.00021478984443279808,0.00032171207755407355,0.00022496288235263642,0.0002444838008190592,-0.30073216229277794,-0.25703286907522227,False,none,False,False
2024-09-18,0.00020783454002351858,0.0002286210574871249,0.0002783218803443181,0.00025406738636292545,0.02400499326725796,0.016260520871780326,0.00020783454002351858,0.00033541379354841487,0.00022647576655769486,0.0001629487947165332,0.59095117535963,0.6556134293696048,False,none,False,False
2024-09-19,0.00014496867396527848,9.883127277854434e-05,7.594101575765616e-05,0.00024476878615196343,0.020048404188717537,-0.01626052087178029,0.00014496867396527848,0.0003538089581333082,0.00021456370688558384,0.00018809468150196674,-1.0033462507504116,-0.9085524268408266,False,none,False,False
2024-09-20,0.00014608228262667677,0.00019678761176849282,0.0002316187182574203,0.0002216352475765791,0.020125259981669016,0.0,0.00014608228262667677,0.00036677417832657215,0.00021603134143669293,0.00015950247111090783,0.03312145559380954,0.1991031125370911,False,none,False,False
2024-09-23,9.60977295730469e-05,7.280159289531711e-05,6.230150323644801e-05,0.00022293184576994862,0.01632297403193052,-0.0038647391098887212,9.60977295730469e-05,0.0001619546141242636,0.00021210493230432458,0.00016233061458288865,-0.9042053689302324,-0.8364503535120729,False,none,False,False
2024-09-24,5.641097235700385e-05,7.247677998741293e-05,7.12210137097192e-05,0.0002220091061946355,0.012506175505229764,0.0077145994953303825,5.641097235700385e-05,0.00013027883970910477,0.0001886859971078135,0.00018142597916356157,-1.4445125014249698,-1.3430062637904043,False,none,False,False
2024-09-25,0.0004636209429096668,0.00035598270705629217,0.00030863516252638534,0.00023979406114757836,0.035852896643165606,0.035852896643165606,0.0004636209429096668,0.00018143612028633438,0.0002041023100156801,0.0001714455663392778,2.226104380441151,2.195711599399266,False,none,False,False
2024-09-26,8.96169328741315e-05,0.00012423544870426826,0.00012472462387476627,0.00023590190393891217,0.015762959665257554,0.0,8.96169328741315e-05,0.000170365772068105,0.0002048536979707639,0.00018132075152926282,0.45248699456354896,0.4872292619490954,False,none,False,False
2024-09-27,0.00013524498362970728,0.00017915577315536185,0.00028503723007948484,0.00024318232796277276,0.019364367181791152,0.0,0.00013524498362970728,0.0001681983122687111,0.00020347264368510305,0.00017388332473775066,0.8437647676902987,0.8884578643048366,False,none,False,False
2024-09-30,9.028542974170257e-05,0.00011987300692380697,0.00019177983023149504,0.00024110341566073408,0.015821642275200658,0.0037002817428559466,9.028542974170257e-05,0.00016703585230244222,0.00020166037814097704,0.00012767350302798688,-0.04653587853079871,0.002787991327420359,False,none,False,False
2024-10-01,7.814678355451015e-05,8.741051939767207e-05,8.12523927515889e-05,0.00024378173895292933,0.014719676992466514,0.007359738832080137,7.814678355451015e-05,0.00017138301454194346,0.0001976839511246254,0.0001748311944297374,0.8537894129273151,0.8041477208329935,False,none,False,False
2024-10-02,4.4119076925045614e-05,5.595027763980927e-05,8.169950779105357e-05,0.0002380853417424908,0.011060020574936144,-0.0036730987118614618,4.4119076925045614e-05,8.748264134501925e-05,0.0001916996588444143,0.00012535761179369336,-0.30708507582841565,-0.275647002069095,False,none,False,False
2024-10-03,0.0005213706573534798,0.0005120732091139077,0.000557595210905495,0.00024850492670868096,0.03802034198537671,-0.027041274702964645,0.0005213706573534798,0.0001738333862408889,0.00021350955502342638,0.0003277605145073035,0.9154324325560877,0.9714544871989297,False,none,False,False
2024-10-04,8.125618166035704e-05,0.00010722626455996219,0.00011285751645767394,0.00022663382885251387,0.01500966265056523,0.011278315037707053,8.125618166035704e-05,0.00016303562584701886,0.0002132836452785893,0.00014897956217302318,-0.5933153776388621,-0.5166017642702042,False,none,False,False
2024-10-07,0.00026571423017961084,0.00015607453990932826,0.00010043496343933789,0.00022546863386875603,0.02714251789968304,-0.01506619835464429,0.00026571423017961084,0.0001981213859346005,0.00021012345109718697,0.00014531324751087857,0.029374928511890032,-0.006506419668458198,False,none,False,False
2024-10-08,0.00012840696389226244,0.00017800984997236882,0.00018481105958655583,0.00022069017096594865,0.018868484304382736,0.0037878833169371563,0.00012840696389226244,0.00020817342200215097,0.00020397214638449314,0.00018161400811002025,-0.7995562598793927,-0.8643159381906717,False,none,False,False
2024-10-09,8.186945688724918e-05,9.173871758831194e-05,0.000113922647560113,0.00021651406780695076,0.015066198354644183,0.011278315037707053,8.186945688724918e-05,0.0002157234979945917,0.00020145427058248998,0.0001563225197413562,-0.07924166375464968,-0.11990503083417006,False,none,False,False
2024-10-10,0.00013828857053840932,0.00017011457920625578,0.00017427208740045425,0.00021779488471820416,0.019581045199106563,-0.0037453227301619415,0.00013828857053840932,0.0001391070806315776,0.00019899521802100117,0.00016558533922555492,-0.7390895412957839,-0.9003966483230386,False,none,False,False
2024-10-11,0.00035127898424068776,0.00011074385146186397,0.0,0.00022157883330575193,0.03120820645384122,-0.02373153611082096,0.00035127898424068776,0.00019311164114764375,0.0002086294463932228,0.00012632494715414304,1.1829728960639914,1.1460343626006426,False,none,False,False
2024-10-14,0.00019672551941023718,0.0002727194782467934,0.0005454389564935868,0.00021505919886422034,0.023354634582745816,0.016198543803275726,0.00019672551941023718,0.000179313898993769,0.00021516274950092397,0.000184712789794245,1.0011282980830618,1.0306494066523277,False,none,False,False
2024-10-15,0.00044667235710171556,0.0005178585026336899,0.0004943729934783998,0.00022669466351318222,0.035191458336313326,-0.01619854380327585,0.00044667235710171556,0.00024296697763565963,0.00023177257565734936,0.0002424818326005513,-0.04244317140069905,0.00330622298683403,False,none,False,False
2024-10-16,0.00014608228262667677,0.00017388704400075853,0.00017311408722320122,0.0002216540920367173,0.020125259981669016,0.0,0.00014608228262667677,0.0002558095427835451,0.00018749469984108059,0.00014030721889708822,-1.1111215578491247,-1.0424046995068856,False,none,False,False
2024-10-17,0.00014834834357925556,0.000199884699108794,0.00019856209012300915,0.0002323290703260162,0.020280753052359674,-0.0038498603854416596,0.00014834834357925556,0.0002578214973917144,0.00018447463162046503,0.00026067529030894966,-0.4391743084986696,-0.43918806115529285,False,none,False,False
2024-10-18,9.60977295730469e-05,0.00012744996754693487,0.00020335544511617833,0.00023167944459501094,0.01632297403193052,-0.0038647391098887212,9.60977295730469e-05,0.00020678524645818624,0.00017939568569089813,0.0001383642196269337,-0.6844053849111512,-0.6966763920478215,False,none,False,False
2024-10-21,4.8861805992240795e-05,6.19222157785728e-05,6.021113409760094e-05,0.0002297689757564368,0.011639316657018787,-0.0038797332855890743,4.8861805992240795e-05,0.00017721250377458693,0.00017502719169212367,0.00018822464330827657,-1.0521282967978434,-1.0522927028969593,False,none,False,False
2024-10-22,0.00038320331962259086,0.00036699762021882214,0.00039036967477449247,0.00024553259785547657,0.03259547824945113,-0.020619287202735592,0.00038320331962259086,0.000164518696278762,0.00018580542064648337,0.00032006232300777957,1.1980847620718027,1.118257647684053,False,none,False,False
2024-10-23,0.00015455392918356178,0.0002142572405160946,0.00022590958064561806,0.00023272956605034493,0.02070059132083403,0.003960401216096914,0.00015455392918356178,0.000166213025590139,0.0001884625206287795,0.00017028367722712079,-0.8287252272351263,-0.9443980065648956,False,none,False,False
2024-10-24,0.00015578002298315079,0.00016099083264186777,0.00018400794347421415,0.0002352974289956163,0.02078253918252863,-0.011928570865273732,0.00015578002298315079,0.00016769936147091805,0.00019297929565724077,0.00019590979891986258,-0.7684694218844662,-0.7153844131920964,False,none,False,False
2024-10-25,0.00020944036432362812,6.60279539549172e-05,0.0,0.00022286134107382815,0.024097551579060524,-0.016129381929883644,0.00020944036432362812,0.0001903678884210343,0.00018142563299423898,0.00012720773584631005,-0.1722358070175079,-0.08035246734082917,False,none,False,False
2024-10-28,6.276255146310117e-05,8.700737118279408e-05,0.00010006672081784698,0.0002179375171794643,0.013191464754362503,0.004056800695614469,6.276255146310117e-05,0.00019314803751520636,0.00018020497929373763,0.00013004856807927471,-1.338585732157355,-1.2616232436544725,False,none,False,False
2024-10-29,9.307960157784674e-05,0.00010391225201255978,0.00012851750546007132,0.0002201319526487844,0.016064602503806622,0.008064559836730495,9.307960157784674e-05,0.00013512329390625753,0.00017828837101865303,0.00018685712088631823,-0.568075595027628,-0.49286822997012764,False,none,False,False
2024-10-30,5.256719703465099e-05,7.28736088290149e-05,8.110136088333283e-05,0.0002204196395520345,0.01207258123426924,0.0,5.256719703465099e-05,0.00011472594747647538,0.00017657390589560527,0.00015251467609873475,-1.4583246426542653,-1.394813511372917,False,none,False,False
2024-10-31,0.00014485801401077988,4.5667788585035835e-05,0.0,0.00019663373519693324,0.020040750883445972,-0.008064559836730408,0.00014485801401077988,0.0001125415456820012,0.00017960623455270843,0.00012930124311103696,0.7566863928361898,0.8434663930058289,False,none,False,False
2024-11-01,0.0004128295001817203,0.0001301482038443679,0.0,0.0001947635896146757,0.03383203240143464,-0.02979162286442968,0.0004128295001817203,0.00015321937285361965,0.0001963657992461936,0.00017199881694173242,1.3203456869069463,1.380166995646038,False,none,False,False
2024-11-04,0.0001738673681666605,5.481324775501173e-05,0.0,0.00019011480698836265,0.02195592640141597,-0.013648505831559814,0.0001738673681666605,0.0001754403361943315,0.00018057019519224728,0.0002557638000487754,0.46523542903282883,0.4319939568254332,False,none,False,False
2024-11-05,6.718692532357883e-05,5.850661790045728e-05,5.7047129369729005e-05,0.00018724073759931656,0.013648505831559769,0.009468771428851967,6.718692532357883e-05,0.00017026180094347794,0.00017993068354057556,0.00012718521562582046,-0.4721888937730066,-0.4941277344667852,False,none,False,False
2024-11-06,0.0001536589359164668,0.00010725560065142441,8.45060244786507e-05,0.00018870743720364046,0.020640567647072137,0.020726130517116952,0.0001536589359164668,0.00019048014871984108,0.000174837261074069,0.00021920316087688515,0.8191736051411628,0.7535976634972865,False,none,False,False
2024-11-07,0.00010954178816901963,3.4534031530748246e-05,0.0,0.00018331735257977886,0.01742740159895912,-0.008238975544552845,0.00010954178816901963,0.00018341690355148905,0.0001739797530866489,0.0001845587103760955,-1.13242289344907,-1.1294015632905885,False,none,False,False
2024-11-08,0.00016784751243726406,0.00023268606001977988,0.00032089604499974935,0.00019365028049584914,0.021572485254127763,0.0,0.00016784751243726406,0.0001344205060025978,0.00017788784652074047,0.00019287110529600627,0.0694951866274295,0.12628916458956987,False,none,False,False
2024-11-11,0.0001549355238903031,0.0002147862431062833,0.00022380975733256954,0.00017133772097270073,0.020726130517116952,0.0,0.0001549355238903031,0.00013063413714732632,0.00017864452621855383,0.00024369829112230702,-0.3545555452501036,-0.2092831838031457,False,none,False,False
2024-11-12,0.00010954178816901963,0.00014527464562110742,0.0002317744860534478,0.00015912748605543435,0.01742740159895912,0.0,0.00010954178816901963,0.00013910510971641447,0.00016765647185165982,0.00020344194230807825,1.0226002172912092,1.1923886761721996,False,none,False,False
2024-11-13,9.956848989105832e-05,0.00013803123608119698,0.00017296919906034774,0.0001579504273075639,0.016615127810594595,0.0,9.956848989105832e-05,0.00012828702051133277,0.00016324024323715168,0.00026130989822383357,-0.4595231796966011,-0.4614067732769339,False,none,False,False
2024-11-14,0.00024539153393943685,0.00021866294498975068,0.00018289717193038882,0.0001520178652084343,0.026083899239446602,-0.01773651085870783,0.00024539153393943685,0.00015545696966541624,0.00015409111491159356,0.00040480488313535964,0.694944330332592,0.6303099803083418,False,none,False,False
2024-11-15,0.00016328699639187518,0.00011396192530162054,8.977818571686634e-05,0.00014985476599888408,0.02127739844728488,-0.02127739844728485,0.00016328699639187518,0.00015454486645633843,0.00015487314735546621,0.00035315131609463767,1.6085756827563427,1.5099166872411522,False,none,False,False
2024-11-18,0.00010584784058865928,0.00013962072461875483,0.0001464240745995052,0.00015451483569617263,0.017131039930183774,0.004291852081540863,0.00010584784058865928,0.0001447273297960097,0.00015294130631043912,0.00040731223512793124,-0.012946250899466317,-0.09021358195205673,False,none,False,False
2024-11-19,0.00010584784058865928,8.269483234625448e-05,7.289815225797074e-05,0.000139488808132668,0.017131039930183774,-0.008602203582663191,0.00010584784058865928,0.00014398854027993763,0.00015338449317478514,0.00044185155616148904,-0.4811340580218233,-0.4730964617130221,False,none,False,False
2024-11-20,0.0003228075566437902,0.0003331621688221766,0.00038030293100347533,0.0001524940871693576,0.0299167610379926,0.012875714360045367,0.0003228075566437902,0.00018863635363048397,0.00016583657274985553,0.0006117670250068879,-0.09555918892070842,-0.03934095397010374,False,none,False,False
2024-11-21,5.878048009197991e-05,5.362572365622808e-05,5.45561976577141e-05,0.00014813099305050636,0.012766130823035751,0.008492620045653597,5.878048009197991e-05,0.00015131414286099256,0.00015109008004391872,0.00017998389813689817,-1.7594707273744372,-1.7511551408073371,False,none,False,False
2024-11-22,0.0001040575484667508,0.0001373186070299934,0.0001445626142717758,0.00015018896979471965,0.016985546365743807,-0.004237294475515267,0.0001040575484667508,0.0001394682532759677,0.00014879479001133638,0.00016080672374530088,-0.7266504649579862,-0.7051648423311889,False,none,False,False
2024-11-25,0.0014654340200553838,0.0004619912227170925,0.0,0.00017808266263493638,0.06374202567531144,0.06374202567531144,0.0014654340200553838,0.0004113854891693126,0.00020832451715098335,0.00016853725277563825,3.027898029052516,2.914505965980491,False,none,False,False
2024-11-26,0.0002164771139956466,0.00023666835228991582,0.00028626250314480183,0.00018567016611837695,0.024499020488324533,0.016790517912991253,0.0002164771139956466,0.0004335113438507101,0.00020864436940880234,0.00018314114127912626,1.6919871312817354,1.59352906804712,False,none,False,False
2024-11-27,0.0006057409716640493,0.0006096877687090924,0.0005422217758542741,0.0002158139069578435,0.04098134437319388,0.015549390064861723,0.0006057409716640493,0.0004900980268547619,0.00023332520669066363,0.00014122778885173893,1.7908965992454466,1.7134289165508287,False,none,False,False
2024-11-28,9.684018576117166e-05,3.0529737412716574e-05,0.0,0.00021173963142642502,0.016385908790818714,-0.007744472395477711,9.684018576117166e-05,0.0004977099679886002,0.00023349614233536022,0.00014802123779834986,-0.06554389116051763,-0.12506072649137204,False,none,False,False
2024-11-29,4.8861805992240795e-05,6.187683335522093e-05,9.01403665525065e-05,0.00020650011783552905,0.011639316657018787,-0.0038948442615409622,4.8861805992240795e-05,0.00048667081949369824,0.00023332771546979612,0.0001904180327206658,0.4741148309518229,0.4990724045255599,False,none,False,False
2024-12-02,0.0002879057987665248,0.00037577298735369904,0.00038164859076146053,0.00021896112547488487,0.028253218767558194,0.0,0.0002879057987665248,0.00025116517523592644,0.00023982988750414819,0.00018562699437014505,-0.07167777361669954,-0.03634525416279261,False,none,False,False
2024-12-03,0.0007182191832101209,0.0008367768778437108,0.0008314625079327788,0.00025417039356091743,0.04462428046999355,0.020280753052359674,0.0007182191832101209,0.00035151358907882133,0.00025371123673271183,0.00021797359489355314,1.7028810580732274,1.6035340752184046,False,none,False,False
2024-12-04,0.00039384076445430103,0.00024060448605297337,0.00016286279776819333,0.0002623399881529565,0.0330447947774576,-0.028116248576308348,0.00039384076445430103,0.0003091335476368716,0.0002637100274730591,0.0002568353659369947,0.14012914722727035,0.10712747664124124,False,none,False,False
2024-12-05,0.00021478984443279808,0.00020363191072345863,0.00017649060228450912,0.00026490617077267007,0.024403358382116446,0.015610073071078668,0.00021478984443279808,0.00033272347937119697,0.0002704192510689327,0.0007168830822106536,0.8212476580115049,0.7577935525384633,False,none,False,False
2024-12-06,0.00014834834357925556,0.00018248575219572836,0.00018693111428556665,0.00026038098459624844,0.020280753052359674,-0.0038797332855890743,0.00014834834357925556,0.00035262078688859985,0.0002701778605081504,0.00022105336019815226,0.29302802524967125,0.2040371526599548,False,none,False,False
2024-12-09,8.720497542596235e-05,0.00011507713535200556,0.00012112810405130773,0.00025593228729459214,0.015549390064861723,0.0038797332855890704,8.720497542596235e-05,0.00031248062222048744,0.0002691625508380114,0.0001458954585718388,-0.20339614970137682,-0.2656890171921326,False,none,False,False
2024-12-10,0.000443292595345603,0.0005856877167387932,0.0009261159957723441,0.0002856200631706782,0.03505806683928282,0.012506175505229764,0.000443292595345603,0.00025749530464758385,0.00028168278187929954,0.00016110250135888953,1.3481381169483209,1.2677187870844726,False,none,False,False
2024-12-11,0.0002829222564150553,0.00023332720281489321,0.00018656340661983562,0.0002900077759135304,0.02800762498690337,-0.020280753052359702,0.0002829222564150553,0.00023531160303973472,0.00028750036063042466,0.00016432330760779323,-0.17613005716475652,-0.22533934245368775,False,none,False,False
2024-12-12,0.0001367921273147105,9.550411530243061e-05,7.52650682935213e-05,0.00028719527675231786,0.01947481218096736,-0.007835495523948608,0.0001367921273147105,0.0002197120596161172,0.0002887390124097742,0.00016327765766567358,-0.20953186709799473,-0.27469622703839586,False,none,False,False
2024-12-13,5.9225540816830084e-05,5.182135407380512e-05,5.075004468339961e-05,0.00028238581915345255,0.012814369533351804,-0.004928546201149205,5.9225540816830084e-05,0.00020188749906363207,0.00028690524199730935,0.0001314421262830734,-1.0813955632883188,-1.0308317814433452,False,none,False,False
2024-12-16,5.876124354585979e-05,5.774384210112858e-05,6.290816935554081e-05,0.0002793742550302771,0.012764041725097736,0.012764041725097736,5.876124354585979e-05,0.0001961987526876116,0.00027842204697941944,0.00017143021471637175,-0.9321453415608213,-0.9107030563848211,False,none,False,False
2024-12-17,0.00010009363454801967,0.00013285331258157637,0.00014341135983053616,0.000280700962038558,0.016658885986638765,-0.00391007340784289,0.00010009363454801967,0.0001275589605280949,0.0002755496214410624,0.00010150726678746114,-1.4975948462050834,-1.5278661606368034,False,none,False,False
2024-12-18,0.00019622107886621646,0.0001266456636136483,9.155918554310457e-05,0.00026699623900962126,0.02332467256640904,0.01939925045030332,0.00019622107886621646,0.00011021872501832713,0.0002796574959082241,0.00012477043895890214,0.3099975156975742,0.23209821154985938,False,none,False,False
2024-12-19,8.788695536767812e-05,0.00011597717787625113,0.00012207631217459378,0.00027896087305000905,0.015610073071078668,-0.015489177042460304,8.788695536767812e-05,0.00010043769062892066,0.0002788410920345431,0.00019980387162941976,-0.27723872203661254,-0.41825237180998276,False,none,False,False
2024-12-20,0.0002164771139956466,6.824635242283752e-05,0.0,0.00027970523451015375,0.024499020488324533,-0.016724442941194642,0.0002164771139956466,0.00013188800526468396,0.00027400789009599116,0.00014455828109965395,0.37164971810067093,0.24191290830038886,False,none,False,False
2024-12-23,0.00010248991980373059,8.71150631007404e-05,8.308108028004512e-05,0.0002545832793605407,0.016857117066422806,-0.007968169649176845,0.00010248991980373059,0.0001406337405162581,0.0002759946828101616,0.00016354845095645717,-0.0869103874509271,-0.06135679654603175,False,none,False,False
2024-12-24,0.00022932697850594434,0.0003117091735571667,0.0003973142956832938,0.0002575637902039626,0.025215657721164166,-0.004008021397538711,0.00022932697850594434,0.00016648040930784306,0.00028168874781194316,0.0002130028196679301,0.5300698148620121,0.7574343522985622,False,none,False,False
2024-12-25,0.00020776803190630967,0.00018833610375894989,0.00019048633399283308,0.00023874269491552813,0.02400115209954283,0.00800004266707615,0.00020776803190630967,0.0001687897999158617,0.00022452211198698523,0.00030738441126545253,-0.7213143562056199,-0.622042475183546,False,none,False,False
2024-12-26,9.160210849662646e-05,0.00012698748647556568,0.0001269895021606216,0.0002402952053894212,0.01593659226281238,0.0,9.160210849662646e-05,0.00016953283054165137,0.00021884597537339342,0.000141453085538396,-1.1982685914952405,-1.1804195981676733,False,none,False,False
2024-12-27,9.233642232946107e-05,2.910988558304118e-05,0.0,0.000237975263213168,0.01600034134644112,-0.01202419296680159,9.233642232946107e-05,0.00014470469220841426,0.0001955094049490939,0.00018009718125098795,-0.7601957796889757,-0.7310728034048003,False,none,False,False
2024-12-30,9.307960157784674e-05,7.318481814373807e-05,6.490757316457225e-05,0.00022350803827346366,0.016064602503806622,0.012024192966801591,9.307960157784674e-05,0.00014282262856323748,0.00019533846930439735,0.0001789272200196051,-1.2490153935238089,-1.1886638206052693,False,none,False,False
2024-12-31,5.214665101359994e-05,1.6439699592523496e-05,0.0,0.00018440970305478362,0.012024192966801591,-0.01202419296680159,5.214665101359994e-05,0.0001073865630647686,0.00019548778044173188,0.0001583286680153619,-2.1496868236853555,-2.1718479169245994,False,none,False,False
2025-01-02,9.307960157784674e-05,0.000129035726802655,0.00016090612572960072,0.00017976165742642977,0.016064602503806622,0.0,9.307960157784674e-05,8.444887699907602e-05,0.00018663204420588285,0.00015478721834750385,-1.0624332464488542,-1.00932977687843,False,none,False,False
2025-01-03,0.00016512227599713248,0.00011348594336963689,8.796164081295372e-05,0.00017486757319776962,0.02139663899354789,-0.017285636287025574,0.00016512227599713248,9.915291049917721e-05,0.0001614912756962016,0.00019873701386546297,0.026601469066053544,0.1069260825969202,False,none,False,False
2025-01-06,0.0005548115838144644,0.0006031907410098227,0.000586312902455605,0.0001935500282381384,0.03922071315328133,-0.020726130517116855,0.0005548115838144644,0.00019164794279617788,0.00016880813112166352,0.0004273936478702371,0.22179373053528278,0.3197178880582232,False,none,False,False
2025-01-07,0.00011441513730002035,8.665348495901221e-05,7.413472824439649e-05,0.0001920076942227962,0.01781084274624737,-0.009468771428851903,0.00011441513730002035,0.0001959150499406126,0.00016424564443381,0.00033064828887486875,-0.3798895915862119,-0.3211623204551382,False,none,False,False
2025-01-08,0.00024539153393943685,0.00021764223866907727,0.00021579357197085955,0.000163499734450027,0.026083899239446602,0.01781084274624737,0.00024539153393943685,0.00023456402652577996,0.00016865669854109098,0.0002472524274042731,-1.065695090375713,-1.045460172812552,False,none,False,False
2025-01-09,5.577423292842178e-05,7.731950460445843e-05,8.605339627598685e-05,0.00015798102460424387,0.012435393407886896,0.004145083655168622,5.577423292842178e-05,0.00022710295279589505,0.0001672280284275664,0.00014163316661322604,-1.6284456104118086,-1.6615084945352088,False,none,False,False
2025-01-10,0.0005126727876223077,0.0007040781936062968,0.0012651533957270535,0.00020568164303445634,0.037701867184011466,-0.004145083655168664,0.0005126727876223077,0.00029661305512093005,0.000170381673531053,0.00033707252805811053,0.3009699464931721,0.3603576203844092,False,none,False,False
2025-01-13,0.00010954178816901963,0.00012563522464436133,0.00016013039091247573,0.00021113224381971265,0.01742740159895912,0.012384059199721622,0.00010954178816901963,0.00020755909599184109,0.00016250074315623316,0.0003248014560586776,-0.5075328668761987,-0.47761583952475867,False,none,False,False
2025-01-14,0.00016784751243726406,0.00012779474553534258,0.00010989573055107656,0.00021323540628534856,0.021572485254127763,-0.012384059199721555,0.00016784751243726406,0.00021824557101928982,0.00016391235157089468,0.00023643877798344237,-1.127137964550055,-1.1031409594299084,False,none,False,False
2025-01-15,0.00016784751243726406,0.00016436032008232518,0.0001784703892061101,0.00021963628177455583,0.021572485254127763,0.021572485254127763,0.00016784751243726406,0.00020273676671885525,0.00016884971391727805,0.00022017444429338887,-0.94133393963954,-0.9930213805405066,False,none,False,False
2025-01-16,0.00016512227599713248,0.00016168716638254995,0.0001755631510750061,0.00022239266621562381,0.02139663899354789,-0.005094254521743083,0.00016512227599713248,0.0002246063753325974,0.0001736843063014268,0.00017975382403326933,-0.8102910810104201,-0.8209217562431944,False,none,False,False
2025-01-17,5.486082937875009e-05,5.0046035247763504e-05,5.0910896142185624e-05,0.00021022111529349244,0.012333147077216073,-0.008205174239185287,5.486082937875009e-05,0.0001330439836838859,0.00017162826970282366,0.00016085319173856358,-0.9219175881030378,-0.8325370970248666,False,none,False,False
2025-01-20,9.874642502107443e-05,7.715543492089346e-05,6.8022279209525e-05,0.00020899164343796963,0.016546396114408935,-0.012435393407886759,9.874642502107443e-05,0.00013088491105429684,0.00016719760361895357,0.00014086188118374416,-0.010080857266390792,0.11981724413582574,False,none,False,False
2025-01-21,0.0003343856855878733,0.00019852629318937347,0.000129568478269758,0.00021604170600465306,0.0304485464470696,-0.01788580030707514,0.0003343856855878733,0.00016419254568441867,0.00017840209135623516,0.00015837803276411863,0.8874468758612424,1.1182473025506532,False,none,False,False
2025-01-22,0.00017831381704229863,0.00018423946470836076,0.0002105372071659914,0.000208496478265543,0.022234902251887793,-0.008528836347520436,0.00017831381704229863,0.00016628580660542558,0.0001766673960401739,0.00017394554098883031,0.10876139995628391,0.3547131358090973,False,none,False,False
2025-01-23,5.828338242291954e-05,5.293659996068386e-05,5.363736054099156e-05,0.00019508797878759837,0.012712035588361724,0.012766130823035751,5.828338242291954e-05,0.00014491802789058303,0.00017465800797740976,0.00021625077095698632,0.023335575434620837,0.2164160386099836,False,none,False,False
2025-01-24,5.828338242291954e-05,8.079792439988751e-05,0.00016159584879977566,0.00019627470091994274,0.012712035588361724,0.004219415542708068,5.828338242291954e-05,0.00014560253849941693,0.000166883299064545,0.00022050830307521633,1.6433603283417886,1.634232664360621,False,none,False,False
2025-02-03,6.662614326724871e-05,9.236344671455285e-05,9.714589108390136e-05,0.00020004092693529378,0.013591427203539211,0.005249355886143745,6.662614326724871e-05,0.0001391784821486518,0.0001604677586718604,0.00025731151085854603,0.11645052520801481,0.14277606109565205,False,none,False,False
2025-02-04,0.0001549355238903031,0.00015505006583971188,0.00013746910052485548,0.0002028380640030834,0.020726130517116952,0.016615127810594595,0.0001549355238903031,0.00010328844980913774,0.0001633465502806639,0.00024074940006258073,1.1535400509900384,1.1196099622616908,False,none,False,False
2025-02-05,6.379410114029703e-05,2.0111662746052087e-05,0.0,0.00020738929586708419,0.013299428760928475,0.0,6.379410114029703e-05,8.038450662873741e-05,0.0001620491720447928,0.00018230589242228024,-0.03660522568112532,-0.15362824455973711,False,none,False,False
2025-02-06,0.00010864889499543851,0.00015061935047408351,0.00019233637491249743,0.00020792775786857774,0.017356229456542888,0.004111002706522288,0.00010864889499543851,9.045760914324121e-05,0.00016275686720013788,0.00019784159268299505,-0.5786187846474049,-0.7398559569701042,False,none,False,False
2025-02-07,0.00039961076741328185,0.0005216291639002077,0.0006392539442076682,0.0002308247847243936,0.03328597763346676,0.013245226750020723,0.00039961076741328185,0.0001587230861413137,0.00017855069067285067,0.00017728753611520031,2.6071325126650313,2.5513584024869536,False,none,False,False
2025-02-10,0.00010776687485259748,8.162666115636752e-05,6.984104970729648e-05,0.0002071038505958372,0.017285636287025643,-0.01324522675002068,0.00010776687485259748,0.00016695123245838342,0.00017921829400352119,0.00026051067643726534,-0.3203196694540348,-0.22788546509199248,False,none,False,False
2025-02-11,0.00010776687485259748,0.00011704762131605178,0.00010752715030419299,0.00020867250748014962,0.017285636287025643,0.013245226750020723,0.00010776687485259748,0.00015751750265084228,0.00017661123031513322,0.00015919240503589025,0.002823721229607315,0.06813578010396439,False,none,False,False
2025-02-12,0.00016378448081042534,0.00022069601179228952,0.0002194562238820869,0.00020579193732666454,0.021309786586751242,-0.00405680069561443,0.00016378448081042534,0.00017751557858486797,0.0001588372710876769,0.00015318497496704883,-0.5760452687817372,-0.5722096144613056,False,none,False,False
2025-02-13,0.000396405294866414,0.00030391711533479885,0.00026311413757871443,0.00022336310871408645,0.03315220731690055,0.020121403199421028,0.000396405294866414,0.0002350668585590631,0.00017165500552251297,0.00015524077831176019,1.7767490320012629,1.722503792228291,False,none,False,False
2025-02-14,0.00010248991980373059,0.00014208119789554152,0.00018144692367947775,0.00017669528985767293,0.016857117066422806,0.0,0.00010248991980373059,0.0001756426890371528,0.00016515947760725361,0.00020275537985660013,0.07441763889566724,0.023958456845235954,False,none,False,False
2025-02-17,0.0003801928598242007,0.0005270592177123345,0.0005641256844973798,0.00019422532700942945,0.03246719013750141,0.007936549595736342,0.0003801928598242007,0.00023012788603147348,0.00017990577882978902,0.0002395438491589117,2.2684195097531554,2.1749138737965215,False,none,False,False
2025-02-18,0.00010088297245446381,0.00010957081665179409,0.00010065838480930044,0.00019382372743627683,0.01672444294119457,0.0,0.00010088297245446381,0.00022875110555184674,0.0001611880599585234,0.00020230496542239908,-1.1952367684329444,-1.2537823317535568,False,none,False,False
2025-02-19,0.0001521447729430103,0.00014798206945927888,0.00015967908824291287,0.00019277997252164182,0.020538619272227686,0.012764041725097736,0.0001521447729430103,0.00022642316397836372,0.00016312455926643205,0.00023989334454464992,1.4288695677829237,1.341081139785077,False,none,False,False
2025-02-20,0.00015334225424008916,4.8342521438049496e-05,0.0,0.00018582858787327631,0.02061928720273561,-0.016724442941194642,0.00015334225424008916,0.00017781055585309874,0.00016246522934837865,0.00018079360779103265,0.9978986141944824,0.9035247686382054,False,none,False,False
2025-02-21,0.00015334225424008916,0.0001491448522206914,0.0001609318390187328,0.00019176529250221778,0.02061928720273561,0.012814369533351804,0.00015334225424008916,0.00018798102274037047,0.00016180589943032525,0.00015969489363519904,0.7958753041677907,0.6977514223381911,False,none,False,False
2025-02-24,5.876124354585979e-05,7.550799441474932e-05,7.427455460056511e-05,0.00019342523795872765,0.012764041725097736,0.0,5.876124354585979e-05,0.00012369469948470227,0.0001569713070461765,0.0002691892017692038,-0.468032432832621,-0.5559184455213758,False,none,False,False
2025-02-25,0.00015334225424008916,0.00014964213102896498,0.00013111927065157544,0.00018833646832353568,0.02061928720273561,-0.00885396831725491,0.00015334225424008916,0.00013418655584182735,0.00016144773544896464,0.00016475626413820524,0.7585476093140351,0.7211796708052535,False,none,False,False
2025-02-26,0.00015702076533319922,0.0001079066704237294,8.362792142616638e-05,0.00018388082673666836,0.02086513846396154,-0.011928570865273732,0.00015702076533319922,0.00013516175431986513,0.00016409656909951574,0.00019345909082392885,-0.09012555057323109,-0.0947928028805325,False,none,False,False
2025-02-27,0.00014602629790205733,0.00017751335049965135,0.0001786038304809743,0.00018958699480700934,0.020121403199421028,-0.008032171697264267,0.00014602629790205733,0.00013369856305225875,0.00015553477875016047,0.00025811359329478274,0.6904313211784959,0.6107347020806059,False,none,False,False
2025-02-28,0.00029709649494734917,0.0003137540957373954,0.00036633608975844453,0.00020028599661359013,0.02870063398791024,0.019960742562537933,0.00029709649494734917,0.00016244941119371076,0.00016093399138220825,0.00019159084316233252,1.320356346942499,1.2654642788750443,False,none,False,False
2025-03-03,0.00021478984443279808,0.0002977619501630065,0.00040355887714081694,0.00021340483366981674,0.024403358382116446,0.00492854620114918,0.00021478984443279808,0.00019365513137109842,0.00016804792147356634,0.00021487323244433844,0.4666592895731147,0.4329772108019617,False,none,False,False
2025-03-04,0.00015578002298315079,0.00019162474165578984,0.00019628182224127924,0.00021814897496160045,0.02078253918252863,-0.01286509579688548,0.00015578002298315079,0.00019414268511971076,0.00017247958695357685,0.00030339261376937087,0.11866780700289457,0.07905487997486464,False,none,False,False
2025-03-05,0.00020776803190630967,0.00013287959165156018,9.505419196275643e-05,0.00021754048191002708,0.02400115209954283,-0.016064602503806563,0.00020776803190630967,0.00020429213843433286,0.00017889512734626143,0.00024292281465769568,0.8226364462680208,0.7536180674273767,False,none,False,False
2025-03-06,5.256719703465099e-05,4.795152597183095e-05,4.877817235520696e-05,0.00021193183526109076,0.01207258123426924,0.01207258123426924,5.256719703465099e-05,0.00018560031826085158,0.00017424202158009545,0.00023935131703009766,-0.8864969389468472,-1.0247677616958986,False,none,False,False
2025-03-07,5.214665101359994e-05,7.229060825144043e-05,8.045201599077257e-05,0.00018708133993764628,0.012024192966801591,0.0,5.214665101359994e-05,0.00013661034947410174,0.00017371259202888194,0.00019094651045109749,-0.5956094835102225,-0.6265655302508043,False,none,False,False
2025-03-10,5.173113157279417e-05,4.699147316852469e-05,4.76191126246504e-05,0.0001854204681143158,0.01197619104671562,-0.004008021397538711,5.173113157279417e-05,0.00010399860690210095,0.00017112542096421626,0.00023104367807888054,0.02501788257968749,0.04700757204886051,False,none,False,False
2025-03-11,5.299285104081153e-05,4.834021578744811e-05,4.917394383941034e-05,0.00018750768463625525,0.01212136053234482,0.0,5.299285104081153e-05,8.344117251363309e-05,0.000155370061129104,0.0002603459079602151,-1.0990466135381043,-1.185827009900686,False,none,False,False
2025-03-12,5.214665101359994e-05,4.736852539425647e-05,4.8000834072494646e-05,0.00018201840575207722,0.012024192966801591,0.004008021397538647,5.214665101359994e-05,5.2316896335091136e-05,0.00015284186913642228,0.00020437287006530512,-0.22732035255404523,-0.35184276186690855,False,none,False,False
2025-03-13,0.00020944036432362812,0.00023404466772253187,0.00022512179076917174,0.00017397100678906874,0.024097551579060524,-0.012072581234269136,0.00020944036432362812,8.369152979288657e-05,0.0001574633913851055,0.0003341701017202989,0.32282639828716125,0.30134191647421604,False,none,False,False
2025-03-14,0.00010776687485259748,0.00014309039054359273,0.00022895217214003927,0.0001762643490211222,0.017285636287025643,0.004040409537004906,0.00010776687485259748,9.481557456068608e-05,0.0001549171365688406,0.0002525801918597721,1.2085159294377967,1.1867683753618807,False,none,False,False
2025-03-17,5.214665101359994e-05,7.229060825144043e-05,8.045201599077257e-05,0.0001555087442543529,0.012024192966801591,0.008032171697264253,5.214665101359994e-05,9.489867844884723e-05,0.0001392690163937127,0.00023013822389055902,-0.7737486371039447,-0.7701394819610401,False,none,False,False
2025-03-18,0.001128858552056319,0.000355882786670556,0.0,0.0001732932036780996,0.055945156094475944,0.06391332574365285,0.001128858552056319,0.00031007181865194873,0.00018592213604155762,0.0002487101122833129,3.3804894699243717,3.522197662687881,False,none,False,False
2025-03-19,0.0003402497913586299,0.0002641008824091109,0.0002313711386649541,0.00020261887604957883,0.030714373414826093,0.0,0.0003402497913586299,0.0003676924467209547,0.00018410654202039532,0.0002467234534073608,1.1815911038185893,1.1545924308357296,False,none,False,False
2025-03-20,0.000347980077875806,0.000476943278910213,0.0004800156066245372,0.00022055368959697193,0.031061320633266394,-0.0037594029239058128,0.000347980077875806,0.00039540038943139025,0.00019533822863045634,0.00028590736693499553,1.039286941440494,1.0123869630738,False,none,False,False
2025-03-21,0.0003593904013623407,0.0002756227394055061,0.0002386889706694574,0.00023130255888651228,0.03156646596783451,-0.03156646596783453,0.0003593904013623407,0.0004457250947333389,0.0002047584844676986,0.00015162212600342473,1.4676942692050796,1.3929999528953558,False,none,False,False
2025-03-24,0.0002807487918743935,0.0002327411726521629,0.00021690945041997703,0.00023874336499037356,0.027899837528799105,0.02400499326725796,0.0002807487918743935,0.0004914455229054976,0.00021054969072380333,0.0002911161704652806,0.801468953205253,0.7274858796273952,False,none,False,False
2025-03-25,0.0015134319253595895,0.0018857785450068403,0.0021638220629677327,0.00032918155316078454,0.06477749831638789,0.02344223615682699,0.0015134319253595895,0.0005683601975661518,0.0002723719485019625,0.000233940453465607,2.056901925937167,1.9546967218483273,False,none,False,False
2025-03-26,0.0002617791230243208,0.00030698307069181626,0.0003191223698780805,0.00033922413772555167,0.026940784031186844,-0.0046446901893246,0.0002617791230243208,0.00055266606389929,0.0002816000339328016,0.00022228770235212012,0.6803375181757061,0.6076641826308156,False,none,False,False
2025-03-27,0.00019672551941023718,0.00012460752529129998,8.813080112022713e-05,0.0003392470668091951,0.023354634582745816,-0.011236073266925954,0.00019672551941023718,0.0005224151522061762,0.0002835720005314447,0.00017235106389866528,-0.6505591037798302,-0.6801175253715521,False,none,False,False
2025-03-28,0.0002637356675715277,0.00034369461935367,0.0005275288232375511,0.0003447328574939978,0.027041274702964684,-0.0037735893836393797,0.0002637356675715277,0.0005032842054480135,0.00028842267790591417,0.00019995514025664718,0.2819828606013204,0.26319664997377684,False,none,False,False
2025-03-31,0.00043582699087785194,0.0005986419251980255,0.0007208142384404917,0.0003603146156436538,0.03476160237612231,0.0,0.00043582699087785194,0.0005342998452487052,0.0003015954366775412,0.00028930343710144074,0.4450179598399078,0.4139120968408616,False,none,False,False
2025-04-01,9.096143468031201e-05,0.0001043428751342622,0.00013301787503707609,0.0003546865794413052,0.01588076345625057,0.011278315037707053,9.096143468031201e-05,0.00024980574711284975,0.0002922256612108577,0.0001704550498003199,-0.24784609485816322,-0.28647343147002025,False,none,False,False
2025-04-02,0.0002637356675715277,0.0002785870226387437,0.0003253501266284331,0.00036323953548373397,0.027041274702964684,-0.011278315037707078,0.0002637356675715277,0.00025019705602229115,0.0002944504713535272,0.00018519641173177353,-0.17459636264054731,-0.20258193268838973,False,none,False,False
2025-04-03,0.0007155014438084572,0.0006685952647303313,0.0006952690856824791,0.00048548788511897957,0.044539771371770745,-0.06845291467037684,0.0007155014438084572,0.0003539522409019351,0.0003198923541183139,0.0007273775759959313,1.2722502281016883,1.1943701705653116,False,none,False,False
2025-04-04,0.0005583576115045076,0.0005961464022233236,0.0007037320397438019,0.0007589185667006285,0.039345851326844344,-0.04767742317150481,0.0005583576115045076,0.00041287662968853104,0.0003358282441000501,0.0011630140064316705,1.678986352595317,1.615058233292279,False,none,False,False
2025-04-08,0.001671847266437895,0.0014779714048165566,0.0014610725316518845,0.0008485289307784097,0.06808336710411078,-0.06808336710411077,0.001671847266437895,0.0006600806848005398,0.0004094318836183794,0.0008099029035171865,1.04741739028705,0.9556918442555267,False,none,False,False
2025-04-09,0.003829416488304828,0.005308124683110451,0.010491814071616437,0.0015186316727048242,0.10304075391918012,-0.0693987980198239,0.003829416488304828,0.0014077716955254427,0.000581125967131617,0.0018404553995606126,0.7329077076300664,0.6373558503079209,False,none,False,False
2025-04-10,0.0,0.0,0.0,0.0017766932421494756,0.0,0.06484298148396311,0.0,0.0013550245620111373,0.0005787745520601265,4.800443286921001e-05,-3.3131969685953417,-3.374186661354502,True,none,True,False
2025-04-11,0.00026549550033472876,0.0003680549150167385,0.000736109830033472,0.002029609411674097,0.02713134405136386,0.06411034729245116,0.00026549550033472876,0.0012650233733163918,0.0005884337633916681,0.0013803990733741492,0.5906998922658105,0.5119192428842607,False,none,False,False
2025-04-14,0.00042405876882930626,0.00048122890369836093,0.00045063738285917756,0.0020676421436558725,0.03428907347863195,0.03885003006248237,0.00042405876882930626,0.0012381636047813513,0.0006053388596560183,0.0006617156368669069,-0.06426378321048822,-0.09730954225448538,False,none,False,False
2025-04-15,0.0005594217822296178,0.0007689947548929212,0.0009098015976392578,0.002100375038853155,0.039383328000374945,0.004111002706522288,0.0005594217822296178,0.0010156785079396958,0.0006212471059244724,0.0008090864410912402,0.0986578912123064,0.0364804948608361,False,none,False,False
2025-04-16,0.000508518530165511,0.0006723426299002103,0.000733338827701367,0.0021044904900154537,0.03754880479838001,0.00918842605440617,0.000508518530165511,0.00035149891631183256,0.0006394630902568775,0.0005870914135397218,-0.07446363566632284,-0.05762006427278561,False,none,False,False
2025-04-17,0.00016512227599713248,0.00011348594336963596,8.796164081295372e-05,0.0020703771467291453,0.02139663899354789,0.008097210232619303,0.00016512227599713248,0.0003845233715112591,0.0006445983459379473,0.0006146200437211947,-0.60106157011223,-0.5278797265439769,False,none,False,False
2025-04-18,5.256719703465099e-05,4.795152597183086e-05,4.877817235520696e-05,0.002056956459793244,0.01207258123426924,0.0,5.256719703465099e-05,0.0003419377108512435,0.0005956760116187805,0.000492074101955796,-0.3645035051692238,-0.3322892051949493,False,none,False,False
2025-04-21,0.000223428989014198,0.00019996801644468637,0.0001999150407727253,0.0020854736364030553,0.02488928876368711,0.008032171697264253,0.000223428989014198,0.0003018117548882219,0.0005903659751485791,0.0005671085889355865,-0.5267834933029406,-0.4722313818779541,False,none,False,False
2025-04-22,0.002320296849997093,0.003102125520238793,0.0035526097460423325,0.0022268892046981834,0.0802074116185682,-0.021223636451626803,0.002320296849997093,0.0006539867684417169,0.0006800167375177285,0.0019528419218198486,0.6893313264340204,0.6871918369233035,False,none,False,False
2025-04-23,0.00010776687485259748,0.00014309039054359287,0.00022895217214003927,0.002147227460128623,0.017285636287025643,0.009151055217357614,0.00010776687485259748,0.0005738364373791342,0.0006685793044945583,0.0005659676121917514,-0.7530999824847103,-0.6777458474498912,False,none,False,False
2025-04-24,0.00010689555191262595,0.0001481887008452719,0.0001902085280003689,0.002139472941101006,0.01721561505408807,0.004040409537004906,0.00010689555191262595,0.0005621910925622329,0.0006606768844962962,0.0004929832229178297,-0.21364654936943195,-0.13851433560266,False,none,False,False
2025-04-25,0.00016378448081042534,0.0001702962833521174,0.0001958033982875407,0.0021400195804778385,0.021309786586751242,-0.008097210232619362,0.00016378448081042534,0.0005844345493173878,0.0005993292733804252,0.00032358813055938506,-0.3317087060778706,-0.3333837612402379,False,none,False,False
2025-04-28,0.00016647652950895901,0.00011441866258972124,8.868620351875712e-05,0.0021224655901676236,0.021484202294573516,-0.013299428760928374,0.00016647652950895901,0.00057304405741634,0.000594997337311545,0.00031090577384987247,-0.5915464084914854,-0.589932864919004,False,none,False,False
2025-04-29,0.00023498104999375853,0.00029974568141002034,0.000333163905287391,0.0021056564063151465,0.0255246118315785,0.008205174239185296,0.00023498104999375853,0.00015598089741567309,0.0005967362250653414,0.0002639648648182144,-0.47745858895465093,-0.4364310124652761,False,none,False,False
2025-05-05,0.0006415391827736814,0.0006500617973302736,0.0007290204148591851,0.0021443764677324334,0.042174925050712714,0.0380807535180497,0.0006415391827736814,0.00026273535899988987,0.0006139091121199849,0.00043502171488049183,0.5316482851697929,0.5064008164868796,False,none,False,False
2025-05-06,0.00015455392918356178,0.0001508245903623392,0.0001321553901983978,0.0021357780810815374,0.02070059132083403,-0.00888894741724604,0.00015455392918356178,0.00027226703445407704,0.0006011239729520625,0.00034191012920317557,-0.2586001528892255,-0.26690821011759985,False,none,False,False
2025-05-07,0.0016710198121149904,0.0016727908077800225,0.0018544397169563199,0.002104134906772358,0.06806651662682071,0.0408219945202552,0.0016710198121149904,0.0005737141007149901,0.0006729448082900025,0.00034529037431414863,1.227268859033615,1.2200771966283042,False,none,False,False
2025-05-08,0.00012938164457897337,0.00017936104431224865,0.00018686488734466126,0.0017933938168239174,0.01893996010092147,0.007590169266675653,0.00012938164457897337,0.000566295123728993,0.0006668378072448864,0.00035968331662658613,0.05686792565338627,0.16653474262118534,False,none,False,False
2025-05-09,0.0001856106724370292,0.00020780268377374483,0.000200732931144088,0.0016809151964498666,0.022685282831083446,-0.0037878833169370917,0.0001856106724370292,0.0005564210482176471,0.0006427518630916396,0.0002731399711513055,-0.16162834778264815,-0.047360214238778245,False,none,False,False
2025-05-12,0.0006257712465849955,0.0007715202439204277,0.0007488248699975553,0.0009396785040316608,0.04165340683525764,0.015066198354644183,0.0006257712465849955,0.0005532674609799099,0.0006458161192316618,0.0002527775387774179,0.7393099594118838,0.827336253969654,False,none,False,False
2025-05-13,8.125618166035704e-05,2.5616740300031244e-05,0.0,0.0007943154376388328,0.01500966265056523,-0.011278315037707078,8.125618166035704e-05,0.0005386079114752689,0.0005735165244690464,0.00029564246643669204,0.038062783375329604,-0.18117002876486513,False,none,False,False
2025-05-14,0.00026571423017961084,0.00036289859813623006,0.00039540678449594396,0.0006175548185610288,0.02714251789968304,0.00753299230754523,0.00026571423017961084,0.00025754679508819303,0.0004115300581906275,0.00030631976211865626,0.2639094774916738,0.22823494115757845,False,none,False,False
2025-05-15,0.00018421498961986092,0.00023361975250134334,0.00025634259689470516,0.0005945025217457332,0.022599831917240992,-0.0037594029239058128,0.00018421498961986092,0.00026851346409637056,0.00041990346680971204,0.00032104366000042066,-0.058418822188506817,0.019063556598337878,False,none,False,False
2025-05-16,0.0003402497913586299,0.0004662268263016108,0.0006529510017546839,0.0005834177156878281,0.030714373414826093,0.0037594029239057455,0.0003402497913586299,0.00029944128788069065,0.0004233013891289803,0.00025987035591813534,0.6244278727646,0.6358445623737078,False,none,False,False
2025-05-19,0.0005175237707123014,0.0007174402850839666,0.001178335797887213,0.0006017225333448278,0.03787981745161839,0.0,0.0005175237707123014,0.0002777917927061518,0.0004275497983054801,0.0003278627721276769,1.072774244519657,1.0624085216044445,False,none,False,False
2025-05-20,0.0002617791230243208,0.0003545693370872728,0.00035213184590529795,0.0005979423758802791,0.026940784031186844,0.01212136053234482,0.0002617791230243208,0.0003138963809789446,0.0004140205865234211,0.00029652112661553295,0.6688709784282961,0.6150784416743029,False,none,False,False
2025-05-21,0.00019097364106053868,0.00024366690619506077,0.0002575245409978897,0.0006095398467391021,0.023010679334811424,0.007386921863074773,0.00019097364106053868,0.00029894826315513017,0.00039958672792774055,0.000397248675968144,0.8416610883690105,0.7544068625760159,False,none,False,False
2025-05-22,0.0007011783123823244,0.0005392413725977031,0.00046823497200248413,0.0006101608448266121,0.04409171215988732,0.03347214333242709,0.0007011783123823244,0.00040234092770762285,0.00042395291139979473,0.00045384281768585716,1.95165692640123,1.8459822634092593,False,none,False,False
2025-05-23,0.0005073163817704083,0.00026010705218480615,0.00013625590085614622,0.00046912988690472185,0.03750439545845427,-0.018860011200133992,0.0005073163817704083,0.00043575424578997854,0.0004446233288877837,0.00028324673518726894,-0.48544569605270677,-0.47922799531214727,False,none,False,False
2025-05-26,0.0006390253953821277,0.0008658836324722285,0.00146893160421316,0.0005200367786034027,0.04209221548530446,0.011717123687753897,0.0006390253953821277,0.0004600545707239438,0.0004635140746317805,0.0009609148733592357,0.26611794759015883,0.26138819042665506,False,none,False,False
2025-05-27,0.0003891649322172059,0.0005197880875085207,0.0005780195598930987,0.0005370778918414777,0.032848048681110936,0.0,0.0003891649322172059,0.0004855317325625209,0.0003757353510963311,0.00035800491757453267,1.0248389565930898,0.943339327701039,False,none,False,False
2025-05-28,0.00031797084612492234,0.000421092127413704,0.0005345508682697739,0.0005508390570789711,0.029691789807403,0.0,0.00031797084612492234,0.0005109311735753975,0.00038529007706325497,0.00035126174308368655,0.29827811470104687,0.2064781117625643,False,none,False,False
2025-05-29,0.00013015527171247375,8.941164021585327e-05,6.926717133319247e-05,0.000551158085208622,0.018996500690655085,-0.015350188537634833,0.00013015527171247375,0.0003967265654414275,0.0003863473370541571,0.00031491158032151667,-0.6910733223675635,-0.8898617582831266,False,none,False,False
2025-05-30,0.00025185584114395006,0.00030223973932064815,0.0004071026349916381,0.0005576008108425383,0.02642522780953704,-0.014665707402630764,0.00025185584114395006,0.0003456344573161358,0.0003903505807056809,0.00033519623022126713,-0.21369628172344712,-0.42985087203690886,False,none,False,False
2025-06-02,0.00050164034520096,0.0004256746630441396,0.0003522890819185375,0.0005401289787684063,0.03729399903100568,0.02642522780953704,0.00050164034520096,0.0003181574472799022,0.00040558529960077195,0.00045004815827577474,-0.059807946029896454,-0.12980022226127194,False,none,False,False
2025-06-03,0.0001811722898856815,0.0002461776702086533,0.0002480111279759593,0.0005440831119798653,0.022412412804501815,0.0,0.0001811722898856815,0.00027655891881359735,0.0004031394468685866,0.0002407519143426408,-0.8013003446044092,-0.8600131586171602,False,none,False,False
2025-06-04,0.00046950216214394677,0.0006508681999137499,0.0010691653975000678,0.0004963215384100602,0.03607958425242037,0.007168489478612497,0.00046950216214394677,0.00030686518201740226,0.0003953195822945077,0.0002693169279401148,1.54442600792263,1.8153920285697378,False,none,False,False
2025-06-05,0.00024292053493635198,0.00033191895531034125,0.0005816523050910347,0.0005134060286313889,0.025952239509625837,0.010657294473988199,0.00024292053493635198,0.00032941823466217787,0.0003993362461923618,0.0002455352863663533,-0.9827784761394841,-0.9888982797188023,False,none,False,False
2025-06-06,0.0003891649322172059,0.0003621035110990422,0.00037508060840667115,0.0005240515086990518,0.032848048681110936,-0.021429391455899165,0.0003891649322172059,0.000356880052876829,0.0003410701152879171,0.00026781436610946887,-0.3323642978857703,-0.4185330929975072,False,none,False,False
2025-06-09,0.00040703398675172005,0.00029452240179987145,0.00024081620892758254,0.00046775748531180367,0.03359371728814951,-0.022821620306238494,0.00040703398675172005,0.00033795878118698106,0.00035369067629576926,0.00037780328350776817,-0.10742527962209815,-0.12189538628195933,False,none,False,False
2025-06-10,7.814678355451015e-05,0.00010304527016287243,0.00016220193872658618,0.00047423992634006856,0.014719676992466514,-0.003700281742856028,7.814678355451015e-05,0.0003173536799207468,0.0003488059540738366,0.0003391906093327928,-1.5949445505592363,-1.5801265078923787,False,none,False,False
2025-06-11,0.00013726272453131803,0.000133950339532735,0.00011736951595712951,0.000462595358038246,0.019508282395419595,-0.008376037802182735,0.00013726272453131803,0.00025090579239822104,0.00032660102125321483,0.00027183702968324076,-1.238273279524262,-1.251217587329655,False,none,False,False
2025-06-12,5.259975725360253e-05,6.4585161856691e-05,6.21326559436785e-05,0.0004544847830699922,0.012076319545038898,0.008376037802182682,5.259975725360253e-05,0.00021284163686167116,0.0003252984565074533,0.0002507980427030592,-1.9635096015442353,-1.914591946033564,False,none,False,False
2025-06-13,0.00025169198677546967,0.00029978238858196723,0.0003147765595387961,0.0004465563359792137,0.026416630443941772,-0.019654352839889883,0.00025169198677546967,0.0001853470477733239,0.000324661081807265,0.0004188380533347686,0.33555964929444776,0.3083315806268054,False,none,False,False
2025-06-16,0.00019526342864216616,0.00017326967447311856,0.00017187657338846738,0.00040530397214117114,0.023267685319325215,0.019654352839889828,0.00019526342864216616,0.00014299293615141313,0.00032516328358100623,0.00034130436778452057,-0.8862092664774699,-0.8075725523248716,False,none,False,False
2025-06-17,0.00019381757767769427,0.00017341336948723294,0.00017331954463505506,0.0004013716385782132,0.023181381107281074,0.011060020574936144,0.00019381757767769427,0.00016612709497604994,0.00031850727386823635,0.0002526733814300745,-1.0505120814962774,-0.9612675478697714,False,none,False,False
2025-06-18,0.00019097364106053868,0.0001816603418426173,0.0001920234731894103,0.00039967532590373276,0.023010679334811424,-0.007359738832080269,0.00019097364106053868,0.00017686927828189407,0.0003036640861567926,0.00020602504258921168,-1.1400266355250195,-1.0470174247537478,False,none,False,False
2025-06-19,0.00013828857053840932,0.00018337508052447394,0.00020931616901444494,0.0003800572452921354,0.019581045199106563,-0.008344971932180647,0.00013828857053840932,0.00019400704093885544,0.00029805087922561485,0.00024536632685869095,-1.3477753248158355,-1.373578020232717,False,none,False,False
2025-06-20,5.299285104081153e-05,6.51301055572901e-05,9.062741680923671e-05,0.00036387071609140565,0.01212136053234482,0.00464469018932463,5.299285104081153e-05,0.0001542672137919238,0.00029177902513380903,0.00025736493037070945,-1.341860843220842,-1.4016876989441538,False,none,False,False
2025-06-23,0.00013524498362970728,0.00018220018295721352,0.00020096174799017478,0.00030829222046958963,0.019364367181791152,0.0,0.00013524498362970728,0.00014226352478943205,0.000266054782917781,0.0004030979060235465,-0.43211677896156087,-0.3948484100620652,False,none,False,False
2025-06-24,8.895583330146789e-05,0.0001233189700945459,0.0001238043122253111,0.00028740565407045705,0.015704710764260887,0.0037002817428559466,8.895583330146789e-05,0.00012129117591418676,0.000247038394351011,0.0002211411355526423,-1.3122453080927254,-1.251801715736718,False,none,False,False
2025-06-25,0.00013624825139359667,0.00013296033120367852,0.00011650203479690371,0.00026847732467419057,0.019436058377118974,-0.008344971932180647,0.00013624825139359667,0.00011034609798079835,0.00022418488780607778,0.00019139033547918092,-1.0318264066790221,-0.9605606349533125,False,none,False,False
2025-06-26,5.299285104081153e-05,7.346369057754335e-05,8.4185451616661e-05,0.0002693841450743602,0.01212136053234482,-0.003731347612858247,5.299285104081153e-05,9.32869540812788e-05,0.0002089043386616962,0.0001900420683388455,-1.94540408476142,-1.8570048121063474,False,none,False,False
2025-06-27,9.096143468031201e-05,0.00012072096496698203,0.00012322774790249352,0.00025548647879110537,0.01588076345625057,0.0,9.096143468031201e-05,0.00010088067080917888,0.00019858572905057751,0.0002305732924446678,-1.2786347429312332,-1.1916485248661837,False,none,False,False
2025-06-30,5.259975725360253e-05,7.291874687694425e-05,8.356151155686643e-05,0.00023767610755217266,0.012076319545038898,0.003731347612858184,5.259975725360253e-05,8.435162553395794e-05,0.00019506047839335612,0.0002134028776323775,-0.8429655425759185,-0.7493978432936066,False,none,False,False
2025-07-01,9.096143468031201e-05,0.0001260993239766918,0.00014782248941453658,0.00023346290364762936,0.01588076345625057,0.0,9.096143468031201e-05,8.475274580972678e-05,0.00018774709628137254,0.0002413544558872622,-0.7537941541717083,-0.6675033075076581,False,none,False,False
2025-07-02,4.553482507053567e-05,5.7705949347939844e-05,5.611134360356882e-05,0.00018945546814261793,0.01123607326692597,-0.00747667034302014,4.553482507053567e-05,6.661006054511456e-05,0.0001670150271845351,0.0003954398372066113,-0.9972063454107943,-1.0470820299847738,False,none,False,False
2025-07-03,0.00035034279118440273,0.0003408260722114856,0.0003678351358459741,0.00018388842380395607,0.031166592238419034,0.026841037524811335,0.00035034279118440273,0.00012608004857383282,0.00017470459542538605,0.00046847933144511414,2.405076678541309,2.8556886560565946,False,none,False,False
2025-07-04,0.000320272189371499,0.0003905723044357794,0.00038072254661899356,0.00018297364777532948,0.029799044620565634,0.015405832559926391,0.000320272189371499,0.0001719421995120702,0.00016792141484482025,0.0002279125797335807,2.0559832910282227,2.050664932177448,False,none,False,False
2025-07-07,0.0001811722898856815,0.0002461776702086533,0.0002480111279759593,0.0001784747842410633,0.022412412804501815,0.0,0.0001811722898856815,0.00019765670603848602,0.00016511467643342615,0.00023490563840860375,1.1334662139135665,1.2031341029898284,False,none,False,False
2025-07-08,0.00012921842873864055,0.00017913477911314982,0.0001896735616054226,0.00017955532321505452,0.01892800988551886,0.0,0.00012921842873864055,0.0002053081048501517,0.00015329892627530953,0.00022044842532256212,0.9054501179237393,0.9151930869036232,False,none,False,False
2025-07-09,0.0003106603663800227,0.00042572183511600727,0.000489042524668074,0.00019443656613944935,0.0293484825548465,0.007168489478612497,0.0003106603663800227,0.00025833321311204913,0.0001489183071675051,0.00026158278043519705,2.102810363117224,1.9884164782199834,False,none,False,False
2025-07-10,7.360939357491706e-05,9.709940821830493e-05,0.00010186304228345218,0.00019593765441473107,0.014285957247476434,-0.003577821347883855,7.360939357491706e-05,0.000202986533590152,0.00014871206216843268,0.0002504049586369846,0.7659714305681558,0.6967733221450718,False,none,False,False
2025-07-11,0.0001811722898856815,0.00023130752227144876,0.00022597353133553435,0.00018663484045681585,0.022412412804501815,-0.003590668130728596,0.0001811722898856815,0.0001751665536929885,0.00015070795150272192,0.0002964803664774258,0.8163230205362606,0.8052135532724234,False,none,False,False
2025-07-14,0.0003730951645464447,0.00043198813331329347,0.00045947352884299995,0.00021792596457702388,0.03216270270894018,0.03620704545853144,0.0003730951645464447,0.0002135511286251411,0.0001652759245614875,0.0005769216014903179,1.9593615717507427,1.9074510073561466,False,none,False,False
2025-07-15,0.00017210659380729887,5.425814784052867e-05,0.0,0.00020904380907809847,0.021844468430548266,-0.018381261505930734,0.00017210659380729887,0.0002221287616388728,0.00016165840669929793,0.00038019853688706345,0.7915646611495517,0.7312117578609114,False,none,False,False
2025-07-16,0.00012271896809178635,0.0001653182883723771,0.00019462734716462502,0.00020728888883668722,0.01844584579075165,0.0035273405179684406,0.00012271896809178635,0.0001845404819812255,0.00015836093121973522,0.00027713119163316833,0.4203660134156049,0.36204163048155447,False,none,False,False
2025-07-17,0.0002998962364539605,0.00039168879936432073,0.0004077953805281321,0.0002150156100204607,0.02883554963988732,0.0,0.0002998962364539605,0.0002297978505570342,0.0001631826884368382,0.0003680642296886714,0.522179946938998,0.4441278555333236,False,none,False,False
2025-07-18,0.000788671876682746,0.0010747343616483078,0.0010735575482795354,0.00026007758635852374,0.046761765908039286,0.018317127912579917,0.000788671876682746,0.0003512977679164471,0.00019035079005602946,0.00045133031798721236,1.5540558596541978,1.45529807306586,False,none,False,False
2025-07-21,0.00022255708663021008,0.0002351614718181946,0.0002747189293215643,0.0002665352674529934,0.024840677696984486,-0.003463206924617591,0.00022255708663021008,0.0003211901523332002,0.00019418117715111133,0.00039410337595100576,0.9043429566103942,0.8174078764386127,False,none,False,False
2025-07-22,0.00012101224111406375,0.00016775858748290716,0.00023263277091934716,0.00027209298126284055,0.018317127912579917,0.0,0.00012101224111406375,0.0003109712817945532,0.00019727296760898642,0.0004996171620542161,0.41722452558668904,0.3329331957111784,False,none,False,False
2025-07-23,0.00022409013510762198,0.0002923132855320677,0.00029556120344287963,0.00028114835122329567,0.024926086362776278,0.0034632069246175183,0.00022409013510762198,0.0003312455151977203,0.00020131138358525527,0.0004002574990132911,0.7363654238984501,0.6376949403656383,False,none,False,False
2025-07-24,0.00015520348170621357,0.00019681610636527487,0.00021590477166055387,0.0002837127919436433,0.02074404548372848,0.0,0.00015520348170621357,0.0003023069642481709,0.00020432264033092552,0.0003765589612749565,-0.2318818664971415,-0.4164313676273849,False,none,False,False
2025-07-25,0.0003549713802495088,0.000410468345604423,0.0005281572045924241,0.00030275898410379556,0.03137179697750317,0.017987637017855333,0.0003549713802495088,0.00021556686496152343,0.000214264600733467,0.00040345392496832927,1.1312920099645598,1.1118467576785598,False,none,False,False
2025-07-28,0.000698542526287379,0.0008036073960147027,0.000808308973071824,0.0003439797383118662,0.04400876197292163,0.03748877147564042,0.000698542526287379,0.0003107639528929573,0.00024360776779012915,0.0004428700231213935,1.2697316219014922,1.2622630279847302,False,none,False,False
2025-07-29,0.000918286968897623,0.000752044055661998,0.0006133004776884055,0.00038267565585069425,0.050458221270129035,-0.01648841971249354,0.000918286968897623,0.0004702188984496691,0.000281213473890916,0.0018744452208448448,1.5942153179876843,1.6596507736703565,False,none,False,False
2025-07-30,0.0005990412728824005,0.0007137973338465831,0.0007324456176817072,0.0004097387200821566,0.04075408049937953,-0.0041649372992841075,0.0005990412728824005,0.0005452091260046248,0.0003060517246013159,0.0006463544948489572,0.49386980788165347,0.3724039416730391,False,none,False,False
2025-07-31,0.0005188152340092217,0.00027599002555464596,0.00015373775372326255,0.0004235817839494043,0.03792705191206088,-0.006700192569819562,0.0005188152340092217,0.0006179314764652264,0.00032549962457081177,0.0006684811895093675,0.13411441688358094,0.041349759671891057,False,none,False,False
2025-08-01,0.0006326636125584811,0.0008373767899830122,0.0009603101767240102,0.0004492233894354369,0.04188216800920319,-0.01013522189404313,0.0006326636125584811,0.0006734699229270209,0.0003521872967293548,0.0006405058077414144,-0.4113625593457093,-0.3487547221374387,False,none,False,False
2025-08-04,0.0007032068073100337,0.0006838934361856096,0.0006048321210296244,0.00047102324857485026,0.04415544432286966,0.034212765269739556,0.0007032068073100337,0.0006744027791315518,0.00036822657018961073,0.0005737240681295061,-0.3771453472959693,-0.3930269245488092,False,none,False,False
2025-08-05,0.0018958723107818454,0.0023430008857616754,0.0025547219228185913,0.0005726968756311197,0.07250154610544811,-0.017377350805876803,0.0018958723107818454,0.0008699198475083964,0.0004398447575264447,0.0016389097182299103,1.607016511800934,1.5149112088982042,False,none,False,False
2025-08-06,0.0003359092088430653,0.00046149594989927965,0.0004894452593136624,0.0005724166468040885,0.030517832231906156,0.0173773508058768,0.0003359092088430653,0.0008172934347005292,0.0004468782538426894,0.00041143960147783606,-0.8788319545930215,-0.8918129421845647,False,none,False,False
2025-08-07,0.0002641385715756205,0.00036617381232954534,0.0005458178985630154,0.0005868644594695839,0.02706192204295716,0.009795996703182108,0.0002641385715756205,0.0007663581022138091,0.00045301098760800666,0.00040938821779086906,-0.8850020113319574,-0.8906499644492594,False,none,False,False
2025-08-08,0.0006358154836255657,0.0008814274196628378,0.0010136624848559703,0.0006210124454373283,0.04198636492155133,0.01691542547559025,0.0006358154836255657,0.000766988476427226,0.00046779076566462225,0.0006238599002775092,1.0919131125342214,0.9969441989672754,False,none,False,False
2025-08-11,0.0001915325278321478,0.00015795553969618286,0.0001262958276679829,0.0005987246853336952,0.023044325258281918,-0.003200002730670791,0.0001915325278321478,0.0006646536205316488,0.00047315090813086004,0.00045691800092550105,-1.0643733830692186,-1.0549240853984956,False,none,False,False
2025-08-12,0.0019654481743763305,0.001433267969515268,0.0011811437939285988,0.0006729818106657073,0.07381991223526739,0.0673890219049768,0.0019654481743763305,0.0006785687932505458,0.0005542543574258896,0.0005440996605752118,2.1591585541529983,2.1379939368636225,False,none,False,False
2025-08-13,0.0004686432079246888,0.0006496774365231325,0.0007314757454680846,0.0006989451743660529,0.036046565343264884,0.024418527348145796,0.0004686432079246888,0.0007051155930668704,0.0005585974503067189,0.0006267916584001375,0.6179766525574623,0.5264805110624791,False,none,False,False
2025-08-14,0.0005499167668748577,0.000633234126668342,0.0007073785594591685,0.0007131408975858729,0.039047317782503234,-0.009548364868694433,0.0005499167668748577,0.0007622712321267179,0.0005757706399916077,0.0004550057283179865,0.013972027972824676,-0.09617491227812154,False,none,False,False
2025-08-15,0.00034254784862088527,0.00010799128262184969,0.0,0.0006821404693109962,0.030817921765001713,-0.03377431711860415,0.00034254784862088527,0.0007036177051257819,0.0005857628618338395,0.0008254524815658591,0.8254817019058226,0.8013041997413828,False,none,False,False
2025-08-18,0.0005850081329273625,0.0007802436929937474,0.0007913054356398922,0.0007108857848415782,0.0402738991379399,0.030817921765001713,0.0005850081329273625,0.0007823128261448247,0.0005987224934917215,0.0005797003551066529,-0.25682127289874024,-0.22359690484117822,False,none,False,False
2025-08-19,0.0003940790660145013,0.000317333511449567,0.00028785195395016777,0.0007092674527853755,0.03305479048644224,-0.008921992269026334,0.0003940790660145013,0.0004680390044724589,0.0005807864566431649,0.0006127818527099537,-0.17810512394059375,-0.22328850242432483,False,none,False,False
2025-08-20,0.0019057270538426277,0.0023457980120302683,0.0032713080524314807,0.0008408045673789225,0.07268973336827776,-0.015807630628719996,0.0019057270538426277,0.0007554557736560467,0.0006572941824255475,0.0013852566733167115,0.5336040419553492,0.46192407232071653,False,none,False,False
2025-08-21,0.0005885147452439345,0.0008123762793205813,0.0008269589474932415,0.0008654871529126928,0.04039442220821027,0.009815103332659203,0.0005885147452439345,0.0007631753693298621,0.0006785442962496326,0.0006245321057986592,-0.6929693901528834,-0.8300415766246918,False,none,False,False
2025-08-22,0.0026781356340754617,0.0032580505931660607,0.0031513658531448522,0.001008658342815462,0.08617057882865886,0.024491020008295696,0.0026781356340754617,0.0012302929264207773,0.0007900918189299889,0.0011922102172056612,1.4575063769627177,1.4438687952660443,False,none,False,False
2025-08-25,0.0018348283387616153,0.0016158324753240056,0.0015917695208979912,0.0010490008258119275,0.07132478082193038,-0.03734563935885155,0.0018348283387616153,0.001480256967587628,0.0008664384033415982,0.0011052499002089414,-1.1177354702749054,-1.0281630340215175,False,none,False,False
2025-08-26,0.00044345701611352156,0.00030959517165208,0.00024397555796099312,0.001058994514638597,0.035064567895162414,0.015855371789794,0.00044345701611352156,0.001490132557607432,0.0008704604776990533,0.0009286141083017734,-0.9344973797254328,-0.8439454452286953,False,none,False,False
2025-08-27,0.0013611680308421351,0.001832474940779132,0.0018330336332940652,0.001108898394537264,0.06143255758460846,0.014870162479451407,0.0013611680308421351,0.0013812207530073334,0.0009005798188151784,0.0005517597020317288,0.579798331061602,0.6534499901165223,False,none,False,False
2025-08-28,0.00016461291351358646,0.00022487010899422064,0.0002465412986744405,0.0010889215291479811,0.021363611762593007,0.003683245416296368,0.00016461291351358646,0.0012964403866612638,0.0008663219072068132,0.00034700132249006145,-1.2027784730552569,-1.15308132039774,False,none,False,False
2025-08-29,0.0003380436192534189,0.0004388163794802848,0.0004665970845504542,0.0010634319477913752,0.030614635819606734,0.0,0.0003380436192534189,0.0008284219836968553,0.000854458377496405,0.0003751135986878754,-0.5100864331973649,-0.5309754632621502,False,none,False,False
2025-09-03,0.00022151779157000568,0.00030379581906312406,0.0003066523589249545,0.001043710650515672,0.024782609440542377,0.005865119452398058,0.00022151779157000568,0.0005057598742585333,0.0008409448573855314,0.0004581902886827314,-1.546008919317439,-1.5427872472938688,False,none,False,False
2025-09-04,0.0007916610681305407,0.0010924516223944653,0.0015918296486476826,0.0009997684558417297,0.04685029935160539,0.011628037995119214,0.0007916610681305407,0.0005754006846619373,0.0008481720144569888,0.0003490957810477858,1.0682059142897578,1.0933956962926532,False,none,False,False
2025-09-05,0.0010497367383112632,0.00065917735206412,0.00046143352778228264,0.0010099235225153537,0.05394894106433027,-0.03604656534326493,0.0010497367383112632,0.0005131144261557629,0.0008639233749570446,0.000774378017594476,-0.05099884084381665,-0.04434933838590599,False,none,False,False
2025-09-08,0.0017646680865569136,0.0008645327604073329,0.00041666737880476594,0.0010303676373004905,0.06994782938221995,-0.060999223806205885,0.0017646680865569136,0.0008331254607644282,0.000857959546583184,0.000780741120187563,0.655520417293372,0.5572547624023247,False,none,False,False
2025-09-09,0.0005451680628446588,0.000714804352021403,0.000708950938017985,0.0010133638429288658,0.03887835931168404,0.0,0.0005451680628446588,0.0008745503494826763,0.0008674713126741655,0.0004441678262245918,-0.8173960410706854,-0.8245495902380134,False,none,False,False
2025-09-10,9.233642232946107e-05,9.263079005881753e-05,0.00010289644044617363,0.0010117355935721835,0.01600034134644112,-0.00638979809877101,9.233642232946107e-05,0.0008487140756345673,0.0008596621240720675,0.00035784528569593455,-2.2835160847678573,-2.273468359514205,False,none,False,False
2025-09-11,0.00047702911431844904,0.0006454292913755912,0.0007889947784045745,0.0009697465544121143,0.03636764417087479,0.0032000027306708497,0.00047702911431844904,0.0007857876848721488,0.0008524445618308348,0.0008141583321286896,-1.0749145230240873,-1.1133648566050536,False,none,False,False
2025-09-12,0.0001879312138120735,0.00022609328927015418,0.00021635788143893598,0.0009342485412123611,0.02282665030117621,0.019771304372495357,0.0001879312138120735,0.0006134265799723111,0.0008522808657390134,0.00030967430628680366,0.07547684606043262,0.2255078357949559,False,none,False,False
2025-09-15,0.00018300071759319556,0.0002201090454974788,0.00021044927584909612,0.0009151748003109491,0.02252522421110789,0.012451522739318177,0.00018300071759319556,0.0002970931061795674,0.0007712605267943252,0.0003174011341218907,1.2546645377620411,1.2467114635380163,False,none,False,False
2025-09-16,0.00044069034335915446,0.0004657210935355917,0.0004284773794798233,0.0009260228668148791,0.034955015033576634,-0.01245152273931815,0.00044069034335915446,0.0002761975622824665,0.0007699899420413465,0.0003904044108962512,0.4047187020023241,0.4512839038056916,False,none,False,False
2025-09-17,0.0001879312138120735,0.00019114574968119596,0.00017542171819967387,0.0008867008904286244,0.02282665030117621,-0.013401856087015655,0.0001879312138120735,0.00029531652057898904,0.0007535360532657655,0.0003341837527426163,-1.1955131808756505,-1.115275334525901,False,none,False,False
2025-09-18,0.00014098898745936958,0.00019545223829492702,0.00022139044119023855,0.0008775753902984531,0.019771304372495357,0.007117467768863955,0.00014098898745936958,0.00022810849520717318,0.0007443742868493328,0.00031907808982105786,-1.9231085105146297,-1.813015889890887,False,none,False,False
2025-09-19,0.0003877865015243164,0.0005222337803608607,0.0006900411143970897,0.000761286935883802,0.03278982282299097,-0.0031570665527669447,0.0003877865015243164,0.00026807955274962174,0.0007354096672401035,0.0003305597744206023,-0.27096630124397064,-0.2081325439232639,False,none,False,False
2025-09-22,0.00033337161155155837,0.0003538991898719528,0.00034903238879713917,0.0007387698895042513,0.030402341529934037,-0.01674012786249587,0.00033337161155155837,0.00029815373154129423,0.0007326502374917879,0.0005850847654352003,-0.45969839371153554,-0.4071906142142688,False,none,False,False
2025-09-23,9.293024965847862e-05,9.276712805394675e-05,0.00010256717971736944,0.000583149377563597,0.016051709010508043,-0.006451635281488719,9.293024965847862e-05,0.00022860171280115912,0.0006502503827561447,0.00022506608203658646,-1.769002250380262,-1.7480812647690425,False,none,False,False
2025-09-24,0.00019937570979442374,0.0002724123229108061,0.0004773087075777786,0.0005218549366102481,0.023511419448101614,0.00966191091173689,0.00019937570979442374,0.00023089061199762918,0.000632562244781167,0.00047785677218605156,-1.1954145461757604,-1.1575425435013211,False,none,False,False
2025-09-25,9.97953695635537e-05,0.00013834575809183004,0.00019092269367242958,0.0004947274694729608,0.016634046897362652,0.006389798098770988,9.97953695635537e-05,0.00022265188841846597,0.0005153649600306257,0.0002532080913928399,-0.9446701457131396,-0.8957137521151206,False,none,False,False
2025-09-26,0.00019399122322483607,0.0001260597920939189,9.184868695886802e-05,0.00041711113384280366,0.023191763143984554,-0.016051709010508015,0.00019399122322483607,0.0001838928327585699,0.00044078145477895403,0.0003271809879433693,-0.628650387587357,-0.5555134315955457,False,none,False,False
2025-09-29,0.00025901539258147533,0.0002463723326200524,0.00021814207537836533,0.00041598641424473034,0.026798193154724217,-0.013849508536364588,0.00025901539258147533,0.0001690215889645533,0.0004323977446184064,0.00037323317901948673,-1.1085103337801958,-1.045116958302374,False,none,False,False
2025-09-30,0.000698542526287379,0.0006038192695338904,0.0004965400885294988,0.0004195117734457518,0.04400876197292163,-0.027444549923600826,0.000698542526287379,0.0002901440442903334,0.0004022784035022811,0.0005363558358829571,0.00981850376167233,0.027199677310247826,False,none,False,False
2025-10-01,7.305580714787799e-05,0.00010127685349616545,0.00012938778016612204,0.000411723429703246,0.014232136417008196,0.0033670065479044697,7.305580714787799e-05,0.00026488006376102424,0.0003981167168492944,0.00025431708816059395,-1.5636819327703473,-1.4986943810812803,False,none,False,False
2025-10-02,0.000214760926781131,0.00018749292736148235,0.00018324278040408366,0.00034481966285231916,0.024401715586637084,-0.013536585717533375,0.000214760926781131,0.0002878731752045397,0.00039251295810055405,0.0004029795413424336,-1.57009136836384,-1.551127751090882,False,none,False,False
2025-10-03,0.0001659599572606707,0.00014844287572775148,0.00014832103305613574,0.0003217091147039738,0.021450843942473024,-0.011135018690150324,0.0001659599572606707,0.00028226692201170666,0.00038998760199558425,0.00038401820657659597,-0.6961338087458127,-0.5996495522979399,False,none,False,False
2025-10-06,0.0002180511650213539,6.874258613110031e-05,0.0,0.0002895463050639404,0.02458792795274647,0.028027312254655875,0.0002180511650213539,0.0002740740764996823,0.0003639144245815304,0.0005295777902277532,-0.9914370801956146,-0.9117414815977866,False,none,False,False
2025-10-07,0.00021189839209214849,6.680286926240262e-05,0.0,0.0002644233333446032,0.02423854558704862,-0.01010109598650382,0.00021189839209214849,0.00017674524966063626,0.00032583086338975237,0.0002800145034049162,-0.9669207470799581,-0.8908278332582575,False,none,False,False
2025-10-08,0.00015906245691558508,0.00018135703377326003,0.00017322166634461999,0.0002716326056833333,0.021000351763146786,0.0033783815916271906,0.00015906245691558508,0.00019394657961417766,0.00025284878931514657,0.00037879950476045205,-1.1338356907176874,-1.1064586226019677,False,none,False,False
2025-10-09,0.0002771655498199715,0.00030650911845162086,0.0003752506803286689,0.00025247290984668134,0.02772122070948971,0.01755164153986076,0.0002771655498199715,0.00020642750422194574,0.00024066685690493346,0.0002729614262905853,-0.5381321940442685,-0.5337709443183205,False,none,False,False
2025-10-10,3.5532974886791856e-05,3.240088456754194e-05,3.294821216359126e-05,0.00024115737912657793,0.009925639799969998,0.0,3.5532974886791856e-05,0.00018034210774717,0.00023808488202117577,0.0002707961621466854,-0.9195882772029031,-0.838596866514008,False,none,False,False
2025-10-13,0.00010291810667069476,0.0001382954748671286,0.0001602208455887656,0.00025509820659224867,0.016892293564505653,-0.0175516415398608,0.00010291810667069476,0.00015731549607703817,0.00022107983621900515,0.0005298401974669163,-0.636886080225174,-0.558647955679546,False,none,False,False
2025-10-14,0.00021189839209214849,0.000276295015379285,0.00032903487388043597,0.00024981565303530933,0.02423854558704862,0.0,0.00021189839209214849,0.0001573154960770382,0.00022216925341355398,0.0005086567362812901,-0.1347551135564569,0.15430095262025226,False,none,False,False
2025-10-15,0.00015906245691558508,0.00015067168613693536,0.00013041595953467512,0.0002487285124401405,0.021000351763146786,-0.003378381591627195,0.00015906245691558508,0.00015731549607703814,0.00022108115065548077,0.00041335126892406494,-0.5563688429230227,-0.4719110933453978,False,none,False,False
2025-10-16,6.564449455380513e-05,8.659363655803953e-05,9.084990823064564e-05,0.0002441299096385454,0.013490929741015288,0.0033783815916271906,6.564449455380513e-05,0.00011501128502380488,0.00020403361207341946,0.0003677284822310301,-0.2994629696084626,-0.2615458438141851,False,none,False,False
2025-10-17,0.00021657956744603133,0.00017778592111871024,0.00016418699415051352,0.0002221887982770229,0.0245048172033263,-0.01443761808560232,0.00021657956744603133,0.0001512206035356528,0.0002053358099658721,0.00044998729640230293,0.18145239395696117,0.3059365150123044,False,none,False,False
2025-10-20,0.002123097718239736,0.0011012124492646058,0.000588422488316663,0.00025814539875558323,0.07672337837846105,-0.06905397563899753,0.002123097718239736,0.000555256525849461,0.0002954316613649797,0.0019767012651615524,2.309578690549954,2.809161953432951,False,none,False,False
2025-10-21,0.0005385947547718979,0.000664171460625216,0.0007521752899478328,0.0002936198372316751,0.03864326258143927,0.010939033420431577,0.0005385947547718979,0.0006205957983854109,0.0003022865819671424,0.0010169893342618132,1.195279840639853,1.284114632894654,False,none,False,False
2025-10-22,0.0001811722898856815,0.00024621324483964103,0.000255336138347098,0.00028699110822511057,0.022412412804501815,0.015294945035637643,0.0001811722898856815,0.0006250177649794301,0.00029536843098232986,0.0007526168959263971,-1.0021558767395804,-0.9813966921796854,False,none,False,False
2025-10-23,7.360939357491706e-05,9.713460304949818e-05,0.00010222748461687497,0.0002824735294954353,0.014285957247476434,0.0,7.360939357491706e-05,0.0006266107447836526,0.00029449021025125885,0.0004539356582413519,-2.350434499282987,-2.2183518266306295,False,none,False,False
2025-10-24,0.00040409324696432535,0.0005153673362083879,0.0006233842642582361,0.00030541920881184376,0.03347214333242709,-0.01077209698191107,0.00040409324696432535,0.0006641134806873114,0.00030379555284989075,0.0004894063799990903,-0.17736753752392884,-0.10158617628908395,False,none,False,False
2025-10-27,0.0003084616672290419,9.7245308116371e-05,0.0,0.00030560917616175335,0.029244441177812268,0.032848048681110936,0.0003084616672290419,0.0003011862704851725,0.00031328038456195843,0.0006652446107013579,0.6845296871825252,0.7165698943768758,False,none,False,False
2025-10-28,0.0003062862287815505,0.0004199048785192877,0.0007475800612514385,0.0003120724680100543,0.029141134907499408,0.0,0.0003062862287815505,0.00025472456528710305,0.00031838470299635455,0.000712269609602155,-1.038930300572501,-0.9733183280753346,False,none,False,False
2025-10-29,0.0006376907461994036,0.0005742996152139261,0.00048316059029913905,0.0003351707899989487,0.042048236243499404,0.03180328197770358,0.0006376907461994036,0.0003460282565498475,0.0003355972190698967,0.0003682259992992002,1.5065074369549887,1.5903503531643222,False,none,False,False
2025-10-30,0.0002210397169086062,0.000266475418778575,0.00036109562574058784,0.00034188467537926015,0.024755852363994163,-0.006791197578001733,0.0002210397169086062,0.0003755143212165853,0.00031389254591631614,0.0003424406483214315,-0.7774206480786181,-0.8391703806737985,False,none,False,False
2025-10-31,0.0001569459034531285,0.00021757322095793878,0.00043514644191587756,0.0003554247242091435,0.020860163995421455,0.010169579169629012,0.0001569459034531285,0.00032608485251434604,0.00031770573211200936,0.0003997181015671847,1.2623382861368226,1.1983438600889158,False,none,False,False
2025-11-03,0.00021332245717197804,0.0002254201427106611,0.0002633579583949346,0.00036172635648302304,0.02431985688599966,-0.006768215346138739,0.00021332245717197804,0.0003070570105029332,0.0003176403471297751,0.0007640193193804175,-0.5915474778683842,-0.5656293434851253,False,none,False,False
2025-11-04,0.000783235494227931,0.0010813560510485596,0.0017444864541485774,0.0004286114079170093,0.04660032079454242,0.0,0.000783235494227931,0.00040244686359220934,0.0003456983260828324,0.0014635850563169072,0.03069274346523769,-0.001687999293637032,False,none,False,False
2025-11-05,0.0010952381004692808,0.001063125748692329,0.0009436493561024283,0.0004685101250957365,0.055105760184652644,0.030925991563116834,0.0010952381004692808,0.0004939563344461848,0.00038557045951228365,0.000380372361904071,1.7074063650891103,1.599476146515689,False,none,False,False
2025-11-06,0.00015384941604730849,0.00014584599385575645,0.00012639174183776914,0.00045663788986441444,0.020653357011777614,-0.009925639799970043,0.00015384941604730849,0.0004805182742739251,0.00038293186969206363,0.0003124239606015849,-1.2387667407606344,-1.2288238229219985,False,none,False,False
2025-11-07,0.0006412300273910015,0.0005920794586547337,0.0005353275539957992,0.000481716395601062,0.0421647618552008,-0.024401715586637097,0.0006412300273910015,0.0005773750990614998,0.00040484857744094616,0.0006387921128618395,0.0316304313701399,-0.0010507453666130056,False,none,False,False
2025-11-10,0.00028525514333753785,0.0003954475966892748,0.0004982880737765064,0.0004869234669768307,0.028122858911898512,-0.0076956343882407675,0.00028525514333753785,0.0005917616362946117,0.00040521628623719916,0.00048043419409933005,-1.059094817123795,-1.0513993904135417,False,none,False,False
2025-11-11,0.0001648265582838497,0.00021028225886152784,0.0002338611176804816,0.00048211031592847186,0.021377470772366867,-0.0034393843019094672,0.0001648265582838497,0.0004680798491057955,0.0004110932673007019,0.0003284992449282416,-1.5823700258669655,-1.5027554720709506,False,none,False,False
2025-11-12,7.621267982803316e-05,5.80836191172324e-05,4.999620582396637e-05,0.00047663822906357,0.014536382513640592,0.014536382513640592,7.621267982803316e-05,0.00026427476497754593,0.000409879384262399,0.0003629959242491121,-0.635867523997527,-0.5976830268066381,False,none,False,False
2025-11-13,0.0005990412728824005,0.0005375437073751542,0.0004720531101374089,0.0004989261136454486,0.04075408049937953,0.030925991563116834,0.0005990412728824005,0.00035331313634456434,0.0004274767879346832,0.0003352429226622654,1.3911577022141244,1.3131917712416474,False,none,False,False
2025-11-14,0.00026070643075431425,0.00025776653582105906,0.000282436445237941,0.0005057910277421832,0.026885529746032494,0.013082770409804795,0.00026070643075431425,0.00027720841701722694,0.0004320969685637163,0.0002401792474933865,0.8239472853450127,0.7881605583073825,False,none,False,False
2025-11-17,0.00040596251707836217,0.0004545315528723479,0.00043149159709571325,0.00046613226864260845,0.033549472372953075,0.02724527497716702,0.00040596251707836217,0.0003013498917653918,0.00044756596958755995,0.0002483760180191023,0.9513251555325266,1.072093239931982,False,none,False,False
2025-11-18,0.00019399122322483607,0.0002531567256193638,0.000251694059796841,0.0004475476003849973,0.023191763143984554,-0.01352985223224767,0.00019399122322483607,0.0003071828247535891,0.0004465392266684147,0.00023130185785847607,-0.21855599205670498,-0.09461092201027632,False,none,False,False
2025-11-19,0.00014673406519910692,0.00016078588929339325,0.00015321644507708808,0.00044157447483048463,0.020170106949132436,-0.013715422744919416,0.00014673406519910692,0.0003212871018278038,0.00035670451516656783,0.00033790196545388615,-0.6549374998552365,-0.6196976324819944,False,none,False,False
2025-11-20,0.00010454320483268783,0.00014492765535295684,0.00015342254933766938,0.00044363087737395905,0.017025137611952325,0.0040535118331824155,0.00010454320483268783,0.0002223874882178613,0.00033697489926024014,0.0002996748169228242,-0.9550568903537958,-1.097729929038533,False,none,False,False
2025-11-21,0.0002556823063100162,0.0003504182218114356,0.0003517561151577036,0.00043065241171741435,0.0266252113409717,0.0,0.0002556823063100162,0.00022138266332900167,0.000340361718188619,0.00024499780583037053,0.6667835026797039,0.5961436380965772,False,none,False,False
2025-11-24,0.000313790387007303,0.00041903011911029653,0.0005521579556226449,0.0004493153942666017,0.029495960539770605,0.00966191091173689,0.000313790387007303,0.00020294823731478983,0.00035127903607190926,0.00022457138206412146,0.8132439611731852,0.7972332034520395,False,none,False,False
2025-11-25,0.0003203972974185393,0.00010100812262025383,0.0,0.00042678912290460285,0.029804864258351303,-0.02023541324220066,0.0003203972974185393,0.00022822945215353048,0.000347474674728919,0.000510508984073763,0.38854553857364776,0.35764028053369484,False,none,False,False
2025-11-26,0.00014579151315562922,0.00010257836648411456,8.149675059864678e-05,0.0004088578403145082,0.020105220843690583,0.0266252113409717,0.00014579151315562922,0.00022804094174483494,0.00034008057681649115,0.0003430976190122729,0.47637994354928453,0.4971885003399674,False,none,False,False
2025-11-27,9.97953695635537e-05,0.0001187767241317899,0.00011820824922141568,0.0004007844651678846,0.016634046897362652,0.0031796529173795844,9.97953695635537e-05,0.0002270913746910081,0.00033069462867021856,0.0002324211421279261,0.20639662008144818,0.2247952493138781,False,none,False,False
2025-11-28,0.00046373508710299566,0.0005734911039994262,0.00080519216578392,0.00042092589584612834,0.03585730989085278,0.0,0.00046373508710299566,0.000268701930849604,0.0003227875532567455,0.00026956018553457703,1.4463704532097348,1.4372204363105487,False,none,False,False
2025-12-01,0.00033337161155155837,0.0001754029462053117,9.598221556995486e-05,0.00041708794353004426,0.030402341529934037,-0.023284873761070086,0.00033337161155155837,0.00027261817575845507,0.0003278935484677887,0.00025648259775924725,0.09908695581151755,0.10703948150983632,False,none,False,False
2025-12-02,0.0003972615031602259,0.0005443741952276258,0.0005469132008375351,0.0003655953190465527,0.03318799125349507,0.0,0.0003972615031602259,0.0002879910169067924,0.00033881698481811137,0.0003306181352603687,0.8026657662414548,0.7312502217835496,False,none,False,False
2025-12-03,6.828740276490191e-05,2.1528216397172846e-05,0.0,0.00031608419223851607,0.013759828588213324,-0.003254681473542149,6.828740276490191e-05,0.00027249019482864694,0.00033222448234506243,0.00024385146175622262,-0.6532461638501665,-0.5930381247889488,False,none,False,False
2025-12-04,0.00026772993867687193,0.0003285217864143943,0.0004560893867666347,0.0003308023832791231,0.02724527497716702,0.013759828588213324,0.00026772993867687193,0.0003060771086513106,0.00030879241163819614,0.00018908432350841985,0.6376632579489968,0.6793070992532937,False,none,False,False
2025-12-05,0.0001437036948365199,0.00019523452250248146,0.00024720287626059373,0.0003134524453868189,0.01996074256253815,0.0,0.0001437036948365199,0.00024207083019801541,0.0002655408477457979,0.0002479393327598432,0.39528127431999,0.3211173287877531,False,none,False,False
2025-12-08,0.0002556823063100162,0.00014229084421457828,8.492897581012316e-05,0.0002917938924056479,0.0266252113409717,-0.017025137611952283,0.0002556823063100162,0.00022653296914970696,0.00027016961548501187,0.00029185165296898924,0.44664892799665534,0.36819783989864485,False,none,False,False
2025-12-09,0.00035169902285124853,0.0002665583696539001,0.00022821192443499912,0.0002947554743645838,0.0312268593422413,-0.020653357011777746,0.00035169902285124853,0.00021742047308791153,0.0002570091152786595,0.00044752626961370225,1.753873611394449,1.8390901917934954,False,none,False,False
2025-12-10,0.00028854803834165257,0.00040001251846523894,0.00047151050730511146,0.0003348405240484045,0.028284713838582103,0.026360669691068633,0.00028854803834165257,0.00026147260020326166,0.00025715879232430106,0.0002946355745355077,0.25985412800659474,0.09818088920938642,False,none,False,False
2025-12-11,0.0002181128067828866,0.00014080964132679908,0.00010182790175844187,0.000312883160383716,0.024591403137322113,-0.016393809775676497,0.0002181128067828866,0.0002515491738244646,0.00025958089452880273,0.00023162616280571639,-2.0779133462813903,-2.151250848820725,False,none,False,False
2025-12-12,0.0010903294386358882,0.0006755333462519586,0.00042948466990757716,0.0003234770605353115,0.054982134417353196,-0.04652001563489282,0.0010903294386358882,0.0004408743225843382,0.0003056771108382507,0.000982789238211455,0.22149762835325962,0.3101382645995165,False,none,False,False
2025-12-15,0.00041452783703543514,0.00013068361977500333,0.0,0.00031242317687576527,0.033901551675681416,0.03822121282019767,0.00041452783703543514,0.00047264342872942205,0.0002972901364815704,0.0003569027264805624,-1.1550145783665695,-1.0595650423945628,False,none,False,False
2025-12-16,0.0007423785236678969,0.0007124785005644217,0.0007593249218443928,0.0003349331147868397,0.045368605029851086,0.03278982282299097,0.0007423785236678969,0.0005507793288927517,0.0003191843225230969,0.0011198682551735312,-0.053660686703322844,-0.03511192482895088,False,none,False,False
2025-12-17,0.00014961722271129938,0.00020105602177694146,0.00023304853782043266,0.0003391459490676838,0.020367302824433733,-0.008097210232619362,0.00014961722271129938,0.0005229931657666811,0.00030753226368823044,0.0002675657544904009,-1.925525685683701,-1.9761354596942227,False,none,False,False
2025-12-18,9.614388253146394e-05,0.00013328372220954162,0.00016701280409563387,0.00034146566796858094,0.016326893287428666,0.0,9.614388253146394e-05,0.0004985993809163965,0.00030308465729307713,0.00019445300853748452,-2.6493310492453657,-2.7513379428960243,False,none,False,False
2025-12-19,5.385981694164576e-05,1.6979790521889344e-05,0.0,0.0003262841849714189,0.012220111334775397,-0.008163310639161094,5.385981694164576e-05,0.00029130545657754807,0.0002988631005541016,0.0003401161090902808,-1.8568331880236904,-1.846860074111623,False,none,False,False
2025-12-22,0.0007012930617584381,0.0004694435169823575,0.00032147060504533894,0.0003279374115672443,0.04409531986522438,0.04016604172533465,0.0007012930617584381,0.00034865850152214863,0.0003259880940507266,0.00032567198328635157,1.4420064353225117,1.4284413316242486,False,none,False,False
2025-12-23,0.0002728913800082649,0.0003545447165355601,0.00035595173381449395,0.0003406159820601204,0.027506645789833514,0.007843177461026099,0.0002728913800082649,0.00025476107279022225,0.00032677032467337433,0.0003492310611703717,0.34889330394727225,0.3703013860550818,False,none,False,False
2025-12-24,0.00013922169671348777,0.00016942447656409363,0.00023251155842931705,0.00034304116131235246,0.01964699738379642,-0.003913899321136329,0.00013922169671348777,0.0002526819675906599,0.0003188353842054736,0.00026722530308568915,-0.34928403974567135,-0.3061300764842148,False,none,False,False
2025-12-25,0.00019969940147627645,0.00025270189987747297,0.0003676715024519101,0.0003563951034726688,0.02353049741019425,-0.01183445764700291,0.00019969940147627645,0.0002733930713796224,0.000313349116208098,0.00048017848632722317,0.035371834451029836,0.057225473685675356,False,none,False,False
2025-12-26,0.00036068315451554813,0.0002827326298579064,0.00021878218796050897,0.0003388474334011192,0.03162318843051214,0.01574835696813933,0.00036068315451554813,0.0003347577388944029,0.00032311691808809435,0.0005547759699102231,0.6915015734276968,0.7438982397389797,False,none,False,False
2025-12-29,0.00019209183334832196,0.00021426633978144187,0.00026475946922630716,0.0003426439583373271,0.023077947282544888,0.015504186535965254,0.00019209183334832196,0.00023291749321237968,0.00032731221189649293,0.0003269839960183503,1.388980601026303,1.4093937139804689,False,none,False,False
2025-12-30,0.0002645103159213294,0.00022215704248591242,0.00017961808592327982,0.000329185815668753,0.027080958602670614,-0.015504186535965199,0.0002645103159213294,0.00023124128039499255,0.00031825654047914446,0.00030246836114279445,-0.8083647332960154,-0.740472038729352,False,none,False,False
2025-12-31,8.805870038132178e-05,9.831221501805011e-05,0.00012159841837353214,0.00033134120914058205,0.015625317903081033,-0.007843177461026005,8.805870038132178e-05,0.00022100868112855934,0.00030710595360777007,0.00029445029484106587,-0.06039406674319871,-0.04751985772778791,False,none,False,False
2026-01-05,0.0003578482515486837,0.0004721324674786711,0.00046510966627672586,0.00033096817253538193,0.031498667059371016,-0.003944778291016229,0.0003578482515486837,0.0002526384511430408,0.0003053144421708818,0.0006311396162236606,0.47158383965578815,0.46158835858618324,False,none,False,False
2026-01-06,0.0005419807910391993,0.0007273943686730585,0.0011974556262603557,0.00037299182379268574,0.03876454345024431,0.007874056430905866,0.0005419807910391993,0.00028889797844777103,0.00032684595981971343,0.00048596440889812675,1.513060318484262,1.4819510662439483,False,none,False,False
2026-01-07,0.001160589358266556,0.00036588620801757273,0.0,0.0003890039372168723,0.05672598140077753,0.06453852113757116,0.001160589358266556,0.00048259748343141786,0.0003674304788919719,0.0004714276917880609,1.950825765170267,1.8749824684923766,False,none,False,False
2026-01-08,0.0008768188540645316,0.0011959599991532243,0.0014032892763450834,0.0004903024301473147,0.04930576098415406,0.028987536873252406,0.0008768188540645316,0.0006050591910600583,0.0004007538952205178,0.0005278241490394004,2.325744588358034,2.299230962179835,False,none,False,False
2026-01-09,0.0009754413412257086,0.0011183684840636405,0.001424877761608076,0.0005079742572427546,0.05200478499031455,0.02817087696669644,0.0009754413412257086,0.0007825357192289356,0.0004334702149894129,0.0007043096491036156,1.4160320761696101,1.4024380093339535,False,none,False,False
2026-01-12,0.001598564823594716,0.0019158951516317772,0.0018924463775796241,0.0005905818265498726,0.0665744906226697,-0.017513582492708357,0.001598564823594716,0.0010306790336381422,0.0004901459332050251,0.00092177287994837,1.4624082805031562,1.3796987228525253,False,none,False,False
2026-01-13,0.001912692854236706,0.002272939609491686,0.002178687352545664,0.0006503064968197874,0.07282245970004933,0.031306904625044124,0.001912692854236706,0.0013048214462776434,0.0005639706975638912,0.0006627706123101261,1.3146890644360105,1.2330543780005008,False,none,False,False
2026-01-14,0.0010543447690025448,0.001301821166560035,0.0012736361125085358,0.0007189032468510905,0.05406722127027579,0.0,0.0010543447690025448,0.0012835725284248414,0.0006019812413011484,0.0007163778761027566,1.3448303306575393,1.253884557928764,False,none,False,False
2026-01-15,0.0005281170599615648,0.0005046864447027397,0.000463396213782303,0.0007085697001405896,0.038265538078953824,-0.024264621999631208,0.0005281170599615648,0.0012138321696042477,0.0005764261331795882,0.000653688395931511,0.5806830067336836,0.5049715737714184,False,none,False,False
2026-01-16,0.0007225268045581291,0.0009265955618455071,0.0011875019217838523,0.0007516868090558757,0.044757900641493625,0.0,0.0007225268045581291,0.0011632492622707321,0.0005904260862488016,0.0006137505759812958,0.6671264162880077,0.5791554320630014,False,none,False,False
2026-01-19,0.000215330023307838,0.0002796200195675497,0.00027969231743507443,0.0007557182471061321,0.02443402533728204,0.0,0.000215330023307838,0.0008866023022133563,0.0005664693362324352,0.00045951934274270794,-0.16243241818322451,-0.38173649061707876,False,none,False,False
2026-01-20,0.0005172630349131988,0.0006750165241686197,0.0008713307180120423,0.0007962146346828809,0.037870274055409964,0.0035026305512020745,0.0005172630349131988,0.000607516338348655,0.0005831805095143397,0.0005022395625999313,0.428678464132625,0.2851436635297637,False,none,False,False
2026-01-21,0.0005281170599615648,0.00043608043232315274,0.00040493010754331395,0.0008005404034544929,0.038265538078953824,0.024180798197214613,0.0005281170599615648,0.0005022707965404589,0.0006028156539429807,0.0006287187762465045,0.44453741191929347,0.37318066925164317,False,none,False,False
2026-01-22,0.0004899023876559032,0.0006095473749761714,0.0005937370286135466,0.0008257428996821684,0.03685509238915429,0.010186845306992997,0.0004899023876559032,0.0004946278620793266,0.0006226357707936289,0.0006745443879220064,0.8341648135892316,0.7661044405933105,False,none,False,False
2026-01-23,0.0014196477659534584,0.00044755669531654435,0.0,0.0008452915199888809,0.06273834063342335,-0.06273834063342336,0.0014196477659534584,0.0006340520543583925,0.0006552882573479479,0.0005480295025972064,0.35836709240781733,0.2455697171469075,False,none,False,False
2026-01-26,0.0005548115838144644,0.0007641872911059296,0.0007855908673194906,0.000857717483641867,0.03922071315328133,0.007168489478612497,0.0005548115838144644,0.0007019483664597178,0.0006681028120664116,0.0008301289959694884,0.2162874808973462,0.07585899113862991,False,none,False,False
2026-01-27,0.0006722368913242427,0.0009120676101913128,0.0009353667174441928,0.0008830696454152972,0.04317217186520878,0.0,0.0006722368913242427,0.0007329431377419266,0.0006923307754578094,0.00047198110017416986,-0.0017250954124749147,-0.12338566372017568,False,none,False,False
2026-01-28,0.0004568709968207237,0.0003179724406106416,0.00024976204324811527,0.0008871686555316761,0.03559094510270253,-0.014388737452099556,0.0004568709968207237,0.0007186939251137582,0.0007040203934280116,0.0007166648583873932,0.12326622663870765,0.06152202823533451,False,none,False,False
2026-01-29,0.000697094453799458,0.0005449249260731331,0.0004268421046157969,0.0009021588341876069,0.04396312342111599,-0.02941388520629334,0.000697094453799458,0.0007601323383424693,0.0007193118161227349,0.00040809147863218436,-0.05578368099854003,-0.23470829079288896,False,none,False,False
2026-01-30,0.0002362889348309955,0.0002446327847883893,0.00022652105110448965,0.000906678813274419,0.025595547188963723,0.025784117155714634,0.0002362889348309955,0.0005234605721179767,0.0007213207752810382,0.000355024121767095,-0.46485368101182845,-0.950551668598649,False,none,False,False
2026-02-02,0.0007749809549444908,0.0007656185393435298,0.0008382526688746019,0.0009307395666722874,0.04635410937155099,0.04271111809304987,0.0007749809549444908,0.0005674944463439819,0.0007445239861457273,0.0005948568281167518,0.23460566712504016,0.03345187209926768,False,none,False,False
2026-02-03,0.0002108899155378769,0.00021783644574605916,0.00024886118315885203,0.000885883736048777,0.024180798197214613,-0.003490404939768491,0.0002108899155378769,0.0004752250511867088,0.0007501072231982981,0.0004775860924456877,0.2964280900372977,0.18056272635862913,False,none,False,False
2026-02-04,0.0004289479829705675,0.0005900069986492091,0.0006394175476702146,0.0008863918892775874,0.034486176071169404,0.010434877292579494,0.0004289479829705675,0.00046964044841667755,0.0007533390291720198,0.00048389600480614717,1.0286976677936388,0.9957999248951745,False,none,False,False
2026-02-05,0.0004319222104768927,0.00042992612720886255,0.0004740557581340685,0.000808496208910194,0.03460552917747552,-0.017452449951226166,0.0004319222104768927,0.0004166059997521645,0.0007483363664191878,0.0004704299504200309,-1.1423004729035133,-1.1270487524809143,False,none,False,False
2026-02-06,0.000797574063839781,0.000489679189823524,0.00033351160110921393,0.0007767472633003758,0.047024938644862985,-0.05055227916283121,0.000797574063839781,0.0005288630255539216,0.0007318356712179707,0.0006323045995825229,0.22769243232676345,0.43073012795187066,False,none,False,False
2026-02-09,0.00031204651306165963,0.00030156661263845154,0.00026929583889481604,0.0007076023257851786,0.029413885206293407,-0.003710579396535713,0.00031204651306165963,0.00043627613717735534,0.0007061642011723857,0.00030642433691094,-2.5050467013424598,-2.425816011798928,False,none,False,False
2026-02-10,0.0011694198711603345,0.0009528507281334356,0.0007877651389115606,0.0006390469006696136,0.056941376400138424,-0.037883317902301365,0.0011694198711603345,0.0006279821283018468,0.0007149814070785052,0.0006274478093749787,0.053090320685180103,0.18233569043735023,False,none,False,False
2026-02-11,0.00025456604450528847,0.00026285991548537484,0.0003001955938664264,0.0005929908831366905,0.026567027384721706,0.019121041446778377,0.00025456604450528847,0.0005931057406087911,0.0006538905534835311,0.0005323941597314293,-2.3685331375738765,-2.3898683560016947,False,none,False,False
2026-02-12,0.00012696546551235307,0.00017053138541194116,0.00019655307751802797,0.0005798722839711623,0.018762276455523034,0.007547205635383124,0.00012696546551235307,0.0005321143916158831,0.0005727211267233332,0.0002285541219351998,-2.985841139254125,-2.9226703521261275,False,none,False,False
2026-02-13,0.00012696546551235307,0.0001543364693460879,0.00015526335235768968,0.0005362705192718917,0.018762276455523034,0.007490671729157659,0.00012696546551235307,0.00039799267195039757,0.0005305675220192335,0.00029951398164732273,-2.3589154765692504,-2.2261911975980375,False,none,False,False
2026-02-23,0.00023457028927439843,0.00019701013095740615,0.00015928551518842356,0.0005402164290498334,0.025502292810936043,0.03303052567648175,0.00023457028927439843,0.00038249742719294533,0.0005172244869879988,0.0003787936077208806,-0.627806218018149,-0.6139358301198542,False,none,False,False
2026-02-24,0.00016923550147819903,0.00022959380783423445,0.00023503981468878864,0.0005120549831517049,0.021661496781179467,0.003603607503298618,0.00016923550147819903,0.00018246055325651825,0.0004920748823025474,0.0003591529381985485,-0.799438225067984,-0.780819194307601,False,none,False,False
2026-02-25,0.0003635518808054429,0.00033033762394437874,0.00028497204267722816,0.0004994227633073778,0.03174869831458027,0.028370697129215566,0.0003635518808054429,0.00020425772051654913,0.0004988122394615294,0.00043767738073140244,0.47876467384279475,0.5000918916802699,False,none,False,False
2026-02-26,0.0002882567575372801,0.0003229756817508393,0.0003263739467623532,0.0004722862924050991,0.028270433938255526,-0.014084739881739085,0.0002882567575372801,0.00023651597892153454,0.0004884028632171695,0.0003702939269843042,-0.5140264052131003,-0.4289728842993239,False,none,False,False
2026-02-27,0.0007126766331421635,0.00091346054284574,0.0013585636795681248,0.0005120940349871409,0.044451762570833796,0.027973852042406162,0.0007126766331421635,0.00035365821244749663,0.0004967919347253785,0.000436123375901466,1.076473866828797,1.1378960059411456,False,none,False,False
2026-03-02,0.0012905817370587392,0.0011870568651812282,0.0012166893041297554,0.0005662166591488747,0.059818495210910205,0.06669137449867214,0.0012905817370587392,0.0005648605020043649,0.0005331864506073256,0.0010287343627900236,2.502433625808498,2.42436881220558,False,none,False,False
2026-03-03,0.0017060912198374899,0.0022358747403627365,0.0034721365355166746,0.0007458625990869434,0.06877709847931748,0.06554607789787108,0.0017060912198374899,0.000872231645676223,0.0005462066076020543,0.0008323026759367736,2.1446496307979164,2.0508825143539853,False,none,False,False
2026-03-04,0.0029203634665481877,0.0013377039411461488,0.0005398231270886218,0.0008021218814325638,0.08998314737878742,-0.06877709847931755,0.0029203634665481877,0.001383593962824772,0.0006537316931808599,0.0013394684708234626,1.883480037772544,1.7941681188452434,False,none,False,False
2026-03-05,0.0012245832303673,0.00129035267546404,0.001187862259425768,0.000833146489375618,0.058268908123975824,-0.019608471388376198,0.0012245832303673,0.0015708592573907758,0.0006788383449555443,0.0006597549880102686,0.9214092900427611,0.8765166041167507,False,none,False,False
2026-03-06,0.001170465377622385,0.0011816308964056395,0.0011845947220050826,0.0008912333500911333,0.05696682460667745,-0.04040953833787655,0.001170465377622385,0.00166241700628682,0.0007112744531738016,0.0005734796406704552,0.7387782008728205,0.6852363315395995,False,none,False,False
2026-03-09,0.00030527440639283547,0.00017196710713093577,0.0001044631676817651,0.0009997359709076235,0.029092960941664556,-0.0712044462917916,0.00030527440639283547,0.0014653555401536395,0.0006934644510189551,0.0007524086839340615,-0.09291189514259857,-0.09723882821842086,False,none,False,False
2026-03-10,0.0020563419449980786,0.0024100475280563714,0.002357579060310339,0.0010954068871535075,0.0755075525081451,-0.03377431711860415,0.0020563419449980786,0.0015354056851857572,0.0007761941332992771,0.001083119940941134,1.1020097670677322,1.0603151798512298,False,none,False,False
2026-03-11,0.0008585767158993226,0.0007495923450112948,0.0006199358299476987,0.0011083394853650245,0.04879016416943204,0.03377431711860405,0.0008585767158993226,0.001123048335055984,0.000779993940615406,0.0009821121850645724,-0.2702704741249759,-0.22728110118717768,False,none,False,False
2026-03-12,0.000601039462955598,0.0007484311179424553,0.0007317519887566411,0.0011185406427777723,0.0408219945202552,-0.011131840368844294,0.000601039462955598,0.0009983395815736438,0.000797728010952575,0.0005535475354780321,-0.2774810288804169,-0.2566169620353121,False,none,False,False
2026-03-13,0.0008333624646094723,0.001106698425347755,0.0013291220991634174,0.0011400902767977781,0.0480684030410224,-0.007490671729157626,0.0008333624646094723,0.0009309189989710612,0.000816110487390707,0.0008039858609768279,0.43135025261225474,0.40670995067702753,False,none,False,False
2026-03-16,0.0003337720795747075,0.000440702904131717,0.0005523245396178215,0.001148534300069712,0.03042059670071172,-0.007547205635382966,0.0003337720795747075,0.0009366185336074356,0.0008116491178042439,0.0005213563404204728,-0.040635534137616655,-0.07648797440173366,False,none,False,False
2026-03-17,0.0001849108557829165,0.0002062672529584694,0.0002548898595924912,0.0011162700698105158,0.02264247674975997,-0.007604599385219304,0.0001849108557829165,0.0005623323157644031,0.0007838007901652956,0.00043658931666332477,-0.6983933302622135,-0.7184132751878247,False,none,False,False
2026-03-18,0.00041766879435045314,0.0004903275184058563,0.00047053235231309847,0.0011248756753094846,0.034029748586311255,0.015151805020602246,0.00041766879435045314,0.00047415073145462924,0.0007886018029511499,0.0005804457219188168,-0.608260081270877,-0.6444376140965448,False,none,False,False
2026-03-19,0.00019062255572358907,0.00012302426024922254,8.893441738781992e-05,0.001128988781360115,0.022989518224698562,-0.02666824708216141,0.00019062255572358907,0.00039206735000822755,0.0007441110158858433,0.0005431969817207971,-0.4514743437750617,-0.6349330875053479,False,none,False,False
2026-03-20,0.0011694198711603345,0.0015703176590084371,0.0016599066864587204,0.001193569307750479,0.056941376400138424,0.01532597047822699,0.0011694198711603345,0.0004592788313184,0.0007856952807338001,0.0006572229873354536,-0.059568941943801336,-0.2826464514119573,False,none,False,False
2026-03-23,0.0014097998039593073,0.0016688926775779347,0.0016626899876318248,0.0012580224877749124,0.06252035698133393,-0.03481976515922804,0.0014097998039593073,0.0006744843761953198,0.0008440059324813888,0.0010363969493013602,-0.39780841662221383,-0.5925462888667165,False,none,False,False
2026-03-24,0.000673999528266012,0.0007237929187964643,0.000859446490177964,0.0013039348826310723,0.043228734550820214,0.0,0.000673999528266012,0.000772302110691939,0.0008688711171520096,0.0005235221938283943,-0.6948415060627487,-0.8210081493375191,False,none,False,False
2026-03-25,0.0007568787878885978,0.0004863697567120489,0.00032069696268223393,0.0013172586691245296,0.0458095360312942,0.04991439138171307,0.0007568787878885978,0.000840144109399568,0.0008926124125435642,0.0005094997943544358,-0.26685056387420486,-0.3387123505820105,False,none,False,False
2026-03-26,0.00018631446954279105,0.00012023781738174395,8.691502399682025e-05,0.0013075137601958652,0.02272825107755609,-0.018904154639152723,0.00018631446954279105,0.0008392824921634083,0.000893388729273773,0.0004548872896674338,-1.4390380316905156,-1.4665111974181806,False,none,False,False
2026-03-27,0.00013288188129517776,0.0001842134027345076,0.00019192484301718086,0.0012528748882956306,0.01919444725614716,-0.0038240964384033942,0.00013288188129517776,0.0006319748941903769,0.0008829037292960337,0.0005303607349369224,-0.7517835081762435,-0.766455930600405,False,none,False,False
2026-03-30,0.00033890776346920187,0.000446968041509759,0.00046804655038581685,0.0011808031190151471,0.03065374109100252,0.0,0.00033890776346920187,0.00041779648609235594,0.0008852060477474846,0.0005768304310756668,-0.6305733980924257,-0.549401905854808,False,none,False,False
2026-03-31,8.471699001564781e-05,6.660017138705878e-05,5.905968957266509e-05,0.0009183690632468204,0.01532597047822699,-0.003838776307165713,8.471699001564781e-05,0.00029993997844228313,0.0008566624276053702,0.00036618020603034135,-1.1827886171287338,-1.190240090152641,False,none,False,False
2026-04-01,8.471699001564781e-05,0.00011179362745893827,0.00011766896349413547,0.0008524947480439523,0.01532597047822699,0.003838776307165667,8.471699001564781e-05,0.0001655076188676931,0.000801850393648866,0.000354188832978476,-0.764371738375589,-0.7346019191915999,False,none,False,False
2026-04-02,0.0002645103159213294,0.0002745474875528049,0.0002553794517701331,0.000799179904099246,0.027080958602670614,-0.015444322427473742,0.0002645103159213294,0.00018114678814340075,0.0007363239889254042,0.0003609843627925057,-0.6826343005617371,-0.6237081047155959,False,none,False,False
2026-04-03,0.00027075915751201464,0.00022740553160028934,0.00018386178580854102,0.0007509936362162749,0.027398974188114347,-0.015686596167699508,0.00027075915751201464,0.0002087222433867681,0.00061588742942376,0.0004436110189131383,-0.6193930349818392,-0.5137637206005143,False,none,False,False
2026-04-06,0.0002794413858754841,0.00023347627478753494,0.00021917277801729857,0.000639947081885696,0.02783479899344384,-0.019960742562538058,0.0002794413858754841,0.00019682896786802454,0.0005729264364923138,0.0004402560154852536,-1.1810537386248339,-1.1293735848749538,False,none,False,False
2026-04-07,0.0002077680319063134,0.00028182212745441306,0.0002874608239054874,0.0005456181298597397,0.024001152099543045,0.008032171697264253,0.0002077680319063134,0.0002214391762461577,0.0005291674662324924,0.0003519476858266268,-1.8832745091584144,-2.207094906917841,False,none,False,False
2026-04-08,0.00026865182877434805,0.00027957315401244177,0.0003217185656694734,0.0005471214489660529,0.027292142288007554,0.03922071315328133,0.00026865182877434805,0.00025822614399789777,0.0005275028036134702,0.0004274700340755199,-0.28992805637563324,-0.16109339813878049,False,none,False,False
2026-04-09,0.0002645103159213294,0.0003436544282590949,0.0003450073795775629,0.0005372663409205698,0.027080958602670614,0.0,0.0002645103159213294,0.00025822614399789777,0.00044605591138270883,0.0004417175453540524,-0.9367000253950741,-0.8501820948291261,False,none,False,False
2026-04-10,8.407150450936629e-05,0.00011085534030175168,0.00017448729497841604,0.00048722115741515413,0.01526747213078838,0.0,8.407150450936629e-05,0.00022088861339736809,0.0004108511290468018,0.0003589455983074511,0.3274618417532326,0.5473554792848786,False,none,False,False
2026-04-13,0.00025650952004907876,0.0003329146436209757,0.0003900629568787015,0.0004810757605631063,0.02666824708216149,0.007662872745569097,0.00025650952004907876,0.000216302240232087,0.0003951906770965055,0.0003659567887197065,-0.3800213435905389,-0.2371902512907786,False,none,False,False
2026-04-14,0.0001877341263776605,0.0002380843030161436,0.0002612490238105677,0.000484555381812609,0.022814677766171482,0.0038095284166676487,0.0001877341263776605,0.00021229545912635644,0.0003658439344496049,0.00027725898072527964,-0.5383085854589023,-0.49502416002069105,False,none,False,False
2026-04-15,8.343336832720826e-05,6.520733598125076e-05,5.750259652289789e-05,0.00046395839900637806,0.015209418663528708,-0.007633624855071095,8.343336832720826e-05,0.00017525176703692846,0.00035446490212017313,0.00030866873769164145,-0.2290083795086987,-0.24440383477184527,False,none,False,False
2026-04-16,0.00032143224188558396,0.0004237613867618526,0.0005264493958525427,0.00048138938391300656,0.02985296314968113,0.02272825107755609,0.00032143224188558396,0.0001866361522297794,0.0003606704196702944,0.00033179821984046236,2.5363628680380663,2.4140007504465975,False,none,False,False
2026-04-17,8.156195465163642e-05,6.411629353114558e-05,5.68540464158246e-05,0.00041112254905799404,0.015037877364540502,-0.00751883241402734,8.156195465163642e-05,0.0001861342422582334,0.00034539283604762087,0.00031464436023790243,-1.5127353919066049,-1.4345926125635615,False,none,False,False
2026-04-20,0.00012889292225509193,0.00012898782848106332,0.00011436154673789497,0.0003326543607553688,0.018904154639152654,-0.007575793808457656,0.00012889292225509193,0.00016061092269943606,0.00034258694361723467,0.0002909037575299433,-1.2122690828691156,-1.126421542687301,False,none,False,False
2026-04-21,8.280247031982733e-05,0.0001091824981650762,0.0001718559635925543,0.0002827466152554161,0.015151805020602246,-0.0038095284166677302,8.280247031982733e-05,0.0001396245914878694,0.00029319524357902983,0.0003278174642120836,-0.9457527272021576,-0.8553830209045498,False,none,False,False
2026-04-22,4.7470433451438294e-05,4.312493661701399e-05,4.3704438234951976e-05,0.00025553433998308126,0.011472401162236781,-0.007662872745569137,4.7470433451438294e-05,0.0001324320045127154,0.0002312711812832176,0.0003033569400706029,-1.4808214431137252,-1.4147189994210057,False,none,False,False
2026-04-23,0.0006635265813475479,0.0007109036314877503,0.0007212405453658652,0.0002832052893959781,0.04289156462931293,-0.019418085857101627,0.0006635265813475479,0.0002008508724051082,0.0002307951382414692,0.0006800655009618524,1.9801089102408964,2.037745175418616,False,none,False,False
2026-04-24,8.875073946405637e-05,0.0001230346496642419,0.00015415529790270246,0.0002784750192638943,0.015686596167699473,0.003913899321136315,8.875073946405637e-05,0.00020228862936759218,0.00020042568149489915,0.00035609406655489863,-1.751964089548583,-1.693278387016334,False,none,False,False
2026-04-28,0.00020127507959771508,0.00022534862695221827,0.00021770091274749914,0.0002601637338141306,0.023623145763435893,-0.01178795575204224,0.00020127507959771508,0.0002167650608361168,0.00020110570922466842,0.0004318102080851174,-0.83206933165216,-0.7452397135190437,False,none,False,False
2026-04-29,9.015951804339681e-05,0.00011892869024820152,0.0001247420861566793,0.0002662253158138897,0.015810606026642245,0.0,9.015951804339681e-05,0.0002182364703808307,0.00019916378362231475,0.00038324589806080844,-1.5172844175631306,-1.4404417181406213,False,none,False,False
2026-05-04,0.00042730889110675116,0.0002321596963689882,0.00013367094037175482,0.0002876864380771678,0.03442022388647937,0.05010682005417877,0.00042730889110675116,0.00029420416191189324,0.0002031820166967488,0.0003715242778583628,1.6953377188016052,1.6228855495365884,False,none,False,False
2026-05-05,0.0005022798457955912,0.0005055293683483434,0.0005632976840528852,0.0003031676491260652,0.03731776300719528,0.025975486403260736,0.0005022798457955912,0.000261954814801502,0.00022216214650492804,0.000411247489671508,2.098442693614895,2.0186323342810457,False,none,False,False
2026-05-06,0.0011868183137856193,0.0009405860618798756,0.000840504339215132,0.0003423495097860799,0.057363394879920086,0.050010420574661416,0.0011868183137856193,0.00048156832966581454,0.0002722576612217449,0.00036695917649932203,2.2533819670126443,2.1538405656270068,False,none,False,False
2026-05-07,0.00021684125797404784,0.000300605813187566,0.0003571114117559178,0.0003447887503268429,0.024519617174318446,0.0,0.00021684125797404784,0.00048468156534108107,0.00027009088586050486,0.00043002218707788867,1.2714760865625443,1.1966478602961845,False,none,False,False
2026-05-08,0.0006486857200020537,0.000725617057387107,0.000674559409707638,0.0003687561914703565,0.04240918192509361,-0.02469261259037152,0.0006486857200020537,0.0005963868057328125,0.0002872693659736885,0.00038581796073286376,1.1332005123261786,1.0423774044766319,False,none,False,False
2026-05-11,0.00022304813201033804,0.0003042654886441987,0.0004023406210087072,0.00035075445854936856,0.024868066578013524,-0.003577821347884078,0.00022304813201033804,0.0005555346539135298,0.0002847060362525455,0.000489555838142265,-0.14264386579731234,-0.19638728452569598,False,none,False,False
2026-05-12,0.00022147166373446574,0.00030211523439406665,0.0003995023115788335,0.0003461050853355732,0.024780028998487084,0.007142887512380204,0.00022147166373446574,0.0004993730175013048,0.0002853289286083706,0.0003254018979398978,-0.17947602495116932,-0.19900414351279935,False,none,False,False
2026-05-13,0.0002862300862392801,0.00035323471444649015,0.00039471198612979356,0.0003569369100071115,0.02817087696669644,0.010619568827460131,0.0002862300862392801,0.0003192553719920369,0.000286127940311322,0.0004838331949211247,0.16294396746078418,0.14006317881482083,False,none,False,False
2026-05-14,0.0004504349349538385,0.0005034190330033056,0.0004732521738608893,0.00036171900336839,0.03533936644530886,-0.014184634991956413,0.0004504349349538385,0.000365974107387995,0.00029457905935825426,0.0002645443133569046,0.3233751282345728,0.3017351100671326,False,none,False,False
2026-05-15,0.00011542877759152125,0.0001600182634860879,0.0003200365269721734,0.00036136218801360436,0.017889564750775123,0.007117467768863955,0.00011542877759152125,0.0002593227189058885,0.00029600438995289766,0.0002801623491546203,-0.5758151619454163,-0.5787801846866958,False,none,False,False
2026-05-18,0.0007480646551544198,0.0009604047774158726,0.0009885171123428726,0.00040236839221306477,0.04554202044691622,0.014084739881739023,0.0007480646551544198,0.0003643260235347049,0.00031834780518495866,0.0004001934700290406,1.1216251100924435,1.0400597572529604,False,none,False,False
2026-05-19,0.0005469816737683355,0.0005227442356290982,0.0004800150487510315,0.00039688456235654974,0.038942973948607545,-0.02120220765060305,0.0005469816737683355,0.00042942802554147874,0.000334677239157262,0.0005150787260245827,0.19255967063776303,0.2267799562759224,False,none,False,False
2026-05-20,0.0014046276174807509,0.0018678228990329944,0.0029997359075005685,0.0005241076724175331,0.06240556618742965,-0.010772096981911183,0.0014046276174807509,0.000653107531789773,0.0003947315232096958,0.001140727437206062,0.4968400807487789,0.49997305096633693,False,none,False,False
2026-05-21,0.0002362889348309955,7.449220669311613e-05,0.0,0.0005231667593368624,0.025595547188963723,-0.025595547188963768,0.0002362889348309955,0.0006102783317652044,0.00039086137288903264,0.00032494556847181486,-0.888657033128341,-0.9746652868773373,False,none,False,False
2026-05-22,0.0002433559252671703,0.0003163230445574004,0.0003734778375486105,0.0005323049669822574,0.025975486403260736,0.00738010729762246,0.0002433559252671703,0.0006358637613003342,0.0003982156442806478,0.0003549344759950547,-0.9378435885584133,-1.0042578405334746,False,none,False,False
2026-05-25,0.00011967236531461524,0.0001659011252175307,0.00022504461868320727,0.0005394080110359889,0.01821543989134112,0.0036697288889624017,0.00011967236531461524,0.0005101853033323732,0.0003977965280560807,0.0002613826572070566,-0.9482878678206265,-1.042908550797057,False,none,False,False
2026-05-26,0.00012054913184833797,0.00016711658171924914,0.00017351081383138508,0.0005121078319310595,0.018282044837449073,0.0,0.00012054913184833797,0.0004248987949483737,0.0003995122853982857,0.0002326613635162404,-1.3137726602137794,-1.3211550348727858,False,none,False,False
2026-05-27,0.0002965825755929263,0.0002866329892418647,0.00025597553552152044,0.0005219493651554028,0.028675799976666298,0.028882874148786146,0.0002965825755929263,0.0002032897865708088,0.0004108355645865352,0.0002380650655711605,0.20845402080715494,0.1843794762438964,False,none,False,False
2026-05-28,0.0003687370393351823,0.00043177363181256937,0.0005639353347235338,0.0005374026794091808,0.031974304632514106,-0.01433716314640733,0.0003687370393351823,0.00022977940747164618,0.0003974360399496095,0.00030623735118213817,-0.8387266175578346,-0.9785364482676265,False,none,False,False
2026-05-29,7.575853533104353e-05,5.9217220477167785e-05,5.2227109860891475e-05,0.0005331993618439803,0.014493007302566824,-0.01088939979926832,7.575853533104353e-05,0.00019625992948442083,0.00039684548521629076,0.00028953294988484597,-0.8697687977170635,-1.0257743234613164,False,none,False,False
2026-06-01,4.308052677971578e-05,5.972229134879442e-05,0.00011944458269759074,0.0005121016652633367,0.01092907053219023,0.007272759329079878,4.308052677971578e-05,0.00018094156177744095,0.00038965482372456357,0.00025664546306624654,-1.412124304421387,-1.4693120522520817,False,none,False,False
2026-06-02,0.0002362889348309955,0.0001423176229380304,9.46232027345662e-05,0.0004906473220188013,0.025595547188963723,-0.01828204483744907,0.0002362889348309955,0.00020408952237397246,0.00039629706994218165,0.0003735989409265465,-1.0539814301710788,-0.9670452805189387,False,none,False,False
2026-06-03,0.00012323803050742893,0.00017084418676796976,0.0001779841011312266,0.0004452976177654524,0.01848481467410316,0.0,0.00012323803050742893,0.00016942061335687298,0.00038247566718766705,0.00032206531707695395,-1.1463423695248187,-1.1312017947801223,False,none,False,False
2026-06-04,0.0002362889348309955,0.0003068332660515349,0.000306888153166958,0.0004438878691230526,0.025595547188963723,0.011009285508369177,0.0002362889348309955,0.00014293099245603564,0.00037038517123473086,0.00024853581908196575,-1.0049775318295733,-0.9784625173759114,False,none,False,False
2026-06-05,0.00012233182036630532,3.856620393328895e-05,0.0,0.00041269361559392295,0.018416726786231068,-0.01841672678623115,0.00012233182036630532,0.00015224564946308798,0.0003219994215338529,0.00022185305058165574,-1.2806427132368228,-1.2592486859524066,False,none,False,False
2026-06-08,0.00017681290094644512,0.00023979607248303687,0.0002985299256744525,0.00040792649040594765,0.0221411258772135,0.0,0.00017681290094644512,0.00017899212429643387,0.0003201799507598709,0.0002825266418047838,-0.5115395831509272,-0.4238439367086069,False,none,False,False
2026-06-09,0.0002433559252671703,0.0002901968381963713,0.0003877010242630816,0.0004087080614069852,0.025975486403260736,0.014760415583120674,0.0002433559252671703,0.00018040552238366884,0.0003017558691810126,0.000205760316022541,-1.327217339113426,-1.2316652070738001,False,none,False,False
2026-06-10,7.800319221984619e-05,0.0001081353855237237,0.00013546749136435557,0.000396035285744078,0.014706147389695487,0.0,7.800319221984619e-05,0.00017135855472615226,0.0002951629173723539,0.000244213769848672,-1.5809241191254775,-1.4804706473191669,False,none,False,False
2026-06-11,1.9644451154090036e-05,2.1992407908378382e-05,2.728323734867808e-05,0.0003809335773840767,0.00738010729762246,-0.003669728888962513,1.9644451154090036e-05,0.00012802965799077118,0.00028598895316415496,0.0001772534233190685,-1.6540390876787525,-1.5764126161528897,False,none,False,False
2026-06-12,0.00017681290094644512,0.0001979486188086853,0.00019120445090325283,0.00037445008218209313,0.0221411258772135,-0.007380107297622534,0.00017681290094644512,0.00013892587410679915,0.00028101544474175337,0.00023417387081490901,-0.9886035238315122,-0.9072651329006195,False,none,False,False
2026-06-15,0.00047702911431844904,0.0004100696902240091,0.0003421454010494412,0.0003504882135596638,0.03636764417087479,0.02919915469226235,0.00047702911431844904,0.0001989691167811999,0.00028222427107650844,0.00027189739219518215,0.648878200357412,0.901078861285376,False,none,False,False
2026-06-16,0.0003661306911146086,0.0004292867939523293,0.00046079100795547097,0.00034819341264714026,0.031861102068984064,0.017825783952600666,0.0003661306911146086,0.00022352406995068759,0.00029361981260028514,0.0002528873057087703,1.6750998117868094,2.1407294135564814,False,none,False,False
2026-06-17,0.0001121943392850785,0.0001363765960238727,0.00013718011364553763,0.0002250912041584925,0.017637141486106876,0.0,0.0001121943392850785,0.00023036229936373404,0.00026471661642440595,0.0002729853738176531,0.27241680652338135,0.5063151241833264,False,none,False,False
2026-06-18,0.00011140697248722643,0.00014963653265276272,0.000172499355619467,0.0002280533651540944,0.01757514482150749,0.0035273405179684406,0.00011140697248722643,0.00024871480363036134,0.00024491776636617374,0.00020630137712853518,0.39569544667066475,0.5431900898037904,False,none,False,False
2026-06-19,0.0002246414932800818,0.00013528603279406123,8.993426659884242e-05,0.000218553170069829,0.024956731973867458,-0.021353124470568946,0.0002246414932800818,0.00025828052209708865,0.00019128203344796153,0.00023361631911947764,1.270563950134351,1.2202598074834885,False,none,False,False
2026-06-22,0.0010101680617931826,0.0009247071310771484,0.0008446016875125017,0.0002555311945311054,0.05292240145434253,0.0422598092898826,0.0010101680617931826,0.00036490831159203543,0.00022645835740078818,0.00027294192638124414,1.8236927684813975,1.732775501851914,False,none,False,False
2026-06-23,0.00043796422983931603,0.00053262828721731,0.0005366990905061472,0.0002726050792215955,0.0348467313301681,-0.013889112160667037,0.00043796422983931603,0.0003792750193369769,0.00023530418942679487,0.0003820302120028474,0.5558068230849551,0.5007607978956055,False,none,False,False
2026-06-24,0.000162134977197825,0.000181509161142922,0.00017530980974302303,0.000264872059932535,0.021202207650603124,-0.014084739881739085,0.000162134977197825,0.00038926314691952623,0.0002372343081487589,0.00028174219413820933,-0.3529825908685637,-0.31395738108767063,False,none,False,False
2026-06-25,0.00043796422983931603,0.0003765212668987818,0.0003141911648663064,0.0002573153427390537,0.0348467313301681,0.027973852042406162,0.00043796422983931603,0.00045457459838994416,0.0002516622671483488,0.00019396585070066043,2.1043582038046647,2.1389597192279246,False,none,False,False
2026-06-26,0.00033919654802443393,0.0003082259005908328,0.0002659196740514398,0.0002682173976086838,0.030666798392972323,0.0204785313435407,0.00033919654802443393,0.0004774856093388145,0.00025359926589523554,0.00020329943873534834,1.8562905547401085,1.7564133021347217,False,none,False,False
2026-06-29,0.0003301352334511516,0.00045327051395373003,0.0004731543607344271,0.0002822078954344635,0.030254408357802343,0.0,0.0003301352334511516,0.00034147904367040833,0.00025184463835505234,0.00022802268714210242,1.136210010643335,1.0534504001476352,False,none,False,False
2026-06-30,0.00014820517494732612,0.00018770030418873215,0.00020476482290362208,0.0002832776137300878,0.020270964373618985,-0.006779686985378804,0.00014820517494732612,0.0002835272326920103,0.0002551376674285197,0.0001895897504115975,0.5758982915572679,0.5010515671598326,False,none,False,False
2026-07-01,0.00010396922888840105,0.00013961685469466044,0.00023021825994892753,0.00028689054069856154,0.01697833653441783,-0.006825965070399871,0.00010396922888840105,0.00027189408303012554,0.00025790533570618725,0.00014901649014833942,0.902015749020051,0.8178910513278959,False,none,False,False
2026-07-02,0.0002670874362489915,0.00025965951381111364,0.00028006316004772257,0.0002870248713563129,0.027212563524884794,0.020339684237122783,0.0002670874362489915,0.00023771872431206062,0.00025930526758882337,0.00016702965176170213,0.5582635936915396,0.47671130934699263,False,none,False,False
2026-07-03,0.0002010488432801671,0.0002743774644043153,0.0003653363757381613,0.0002997147721641194,0.023609865639133667,0.0,0.0002010488432801671,0.00021008918336320727,0.000262842122714857,0.00020549046793842167,0.3877884220055019,0.2969056463522441,False,none,False,False
2026-07-06,0.0006935711690302774,0.000961493800662004,0.0009656837916201544,0.0003312718584381523,0.04385188252884941,-0.006734032181344068,0.0006935711690302774,0.0002827763704790325,0.0002836276788148243,0.0007470081552901594,1.3161183356405577,1.2235647521140658,False,none,False,False
2026-07-07,0.0002051802676801785,0.00024462463861866,0.00032673409330096875,0.00032940521156177684,0.023851215822179847,-0.006779686985378804,0.0002051802676801785,0.0002941713890256029,0.0002873935173290913,0.00028007792688459473,-0.29291161295016405,-0.38854702070027164,False,none,False,False
2026-07-08,0.0002051802676801785,0.0002799862645865731,0.0003027713474447385,0.00033701601316394247,0.023851215822179847,0.0,0.0002051802676801785,0.0003144135967839584,0.0002886829430897155,0.0002642489483575716,-0.39546325888681677,-0.599816111372046,False,none,False,False
2026-07-09,0.00035105760052055814,0.00011067405825783237,0.0,0.00034089640701145886,0.031198370855861333,-0.03460552917747561,0.00035105760052055814,0.0003312076296382718,0.0002935784737830513,0.0002343672282592691,0.5641912144832051,0.45530669187104145,False,none,False,False
2026-07-10,0.00011140697248722643,0.00011118521426175599,0.0001229036114957501,0.00033784176252951167,0.01757514482150749,-0.007067167223092443,0.00011140697248722643,0.0003132792554796836,0.00029509682743156864,0.0002473399684019753,-0.4975751274774119,-0.9295238301184979,False,none,False,False
2026-07-13,0.0004667868647457016,0.00040478011053402603,0.0003931744321692927,0.0003394559219907513,0.03597510245827798,-0.021506205220963505,0.0004667868647457016,0.00026792239462276846,0.0003154214825948237,0.0005398523355244417,0.39178724248727587,0.2916130376061188,False,none,False,False
2026-07-14,0.0003794457882427104,0.00034735590048940704,0.00035448741643726077,0.0003367724967968812,0.03243527575315374,0.021506205220963463,0.0003794457882427104,0.00030277549873527484,0.0003246320683810176,0.0003529329012672752,-1.6289399327762222,-1.5731201068617677,False,none,False,False
2026-07-15,0.0001162592423887863,0.0001413189305633953,0.00014215608847754186,0.0003383637223054015,0.017953803616595845,-0.014285957247476428,0.0001162592423887863,0.00028499129367699636,0.0003082334378387602,0.00035887154504281034,-1.8206367692584347,-1.802330964539939,False,none,False,False
2026-07-16,0.000935174982254648,0.0012175895390706569,0.0018654133742385885,0.0004128231095118626,0.050920090427256946,0.014285957247476434,0.000935174982254648,0.0004018147700238143,0.0003340990874360347,0.0007878406722869565,0.09178133210140058,0.018487867588102763,False,none,False,False
2026-07-17,0.00022952537927732922,0.00027368506824893034,0.00036560876099034036,0.00042311933122587796,0.025226562945675563,-0.014285957247476428,0.00022952537927732922,0.0004254384513818349,0.00033943231652659153,0.0003194194011735974,-1.8133414615546761,-1.7622181582374357,False,none,False,False
2026-07-20,0.0011262491278735515,0.0014322004288517447,0.002101016584469927,0.00046934656694523006,0.05588045839445663,-0.02550229281093612,0.0011262491278735515,0.0005573309040074049,0.00038556150540778813,0.0009540433127374176,0.1523642824908199,0.19751451744059242,False,none,False,False
2026-07-21,0.0003143540234591941,0.000430546626162999,0.00043661347368282265,0.0004649605853005169,0.029522439266321834,0.0,0.0003143540234591941,0.0005443125510507016,0.00038963934768865695,0.0005971737560992535,-0.49466796250755013,-0.45487041192499356,False,none,False,False
2026-07-22,0.000723356857136208,0.000738230244967184,0.0006661544128013922,0.000489013285179032,0.044783602626973444,-0.026169717733384834,0.000723356857136208,0.000665732074000186,0.00037660247474970344,0.000789454232727456,-0.28470087215730044,-0.36432571955262943,False,none,False,False
2026-07-23,0.0006192915271084505,0.0006648837007337823,0.0007893036715704555,0.0005087581964175341,0.04143718986417324,0.02616971773338482,0.0006192915271084505,0.0006025553829709466,0.0003848446246255733,0.001248754528232822,-0.3670839089987438,-0.3720976805484473,False,none,False,False
2026-07-24,0.00012696546551235307,0.00017061302503449532,0.00019771547824195477,0.0005076354340884231,0.018762276455523034,-0.014870162479451506,0.00012696546551235307,0.0005820434002179512,0.00038324601045805175,0.00036462296120998367,-1.7954325511763551,-1.834559765490214,False,none,False,False
2026-07-27,0.00012696546551235307,0.00012668946459441663,0.000140017638294717,0.0004927628731576399,0.018762276455523034,-0.011299555253933394,0.00012696546551235307,0.00038218666774571155,0.00036910970298864435,0.0008205221834173335,-1.978238395067426,-1.9642852306000336,False,none,False,False
2026-07-28,0.0003363252171615227,0.00037756137603552135,0.00046980501821094854,0.0005092538442199996,0.030536723860081702,0.007547205635383124,0.0003363252171615227,0.00038658090648617733,0.00036897918794942113,0.0009428224751549131,-0.6426320557615816,-0.5558635023729928,False,none,False,False
2026-07-29,0.00018631446954279105,0.00025828669852221483,0.0005165733970444284,0.00052251470905086,0.02272825107755609,0.003752349618550372,0.00018631446954279105,0.0002791724289674939,0.00036244188049904116,0.0003268683423390238,-1.209002527324498,-1.1164988508386324,False,none,False,False
2026-07-30,0.00024155974623357734,7.615387727757494e-05,0.0,0.0005128088454655966,0.02587944798782076,0.02587944798782076,0.00024155974623357734,0.00020362607279251926,0.00036668527010296165,0.0005879953355050153,0.021353326341954672,0.12076542407565503,False,none,False,False
2026-07-31,0.0004701639842039678,0.0004023733185452477,0.0003861534632089613,0.0005345856944221724,0.036105004642116356,-0.007326040092072898,0.0004701639842039678,0.00027226577653084223,0.0003833304862536692,0.00039223495653264735,0.8584433258177238,0.9139424091005915,False,none,False,False
2026-08-03,0.00017046416410772285,0.00021631983971712925,0.0003162235628087343,0.0005213662341968542,0.02173998663640582,0.02540971552536822,0.00017046416410772285,0.0002809655162499162,0.000378938519338157,0.00048211209834702224,-0.5476934868975967,-0.4482964327683938,False,none,False,False
2026-08-04,0.00011709870199853138,0.00014248266868677282,0.00019550107343377837,0.0005155630690885307,0.018018505502678212,-0.0035906681307284844,0.00011709870199853138,0.00023712021321731789,0.0003751226038253554,0.0002803030923030535,-1.0491170800832081,-1.025360642760434,False,none,False,False
2026-08-05,0.0003008814154090299,0.0002925924466382871,0.00031566296874445914,0.0005219740413310422,0.028882874148786146,-0.00722024797348702,0.0003008814154090299,0.0002600336023905657,0.0003572730695698441,0.00029739967397398985,0.5360959926936947,0.5218158166611333,False,none,False,False
2026-08-06,0.00031204651306165963,9.837546292839239e-05,0.0,0.0005201426672989933,0.029413885206293407,-0.02941388520629334,0.00031204651306165963,0.00027413095575618213,0.00036213062617809327,0.00029557366662991515,0.2490035928750004,0.33839191575002603,False,none,False,False
2026-08-07,0.00023802653872718405,0.00028245935513569574,0.0003750356550299177,0.0005323805991716926,0.025689486115311085,0.014815085785140682,0.00023802653872718405,0.00022770346666082538,0.0003636236384984117,0.00036929690152142297,-0.22546291182054226,-0.13606940394858155,False,none,False,False
2026-08-10,0.00017170625610312562,0.00019222900474581098,0.00018567415279960122,0.000522536617397951,0.021819047394639888,0.01821543989134112,0.00017170625610312562,0.00022795188505990595,0.0003554713046612557,0.00033091222341896935,-0.255119568596368,-0.15776477515906293,False,none,False,False
2026-08-11,7.575853533104353e-05,9.993411864977457e-05,0.00010483440501653955,0.0005090138226360618,0.014493007302566824,-0.007246408520767198,7.575853533104353e-05,0.00021968385172640835,0.00035385092115415643,0.0002705043645440833,-0.7252265236699444,-0.6871099407416323,False,none,False,False
2026-08-12,7.686857514405673e-05,0.00010147296058317333,0.00016013468882334272,0.0005055304676298899,0.014598799421152851,0.0,7.686857514405673e-05,0.00017488128367341375,0.0003361273625358998,0.0002345547354844843,-0.40529327595302617,-0.46196801189609776,False,none,False,False
2026-08-13,0.00012143556928007672,3.828365273718032e-05,0.0,0.00042451405584414904,0.018349138668196617,-0.01834913866819654,0.00012143556928007672,0.00013675909491709715,0.0003243996253103256,0.00039372379809480846,0.03125593197288665,0.05920182383522384,False,none,False,False
2026-08-14,0.00018215079867288267,0.00011754498361798667,8.496363939779427e-05,0.00041210911993778043,0.022472855852058576,-0.01869213301215252,0.00018215079867288267,0.00012558394690623687,0.00032739469605051183,0.00043044013550629946,0.6090928042417951,0.6454742715506828,False,none,False,False
