date,open,high,low,close,volume
2015-10-26,5.16,5.16,4.4,5.16,18200
2015-10-27,4.76,4.76,4.76,4.76,3500
2015-10-28,4.49,4.49,4.07,4.11,31900
2015-10-29,4.11,4.49,4.09,4.33,20300
2015-10-30,4.19,4.52,4.19,4.4,19500
2015-11-02,4.42,4.49,4.14,4.35,8200
2015-11-03,4.35,4.52,4.3,4.52,56900
2015-11-04,4.54,4.99,4.52,4.78,70000
2015-11-05,5.11,5.37,5.11,5.37,20812
2015-11-06,5.83,6.09,5.47,5.66,75488
2015-11-09,5.76,5.76,4.9,5.56,135200
2015-11-10,5.78,5.78,4.8,4.99,133600
2015-11-11,4.59,5.09,4.57,4.99,65707
2015-11-12,4.99,5.35,4.97,5.23,84303
2015-11-13,5.23,5.4,5.14,5.37,148800
2015-11-16,5.26,5.4,4.9,5.16,214000
2015-11-17,5.21,5.3,5.11,5.18,30300
2015-11-18,5.11,5.21,4.76,4.97,178600
2015-11-19,5.07,5.07,4.78,4.95,94000
2015-11-20,4.76,4.92,4.52,4.83,126700
2015-11-23,4.83,4.99,4.76,4.97,66850
2015-11-24,4.76,5.11,4.76,4.99,140402
2015-11-25,4.95,5.11,4.9,5.09,109200
2015-11-26,5.04,5.23,5.04,5.11,77008
2015-11-27,5.14,5.14,5.07,5.09,59100
2015-11-30,5.04,5.07,4.95,4.97,96200
2015-12-01,5.07,5.11,4.95,4.97,29100
2015-12-02,4.95,4.97,4.83,4.85,103300
2015-12-03,4.88,4.9,4.85,4.88,45600
2015-12-04,4.85,4.88,4.78,4.83,58300
2015-12-07,4.8,4.8,4.71,4.71,57400
2015-12-08,4.73,4.78,4.64,4.76,114600
2015-12-09,4.71,4.9,4.66,4.85,133103
2015-12-10,4.83,4.9,4.78,4.8,72700
2015-12-11,4.76,4.83,4.76,4.83,84500
2015-12-14,4.78,4.83,4.78,4.8,79200
2015-12-15,4.76,4.83,4.71,4.83,59900
2015-12-16,4.83,4.99,4.78,4.85,97600
2015-12-17,4.85,4.92,4.83,4.92,469200
2015-12-18,4.88,4.88,4.52,4.83,143102
2015-12-21,4.71,4.73,4.4,4.73,340600
2015-12-22,4.52,4.59,4.35,4.47,377300
2015-12-23,4.3,4.38,3.81,4.23,569600
2015-12-24,4.0,4.71,3.81,4.66,1135600
2015-12-25,4.68,4.76,4.21,4.64,122574700
2015-12-28,4.8,4.85,4.57,4.85,1884100
2015-12-29,4.99,4.99,4.73,4.83,1055500
2015-12-30,4.76,5.11,4.59,5.11,5716150
2015-12-31,5.23,5.52,5.11,5.47,1996310
2016-01-04,5.59,5.59,5.11,5.33,4515450
2016-01-05,5.33,5.35,5.18,5.3,1693845
2016-01-06,5.28,5.71,5.28,5.68,1517316
2016-01-07,5.68,5.9,5.54,5.83,1717369
2016-01-08,5.78,5.83,5.66,5.78,1093280
2016-01-11,5.71,5.71,5.35,5.47,2196300
2016-01-12,5.47,5.61,5.33,5.54,817620
2016-01-13,5.47,5.61,5.47,5.56,1098024
2016-01-14,5.47,5.52,5.35,5.47,1583200
2016-01-15,5.47,5.49,5.42,5.47,534600
2016-01-18,5.35,5.37,5.18,5.35,1165082
2016-01-19,5.26,5.42,5.26,5.4,430000
2016-01-20,5.47,5.49,5.33,5.37,1278100
2016-01-21,5.4,5.59,5.35,5.59,814030
2016-01-22,5.61,5.85,5.61,5.83,1088160
2016-01-25,5.87,6.23,5.83,6.18,1299888
2016-01-26,5.95,6.28,5.95,6.06,946060
2016-01-27,6.14,6.23,5.99,6.09,852380
2016-01-28,6.09,6.09,5.85,5.9,728330
2016-01-29,5.87,5.87,5.73,5.8,986380
2016-02-01,5.83,5.83,5.64,5.66,740100
2016-02-02,5.61,5.71,5.52,5.64,1130300
2016-02-03,5.59,5.61,5.52,5.59,381100
2016-02-04,5.66,5.71,5.61,5.61,135400
2016-02-05,5.66,5.76,5.64,5.76,142900
2016-02-15,5.68,5.76,5.61,5.61,255708
2016-02-16,5.59,5.78,5.59,5.73,371000
2016-02-17,5.78,5.87,5.68,5.83,502800
2016-02-18,5.87,6.11,5.85,6.04,628848
2016-02-19,6.02,6.06,5.85,5.85,470100
2016-02-22,5.9,5.95,5.8,5.83,454800
2016-02-23,5.83,5.83,5.66,5.73,748210
2016-02-24,5.83,5.87,5.68,5.78,313800
2016-02-25,5.83,5.83,5.66,5.66,521700
2016-02-26,5.64,5.71,5.61,5.71,376900
2016-02-29,5.68,5.71,5.66,5.68,242300
2016-03-01,5.71,5.83,5.66,5.76,771600
2016-03-02,5.76,5.92,5.76,5.87,563500
2016-03-03,5.9,5.99,5.9,5.9,623700
2016-03-04,5.92,5.95,5.73,5.78,899600
2016-03-07,5.71,5.71,5.3,5.52,1282800
2016-03-08,5.52,5.64,5.52,5.54,534800
2016-03-09,5.49,5.64,5.49,5.61,395900
2016-03-10,5.59,5.71,5.56,5.71,537350
2016-03-11,5.68,5.68,5.64,5.64,337638
2016-03-14,5.64,5.68,5.59,5.68,379100
2016-03-15,5.64,5.76,5.61,5.71,208510
2016-03-16,5.71,5.73,5.64,5.66,227600
2016-03-17,5.68,5.8,5.66,5.78,537800
2016-03-18,5.8,5.85,5.71,5.76,261500
2016-03-21,5.78,5.8,5.76,5.76,272500
2016-03-22,5.78,5.95,5.78,5.87,1286900
2016-03-23,5.9,6.37,5.9,6.21,1660850
2016-03-24,6.42,6.49,6.21,6.3,1396650
2016-03-25,6.3,6.3,6.02,6.16,914230
2016-03-28,6.16,6.37,6.16,6.35,2003930
2016-03-29,6.54,6.54,6.35,6.4,2006390
2016-03-30,6.42,6.42,6.21,6.23,1137710
2016-03-31,6.28,6.28,6.04,6.06,1371400
2016-04-01,5.97,6.02,5.8,5.85,943700
2016-04-04,5.85,5.9,5.76,5.78,601100
2016-04-05,5.83,5.97,5.83,5.9,623200
2016-04-06,6.07,6.07,5.9,6.05,779200
2016-04-07,6.05,6.12,6.02,6.1,903820
2016-04-08,6.15,6.17,6.02,6.05,473500
2016-04-11,6.12,6.12,6.0,6.0,420500
2016-04-12,6.0,6.07,5.97,6.02,433400
2016-04-13,6.05,6.05,5.87,5.87,648000
2016-04-14,5.87,6.05,5.87,5.92,583568
2016-04-15,5.95,6.0,5.92,5.92,446700
2016-04-19,5.95,5.95,5.77,5.8,534600
2016-04-20,5.87,5.87,5.72,5.8,399800
2016-04-21,5.82,5.82,5.75,5.77,222220
2016-04-22,5.82,5.85,5.75,5.77,228700
2016-04-25,5.9,5.92,5.77,5.77,742700
2016-04-26,5.82,5.82,5.7,5.72,457410
2016-04-27,5.72,5.82,5.7,5.8,773710
2016-04-28,5.8,6.05,5.8,6.0,687610
2016-04-29,6.05,6.07,5.95,6.0,476710
2016-05-04,5.9,5.97,5.9,5.9,286270
2016-05-05,5.9,5.97,5.85,5.85,750300
2016-05-06,5.9,5.92,5.8,5.82,525000
2016-05-09,5.82,5.9,5.75,5.77,489330
2016-05-10,5.72,5.77,5.72,5.77,258800
2016-05-11,5.7,5.85,5.7,5.82,307660
2016-05-12,5.87,5.87,5.8,5.8,106540
2016-05-13,5.85,5.85,5.75,5.75,243600
2016-05-16,5.82,5.82,5.7,5.77,211400
2016-05-17,5.77,5.77,5.75,5.77,208610
2016-05-18,5.75,5.77,5.72,5.77,273900
2016-05-19,5.75,5.77,5.72,5.75,110000
2016-05-20,5.72,5.75,5.72,5.75,149500
2016-05-23,5.75,5.77,5.7,5.7,282970
2016-05-24,5.72,5.75,5.63,5.67,550900
2016-05-25,5.72,5.75,5.7,5.72,769600
2016-05-26,5.75,5.77,5.67,5.72,211100
2016-05-27,5.7,5.7,5.63,5.65,293600
2016-05-30,5.65,5.67,5.63,5.65,531050
2016-05-31,5.65,5.8,5.63,5.8,937000
2016-06-01,5.82,5.92,5.82,5.87,666000
2016-06-02,5.85,6.07,5.8,6.05,1271940
2016-06-03,6.07,6.2,6.07,6.1,1256700
2016-06-06,6.07,6.07,5.82,6.0,899500
2016-06-07,5.97,6.05,5.9,6.02,974500
2016-06-08,6.15,6.2,6.05,6.15,1736699
2016-06-09,6.15,6.2,6.05,6.07,1714600
2016-06-10,6.1,6.12,6.07,6.07,1159500
2016-06-13,6.1,6.1,5.95,5.95,907300
2016-06-14,5.95,6.17,5.95,6.1,1135600
2016-06-15,6.17,6.49,6.17,6.42,2481000
2016-06-16,6.44,6.62,6.37,6.39,2379794
2016-06-17,6.42,6.42,6.17,6.27,2596100
2016-06-20,6.29,6.29,6.15,6.24,1169432
2016-06-21,6.24,6.29,6.02,6.02,1866100
2016-06-22,6.05,6.15,6.05,6.1,1208350
2016-06-23,6.07,6.24,6.07,6.24,983800
2016-06-24,6.2,6.2,5.28,6.02,1793880
2016-06-27,5.97,5.97,5.8,5.97,652900
2016-06-28,5.9,6.0,5.9,5.95,532800
2016-06-29,5.95,6.07,5.95,6.05,743200
2016-06-30,6.05,6.15,6.05,6.07,949876
2016-07-01,6.1,6.15,6.02,6.07,586300
2016-07-04,6.07,6.12,6.05,6.1,685800
2016-07-05,6.07,6.07,5.97,5.97,849020
2016-07-06,5.97,6.0,5.92,5.95,405910
2016-07-07,5.97,6.17,5.92,6.12,1001100
2016-07-08,6.15,6.34,6.12,6.17,1351490
2016-07-11,6.17,6.17,6.0,6.0,644200
2016-07-12,6.02,6.07,5.97,6.05,470220
2016-07-13,6.05,6.15,6.05,6.12,1070510
2016-07-14,6.07,6.12,6.02,6.05,603060
2016-07-15,6.05,6.05,5.9,6.0,594710
2016-07-18,5.95,6.05,5.92,6.05,319908
2016-07-19,6.0,6.02,5.9,5.95,578300
2016-07-20,5.92,5.95,5.85,5.9,339800
2016-07-21,5.92,5.92,5.75,5.77,454970
2016-07-22,5.82,6.05,5.75,5.82,299000
2016-07-25,5.95,6.2,5.95,6.05,993120
2016-07-26,6.07,6.1,5.95,6.0,351020
2016-07-27,5.97,6.07,5.95,6.02,205116
2016-07-28,6.15,6.15,6.02,6.12,584970
2016-07-29,6.1,6.15,6.05,6.07,760800
2016-08-01,6.07,6.1,6.02,6.05,204728
2016-08-02,5.95,5.95,5.85,5.9,492500
2016-08-03,5.9,5.9,5.82,5.9,753400
2016-08-04,5.85,5.92,5.82,5.85,391600
2016-08-05,5.95,5.95,5.67,5.7,843700
2016-08-08,5.72,5.72,5.18,5.33,1604000
2016-08-09,5.35,5.63,5.33,5.63,518700
2016-08-10,5.58,5.8,5.58,5.8,411900
2016-08-11,5.75,5.75,5.65,5.7,483800
2016-08-12,5.6,5.75,5.53,5.53,521300
2016-08-15,5.67,5.67,5.5,5.53,178530
2016-08-16,5.53,5.95,5.45,5.6,453000
2016-08-17,5.58,5.7,5.58,5.58,221200
2016-08-18,5.58,5.6,5.53,5.55,140100
2016-08-19,5.53,5.55,5.43,5.45,189400
2016-08-22,5.45,5.55,5.3,5.33,142100
2016-08-23,5.33,5.4,5.3,5.4,464300
2016-08-24,5.38,5.53,5.38,5.38,185200
2016-08-25,5.43,5.45,5.35,5.38,173600
2016-08-26,5.38,5.45,5.35,5.4,210500
2016-08-29,5.43,5.43,5.33,5.38,334120
2016-08-30,5.38,5.43,5.35,5.38,206200
2016-08-31,5.38,5.82,5.38,5.7,1262900
2016-09-01,5.7,5.7,5.58,5.65,225000
2016-09-05,5.63,5.63,5.58,5.58,60800
2016-09-06,5.45,5.6,5.45,5.5,150500
2016-09-07,5.58,5.58,5.45,5.5,162900
2016-09-08,5.4,5.48,5.4,5.48,92400
2016-09-09,5.4,5.45,5.38,5.45,321751
2016-09-12,5.38,5.45,5.33,5.35,179300
2016-09-13,5.38,5.38,5.3,5.3,138300
2016-09-14,5.33,5.33,5.15,5.18,442400
2016-09-15,5.2,5.2,5.08,5.18,151100
2016-09-16,5.18,5.18,5.06,5.08,104400
2016-09-19,5.13,5.25,5.13,5.18,131100
2016-09-20,5.23,5.25,5.15,5.2,193400
2016-09-21,5.2,5.23,5.13,5.2,207500
2016-09-22,5.2,5.95,5.2,5.33,476000
2016-09-23,5.95,6.07,5.4,5.4,501200
2016-09-26,5.45,5.45,5.35,5.35,58400
2016-09-27,5.38,5.4,5.33,5.35,255600
2016-09-28,5.35,5.38,5.35,5.38,174200
2016-09-29,5.35,5.43,5.35,5.4,168300
2016-09-30,5.4,5.8,5.38,5.45,486600
2016-10-03,5.45,5.6,5.43,5.48,208500
2016-10-04,5.35,5.48,5.33,5.45,353000
2016-10-05,5.43,5.48,5.43,5.45,235900
2016-10-06,5.45,5.5,5.45,5.48,249500
2016-10-07,5.48,5.5,5.4,5.45,498000
2016-10-10,5.45,5.45,5.43,5.43,425200
2016-10-11,5.43,5.48,5.43,5.48,418800
2016-10-12,5.45,5.55,5.45,5.53,92100
2016-10-13,5.55,5.72,5.55,5.6,143400
2016-10-14,5.63,5.63,5.58,5.63,76500
2016-10-17,5.58,5.6,5.55,5.6,194100
2016-10-18,5.58,5.63,5.58,5.6,848100
2016-10-19,5.58,5.63,5.58,5.6,262100
2016-10-20,5.58,5.6,5.58,5.6,296300
2016-10-21,5.58,5.6,5.45,5.55,330800
2016-10-24,5.71,5.71,5.57,5.63,24000
2016-10-25,5.57,5.65,5.55,5.65,87700
2016-10-26,5.6,5.65,5.6,5.65,57600
2016-10-27,5.68,5.68,5.63,5.68,37300
2016-10-28,5.63,5.65,5.57,5.6,27530
2016-10-31,5.65,5.73,5.65,5.65,59800
2016-11-01,5.71,5.73,5.65,5.65,17000
2016-11-02,5.71,5.71,5.55,5.55,71600
2016-11-03,5.63,5.63,5.44,5.47,18500
2016-11-04,5.36,5.52,5.07,5.34,278910
2016-11-07,5.36,5.44,5.34,5.44,177900
2016-11-08,5.57,5.63,5.44,5.63,47700
2016-11-09,5.47,5.47,5.31,5.44,127712
2016-11-10,5.57,5.57,5.52,5.57,60800
2016-11-11,5.65,5.65,5.49,5.49,81600
2016-11-14,5.52,5.6,5.52,5.57,22800
2016-11-15,5.52,5.52,5.44,5.49,15300
2016-11-16,5.47,5.47,5.44,5.44,52900
2016-11-17,5.39,5.44,5.39,5.41,184800
2016-11-18,5.41,5.41,5.36,5.36,62900
2016-11-21,5.52,5.52,5.36,5.36,15200
2016-11-22,5.34,5.41,5.34,5.41,30308
2016-11-23,5.34,5.41,5.34,5.36,11002
2016-11-24,5.36,6.1,5.36,5.39,86200
2016-11-25,5.55,5.57,5.41,5.41,23900
2016-11-28,5.44,5.44,5.39,5.39,71500
2016-11-29,5.44,5.44,5.44,5.44,32000
2016-11-30,5.44,5.44,5.26,5.36,205300
2016-12-01,5.26,5.34,5.26,5.31,116000
2016-12-02,5.31,5.44,5.28,5.31,105200
2016-12-05,5.31,5.31,5.26,5.31,59625
2016-12-06,5.26,5.28,5.23,5.23,115900
2016-12-07,5.23,5.23,5.12,5.18,87700
2016-12-08,5.2,5.2,5.15,5.2,142100
2016-12-09,5.2,5.23,5.15,5.2,114855
2016-12-12,5.2,5.2,5.18,5.18,374500
2016-12-13,5.18,5.18,5.15,5.18,397100
2016-12-14,5.18,5.18,5.12,5.15,565800
2016-12-15,5.15,5.15,5.12,5.15,366900
2016-12-16,5.2,5.2,5.15,5.15,236400
2016-12-19,5.18,5.2,5.15,5.18,328700
2016-12-20,5.18,5.28,5.18,5.23,378300
2016-12-21,5.23,5.28,5.23,5.28,256420
2016-12-22,5.28,5.28,5.23,5.23,141015
2016-12-23,5.23,5.23,5.18,5.2,143000
2016-12-26,5.2,5.2,5.18,5.18,583500
2016-12-27,5.18,5.26,5.18,5.26,111810
2016-12-28,5.23,5.28,5.23,5.28,101000
2016-12-29,5.31,5.65,5.26,5.39,284500
2016-12-30,5.41,5.57,5.31,5.47,298800
2017-01-03,5.41,5.52,5.41,5.49,216100
2017-01-04,5.52,5.6,5.49,5.55,250120
2017-01-05,5.55,5.57,5.49,5.55,367700
2017-01-06,5.57,5.57,5.49,5.49,223400
2017-01-09,5.49,5.57,5.44,5.57,365403
2017-01-10,5.57,5.6,5.55,5.55,232707
2017-01-11,5.55,5.57,5.55,5.55,161800
2017-01-12,5.55,5.57,5.55,5.57,222700
2017-01-13,5.57,5.57,5.57,5.57,62620
2017-01-16,5.57,5.57,5.44,5.47,56900
2017-01-17,5.44,5.44,5.31,5.31,42200
2017-01-18,5.39,5.49,5.36,5.49,38000
2017-01-19,5.57,5.57,5.39,5.39,19500
2017-01-20,5.36,5.39,5.34,5.34,11500
2017-01-23,5.36,5.39,5.36,5.39,18510
2017-01-24,5.39,5.47,5.39,5.47,23200
2017-01-25,5.47,5.57,5.44,5.57,8900
2017-02-02,5.52,5.55,5.52,5.55,28800
2017-02-03,5.55,5.55,5.31,5.44,34200
2017-02-06,5.44,5.44,5.26,5.28,43700
2017-02-07,5.39,5.39,5.31,5.34,15947
2017-02-08,5.44,5.44,5.28,5.31,26100
2017-02-09,5.28,5.31,5.26,5.31,49407
2017-02-10,5.28,5.36,5.28,5.36,23533
2017-02-13,5.36,5.47,5.36,5.47,84535
2017-02-14,5.44,5.47,5.36,5.39,18400
2017-02-15,5.34,5.36,5.31,5.31,10200
2017-02-16,5.31,5.31,5.28,5.31,18300
2017-02-17,5.28,5.31,5.28,5.28,44200
2017-02-20,5.31,5.34,5.31,5.31,93400
2017-02-21,5.31,5.34,5.28,5.31,60700
2017-02-22,5.31,5.31,5.28,5.31,54900
2017-02-23,5.31,5.31,5.18,5.2,153200
2017-02-24,5.23,5.26,5.12,5.15,131100
2017-02-27,5.28,5.28,5.18,5.28,325400
2017-02-28,5.23,5.41,5.2,5.28,272252
2017-03-01,5.31,5.36,5.28,5.31,104320
2017-03-02,5.31,5.36,5.31,5.36,92315
2017-03-03,5.34,5.36,5.23,5.36,212445
2017-03-06,5.34,5.87,5.34,5.87,395800
2017-03-07,5.79,6.0,5.76,5.79,288155
2017-03-08,5.84,5.87,5.68,5.71,233210
2017-03-09,5.71,5.76,5.65,5.76,199487
2017-03-10,5.71,5.81,5.71,5.76,181710
2017-03-13,5.71,5.76,5.68,5.71,132420
2017-03-14,5.71,5.71,5.31,5.34,197100
2017-03-15,5.41,5.81,5.41,5.63,356110
2017-03-16,5.63,5.73,5.63,5.73,285465
2017-03-17,5.79,5.81,5.68,5.81,238760
2017-03-20,5.89,5.89,5.71,5.73,185400
2017-03-21,5.71,5.95,5.65,5.65,156717
2017-03-22,5.65,5.68,5.04,5.6,143100
2017-03-23,5.63,5.63,4.8,5.6,70760
2017-03-24,5.6,5.71,5.6,5.65,309289
2017-03-27,5.68,5.68,5.63,5.68,36750
2017-03-28,5.68,5.68,5.63,5.63,65020
2017-03-29,5.65,5.65,4.83,5.6,71300
2017-03-30,5.63,5.79,4.8,5.65,243041
2017-03-31,5.63,5.71,4.83,5.65,174622
2017-04-03,5.68,5.71,4.83,5.68,210800
2017-04-04,5.71,5.71,4.86,5.6,77210
2017-04-05,5.65,5.65,5.31,5.65,522350
2017-04-07,5.63,5.63,5.57,5.63,30600
2017-04-10,5.57,5.63,5.49,5.63,124960
2017-04-11,5.57,5.65,5.57,5.63,216240
2017-04-12,5.65,5.84,5.65,5.73,355410
2017-04-13,5.73,6.58,5.15,5.76,190890
2017-04-14,5.84,5.84,5.65,5.65,66700
2017-04-17,5.73,5.95,5.68,5.76,322050
2017-04-18,5.81,5.87,4.96,5.79,280000
2017-04-19,5.79,5.95,5.79,5.89,409710
2017-04-20,5.92,6.0,5.84,5.95,435150
2017-04-21,5.95,6.03,5.18,5.92,167510
2017-04-24,5.97,5.97,5.89,5.95,247450
2017-04-25,5.95,6.0,5.44,5.92,339760
2017-04-26,6.0,6.82,5.87,5.92,293560
2017-04-27,5.89,5.95,5.87,5.95,69900
2017-04-28,5.87,5.95,5.84,5.92,73460
2017-05-03,5.89,5.97,5.84,5.89,170960
2017-05-04,5.92,6.05,5.84,5.97,313300
2017-05-05,6.03,6.34,5.95,6.26,795760
2017-05-08,6.24,6.37,5.95,6.24,390803
2017-05-09,6.29,6.4,5.57,6.32,325610
2017-05-10,6.32,6.34,5.41,6.13,415507
2017-05-11,6.13,6.26,6.1,6.26,325143
2017-05-12,6.26,6.26,6.16,6.18,84787
2017-05-15,6.18,6.26,6.1,6.16,266900
2017-05-16,6.18,6.24,6.1,6.18,397800
2017-05-17,6.18,6.18,6.1,6.1,269400
2017-05-18,6.13,6.16,6.08,6.1,384100
2017-05-19,6.24,6.44,6.1,6.41,652480
2017-05-22,6.38,6.58,6.38,6.47,520870
2017-05-23,6.47,6.94,6.38,6.55,1397140
2017-05-24,6.55,6.66,6.3,6.33,129560
2017-05-25,6.35,6.35,6.3,6.33,129560
2017-05-26,6.33,6.35,6.22,6.3,259523
2017-05-29,6.27,6.38,6.24,6.24,89360
2017-05-30,6.24,6.27,6.22,6.22,223742
2017-05-31,6.38,6.94,6.16,6.19,99620
2017-06-01,6.19,6.22,6.08,6.13,284160
2017-06-02,6.16,6.16,6.08,6.13,129400
2017-06-05,6.08,6.22,6.08,6.16,268708
2017-06-06,6.19,6.33,6.16,6.3,440400
2017-06-07,6.33,6.33,6.22,6.22,372720
2017-06-08,6.38,6.38,6.16,6.19,462440
2017-06-09,6.22,6.27,6.22,6.24,237000
2017-06-12,6.24,6.24,6.19,6.22,157650
2017-06-13,6.19,6.22,6.19,6.22,108800
2017-06-14,6.19,6.22,6.16,6.22,270678
2017-06-15,6.22,6.24,6.19,6.24,205700
2017-06-16,6.24,6.24,6.16,6.22,74117
2017-06-19,6.19,6.24,6.16,6.19,284110
2017-06-20,6.19,6.19,6.13,6.16,400600
2017-06-21,6.16,7.08,6.16,6.22,59940
2017-06-22,6.24,6.38,6.22,6.3,322900
2017-06-23,6.33,6.35,6.24,6.33,411900
2017-06-26,6.3,6.38,6.3,6.38,158400
2017-06-27,6.41,6.6,6.38,6.49,753120
2017-06-28,6.49,6.55,6.41,6.41,388600
2017-06-29,6.69,6.69,6.38,6.52,424470
2017-06-30,6.41,6.49,6.38,6.49,355800
2017-07-03,6.08,6.58,6.05,6.47,318900
2017-07-04,7.27,7.27,6.6,6.6,372400
2017-07-05,6.7,6.7,6.48,6.51,520500
2017-07-06,6.48,6.57,6.45,6.48,411700
2017-07-07,6.48,6.51,6.45,6.51,495000
2017-07-10,6.48,6.48,6.29,6.35,343700
2017-07-11,6.29,6.32,6.22,6.29,393000
2017-07-12,6.32,6.51,6.32,6.38,48700
2017-07-13,6.41,6.41,6.32,6.32,128425
2017-07-14,6.32,6.35,6.25,6.32,67700
2017-07-17,6.29,6.32,6.25,6.25,342976
2017-07-18,6.25,6.25,6.19,6.19,88800
2017-07-19,6.19,6.32,6.16,6.16,127580
2017-07-20,6.19,6.19,6.09,6.19,82100
2017-07-21,6.09,6.22,6.06,6.19,94000
2017-07-24,6.38,7.05,6.06,6.06,204330
2017-07-25,6.16,6.19,6.09,6.16,176980
2017-07-26,6.19,6.19,6.13,6.16,45151
2017-07-27,6.16,6.16,6.13,6.16,210300
2017-07-28,6.19,6.19,6.16,6.16,240930
2017-07-31,6.16,6.19,6.16,6.19,525700
2017-08-01,6.16,6.19,6.16,6.16,437112
2017-08-02,6.13,6.13,6.09,6.13,51300
2017-08-03,6.13,6.22,6.13,6.13,115207
2017-08-04,6.19,6.19,6.13,6.16,70023
2017-08-07,6.16,6.16,6.13,6.16,87200
2017-08-08,6.13,6.19,6.09,6.09,89707
2017-08-09,6.09,6.09,6.0,6.06,284340
2017-08-10,6.06,6.09,6.03,6.09,113807
2017-08-11,6.06,6.09,6.0,6.06,117570
2017-08-14,6.0,6.13,6.0,6.03,393960
2017-08-15,6.13,6.16,6.03,6.06,43655
2017-08-16,6.06,6.09,6.0,6.03,66157
2017-08-17,6.0,6.09,6.0,6.0,114980
2017-08-18,6.96,6.96,6.0,6.06,157140
2017-08-21,6.06,6.06,6.0,6.03,73635
2017-08-22,6.03,6.16,6.03,6.03,83050
2017-08-23,6.03,6.09,6.03,6.06,16700
2017-08-24,6.03,6.03,6.0,6.03,8500
2017-08-25,6.0,6.03,6.0,6.0,12100
2017-08-28,6.06,6.7,5.93,6.29,666755
2017-08-29,6.32,6.41,6.16,6.29,657290
2017-08-30,6.29,6.32,6.22,6.25,699700
2017-08-31,6.22,6.25,6.19,6.19,1167485
2017-09-01,6.16,6.22,6.13,6.19,1154823
2017-09-05,6.16,6.22,6.16,6.16,1033100
2017-09-06,6.16,6.25,6.13,6.22,850300
2017-09-07,6.22,6.38,6.19,6.32,661792
2017-09-08,6.29,6.67,6.29,6.45,950033
2017-09-11,6.48,6.6,6.38,6.57,1295167
2017-09-12,6.54,6.96,6.54,6.89,1852524
2017-09-13,6.86,7.02,6.7,6.76,1201256
2017-09-14,6.67,6.7,6.57,6.6,211355
2017-09-15,6.54,6.83,6.48,6.67,1004018
2017-09-18,6.67,6.86,6.67,6.7,1845120
2017-09-19,6.76,7.02,6.73,6.92,1895377
2017-09-20,6.96,7.27,6.96,7.21,2213707
2017-09-21,7.27,7.43,7.24,7.34,1505773
2017-09-22,7.37,7.56,7.37,7.43,1943598
2017-09-25,7.43,7.59,7.18,7.27,795868
2017-09-26,7.08,7.27,7.08,7.15,318382
2017-09-27,7.12,7.15,6.99,7.02,618620
2017-09-28,7.05,7.05,6.96,6.99,735590
2017-09-29,6.99,6.99,6.89,6.96,507400
2017-10-02,6.96,7.5,6.96,7.24,985175
2017-10-03,7.27,7.5,7.24,7.27,2448310
2017-10-04,7.47,7.5,7.24,7.31,812254
2017-10-05,7.43,7.47,7.24,7.27,606845
2017-10-06,7.24,7.34,7.18,7.21,362500
2017-10-09,7.21,7.34,7.21,7.24,552420
2017-10-10,7.31,7.34,7.15,7.31,756223
2017-10-11,7.12,7.37,7.12,7.34,947010
2017-10-12,7.37,8.07,7.31,7.34,1703872
2017-10-13,7.43,7.43,7.31,7.34,485921
2017-10-16,7.34,7.5,7.31,7.31,590454
2017-10-17,7.31,7.34,7.24,7.24,272303
2017-10-18,7.31,7.43,7.08,7.21,571475
2017-10-19,7.18,7.24,7.18,7.18,98360
2017-10-20,7.24,7.27,7.08,7.08,381550
2017-10-23,7.15,7.21,6.89,6.92,798065
2017-10-24,7.02,7.18,6.99,7.12,429455
2017-10-25,7.12,7.18,7.02,7.08,394280
2017-10-26,7.12,7.12,6.96,6.96,195928
2017-10-27,7.05,7.18,6.96,7.12,572650
2017-10-30,7.15,7.15,6.96,7.02,231022
2017-10-31,6.92,7.02,6.89,6.96,208020
2017-11-01,6.96,7.08,6.89,6.89,251150
2017-11-02,6.89,7.02,6.8,6.83,254765
2017-11-03,6.8,6.83,6.57,6.7,789967
2017-11-06,6.73,6.96,6.73,6.86,272645
2017-11-07,6.89,7.02,6.86,6.96,440200
2017-11-08,6.73,6.99,6.7,6.7,530322
2017-11-09,6.89,6.89,6.54,6.54,307224
2017-11-10,6.8,6.8,6.67,6.73,112660
2017-11-13,6.67,6.83,6.64,6.64,51000
2017-11-14,6.7,6.76,6.64,6.67,47792
2017-11-15,6.7,6.86,6.7,6.76,278821
2017-11-16,6.83,7.02,6.76,6.89,275624
2017-11-17,6.92,6.99,6.51,6.86,161255
2017-11-20,6.96,7.02,6.8,6.96,505995
2017-11-21,6.92,7.34,6.92,7.24,1521296
2017-11-22,7.21,7.47,7.15,7.31,3314005
2017-11-23,7.34,7.53,7.31,7.31,500935
2017-11-24,7.34,7.43,7.21,7.24,565515
2017-11-27,7.24,7.37,7.05,7.34,2456622
2017-11-28,7.34,7.4,7.24,7.37,2735671
2017-11-29,7.4,7.63,7.31,7.53,2903644
2017-11-30,7.59,7.91,7.53,7.69,1988019
2017-12-01,7.75,8.04,7.72,8.01,2306489
2017-12-04,7.98,8.39,7.98,8.07,3408034
2017-12-05,8.14,8.23,7.88,7.88,2303370
2017-12-06,7.91,7.91,7.59,7.66,2294250
2017-12-07,7.75,7.91,7.72,7.75,1404400
2017-12-08,7.75,7.79,7.69,7.72,1015875
2017-12-11,7.69,7.85,7.59,7.69,1601655
2017-12-12,7.69,7.79,7.5,7.66,1566340
2017-12-13,7.66,7.72,7.5,7.56,1361590
2017-12-14,7.59,7.66,7.56,7.63,721946
2017-12-15,7.63,7.91,7.59,7.75,1287805
2017-12-18,7.75,7.82,7.72,7.79,955300
2017-12-19,7.82,7.91,7.75,7.88,1156815
2017-12-20,7.85,8.36,7.85,8.26,2585570
2017-12-21,8.3,8.36,8.2,8.2,1018355
2017-12-22,8.17,8.17,7.91,8.07,1790950
2017-12-25,8.07,8.14,7.66,7.88,1312120
2017-12-26,7.91,8.1,7.82,7.82,1734391
2017-12-27,7.91,8.07,7.59,7.69,1603754
2017-12-28,7.72,7.88,7.63,7.85,1639740
2017-12-29,7.94,8.26,7.94,8.01,2547746
2018-01-02,8.14,8.26,8.1,8.26,885550
2018-01-03,8.3,8.68,8.2,8.62,2070135
2018-01-04,8.87,9.09,8.62,9.03,1931289
2018-01-05,9.03,9.09,8.71,8.81,1671470
2018-01-08,8.84,8.84,8.58,8.77,2278527
2018-01-09,8.71,9.03,8.71,9.0,1596165
2018-01-10,9.0,9.73,8.97,9.67,2687395
2018-01-11,9.57,9.8,9.41,9.8,2738703
2018-01-12,9.8,10.47,9.7,10.15,5149666
2018-01-18,9.6,9.6,9.6,9.6,31140
2018-01-19,10.27,10.27,10.27,10.27,91830
2018-01-22,10.99,10.99,10.72,10.99,3619740
2018-01-23,10.99,10.99,10.99,10.99,0
2018-01-24,10.99,10.99,10.99,10.99,0
2018-01-25,11.17,11.36,10.5,10.82,2264840
2018-01-26,10.82,10.82,10.21,10.37,2515140
2018-01-29,10.27,10.37,9.99,9.99,1873480
2018-01-30,9.96,9.99,9.7,9.73,1469010
2018-01-31,9.73,10.4,9.73,10.11,1380700
2018-02-01,9.96,10.21,9.73,9.76,924090
2018-02-02,9.83,9.83,9.57,9.72,1011970
2018-02-05,9.72,9.72,9.05,9.05,1560570
2018-02-06,8.42,9.09,8.42,9.05,4346230
2018-02-07,9.51,9.51,9.13,9.35,825060
2018-02-08,9.25,9.57,9.01,9.29,715180
2018-02-09,9.06,9.64,8.81,9.64,966160
2018-02-12,9.67,9.8,9.51,9.73,509950
2018-02-13,9.76,10.05,9.73,9.89,343770
2018-02-21,10.37,10.37,9.76,10.05,249530
2018-02-22,9.92,10.21,9.89,10.02,934440
2018-02-23,10.02,10.1,10.02,10.08,617110
2018-02-26,10.43,10.43,10.15,10.21,726590
2018-02-27,10.21,10.26,10.08,10.18,557360
2018-02-28,10.18,10.21,10.1,10.1,743520
2018-03-01,10.18,10.34,10.08,10.34,1127400
2018-03-02,10.34,11.01,10.24,11.01,1447690
2018-03-05,11.04,11.33,10.82,10.82,1710930
2018-03-06,10.91,11.36,10.82,11.3,1751220
2018-03-07,11.17,11.33,11.14,11.33,1741430
2018-03-08,11.33,11.49,11.33,11.36,1415170
2018-03-09,11.45,11.58,11.38,11.45,1661360
2018-03-12,11.49,11.65,11.39,11.45,1002350
2018-03-13,11.42,11.45,11.17,11.25,1470480
2018-03-14,11.25,11.33,10.91,11.09,733010
2018-03-15,11.01,11.55,11.01,11.49,682530
2018-03-16,11.58,11.58,11.42,11.42,417320
2018-03-19,11.49,11.55,11.17,11.34,528820
2018-03-20,11.3,11.3,11.17,11.17,374790
2018-03-21,11.17,11.34,10.98,11.2,570290
2018-03-22,11.17,11.23,11.01,11.04,498680
2018-03-23,10.85,11.2,10.85,11.17,876410
2018-03-26,11.17,11.33,11.04,11.17,309370
2018-03-27,11.26,11.26,11.12,11.12,209200
2018-03-28,11.14,11.17,11.09,11.17,282460
2018-03-29,11.17,11.23,11.17,11.22,472110
2018-03-30,11.3,11.74,11.26,11.57,1997780
2018-04-02,11.68,11.77,11.57,11.73,862920
2018-04-03,11.77,11.93,11.73,11.77,1115590
2018-04-04,11.81,12.41,11.77,12.35,1504140
2018-04-05,12.41,12.78,12.41,12.6,1292710
2018-04-06,12.79,12.79,12.54,12.57,883370
2018-04-09,12.57,12.79,12.57,12.68,1277970
2018-04-10,12.7,12.76,11.81,12.28,1420250
2018-04-11,12.28,12.32,11.77,11.81,1044360
2018-04-12,11.97,12.11,11.68,12.05,650700
2018-04-13,12.22,12.22,12.06,12.12,587900
2018-04-16,12.19,12.44,11.81,12.36,479820
2018-04-17,12.6,12.6,12.4,12.48,362500
2018-04-18,12.54,12.54,12.38,12.38,403280
2018-04-19,12.28,12.44,11.61,11.9,487740
2018-04-20,11.81,12.22,11.81,12.22,222300
2018-04-23,12.22,12.28,11.87,11.87,523020
2018-04-24,11.68,11.93,11.58,11.81,232120
2018-04-26,11.81,11.81,11.36,11.36,366950
2018-04-27,11.36,11.77,11.33,11.74,368160
2018-05-02,11.74,12.0,11.65,11.74,151080
2018-05-03,11.74,11.81,10.93,11.71,290330
2018-05-04,11.9,11.9,11.23,11.23,294710
2018-05-07,11.23,11.49,11.04,11.42,256180
2018-05-08,11.58,11.58,11.36,11.39,209900
2018-05-09,11.26,11.39,11.1,11.17,316100
2018-05-10,11.04,11.17,10.91,11.01,351790
2018-05-11,11.1,11.49,10.88,11.49,303130
2018-05-14,11.49,11.58,11.26,11.52,407610
2018-05-15,11.52,11.87,11.52,11.55,317200
2018-05-16,11.49,11.49,11.23,11.31,639380
2018-05-17,11.49,11.49,11.25,11.28,348470
2018-05-18,11.39,11.49,11.23,11.49,651650
2018-05-21,11.49,11.52,11.36,11.39,430600
2018-05-22,11.39,11.39,10.98,10.98,591330
2018-05-23,11.01,11.07,10.85,10.98,417310
2018-05-24,10.98,10.99,10.91,10.94,240540
2018-05-25,10.91,10.94,10.21,10.21,680810
2018-05-28,10.21,10.85,9.51,9.51,1152840
2018-05-29,9.57,10.05,9.57,9.97,159430
2018-05-30,10.11,10.11,9.7,9.8,184680
2018-05-31,9.76,10.47,9.76,10.43,545560
2018-06-01,10.37,10.47,10.27,10.4,724650
2018-06-04,10.5,11.07,10.47,10.91,184180
2018-06-05,11.17,11.26,10.85,10.99,148850
2018-06-06,10.91,11.04,10.91,10.99,123130
2018-06-07,11.01,11.1,10.64,10.85,161730
2018-06-08,10.85,10.86,10.53,10.85,255060
2018-06-11,10.82,10.83,10.66,10.72,106630
2018-06-12,10.75,10.94,10.53,10.82,376710
2018-06-13,10.94,11.01,10.78,10.82,688550
2018-06-14,10.94,10.94,10.63,10.63,430390
2018-06-15,10.53,10.75,10.4,10.47,228850
2018-06-18,10.47,10.53,9.92,10.18,211790
2018-06-19,10.31,10.31,9.92,10.02,380300
2018-06-20,10.05,10.26,10.05,10.21,309380
2018-06-21,10.24,10.5,10.08,10.31,135840
2018-06-22,10.51,10.53,10.18,10.53,113690
2018-06-25,10.53,10.69,10.24,10.4,248570
2018-06-26,10.31,10.4,10.08,10.21,175560
2018-06-27,10.21,10.4,10.18,10.21,132070
2018-06-28,10.11,10.21,9.92,10.21,28570
2018-06-29,10.21,10.72,10.18,10.72,783370
2018-07-02,10.72,10.72,10.11,10.24,93860
2018-07-03,9.94,9.99,9.8,9.8,588670
2018-07-04,9.89,10.43,9.48,9.89,174300
2018-07-05,9.89,9.89,9.4,9.57,310020
2018-07-06,9.57,9.92,9.38,9.89,146640
2018-07-09,9.89,9.92,9.86,9.89,84290
2018-07-10,9.89,10.21,9.8,9.8,145460
2018-07-11,9.86,9.86,9.51,9.73,104660
2018-07-12,9.89,9.89,9.54,9.76,128430
2018-07-13,9.76,10.07,9.64,9.99,167820
2018-07-16,9.99,10.53,9.89,9.99,118040
2018-07-17,9.86,10.15,9.41,10.15,249100
2018-07-18,10.15,10.18,10.07,10.11,255590
2018-07-19,10.11,10.21,10.05,10.21,208010
2018-07-20,10.21,10.21,10.05,10.11,154880
2018-07-23,10.11,10.34,10.05,10.11,197280
2018-07-24,10.11,10.37,10.11,10.21,1014800
2018-07-25,10.21,10.82,10.21,10.5,1582200
2018-07-26,10.43,10.93,10.37,10.85,2414690
2018-07-27,10.78,11.01,10.78,10.98,2447830
2018-07-30,10.91,10.98,10.78,10.85,1706220
2018-07-31,10.82,10.94,10.78,10.82,1859190
2018-08-01,10.72,11.01,10.72,10.85,3151920
2018-08-02,10.88,11.01,10.78,10.85,3936230
2018-08-03,10.94,11.33,10.85,11.3,4424990
2018-08-06,11.33,11.57,11.31,11.42,4301200
2018-08-07,11.39,11.49,11.23,11.3,3281740
2018-08-08,11.2,11.41,11.1,11.33,3019720
2018-08-09,11.36,11.45,11.26,11.26,2234450
2018-08-10,11.23,11.3,11.14,11.3,2446530
2018-08-13,11.33,11.61,11.23,11.61,4204550
2018-08-14,11.61,11.73,11.55,11.57,3542270
2018-08-15,11.49,11.55,10.91,10.91,2366340
2018-08-16,10.96,11.52,10.93,11.24,1908120
2018-08-17,11.2,12.01,11.18,11.87,6307620
2018-08-20,11.87,12.31,11.87,12.07,5132040
2018-08-21,12.03,12.23,11.93,11.93,3380390
2018-08-22,11.85,11.89,11.6,11.64,3701610
2018-08-23,11.6,11.91,11.6,11.75,3637330
2018-08-24,11.77,12.03,11.73,12.03,3813530
2018-08-27,11.97,12.07,11.77,11.81,2602540
2018-08-28,11.81,11.89,11.54,11.54,2360930
2018-08-29,11.54,11.62,11.42,11.48,1949560
2018-08-30,11.52,11.58,11.38,11.44,2185880
2018-08-31,11.52,11.62,11.4,11.44,2240470
2018-09-04,11.52,11.56,11.06,11.08,2258040
2018-09-05,11.1,11.22,10.89,10.89,3232620
2018-09-06,10.89,11.06,10.77,10.79,2314810
2018-09-07,10.75,11.0,10.75,10.98,3050530
2018-09-10,11.0,11.38,10.91,11.36,5382350
2018-09-11,11.38,11.64,11.24,11.52,4524160
2018-09-12,11.44,11.58,11.44,11.44,2990230
2018-09-13,11.46,11.48,11.24,11.4,2819020
2018-09-14,11.4,11.52,11.28,11.28,2565390
2018-09-17,11.32,11.32,11.22,11.26,2128590
2018-09-18,11.28,11.44,11.24,11.4,2590370
2018-09-19,11.46,11.56,11.36,11.44,1733920
2018-09-20,11.44,11.48,11.24,11.24,1885740
2018-09-21,11.24,11.34,10.96,10.96,3195190
2018-09-24,11.04,11.12,10.94,11.0,2168630
2018-09-25,11.02,11.02,10.91,11.0,1701130
2018-09-26,11.0,11.14,10.94,11.08,1801070
2018-09-27,11.08,11.44,11.08,11.44,2831330
2018-09-28,11.44,11.5,11.32,11.34,2342430
2018-10-01,11.32,11.36,11.2,11.28,1920970
2018-10-02,11.28,11.32,11.12,11.22,1624190
2018-10-03,11.24,11.32,11.18,11.22,1421510
2018-10-04,11.26,11.64,11.22,11.64,5816960
2018-10-05,11.64,11.71,11.5,11.56,3200770
2018-10-08,11.4,11.58,11.12,11.44,2405150
2018-10-09,11.44,11.44,11.12,11.14,2920620
2018-10-10,11.2,11.24,11.1,11.22,2200440
2018-10-11,10.85,10.96,10.45,10.45,2477890
2018-10-12,10.29,10.85,10.29,10.81,2192060
2018-10-15,10.81,10.81,10.53,10.57,1090650
2018-10-16,10.65,10.73,10.59,10.67,1010570
2018-10-17,10.77,10.89,10.67,10.73,1172110
2018-10-18,10.65,10.73,10.53,10.53,1026780
2018-10-19,10.49,10.57,10.45,10.57,598720
2018-10-22,10.65,10.65,10.41,10.53,800190
2018-10-23,10.53,10.53,10.18,10.25,800960
2018-10-24,10.41,10.41,10.06,10.06,688290
2018-10-25,9.66,9.94,9.47,9.82,1527060
2018-10-26,9.9,10.02,9.56,9.66,1138670
2018-10-29,9.66,9.74,9.58,9.66,1036230
2018-10-30,9.66,9.74,9.58,9.66,1462760
2018-10-31,9.7,10.1,9.7,10.06,1940290
2018-11-01,10.08,10.41,10.06,10.33,2066350
2018-11-02,10.37,10.53,10.22,10.41,1208130
2018-11-05,10.41,10.41,10.22,10.25,696250
2018-11-06,10.41,10.41,10.14,10.18,903730
2018-11-07,10.25,10.25,10.06,10.18,991110
2018-11-08,10.25,10.37,10.14,10.25,1150920
2018-11-09,10.25,10.25,10.1,10.18,783500
2018-11-12,10.18,10.22,9.98,10.22,785620
2018-11-13,10.1,10.14,9.94,10.14,584770
2018-11-14,10.18,10.25,9.9,10.06,623820
2018-11-15,10.06,10.06,9.7,9.78,1249810
2018-11-16,9.82,9.98,9.6,9.86,751600
2018-11-19,9.9,10.02,9.78,9.96,699550
2018-11-20,9.96,10.25,9.94,10.1,1300320
2018-11-21,9.98,10.29,9.98,10.29,1434110
2018-11-22,10.33,10.33,10.2,10.25,1102630
2018-11-23,10.25,10.25,10.1,10.1,1077780
2018-11-26,10.1,10.1,9.94,10.1,674230
2018-11-27,10.1,10.1,9.96,10.1,691620
2018-11-28,10.02,10.1,9.98,10.1,637440
2018-11-29,10.14,10.18,9.98,10.06,757260
2018-11-30,10.06,10.06,9.86,9.98,541460
2018-12-03,10.02,10.18,9.96,10.06,1196530
2018-12-04,10.1,10.12,10.0,10.12,1246150
2018-12-05,10.06,10.41,10.0,10.27,2075700
2018-12-06,10.25,10.29,10.14,10.14,965110
2018-12-07,10.18,10.25,10.06,10.14,1110350
2018-12-10,10.14,10.14,10.0,10.0,1128410
2018-12-11,10.04,10.1,9.9,9.98,1817500
2018-12-12,10.02,10.06,9.9,10.04,1702730
2018-12-13,10.1,10.14,9.9,10.04,1402980
2018-12-14,10.04,10.06,9.9,9.92,1277390
2018-12-17,10.04,10.16,9.94,9.94,3550350
2018-12-18,9.94,9.96,9.7,9.74,2613490
2018-12-19,9.78,9.82,9.19,9.23,1719220
2018-12-20,9.27,9.31,8.82,9.23,1633110
2018-12-21,9.23,9.23,8.76,9.23,10166390
2018-12-24,9.23,9.23,8.87,8.87,806180
2018-12-25,8.64,9.27,8.36,9.27,1876480
2018-12-26,8.76,8.99,8.76,8.95,636440
2018-12-27,9.03,9.03,8.78,8.95,620420
2018-12-28,8.97,8.97,8.74,8.74,493650
2019-01-02,8.74,8.8,8.44,8.62,988870
2019-01-03,8.62,8.62,8.03,8.03,1757600
2019-01-04,8.03,8.22,8.01,8.18,972370
2019-01-07,8.4,8.4,8.22,8.32,1032880
2019-01-08,8.32,8.36,8.26,8.28,925970
2019-01-09,8.28,8.46,8.26,8.38,1190830
2019-01-10,8.4,8.6,8.38,8.52,1623560
2019-01-11,8.56,8.68,8.52,8.62,1441350
2019-01-14,8.64,8.64,8.48,8.54,934390
2019-01-15,8.52,8.6,8.44,8.56,1252850
2019-01-16,8.56,8.64,8.52,8.54,1130850
2019-01-17,8.58,8.58,8.5,8.52,953600
2019-01-18,8.58,8.58,8.48,8.52,592390
2019-01-21,8.48,8.62,8.46,8.56,741380
2019-01-22,8.56,8.56,8.42,8.48,696970
2019-01-23,8.48,8.52,8.44,8.48,414700
2019-01-24,8.58,8.68,8.48,8.64,1309650
2019-01-25,8.66,8.66,8.54,8.62,714110
2019-01-28,8.66,8.66,8.56,8.58,411410
2019-01-29,8.62,8.62,8.46,8.58,602220
2019-01-30,8.56,8.56,8.48,8.48,663300
2019-01-31,8.56,8.58,8.48,8.52,510730
2019-02-01,8.6,8.64,8.42,8.64,869620
2019-02-11,8.72,8.8,8.64,8.74,983160
2019-02-12,8.76,8.99,8.74,8.91,1693030
2019-02-13,8.91,9.07,8.89,9.05,1788020
2019-02-14,9.05,9.15,8.97,9.07,2624490
2019-02-15,9.07,9.11,8.91,9.07,1264400
2019-02-18,9.09,9.41,9.07,9.37,2669220
2019-02-19,9.41,9.45,9.23,9.33,2635270
2019-02-20,9.33,9.37,9.29,9.37,2415070
2019-02-21,9.31,9.37,9.27,9.31,1961830
2019-02-22,9.31,9.35,9.23,9.33,1150500
2019-02-25,9.35,9.41,9.33,9.41,2931140
2019-02-26,9.41,9.76,9.39,9.74,5313900
2019-02-27,9.78,10.06,9.76,9.94,3171550
2019-02-28,9.96,9.96,9.66,9.72,2568260
2019-03-01,9.72,9.78,9.7,9.74,2399350
2019-03-04,9.74,9.74,9.45,9.58,3283860
2019-03-05,9.6,9.6,9.39,9.47,2414190
2019-03-06,9.47,9.51,9.35,9.51,1743980
2019-03-07,9.54,9.54,9.41,9.43,1748240
2019-03-08,9.43,9.43,9.21,9.21,1439160
2019-03-11,9.25,9.27,9.05,9.11,1040290
2019-03-12,9.15,9.33,9.13,9.29,999770
2019-03-13,9.33,9.35,9.23,9.25,929050
2019-03-14,9.27,9.41,9.25,9.37,859290
2019-03-15,9.35,9.37,9.25,9.25,1050650
2019-03-18,9.27,9.35,9.25,9.27,726570
2019-03-19,9.27,9.29,9.15,9.19,633550
2019-03-20,9.27,9.27,9.07,9.19,592140
2019-03-21,9.19,9.21,8.99,8.99,573050
2019-03-22,8.99,9.03,8.83,8.99,881540
2019-03-25,8.83,8.93,8.8,8.87,642780
2019-03-26,8.91,8.99,8.85,8.93,685810
2019-03-27,8.99,9.07,8.91,9.03,656120
2019-03-28,9.03,9.07,8.91,9.07,589300
2019-03-29,9.11,9.11,9.05,9.11,515270
2019-04-01,9.15,9.15,9.05,9.07,576900
2019-04-02,9.11,9.13,9.05,9.09,629610
2019-04-03,9.07,9.11,9.03,9.11,631210
2019-04-04,9.11,9.15,9.07,9.13,1031890
2019-04-05,9.13,9.39,9.11,9.39,2223370
2019-04-08,9.39,9.43,9.31,9.35,1197180
2019-04-09,9.33,9.33,9.15,9.25,1106690
2019-04-10,9.19,9.19,8.95,8.95,1031490
2019-04-11,8.93,8.99,8.87,8.91,504990
2019-04-12,8.89,8.93,8.8,8.89,461070
2019-04-16,8.87,8.87,8.76,8.87,250320
2019-04-17,8.87,8.91,8.76,8.76,1084370
2019-04-18,8.76,8.8,8.6,8.68,778740
2019-04-19,8.8,8.83,8.76,8.8,243290
2019-04-22,8.8,8.83,8.72,8.8,312970
2019-04-23,8.83,8.83,8.66,8.8,495480
2019-04-24,8.76,8.83,8.74,8.8,341160
2019-04-25,8.83,8.87,8.76,8.8,368530
2019-04-26,8.72,8.83,8.72,8.8,368150
2019-05-02,8.82,8.82,8.72,8.8,267860
2019-05-03,8.76,8.87,8.7,8.87,757850
2019-05-06,8.83,9.13,8.8,8.95,456300
2019-05-07,8.99,9.03,8.72,8.87,495640
2019-05-08,8.76,8.8,8.64,8.8,443280
2019-05-09,8.76,8.78,8.52,8.78,574300
2019-05-10,8.78,8.8,8.62,8.8,289610
2019-05-13,8.8,8.8,8.62,8.78,1008210
2019-05-14,8.72,8.74,8.64,8.74,435780
2019-05-15,8.74,8.83,8.68,8.83,1238790
2019-05-16,8.95,8.95,8.76,8.8,670340
2019-05-17,8.8,8.83,8.72,8.83,800860
2019-05-20,8.83,9.03,8.76,9.03,1813900
2019-05-21,9.07,9.07,8.93,9.01,677490
2019-05-22,9.03,9.03,8.89,8.91,646960
2019-05-23,8.87,8.93,8.76,8.93,983170
2019-05-24,8.91,8.91,8.78,8.87,778120
2019-05-27,8.83,8.83,8.76,8.8,501730
2019-05-28,8.8,8.99,8.66,8.99,1657040
2019-05-29,8.95,8.95,8.82,8.87,1074280
2019-05-30,8.87,8.95,8.83,8.89,630470
2019-05-31,8.89,8.89,8.82,8.82,880510
2019-06-03,8.82,8.82,8.66,8.8,624920
2019-06-04,8.76,8.85,8.72,8.85,396550
2019-06-05,8.89,8.89,8.82,8.85,192290
2019-06-06,8.83,8.83,8.74,8.8,466020
2019-06-07,8.82,8.82,8.74,8.76,304500
2019-06-10,8.87,8.89,8.82,8.87,795940
2019-06-11,8.87,8.91,8.83,8.89,564790
2019-06-12,8.91,8.91,8.85,8.89,414970
2019-06-13,8.87,8.89,8.82,8.83,372490
2019-06-14,8.87,8.87,8.82,8.83,351650
2019-06-17,8.87,8.87,8.72,8.8,343130
2019-06-18,8.8,8.8,8.68,8.68,401360
2019-06-19,8.78,8.78,8.64,8.68,396890
2019-06-20,8.68,8.8,8.66,8.76,385460
2019-06-21,8.83,8.83,8.48,8.48,1472920
2019-06-24,8.6,8.72,8.48,8.72,405770
2019-06-25,8.68,8.72,8.56,8.68,393510
2019-06-26,8.68,8.76,8.6,8.72,872160
2019-06-27,8.76,8.76,8.48,8.48,404420
2019-06-28,8.56,8.68,8.44,8.68,407730
2019-07-01,8.68,8.72,8.54,8.56,436630
2019-07-02,8.66,8.66,8.5,8.52,259900
2019-07-03,8.52,8.58,8.5,8.56,289810
2019-07-04,8.64,8.64,8.52,8.56,260870
2019-07-05,8.56,8.56,8.42,8.48,591400
2019-07-08,8.46,8.48,8.28,8.48,430490
2019-07-09,8.48,8.48,8.36,8.48,251250
2019-07-10,8.48,8.52,8.34,8.52,787030
2019-07-11,8.48,8.5,8.42,8.5,203240
2019-07-12,8.5,8.52,8.4,8.46,367120
2019-07-15,8.4,8.52,8.32,8.52,469520
2019-07-16,8.52,8.52,8.42,8.5,284050
2019-07-17,8.5,8.5,8.4,8.48,344440
2019-07-18,8.48,8.5,8.4,8.5,806950
2019-07-19,8.42,8.54,8.38,8.54,812330
2019-07-22,8.52,8.56,8.4,8.48,644020
2019-07-23,8.48,8.52,8.4,8.52,937080
2019-07-24,8.52,8.76,8.48,8.76,1493840
2019-07-25,8.76,8.91,8.7,8.91,1461640
2019-07-26,8.91,8.93,8.82,8.87,832320
2019-07-29,8.87,8.91,8.8,8.83,748230
2019-07-30,8.83,8.89,8.82,8.83,1249460
2019-07-31,8.87,8.91,8.83,8.89,1131360
2019-08-01,8.95,8.95,8.87,8.95,536590
2019-08-02,8.91,8.95,8.85,8.95,614320
2019-08-05,8.95,9.15,8.91,9.11,1335090
2019-08-06,9.07,9.11,8.99,9.07,712190
2019-08-07,9.13,9.13,9.07,9.11,593130
2019-08-08,9.11,9.11,9.03,9.11,707180
2019-08-09,9.11,9.23,9.11,9.17,730470
2019-08-12,9.23,9.23,9.15,9.17,424840
2019-08-13,9.31,9.31,9.03,9.07,605130
2019-08-14,9.07,9.11,9.03,9.07,624830
2019-08-15,8.95,9.05,8.87,9.05,610450
2019-08-16,9.3,9.3,9.16,9.16,764910
2019-08-19,9.32,9.32,9.09,9.16,487940
2019-08-20,9.16,9.16,9.05,9.12,544240
2019-08-21,9.12,9.14,9.07,9.09,289930
2019-08-22,9.18,9.18,8.98,9.09,384880
2019-08-23,9.07,9.09,8.93,8.98,274070
2019-08-26,9.03,9.03,8.73,8.98,452950
2019-08-27,8.98,9.07,8.84,9.07,861120
2019-08-28,8.98,9.14,8.98,9.14,326670
2019-08-29,9.12,9.41,9.12,9.37,592070
2019-08-30,9.5,9.5,9.41,9.46,568320
2019-09-03,9.46,9.48,9.37,9.37,675500
2019-09-04,9.37,9.46,9.34,9.39,839600
2019-09-05,9.39,9.46,9.39,9.41,483800
2019-09-06,9.48,9.5,9.41,9.46,978900
2019-09-09,9.48,9.52,9.43,9.52,1050800
2019-09-10,9.52,9.75,9.52,9.75,1039270
2019-09-11,9.77,9.98,9.77,9.93,1241490
2019-09-12,9.98,10.02,9.93,9.98,871490
2019-09-13,10.11,10.41,10.0,10.41,1329380
2019-09-16,10.39,10.39,10.23,10.25,592840
2019-09-17,10.3,10.3,10.11,10.2,661770
2019-09-18,10.14,10.25,10.14,10.18,304130
2019-09-19,10.18,10.27,10.16,10.18,305420
2019-09-20,10.25,10.3,10.2,10.25,385260
2019-09-23,10.3,10.3,10.11,10.11,265140
2019-09-24,10.11,10.16,10.02,10.02,402070
2019-09-25,10.07,10.07,9.98,10.02,298830
2019-09-26,10.02,10.11,10.02,10.07,145560
2019-09-27,10.11,10.32,10.11,10.3,830130
2019-09-30,10.41,10.41,10.23,10.27,275330
2019-10-01,10.25,10.3,10.02,10.11,526100
2019-10-02,10.07,10.2,9.98,9.98,360370
2019-10-03,9.98,9.98,9.8,9.96,297220
2019-10-04,10.09,10.09,9.98,10.02,204260
2019-10-07,10.05,10.07,9.84,10.07,578400
2019-10-08,10.07,10.11,9.98,10.07,181530
2019-10-09,10.07,10.09,9.93,9.98,366300
2019-10-10,9.93,10.07,9.93,9.98,348110
2019-10-11,10.0,10.2,9.93,9.93,508320
2019-10-14,9.98,10.0,9.91,10.0,360090
2019-10-15,9.91,10.02,9.91,9.98,216710
2019-10-16,9.98,9.98,9.75,9.8,265370
2019-10-17,9.75,9.75,9.46,9.66,845540
2019-10-18,9.57,9.66,9.43,9.55,228870
2019-10-21,9.55,9.75,9.46,9.55,192070
2019-10-22,9.55,9.57,9.32,9.43,409110
2019-10-23,9.43,9.5,9.37,9.43,208450
2019-10-24,9.43,9.48,9.37,9.48,286080
2019-10-25,9.52,9.52,9.41,9.48,269380
2019-10-28,9.48,9.48,9.25,9.43,188150
2019-10-29,9.43,9.43,9.16,9.43,684830
2019-10-30,9.39,9.75,9.32,9.75,551920
2019-10-31,9.66,9.66,9.43,9.52,170700
2019-11-01,9.52,9.57,9.41,9.52,303850
2019-11-04,9.52,9.52,9.37,9.5,668600
2019-11-05,9.5,9.5,9.39,9.48,167110
2019-11-06,9.48,9.5,9.41,9.5,580710
2019-11-07,9.52,9.62,9.43,9.5,369880
2019-11-08,9.46,9.52,9.46,9.46,258210
2019-11-11,9.5,9.52,9.41,9.48,350970
2019-11-12,9.48,9.48,9.37,9.48,284320
2019-11-13,9.5,9.5,9.34,9.43,387540
2019-11-14,9.43,9.43,9.34,9.41,178590
2019-11-15,9.41,9.41,9.34,9.39,140540
2019-11-18,9.39,9.46,9.3,9.37,465070
2019-11-19,9.37,9.52,9.3,9.52,2165320
2019-11-20,9.52,9.55,9.41,9.46,1261240
2019-11-21,9.46,9.46,9.3,9.39,1795800
2019-11-22,9.34,9.37,9.18,9.34,1247030
2019-11-25,9.3,9.32,9.18,9.3,1055840
2019-11-26,9.3,9.3,9.07,9.23,1321020
2019-11-27,9.16,9.23,9.14,9.23,519250
2019-11-28,9.23,9.28,9.05,9.16,1071470
2019-11-29,9.16,9.21,9.12,9.14,743210
2019-12-02,9.18,9.18,8.84,9.07,643310
2019-12-03,8.98,9.07,8.75,9.07,558950
2019-12-04,9.07,9.07,8.87,9.07,254530
2019-12-05,8.89,9.07,8.89,9.07,192400
2019-12-06,8.93,9.07,8.84,9.07,371780
2019-12-09,9.07,9.07,8.75,9.07,496300
2019-12-10,8.84,9.03,8.82,9.03,437030
2019-12-11,9.03,9.03,8.71,9.03,597540
2019-12-12,8.78,9.03,8.71,9.03,952940
2019-12-13,9.03,9.03,8.8,8.96,937400
2019-12-16,8.93,8.98,8.89,8.98,196970
2019-12-17,8.98,8.98,8.78,8.96,707530
2019-12-18,8.82,8.96,8.82,8.96,214460
2019-12-19,8.84,8.93,8.82,8.93,250710
2019-12-20,8.87,8.89,8.44,8.44,4524610
2019-12-23,8.8,8.93,8.62,8.93,215480
2019-12-24,8.93,8.93,8.82,8.93,173250
2019-12-25,8.8,8.91,8.71,8.91,455320
2019-12-26,8.84,8.89,8.8,8.8,153190
2019-12-27,8.8,8.8,8.66,8.8,457710
2019-12-30,8.71,8.78,8.55,8.78,778100
2019-12-31,8.78,8.78,8.73,8.78,396290
2020-01-02,8.78,8.78,8.62,8.75,246750
2020-01-03,8.75,8.75,8.5,8.71,495710
2020-01-06,8.62,9.3,8.53,9.3,206400
2020-01-07,9.3,9.3,8.93,9.05,564170
2020-01-08,8.96,8.96,8.84,8.91,200170
2020-01-09,8.89,8.96,8.89,8.91,200070
2020-01-10,8.91,8.93,8.87,8.93,200830
2020-01-13,8.98,8.98,8.82,8.93,176450
2020-01-14,8.93,8.93,8.8,8.87,114800
2020-01-15,8.84,8.93,8.8,8.91,683420
2020-01-16,8.91,8.93,8.82,8.93,817390
2020-01-17,8.93,9.09,8.91,9.03,1160880
2020-01-20,9.03,9.03,8.87,8.96,276790
2020-01-21,8.98,8.98,8.53,8.98,1555970
2020-01-22,8.93,8.98,8.71,8.98,467980
2020-01-30,8.84,8.93,8.57,8.93,749070
2020-01-31,8.75,8.75,8.59,8.75,841230
2020-02-03,8.57,8.71,8.14,8.71,816860
2020-02-04,8.62,8.62,8.39,8.62,917370
2020-02-05,8.48,8.66,8.48,8.66,233060
2020-02-06,8.62,8.66,8.53,8.64,330530
2020-02-07,8.64,8.84,8.62,8.62,127750
2020-02-10,8.62,8.62,8.53,8.59,99880
2020-02-11,8.46,8.59,8.37,8.59,749300
2020-02-12,8.59,8.62,8.37,8.62,872340
2020-02-13,8.53,8.53,8.39,8.5,526920
2020-02-14,8.46,8.53,8.3,8.53,843800
2020-02-17,8.48,8.5,8.39,8.5,503950
2020-02-18,8.44,8.44,8.32,8.32,500370
2020-02-19,8.32,8.53,8.25,8.5,1158020
2020-02-20,8.53,8.57,8.5,8.5,192890
2020-02-21,8.44,8.5,8.41,8.48,156950
2020-02-24,8.39,8.41,8.23,8.41,502960
2020-02-25,8.23,8.48,8.21,8.48,532820
2020-02-26,8.35,8.46,8.3,8.46,172020
2020-02-27,8.35,8.41,8.3,8.3,410000
2020-02-28,8.3,8.35,7.85,8.35,743160
2020-03-02,7.96,8.23,7.96,8.23,960360
2020-03-03,8.23,8.23,7.94,8.19,1393310
2020-03-04,8.03,8.03,7.91,7.94,1155240
2020-03-05,8.03,8.03,7.73,7.76,992380
2020-03-06,7.76,7.94,7.57,7.94,1167030
2020-03-09,7.48,7.8,7.39,7.39,1000710
2020-03-10,7.03,7.21,7.03,7.03,904610
2020-03-11,6.94,7.17,6.58,6.89,1073570
2020-03-12,6.6,6.6,6.42,6.42,1711320
2020-03-13,5.99,6.1,5.99,6.08,1756940
2020-03-16,6.08,6.08,5.67,6.08,4240250
2020-03-17,6.08,6.49,5.9,6.49,1177650
2020-03-18,6.8,6.89,6.58,6.62,1098210
2020-03-19,6.35,6.46,6.17,6.44,1096510
2020-03-20,6.35,6.58,6.35,6.58,1245340
2020-03-23,6.17,6.4,6.12,6.12,1310410
2020-03-24,5.96,6.44,5.96,6.37,1715500
2020-03-25,6.53,6.55,6.4,6.42,1125830
2020-03-26,6.44,6.44,6.3,6.35,891530
2020-03-27,6.12,6.35,6.12,6.17,273240
2020-03-30,6.08,6.17,5.74,6.12,1890540
2020-03-31,6.12,6.26,5.9,6.26,921180
2020-04-01,6.17,6.58,6.12,6.3,371530
2020-04-03,6.4,6.4,6.17,6.3,918480
2020-04-06,6.35,6.58,6.35,6.58,1363920
2020-04-07,6.89,6.89,6.44,6.67,1258380
2020-04-08,6.67,6.74,6.53,6.74,832160
2020-04-09,6.74,6.8,6.62,6.76,1306550
2020-04-10,6.76,6.83,6.62,6.76,972650
2020-04-13,6.76,6.83,6.74,6.8,933400
2020-04-14,7.03,7.28,6.98,7.1,2072230
2020-04-15,7.39,7.39,7.12,7.26,1246110
2020-04-16,7.26,7.26,7.1,7.26,1065860
2020-04-17,7.26,7.55,7.19,7.55,1930410
2020-04-20,7.71,7.71,7.48,7.62,1658100
2020-04-21,7.48,7.48,7.1,7.17,1771830
2020-04-22,6.87,7.23,6.87,7.21,677370
2020-04-23,7.3,7.44,7.26,7.32,1833440
2020-04-24,7.35,7.42,7.23,7.37,1762540
2020-04-27,7.42,7.42,7.19,7.19,1345810
2020-04-28,7.12,7.17,7.01,7.03,963610
2020-04-29,7.05,7.1,6.96,7.05,1194650
2020-05-04,7.01,7.01,6.74,6.8,1189220
2020-05-05,6.8,6.83,6.64,6.83,1248600
2020-05-06,6.85,6.89,6.76,6.89,1088220
2020-05-07,6.92,6.96,6.85,6.96,1048860
2020-05-08,6.94,7.08,6.92,7.01,1944760
2020-05-11,7.01,7.05,6.96,7.03,1340080
2020-05-12,6.98,7.01,6.89,6.96,1354050
2020-05-13,6.94,7.01,6.85,6.96,1756600
2020-05-14,7.05,7.44,7.03,7.44,6045610
2020-05-15,7.55,7.64,7.39,7.44,3563300
2020-05-18,7.39,7.6,7.23,7.6,4220830
2020-05-19,7.67,7.96,7.62,7.85,9804480
2020-05-20,7.82,7.85,7.62,7.62,3311820
2020-05-21,7.69,7.76,7.62,7.67,3960170
2020-05-22,7.85,7.96,7.73,7.76,5634820
2020-05-25,7.87,8.14,7.82,8.1,4279410
2020-05-26,8.21,8.21,8.03,8.14,3649150
2020-05-27,8.14,8.16,7.82,7.82,4147070
2020-05-28,7.85,7.89,7.8,7.82,2335060
2020-05-29,7.85,7.91,7.73,7.91,2416120
2020-06-01,7.94,7.98,7.89,7.96,2731600
2020-06-02,7.98,7.98,7.76,7.76,2202570
2020-06-03,7.73,7.85,7.71,7.73,1312110
2020-06-04,7.78,7.85,7.57,7.71,2075960
2020-06-05,7.71,7.96,7.6,7.91,2283760
2020-06-08,7.98,8.3,7.94,8.14,3385750
2020-06-09,8.25,8.25,7.96,7.96,1233220
2020-06-10,7.96,8.07,7.87,7.98,906060
2020-06-11,8.03,8.07,7.46,7.71,2439370
2020-06-12,7.53,7.6,7.42,7.57,1140770
2020-06-15,7.69,7.69,7.28,7.35,993110
2020-06-16,7.48,7.48,7.32,7.39,778240
2020-06-17,7.53,7.53,7.37,7.39,324010
2020-06-18,7.37,7.62,7.35,7.53,583740
2020-06-19,7.57,7.71,7.53,7.71,1538080
2020-06-22,7.87,7.89,7.71,7.87,1027620
2020-06-23,7.89,7.91,7.8,7.87,1347740
2020-06-24,7.85,7.89,7.64,7.69,1167280
2020-06-25,7.62,7.69,7.53,7.69,460320
2020-06-26,7.78,7.85,7.67,7.82,1719180
2020-06-29,7.76,7.82,7.35,7.35,2223840
2020-06-30,7.67,7.67,7.37,7.51,901440
2020-07-01,7.53,7.62,7.46,7.62,1460980
2020-07-02,7.69,7.76,7.62,7.76,1674470
2020-07-03,7.87,7.87,7.76,7.85,1489890
2020-07-06,7.87,7.87,7.78,7.85,947480
2020-07-07,7.87,7.91,7.8,7.87,1486820
2020-07-08,7.94,8.32,7.87,8.12,2725520
2020-07-09,8.21,8.69,8.14,8.69,3439570
2020-07-10,9.05,9.16,8.8,9.09,4399620
2020-07-13,9.52,9.52,9.21,9.34,4413310
2020-07-14,9.37,9.91,9.16,9.86,6279710
2020-07-15,9.93,9.93,9.64,9.66,4707960
2020-07-16,9.66,9.73,9.52,9.73,4165400
2020-07-17,9.75,10.0,9.62,9.77,7392910
2020-07-20,9.77,9.8,9.52,9.66,5495430
2020-07-21,9.64,9.71,9.41,9.52,3698020
2020-07-22,9.5,9.5,9.18,9.32,2604600
2020-07-23,9.32,9.34,9.05,9.16,2305720
2020-07-24,9.14,9.21,8.53,8.98,4215340
2020-07-27,8.39,8.78,8.37,8.46,3982090
2020-07-28,8.44,8.75,8.39,8.71,2293530
2020-07-29,8.62,8.62,8.12,8.57,1727230
2020-07-30,8.62,8.66,8.48,8.53,1034790
2020-07-31,8.39,8.48,8.21,8.39,680160
2020-08-03,8.39,8.78,8.37,8.78,2653210
2020-08-04,8.84,9.14,8.84,9.12,3549710
2020-08-05,9.16,9.32,8.96,9.3,2491480
2020-08-06,9.3,9.3,9.09,9.14,2661660
2020-08-07,9.09,9.66,9.07,9.66,5856600
2020-08-10,9.68,9.91,9.68,9.71,5193580
2020-08-11,9.75,9.82,9.46,9.52,5112890
2020-08-12,9.52,9.52,9.21,9.34,3150850
2020-08-13,9.37,9.43,9.28,9.37,2381830
2020-08-14,9.37,9.59,9.3,9.5,4409420
2020-08-17,9.5,9.64,9.25,9.62,3571540
2020-08-18,9.62,10.0,9.55,9.84,7649680
2020-08-19,9.84,9.89,9.66,9.84,3895850
2020-08-20,9.84,9.84,9.57,9.59,3994130
2020-08-21,9.62,9.68,9.43,9.62,5514310
2020-08-24,9.62,9.75,9.62,9.64,4533090
2020-08-25,9.66,10.09,9.66,10.07,10794940
2020-08-26,10.0,10.23,9.86,10.09,9599290
2020-08-27,10.07,10.14,9.98,10.09,6731010
2020-08-28,10.11,10.14,10.0,10.0,6802390
2020-08-31,9.93,10.18,9.93,10.07,8236590
2020-09-01,10.2,10.7,10.18,10.7,10158170
2020-09-03,10.79,11.45,10.77,11.45,10488440
2020-09-04,11.38,11.57,11.16,11.57,9056130
2020-09-07,11.57,11.95,11.29,11.77,12246430
2020-09-08,11.79,11.82,11.63,11.75,7462540
2020-09-09,11.68,11.82,11.54,11.82,7530830
2020-09-10,11.88,11.97,11.66,11.75,7621490
2020-09-11,11.75,11.75,11.34,11.45,9431330
2020-09-14,11.5,11.72,11.43,11.47,9535520
2020-09-15,11.47,11.57,11.41,11.5,7104540
2020-09-16,11.52,11.54,11.27,11.34,8915200
2020-09-17,11.36,11.36,11.07,11.07,9341530
2020-09-18,11.11,11.16,10.93,10.93,8336570
2020-09-21,10.98,11.13,10.95,11.13,5914580
2020-09-22,11.13,11.41,11.02,11.29,8391970
2020-09-23,11.34,11.43,11.27,11.34,6284110
2020-09-24,11.32,11.32,11.02,11.07,6921640
2020-09-25,11.07,11.07,10.79,10.91,7150600
2020-09-28,10.91,10.95,10.66,10.7,6309600
2020-09-29,10.75,10.84,10.68,10.7,6138590
2020-09-30,10.73,10.73,10.61,10.73,4056310
2020-10-01,10.75,10.93,10.75,10.93,5291390
2020-10-02,10.93,10.98,10.43,10.75,5124070
2020-10-05,10.79,10.86,10.73,10.79,3046810
2020-10-06,10.86,10.93,10.73,10.75,3362410
2020-10-07,10.75,10.75,10.57,10.57,4323990
2020-10-08,10.61,10.61,10.2,10.25,5867110
2020-10-09,10.25,10.75,9.98,10.34,7724430
2020-10-12,10.39,10.61,10.2,10.25,4466010
2020-10-13,10.25,10.39,10.05,10.34,4471410
2020-10-14,10.34,10.39,10.05,10.09,6427840
2020-10-15,10.09,10.27,10.0,10.11,5922590
2020-10-16,10.14,10.14,9.86,9.91,7655700
2020-10-19,9.93,9.96,9.5,9.52,11274060
2020-10-20,9.48,9.48,9.09,9.37,10075750
2020-10-21,9.52,9.66,9.5,9.64,8699270
2020-10-22,9.66,9.73,9.37,9.73,6477700
2020-10-23,9.75,9.77,9.52,9.64,8677650
2020-10-26,9.66,9.66,9.3,9.3,7395320
2020-10-27,9.23,9.23,9.05,9.07,8071800
2020-10-28,8.96,8.98,8.59,8.62,12154400
2020-10-29,8.62,8.8,8.3,8.78,10796060
2020-10-30,8.78,8.82,8.3,8.62,8208260
2020-11-02,8.64,8.71,8.44,8.64,5662090
2020-11-03,8.62,8.75,8.55,8.71,6954480
2020-11-04,8.71,9.3,8.64,9.3,15437360
2020-11-05,9.3,9.48,9.03,9.05,11543790
2020-11-06,9.03,9.12,8.8,8.96,8998330
2020-11-09,8.96,9.12,8.87,9.05,9673420
2020-11-10,9.12,9.18,8.91,8.91,8253160
2020-11-11,8.91,8.98,8.8,8.84,7578760
2020-11-12,8.84,8.89,8.8,8.89,5135700
2020-11-13,8.93,9.21,8.89,9.07,12312710
2020-11-16,9.09,9.25,8.96,8.96,9962450
2020-11-17,9.0,9.05,8.93,9.03,7425690
2020-11-18,9.05,9.48,8.96,9.43,15541890
2020-11-19,9.46,9.64,9.34,9.34,9903000
2020-11-20,9.32,9.86,9.32,9.84,15309010
2020-11-23,9.82,9.91,9.66,9.75,8587900
2020-11-24,9.75,9.82,9.52,9.62,11343550
2020-11-25,9.66,9.66,9.48,9.48,7471980
2020-11-26,9.48,9.5,9.34,9.43,4440470
2020-11-27,9.52,9.57,9.43,9.5,4863080
2020-11-30,9.62,9.62,9.28,9.28,6438770
2020-12-01,9.14,9.28,9.05,9.18,8694430
2020-12-02,9.25,9.46,9.21,9.37,5641230
2020-12-03,9.39,9.57,9.39,9.5,5312870
2020-12-04,9.43,9.5,9.37,9.39,5250520
2020-12-07,9.43,9.64,9.32,9.46,7783790
2020-12-08,9.46,9.66,9.39,9.52,8800270
2020-12-09,9.57,9.71,9.52,9.55,7204860
2020-12-10,9.55,9.57,9.28,9.28,7341520
2020-12-11,9.3,9.43,9.18,9.43,5714950
2020-12-14,9.48,9.5,9.39,9.41,6564760
2020-12-15,9.41,9.64,9.32,9.48,9207440
2020-12-16,9.62,9.73,9.52,9.62,10529400
2020-12-17,9.62,9.68,9.39,9.39,7449510
2020-12-18,9.41,9.5,9.37,9.43,6823580
2020-12-21,9.43,9.46,9.34,9.41,8083480
2020-12-22,9.43,10.07,9.37,10.02,14694680
2020-12-23,10.2,10.7,10.07,10.7,24190880
2020-12-24,10.73,10.84,9.98,10.66,13419170
2020-12-25,10.57,10.64,10.36,10.48,10648240
2020-12-28,10.61,10.79,10.3,10.45,10181950
2020-12-29,10.45,10.61,10.36,10.5,9194050
2020-12-30,10.52,10.57,10.23,10.23,9559510
2020-12-31,10.2,10.39,10.18,10.2,6510070
2021-01-04,10.3,10.57,10.2,10.39,8319800
2021-01-05,10.34,10.79,10.3,10.66,9273300
2021-01-06,10.84,10.84,10.39,10.55,8392900
2021-01-07,10.57,10.77,10.36,10.59,7352200
2021-01-08,10.57,10.75,10.43,10.61,11064800
2021-01-11,10.73,11.27,10.7,11.25,16848700
2021-01-12,11.34,11.34,10.89,11.09,6360900
2021-01-13,11.07,11.09,10.73,10.89,11194900
2021-01-14,10.79,10.91,10.66,10.82,7796600
2021-01-15,10.89,11.09,10.77,10.82,7646900
2021-01-18,10.84,11.07,10.79,10.82,10133000
2021-01-19,10.82,10.82,10.07,10.07,9038800
2021-01-20,10.0,10.16,9.39,9.89,8159800
2021-01-21,10.09,10.34,9.86,10.34,7222700
2021-01-22,10.3,10.5,10.14,10.14,6732900
2021-01-25,10.02,10.55,9.98,10.23,5715900
2021-01-26,10.23,10.25,9.62,9.75,4954500
2021-01-27,9.66,9.96,9.3,9.5,6119400
2021-01-28,8.93,9.12,8.84,8.84,7768700
2021-01-29,8.28,9.18,8.28,9.07,5915200
2021-02-01,8.98,9.25,8.53,8.55,5168500
2021-02-02,8.71,8.75,8.46,8.69,4380300
2021-02-03,8.8,9.25,8.78,9.14,4442400
2021-02-04,9.16,9.66,9.07,9.34,5463600
2021-02-05,9.34,9.55,9.3,9.5,3594600
2021-02-08,9.46,9.5,8.96,9.12,4844700
2021-02-09,9.12,9.25,8.89,9.18,3755900
2021-02-17,9.39,9.71,9.3,9.64,4659700
2021-02-18,9.75,9.96,9.5,9.8,5539100
2021-02-19,9.66,9.93,9.62,9.91,4051800
2021-02-22,9.93,10.09,9.75,9.84,5134800
2021-02-23,9.84,9.84,9.66,9.73,6413100
2021-02-24,9.71,9.77,9.48,9.62,5347200
2021-02-25,9.68,9.71,9.46,9.52,4153000
2021-02-26,9.37,9.62,9.34,9.57,4405900
2021-03-01,9.66,10.23,9.64,10.23,9063500
2021-03-02,10.61,10.61,10.25,10.32,8888500
2021-03-03,10.34,10.48,10.25,10.32,3115600
2021-03-04,10.43,10.73,10.18,10.41,9658900
2021-03-05,10.41,10.48,10.11,10.41,5285900
2021-03-08,10.57,10.66,10.39,10.43,8213400
2021-03-09,10.39,10.59,10.23,10.43,4920400
2021-03-10,10.43,10.5,10.34,10.41,4152800
2021-03-11,10.5,10.52,10.39,10.41,4930100
2021-03-12,10.43,10.45,10.27,10.3,5001800
2021-03-15,10.36,10.36,10.18,10.25,5008700
2021-03-16,10.27,10.27,10.11,10.18,4518700
2021-03-17,10.18,10.23,10.14,10.18,4243000
2021-03-18,10.3,10.64,10.23,10.57,10223600
2021-03-19,10.57,10.86,10.57,10.75,9262400
2021-03-22,10.75,10.82,10.55,10.59,4384300
2021-03-23,10.57,10.57,10.27,10.41,6880600
2021-03-24,10.25,10.34,9.98,10.11,6324100
2021-03-25,10.2,10.2,9.89,9.98,4933600
2021-03-26,9.84,10.3,9.52,10.14,6600100
2021-03-29,10.25,10.57,10.14,10.57,7748600
2021-03-30,10.52,11.16,10.52,10.89,19405700
2021-03-31,10.89,11.07,10.73,10.79,5600100
2021-04-01,10.89,11.0,10.77,10.91,5473000
2021-04-02,11.02,11.02,10.84,10.93,5104300
2021-04-05,11.09,11.11,10.86,11.02,6153000
2021-04-06,11.02,11.79,10.93,11.57,14904700
2021-04-07,11.66,12.36,11.63,12.36,14686600
2021-04-08,12.7,13.13,12.65,12.93,10628200
2021-04-09,12.72,12.9,12.34,12.52,8558700
2021-04-12,12.47,12.93,12.34,12.81,9996300
2021-04-13,13.02,13.02,12.34,12.4,6519300
2021-04-14,12.2,12.7,12.11,12.63,6586900
2021-04-15,12.61,12.61,12.11,12.13,7085000
2021-04-16,12.02,12.29,11.34,11.75,7473900
2021-04-19,11.79,12.04,11.47,12.02,5612800
2021-04-20,12.02,12.09,11.61,11.61,3832900
2021-04-22,11.47,12.02,11.34,11.38,3868000
2021-04-23,11.43,12.0,11.25,11.91,5147500
2021-04-26,11.97,12.2,11.57,11.7,6770700
2021-04-27,11.7,11.79,11.57,11.77,2536500
2021-04-28,11.77,12.16,11.63,12.0,5767200
2021-04-29,12.16,12.43,12.06,12.06,4862100
2021-05-04,11.79,12.0,11.7,11.97,3957200
2021-05-05,12.06,12.43,11.91,12.11,4827100
2021-05-06,12.16,12.31,12.02,12.04,5643400
2021-05-07,12.09,12.22,11.7,11.79,4958000
2021-05-10,11.61,11.79,11.52,11.68,4969800
2021-05-11,11.66,11.97,11.43,11.86,6628600
2021-05-12,11.86,11.97,11.72,11.91,2896100
2021-05-13,11.88,11.88,11.7,11.7,4655100
2021-05-14,11.79,11.84,11.63,11.63,3639000
2021-05-17,11.77,11.77,11.34,11.38,4203400
2021-05-18,11.38,11.57,11.2,11.25,4385700
2021-05-19,11.29,11.34,11.0,11.11,4384400
2021-05-20,11.16,11.25,11.07,11.07,3367100
2021-05-21,11.07,11.57,11.07,11.45,4098500
2021-05-24,11.79,12.0,11.61,11.88,5501500
2021-05-25,12.0,12.18,11.86,11.88,5280200
2021-05-26,12.02,12.18,11.93,12.0,5450100
2021-05-27,12.02,12.34,11.88,12.2,6015400
2021-05-28,12.25,12.34,12.06,12.18,4459800
2021-05-31,12.2,12.22,11.88,12.04,4854100
2021-06-01,12.04,12.16,11.88,11.91,5778900
2021-06-02,11.91,11.91,11.66,11.84,9097000
2021-06-03,12.66,12.66,12.66,12.66,644000
2021-06-04,13.54,13.54,13.54,13.54,2071800
2021-06-07,14.11,14.33,13.48,13.71,13939800
2021-06-08,13.65,13.88,12.8,12.91,4954700
2021-06-09,12.91,13.14,12.68,12.8,7157100
2021-06-10,12.8,12.85,12.46,12.51,6660600
2021-06-11,12.51,13.37,12.51,12.91,8733500
2021-06-14,13.14,13.14,12.8,12.85,5406700
2021-06-15,13.03,13.25,12.88,13.03,3943400
2021-06-16,12.97,13.05,12.57,12.8,4546600
2021-06-17,12.68,13.05,12.63,12.91,3821400
2021-06-18,12.97,13.48,12.97,13.08,8741700
2021-06-21,13.2,13.2,12.74,12.83,6401000
2021-06-22,12.94,13.08,12.77,12.85,6289900
2021-06-23,12.85,13.03,12.74,12.77,2698900
2021-06-24,12.74,12.88,12.46,12.48,4730200
2021-06-25,12.46,12.48,12.09,12.2,8203300
2021-06-28,12.34,12.74,12.29,12.66,7830700
2021-06-29,12.68,12.94,12.54,12.57,4506400
2021-06-30,12.57,12.68,12.48,12.51,3284100
2021-07-01,12.51,12.66,12.48,12.57,4969500
2021-07-02,12.71,12.97,12.57,12.97,6878100
2021-07-05,12.97,13.71,12.51,13.42,10724800
2021-07-06,13.42,13.42,12.91,12.91,7333300
2021-07-07,12.8,13.08,12.34,13.08,9093800
2021-07-08,13.08,13.28,12.94,13.08,9922000
2021-07-09,13.05,13.22,12.51,12.91,7391600
2021-07-12,12.63,12.91,12.03,12.6,11143600
2021-07-13,12.66,12.68,12.12,12.48,4933800
2021-07-14,12.26,12.4,11.92,12.0,6406700
2021-07-15,11.83,12.66,11.83,12.66,4382400
2021-07-16,12.66,12.8,12.43,12.48,3141500
2021-07-19,11.94,12.29,11.66,11.89,5418100
2021-07-20,11.89,12.29,11.55,12.29,3471100
2021-07-21,12.23,12.31,12.03,12.06,2859800
2021-07-22,12.06,12.31,12.0,12.17,3475400
2021-07-23,12.14,12.46,12.09,12.14,2806300
2021-07-26,11.94,12.34,11.94,12.26,1901800
2021-07-27,12.29,12.8,12.29,12.57,4487700
2021-07-28,12.51,12.77,12.51,12.54,1906900
2021-07-29,12.63,12.63,12.48,12.54,2214400
2021-07-30,12.54,12.97,12.43,12.91,5259600
2021-08-02,12.94,13.14,12.71,12.74,4733800
2021-08-03,12.74,12.85,12.57,12.8,2513000
2021-08-04,12.8,12.85,12.66,12.8,3274100
2021-08-05,12.74,13.03,12.74,12.91,3508700
2021-08-06,12.97,13.0,12.74,12.74,3862300
2021-08-09,12.68,13.48,12.63,13.37,11953300
2021-08-10,13.48,14.08,13.48,13.99,14976400
2021-08-11,14.05,14.33,13.76,13.99,9760100
2021-08-12,13.74,14.19,13.71,13.71,6771500
2021-08-13,13.71,13.79,13.14,13.42,9019400
2021-08-16,13.54,13.91,13.48,13.62,7965500
2021-08-17,13.68,13.82,13.48,13.51,6313700
2021-08-18,13.28,13.48,13.14,13.25,12145200
2021-08-19,13.14,13.57,13.14,13.42,10392600
2021-08-20,13.42,14.22,13.42,13.65,28580200
2021-08-23,13.76,14.11,13.59,13.65,10548100
2021-08-24,13.51,13.79,12.85,12.85,11480200
2021-08-25,12.91,13.05,12.6,12.83,8819600
2021-08-26,12.91,13.37,12.85,12.97,9259300
2021-08-27,12.97,13.54,12.94,13.54,14892700
2021-08-30,13.71,13.91,13.48,13.48,9478800
2021-08-31,13.57,13.82,13.48,13.74,12148600
2021-09-01,13.65,14.13,13.62,13.79,9285000
2021-09-06,13.94,14.73,13.85,14.73,19369500
2021-09-07,14.85,15.13,14.31,14.39,14586000
2021-09-08,14.39,14.7,14.19,14.39,9477200
2021-09-09,14.67,14.93,14.45,14.67,8891200
2021-09-10,14.65,14.85,14.45,14.48,6077900
2021-09-13,14.5,14.53,13.88,13.88,11580100
2021-09-14,13.76,13.96,13.54,13.54,10390800
2021-09-15,13.54,13.82,13.54,13.65,4628500
2021-09-16,13.76,14.05,13.68,13.85,3458900
2021-09-17,13.85,14.11,13.76,13.94,4863000
2021-09-20,13.99,14.28,13.65,13.65,7045500
2021-09-21,13.42,13.76,13.37,13.57,7141600
2021-09-22,13.65,13.76,13.57,13.71,4247000
2021-09-23,13.88,14.02,13.54,13.54,4473800
2021-09-24,13.59,13.65,13.37,13.42,5032200
2021-09-27,13.45,13.57,13.08,13.08,7581700
2021-09-28,12.97,13.37,12.8,13.37,4255000
2021-09-29,13.37,13.37,13.03,13.14,3102900
2021-09-30,13.25,13.48,13.05,13.14,2548000
2021-10-01,13.14,13.37,13.08,13.08,4494700
2021-10-04,13.11,13.37,13.05,13.14,4229400
2021-10-05,13.2,13.37,13.17,13.25,4140700
2021-10-06,13.37,13.76,13.37,13.42,5113000
2021-10-07,13.57,13.88,13.54,13.85,6808100
2021-10-08,13.88,13.99,13.59,13.65,5826400
2021-10-11,13.76,13.91,13.65,13.74,3152200
2021-10-12,13.79,13.96,13.59,13.85,6392400
2021-10-13,13.82,13.96,13.68,13.71,2706000
2021-10-14,13.76,13.91,13.71,13.74,5545700
2021-10-15,13.85,14.05,13.71,13.94,7883000
2021-10-18,14.05,14.13,13.82,13.91,4320000
2021-10-19,13.91,13.94,13.65,13.65,4694500
2021-10-20,13.71,13.82,13.39,13.57,5623500
2021-10-21,13.65,13.76,13.48,13.59,5223500
2021-10-22,13.65,14.08,13.59,13.96,8163500
2021-10-25,14.13,14.67,13.99,14.39,14215900
2021-10-26,14.42,14.45,14.19,14.33,5301500
2021-10-27,14.39,14.53,14.25,14.53,7983200
2021-10-28,14.62,15.02,14.59,14.96,10799800
2021-10-29,15.04,15.98,15.02,15.9,18226900
2021-11-01,15.93,16.44,15.9,16.1,13840700
2021-11-02,16.07,16.95,16.04,16.81,14426600
2021-11-03,17.01,17.12,16.21,16.44,18684800
2021-11-04,16.49,17.58,16.35,17.58,19024800
2021-11-05,18.2,18.6,17.92,18.31,14883500
2021-11-08,18.54,19.59,18.49,19.59,17222400
2021-11-09,20.87,20.87,19.57,20.14,24205800
2021-11-10,20.14,21.53,19.82,21.53,18569200
2021-11-11,22.07,22.69,21.61,21.78,17171300
2021-11-12,21.78,23.04,21.05,23.04,19096700
2021-11-15,23.29,24.63,23.21,24.63,21821800
2021-11-16,24.91,25.08,23.89,24.46,16003000
2021-11-17,24.54,26.16,23.95,26.11,17592800
2021-11-18,26.51,27.93,26.16,27.93,16307100
2021-11-19,28.38,29.41,26.19,29.01,23721800
2021-11-22,29.12,29.12,26.99,26.99,21805500
2021-11-23,25.11,25.88,25.11,25.11,21305700
2021-11-24,25.31,26.16,24.46,25.31,17643700
2021-11-25,25.6,27.07,25.03,27.07,12358200
2021-11-26,27.59,28.04,25.6,26.22,20674400
2021-11-29,25.11,27.03,25.11,26.23,13971500
2021-11-30,26.54,28.06,25.61,27.84,24213100
2021-12-01,27.9,28.77,27.22,28.43,14349300
2021-12-02,28.52,28.64,27.28,27.28,14390100
2021-12-03,27.28,27.28,25.39,25.39,27724100
2021-12-06,25.11,25.3,23.62,23.62,10686600
2021-12-07,23.19,24.12,21.98,23.78,16687500
2021-12-08,23.99,23.99,22.94,22.94,6539000
2021-12-09,22.94,24.27,22.94,24.18,9833500
2021-12-10,24.3,24.49,23.59,23.99,9111000
2021-12-13,24.18,25.3,23.99,24.99,10533100
2021-12-14,25.11,26.29,24.55,25.76,19122600
2021-12-15,25.88,26.38,24.89,25.2,13210800
2021-12-16,25.33,25.48,24.68,24.8,10933700
2021-12-17,24.92,26.01,24.52,25.39,17271200
2021-12-20,25.48,25.79,24.24,24.74,14852000
2021-12-21,24.83,24.83,23.62,23.87,16327800
2021-12-22,23.78,23.81,22.66,22.88,15596600
2021-12-23,23.13,23.16,21.39,21.39,16123700
2021-12-24,21.45,22.88,21.45,22.88,13503500
2021-12-27,23.31,24.27,22.88,24.18,12225500
2021-12-28,24.24,25.02,23.87,24.3,15147200
2021-12-29,24.06,24.4,22.94,22.94,10634100
2021-12-30,23.31,23.81,23.0,23.56,5833800
2021-12-31,23.72,25.2,23.59,25.2,25614700
2022-01-04,26.1,26.94,26.1,26.94,26358000
2022-01-05,27.28,28.71,26.91,26.94,35011300
2022-01-06,26.66,28.8,26.41,28.8,36471500
2022-01-07,29.39,30.81,28.95,30.38,29087800
2022-01-10,30.81,32.18,29.76,29.76,25267600
2022-01-11,29.88,31.25,29.14,30.6,31372000
2022-01-12,30.19,30.75,28.46,28.46,27589500
2022-01-13,28.49,28.86,26.47,26.47,16407200
2022-01-14,24.64,27.44,24.64,27.34,42602600
2022-01-17,27.59,27.78,25.45,25.45,20171700
2022-01-18,23.75,24.68,23.68,23.68,22936100
2022-01-19,22.94,24.06,22.38,23.0,17710800
2022-01-20,23.56,24.58,23.25,24.55,17691800
2022-01-21,24.8,24.99,23.72,23.78,16300300
2022-01-24,23.31,23.75,22.13,22.13,20880000
2022-01-25,20.71,22.44,20.71,22.44,19351500
2022-01-26,22.6,22.88,21.14,21.7,12453600
2022-01-27,21.7,22.2,21.39,21.86,7154000
2022-01-28,22.04,22.2,20.83,21.95,8562600
2022-02-07,22.51,23.47,22.38,22.97,10315500
2022-02-08,23.0,23.53,22.66,22.97,8217500
2022-02-09,22.97,24.34,22.82,23.93,11847700
2022-02-10,24.02,24.15,23.28,23.37,9458800
2022-02-11,23.4,23.72,23.13,23.19,7180700
2022-02-14,22.63,22.94,22.01,22.01,15026000
2022-02-15,22.48,22.94,22.01,22.91,9072400
2022-02-16,23.25,24.37,23.19,24.18,19376100
2022-02-17,24.18,25.08,23.87,24.99,19486900
2022-02-18,24.49,25.58,24.4,24.96,17029800
2022-02-21,25.11,25.7,24.71,24.99,15534100
2022-02-22,24.24,24.74,23.56,24.34,21189900
2022-02-23,24.8,25.02,24.18,24.4,10566000
2022-02-24,24.18,25.05,22.94,24.4,20835800
2022-02-25,24.68,26.01,24.61,25.48,27912400
2022-02-28,25.48,26.01,25.23,25.48,14320700
2022-03-01,25.98,25.98,25.48,25.48,13224800
2022-03-02,25.26,25.61,24.52,24.8,22831700
2022-03-03,25.02,25.73,24.83,25.67,14224000
2022-03-04,25.85,26.6,25.79,25.82,14549100
2022-03-07,25.54,26.04,25.23,25.51,13032000
2022-03-08,25.54,26.04,24.18,24.18,23652700
2022-03-09,24.49,24.8,23.44,24.8,21111600
2022-03-10,24.99,25.23,24.49,24.49,9049900
2022-03-11,24.43,24.46,23.25,23.53,14879100
2022-03-14,23.28,23.75,22.66,22.82,14716800
2022-03-15,22.94,23.65,22.69,23.47,10774500
2022-03-16,23.62,24.09,23.47,23.75,8235100
2022-03-17,23.87,24.06,23.56,23.62,7161600
2022-03-18,23.65,24.02,23.5,23.87,9238600
2022-03-21,23.87,24.46,23.81,24.34,10108300
2022-03-22,24.49,24.61,24.24,24.34,10052800
2022-03-23,24.24,25.61,24.21,24.86,24563200
2022-03-24,24.8,25.26,24.68,24.74,12503700
2022-03-25,24.83,24.92,24.49,24.49,10838200
2022-03-28,24.09,24.52,23.44,23.87,16288800
2022-03-29,23.93,24.49,23.93,24.24,8330900
2022-03-30,24.06,24.52,23.28,23.65,13739000
2022-03-31,23.81,24.71,23.68,24.02,12893200
2022-04-01,24.18,24.46,24.06,24.37,8767200
2022-04-04,24.68,25.61,24.4,25.33,29702400
2022-04-05,25.23,25.7,24.8,24.8,13993600
2022-04-06,23.19,24.34,23.06,23.19,47665300
2022-04-07,23.44,23.75,22.07,22.69,26794400
2022-04-08,22.38,22.88,21.11,21.11,30354100
2022-04-12,21.67,22.01,20.99,20.99,14124600
2022-04-13,21.39,22.44,20.77,22.44,14256500
2022-04-14,22.63,22.82,22.16,22.32,10455600
2022-04-15,22.32,22.32,20.8,21.05,19012000
2022-04-18,20.52,20.96,19.59,19.72,20416700
2022-04-19,19.9,20.71,18.35,18.44,17439300
2022-04-20,18.04,18.88,17.17,17.17,23643600
2022-04-21,16.31,18.17,16.31,17.98,20350700
2022-04-22,18.29,18.85,17.08,18.29,11333000
2022-04-25,18.54,18.54,17.02,17.02,11985400
2022-04-26,16.68,17.36,15.84,17.36,15173200
2022-04-27,17.36,17.7,16.62,17.48,12419200
2022-04-28,17.42,17.79,16.96,16.96,8502500
2022-04-29,16.96,17.73,16.86,17.48,14066000
2022-05-04,17.36,17.79,17.11,17.33,9847200
2022-05-05,17.52,18.2,17.3,17.67,17069200
2022-05-06,16.74,17.2,16.46,16.46,16471200
2022-05-09,15.62,15.93,15.31,15.31,10157200
2022-05-10,14.26,15.19,14.26,14.88,22456500
2022-05-11,14.88,15.19,14.26,14.76,8121400
2022-05-12,14.51,15.0,13.73,13.73,9752900
2022-05-13,13.08,13.7,12.77,12.77,15889100
2022-05-16,13.33,13.48,11.9,12.21,18080200
2022-05-17,11.97,13.05,11.9,13.05,11989400
2022-05-18,13.45,13.83,13.08,13.58,11690500
2022-05-19,13.02,13.95,12.96,13.64,11783700
2022-05-20,13.89,14.45,13.64,13.89,13138400
2022-05-23,14.17,14.17,12.93,13.02,10097600
2022-05-24,12.96,13.45,12.43,13.45,8417300
2022-05-25,13.64,14.38,13.61,14.38,15774500
2022-05-26,14.76,15.0,14.48,14.63,11808800
2022-05-27,14.6,14.82,14.45,14.57,8157800
2022-05-30,14.57,15.0,14.45,14.88,9874400
2022-05-31,14.76,14.91,14.51,14.72,9621000
2022-06-01,14.69,14.79,14.01,14.51,11571100
2022-06-02,14.63,14.63,13.8,13.89,9623100
2022-06-03,13.7,14.1,13.45,13.7,9657100
2022-06-06,13.7,14.01,13.36,13.39,8928700
2022-06-07,13.33,14.26,13.05,14.17,10901100
2022-06-08,14.48,14.88,14.23,14.51,12305800
2022-06-09,14.51,14.76,14.38,14.57,6916300
2022-06-10,14.38,15.5,14.26,14.88,21404500
2022-06-13,14.29,15.31,14.17,14.17,14976200
2022-06-14,14.17,14.63,14.01,14.32,8081600
2022-06-15,14.32,14.54,13.33,13.33,13077800
2022-06-16,13.76,13.89,13.02,13.02,8014500
2022-06-17,12.52,12.86,12.12,12.12,19771400
2022-06-20,12.15,12.52,11.28,11.28,11853000
2022-06-21,10.85,11.38,10.51,10.66,15469500
2022-06-22,11.04,11.41,10.97,11.41,8453800
2022-06-23,11.62,12.0,11.5,11.9,5926600
2022-06-24,12.09,12.18,11.78,11.78,6014800
2022-06-27,11.9,12.59,11.81,12.59,10281400
2022-06-28,12.65,13.27,12.43,12.96,9852500
2022-06-29,12.71,13.08,12.62,12.68,6118600
2022-06-30,12.71,12.99,12.12,12.12,10318800
2022-07-01,12.09,12.4,11.53,12.31,8454200
2022-07-04,12.4,12.9,12.4,12.71,5891700
2022-07-05,12.71,12.8,12.24,12.34,4831300
2022-07-06,12.09,12.31,11.69,11.72,5813300
2022-07-07,11.78,11.97,11.53,11.81,3818500
2022-07-08,11.94,12.56,11.94,12.21,5326800
2022-07-11,12.21,12.9,12.21,12.71,10908000
2022-07-12,12.71,13.58,12.71,13.45,10202000
2022-07-13,13.58,13.64,13.23,13.23,7476700
2022-07-14,13.07,13.64,13.04,13.64,8417700
2022-07-15,13.64,13.87,13.39,13.39,9042400
2022-07-18,13.68,13.68,13.33,13.36,5153100
2022-07-19,13.29,13.64,13.01,13.58,5408100
2022-07-20,13.74,14.37,13.74,14.12,11472700
2022-07-21,14.06,14.53,13.96,14.12,7494300
2022-07-22,14.21,14.75,14.12,14.41,9357000
2022-07-25,14.41,14.72,14.18,14.21,8580100
2022-07-26,14.41,14.44,13.58,13.64,9658900
2022-07-27,13.45,14.09,13.29,13.96,7792300
2022-07-28,14.41,14.56,14.18,14.18,6787800
2022-07-29,14.21,14.85,14.09,14.6,12788600
2022-08-01,14.53,15.23,14.41,15.1,11904000
2022-08-02,15.04,15.45,14.85,15.04,11504600
2022-08-03,14.79,15.36,14.79,15.14,8982400
2022-08-04,15.33,15.33,14.72,14.72,11501500
2022-08-05,14.63,15.07,14.5,14.94,11702500
2022-08-08,14.98,15.8,14.98,15.55,13157800
2022-08-09,15.55,15.58,15.29,15.36,7064300
2022-08-10,15.36,15.83,15.14,15.42,11289800
2022-08-11,15.58,15.64,14.91,14.98,13301300
2022-08-12,15.04,15.61,14.94,15.55,9851700
2022-08-15,15.71,15.99,15.64,15.64,9563900
2022-08-16,15.67,15.71,15.42,15.48,6821900
2022-08-17,15.45,15.77,15.29,15.48,9613400
2022-08-18,15.39,15.48,15.2,15.23,7320300
2022-08-19,15.26,15.52,15.07,15.17,8179600
2022-08-22,15.01,15.45,15.01,15.07,7778000
2022-08-23,14.94,15.58,14.94,15.58,9873700
2022-08-24,15.61,16.44,15.58,16.21,22266300
2022-08-25,16.21,16.63,16.12,16.18,7679300
2022-08-26,16.25,16.28,15.74,15.86,10914500
2022-08-29,15.39,15.55,14.91,15.55,16812300
2022-08-30,15.71,15.99,15.42,15.42,7582100
2022-08-31,15.29,15.71,15.29,15.39,6129600
2022-09-05,15.36,15.64,15.36,15.45,5040000
2022-09-06,15.52,16.12,15.52,15.86,15306700
2022-09-07,15.86,16.09,15.1,15.1,16856500
2022-09-08,15.2,15.36,14.34,14.34,12113700
2022-09-09,14.53,14.88,14.02,14.88,10570000
2022-09-12,14.91,15.01,14.53,14.56,6307461
2022-09-13,14.63,14.69,14.31,14.66,5226300
2022-09-14,14.34,14.69,14.25,14.56,6525500
2022-09-15,14.72,14.85,14.6,14.6,3957800
2022-09-16,14.6,14.66,14.02,14.02,9593800
2022-09-19,14.02,14.02,13.07,13.07,10441200
2022-09-20,13.26,13.45,12.63,13.33,6824600
2022-09-21,13.2,13.49,12.95,13.17,4971000
2022-09-22,12.98,13.52,12.88,13.45,5870200
2022-09-23,13.36,13.68,13.33,13.33,4941300
2022-09-26,13.01,13.04,12.41,12.41,13591400
2022-09-27,12.41,12.66,12.37,12.37,4472200
2022-09-28,12.34,12.5,11.93,11.93,5702386
2022-09-29,12.31,12.31,11.55,11.55,5849209
2022-09-30,11.49,12.06,10.79,12.06,11817094
2022-10-03,11.87,11.93,11.23,11.23,6937286
2022-10-04,11.49,11.49,10.6,10.66,7506713
2022-10-05,11.01,11.23,10.79,11.17,7991460
2022-10-06,11.2,11.2,10.41,10.41,8267472
2022-10-07,10.09,10.15,9.71,9.71,16767035
2022-10-10,9.52,9.87,9.04,9.39,12446747
2022-10-11,9.42,9.42,8.76,8.76,8079464
2022-10-12,8.31,9.23,8.31,8.88,9549290
2022-10-13,8.95,9.11,8.69,8.92,7342527
2022-10-14,9.17,9.52,9.14,9.52,15772761
2022-10-17,9.52,9.77,9.27,9.61,8624191
2022-10-18,9.84,10.06,9.49,9.52,12078319
2022-10-19,9.55,9.74,9.23,9.27,7823228
2022-10-20,9.2,9.33,8.82,8.98,9640622
2022-10-21,8.98,9.04,8.38,8.38,12727642
2022-10-24,8.25,8.44,7.81,7.81,10663941
2022-10-25,7.42,8.06,7.27,7.46,20215724
2022-10-26,7.52,7.74,7.14,7.46,6303039
2022-10-27,7.68,7.96,7.55,7.96,12158454
2022-10-28,8.12,8.5,8.06,8.12,16389579
2022-10-31,8.25,8.54,7.87,8.5,12351425
2022-11-01,8.73,8.76,8.41,8.5,11211208
2022-11-02,8.5,8.6,8.25,8.25,10601836
2022-11-03,8.09,8.44,8.09,8.25,6088219
2022-11-04,8.19,8.22,7.68,7.68,16915113
2022-11-07,7.68,7.68,7.17,7.17,15667144
2022-11-08,6.82,7.49,6.82,7.42,8948862
2022-11-09,7.55,7.81,7.36,7.49,6902155
2022-11-10,7.23,7.36,6.98,6.98,12675543
2022-11-11,7.17,7.46,6.95,7.3,18901238
2022-11-14,7.23,7.62,6.95,7.36,12659253
2022-11-15,7.11,7.42,6.85,7.33,17854056
2022-11-16,6.89,7.84,6.82,7.84,15011806
2022-11-17,7.93,8.25,7.81,8.06,13579953
2022-11-18,7.93,8.44,7.62,8.34,21224787
2022-11-21,8.44,8.6,8.28,8.44,9649903
2022-11-22,8.38,8.88,8.0,8.03,24538207
2022-11-23,8.0,8.28,7.81,7.81,10444726
2022-11-24,7.68,7.96,7.52,7.96,10298722
2022-11-25,8.19,8.47,8.0,8.47,13932542
2022-11-28,8.63,9.04,8.57,9.04,22183283
2022-11-29,9.14,9.55,8.76,9.33,23101973
2022-11-30,9.27,9.61,9.04,9.49,16105988
2022-12-01,9.65,9.93,8.88,9.01,21559311
2022-12-02,8.88,9.61,8.82,9.61,15130301
2022-12-05,9.99,10.28,9.74,10.28,21411193
2022-12-06,10.25,10.69,9.84,9.84,22521536
2022-12-07,9.8,10.09,9.58,9.74,12457065
2022-12-08,9.99,10.41,9.9,10.15,15486786
2022-12-09,10.19,10.25,9.87,10.15,9564014
2022-12-12,10.03,10.85,9.9,9.9,23161457
2022-12-13,9.99,10.12,9.65,10.09,11301011
2022-12-14,10.47,10.47,9.93,9.93,13746803
2022-12-15,9.9,10.06,9.74,10.03,10630706
2022-12-16,9.9,10.57,9.8,10.38,23790907
2022-12-19,10.34,10.5,9.77,9.77,18236251
2022-12-20,9.74,9.84,9.11,9.11,26840321
2022-12-21,9.2,9.2,8.47,8.47,22632237
2022-12-22,8.57,8.66,8.0,8.6,18687536
2022-12-23,8.6,8.98,8.47,8.79,16698640
2022-12-26,8.85,8.85,8.19,8.19,11655197
2022-12-27,7.93,8.34,7.62,8.31,29266672
2022-12-28,8.31,8.5,8.09,8.34,13087981
2022-12-29,8.25,8.44,8.06,8.06,8827026
2022-12-30,8.12,8.15,7.87,7.87,8864485
2023-01-03,7.9,8.41,7.9,8.41,12430805
2023-01-04,8.54,8.69,8.34,8.34,17018058
2023-01-05,8.41,8.66,8.34,8.6,18319976
2023-01-06,8.57,8.69,8.19,8.31,15931750
2023-01-09,8.38,8.47,8.19,8.19,8592089
2023-01-10,8.19,8.38,7.93,8.34,11527057
2023-01-11,8.38,8.63,8.34,8.34,11510488
2023-01-12,8.38,8.44,8.28,8.44,7512677
2023-01-13,8.5,8.88,8.47,8.69,26787752
2023-01-16,8.76,8.76,8.54,8.63,9739904
2023-01-17,8.69,8.88,8.6,8.88,14530054
2023-01-18,9.01,9.17,8.82,9.11,14449297
2023-01-19,9.04,9.17,8.95,9.14,12284403
2023-01-27,9.33,9.52,9.14,9.33,11712048
2023-01-30,9.27,9.46,9.04,9.04,19220616
2023-01-31,9.01,9.3,8.95,9.3,13731366
2023-02-01,9.36,9.42,8.66,8.73,20151452
2023-02-02,8.73,8.85,8.5,8.6,12775327
2023-02-03,8.66,8.82,8.5,8.63,7049158
2023-02-06,8.63,8.79,8.54,8.76,7031579
2023-02-07,8.76,9.01,8.63,8.63,14960626
2023-02-08,8.69,8.85,8.54,8.66,6793391
2023-02-09,8.66,8.85,8.63,8.66,5043125
2023-02-10,8.66,8.85,8.57,8.66,10140670
2023-02-13,8.6,8.63,8.06,8.12,17031227
2023-02-14,8.12,8.19,7.87,7.93,9091614
2023-02-15,7.96,8.19,7.93,8.12,6326833
2023-02-16,8.19,8.31,8.12,8.28,5589224
2023-02-17,8.25,8.34,8.12,8.19,5692859
2023-02-20,8.19,8.6,8.19,8.6,11553926
2023-02-21,8.69,8.73,8.41,8.41,11607521
2023-02-22,8.0,8.22,7.93,7.93,21344859
2023-02-23,7.93,8.0,7.42,7.93,16072717
2023-02-24,7.93,7.93,7.62,7.62,6611395
2023-02-27,7.49,7.68,7.3,7.3,8083347
2023-02-28,7.42,7.55,7.3,7.3,4030538
2023-03-01,7.3,7.46,7.14,7.46,6258477
2023-03-02,7.49,7.58,7.42,7.46,3045237
2023-03-03,7.49,7.55,7.3,7.3,3684859
2023-03-06,7.49,7.62,7.33,7.36,7896561
2023-03-07,7.42,7.46,7.33,7.42,3411230
2023-03-08,7.42,7.55,7.33,7.55,5488796
2023-03-09,7.65,8.03,7.62,7.93,13378454
2023-03-10,7.84,8.0,7.81,7.87,7189974
2023-03-13,7.71,7.87,7.68,7.81,6646075
2023-03-14,7.81,7.84,7.52,7.55,9525232
2023-03-15,7.81,7.93,7.65,7.9,8661541
2023-03-16,7.81,7.84,7.62,7.68,8585426
2023-03-17,7.87,7.87,7.65,7.84,8173373
2023-03-20,7.81,7.81,7.52,7.52,5629649
2023-03-21,7.62,7.74,7.52,7.71,4073550
2023-03-22,7.77,7.81,7.62,7.62,4793673
2023-03-23,7.55,7.71,7.55,7.71,3988534
2023-03-24,7.77,7.87,7.71,7.81,6708452
2023-03-27,7.84,7.96,7.81,7.96,8956389
2023-03-28,8.03,8.09,7.93,7.93,9018472
2023-03-29,7.96,8.0,7.84,7.93,6167161
2023-03-30,8.0,8.03,7.84,7.84,9111412
2023-03-31,7.84,7.87,7.74,7.87,7850414
2023-04-03,8.0,8.41,7.96,8.34,19253268
2023-04-04,8.38,8.38,8.22,8.34,8772956
2023-04-05,8.31,8.63,8.31,8.5,12530462
2023-04-06,8.57,8.69,8.25,8.25,14551057
2023-04-07,8.25,8.38,8.12,8.31,9379932
2023-04-10,8.41,8.6,8.25,8.31,11377542
2023-04-11,8.28,8.44,8.19,8.44,8653148
2023-04-12,8.5,8.73,8.44,8.54,19963516
2023-04-13,8.57,8.66,8.38,8.41,8991462
2023-04-14,8.41,8.5,8.03,8.03,13577378
2023-04-17,8.09,8.19,8.03,8.12,4484242
2023-04-18,8.19,8.28,8.09,8.28,5323655
2023-04-19,8.34,8.34,8.09,8.12,5834639
2023-04-20,8.09,8.22,8.06,8.15,3096365
2023-04-21,8.12,8.22,8.0,8.06,4990029
2023-04-24,8.0,8.12,7.96,8.0,4349884
2023-04-25,8.06,8.19,7.96,8.0,5080192
2023-04-26,8.0,8.12,8.0,8.12,4748664
2023-04-27,8.12,8.44,8.12,8.34,11216185
2023-04-28,8.38,8.5,8.34,8.34,5729076
2023-05-04,8.34,8.57,8.25,8.5,12578315
2023-05-05,8.5,8.95,8.47,8.76,21710847
2023-05-08,8.88,8.92,8.69,8.82,10615489
2023-05-09,8.88,8.88,8.69,8.82,8553392
2023-05-10,8.82,9.07,8.82,8.88,12575630
2023-05-11,8.95,9.33,8.79,9.17,23220353
2023-05-12,9.17,9.27,9.07,9.27,10393235
2023-05-15,9.3,9.3,8.88,8.88,26018129
2023-05-16,9.01,9.07,8.88,8.98,13813926
2023-05-17,9.01,9.11,8.79,8.82,13890162
2023-05-18,8.88,8.92,8.76,8.85,9004387
2023-05-19,8.85,9.01,8.82,8.98,10047913
2023-05-22,9.04,9.2,9.01,9.2,12577770
2023-05-23,9.27,9.3,8.98,9.07,12784506
2023-05-24,9.14,9.17,8.98,8.98,6828982
2023-05-25,8.98,9.2,8.88,9.11,8758420
2023-05-26,9.14,9.65,9.04,9.52,31382256
2023-05-29,9.65,9.93,9.58,9.8,20766740
2023-05-30,9.87,9.99,9.65,9.9,18102557
2023-05-31,9.96,9.96,9.77,9.8,13890546
2023-06-01,9.77,10.47,9.77,10.47,37298752
2023-06-02,10.72,10.92,10.57,10.85,24082877
2023-06-05,10.92,11.04,10.76,11.04,21993359
2023-06-06,10.95,11.52,10.79,11.42,18111036
2023-06-07,11.49,12.06,11.33,12.06,20652455
2023-06-08,12.15,12.76,11.36,11.36,45732843
2023-06-09,11.68,12.12,11.49,12.12,36816421
2023-06-12,12.47,12.5,11.93,12.37,19782841
2023-06-13,12.41,12.44,11.93,12.03,20113862
2023-06-14,12.18,12.22,11.87,11.87,20686138
2023-06-15,11.74,12.06,11.74,12.06,12035065
2023-06-16,12.25,12.37,11.93,12.12,20973601
2023-06-19,12.18,12.18,11.74,11.77,12383626
2023-06-20,11.77,12.18,11.77,12.18,13243859
2023-06-21,12.25,13.01,12.22,12.88,37343661
2023-06-22,13.17,13.17,12.79,13.07,17107201
2023-06-23,13.2,13.39,12.79,13.07,23966514
2023-06-26,13.04,13.04,12.18,12.98,51424911
2023-06-27,13.1,13.1,12.56,12.63,22604666
2023-06-28,12.56,12.76,12.22,12.37,18006668
2023-06-29,12.44,12.44,11.8,11.8,15724279
2023-06-30,11.84,12.28,11.74,12.28,14433378
2023-07-03,12.44,12.44,12.22,12.28,6550034
2023-07-04,12.34,12.5,12.22,12.5,11849971
2023-07-05,12.56,12.63,12.12,12.12,19325500
2023-07-06,12.12,12.22,11.58,11.99,22788444
2023-07-07,11.74,11.84,11.36,11.71,25282533
2023-07-10,11.74,12.31,11.74,12.31,18095991
2023-07-11,12.44,12.44,12.15,12.15,14955433
2023-07-12,12.22,12.34,12.03,12.25,10136962
2023-07-13,12.34,12.85,12.25,12.82,38091102
2023-07-14,12.98,13.07,12.6,12.95,24355093
2023-07-17,13.04,13.29,12.82,13.01,16352000
2023-07-18,13.01,13.1,12.69,13.04,12194582
2023-07-19,13.17,13.33,12.95,12.95,16432043
2023-07-20,12.91,13.23,12.72,13.17,13356479
2023-07-21,13.36,13.77,13.33,13.55,19621884
2023-07-24,13.68,14.09,13.58,13.96,23118986
2023-07-25,14.15,14.18,13.71,13.96,12963731
2023-07-26,13.96,14.47,13.8,14.41,29558848
2023-07-27,14.79,14.79,14.18,14.5,21703140
2023-07-28,14.5,14.5,14.15,14.31,16209088
2023-07-31,14.53,14.53,14.18,14.31,11473249
2023-08-01,14.34,14.79,14.02,14.34,36229703
2023-08-02,14.5,14.69,14.34,14.56,16770576
2023-08-03,14.56,14.98,14.47,14.91,18788405
2023-08-04,15.2,15.2,14.72,14.98,21824324
2023-08-07,15.1,15.1,14.79,14.85,11685909
2023-08-08,14.91,15.01,14.53,14.6,16673311
2023-08-09,14.5,14.69,14.31,14.44,16633148
2023-08-10,14.41,14.47,13.87,13.99,25476209
2023-08-11,13.99,14.21,13.9,14.21,15912537
2023-08-14,14.28,14.53,14.28,14.34,14614369
2023-08-15,14.44,14.69,14.41,14.6,12976845
2023-08-16,14.6,14.66,14.5,14.53,9883283
2023-08-17,14.6,15.39,14.53,15.01,42020627
2023-08-18,14.91,14.91,13.96,13.96,28372857
2023-08-21,13.77,13.9,13.2,13.33,18697571
2023-08-22,13.52,13.58,12.47,13.58,15973491
2023-08-23,13.74,13.93,13.45,13.61,13821691
2023-08-24,13.68,13.96,13.36,13.93,16681722
2023-08-25,13.93,14.15,13.83,13.9,13638447
2023-08-28,14.15,14.63,13.93,14.56,26505894
2023-08-29,14.72,14.98,14.44,14.6,20902751
2023-08-30,14.75,14.85,14.31,14.85,18603130
2023-08-31,14.98,15.67,14.91,15.67,36642308
2023-09-05,15.86,15.93,15.52,15.71,25826040
2023-09-06,15.77,15.86,15.42,15.86,29400441
2023-09-07,15.93,15.99,15.52,15.61,27108083
2023-09-08,15.61,16.31,15.55,16.31,37212744
2023-09-11,16.37,16.37,15.42,15.42,29573803
2023-09-12,15.58,16.02,15.17,16.02,20357598
2023-09-13,16.21,16.69,15.86,16.44,38661561
2023-09-14,16.44,16.44,15.55,15.64,31985010
2023-09-15,15.77,15.83,15.2,15.58,21803361
2023-09-18,15.48,15.55,14.85,14.94,29665340
2023-09-19,15.07,15.36,14.5,15.36,28430850
2023-09-20,15.45,15.67,15.26,15.55,19315731
2023-09-21,15.64,15.64,14.98,15.07,26256057
2023-09-22,14.66,14.72,14.02,14.02,40814560
2023-09-25,13.87,14.15,13.07,13.07,27110070
2023-09-26,12.82,13.36,12.18,12.18,29189499
2023-09-27,12.25,13.01,11.71,13.01,26201572
2023-09-28,12.98,13.29,12.63,13.29,18525133
2023-09-29,13.36,13.45,12.95,13.2,17816551
2023-10-02,13.14,13.42,12.95,13.07,10585275
2023-10-03,12.72,12.85,12.18,12.18,24735596
2023-10-04,11.74,12.82,11.61,12.5,20222079
2023-10-05,12.69,12.91,12.44,12.56,14809351
2023-10-06,12.56,12.98,12.41,12.91,11075477
2023-10-09,12.88,13.1,12.72,12.98,12227454
2023-10-10,13.14,13.42,13.04,13.14,17466317
2023-10-11,13.17,13.71,13.07,13.68,17776089
2023-10-12,13.8,13.9,13.45,13.58,14111499
2023-10-13,13.33,13.74,13.23,13.64,14684740
2023-10-16,13.71,14.21,13.61,13.77,20756638
2023-10-17,13.96,14.06,12.82,12.82,15107156
2023-10-18,13.01,13.29,12.37,13.01,23493160
2023-10-19,12.88,13.1,12.37,12.63,15726226
2023-10-20,12.56,13.29,12.44,13.29,11814157
2023-10-23,13.23,13.45,12.91,13.1,13235379
2023-10-24,13.26,13.61,12.88,13.61,14003149
2023-10-25,13.71,13.8,13.23,13.23,11429224
2023-10-26,12.88,12.98,12.31,12.31,31582513
2023-10-27,12.53,12.72,11.87,12.63,8930851
2023-10-30,12.37,12.6,11.77,11.77,9729038
2023-10-31,11.93,12.03,10.98,10.98,21050629
2023-11-01,11.04,11.55,10.69,11.45,10836421
2023-11-02,11.71,12.25,11.61,12.25,14155065
2023-11-03,12.47,12.5,11.96,12.06,14628053
2023-11-06,12.28,12.63,12.03,12.6,15558264
2023-11-07,12.44,12.6,12.31,12.41,9980439
2023-11-08,12.31,13.26,12.31,13.26,27367122
2023-11-09,13.45,14.02,13.39,13.58,30259971
2023-11-10,13.45,14.28,13.42,13.87,35858029
2023-11-13,14.15,14.28,13.68,13.96,20507153
2023-11-14,14.18,14.37,13.93,14.06,21836511
2023-11-15,14.47,14.5,14.02,14.09,18795043
2023-11-16,14.02,14.21,13.87,14.21,12627726
2023-11-17,14.31,14.47,13.71,13.71,24556985
2023-11-20,13.2,13.96,13.2,13.9,21363910
2023-11-21,14.09,14.15,13.9,14.15,11894999
2023-11-22,14.21,14.72,14.15,14.69,42811650
2023-11-23,14.72,14.79,13.68,13.68,27256128
2023-11-24,13.83,13.96,13.26,13.83,24646262
2023-11-27,13.9,13.9,13.45,13.45,9832339
2023-11-28,13.39,13.77,13.1,13.64,15728721
2023-11-29,13.71,13.9,13.68,13.9,12977962
2023-11-30,13.9,14.15,13.64,13.64,14998833
2023-12-01,13.8,13.87,13.55,13.83,10003975
2023-12-04,14.15,14.79,14.02,14.79,40466382
2023-12-05,14.85,15.17,14.79,14.94,28048313
2023-12-06,15.01,15.23,14.88,15.2,18437737
2023-12-07,15.2,15.23,14.34,14.85,42172459
2023-12-08,14.91,15.1,14.6,14.82,19574936
2023-12-11,14.82,14.91,14.47,14.63,13796404
2023-12-12,14.75,14.91,14.66,14.69,9773096
2023-12-13,14.79,14.91,14.41,14.41,18829884
2023-12-14,14.6,14.6,14.18,14.18,16934231
2023-12-15,14.21,14.41,14.06,14.12,15553821
2023-12-18,14.18,14.18,13.93,13.93,12676968
2023-12-19,13.93,14.21,13.83,14.21,11818219
2023-12-20,14.21,14.41,14.21,14.34,9943049
2023-12-21,14.25,14.41,14.18,14.34,8729417
2023-12-22,14.34,14.69,14.34,14.41,16002197
2023-12-25,14.44,14.79,14.41,14.72,15889046
2023-12-26,14.72,15.01,14.66,14.88,22745650
2023-12-27,14.91,15.01,14.82,14.82,19831615
2023-12-28,14.82,14.91,14.75,14.85,12522960
2023-12-29,14.91,14.98,14.79,14.98,13185299
2024-01-02,15.04,15.07,13.93,14.06,47563137
2024-01-03,14.06,14.31,14.02,14.31,15212385
2024-01-04,14.31,14.37,14.12,14.12,25879581
2024-01-05,14.18,14.21,13.87,14.06,19586477
2024-01-08,14.15,14.25,14.09,14.12,12233961
2024-01-09,14.15,14.53,14.12,14.25,18657651
2024-01-10,14.21,14.31,13.9,14.06,15562692
2024-01-11,14.09,14.18,13.9,14.02,14966174
2024-01-12,13.71,13.9,13.49,13.52,26907384
2024-01-15,13.68,13.74,13.33,13.33,9921790
2024-01-16,13.33,13.68,13.26,13.64,8433114
2024-01-17,13.77,13.87,13.61,13.68,9380363
2024-01-18,13.74,13.77,13.61,13.71,6907129
2024-01-19,13.8,14.09,13.74,13.8,13386487
2024-01-22,13.83,13.9,13.55,13.83,7801873
2024-01-23,13.87,13.93,13.68,13.68,6225887
2024-01-24,13.64,13.77,13.58,13.61,6943371
2024-01-25,13.64,13.83,13.58,13.64,5596365
2024-01-26,13.61,13.8,13.61,13.74,5438810
2024-01-29,13.77,14.02,13.74,13.8,10717689
2024-01-30,13.8,13.9,13.74,13.9,5279953
2024-01-31,13.9,14.02,13.64,13.64,13302218
2024-02-01,13.58,13.74,13.58,13.61,8499113
2024-02-02,13.61,13.83,13.58,13.58,10517023
2024-02-05,13.64,13.71,13.42,13.45,11169339
2024-02-06,13.49,13.55,13.36,13.42,9792423
2024-02-07,13.45,13.74,13.42,13.64,9321524
2024-02-15,13.8,14.12,13.74,13.96,22463696
2024-02-16,14.02,14.34,13.96,14.18,19059061
2024-02-19,14.18,14.28,13.99,14.12,15974287
2024-02-20,14.18,14.37,14.02,14.28,22529261
2024-02-21,14.37,14.37,14.15,14.21,12999893
2024-02-22,14.21,14.41,14.15,14.15,10865836
2024-02-23,14.28,14.28,13.77,13.87,19977528
2024-02-26,13.74,13.9,13.64,13.8,7907136
2024-02-27,13.8,14.12,13.77,13.96,11931283
2024-02-28,14.06,14.66,13.96,14.31,33260874
2024-02-29,14.41,14.5,14.06,14.15,17564257
2024-03-01,14.21,14.72,14.12,14.72,36714726
2024-03-04,14.98,14.98,14.66,14.69,24726434
2024-03-05,14.72,14.91,14.63,14.91,18750661
2024-03-06,15.1,15.17,14.31,14.47,37095998
2024-03-07,14.47,14.69,14.28,14.63,21923507
2024-03-08,14.72,14.75,14.34,14.34,19347812
2024-03-11,14.34,14.34,13.83,14.02,16388207
2024-03-12,14.02,14.18,13.9,13.96,10941154
2024-03-13,14.02,14.5,13.96,14.5,19242734
2024-03-14,14.56,14.82,14.44,14.53,25212935
2024-03-15,14.47,14.82,14.41,14.63,23262496
2024-03-18,14.75,14.88,13.99,14.37,28888770
2024-03-19,14.47,14.53,14.28,14.31,9768053
2024-03-20,14.41,14.79,14.28,14.79,21960382
2024-03-21,15.04,15.14,14.79,14.88,23950050
2024-03-22,15.01,15.9,15.01,15.83,72097465
2024-03-25,15.96,16.09,15.45,15.55,35717649
2024-03-26,15.45,16.25,15.45,15.93,29620886
2024-03-27,16.06,16.06,15.64,15.9,20734655
2024-03-28,16.06,16.09,15.67,15.74,17133185
2024-03-29,15.77,16.06,15.64,15.8,21788383
2024-04-01,15.8,16.09,15.71,15.99,18914938
2024-04-02,15.93,16.5,15.77,16.18,28651790
2024-04-03,16.18,16.25,15.58,15.58,29265896
2024-04-04,15.58,15.67,15.17,15.36,27012364
2024-04-05,15.1,15.33,14.88,14.88,26079221
2024-04-08,14.88,14.98,14.79,14.88,19132143
2024-04-09,14.85,15.17,14.79,15.17,12143396
2024-04-10,15.17,15.17,14.79,14.79,12421635
2024-04-11,14.5,14.79,14.5,14.66,16514861
2024-04-12,14.79,14.85,14.66,14.75,11965367
2024-04-15,14.63,14.91,13.74,13.74,26720689
2024-04-16,13.52,13.71,12.82,13.23,30788868
2024-04-17,13.36,13.42,12.69,12.69,15115811
2024-04-19,12.41,12.95,12.12,12.5,20927409
2024-04-22,12.91,12.91,12.56,12.76,9791676
2024-04-23,12.79,12.82,12.34,12.34,10011172
2024-04-24,12.56,13.01,12.44,12.88,11216262
2024-04-25,12.82,13.2,12.72,13.2,12252770
2024-04-26,12.95,13.2,12.91,12.95,10445278
2024-05-02,12.95,13.36,12.85,13.29,10426960
2024-05-03,13.33,13.36,13.07,13.1,8913724
2024-05-06,13.23,13.58,13.2,13.52,8682558
2024-05-07,13.58,14.06,13.55,13.9,18641540
2024-05-08,13.77,13.93,13.64,13.87,10556409
2024-05-09,13.9,13.96,13.71,13.74,8157470
2024-05-10,13.77,13.8,13.55,13.77,8247631
2024-05-13,13.8,14.31,13.8,14.02,16638998
2024-05-14,14.09,14.28,14.02,14.02,10575301
2024-05-15,14.18,14.44,14.09,14.25,15732935
2024-05-16,14.41,14.44,14.21,14.28,13345267
2024-05-17,14.28,14.53,14.25,14.53,11184212
2024-05-20,14.79,15.07,14.63,14.79,18863670
2024-05-21,14.72,14.88,14.47,14.79,13032791
2024-05-22,14.88,14.91,14.34,14.41,15468496
2024-05-23,14.41,15.17,14.31,15.04,22680629
2024-05-24,14.88,15.07,14.41,14.6,20199516
2024-05-27,14.6,15.33,14.53,15.2,16390032
2024-05-28,15.39,15.39,15.07,15.23,18365322
2024-05-29,15.26,15.48,14.85,14.98,18558787
2024-05-30,14.79,14.98,14.56,14.98,13013171
2024-05-31,15.01,15.04,14.79,14.79,8689754
2024-06-03,14.91,15.2,14.85,15.1,10355178
2024-06-04,15.17,15.52,15.04,15.14,14945048
2024-06-05,15.2,15.36,14.98,14.98,11126879
2024-06-06,15.01,15.23,14.85,14.98,12161479
2024-06-07,15.01,15.45,14.98,15.17,15606711
2024-06-10,15.17,15.26,15.04,15.17,8238477
2024-06-11,15.26,15.26,14.63,14.75,19086427
2024-06-12,14.79,14.98,14.66,14.94,9202633
2024-06-13,15.04,15.23,14.94,15.04,10871244
2024-06-14,15.07,15.74,15.01,15.04,35940454
2024-06-17,15.14,15.29,15.01,15.1,10918117
2024-06-18,15.2,15.55,15.07,15.17,21356865
2024-06-19,15.33,15.55,15.01,15.14,24254762
2024-06-20,15.2,15.23,14.79,14.79,17375605
2024-06-21,14.85,15.04,14.72,14.72,11122833
2024-06-24,14.82,14.85,13.96,13.96,23490012
2024-06-25,14.02,14.31,13.96,14.21,7255472
2024-06-26,14.21,14.31,14.02,14.12,11727524
2024-06-27,14.12,14.21,14.06,14.18,4963273
2024-06-28,14.25,14.25,13.71,14.02,11780126
2024-07-01,13.87,14.12,13.87,14.12,5036666
2024-07-02,14.12,14.28,14.09,14.28,4542382
2024-07-03,14.28,14.41,14.21,14.31,5402317
2024-07-04,14.37,14.66,14.34,14.41,6469186
2024-07-05,14.47,14.6,14.34,14.47,6084626
2024-07-08,14.5,14.66,14.44,14.47,8879546
2024-07-09,14.56,15.04,14.53,15.04,19194749
2024-07-10,15.04,15.1,14.82,14.82,6635193
2024-07-11,15.01,15.01,14.72,14.72,6543286
2024-07-12,14.79,14.82,14.53,14.6,7333382
2024-07-15,14.72,14.91,14.5,14.91,8935746
2024-07-16,15.1,15.29,14.6,14.6,21087997
2024-07-17,14.79,14.79,13.58,14.02,13172321
2024-07-18,14.21,14.41,13.9,14.41,10648831
2024-07-19,14.41,14.47,13.99,14.02,9858350
2024-07-22,13.96,14.25,13.93,14.02,9486410
2024-07-23,14.15,14.18,13.87,13.87,8866472
2024-07-24,13.74,14.28,13.71,14.28,10239822
2024-07-25,14.34,14.34,14.02,14.21,5307041
2024-07-26,14.34,14.34,14.15,14.34,4889736
2024-07-29,14.41,14.44,14.31,14.31,6797634
2024-07-30,14.56,14.63,14.28,14.44,14254365
2024-07-31,14.53,14.63,14.31,14.44,11480036
2024-08-01,14.53,14.53,13.64,13.64,14356979
2024-08-02,13.45,13.71,13.26,13.64,8970076
2024-08-05,13.58,13.93,12.88,12.88,12783219
2024-08-06,13.14,13.29,12.91,13.23,4808667
2024-08-07,13.33,13.45,13.23,13.36,5021318
2024-08-08,13.33,13.42,13.01,13.2,7173367
2024-08-09,13.29,13.61,13.23,13.61,5646813
2024-08-12,13.93,13.99,13.58,13.64,12013121
2024-08-13,13.71,13.71,13.29,13.45,7159029
2024-08-14,13.58,13.61,13.26,13.26,4613166
2024-08-15,13.26,13.33,13.07,13.14,3259216
2024-08-16,13.29,13.64,13.17,13.64,10753817
2024-08-19,13.74,13.8,13.61,13.64,6683660
2024-08-20,13.74,13.87,13.61,13.87,7292349
2024-08-21,13.96,13.96,13.64,13.87,5777680
2024-08-22,13.9,13.9,13.71,13.77,5899557
2024-08-23,13.77,13.77,13.61,13.71,5487503
2024-08-26,13.83,14.02,13.71,13.71,8128178
2024-08-27,13.71,13.83,13.64,13.71,5013924
2024-08-28,13.77,13.77,13.55,13.64,5401927
2024-08-29,13.68,13.71,13.45,13.45,4324280
2024-08-30,13.52,13.61,13.42,13.42,4584985
2024-09-04,13.33,13.55,13.26,13.45,4527393
2024-09-05,13.55,13.61,13.29,13.42,4713819
2024-09-06,13.39,13.45,13.26,13.42,3639516
2024-09-09,13.39,13.52,13.26,13.33,2790723
2024-09-10,13.45,13.45,13.14,13.2,4908004
2024-09-11,13.2,13.26,13.04,13.17,4259758
2024-09-12,13.26,13.36,13.14,13.2,2053263
2024-09-13,13.14,13.23,13.07,13.07,3349114
2024-09-16,13.07,13.17,12.88,12.88,4072355
2024-09-17,12.88,13.2,12.88,13.2,4793851
2024-09-18,13.2,13.26,13.14,13.17,2824480
2024-09-19,13.17,13.26,13.14,13.17,2551556
2024-09-20,13.29,13.39,13.23,13.29,7002716
2024-09-23,13.33,13.33,13.17,13.17,3135358
2024-09-24,13.2,13.45,13.2,13.39,5764686
2024-09-25,13.55,13.64,13.49,13.55,6893607
2024-09-26,13.55,13.64,13.42,13.52,4973268
2024-09-27,13.61,13.64,13.49,13.58,6400971
2024-09-30,13.58,13.8,13.55,13.8,8280892
2024-10-01,13.8,13.96,13.74,13.8,10136794
2024-10-02,13.74,13.8,13.61,13.61,6107667
2024-10-03,13.61,13.68,13.42,13.45,7368232
2024-10-04,13.45,13.52,13.39,13.45,2614945
2024-10-07,13.49,13.52,13.17,13.26,7704520
2024-10-08,13.2,13.36,13.17,13.2,4253761
2024-10-09,13.26,13.33,13.2,13.29,3033324
2024-10-10,13.42,13.45,13.33,13.42,4492514
2024-10-11,13.42,13.45,13.33,13.33,4119386
2024-10-14,13.45,13.49,13.04,13.07,9041186
2024-10-15,13.1,13.2,12.95,12.95,5621627
2024-10-16,12.95,13.14,12.88,12.88,5727123
2024-10-17,12.91,13.07,12.72,12.95,6889686
2024-10-18,13.01,13.14,12.95,13.01,4054436
2024-10-21,13.01,13.39,12.95,13.23,12126334
2024-10-22,13.26,13.36,13.07,13.17,7036357
2024-10-23,13.17,13.2,13.07,13.07,4803710
2024-10-24,13.04,13.23,13.01,13.01,5155361
2024-10-25,13.04,13.1,12.95,12.98,2897169
2024-10-28,13.01,13.23,12.95,13.07,3651446
2024-10-29,13.1,13.26,13.07,13.2,4531631
2024-10-30,13.2,13.2,12.98,13.01,3423273
2024-10-31,13.01,13.04,12.88,12.95,3663908
2024-11-01,12.91,12.98,12.82,12.82,4702922
2024-11-04,12.79,12.85,12.5,12.56,6463536
2024-11-05,12.63,12.66,12.47,12.5,4015396
2024-11-06,12.6,12.88,12.47,12.82,4213444
2024-11-07,12.91,12.91,12.72,12.76,2447633
2024-11-08,12.72,12.79,12.6,12.6,3118470
2024-11-11,12.56,12.6,12.31,12.5,8613381
2024-11-12,12.5,12.6,12.34,12.34,5671581
2024-11-13,12.31,12.34,11.96,12.06,9816392
2024-11-14,11.99,12.06,11.52,11.55,12479242
2024-11-15,11.49,11.84,11.45,11.68,9082099
2024-11-18,11.58,11.68,11.33,11.45,6893315
2024-11-19,11.45,11.52,10.85,10.92,13343114
2024-11-20,10.88,11.17,10.85,11.07,7112354
2024-11-21,11.07,11.52,11.01,11.49,10647006
2024-11-22,11.49,11.52,11.3,11.45,9498517
2024-11-25,11.45,11.93,11.42,11.87,9643694
2024-11-26,11.93,11.96,11.8,11.84,6705787
2024-11-27,11.74,11.9,11.71,11.84,4207931
2024-11-28,11.93,12.06,11.8,11.96,5817695
2024-11-29,11.96,12.03,11.9,11.93,3840899
2024-12-02,11.93,12.06,11.9,11.9,3128286
2024-12-03,11.96,12.06,11.84,11.87,3188960
2024-12-04,11.93,11.96,11.8,11.84,4113007
2024-12-05,11.87,12.25,11.74,12.25,5797502
2024-12-06,12.28,12.37,12.09,12.09,5861920
2024-12-09,12.12,12.18,11.99,12.09,4337976
2024-12-10,12.06,12.15,11.99,12.03,2938488
2024-12-11,11.96,12.09,11.74,11.8,3703168
2024-12-12,11.87,11.96,11.8,11.84,2839468
2024-12-13,11.87,11.9,11.74,11.74,1841259
2024-12-16,11.74,12.18,11.74,12.06,5182207
2024-12-17,11.96,12.28,11.96,12.15,4490943
2024-12-18,12.15,12.31,12.15,12.31,4497908
2024-12-19,12.18,12.22,11.99,12.18,5278618
2024-12-20,12.15,12.37,12.12,12.34,3992975
2024-12-23,12.37,12.37,12.22,12.22,1862195
2024-12-24,12.12,12.34,12.09,12.25,3568178
2024-12-25,12.25,12.44,12.25,12.28,3627674
2024-12-26,12.31,12.37,12.22,12.28,3463880
2024-12-27,12.34,12.34,12.22,12.28,3132577
2024-12-30,12.22,12.31,11.99,12.15,2035188
2024-12-31,12.12,12.15,11.99,12.12,3361027
2025-01-02,12.12,12.12,11.99,12.06,1700415
2025-01-03,12.03,12.06,11.68,11.68,3803974
2025-01-06,11.74,11.74,11.33,11.42,4390248
2025-01-07,11.42,11.58,11.39,11.52,2325199
2025-01-08,11.45,11.61,11.45,11.55,1462906
2025-01-09,11.52,11.84,11.52,11.77,3219034
2025-01-10,11.74,11.96,11.68,11.8,4334786
2025-01-13,11.68,11.84,11.64,11.8,1616214
2025-01-14,11.74,11.96,11.74,11.8,2124838
2025-01-15,11.84,12.03,11.8,12.03,2502796
2025-01-16,12.12,12.18,11.99,12.12,2078341
2025-01-17,12.06,12.18,12.03,12.12,2840574
2025-01-20,12.15,12.18,12.03,12.03,3140871
2025-01-21,12.03,12.15,12.03,12.03,4260058
2025-01-22,12.03,12.09,11.87,11.87,1365628
2025-01-23,11.84,12.12,11.8,11.99,2863258
2025-01-24,11.99,12.82,11.96,12.82,20520595
2025-02-03,13.01,13.45,12.88,13.33,13362440
2025-02-04,13.33,13.55,13.26,13.45,9330727
2025-02-05,13.55,13.71,13.36,13.58,10235019
2025-02-06,13.61,13.68,13.42,13.61,7494078
2025-02-07,13.61,13.9,13.55,13.64,7981014
2025-02-10,13.61,13.61,13.33,13.33,6607804
2025-02-11,13.39,13.58,13.33,13.45,5439800
2025-02-12,13.45,13.93,13.45,13.68,9559996
2025-02-13,13.8,14.21,13.77,14.09,12711015
2025-02-14,14.15,14.18,13.9,13.96,6375964
2025-02-17,14.02,14.47,13.99,14.25,12270042
2025-02-18,14.25,14.37,14.12,14.28,8277081
2025-02-19,14.31,14.47,14.25,14.41,9973207
2025-02-20,14.41,14.47,14.28,14.28,11034417
2025-02-21,14.18,14.37,14.18,14.25,7969612
2025-02-24,14.25,14.69,14.25,14.53,13990036
2025-02-25,14.6,14.66,14.47,14.53,10596826
2025-02-26,14.56,14.6,14.44,14.53,7353414
2025-02-27,14.53,14.53,13.99,14.31,11937603
2025-02-28,14.31,14.56,14.31,14.44,8358754
2025-03-03,14.53,15.01,14.47,14.75,15842899
2025-03-04,14.75,14.85,13.99,14.72,22825246
2025-03-05,14.72,15.17,14.47,14.47,13541138
2025-03-06,14.6,14.91,14.44,14.85,13180526
2025-03-07,14.85,14.94,14.66,14.72,6679661
2025-03-10,14.75,14.82,14.5,14.56,7113963
2025-03-11,14.34,14.53,14.31,14.47,4787238
2025-03-12,14.5,14.79,14.5,14.6,7241529
2025-03-13,14.66,14.75,14.34,14.47,9329922
2025-03-14,14.44,14.5,14.15,14.31,6397493
2025-03-17,14.37,14.63,14.37,14.56,5199950
2025-03-18,14.69,14.79,14.37,14.37,3693610
2025-03-19,14.34,14.53,14.28,14.47,4087132
2025-03-20,14.56,15.14,14.44,15.14,17829425
2025-03-21,15.14,15.2,14.75,14.75,9411399
2025-03-24,14.82,14.91,14.69,14.79,5728655
2025-03-25,14.82,15.14,14.75,14.88,20508627
2025-03-26,14.91,15.07,14.6,14.66,6291802
2025-03-27,14.75,14.98,14.69,14.79,6809851
2025-03-28,14.79,14.85,14.63,14.82,5491090
2025-03-31,14.66,14.91,14.53,14.91,8253073
2025-04-01,15.1,15.64,15.04,15.48,32864008
2025-04-02,15.86,16.34,15.71,16.28,31841532
2025-04-03,15.48,15.74,15.17,15.17,29255037
2025-04-04,14.12,14.98,14.12,14.98,22661230
2025-04-08,14.34,14.56,13.93,13.93,12429506
2025-04-09,12.98,13.33,12.98,12.98,16643489
2025-04-10,13.87,13.87,13.87,13.87,656524
2025-04-11,13.96,14.56,13.49,14.5,22571245
2025-04-14,14.66,15.48,14.53,15.48,12769136
2025-04-15,15.14,16.28,15.14,15.96,18961806
2025-04-16,16.06,16.21,15.8,15.8,14691391
2025-04-17,15.74,16.69,15.61,16.69,17987230
2025-04-18,17.13,17.83,16.88,17.45,27695232
2025-04-21,17.83,18.18,16.72,17.32,19011588
2025-04-22,17.13,17.61,16.12,16.69,32653525
2025-04-23,17.26,17.32,16.91,17.1,10165866
2025-04-24,17.48,17.71,16.25,17.01,21101410
2025-04-25,16.98,17.2,16.81,17.17,8473013
2025-04-28,17.43,17.43,16.65,16.85,6269854
2025-04-29,17.01,17.27,16.68,17.14,6179896
2025-05-05,17.36,18.33,17.36,18.33,19175817
2025-05-06,18.62,19.01,18.33,18.5,11806045
2025-05-07,18.59,19.53,18.5,19.24,13103556
2025-05-08,19.34,19.63,19.24,19.59,10254489
2025-05-09,19.69,19.69,19.24,19.4,8094208
2025-05-12,19.4,19.72,19.34,19.43,6167764
2025-05-13,19.56,19.56,18.95,19.08,14572342
2025-05-14,19.66,19.83,19.35,19.69,5775805
2025-05-15,19.76,19.79,19.01,19.22,10458153
2025-05-16,19.25,20.13,19.22,19.93,9493449
2025-05-19,19.93,20.85,19.79,20.13,10404570
2025-05-20,20.17,20.68,20.13,20.64,9859570
2025-05-21,20.95,22.07,20.91,22.07,22258335
2025-05-22,22.41,23.6,21.59,21.73,37390569
2025-05-23,22.41,22.88,21.93,22.88,14344966
2025-05-26,23.22,23.83,22.64,23.83,13873685
2025-05-27,24.31,24.65,23.97,24.44,12877916
2025-05-28,24.44,24.61,23.43,24.1,11384079
2025-05-29,24.24,25.77,24.14,24.31,21266414
2025-05-30,24.31,24.44,23.77,24.07,7791520
2025-06-02,24.07,24.24,23.7,23.77,7273182
2025-06-03,23.94,24.75,23.83,24.38,12002736
2025-06-04,24.65,25.43,24.61,25.12,14269374
2025-06-05,25.46,25.46,24.41,24.78,10640939
2025-06-06,24.99,25.23,24.27,24.44,12542238
2025-06-09,24.58,24.72,23.56,23.77,9525343
2025-06-10,23.77,24.51,23.77,24.21,7495166
2025-06-11,24.38,24.38,22.95,23.09,10001371
2025-06-12,23.39,23.43,22.81,23.43,6550236
2025-06-13,23.36,23.36,22.41,23.02,9705217
2025-06-16,23.05,24.04,22.98,23.77,7720923
2025-06-17,24.0,24.0,23.43,23.63,3431055
2025-06-18,23.66,24.04,23.56,23.7,7055805
2025-06-19,23.77,24.1,23.46,23.77,10777867
2025-06-20,24.0,24.24,23.7,23.83,10902336
2025-06-23,23.97,24.48,23.87,24.38,14067495
2025-06-24,25.12,25.39,24.55,25.29,27177469
2025-06-25,25.5,25.9,25.39,25.46,18352989
2025-06-26,25.73,25.73,24.92,25.46,11327995
2025-06-27,25.53,25.73,25.02,25.33,11462118
2025-06-30,25.56,25.6,25.36,25.39,7355376
2025-07-01,25.53,25.53,24.95,25.12,10588011
2025-07-02,25.19,25.9,25.06,25.87,16467805
2025-07-03,26.01,27.67,25.7,27.06,25349723
2025-07-04,27.4,27.5,26.65,27.16,14229783
2025-07-07,27.67,27.67,26.01,26.48,19928680
2025-07-08,26.52,26.82,26.14,26.82,8469910
2025-07-09,27.13,27.43,26.58,26.85,14880501
2025-07-10,26.96,27.19,26.62,27.02,7132850
2025-07-11,27.19,27.7,26.99,27.16,14602216
2025-07-14,27.43,27.43,26.62,26.96,10582360
2025-07-15,27.09,28.82,26.82,28.48,22047775
2025-07-16,28.48,28.99,28.35,28.99,11556466
2025-07-17,29.16,29.54,28.72,29.13,12097851
2025-07-18,29.2,29.27,28.59,28.79,7598751
2025-07-21,29.06,30.42,28.82,30.15,15603232
2025-07-22,30.15,32.25,29.94,32.25,17305965
2025-07-23,33.48,33.95,32.73,33.2,11079592
2025-07-24,33.27,33.95,32.56,33.95,10911634
2025-07-25,34.56,36.33,34.15,36.33,19371794
2025-07-28,38.7,38.84,37.69,38.84,11925885
2025-07-29,39.59,41.56,36.12,36.12,30737928
2025-07-30,36.87,38.64,36.26,38.64,14884308
2025-07-31,39.93,40.54,38.5,40.54,11098965
2025-08-01,40.6,40.6,37.96,37.96,11459405
2025-08-04,37.48,38.98,36.6,38.43,14166874
2025-08-05,39.72,41.08,38.02,40.13,31422253
2025-08-06,40.54,40.74,39.65,40.2,12076376
2025-08-07,40.2,40.27,38.91,39.04,10644184
2025-08-08,39.65,40.94,39.38,40.94,13017503
2025-08-11,41.62,41.89,40.13,40.74,15051048
2025-08-12,40.74,40.94,39.59,39.93,14945855
2025-08-13,39.99,39.99,37.28,38.02,33070420
2025-08-14,38.3,39.25,37.69,38.23,12995485
2025-08-15,38.43,39.65,37.48,38.43,13547488
2025-08-18,38.7,39.72,37.89,38.02,17317833
2025-08-19,38.3,38.77,37.48,37.55,15934862
2025-08-20,37.96,38.3,35.24,37.14,19247210
2025-08-21,38.7,38.7,36.73,37.35,12396931
2025-08-22,37.35,37.55,35.31,36.6,10647054
2025-08-25,37.35,37.35,35.78,35.99,7215392
2025-08-26,35.99,37.41,35.65,37.41,5733464
2025-08-27,37.75,38.16,36.53,36.67,9784139
2025-08-28,37.35,38.64,37.01,37.89,11458682
2025-08-29,38.64,38.64,37.01,37.01,8645751
2025-09-03,37.69,38.09,36.8,37.62,7149063
2025-09-04,38.02,38.09,36.67,37.01,9770113
2025-09-05,37.14,38.09,36.6,36.6,11770024
2025-09-08,36.67,36.67,34.09,34.09,14411816
2025-09-09,34.29,35.58,33.41,35.1,6800213
2025-09-10,35.86,36.35,35.45,36.21,4430270
2025-09-11,36.21,36.69,34.48,36.49,11819987
2025-09-12,37.04,38.55,36.55,37.93,16817318
2025-09-15,38.28,38.49,37.8,38.21,8787897
2025-09-16,38.69,38.76,37.24,37.24,6368584
2025-09-17,37.38,37.86,37.11,37.52,4959290
2025-09-18,37.8,37.86,37.11,37.66,5172742
2025-09-19,37.93,39.11,37.73,37.93,9798355
2025-09-22,38.21,38.21,35.73,37.8,9503737
2025-09-23,37.8,37.86,36.42,36.42,4366437
2025-09-24,36.42,36.55,35.17,36.21,4730020
2025-09-25,36.42,37.52,36.28,36.9,3825933
2025-09-26,37.11,37.11,36.14,36.55,3230229
2025-09-29,36.62,38.28,36.55,38.21,10061611
2025-09-30,38.49,38.49,37.24,38.28,6890078
2025-10-01,38.76,40.0,38.42,38.62,13232388
2025-10-02,39.04,39.04,36.76,37.38,7950741
2025-10-03,37.31,37.31,35.86,36.21,8386522
2025-10-06,36.76,38.07,36.28,38.07,6688228
2025-10-07,38.49,38.49,36.69,37.66,7746560
2025-10-08,37.93,38.07,37.04,38.07,14077024
2025-10-09,38.55,39.52,38.07,38.28,19743279
2025-10-10,38.42,39.24,37.93,38.55,21403294
2025-10-13,38.07,38.21,37.38,37.93,13310245
2025-10-14,38.28,40.55,37.93,40.55,50241092
2025-10-15,42.0,43.38,41.31,43.38,29572502
2025-10-16,44.35,45.31,43.18,45.11,29503405
2025-10-17,45.31,45.31,42.42,42.42,26980842
2025-10-20,42.49,43.24,39.45,39.45,34378979
2025-10-21,38.76,39.11,36.69,38.62,33954275
2025-10-22,39.04,39.04,36.07,38.28,15690307
2025-10-23,38.21,39.11,36.9,36.9,14566717
2025-10-24,36.42,36.83,35.04,35.59,19061111
2025-10-27,35.59,35.59,33.11,33.11,28403020
2025-10-28,32.62,35.17,31.73,35.17,22861261
2025-10-29,35.52,35.52,34.14,35.11,10857079
2025-10-30,35.11,35.11,32.66,32.66,17567720
2025-10-31,32.42,32.59,30.38,30.38,27869247
2025-11-03,30.48,30.83,29.31,30.42,16115292
2025-11-04,30.86,32.52,29.86,32.52,14868570
2025-11-05,32.07,32.14,31.11,31.24,8637810
2025-11-06,31.24,31.24,29.69,31.11,10692165
2025-11-07,30.97,31.66,29.83,30.31,10507285
2025-11-10,29.73,30.21,28.21,28.21,14401783
2025-11-11,28.38,29.83,27.55,29.83,13606406
2025-11-12,30.0,31.11,29.59,31.11,13695813
2025-11-13,31.11,31.11,30.21,30.52,9252477
2025-11-14,30.0,31.45,30.0,31.11,9209876
2025-11-17,31.24,31.52,30.66,31.38,7423022
2025-11-18,31.45,31.86,31.0,31.48,7058702
2025-11-19,31.48,31.48,29.83,30.21,7875993
2025-11-20,30.35,30.8,29.52,30.8,6628020
2025-11-21,30.52,30.8,30.04,30.35,3933926
2025-11-24,30.24,30.69,29.86,30.0,3737730
2025-11-25,30.14,31.11,28.97,31.11,13815679
2025-11-26,31.38,33.28,31.11,33.28,26247638
2025-11-27,33.45,33.69,33.0,33.07,8361701
2025-11-28,33.24,33.45,31.59,32.11,14982956
2025-12-01,32.38,32.9,31.93,32.17,11321454
2025-12-02,32.24,32.24,30.8,31.73,9923928
2025-12-03,31.86,31.86,31.0,31.76,8495905
2025-12-04,31.97,32.24,31.73,31.86,7579733
2025-12-05,32.14,32.17,31.04,31.04,8897882
2025-12-08,31.24,31.24,29.73,29.73,12329593
2025-12-09,29.73,30.35,28.83,29.59,12948581
2025-12-10,29.76,29.76,28.24,28.62,9806080
2025-12-11,28.62,28.97,27.97,28.9,9665210
2025-12-12,29.07,29.07,26.9,26.9,15251382
2025-12-15,26.97,27.04,26.21,26.24,6929516
2025-12-16,26.48,28.07,25.11,28.07,12473107
2025-12-17,28.24,29.17,28.07,29.11,13162002
2025-12-18,29.24,29.24,28.31,29.11,7469970
2025-12-19,29.31,29.66,28.93,29.17,9470470
2025-12-22,29.48,30.66,29.11,30.66,12945913
2025-12-23,30.69,30.76,29.83,30.59,9881813
2025-12-24,30.59,30.62,29.83,30.35,5887084
2025-12-25,30.31,30.86,29.66,29.66,9302863
2025-12-26,29.45,29.62,28.0,29.48,10074713
2025-12-29,29.66,30.55,29.59,30.35,6005784
2025-12-30,30.55,30.9,30.07,30.48,6171909
2025-12-31,30.66,30.66,30.07,30.07,4661573
2026-01-05,30.17,30.17,27.97,28.28,12349709
2026-01-06,28.42,29.38,28.11,28.97,7567307
2026-01-07,29.31,29.48,28.76,29.14,6969722
2026-01-08,29.21,29.59,28.24,28.97,9595940
2026-01-09,29.04,29.04,27.0,27.07,15159749
2026-01-12,27.14,28.55,26.24,27.93,12538139
2026-01-13,28.28,29.86,27.76,29.66,25552993
2026-01-14,29.66,29.93,28.42,28.62,14008322
2026-01-15,28.86,29.21,28.11,29.11,11453157
2026-01-16,29.45,29.45,28.14,28.14,10916851
2026-01-19,28.28,29.42,28.11,28.62,9479960
2026-01-20,28.86,29.24,28.07,28.24,9671055
2026-01-21,28.28,28.28,26.93,27.04,12492754
2026-01-22,27.45,27.9,27.24,27.55,6272580
2026-01-23,27.73,27.9,26.97,27.04,6779327
2026-01-26,27.11,27.35,25.17,25.31,16584547
2026-01-27,25.66,25.66,24.9,25.31,8492500
2026-01-28,25.52,25.66,24.21,24.83,9451760
2026-01-29,25.17,25.79,24.83,25.17,4469064
2026-01-30,25.59,25.73,25.0,25.31,7444322
2026-02-02,25.45,25.45,23.93,24.14,9026671
2026-02-03,24.35,25.83,24.31,25.83,11753825
2026-02-04,26.21,26.52,25.11,25.59,8386602
2026-02-05,25.66,25.66,24.69,25.17,5530332
2026-02-06,24.83,24.83,23.62,23.62,10137891
2026-02-09,23.83,23.97,22.76,22.76,7939600
2026-02-10,22.9,23.52,22.45,23.14,6933828
2026-02-11,23.35,24.73,23.24,24.73,9091080
2026-02-12,24.97,25.07,24.17,24.24,4146096
2026-02-13,24.38,25.93,24.17,25.93,15887239
2026-02-23,26.14,27.73,25.38,27.73,24843500
2026-02-24,27.79,28.14,27.21,27.79,13823396
2026-02-25,28.04,28.04,26.42,26.73,13180982
2026-02-26,26.83,27.69,26.55,27.52,12625482
2026-02-27,27.79,27.86,27.21,27.28,8626565
2026-03-02,26.0,27.11,25.97,25.97,11063244
2026-03-03,26.28,26.73,25.86,25.86,8450307
2026-03-04,26.14,26.14,24.07,24.17,12753297
2026-03-05,24.76,25.86,24.69,24.79,10955415
2026-03-06,25.28,25.59,24.55,24.55,8072683
2026-03-09,22.86,23.17,22.86,22.86,3178513
2026-03-10,22.97,23.45,21.52,21.93,14587445
2026-03-11,22.35,23.45,22.14,23.45,5870608
2026-03-12,23.55,24.62,23.24,23.69,7090828
2026-03-13,23.76,23.79,23.17,23.28,5820785
2026-03-16,23.59,23.66,22.76,22.97,3282712
2026-03-17,23.45,24.31,23.24,24.07,6221675
2026-03-18,24.48,25.04,23.79,24.14,5199478
2026-03-19,23.52,23.97,23.28,23.45,4247552
2026-03-20,23.59,24.11,23.28,23.83,5676857
2026-03-23,23.45,23.45,22.17,22.17,11032267
2026-03-24,22.76,23.48,22.42,23.17,5548496
2026-03-25,23.35,24.79,23.31,24.55,14241502
2026-03-26,24.62,24.66,24.0,24.42,4374829
2026-03-27,24.48,25.14,24.31,24.79,7329651
2026-03-30,24.45,25.86,23.93,25.04,8264994
2026-03-31,25.38,26.07,25.17,25.52,8772863
2026-04-01,26.11,26.11,25.35,25.55,8822642
2026-04-02,25.48,25.52,24.83,24.93,6626284
2026-04-03,25.17,25.28,24.17,24.35,5281928
2026-04-06,24.48,25.76,24.35,25.11,6793415
2026-04-07,25.52,25.66,25.0,25.28,3183297
2026-04-08,26.07,27.04,25.9,27.04,14578059
2026-04-09,27.07,28.38,26.76,27.93,15789333
2026-04-10,28.38,28.48,27.55,27.66,9123798
2026-04-13,27.59,28.9,27.24,28.66,14977274
2026-04-14,28.97,29.14,28.07,28.31,8414485
2026-04-15,28.62,28.62,27.45,27.59,9647368
2026-04-16,27.73,28.24,27.04,27.59,8265795
2026-04-17,27.83,27.83,26.9,26.9,6596553
2026-04-20,27.55,28.62,27.45,28.24,11175351
2026-04-21,28.55,28.59,27.79,27.79,5715925
2026-04-22,27.93,28.59,27.52,28.24,8917367
2026-04-23,28.52,28.55,26.76,27.28,14016241
2026-04-24,27.45,27.73,26.62,27.45,5807706
2026-04-28,27.66,27.86,26.86,26.9,5911537
2026-04-29,27.04,27.28,26.83,26.97,7068695
2026-05-04,27.31,27.31,26.76,27.11,9236980
2026-05-05,28.0,28.15,27.35,27.45,8968535
2026-05-06,27.85,29.35,27.45,29.35,14267291
2026-05-07,30.15,31.4,30.15,31.4,34552166
2026-05-08,31.6,33.55,31.0,33.5,30903195
2026-05-11,34.0,35.5,33.65,34.1,29164575
2026-05-12,34.4,34.75,33.75,34.5,12505974
2026-05-13,34.7,35.35,32.85,34.8,21845456
2026-05-14,35.0,36.0,34.2,35.15,18321048
2026-05-15,35.3,36.1,34.5,34.9,15896399
2026-05-18,34.6,35.65,33.7,35.0,15512300
2026-05-19,35.7,37.45,35.0,36.2,33596000
2026-05-20,36.5,36.5,34.0,36.0,16506800
2026-05-21,36.5,36.5,34.95,35.0,9605500
2026-05-22,35.0,35.1,32.8,32.8,25828800
2026-05-25,32.8,34.65,32.75,34.05,11178000
2026-05-26,34.3,34.8,33.75,34.1,7700600
2026-05-27,34.3,34.95,33.4,33.5,13248900
2026-05-28,33.65,33.75,32.2,32.3,12691400
2026-05-29,32.6,33.15,31.85,32.1,7684900
2026-06-01,32.4,32.75,31.6,32.2,7077500
2026-06-02,32.4,32.5,30.8,31.0,9912600
2026-06-03,31.4,31.7,30.85,31.4,6801100
2026-06-04,31.6,33.05,31.15,32.75,10682200
2026-06-05,33.05,33.05,31.85,32.0,7663500
2026-06-08,31.7,31.8,30.4,30.6,11669300
2026-06-09,30.9,30.95,29.9,30.8,8793000
2026-06-10,30.7,31.5,30.1,31.25,10930700
2026-06-11,31.05,31.1,30.5,30.5,5368400
2026-06-12,30.95,31.1,29.5,29.5,10297600
2026-06-15,30.0,31.25,30.0,30.6,11689300
2026-06-16,30.8,31.1,30.4,30.8,9711200
2026-06-17,31.0,32.25,30.85,31.15,23580500
2026-06-18,31.35,31.35,30.5,30.6,10696900
2026-06-19,30.75,30.8,29.9,30.0,11829400
2026-06-22,30.2,31.0,29.8,30.65,9229300
2026-06-23,31.1,31.25,29.95,30.3,12374100
2026-06-24,30.5,30.6,29.8,30.5,8320700
2026-06-25,30.65,30.65,29.95,29.95,4738800
2026-06-26,30.0,30.45,29.85,30.15,7629800
2026-06-29,30.4,30.8,30.25,30.4,5828900
2026-06-30,30.65,31.9,30.5,31.45,23941700
2026-07-01,31.55,31.6,30.95,31.1,8134300
2026-07-02,31.4,31.55,30.75,30.95,8547700
2026-07-03,31.05,31.05,30.2,30.55,12072300
2026-07-06,30.8,30.8,28.45,28.75,27798200
2026-07-07,28.75,29.6,28.55,29.35,7373000
2026-07-08,29.3,29.3,28.85,28.9,8953800
2026-07-09,28.9,28.9,27.3,27.3,20836600
2026-07-10,27.5,27.85,26.5,26.6,10562000
2026-07-13,26.5,26.8,25.2,26.0,13036300
2026-07-14,26.0,26.75,25.95,26.5,9120500
2026-07-15,26.6,26.6,25.0,25.45,9952600
2026-07-16,25.45,25.55,24.0,25.35,12882600
2026-07-17,25.4,25.55,24.5,25.0,4995700
2026-07-20,24.8,24.8,23.25,23.25,13639000
2026-07-21,22.9,23.6,22.05,22.05,9956300
2026-07-22,22.0,22.6,20.75,20.75,21941300
2026-07-23,20.5,22.2,20.2,22.2,21127600
2026-07-24,22.2,22.7,21.55,21.8,11655400
2026-07-27,22.0,22.1,20.3,20.3,15477400
2026-07-28,19.7,21.45,19.7,20.9,11534000
2026-07-29,21.0,21.05,20.4,20.7,6363500
2026-07-30,20.9,22.1,20.9,22.1,20873200
2026-07-31,22.5,23.05,22.35,22.5,17674200
2026-08-03,22.85,23.9,22.75,23.35,17154800
2026-08-04,23.45,24.85,23.2,24.85,16656400
2026-08-05,25.0,25.1,24.55,24.7,12021100
2026-08-06,24.8,25.2,24.2,24.65,10687300
2026-08-07,24.7,25.3,24.4,24.55,9582700
2026-08-10,24.9,26.25,24.8,26.1,18136800
2026-08-11,26.15,26.5,25.8,26.4,11677500
2026-08-12,26.5,26.7,26.0,26.15,9425000
2026-08-13,26.15,26.85,25.4,25.4,16682000
2026-08-14,25.4,25.55,24.45,24.65,14566500
