date,open,high,low,close,volume
2010-02-22,4.058633711614344,4.058633711614344,3.9934348144531255,3.993434814453125,1873616
2010-02-23,3.8956367839625847,3.952685711473543,3.8956367839625847,3.928236083984375,2124811
2010-02-24,3.8874861643736636,3.95268505859375,3.8874861643736636,3.95268505859375,1778977
2010-02-25,3.9771344489768627,3.9934344002858766,3.94453515625,3.94453515625,1442416
2010-02-26,3.9445353192806927,4.115682375534319,3.9363853432893405,4.07493310546875,4723046
2010-03-01,4.115682375534319,4.156431645599886,4.042333506448937,4.07493310546875,1339731
2010-03-02,4.074934311622909,4.278681027204054,4.034185029495816,4.11568359375,4350008
2010-03-03,4.197181875916008,4.23793115234375,4.156432294542621,4.23793115234375,4912706
2010-03-04,4.3601787238178815,4.400928302781822,4.27868017578125,4.27868017578125,4633005
2010-03-05,4.237930901762935,4.319429449799566,4.237930901762935,4.27868017578125,3947468
2010-03-08,4.360178470873099,4.360178470873099,4.278679927564401,4.31942919921875,6289144
2010-03-09,4.319429587976279,4.52317626953125,4.278680312654411,4.52317626953125,9957677
2010-03-10,4.482427226384899,4.645424641060752,4.441677948952348,4.56392578125,5534716
2010-03-11,4.563926298476272,4.604675885472592,4.482427734375,4.482427734375,4826344
2010-03-12,4.482427734375,4.5231770164256355,4.441678452324364,4.482427734375,3877198
2010-03-15,4.563926298476272,4.563926298476272,4.441678452324364,4.482427734375,4434225
2010-03-16,4.441677576800137,4.482426850818452,4.27868017578125,4.27868017578125,5611194
2010-03-17,4.360178737198469,4.400928316287463,4.197181640625,4.197181640625,3957737
2010-03-18,4.1971820853735196,4.36017919921875,4.1971820853735196,4.36017919921875,2459916
2010-03-19,4.319429449799566,4.3601787238178815,4.27868017578125,4.27868017578125,1759973
2010-03-22,4.237930914768367,4.319429463055102,4.197181640625,4.197181640625,1770241
2010-03-23,4.2379317450769625,4.2379317450769625,4.11568359375,4.11568359375,2251021
2010-03-24,4.1564326171875,4.1971822017240905,4.115683337596577,4.1564326171875,2806746
2010-03-25,4.1564326171875,4.237931481315013,4.115683337596577,4.1564326171875,5329117
2010-03-26,4.1564326171875,4.1971822017240905,4.115683337596577,4.1564326171875,3809686
2010-03-29,3.634840589982636,3.634840589982636,3.553342041015625,3.553342041015625,3787387
2010-03-30,3.5533425527176177,3.5533425527176177,3.4392443847656256,3.439244384765625,1918905
2010-03-31,3.43924291053457,3.463692529254362,3.3577443847656254,3.357744384765625,2717625
2010-04-01,3.3821948866642026,3.4636934337145315,3.349595284876698,3.45554345703125,1801277
2010-04-02,3.4718441333791117,3.5614926757812495,3.4473945031834665,3.56149267578125,3254958
2010-04-05,3.6755903179756486,3.700039944643109,3.667440340771282,3.683739990234375,6400565
2010-04-06,3.773388032683212,3.8630365505780957,3.740788737964491,3.830437255859375,7654700
2010-04-07,3.8059872317366197,3.8385865230240017,3.7815376107982988,3.81413720703125,3510904
2010-04-08,3.814137108370754,3.8304367535928203,3.781537512981058,3.797837158203125,3856967
2010-04-09,3.7896886414187563,3.8141382691656376,3.765239013671875,3.765239013671875,3994596
2010-04-12,3.765238268447602,3.8304371612197587,3.765238268447602,3.773387939453125,2690421
2010-04-13,3.7570877342407707,3.7815373535156245,3.724488140225783,3.781537353515625,2872035
2010-04-14,3.814138265012965,3.814138265012965,3.7163397541319187,3.732639404296875,2061131
2010-04-15,3.7489390585435176,3.7733886862903994,3.7489390585435176,3.765239013671875,1628015
2010-04-16,3.7896882169919994,3.7978378886977993,3.724489013671875,3.724489013671875,2616856
2010-04-19,3.748939312841402,3.748939312841402,3.675590729571035,3.691890380859375,2099370
2010-04-20,3.6674401855468757,3.7489387343585543,3.6674401855468757,3.667440185546875,1714454
2010-04-21,3.6674401855468757,3.708189459952715,3.659290208687456,3.667440185546875,2113546
2010-04-22,3.724488865704104,3.8141376904712705,3.7163391943220763,3.740788818359375,4544343
2010-04-23,3.740788818359375,3.740788818359375,3.740788818359375,3.740788818359375,0
2010-04-26,3.7081896223929394,3.8059881292075994,3.7081896223929394,3.716339599609375,1714378
2010-04-27,3.651140298537817,3.7652384423966736,3.651140298537817,3.740788818359375,3148901
2010-04-28,3.740788818359375,3.7489384897414024,3.7326388420317396,3.740788818359375,3677652
2010-04-29,3.74078938185218,3.7489390544618315,3.7163397541319187,3.732639404296875,1675373
2010-04-30,3.732639404296875,3.732639404296875,3.732639404296875,3.732639404296875,0
2010-05-03,3.732639404296875,3.732639404296875,3.732639404296875,3.732639404296875,0
2010-05-04,3.7489392089843747,3.7815388156036214,3.716339907310795,3.748939208984375,3539717
2010-05-05,3.732639404296875,3.7489390544618315,3.7163397541319187,3.732639404296875,2746744
2010-05-06,3.7489390544618315,3.765239009572442,3.72448942674157,3.732639404296875,2855636
2010-05-07,3.6755901624062943,3.708189459952715,3.6266909111410355,3.667440185546875,4409474
2010-05-10,3.6022410497953596,3.651140297860891,3.6022410497953596,3.626690673828125,2428498
2010-05-11,3.6674402741670757,3.6674402741670757,3.6266909987765685,3.651140625,1932775
2010-05-12,3.585942188251143,3.659290771484375,3.585942188251143,3.659290771484375,3064914
2010-05-13,3.585941731145538,3.6592903050289127,3.585941731145538,3.610391357421875,2161517
2010-05-14,3.6674407495972563,3.6674407495972563,3.6429911202042873,3.659290771484375,1634146
2010-05-17,3.5940912266372256,3.5940912266372256,3.5696416015625,3.5696416015625,1621195
2010-05-18,3.569641689819902,3.585941643569807,3.553342041015625,3.553342041015625,1432684
2010-05-19,3.553341881184528,3.553341881184528,3.439243734795527,3.463693359375,2910887
2010-05-20,3.3414455493348303,3.50444296014411,3.3414455493348303,3.488143310546875,2062970
2010-05-21,3.3169959347947966,3.374045166015625,3.3169959347947966,3.374045166015625,5872887
2010-05-24,3.316995775043907,3.3821949804263873,3.3006961261711023,3.325145751953125,3536882
2010-05-25,3.325145751953125,3.325145751953125,3.325145751953125,3.325145751953125,0
2010-05-26,3.398495104413986,3.4392443847656256,3.3740454752138684,3.439244384765625,1149534
2010-05-27,3.341445314012715,3.414794189453125,3.3251456655633875,3.414794189453125,886768
2010-05-28,3.496293442547913,3.520742765552956,3.4229445586958116,3.504443115234375,1591003
2010-05-31,3.50444212484168,3.50444212484168,3.43109326171875,3.43109326171875,1303255
2010-06-01,3.43109326171875,3.4473932123764484,3.3821943245823674,3.43109326171875,2615629
2010-06-02,3.3903439941406246,3.422943590502518,3.3577447027243026,3.390343994140625,1290458
2010-06-03,3.4229443359375,3.4229443359375,3.3984947095779323,3.4229443359375,2311559
2010-06-04,3.3821949733154146,3.39849462215395,3.349595370692714,3.36589501953125,1814994
2010-06-07,3.259946129638435,3.325145015637736,3.243646484375,3.243646484375,2027720
2010-06-08,3.2436474673154945,3.2436474673154945,3.1458489562073355,3.170298583984375,2370412
2010-06-09,3.178447913809978,3.219197183485369,3.1376983391889945,3.153998291015625,2180445
2010-06-10,3.153998291015625,3.1621479619833477,3.1376983391889945,3.153998291015625,1086927
2010-06-11,3.178447248130155,3.2028968658038894,3.1295480127826867,3.14584765625,1711083
2010-06-14,3.2110477859621507,3.2110477859621507,3.1458488817484516,3.178448486328125,914815
2010-06-15,3.178448486328125,3.178448486328125,3.178448486328125,3.178448486328125,0
2010-06-16,3.21104786599819,3.21104786599819,3.1702985879671495,3.202898193359375,1206547
2010-06-17,3.2436468020746245,3.2436468020746245,3.2191971793119682,3.235496826171875,2372174
2010-06-18,3.243646572876033,3.3903439941406246,3.227346622222301,3.390343994140625,7112616
2010-06-21,3.3577454442756056,3.3821950707102832,3.30884619140625,3.30884619140625,1216586
2010-06-22,3.2110475195043082,3.2762464183076987,3.2110475195043082,3.22734716796875,2803144
2010-06-23,3.194747472708475,3.2273467655727743,3.194747472708475,3.211047119140625,1138116
2010-06-24,3.2191977633434807,3.2191977633434807,3.1621485315654647,3.178448486328125,1993160
2010-06-25,3.1702981698690285,3.1784481463786816,3.1458485452856833,3.162148193359375,2100442
2010-06-28,2.616107024868414,2.648706625200799,2.55905810546875,2.55905810546875,890983
2010-06-29,2.6079577724432217,2.6079577724432217,2.55090869140625,2.55090869140625,1110989
2010-06-30,2.4857089844210405,2.4857089844210405,2.4368098937665996,2.444959716796875,5023131
2010-07-01,2.428660322433418,2.444960123679319,2.412360673660332,2.420510498046875,2951808
2010-07-02,2.4205108326670337,2.428660658180238,2.3879113781413808,2.404211181640625,2913492
2010-07-05,2.45310961477549,2.45310961477549,2.396060546875,2.396060546875,2080059
2010-07-06,2.453109951580094,2.453109951580094,2.36346142578125,2.36346142578125,1506249
2010-07-07,2.4042106930378875,2.428660164608685,2.34716162109375,2.34716162109375,1182485
2010-07-08,2.4042106930378875,2.4042106930378875,2.34716162109375,2.34716162109375,704541
2010-07-09,2.347161940328832,2.3879112176285666,2.339011962890625,2.339011962890625,697567
2010-07-12,2.3390118798114075,2.3879111328125,2.330862055135499,2.3879111328125,700479
2010-07-13,2.43680989971555,2.5020087890625,2.404210455042075,2.5020087890625,1623724
2010-07-14,2.583508061142406,2.583508061142406,2.502009354794563,2.5101591796875,2271405
2010-07-15,2.485708984375,2.534608227501324,2.4775591613448755,2.485708984375,1544641
2010-07-16,2.4857092372021854,2.4857092372021854,2.444959965434072,2.461259765625,585303
2010-07-19,2.444960123679319,2.444960123679319,2.412360673660332,2.420510498046875,571433
2010-07-20,2.428660322433418,2.428660322433418,2.412360673660332,2.420510498046875,898416
2010-07-21,2.4205106647917205,2.4205106647917205,2.396061037474984,2.41236083984375,1524257
2010-07-22,2.37976123046875,2.4042108561713382,2.37976123046875,2.37976123046875,908608
2010-07-23,2.379761308136591,2.404210934637137,2.379761308136591,2.3879111328125,1026312
2010-07-26,2.3879111328125,2.3879111328125,2.3879111328125,2.3879111328125,0
2010-07-27,2.3879113781413808,2.4531102871926866,2.3879113781413808,2.404211181640625,2408344
2010-07-28,2.396060546875,2.4123603459063374,2.387910723595728,2.396060546875,1787713
2010-07-29,2.396060546875,2.396060546875,2.3471614547265753,2.396060546875,1644644
2010-07-30,2.404210684238399,2.404210684238399,2.3634612601572713,2.371611083984375,1178271
2010-08-02,2.3716112572102124,2.3716112572102124,2.322712158203125,2.322712158203125,1071524
2010-08-03,2.322711742733157,2.330861565697754,2.2656626770354027,2.2738125,1391993
2010-08-04,2.265663590952639,2.265663590952639,2.192314697265625,2.192314697265625,1055355
2010-08-05,2.2493631239223673,2.2493631239223673,2.176014404296875,2.176014404296875,686686
2010-08-06,2.1760147360594337,2.1760147360594337,2.143415283203125,2.143415283203125,406984
2010-08-09,2.1108154218197552,2.1189652453383094,2.037466552734375,2.037466552734375,938494
2010-08-10,1.98856705617422,1.9967170311389055,1.9396679687500002,1.93966796875,3194956
2010-08-11,1.939668084562624,1.9885671749064837,1.8744690433161653,1.9233682861328125,1301109
2010-08-12,1.8744693671792771,1.8744693671792771,1.8337200927734378,1.8337200927734374,3608531
2010-08-13,1.8581693973591413,1.9233682861328125,1.817419977521006,1.9233682861328125,2726361
2010-08-16,1.9641177207917992,2.0130169677734373,1.9478180734464536,2.0130169677734373,3709454
2010-08-17,1.996717359115885,2.013017006777048,1.9478181111867896,1.9885673828125,1962814
2010-08-18,1.98856705617422,1.98856705617422,1.9233681712934079,1.93966796875,1188846
2010-08-19,1.939668084562624,1.947817907541136,1.9070686401757884,1.9233682861328125,1652920
2010-08-20,1.8826188544904525,1.923368118300026,1.833719615940745,1.8907686767578125,4212686
2010-08-23,1.8581697998046873,1.890769251251967,1.8337201731010224,1.8581697998046875,396409
2010-08-24,1.8337200154533753,1.8337200154533753,1.7685211181640625,1.7685211181640625,1715680
2010-08-25,1.7033223851384522,1.7196220347962698,1.6870225830078125,1.6870225830078125,2178529
2010-08-26,1.6870224913975398,1.7603712158203124,1.629973415747466,1.7603712158203124,2409647
2010-08-27,1.760371382776478,1.7848210107271782,1.6870226513972058,1.7522215576171876,1404101
2010-08-30,1.8255702683868327,1.8337200927734378,1.8255702683868327,1.8337200927734374,1748938
2010-08-31,1.8744690433161653,1.9233682861328125,1.8418695989293297,1.9233682861328125,2294011
2010-09-01,1.9722677351513374,2.013017006777048,1.8744692392931463,1.9885673828125,3941644
2010-09-02,1.9885673828125,1.9885673828125,1.9885673828125,1.9885673828125,0
2010-09-03,1.9885673828125,1.9885673828125,1.9885673828125,1.9885673828125,0
2010-09-06,2.07006616597442,2.086365966796875,2.0456165409771425,2.086365966796875,4370009
2010-09-07,2.078215822799943,2.135264892375418,2.0048671061873606,2.037466552734375,4515454
2010-09-08,1.9967172826688064,2.070065999281389,1.9641176836489944,2.037466552734375,5451955
2010-09-09,2.07821630859375,2.07821630859375,2.0130174002591397,2.07821630859375,2381830
2010-09-10,2.0782160761738915,2.0782160761738915,1.980417724609375,1.980417724609375,3916663
2010-09-13,1.915218667371504,1.9641177629294084,1.8826192195086329,1.947818115234375,3208826
2010-09-14,1.9559682169867398,1.9641180419921873,1.915218939486676,1.9641180419921875,1476133
2010-09-15,1.9152185109074078,1.972267578125,1.9070686877256922,1.972267578125,1716753
2010-09-16,1.9233681712934079,1.9804172336823131,1.9233681712934079,1.93966796875,907305
2010-09-17,1.9559680585528276,2.0048673095703125,1.9396684098622081,2.0048673095703125,4089235
2010-09-20,2.053766430875562,2.053766430875562,1.9885673828125,1.9885673828125,4452693
2010-09-21,1.98856705617422,1.98856705617422,1.9396679687500002,1.93966796875,2372327
2010-09-22,1.9152184631543006,1.947817907541136,1.9152184631543006,1.9233682861328125,2128029
2010-09-23,1.9233682861328125,1.9233682861328125,1.9233682861328125,1.9233682861328125,0
2010-09-24,1.9070686401757884,1.9315181091113243,1.8744690433161653,1.9233682861328125,1510004
2010-09-27,1.923368118300026,1.923368118300026,1.8744688797503184,1.8907686767578125,880791
2010-09-28,1.9152183767964102,1.9152183767964102,1.8826189338794954,1.8989185791015626,1095126
2010-09-29,1.8826194265083522,1.8989190759955819,1.8581697998046873,1.8581697998046875,877496
2010-09-30,1.792970818367598,1.8500198940194619,1.792970818367598,1.8337200927734374,1858673
2010-10-01,1.792970818367598,1.8337200927734378,1.7848208415081788,1.8337200927734374,1899134
2010-10-04,1.8337201854766947,1.8337201854766947,1.7440716552734374,1.7440716552734374,3777731
2010-10-05,1.7440716552734374,1.7440716552734374,1.6788727519388547,1.7440716552734374,2838394
2010-10-06,1.7766709765806115,1.8092704258559758,1.752221351505886,1.78482080078125,4664806
2010-10-07,1.7929707427657569,1.801120566808719,1.7685211181640625,1.7685211181640625,1578895
2010-10-08,1.7359217943283178,1.7766710699457187,1.71147216796875,1.71147216796875,1041408
2010-10-11,1.744071567047614,1.7603712158203124,1.7114721170294023,1.7603712158203124,2097301
2010-10-12,1.7277720179585732,1.7522216471586909,1.7033225412312916,1.7196221923828126,2897783
2010-10-13,1.7196219043051542,1.727771728515625,1.7114720800946837,1.727771728515625,471584
2010-10-14,1.727771817226583,1.7359217943283178,1.71147216796875,1.71147216796875,1215820
2010-10-15,1.6951723662380984,1.71147216796875,1.6870225416091822,1.71147216796875,891519
2010-10-18,1.6951724078367212,1.7114722099673612,1.6870225830078125,1.6870225830078125,884622
2010-10-19,1.687022589717077,1.6951724145783973,1.6136737085467234,1.6299735107421875,1676676
2010-10-20,1.6299736906110585,1.6299736906110585,1.5484749755859375,1.5484749755859375,2768201
2010-10-21,1.5484746531652809,1.5729242778292434,1.5077253803738817,1.5403248291015625,1707634
2010-10-22,1.5240253458311173,1.5484749755859375,1.5077256943097967,1.5484749755859375,1442109
2010-10-25,1.4995755563101636,1.5403248291015628,1.475125931646201,1.5403248291015625,1436515
2010-10-26,1.5647746159657194,1.613673717889582,1.5484748136758828,1.5892242431640624,1731390
2010-10-27,1.5973741884175876,1.5973741884175876,1.5403251048143582,1.556624755859375,1746026
2010-10-28,1.5566243926475403,1.5647743687412254,1.5158751220703126,1.5158751220703126,1349770
2010-10-29,1.5403249958443883,1.5403249958443883,1.483275916277084,1.5321751708984375,565686
2010-11-01,1.5403249958443883,1.5403249958443883,1.5158753685337114,1.5321751708984375,353496
2010-11-02,1.5077253372433412,1.532174961207889,1.491425537109375,1.491425537109375,973897
2010-11-03,1.5077252964094388,1.5077252964094388,1.4588260498046872,1.4588260498046874,1655526
2010-11-04,1.4506761833399209,1.4751258059200223,1.4506761833399209,1.466975830078125,789907
2010-11-05,1.5158752883822184,1.5158752883822184,1.4751260133342472,1.5077254638671875,1636215
2010-11-08,1.5077253372433412,1.5158751610739227,1.4751258894482122,1.491425537109375,864775
2010-11-09,1.4751262335031705,1.4751262335031705,1.4180771484375,1.4180771484375,3202543
2010-11-10,1.3610276613437557,1.385477283788809,1.352877685546875,1.352877685546875,7373083
2010-11-11,1.352877685546875,1.385477283788809,1.3202782397777353,1.352877685546875,1568933
2010-11-12,1.3121287049695696,1.3447281579068027,1.2876790771484374,1.2876790771484374,4159275
2010-11-15,1.2469296067670257,1.2958288548670043,1.2306298828125,1.2306298828125,3769149
2010-11-16,1.2224800635909379,1.2224800635909379,1.1735808884924068,1.181730712890625,2653638
2010-11-17,1.181730712890625,1.2143301629563124,1.1654309878577815,1.181730712890625,1525024
2010-11-18,1.2143301595572191,1.23877978515625,1.1980304345700008,1.23877978515625,3243847
2010-11-19,1.2876789601179048,1.2876789601179048,1.23877978515625,1.23877978515625,3266912
2010-11-22,1.1817307095827825,1.23877978515625,1.1817307095827825,1.23877978515625,2498921
2010-11-23,1.2469295654296875,1.255079389018572,1.255079389018572,1.2469295654296875,2837628
2010-11-24,1.206180220809064,1.3039786376953124,1.206180220809064,1.3039786376953124,2660228
2010-11-25,1.30397883094591,1.369177734375,1.30397883094591,1.369177734375,7982142
2010-11-26,1.3854774947707873,1.4343765946345066,1.3691776931676694,1.3936273193359374,3850530
2010-11-29,1.3854773323703597,1.4588260498046872,1.3365780857656084,1.4588260498046874,3525770
2010-11-30,1.507725134800831,1.5240247802734375,1.4995753120645279,1.5240247802734375,5606826
2010-12-01,1.4588260517785137,1.5321749217848835,1.450676228157628,1.5158751220703126,4263262
2010-12-02,1.5077253803738817,1.5484746531652809,1.4914255797736375,1.5403248291015625,3880723
2010-12-03,1.5973738972261864,1.5973738972261864,1.5321749999858052,1.5810740966796875,5752194
2010-12-06,1.5892239131381627,1.6544228038123459,1.5647742910171463,1.6055235595703126,8112337
2010-12-07,1.6055232675323907,1.6299728852061248,1.5647740063913433,1.572923828125,6050900
2010-12-08,1.524025281920748,1.5484749106502673,1.4995758056640625,1.4995758056640625,7389635
2010-12-09,1.499575824728981,1.572924559377227,1.4262269376078993,1.556624755859375,5921087
2010-12-10,1.5566242037154174,1.6218232421875,1.5484743810837003,1.6218232421875,4318820
2010-12-13,1.6951724078367212,1.6951724078367212,1.6707227808771727,1.6870225830078125,11639717
2010-12-14,1.6870222491494373,1.6951720723655122,1.6055235595703126,1.6055235595703126,10294085
2010-12-15,1.6381233356035079,1.6707227875216129,1.5892242339627618,1.6299735107421875,6673446
2010-12-16,1.6055235595703126,1.6625726270284207,1.5892239131381627,1.6055235595703126,5374099
2010-12-17,1.6055238428337695,1.654423095703125,1.5973740181798166,1.654423095703125,7561977
2010-12-20,1.6707226636510684,1.73592171512612,1.6299733898928712,1.703322265625,5915417
2010-12-21,1.687022464638034,1.7114720898820772,1.6299733898928712,1.703322265625,2906212
2010-12-22,1.6707229139338875,1.711472346269369,1.6462734375,1.6462734375,3620026
2010-12-23,1.6462734375,1.6462734375,1.6462734375,1.6462734375,0
2010-12-24,1.5810740617763654,1.5892240381061022,1.5484746138758305,1.5647744140625,1610007
2010-12-27,1.5647744140625,1.5892240381061022,1.556624437732763,1.5647744140625,2309644
2010-12-28,1.5647742910171463,1.6218233584752544,1.5566243153282793,1.6055235595703126,1628475
2010-12-29,1.6462735280821301,1.6462735280821301,1.5892244416517383,1.597374267578125,2360603
2010-12-30,1.5973742675781248,1.6055240935045114,1.5892244416517383,1.597374267578125,2103124
2010-12-31,1.5973742675781248,1.5973742675781248,1.5729246373261223,1.597374267578125,2878472
2011-01-03,1.5973742675781248,1.5973742675781248,1.5973742675781248,1.597374267578125,0
2011-01-04,1.6218235606894074,1.6381232091538493,1.6055237597521541,1.613673583984375,1780740
2011-01-05,1.629973345846377,1.629973345846377,1.5810740966796875,1.5810740966796875,2415164
2011-01-06,1.5973738619630349,1.5973738619630349,1.5647744140625,1.5647744140625,2787742
2011-01-07,1.5484742104512659,1.5810736498586566,1.5484742104512659,1.572923828125,1169458
2011-01-10,1.572923828125,1.572923828125,1.572923828125,1.572923828125,0
2011-01-11,1.45067643343583,1.4669760829840857,1.426226806640625,1.426226806640625,4882207
2011-01-12,1.4099269608773928,1.4506763884294478,1.4099269608773928,1.4343765869140626,1885034
2011-01-13,1.442526722786129,1.4995758056640625,1.4343767448944003,1.4995758056640625,1005239
2011-01-14,1.5240251934796623,1.5566246457362898,1.507725543587761,1.5321751708984375,1731773
2011-01-17,1.4588260893142457,1.5484746088690517,1.4588260893142457,1.491425537109375,1033975
2011-01-18,1.5077252518692255,1.5077252518692255,1.466975830078125,1.466975830078125,1348084
2011-01-19,1.4506762654836645,1.49957551341276,1.4506762654836645,1.491425537109375,2044196
2011-01-20,1.4506760707011417,1.5647741989005204,1.4506760707011417,1.5240247802734375,2779695
2011-01-21,1.5484747817768318,1.5484747817768318,1.48327587890625,1.48327587890625,1658437
2011-01-24,1.4751258059200223,1.5321748744493269,1.4506761833399209,1.466975830078125,915045
2011-01-25,1.4588262609065095,1.4588262609065095,1.4262268092769186,1.442526611328125,1995229
2011-01-26,1.4751260629577159,1.4995756897981145,1.4343766340661108,1.442526611328125,637872
2011-01-27,1.48327587890625,1.48327587890625,1.4425266027303414,1.48327587890625,1558894
2011-01-28,1.4832758422308,1.4832758422308,1.4506763916015626,1.4506763916015626,2132014
2011-01-31,1.4506763916015626,1.4506763916015626,1.4506763916015626,1.4506763916015626,0
2011-02-01,1.4506763916015626,1.4506763916015626,1.4506763916015626,1.4506763916015626,0
2011-02-02,1.4506763916015626,1.4506763916015626,1.4506763916015626,1.4506763916015626,0
2011-02-03,1.4506763916015626,1.4506763916015626,1.4506763916015626,1.4506763916015626,0
2011-02-04,1.4506763916015626,1.4506763916015626,1.4506763916015626,1.4506763916015626,0
2011-02-07,1.4506763916015626,1.4506763916015626,1.4506763916015626,1.4506763916015626,0
2011-02-08,1.4506762261948285,1.4588260498046872,1.4506762261948285,1.4588260498046874,484228
2011-02-09,1.4588260498046872,1.5240249436291562,1.4588260498046872,1.4588260498046874,702548
2011-02-10,1.458826006709023,1.4832756292891243,1.4506761833399209,1.466975830078125,1229306
2011-02-11,1.4506761833399209,1.4832756292891243,1.442526359970819,1.466975830078125,1196432
2011-02-14,1.4669759131448272,1.532174961207889,1.4669759131448272,1.491425537109375,2933646
2011-02-15,1.4995756808603058,1.4995756808603058,1.4751260541656324,1.48327587890625,1074206
2011-02-16,1.4832756292891243,1.4914254526582262,1.466975830078125,1.466975830078125,1962354
2011-02-17,1.4343765869140626,1.4588262129507323,1.4343765869140626,1.4343765869140626,906002
2011-02-18,1.4099270108999755,1.4262268129936593,1.369177734375,1.369177734375,2724905
2011-02-21,1.3121284612979331,1.3121284612979331,1.3039786376953124,1.3039786376953124,2426122
2011-02-22,1.23877978515625,1.2795291357424992,1.23877978515625,1.23877978515625,4478058
2011-02-23,1.2387798650123603,1.287679043126228,1.2387798650123603,1.2632294921875,1985190
2011-02-24,1.2632294921875,1.2632294921875,1.2387798650123603,1.2632294921875,1813997
2011-02-25,1.2876788765810694,1.2876788765810694,1.2632293288045846,1.279529052734375,686532
2011-02-28,1.2876788765810694,1.3039786767472619,1.271379152651279,1.279529052734375,2617392
2011-03-01,1.2958288529005677,1.2958288529005677,1.271379152651279,1.279529052734375,1342873
2011-03-02,1.2876787475862181,1.2876787475862181,1.2224798583984375,1.2224798583984375,2989357
2011-03-03,1.181730712890625,1.2143301629563124,1.181730712890625,1.181730712890625,1642039
2011-03-04,1.173580810546875,1.1898805344971424,1.1654309104535403,1.173580810546875,2357385
2011-03-07,1.206180419921875,1.206180419921875,1.165431066472785,1.206180419921875,2168567
2011-03-08,1.189880450158228,1.2387796185430497,1.189880450158228,1.1980302734375,1534679
2011-03-09,1.181730800128498,1.1980305263646218,1.1409814464199817,1.14913134765625,1248847
2011-03-10,1.1817307926051386,1.206180419921875,1.1491313403404313,1.206180419921875,1657671
2011-03-11,1.2632294921875,1.2632294921875,1.255079591050316,1.2632294921875,3483623
2011-03-14,1.295829028004438,1.295829028004438,1.206180419921875,1.206180419921875,3181316
2011-03-15,1.2061803402906313,1.2224800653468877,1.1735808901781186,1.189880615234375,800482
2011-03-16,1.1654309878577815,1.1898806135252504,1.1572811634595632,1.181730712890625,2497312
2011-03-17,1.1817305145378774,1.2224798583984375,1.173580691507602,1.2224798583984375,1897525
2011-03-18,1.2306298828125,1.2469296067670257,1.2061802587625108,1.2306298828125,1956454
2011-03-21,1.2632293307215512,1.2632293307215512,1.222479982717036,1.2306298828125,816958
2011-03-22,1.2143302448698456,1.2306300472386116,1.206180419921875,1.206180419921875,1055662
2011-03-23,1.206180419921875,1.206180419921875,1.1898806937895214,1.206180419921875,683007
2011-03-24,1.2143301647005558,1.2143301647005558,1.189880615234375,1.189880615234375,609212
2011-03-25,1.2224800635909379,1.2224800635909379,1.181730712890625,1.181730712890625,656340
2011-03-28,1.181730632121918,1.2061802561183088,1.165430908203125,1.165430908203125,1008764
2011-03-29,1.1735811000413339,1.1735811000413339,1.1491314699665913,1.1572813720703126,1053439
2011-03-30,1.1491314699665913,1.1735811000413339,1.14098156786287,1.1572813720703126,1558128
2011-03-31,1.1735808884924068,1.181730712890625,1.1491312628249377,1.181730712890625,1929556
2011-04-01,1.1817305506425595,1.1980302734375,1.157281004568347,1.1980302734375,1009760
2011-04-04,1.2402146241884096,1.2402146241884096,1.1980305155752764,1.2149041748046876,1152599
2011-04-05,1.2149043006253568,1.2149043006253568,1.1811568997507216,1.1980306396484375,1325325
2011-04-06,1.206467283464797,1.2233409423828125,1.18115675562738,1.2233409423828125,1381035
2011-04-07,1.1980305155752764,1.2149041748046876,1.1980305155752764,1.2149041748046876,791670
2011-04-08,1.2149041748046876,1.2149041748046876,1.1980305155752764,1.2149041748046876,743469
2011-04-11,1.2149041748046876,1.2149041748046876,1.2149041748046876,1.2149041748046876,0
2011-04-12,1.2149041748046876,1.2149041748046876,1.2149041748046876,1.2149041748046876,0
2011-04-13,1.2149043006253568,1.2149043006253568,1.1895937696995795,1.1980306396484375,689368
2011-04-14,1.1980305996864313,1.1980305996864313,1.1727200696049225,1.1811568603515625,1077272
2011-04-15,1.1811568603515625,1.1811568603515625,1.1642831999374883,1.1811568603515625,669904
2011-04-18,1.1811566159063773,1.1811566159063773,1.147409302062373,1.164282958984375,760864
2011-04-19,1.15584619140625,1.1642829805632298,1.138972534171511,1.15584619140625,710518
2011-04-20,1.1389725130617607,1.164282958984375,1.1389725130617607,1.164282958984375,882477
2011-04-21,1.1811567607382452,1.1811567607382452,1.1474094427561894,1.172719970703125,630286
2011-04-22,1.172719826905765,1.1811566159063773,1.147409302062373,1.164282958984375,656953
2011-04-25,1.1558464091908482,1.1811568603515625,1.1558464091908482,1.1811568603515625,394493
2011-04-26,1.1811568603515625,1.1811568603515625,1.1727200696049225,1.1811568603515625,3914440
2011-04-27,1.1305358791093392,1.1811568603515625,1.1305358791093392,1.1811568603515625,1514372
2011-04-28,1.1811567607382452,1.1811567607382452,1.1389726527210693,1.172719970703125,938340
2011-04-29,1.1811567607382452,1.1811567607382452,1.1642831017472175,1.172719970703125,948992
2011-05-02,1.172719970703125,1.172719970703125,1.172719970703125,1.172719970703125,0
2011-05-03,1.172719970703125,1.172719970703125,1.172719970703125,1.172719970703125,0
2011-05-04,1.172719970703125,1.172719970703125,1.1558463117120974,1.172719970703125,634500
2011-05-05,1.172719848640989,1.172719848640989,1.1305356660937516,1.15584619140625,547448
2011-05-06,1.15584619140625,1.1642829805632298,1.1474093233284908,1.15584619140625,295947
2011-05-09,1.164283082540799,1.164283082540799,1.147409423828125,1.147409423828125,444073
2011-05-10,1.1558461699837628,1.164282958984375,1.147409302062373,1.164282958984375,189813
2011-05-11,1.1642829805632298,1.1642829805632298,1.1305356660937516,1.15584619140625,501623
2011-05-12,1.1558462926448552,1.1558462926448552,1.1389726339321813,1.147409423828125,506604
2011-05-13,1.1389726354293832,1.1389726354293832,1.1305357666015625,1.1305357666015625,296177
2011-05-16,1.1220989990234376,1.1389727382016368,1.1136622083551313,1.1220989990234376,358324
2011-05-17,1.0967883081732064,1.1136619647394677,1.0714777838634262,1.0883514404296875,512811
2011-05-18,1.0883517078882414,1.0883517078882414,1.0546043864624344,1.0799149169921876,505761
2011-05-19,1.0461673793373543,1.0799147752546512,1.0377305895486193,1.054604248046875,647374
2011-05-20,1.05460405971664,1.0630409269195122,1.0039830932617186,1.0039830932617186,956349
2011-05-23,0.9617991943359375,0.9617991943359375,0.9617991943359375,0.9617991943359375,249202
2011-05-24,0.9196149291992186,0.9196149291992186,0.9196149291992186,0.9196149291992187,539478
2011-05-25,0.8774306640624999,0.8774306640624999,0.8774306640624999,0.8774306640625,312652
2011-05-26,0.8352464808262531,0.9196148472987468,0.8352464808262531,0.8774306640625,2012164
2011-05-27,0.8858676111730132,0.9196149291992186,0.8689939521599105,0.9196149291992187,969836
2011-05-30,0.9280518019093912,0.9280518019093912,0.8858676147460939,0.8858676147460938,640018
2011-05-31,0.9027413496741264,0.9280518798828125,0.8774308194654405,0.9280518798828125,855579
2011-06-01,0.961799231888191,0.9702360229492187,0.9027413787778076,0.9702360229492187,2342518
2011-06-02,0.9955464457715529,1.0124201049804689,0.9955464457715529,1.0124201049804689,1316742
2011-06-03,1.063040990774123,1.063040990774123,0.9786726293606554,0.9871094970703125,568445
2011-06-06,0.9871097036685526,0.9871097036685526,0.9533623046875,0.9533623046875,203913
2011-06-07,0.9786726085094033,0.9955462646484375,0.9786726085094033,0.9955462646484375,841020
2011-06-08,1.0039831321783417,1.0124199207874718,0.9871094760393075,0.9955462646484375,550437
2011-06-09,1.0124199207874718,1.0124199207874718,0.970235740979499,0.9955462646484375,372577
2011-06-10,1.01241988154382,1.0208567487466924,1.0039830932617186,1.0039830932617186,1573224
2011-06-13,1.0208568100673892,1.0292935988562704,0.961798972862117,0.9871094970703125,968609
2011-06-14,0.9702357033710002,1.0292935370287937,0.9702357033710002,1.0039830932617186,3362164
2011-06-15,0.9702359850675613,0.9786728547199792,0.9617991943359375,0.9617991943359375,1106238
2011-06-16,0.9364886642994779,0.9702359850675613,0.919615003915436,0.9617991943359375,1118192
2011-06-17,0.9871097310892165,0.9871097310892165,0.9196150101729855,0.9280518798828125,2499917
2011-06-20,0.9533623311707038,0.9533623311707038,0.8858676891752674,0.9280518798828125,1323792
2011-06-21,0.8943044768673049,0.944925537109375,0.8943044768673049,0.944925537109375,356715
2011-06-22,0.9871094133810804,0.9871094133810804,0.970235679392357,0.9786725463867187,1520273
2011-06-23,0.9702359043876069,0.9702359043876069,0.9364885864257813,0.9364885864257813,456794
2011-06-24,0.9449254990275135,0.9449254990275135,0.9111781005859375,0.9111781005859375,629060
2011-06-27,0.9111780620355103,0.9196149310191524,0.9027412719726564,0.9027412719726563,451047
2011-06-28,0.9027412719726564,0.9196149310191524,0.8858676129261603,0.9027412719726563,410433
2011-06-29,0.9027412738272552,0.9027412738272552,0.8774307457451191,0.8858676147460938,527677
2011-06-30,0.9111781086345735,0.9111781086345735,0.86055712890625,0.86055712890625,314568
2011-07-01,0.8605571316427861,0.8689940010847315,0.8436834716796874,0.8436834716796875,548061
2011-07-04,0.8436834716796874,0.8521203411216328,0.8268098117165887,0.8436834716796875,123681
2011-07-05,0.8858677455069677,0.8858677455069677,0.8436835521169598,0.8521204223632812,1265706
2011-07-06,0.8774307062611214,0.8774307062611214,0.8268097312955589,0.8352465209960938,568981
2011-07-07,0.843683389617413,0.843683389617413,0.8268097312955589,0.8352465209960938,1005545
2011-07-08,0.8352465221139687,0.8352465221139687,0.8183728637695312,0.8183728637695312,881864
2011-07-11,0.8183730518712591,0.8183730518712591,0.8014993896484375,0.8014993896484375,561395
2011-07-12,0.793062545272064,0.8014993363621682,0.7677520141601563,0.7677520141601563,863855
2011-07-13,0.776188839862229,0.7930625000000001,0.7593151008036649,0.7930625,882860
2011-07-14,0.7930625000000001,0.7930625000000001,0.776188839862229,0.7930625,204526
2011-07-15,0.7846255493164063,0.7846255493164063,0.7761887595805396,0.7846255493164063,829065
2011-07-18,0.776188884171058,0.776188884171058,0.7593151441492546,0.7677520141601563,1071677
2011-07-19,0.7677519557149338,0.7677519557149338,0.7508782958984376,0.7508782958984375,1374598
2011-07-20,0.7593150222672367,0.7846255493164063,0.7593150222672367,0.7846255493164063,917573
2011-07-21,0.7846255493164063,0.7930624179730577,0.7677518909238882,0.7846255493164063,432732
2011-07-22,0.7846254657600504,0.7846254657600504,0.75931494140625,0.75931494140625,957958
2011-07-25,0.7508782753881907,0.7593150656055921,0.7340046160325986,0.74244140625,955352
2011-07-26,0.7424412848106419,0.75931494140625,0.7424412848106419,0.75931494140625,427445
2011-07-27,0.7677520141601563,0.7677520141601563,0.7508783530591503,0.7677520141601563,530283
2011-07-28,0.7761886769226345,0.7846254657600504,0.75931494140625,0.75931494140625,241386
2011-07-29,0.7508781525688342,0.75931494140625,0.7424412848106419,0.75931494140625,860101
2011-08-01,0.75931508634629,0.7677519557149338,0.7508782958984376,0.7508782958984375,515110
2011-08-02,0.7508782958984376,0.75931508634629,0.7424414265297937,0.7508782958984375,574115
2011-08-03,0.7340047607421875,0.7508784234244349,0.7340047607421875,0.7340047607421875,531815
2011-08-04,0.7593151441492546,0.7677520141601563,0.7340046919581443,0.7677520141601563,606454
2011-08-05,0.75931508634629,0.7677519557149338,0.7508782958984376,0.7508782958984375,636876
2011-08-08,0.7508784234244349,0.7508784234244349,0.7255678899406615,0.7340047607421875,295793
2011-08-09,0.7171309400331982,0.7171309400331982,0.7002572021484375,0.7002572021484375,719484
2011-08-10,0.7340046413836879,0.7340046413836879,0.7086941120157287,0.7171309814453125,823241
2011-08-11,0.6918204121268445,0.7002572021484375,0.6918204121268445,0.7002572021484375,274950
2011-08-12,0.7002572226079928,0.717130960985757,0.7002572226079928,0.708694091796875,140157
2011-08-15,0.7086940896183331,0.7255677490234375,0.7086940896183331,0.7255677490234375,168893
2011-08-16,0.7340046160325986,0.7593150656055921,0.725567746894408,0.74244140625,599020
2011-08-17,0.759315103651586,0.7761888427734375,0.759315103651586,0.7761888427734375,430586
2011-08-18,0.7930625029744958,0.7930625029744958,0.7761888427734375,0.7761888427734375,726074
2011-08-19,0.7593150656055921,0.7593150656055921,0.74244140625,0.74244140625,409130
2011-08-22,0.7424414434505278,0.7761888427734375,0.7424414434505278,0.7761888427734375,1042175
2011-08-23,0.75931494140625,0.7761886769226345,0.75931494140625,0.75931494140625,683927
2011-08-24,0.7846257487889297,0.7846257487889297,0.7340047607421875,0.7340047607421875,992365
2011-08-25,0.7593151441492546,0.7677520141601563,0.7508783530591503,0.7677520141601563,1285707
2011-08-26,0.7677520141601563,0.7846256752611622,0.7677520141601563,0.7677520141601563,1750624
2011-08-29,0.784625727425616,0.8014993896484375,0.784625727425616,0.8014993896484375,2194008
2011-08-30,0.8352465209960938,0.8352465209960938,0.8352465209960938,0.8352465209960938,348592
2011-08-31,0.8689937133789064,0.8689937133789064,0.8689937133789064,0.8689937133789063,1612383
2011-09-01,0.9111781005859375,0.9111781005859375,0.9111781005859375,0.9111781005859375,707299
2011-09-02,0.9111781005859375,0.9111781005859375,0.9111781005859375,0.9111781005859375,0
2011-09-05,0.9533623046875,0.9533623046875,0.9280518541027011,0.9533623046875,5891125
2011-09-06,0.961798972862117,0.9955462858591937,0.9280516598650403,0.9871094970703125,5599469
2011-09-07,0.9871094377767452,1.0208567487466924,0.9871094377767452,1.0039830932617186,4609786
2011-09-08,1.0377305687785638,1.0461673583984374,1.0292937002379061,1.0461673583984374,4681282
2011-09-09,1.0292936029873843,1.0967883081732064,1.0292936029873843,1.0883514404296875,4296903
2011-09-12,1.0461673583984374,1.0967884118008158,1.0377305687785638,1.0461673583984374,6656511
2011-09-13,1.0292937208390986,1.0799147752546512,1.0039832725521076,1.054604248046875,9766714
2011-09-14,1.01241988154382,1.0377304042316662,1.0039830932617186,1.0039830932617186,12773466
2011-09-15,0.9702359850675613,0.9786728547199792,0.9617991943359375,0.9617991943359375,8760938
2011-09-16,0.9533622472254241,0.9533622472254241,0.9196149291992186,0.9196149291992187,11520940
2011-09-19,0.8943044738789764,0.9617991943359375,0.8858676831473526,0.9617991943359375,5810739
2011-09-20,0.9702357616509982,1.0039831535688508,0.9533621051524599,0.9871094970703125,6072203
2011-09-21,0.9871097276708354,1.0039833881112605,0.944925537109375,0.944925537109375,3461554
2011-09-22,0.9449255339518957,0.9786728547199792,0.9364886642994779,0.9617991943359375,3517494
2011-09-23,0.9364886706718447,0.9449255403816715,0.9196150101729855,0.9280518798828125,3911912
2011-09-26,0.9280518000027943,0.9449254590492903,0.8943044029890144,0.9027412719726563,3095337
2011-09-27,0.9111780620355103,0.9364885900656483,0.9027412719726564,0.9027412719726563,2321138
2011-09-28,0.9280518392671212,0.9280518392671212,0.9027413101661369,0.9111781005859375,1372759
2011-09-29,0.8943044048262805,0.9027412738272552,0.8774307457451191,0.8858676147460938,2867207
2011-09-30,0.8858676582308077,0.8858676582308077,0.86055712890625,0.86055712890625,1516594
2011-10-03,0.8689939177236282,0.8689939177236282,0.8183728637695312,0.8183728637695312,1686254
2011-10-04,0.8014993896484375,0.8268099224430712,0.784625727425616,0.8014993896484375,2035919
2011-10-05,0.8183730518712591,0.8183730518712591,0.8014993896484375,0.8014993896484375,1931779
2011-10-06,0.8099360729737047,0.8352465209960938,0.8099360729737047,0.8352465209960938,4161037
2011-10-07,0.8521203411216328,0.8689940010847315,0.8436834716796874,0.8436834716796875,2373937
2011-10-10,0.8436834716796874,0.8689940010847315,0.8268098117165887,0.8436834716796875,1363333
2011-10-11,0.8436835990336133,0.8605572615437891,0.8268099365234375,0.8268099365234375,1028918
2011-10-12,0.8099361601377711,0.8099361601377711,0.7930625000000001,0.7930625,3746006
2011-10-13,0.784625727425616,0.8099362602202497,0.7677520652027945,0.8014993896484375,1708860
2011-10-14,0.8099362602202497,0.8099362602202497,0.8014993896484375,0.8014993896484375,922861
2011-10-17,0.8014992906084891,0.8099361601377711,0.7930625000000001,0.7930625,974970
2011-10-18,0.776188884171058,0.7846256752611622,0.7593151441492546,0.7677520141601563,2308877
2011-10-19,0.7677519732125118,0.78462563341357,0.759315103651586,0.7761888427734375,1121257
2011-10-20,0.7761887595805396,0.8014992077089242,0.7761887595805396,0.7846255493164063,1132062
2011-10-21,0.7930624373858502,0.8183728861337908,0.784625568522679,0.8099360961914063,1558511
2011-10-24,0.8268098202755423,0.8268098202755423,0.7930625000000001,0.7930625,1787483
2011-10-25,0.7930624179730577,0.7930624179730577,0.7761887595805396,0.7846255493164063,970985
2011-10-26,0.7930624179730577,0.7930624179730577,0.7761887595805396,0.7846255493164063,938953
2011-10-27,0.7846255493164063,0.7930624179730577,0.7846255493164063,0.7846255493164063,612661
2011-10-28,0.8014992054250938,0.8183728637695312,0.7930624157132673,0.8183728637695312,2870809
2011-10-31,0.8521204223632812,0.8521204223632812,0.8521204223632812,0.8521204223632812,1960592
2011-11-01,0.860557213688803,0.8774308752606462,0.8436835521169598,0.8521204223632812,6890617
2011-11-02,0.8436835990336133,0.8521204697491033,0.8183730658079476,0.8268099365234375,3077941
2011-11-03,0.8352467283181234,0.8352467283181234,0.8014994032977718,0.8268099365234375,1533989
2011-11-04,0.8268097549969622,0.8268097549969622,0.8099360961914062,0.8099360961914063,2016302
2011-11-07,0.7930625000000001,0.8099361601377711,0.7846256304707181,0.7930625,2828203
2011-11-08,0.7930624157132673,0.8268097324021423,0.7846255470806563,0.8183728637695312,1113671
2011-11-09,0.8268097549969622,0.8268097549969622,0.8014992273282349,0.8099360961914063,748986
2011-11-10,0.7846256304707181,0.8014992906084891,0.7846256304707181,0.7930625,1884268
2011-11-11,0.8099360763655756,0.8099360763655756,0.7677518909238882,0.7846255493164063,696954
2011-11-14,0.776188884171058,0.7846256752611622,0.7593151441492546,0.7677520141601563,3102770
2011-11-15,0.7677520141601563,0.7846256752611622,0.7593151441492546,0.7677520141601563,1562343
2011-11-16,0.7930625029744958,0.7930625029744958,0.7761888427734375,0.7761888427734375,2140060
2011-11-17,0.7761886769226345,0.7846254657600504,0.75931494140625,0.75931494140625,1618590
2011-11-18,0.7508782958984376,0.7508782958984376,0.7255677667132974,0.7508782958984375,4451927
2011-11-21,0.742441408428542,0.7593150678336463,0.7171309587812801,0.7255677490234375,971981
2011-11-22,0.7508782958984376,0.7508782958984376,0.7508782958984376,0.7508782958984375,0
2011-11-23,0.7677518091644423,0.7761886769226345,0.7508781525688342,0.75931494140625,2000746
2011-11-24,0.7593150656055921,0.7677519347437829,0.74244140625,0.74244140625,828682
2011-11-25,0.7508782753881907,0.7508782753881907,0.7340046160325986,0.74244140625,530130
2011-11-28,0.7508783530591503,0.7677520141601563,0.7508783530591503,0.7677520141601563,1348467
2011-11-29,0.75931494140625,0.7677518091644423,0.7424412848106419,0.75931494140625,1473145
2011-11-30,0.7424415526229088,0.7593152153051561,0.7340047607421875,0.7340047607421875,723009
2011-12-01,0.7508782958984376,0.75931508634629,0.7424414265297937,0.7508782958984375,193185
2011-12-02,0.75931494140625,0.7677518091644423,0.7508781525688342,0.75931494140625,802321
2011-12-05,0.767751970332947,0.7930625000000001,0.767751970332947,0.7930625,3735585
2011-12-06,0.8014992906084891,0.8183729507462603,0.7930625000000001,0.7930625,2345354
2011-12-07,0.7846256304707181,0.8014992906084891,0.776188839862229,0.7930625,1295515
2011-12-08,0.7930625029744958,0.7930625029744958,0.7761888427734375,0.7761888427734375,948685
2011-12-09,0.7761886769226345,0.7761886769226345,0.7508781525688342,0.75931494140625,3372816
2011-12-12,0.7593152153051561,0.7593152153051561,0.7340047607421875,0.7340047607421875,2839697
2011-12-13,0.742441408428542,0.7508782775914888,0.7255677490234375,0.7255677490234375,2032471
2011-12-14,0.7255677300547912,0.7340045989971716,0.7002572021484375,0.7002572021484375,1529775
2011-12-15,0.708694091796875,0.717130960985757,0.6749467728829261,0.708694091796875,1317585
2011-12-16,0.7171310980599402,0.7424415526229088,0.708694227258414,0.7340047607421875,1086314
2011-12-19,0.7340045989971716,0.7340045989971716,0.7002572021484375,0.7002572021484375,925160
2011-12-20,0.7002572226079928,0.7255677512538494,0.7002572226079928,0.708694091796875,1699895
2011-12-21,0.7171309814453125,0.7171309814453125,0.7086941120157287,0.7171309814453125,603542
2011-12-22,0.7171309632977695,0.7171309632977695,0.6833835653542301,0.6918204345703125,1716983
2011-12-23,0.7002572021484375,0.7002572021484375,0.6749467531628712,0.7002572021484375,741706
2011-12-26,0.6833835058695106,0.7002571639121276,0.6749467163085937,0.6749467163085937,639788
2011-12-27,0.6833835058695106,0.6833835058695106,0.6411993607629682,0.6749467163085937,2060671
2011-12-28,0.683383543184464,0.7002572021484375,0.6749467531628712,0.7002572021484375,503692
2011-12-29,0.7002572248656048,0.7002572248656048,0.6749467750589377,0.6918204345703125,579173
2011-12-30,0.7002572021484375,0.708694071090818,0.683383543184464,0.7002572021484375,1052596
2012-01-02,0.7002572021484375,0.7002572021484375,0.7002572021484375,0.7002572021484375,0
2012-01-03,0.708694071090818,0.7171309400331982,0.7002572021484375,0.7002572021484375,780711
2012-01-04,0.7002572039287474,0.7002572039287474,0.683383544921875,0.683383544921875,850369
2012-01-05,0.6749467163085937,0.6918203743512107,0.6749467163085937,0.6749467163085937,1028918
2012-01-06,0.6749468184894345,0.6749468184894345,0.6580731184319004,0.6665099487304688,1882045
2012-01-09,0.6749467548788327,0.683383544921875,0.6580730564115665,0.683383544921875,618025
2012-01-10,0.6918204121268445,0.708694071090818,0.6918204121268445,0.7002572021484375,1329233
2012-01-11,0.7002572248656048,0.7086940940816872,0.6833835653542301,0.6918204345703125,999338
2012-01-12,0.683383543184464,0.7002572021484375,0.683383543184464,0.7002572021484375,657873
2012-01-13,0.7002572226079928,0.708694091796875,0.6833835631510186,0.708694091796875,951138
2012-01-16,0.7171310980599402,0.7424415526229088,0.708694227258414,0.7340047607421875,1338198
2012-01-17,0.7340046160325986,0.74244140625,0.7340046160325986,0.74244140625,870905
2012-01-18,0.7424414434505278,0.7761888427734375,0.7424414434505278,0.7761888427734375,1360191
2012-01-19,0.7761887785802943,0.8099360961914062,0.7761887785802943,0.8099360961914063,3097559
2012-01-20,0.8268099365234375,0.8352467283181234,0.8014994032977718,0.8268099365234375,1963044
2012-01-23,0.8268099365234375,0.8268099365234375,0.8268099365234375,0.8268099365234375,0
2012-01-24,0.8268099365234375,0.8268099365234375,0.8268099365234375,0.8268099365234375,0
2012-01-25,0.8268099365234375,0.8268099365234375,0.8268099365234375,0.8268099365234375,0
2012-01-26,0.8268099365234375,0.8268099365234375,0.8268099365234375,0.8268099365234375,0
2012-01-27,0.8268099365234375,0.8268099365234375,0.8268099365234375,0.8268099365234375,0
2012-01-30,0.8436834716796874,0.8521203411216328,0.8268098117165887,0.8436834716796875,1072061
2012-01-31,0.8436835990336133,0.8774309240539648,0.8268099365234375,0.8268099365234375,1854918
2012-02-01,0.8099362602202497,0.8268099224430712,0.8014993896484375,0.8014993896484375,2424743
2012-02-02,0.8268097312955589,0.8352465209960938,0.8014992043523855,0.8352465209960938,2182590
2012-02-03,0.8605572468887143,0.8689941174605263,0.8014993896484375,0.8014993896484375,3653283
2012-02-06,0.784625568522679,0.8099360961914062,0.7761887785802943,0.8099360961914063,632508
2012-02-07,0.8183728861337908,0.8268097549969622,0.8014992273282349,0.8099360961914063,2010478
2012-02-08,0.8183729422746434,0.8436834716796874,0.8099361517534901,0.8436834716796875,1760050
2012-02-09,0.8436833907465797,0.8436833907465797,0.8183728637695312,0.8183728637695312,1251606
2012-02-10,0.8183730518712591,0.8183730518712591,0.7930625979974282,0.8014993896484375,2361216
2012-02-13,0.7761889357746067,0.8014993896484375,0.7761889357746067,0.8014993896484375,1391687
2012-02-14,0.7930624157132673,0.8183728637695312,0.7930624157132673,0.8183728637695312,1288772
2012-02-15,0.8183728861337908,0.8268097549969622,0.8014992273282349,0.8099360961914063,1452225
2012-02-16,0.8099360740577047,0.8268097324021423,0.8014992054250938,0.8183728637695312,985008
2012-02-17,0.8268097312955589,0.8352465209960938,0.8183728626742396,0.8352465209960938,1842044
2012-02-20,0.8521200590023252,0.8689937133789064,0.8521200590023252,0.8689937133789063,3973139
2012-02-21,0.9027413101661369,0.9111781005859375,0.8605571213047603,0.9111781005859375,5766907
2012-02-22,0.9027413245971098,0.9533623046875,0.9027413245971098,0.9533623046875,5049952
2012-02-23,0.9955462646484375,0.9955462646484375,0.970235740979499,0.9955462646484375,5288886
2012-02-24,1.0124201754880626,1.0124201754880626,0.9617991943359375,0.9617991943359375,9488545
2012-02-27,0.961798915088899,1.0039830932617186,0.9533620478860265,1.0039830932617186,6210674
2012-02-28,1.0039833847564388,1.0039833847564388,0.9617991943359375,0.9617991943359375,7288789
2012-02-29,0.9364886446573698,0.9533623046875,0.9280518541027011,0.9533623046875,3572362
2012-03-01,0.970235740979499,0.9955462646484375,0.9449252962313349,0.9955462646484375,6189831
2012-03-02,0.9786727266443477,1.029293701171875,0.9786727266443477,1.029293701171875,5650965
2012-03-05,1.046167516645585,1.0799149169921876,1.046167516645585,1.0799149169921876,4628177
2012-03-06,1.1305357521348405,1.1305357521348405,1.029293722100453,1.0377305908203125,11795814
2012-03-07,1.0377305895486193,1.054604248046875,0.9955464038425871,1.054604248046875,6834293
2012-03-08,1.01241988154382,1.05460405971664,1.0039830932617186,1.0039830932617186,6073965
2012-03-09,0.9955464457715529,1.0377306332542366,0.9955464457715529,1.0124201049804689,4316980
2012-03-12,1.0039833847564388,1.0039833847564388,0.9617991943359375,0.9617991943359375,5863385
2012-03-13,0.9786726085094033,0.9955462646484375,0.961798952370369,0.9955462646484375,4443114
2012-03-14,0.9871094760393075,1.0039831321783417,0.9786726085094033,0.9955462646484375,2887208
2012-03-15,0.9786727465436519,1.0377305908203125,0.9533622193048586,1.0377305908203125,9931010
2012-03-16,1.0799147752546512,1.0799147752546512,1.0292937208390986,1.054604248046875,6635437
2012-03-19,1.0292937002379061,1.0714778850996267,1.0124200420773746,1.0461673583984374,4222495
2012-03-20,1.037730729152864,1.0714780506893482,1.0292938593083447,1.063041259765625,3613665
2012-03-21,1.0714780506893482,1.0967885813021094,1.0546043899211062,1.063041259765625,5073630
2012-03-22,1.0546043669431548,1.0799148970044448,1.0546043669431548,1.07147802734375,2344127
2012-03-23,1.07147802734375,1.0883516877443453,1.0546043669431548,1.07147802734375,5366436
2012-03-26,1.0883517114575905,1.0883517114575905,1.063041259765625,1.063041259765625,3825319
2012-03-27,1.0630411180591057,1.0630411180591057,1.0208569323013787,1.0377305908203125,6534515
2012-03-28,1.0124200429960326,1.0461673593477174,1.0124200429960326,1.029293701171875,2352480
2012-03-29,1.029293600324352,1.0377304680460426,1.0124199438017467,1.0208568115234375,3270974
2012-03-30,1.01241988154382,1.0208567487466924,0.9955462260588464,1.0039830932617186,2956635
2012-04-02,1.0039830932617186,1.0039830932617186,1.0039830932617186,1.0039830932617186,0
2012-04-03,1.029293722100453,1.0377305908203125,1.0039832737824452,1.0377305908203125,1876911
2012-04-04,1.0377304680460426,1.0377304680460426,1.0039831550008322,1.0208568115234375,2064426
2012-04-05,1.0292937002379061,1.063041095479753,1.0039832524575008,1.0461673583984374,2441908
2012-04-06,1.0546042657348846,1.0967884521484375,1.0546042657348846,1.0967884521484375,9812079
2012-04-09,1.113662106402777,1.147409423828125,1.113662106402777,1.147409423828125,9014202
2012-04-10,1.1999624995258293,1.1999624995258293,1.1824448089696964,1.19120361328125,5892274
2012-04-11,1.2437568359375,1.2437568359375,1.2174802576778814,1.2437568359375,3976511
2012-04-12,1.2963099207191968,1.3050687255859375,1.2787922290526843,1.3050687255859375,4259737
2012-04-13,1.3488629150390625,1.3663806056577876,1.305068647525737,1.3488629150390625,18942377
2012-04-16,1.4014158794578964,1.4101746826171875,1.3838981092732847,1.4101746826171875,4001952
2012-04-17,1.4802457275390626,1.4802457275390626,1.4802457275390626,1.4802457275390626,1534296
2012-04-18,1.55031640625,1.55031640625,1.5240398319950115,1.55031640625,7579295
2012-04-19,1.620387425054854,1.620387425054854,1.4802457275390626,1.4802457275390626,21301831
2012-04-20,1.4364514888449835,1.5152810577908615,1.4101749112410054,1.4189337158203126,9851391
2012-04-23,1.4890047607421875,1.4890047607421875,1.4802457916104073,1.4890047607421875,1280189
2012-04-24,1.5590755615234377,1.5590755615234377,1.5590755615234377,1.5590755615234375,1141948
2012-04-25,1.6291463623046873,1.6291463623046873,1.6291463623046873,1.6291463623046876,1010909
2012-04-26,1.6992171049086533,1.7079760742187502,1.6729405247105074,1.70797607421875,17397429
2012-04-27,1.7692881908796554,1.7780469970703126,1.6816996373748252,1.7780469970703126,4802588
2012-04-30,1.7780469970703126,1.7780469970703126,1.7780469970703126,1.7780469970703126,0
2012-05-01,1.7780469970703126,1.7780469970703126,1.7780469970703126,1.7780469970703126,0
2012-05-02,1.786805471700015,1.786805471700015,1.6904581298828125,1.6904581298828125,6617812
2012-05-03,1.6203873008396161,1.7692877918276242,1.6116284966244538,1.75177001953125,14663252
2012-05-04,1.7517701081137127,1.7955642952701323,1.7167347256153653,1.7254935302734375,6111131
2012-05-07,1.7517700923606085,1.7692878653852793,1.7079759055980157,1.7342523193359376,6120480
2012-05-08,1.7342525185893911,1.7342525185893911,1.6554229405865473,1.6729405517578124,7007478
2012-05-09,1.637904821382794,1.672940200229555,1.629146017637614,1.664181396484375,3972909
2012-05-10,1.6641815002488431,1.74301123046875,1.6641815002488431,1.74301123046875,12472845
2012-05-11,1.8218407280384166,1.8218407280384166,1.7517699686214108,1.8043231201171874,9713303
2012-05-14,1.7517703731506455,1.7692881489832282,1.7167349853515625,1.7167349853515625,6067528
2012-05-15,1.6554226795010825,1.716734636662828,1.6379049072265626,1.6379049072265626,7884132
2012-05-16,1.637905138210517,1.637905138210517,1.5590755615234377,1.5590755615234375,6350372
2012-05-17,1.5065223712736096,1.5853521102632158,1.4890047607421875,1.4890047607421875,7913788
2012-05-18,1.4539691639532137,1.4802457427490536,1.4189337801807818,1.4276927490234375,5750508
2012-05-21,1.4890047446337316,1.4977635498046875,1.4802457755967082,1.4977635498046875,2687509
2012-05-22,1.567833984375,1.567833984375,1.567833984375,1.567833984375,2776707
2012-05-23,1.6379050279591143,1.6379050279591143,1.5678342614281071,1.59411083984375,14930846
2012-05-24,1.6203873126730999,1.6203873126730999,1.515281005859375,1.515281005859375,6652832
2012-05-25,1.5853516845703124,1.5853516845703124,1.5765927177904584,1.5853516845703124,2014923
2012-05-28,1.664181396484375,1.664181396484375,1.629146017637614,1.664181396484375,8769138
2012-05-29,1.620387347751185,1.7079758840367187,1.6028695749476565,1.6554227294921875,4040574
2012-05-30,1.7342523193359376,1.7342523193359376,1.6992169371526522,1.7342523193359376,4099043
2012-05-31,1.734252112060007,1.8130818354502984,1.699216734064112,1.7605286865234375,7357987
2012-06-01,1.7605290381597736,1.786805617871513,1.6729404937426655,1.681699462890625,11859264
2012-06-04,1.6816991607199798,1.6816991607199798,1.6028694357490245,1.62038720703125,6705478
2012-06-05,1.6466641647564246,1.6992171630859374,1.6028698083047397,1.6992171630859374,5115471
2012-06-06,1.6641817762442364,1.7254937441837328,1.6466641647564246,1.6992171630859374,3539947
2012-06-07,1.707975920957293,1.7692878812959152,1.681699343117018,1.7254935302734375,9010984
2012-06-08,1.734252112060007,1.804323031917834,1.7254933085275426,1.7605286865234375,22346842
2012-06-11,1.7605287780919094,1.8481173095703127,1.7517699741038828,1.8481173095703125,11241469
2012-06-12,1.8831528456712003,1.9269471969779148,1.8305998535156252,1.830599853515625,8732202
2012-06-13,1.8305999270671907,1.8305999270671907,1.7692879638671875,1.7692879638671875,10238375
2012-06-14,1.7517702653049447,1.7605290707489691,1.6904582994646287,1.70797607421875,9628396
2012-06-15,1.6992168665081766,1.7780465960427867,1.6992168665081766,1.75177001953125,5862542
2012-06-18,1.7868058032609695,1.8306001619464278,1.7517704146322546,1.7780469970703126,5167963
2012-06-19,1.7780466115000249,1.7780466115000249,1.725493458020087,1.74301123046875,4506258
2012-06-20,1.7605288237464125,1.786805400257949,1.7254934430197133,1.75177001953125,3674740
2012-06-21,1.734252262311393,1.7868054157913311,1.734252262311393,1.74301123046875,3888233
2012-06-22,1.7342524905508232,1.7517702653049447,1.7079760742187502,1.70797607421875,7402279
2012-06-25,1.7079761532475601,1.7254937649461568,1.6291464090056358,1.6466641845703125,10154541
2012-06-26,1.6466636326991653,1.6466636326991653,1.5853516845703124,1.5853516845703124,5699089
2012-06-27,1.6393980833956434,1.6393980833956434,1.567336669921875,1.567336669921875,6119560
2012-06-28,1.5763443044757592,1.5763443044757592,1.5132905255558748,1.567336669921875,5038150
2012-06-29,1.576344478543909,1.6303906288779657,1.5673368429953547,1.6033675537109375,4494917
2012-07-02,1.630390449787974,1.630390449787974,1.5403135986328125,1.5403135986328125,4703582
2012-07-03,1.5313060231536397,1.5583289278735568,1.468252241764458,1.495275146484375,6157722
2012-07-04,1.4952752289901956,1.5222983037225375,1.441229248046875,1.441229248046875,3291894
2012-07-05,1.441228997527401,1.5132904052734375,1.4142059274923038,1.5132904052734375,4458900
2012-07-06,1.531306017464345,1.5853519952247352,1.5132905791966458,1.5763443603515626,3707615
2012-07-09,1.5763443757147828,1.5763443757147828,1.504282958984375,1.504282958984375,4722433
2012-07-10,1.477259876671097,1.5132905848190072,1.477259876671097,1.495275146484375,1944576
2012-07-11,1.495275088794558,1.5493212331919244,1.495275088794558,1.5403135986328125,2079599
2012-07-12,1.5403132430782445,1.5943593749999998,1.5313056105983882,1.594359375,2890810
2012-07-13,1.5943597296665408,1.6664211425781248,1.5943597296665408,1.666421142578125,7471
2012-07-16,1.6844363442689805,1.71145941516186,1.621382568359375,1.621382568359375,5126889
2012-07-17,1.621382220719022,1.702451416015625,1.621382220719022,1.702451416015625,6757663
2012-07-18,1.7294744811144926,1.7474897454995355,1.6574130865317147,1.702451416015625,5031330
2012-07-19,1.6934445540854337,1.7835212540245922,1.6844367492744137,1.7655059814453125,6135653
2012-07-20,1.7835204427909244,1.7835204427909244,1.702451416015625,1.702451416015625,8740938
2012-07-23,1.6844364115453476,1.72046711800114,1.6393980706059441,1.666421142578125,6162703
2012-07-24,1.6574135094989129,1.6664211439901568,1.603367365508756,1.612375,5943004
2012-07-25,1.5943596659878352,1.6393980051284076,1.5943596659878352,1.621382568359375,4327096
2012-07-26,1.64840576171875,1.657413565033161,1.612375054025162,1.64840576171875,5902696
2012-07-27,1.639398126925691,1.66642119982622,1.630390492132632,1.64840576171875,1494678
2012-07-30,1.639398126925691,1.66642119982622,1.630390492132632,1.64840576171875,1494678
2012-07-31,1.6393980712890626,1.6664211432725033,1.6303904368016977,1.6393980712890626,2113929
2012-08-01,1.639397646803476,1.6484052789585146,1.6123745818170574,1.6303900146484376,2833337
2012-08-02,1.6213826337929866,1.6484057057764274,1.6213826337929866,1.6393980712890626,2434628
2012-08-03,1.6303900146484376,1.6484052789585146,1.621382213972096,1.6303900146484376,1601884
2012-08-06,1.6393980606999268,1.702451838746899,1.6393980606999268,1.6844364013671875,4315141
2012-08-07,1.66642119982622,1.693444272726749,1.64840576171875,1.64840576171875,3705162
2012-08-08,1.6664213196374413,1.6844365905188088,1.6574136841967575,1.675428955078125,2493557
2012-08-09,1.6844364013671875,1.7204671076052651,1.6754287669380044,1.6844364013671875,4267630
2012-08-10,1.66642119982622,1.684436469412338,1.64840576171875,1.64840576171875,2157762
2012-08-13,1.6574135087851385,1.6574135087851385,1.6303904368016977,1.6393980712890626,2242745
2012-08-14,1.6574135080945134,1.6844364115453476,1.6484057050895555,1.666421142578125,2751495
2012-08-15,1.6664211425781248,1.6844364115453476,1.6574135080945134,1.666421142578125,1829247
2012-08-16,1.666421331795465,1.6754289673018674,1.6484058922612943,1.6574136962890624,1449313
2012-08-17,1.6574136841967575,1.6844365905188088,1.6484058802347095,1.675428955078125,2659922
2012-08-20,1.6844365322868569,1.7024519710667847,1.6754288971575722,1.6934443359375,4603272
2012-08-21,1.6123749999999997,1.6664211439901568,1.6123749999999997,1.612375,9908174
2012-08-22,1.558328867751036,1.5853519399497196,1.5403135986328125,1.5403135986328125,14631527
2012-08-23,1.495274728215569,1.495274728215569,1.4682518310546875,1.4682518310546875,5766064
2012-08-24,1.3961908589989394,1.540313788010327,1.3961908589989394,1.53130615234375,9880817
2012-08-27,1.486267581345719,1.4952752166751921,1.4592445068359374,1.4592445068359374,3271204
2012-08-28,1.4412292361769914,1.4772599460162457,1.423213796996683,1.4592445068359374,1877218
2012-08-29,1.5132907124892279,1.5313061523437503,1.486267636968129,1.53130615234375,3253655
2012-08-30,1.522297976006975,1.5763441138367749,1.5132903425424509,1.549321044921875,4071839
2012-08-31,1.5313059640737008,1.558328867751036,1.5222981609932413,1.5403135986328125,1778594
2012-09-03,1.5403135986328125,1.5403135986328125,1.5403135986328125,1.5403135986328125,0
2012-09-04,1.558328856009843,1.6123749999999997,1.531305952536111,1.612375,5989748
2012-09-05,1.6484057050895555,1.6844364115453476,1.6123749986337637,1.666421142578125,14503630
2012-09-06,1.666421331795465,1.68443660280827,1.6303906212484895,1.6574136962890624,4371618
2012-09-07,1.6574135080945134,1.6754287770617364,1.6393980706059441,1.666421142578125,2646665
2012-09-10,1.6574135102370209,1.666421144732276,1.5853519287109374,1.5853519287109374,6364165
2012-09-11,1.5673365950949556,1.621382568359375,1.5673365950949556,1.621382568359375,2225503
2012-09-12,1.639397646803476,1.6664207117898948,1.6303900146484376,1.6303900146484376,2426045
2012-09-13,1.630390492132632,1.64840576171875,1.621382688818221,1.64840576171875,1748555
2012-09-14,1.6664210760212872,1.6844363442689805,1.621382568359375,1.621382568359375,4259124
2012-09-17,1.6213828248080455,1.6664213395935485,1.6033675537109375,1.6033675537109375,2047874
2012-09-18,1.6033673775892907,1.6123750121484026,1.5403135986328125,1.5403135986328125,2157302
2012-09-19,1.5042829443234729,1.5763443603515626,1.5042829443234729,1.5763443603515626,2915102
2012-09-20,1.549321221518599,1.6123749999999997,1.549321221518599,1.612375,3793671
2012-09-21,1.630390426270744,1.6844364013671875,1.6033673544618494,1.6844364013671875,17048224
2012-09-24,1.621382213972096,1.639397646803476,1.621382213972096,1.6303900146484376,2255849
2012-09-25,1.621382213972096,1.6484052789585146,1.621382213972096,1.6303900146484376,1230762
2012-09-26,1.6303900146484376,1.657413079634856,1.6303900146484376,1.6303900146484376,1983044
2012-09-27,1.6303904375038345,1.6484057064863222,1.594359731017512,1.612375,968380
2012-09-28,1.5763443044757592,1.594359742104875,1.567336669921875,1.567336669921875,1409465
2012-10-01,1.549321302310541,1.549321302310541,1.504282958984375,1.504282958984375,3571595
2012-10-02,1.504282958984375,1.5313060323886165,1.4952751555020576,1.504282958984375,4285792
2012-10-03,1.5042827714355165,1.5313058414706138,1.5042827714355165,1.5132904052734375,2569345
2012-10-04,1.5222982289062994,1.5313060323886165,1.504282958984375,1.504282958984375,1137580
2012-10-05,1.5042829479832625,1.5313060211898792,1.5042829479832625,1.5222982177734374,1742118
2012-10-08,1.540313588423063,1.5673366604426275,1.540313588423063,1.558328857421875,2948129
2012-10-09,1.558328867751036,1.567336670831496,1.5403135986328125,1.5403135986328125,876806
2012-10-10,1.5313057779928265,1.5583286783863992,1.5313057779928265,1.549321044921875,1030680
2012-10-11,1.558328867751036,1.594359743030179,1.5403135986328125,1.5403135986328125,1999367
2012-10-12,1.5313061523437503,1.5583290593434806,1.5313061523437503,1.53130615234375,1277507
2012-10-15,1.5403136673495788,1.549321302310541,1.504282958984375,1.504282958984375,437790
2012-10-16,1.522298160109759,1.567336669921875,1.522298160109759,1.567336669921875,2350028
2012-10-17,1.5673364803722507,1.5673364803722507,1.549321044921875,1.549321044921875,1466401
2012-10-18,1.558328857421875,1.5763442949420337,1.558328857421875,1.558328857421875,1337892
2012-10-19,1.558328867751036,1.567336670831496,1.5313059640737008,1.5403135986328125,2017835
2012-10-22,1.6123746399597123,1.6123746399597123,1.5943593749999998,1.594359375,8836266
2012-10-23,1.594359784439044,1.657413565033161,1.594359784439044,1.64840576171875,4411849
2012-10-24,1.6484052789585146,1.657413079634856,1.6303900146484376,1.6303900146484376,1524104
2012-10-25,1.6123746399597123,1.6123746399597123,1.5853515739988346,1.594359375,1948561
2012-10-26,1.5763439415189784,1.6123746399597123,1.5763439415189784,1.594359375,1221797
2012-10-29,1.5853519294414395,1.5943597324621923,1.558328857421875,1.558328857421875,2261903
2012-10-30,1.558328857421875,1.5853519294414395,1.549321222922469,1.558328857421875,2427885
2012-10-31,1.5853519287109374,1.5943597317275395,1.5673366597204268,1.5853519287109374,3119628
2012-11-01,1.603367366222795,1.603367366222795,1.5853519287109374,1.5853519287109374,2629806
2012-11-02,1.5132904052734375,1.5763441791815531,1.5132904052734375,1.5132904052734375,7524658
2012-11-05,1.5132903425424509,1.549321044921875,1.5132903425424509,1.549321044921875,1176738
2012-11-06,1.5313059631849908,1.5763443044757592,1.5313059631849908,1.567336669921875,2735786
2012-11-07,1.5673363090391221,1.6213822724395686,1.5583285080379572,1.594359375,3789839
2012-11-08,1.5763442292188021,1.621382568359375,1.5763442292188021,1.621382568359375,3315113
2012-11-09,1.6213826337929866,1.6393980712890626,1.603367364818257,1.6393980712890626,2434858
2012-11-12,1.639398126925691,1.657413565033161,1.621382688818221,1.64840576171875,3678265
2012-11-13,1.6574137040449943,1.6574137040449943,1.6033675537109375,1.6033675537109375,1964806
2012-11-14,1.603367365508756,1.6303904375038345,1.603367365508756,1.612375,922938
2012-11-15,1.6123751892594915,1.6123751892594915,1.5943599181623833,1.6033675537109375,452963
2012-11-16,1.6033675537109375,1.6213828248080455,1.5943599181623833,1.6033675537109375,251194
2012-11-19,1.5943599181623833,1.6123751892594915,1.5943599181623833,1.6033675537109375,486680
2012-11-20,1.621382568359375,1.630390371004561,1.6033673001116817,1.621382568359375,1396131
2012-11-21,1.6123749999999997,1.6213826344912439,1.6123749999999997,1.612375,300621
2012-11-22,1.603367007479856,1.6213822724395686,1.5943593749999998,1.594359375,1017576
2012-11-23,1.5853518633426489,1.621382568359375,1.5853518633426489,1.621382568359375,2257841
2012-11-26,1.6677078604962368,1.6677078604962368,1.630647705078125,1.630647705078125,646991
2012-11-27,1.630647705078125,1.639912873934835,1.6213827095576578,1.630647705078125,339856
2012-11-28,1.6213827095576578,1.639912873934835,1.6213827095576578,1.630647705078125,278475
2012-11-29,1.630647705078125,1.639912873934835,1.6213827095576578,1.630647705078125,243608
2012-11-30,1.6306479133292875,1.6399130833692588,1.612117919921875,1.612117919921875,452273
2012-12-03,1.5935875496600134,1.630647705078125,1.5935875496600134,1.630647705078125,532352
2012-12-04,1.630647705078125,1.639912873934835,1.6213827095576578,1.630647705078125,729062
2012-12-05,1.6306475910691303,1.6677077438961296,1.6306475910691303,1.6584427490234375,902017
2012-12-06,1.6677075795349885,1.6677075795349885,1.63991259765625,1.63991259765625,366447
2012-12-07,1.6399128545882584,1.6491778499994234,1.6213826904296875,1.6213826904296875,548061
2012-12-10,1.6399127592780531,1.6584427490234375,1.6306475910691303,1.6584427490234375,699560
2012-12-11,1.6584427490234375,1.6584427490234375,1.621382596196438,1.6584427490234375,2661301
2012-12-12,1.6584428770100388,1.704768201621014,1.639912885834644,1.686238037109375,1934920
2012-12-13,1.695503046060598,1.695503046060598,1.649177894420744,1.6677078857421874,934356
2012-12-14,1.6584430974048845,1.6769732643790458,1.6491781005859374,1.6491781005859374,1467934
2012-12-17,1.6491781005859374,1.6677080942238316,1.6491781005859374,1.6491781005859374,1120185
2012-12-18,1.6491775916158296,1.6677075795349885,1.63991259765625,1.63991259765625,1159266
2012-12-19,1.6677077712768469,1.7047680980485402,1.6677077712768469,1.6955029296875,3837733
2012-12-20,1.6769730415216777,1.704768201621014,1.6677078725977363,1.686238037109375,1882888
2012-12-21,1.686238037109375,1.686238037109375,1.6677078725977363,1.686238037109375,1789935
2012-12-24,1.6862380241077985,1.7047681884765624,1.6769730285915383,1.7047681884765624,1109916
2012-12-25,1.704768201621014,1.704768201621014,1.6769730415216777,1.686238037109375,274873
2012-12-26,1.7047680980485402,1.7047680980485402,1.676972939637887,1.6955029296875,419858
2012-12-27,1.7140330810546875,1.7140330810546875,1.6862379228389317,1.7140330810546875,1458202
2012-12-28,1.7140333502961325,1.7974186647053854,1.70476835388094,1.778888671875,2597775
2012-12-31,1.778888671875,1.778888671875,1.778888671875,1.778888671875,0
2013-01-01,1.778888671875,1.778888671875,1.778888671875,1.778888671875,0
2013-01-02,1.834478591942521,1.834478591942521,1.7788884471381181,1.7881534423828125,2228952
2013-01-03,1.7788887079655484,1.797418701171875,1.7418285482166325,1.797418701171875,3079627
2013-01-04,1.7788884791006978,1.8808039486322359,1.7788884791006978,1.8530087890625,3127215
2013-01-07,1.8900689815161982,1.9456593017578125,1.8622738213953913,1.9456593017578125,6534055
2013-01-08,1.9919840117874832,2.0383093261718748,1.9919840117874832,2.038309326171875,2910657
2013-01-09,2.140225341796875,2.140225341796875,2.121695176469796,2.140225341796875,9145777
2013-01-10,2.130960221302615,2.242140869140625,2.112430228887117,2.242140869140625,5458929
2013-01-11,2.353321029386249,2.353321029386249,2.232875401424474,2.297730712890625,3034952
2013-01-14,2.214345605257335,2.279200922398873,2.195815440358504,2.25140576171875,3239019
2013-01-15,2.251405658938545,2.316260973119336,2.232875494885645,2.260670654296875,3319098
2013-01-16,2.2699358790949096,2.4181765018370496,2.25140571458402,2.362586181640625,3840722
2013-01-17,2.3625859660346133,2.3811161288544684,2.2236103515625,2.2236103515625,2040747
2013-01-18,2.2421408226087602,2.2421408226087602,2.149490342445309,2.1680205078125,3125989
2013-01-21,2.1680203988105466,2.2236105454446995,2.11243007884015,2.149490234375,1421802
2013-01-22,2.130959608268246,2.1494897686892442,2.0012490053298793,2.038309326171875,4240043
2013-01-23,2.0383096099448426,2.0938997522746705,2.0105144521118135,2.056839599609375,2061591
2013-01-24,2.0661047960347787,2.1958154296875,2.0661047960347787,2.1958154296875,2192169
2013-01-25,2.3347911569071074,2.34405615234375,2.316260992697581,2.34405615234375,2849736
2013-01-28,2.50156201171875,2.50156201171875,2.483031846988696,2.50156201171875,5377164
2013-01-29,2.5015620060672887,2.594212309499506,2.4181765249747977,2.473766845703125,4533308
2013-01-30,2.473766851291792,2.6220074757872385,2.4552366865617383,2.50156201171875,6493671
2013-01-31,2.48303173828125,2.501561902200051,2.4552365790711677,2.48303173828125,1814074
2013-02-01,2.483031789089971,2.557152099609375,2.408911478570567,2.557152099609375,2989280
2013-02-04,2.584946996023331,2.723922607421875,2.5756820014864212,2.723922607421875,4712701
2013-02-05,2.7239226724190764,2.8721634552280197,2.6127422153145403,2.825838134765625,2959164
2013-02-06,2.9184893363853557,3.0111396484375,2.8721640070230214,3.0111396484375,3814054
2013-02-07,3.0111393487357425,3.057464500151026,2.8073084051705073,2.909223876953125,3646693
2013-02-08,2.9092241279613256,3.0481999408705125,2.8906939617946805,2.964814453125,1098958
2013-02-11,2.964814453125,2.964814453125,2.964814453125,2.964814453125,0
2013-02-12,2.964814453125,2.964814453125,2.964814453125,2.964814453125,0
2013-02-13,2.964814453125,2.964814453125,2.964814453125,2.964814453125,0
2013-02-14,2.964814453125,2.964814453125,2.964814453125,2.964814453125,0
2013-02-15,2.964814453125,2.964814453125,2.964814453125,2.964814453125,0
2013-02-18,3.01113910441298,3.01113910441298,2.909223640899747,2.937018798828125,1576366
2013-02-19,2.91848914467874,2.9277539672718627,2.8258384920400093,2.872163818359375,4226403
2013-02-20,2.87216372115365,3.0018741797836905,2.8258383964021223,2.909223876953125,4536910
2013-02-21,2.918488873826451,3.103789468561966,2.788778076171875,2.788778076171875,10084731
2013-02-22,2.983343994140625,2.983343994140625,2.90922368737177,2.983343994140625,10413399
2013-02-25,3.1501148260315732,3.1871748046875,3.094524511375229,3.1871748046875,3763172
2013-02-26,3.187174981296999,3.3354155974800053,3.0111392062456197,3.05746435546875,6395354
2013-02-27,3.0574645723330924,3.122320063183619,2.9462842756461147,3.09452490234375,3446151
2013-02-28,3.1315848750148034,3.1501152132932613,3.0389345703125,3.0389345703125,2863223
2013-03-01,3.0389345703125,3.113054883408842,2.9926094179613485,3.0389345703125,2590188
2013-03-04,3.0204044647083466,3.0204044647083466,2.835103515625,2.835103515625,4976080
2013-03-05,2.723922798398749,2.8165732702723343,2.6405374950478877,2.649802490234375,5009644
2013-03-06,2.7053928859339056,2.835103515625,2.6868627216910745,2.835103515625,1383257
2013-03-07,2.964814453125,3.029669601367608,2.9277541207917106,2.964814453125,5536096
2013-03-08,2.9926099322936706,3.0574650873972753,2.9648147667713953,3.029669921875,1311838
2013-03-11,3.1964406377144203,3.1964406377144203,3.0574648221593264,3.17791064453125,2933033
2013-03-12,3.159379862426404,3.1686450310573164,3.020404412997583,3.075994384765625,5860703
2013-03-13,3.1037899784535163,3.270560957119628,3.1037899784535163,3.17791064453125,6525089
2013-03-14,3.1964404296875,3.2242355909895872,3.150115276408189,3.1964404296875,2330564
2013-03-15,3.1964404994111724,3.205705322265625,3.1408501755944114,3.205705322265625,7011463
2013-03-18,3.243868210856931,3.2915720816362803,3.224786376953125,3.224786376953125,3215187
2013-03-19,3.1961646137608586,3.386980491520496,3.1484607335684873,3.339276611328125,4495453
2013-03-20,3.3392763296932078,3.482388315190394,3.3392763296932078,3.43468408203125,3767769
2013-03-21,3.4346844843138298,3.5300926048165366,3.3583582021057627,3.463306884765625,2486354
2013-03-22,3.425143645286847,3.4633066048109136,3.262950174834224,3.310654052734375,4482196
2013-03-25,3.2820317294095696,3.4060618861752348,3.2724911678061455,3.36789892578125,2831957
2013-03-26,3.406061787765517,3.415602706083424,3.35835791015625,3.35835791015625,1469083
2013-03-27,3.35835791015625,3.406061787765517,3.291572552901303,3.35835791015625,1429082
2013-03-28,3.3678988490106114,3.3869803287726445,3.310654052734375,3.310654052734375,1599125
2013-03-29,3.272491250456836,3.339276611328125,3.2343279321088474,3.339276611328125,1745030
2013-04-01,3.358356811579106,3.5110096697795328,3.3297344229784023,3.453764892578125,2610648
2013-04-02,3.682744483021079,3.6922854003906256,3.6541220879025396,3.692285400390625,11747077
2013-04-03,3.720907924778466,3.949886736691713,3.720907924778466,3.816315673828125,6791993
2013-04-04,3.8163154951377876,3.9021826794560104,3.7972340176193247,3.83539697265625,3426917
2013-04-05,3.8163157509194723,3.9689682952786227,3.759070957537261,3.959427734375,4930255
2013-04-08,3.997590691969728,4.102539360840409,3.9594277343749997,3.959427734375,4525109
2013-04-09,3.949886469642716,3.9689679467645407,3.8449378099875506,3.864019287109375,4969796
2013-04-10,3.864019548352954,4.054835403442383,3.816315673828125,3.816315673828125,6758812
2013-04-11,3.864019755727495,3.9117236328125,3.797234399206514,3.9117236328125,2339530
2013-04-12,3.864019837405108,3.940346113752526,3.7018263662955424,3.720908203125,2711724
2013-04-15,3.7590708510689765,3.7590708510689765,3.4823881668782732,3.530092041015625,5301453
2013-04-16,3.4823881668782732,3.577795915152976,3.367898583356544,3.530092041015625,4469092
2013-04-17,3.606418834016303,3.606418834016303,3.482388671875,3.482388671875,1576136
2013-04-18,3.444225763925952,3.453766684071803,3.3678994737297496,3.38698095703125,4103871
2013-04-19,3.38698095703125,3.38698095703125,3.38698095703125,3.38698095703125,0
2013-04-22,3.386980288045539,3.4919289609599597,3.377439726774312,3.406061767578125,2676704
2013-04-23,3.4823884626251917,3.6350410156249997,3.4346842274463802,3.635041015625,3260092
2013-04-24,3.7590713010681407,3.883101460070951,3.7399898205269744,3.797234619140625,5132483
2013-04-25,3.787693359375,3.9021829462949875,3.787693359375,3.787693359375,3216719
2013-04-26,3.8163163972197514,3.864020280786962,3.720908630085329,3.778153076171875,2628427
2013-04-29,3.778153076171875,3.778153076171875,3.778153076171875,3.778153076171875,0
2013-04-30,3.778153076171875,3.778153076171875,3.778153076171875,3.778153076171875,0
2013-05-01,3.778153076171875,3.778153076171875,3.778153076171875,3.778153076171875,0
2013-05-02,3.778153076171875,3.8449387987581134,3.749531031623691,3.778153076171875,1085318
2013-05-03,3.7781527816093075,3.8163160996817918,3.749530739292633,3.797234619140625,1560350
2013-05-06,3.911724130454727,3.9880507718890237,3.89264264859124,3.949887451171875,2216078
2013-05-07,3.959427986557975,3.959427986557975,3.873560791015625,3.873560791015625,257447
2013-05-08,3.873560905228327,4.092999181310021,3.873560905228327,3.997591064453125,3586002
2013-05-09,3.997591064453125,4.035754382593914,3.959428103302488,3.997591064453125,1598282
2013-05-10,4.00713198323586,4.054835863169233,3.9689686650950717,3.997591064453125,1265323
2013-05-13,4.178865234375,4.207487628335658,4.150242840414343,4.178865234375,3522858
2013-05-14,4.178865925364241,4.178865925364241,4.064376687580522,4.11208056640625,2113929
2013-05-15,4.073916893211961,4.1502431640625,4.073916893211961,4.1502431640625,1520579
2013-05-16,4.199069685610856,4.345549009395491,4.199069685610856,4.3260185546875,3202773
2013-05-17,4.3260183392501155,4.443201427052176,4.277191656826902,4.3162529296875,2105270
2013-05-20,4.316253570642935,4.3846103515625,4.296723114007333,4.3846103515625,1855301
2013-05-21,4.423670862564522,4.492027631621835,4.394375,4.394375,1956913
2013-05-22,4.443201626330657,4.443201626330657,4.374844852496128,4.41390576171875,1716830
2013-05-23,4.41390589352192,4.579915676149965,4.404140848619614,4.53108935546875,2331637
2013-05-24,4.560384954685398,4.8435778173354205,4.560384954685398,4.82404736328125,3180167
2013-05-27,4.88263916015625,5.029118481116889,4.755690658916948,4.88263916015625,3426380
2013-05-28,4.882638944585771,4.931465260953657,4.765455492990958,4.87287353515625,2260753
2013-05-29,4.882639832018897,4.9802924825033035,4.78498718153449,4.863109375,3606769
2013-05-30,4.8338134765625,4.863109344602692,4.78498715162549,4.8338134765625,3249441
2013-05-31,4.931465224770003,5.126770854198389,4.84357763671875,4.84357763671875,5250877
2013-06-03,4.882639351317114,5.077944998447777,4.872873941074119,4.9802919921875,2850885
2013-06-04,4.980293157501597,5.029119854751398,4.7361611328125,4.7361611328125,3167829
2013-06-05,4.736159217776704,4.804516347052671,4.687332905659488,4.765455078125,2947670
2013-06-06,4.76545700500639,4.784987830062302,4.648273881620807,4.7361611328125,5210416
2013-06-07,4.736160772326303,4.833813794003206,4.648273527824024,4.65803857421875,2978322
2013-06-10,4.667803437020091,4.736160215303484,4.60921170398295,4.67756884765625,3281702
2013-06-11,4.677568069805936,4.775220698368879,4.540854170583909,4.6092109375,4142876
2013-06-12,4.638506799146851,4.726394384087408,4.6092109375,4.6092109375,2551260
2013-06-13,4.667802660793703,4.667802660793703,4.492027490912592,4.6092109375,2660228
2013-06-14,4.628741893850902,4.667803168760774,4.44320166015625,4.44320166015625,1777062
2013-06-17,4.443201431977173,4.443201431977173,4.1502431640625,4.1502431640625,5589967
2013-06-18,4.10141748046875,4.120947937242385,3.9647035522734604,4.10141748046875,5228041
2013-06-19,4.150243588116306,4.150243588116306,4.072121399716199,4.09165185546875,1563569
2013-06-20,4.130712902703706,4.326018545540291,4.101417038008725,4.24789599609375,3565312
2013-06-21,4.24789599609375,4.28695727081702,4.1502433573704005,4.24789599609375,2253090
2013-06-24,4.247896067808491,4.267426888194795,4.023294921875,4.023294921875,2291559
2013-06-25,3.9744682133866642,3.9939990336603746,3.7498670687479785,3.788927978515625,6530224
2013-06-26,3.906111285697493,4.0428251953125,3.7986932399564064,4.0428251953125,3296492
2013-06-27,4.091652069386971,4.199070129726846,4.091652069386971,4.10141748046875,3222926
2013-06-28,4.140478017243376,4.140478017243376,4.023294921875,4.023294921875,2192706
2013-07-01,3.9549379841924104,4.003764306883199,3.798693605425924,3.8377548828125,2815482
2013-07-02,3.8572849810340544,3.915876708984375,3.8377545268472395,3.915876708984375,2687509
2013-07-03,3.906111661501622,3.945172938888198,3.8377548828125,3.8377548828125,1439887
2013-07-04,3.8865807755610557,3.906111229398887,3.8475195024955253,3.857284912109375,1775912
2013-07-05,3.896346223357685,4.003764278676622,3.86705035687162,3.92564208984375,2997556
2013-07-08,3.9354070928505687,3.9354070928505687,3.8475195024955253,3.857284912109375,1349540
2013-07-09,3.808458822087357,3.808458822087357,3.661979496087886,3.701040771484375,6592984
2013-07-10,3.701040376158222,3.759631734909692,3.701040376158222,3.710805419921875,1445941
2013-07-11,3.71080556494286,3.7205709744780036,3.6131529311508896,3.661979248046875,2000286
2013-07-12,3.7108056611582536,3.915876708984375,3.7108056611582536,3.915876708984375,5181143
2013-07-15,3.993999330063551,4.081886931647912,3.9354075956739765,4.052591064453125,3897505
2013-07-16,3.9842339192019836,4.072121520786345,3.974468508340416,4.052591064453125,2177839
2013-07-17,4.013529478271334,4.042825343217028,3.9647031584918055,3.9939990234375,1477360
2013-07-18,3.9939988716647252,4.1111819616046335,3.9549375980915076,4.003763916015625,3935054
2013-07-19,4.003764224846873,4.081886778019309,4.003764224846873,4.06235595703125,2600610
2013-07-22,4.052591279741903,4.091652194483404,3.954938262108282,3.984234130859375,1375824
2013-07-23,4.033060084304588,4.033060084304588,3.9451728515625,3.9451728515625,1678208
2013-07-24,3.9549382047570387,3.9549382047570387,3.779163360189356,3.808459228515625,3133958
2013-07-25,3.769397144063196,3.837754277358021,3.710805419921875,3.710805419921875,2237075
2013-07-26,3.710806152702944,3.759632477332603,3.6522144169913835,3.749867431640625,2397769
2013-07-29,3.7498668376935673,3.7498668376935673,3.6522138385117318,3.661979248046875,2032471
2013-07-30,3.6522138733609477,3.7401014638462584,3.632683419494168,3.691275146484375,1464102
2013-07-31,3.6619783561978454,3.7498659244401398,3.6619783561978454,3.720570068359375,914968
2013-08-01,3.701039619435457,3.7498659244401398,3.701039619435457,3.720570068359375,864085
2013-08-02,3.7498666911460394,3.759631734909692,3.701040376158222,3.710805419921875,646608
2013-08-05,3.7108059699691225,3.759632292194393,3.671745058344868,3.73033642578125,1213214
2013-08-06,3.749867246983282,3.749867246983282,3.7010409247580114,3.73033642578125,1007614
2013-08-07,3.7596324173657343,3.8670504759936146,3.7596324173657343,3.84752001953125,3002307
2013-08-08,3.8865810842175037,3.9451728157739825,3.8768156738281245,3.876815673828125,3859573
2013-08-09,3.8475199010108785,3.9549379563298155,3.8475199010108785,3.92564208984375,2575475
2013-08-12,3.925641753382845,3.9354071631711904,3.8963458894076854,3.915876708984375,1389847
2013-08-13,3.915876708984375,4.013529345308326,3.90611129919603,3.915876708984375,2960467
2013-08-14,3.915877317973571,3.9647036437289165,3.9061119066665295,3.954938232421875,1997068
2013-08-15,3.954937320715578,4.003763635215306,3.8572846917161203,3.9744677734375,8193642
2013-08-16,3.9647032638169692,4.19906982421875,3.9354073980930098,4.19906982421875,5585676
2013-08-19,4.19907000698399,4.247896330185799,4.150243683782183,4.17953955078125,4239354
2013-08-20,4.160009216179576,4.1795396729532115,4.052591155839702,4.10141748046875,5025276
2013-08-21,4.072121581371888,4.072121581371888,3.9647035218561273,4.033060302734375,3022461
2013-08-22,4.042826249967161,4.072122121483515,3.9061123046875,3.9061123046875,2475319
2013-08-23,3.9256416832367185,3.9549375466884,3.7986931852060124,3.857284912109375,4582505
2013-08-26,3.857285218439264,3.906111539606364,3.7693976211045457,3.876815673828125,2193932
2013-08-27,3.9262643091521134,3.9262643091521134,3.847145676706656,3.85703564453125,1209612
2013-08-28,3.847146087645433,3.847146087645433,3.7086883735637026,3.73835791015625,4521737
2013-08-29,3.738358197783165,3.797697275533771,3.6691291503906256,3.669129150390625,1703190
2013-08-30,3.669128412642955,3.718577880859375,3.6295692821303294,3.718577880859375,2078066
2013-09-02,3.718577880859375,3.718577880859375,3.718577880859375,3.718577880859375,0
2013-09-03,3.76802697902537,3.7779165766283147,3.708687913206006,3.718577880859375,1445481
2013-09-04,3.7086887494035095,3.7185787192867688,3.679019209804241,3.6889091796875,1460194
2013-09-05,3.708688358825814,3.837256103515625,3.708688358825814,3.837256103515625,3277028
2013-09-06,3.837256103515625,3.8471460723573294,3.7581374629333975,3.837256103515625,1296971
2013-09-09,3.8174764057708983,3.8174764057708983,3.6987982639172525,3.708688232421875,1969251
2013-09-10,3.718578140738728,3.807586375637846,3.718578140738728,3.79769677734375,823701
2013-09-11,3.8174764602072577,3.8768155319802426,3.777916955675114,3.84714599609375,1287699
2013-09-12,3.80758635008121,3.8372558848652565,3.787806783575328,3.817476318359375,1218885
2013-09-13,3.82736628663754,3.8372558848652565,3.7779168152971634,3.817476318359375,1638360
2013-09-16,3.8471460723573294,3.8471460723573294,3.8075865670409814,3.837256103515625,1218502
2013-09-17,3.847146248375979,3.926264892578125,3.8273666798380637,3.926264892578125,1620735
2013-09-18,3.906484301458516,3.985602924950159,3.8669248046875,3.8669248046875,2073545
2013-09-19,3.936154967168953,3.936154967168953,3.866925920358565,3.896595458984375,582621
2013-09-20,3.876815673828125,3.8965952417926757,3.866925704820612,3.876815673828125,1081333
2013-09-23,3.8768165716707914,3.88670654296875,3.8273674552821184,3.88670654296875,589671
2013-09-24,3.8965953547460095,3.94604446111604,3.8867057555022946,3.926264892578125,1218118
2013-09-25,3.9262650314311163,3.9954940788378446,3.9262650314311163,3.9559345703125,2434015
2013-09-26,3.955934598676115,3.955934598676115,3.9163750898671332,3.936155029296875,608906
2013-09-27,3.94604446111604,3.9757139989481556,3.926264892578125,3.926264892578125,1337585
2013-09-30,3.926265059582004,3.955934598676115,3.926265059582004,3.936155029296875,1439734
2013-10-01,3.9361543473614953,3.9954934152692743,3.9163744113586105,3.9460439453125,2632641
2013-10-02,3.9460441537925974,4.044942728880786,3.936154555319099,4.015273193359375,2666972
2013-10-03,4.015273648075268,4.044943186956651,3.9559345703125,3.9559345703125,928148
2013-10-04,3.9361549245857943,3.995494001195456,3.9361549245857943,3.965824462890625,907228
2013-10-07,3.955934598676115,4.005383707149466,3.936155029296875,3.936155029296875,3024530
2013-10-08,3.936154555319099,4.025162791832874,3.936154555319099,4.015273193359375,6564247
2013-10-09,3.9856039272917902,4.015273464819063,3.9757139580992047,3.995493896484375,1400499
2013-10-10,3.9658237357194785,3.995493268584121,3.9163742675781252,3.916374267578125,2079752
2013-10-11,3.9559342110499056,3.9559342110499056,3.8471460350480515,3.906485107421875,3870684
2013-10-14,3.886705500625894,3.896595099221084,3.84714599609375,3.84714599609375,948685
2013-10-15,3.8471461368560607,3.886705642835638,3.8471461368560607,3.876815673828125,1140262
2013-10-16,3.8768151371255515,3.9262642352164807,3.847145604260909,3.916374267578125,2189257
2013-10-17,3.9460439453124994,3.9856034472678314,3.926264379360053,3.9460439453125,3793900
2013-10-18,3.9856033009457654,3.9856033009457654,3.9163742675781252,3.916374267578125,1227697
2013-10-21,3.9163742675781252,3.9361542028548366,3.8965947023518384,3.916374267578125,2239757
2013-10-22,3.906485210800189,3.9163748097572264,3.866925704820612,3.876815673828125,1519813
2013-10-23,3.9163757167615043,3.9163757167615043,3.8768165716707914,3.88670654296875,1727252
2013-10-24,3.876815210130006,3.906484743553357,3.8570356445312495,3.85703564453125,1704952
2013-10-25,3.857036105863574,3.886705642835638,3.8372561678485475,3.876815673828125,1005928
2013-10-28,3.876815387927468,3.876815387927468,3.817476318359375,3.817476318359375,1127848
2013-10-29,3.817476639030806,3.8273666081397373,3.7878071017544923,3.807586669921875,1010067
2013-10-30,3.8372559106210358,3.8372559106210358,3.787806808999203,3.79769677734375,945237
2013-10-31,3.8075867744187013,3.8075867744187013,3.777917236328125,3.777917236328125,741477
2013-11-01,3.7976971750888353,3.817476743799056,3.777917236328125,3.777917236328125,550743
2013-11-04,3.7976968929664165,3.84714599609375,3.777916955675114,3.84714599609375,811747
2013-11-05,3.8471461368560607,3.876815673828125,3.817476599883997,3.876815673828125,1702730
2013-11-06,3.8570369991254343,3.88670654296875,3.8570369991254343,3.88670654296875,1146546
2013-11-07,3.896595458984375,3.916375028051416,3.8867058594761024,3.896595458984375,1902889
2013-11-08,3.8965943347531646,3.8965943347531646,3.857035208032538,3.8669248046875,685230
2013-11-11,3.8768165716707914,3.906486115514107,3.866926600372832,3.88670654296875,938034
2013-11-12,3.9163750898671332,4.005383707149466,3.9163750898671332,3.936155029296875,4540588
2013-11-13,3.9559342110499056,3.9559342110499056,3.906485107421875,3.906485107421875,1249997
2013-11-14,3.916374706117202,3.916374706117202,3.8965951386760826,3.906485107421875,1120415
2013-11-15,3.9064854621936935,3.9757141395499227,3.9064854621936935,3.9559345703125,2914182
2013-11-18,3.9658242302718034,4.054832469914949,3.9658242302718034,4.04494287109375,4143259
2013-11-19,4.0449431493514,4.13395176516805,4.0449431493514,4.1042822265625,4301348
2013-11-20,4.0943924715585025,4.1339519817890045,4.0548329613280005,4.12406201171875,1877984
2013-11-21,4.143841659404736,4.153731629660187,4.0350534667968745,4.035053466796875,2979471
2013-11-22,4.04494287109375,4.064722438786619,3.985603797964673,4.04494287109375,2277459
2013-11-25,4.044942920589039,4.104281994444209,4.035052951596351,4.05483251953125,2202361
2013-11-26,4.005383744421448,4.084502392725146,4.005383744421448,4.07461279296875,1489850
2013-11-27,4.074612764558988,4.114171903409762,4.015273686232322,4.094392333984375,2053774
2013-11-28,4.074612457516624,4.094392025451522,4.05483251953125,4.05483251953125,871595
2013-11-29,4.094392362532048,4.094392362532048,4.025163313984747,4.07461279296875,1727558
2013-12-02,4.08450222500108,4.0943921944018635,4.054832686849215,4.06472265625,2907745
2013-12-03,4.08450236424643,4.1339518428856525,4.0647227948210425,4.094392333984375,2755327
2013-12-04,4.104282137773946,4.302078564131326,4.084502199097817,4.29218896484375,5265130
2013-12-05,4.29218890124687,4.35152797629506,4.232849826198682,4.25262939453125,2344664
2013-12-06,4.28229931640625,4.302078886514103,4.252629776219213,4.28229931640625,1445481
2013-12-09,4.28229888229925,4.28229888229925,4.24273974609375,4.24273974609375,3074493
2013-12-10,4.24273974609375,4.252629345119885,4.153731134555659,4.24273974609375,3138096
2013-12-11,4.292189069940179,4.351528147320535,4.242739962140046,4.26251953125,3797502
2013-12-12,4.262519323943089,4.3218583984375,4.252629354843861,4.3218583984375,1565791
2013-12-13,4.321858510510024,4.430646693220665,4.321858510510024,4.3713076171875,3303848
2013-12-16,4.302079272552335,4.302079272552335,4.2328505859375,4.2328505859375,3342623
2013-12-17,4.232850206111362,4.302078886514103,4.232850206111362,4.28229931640625,1073747
2013-12-18,4.252629776219213,4.292189286485434,4.252629776219213,4.28229931640625,1281569
2013-12-19,4.28229931640625,4.311968856593286,4.272409346327066,4.28229931640625,2313169
2013-12-20,4.272408962863819,4.29218890124687,4.25262939453125,4.25262939453125,3259019
2013-12-23,4.262519323943089,4.351527935684706,4.262519323943089,4.3218583984375,3069359
2013-12-24,4.321858438770964,4.321858438770964,4.232849826198682,4.25262939453125,1303255
2013-12-25,4.252629491991778,4.252629491991778,4.124061739807878,4.14384130859375,3626233
2013-12-26,4.143840769957192,4.222959404866943,4.124061203742365,4.133951171875,2063430
2013-12-27,4.1339519817890045,4.153731551878997,4.12406201171875,4.12406201171875,1445941
2013-12-30,4.133950885281318,4.133950885281318,4.025162353515625,4.025162353515625,1174439
2013-12-31,4.025163361958618,4.08450244140625,3.9658246525614955,4.08450244140625,1682883
2014-01-01,4.08450244140625,4.08450244140625,4.08450244140625,4.08450244140625,0
2014-01-02,4.114171981130067,4.133951920979618,4.054832901682434,4.08450244140625,581319
2014-01-03,4.084502287458469,4.124061795616035,4.084502287458469,4.1042822265625,1046236
2014-01-06,4.133951771175308,4.19329047842214,4.114171832042533,4.18340087890625,1535752
2014-01-07,4.20318017578125,4.24273968143434,4.19329020685536,4.20318017578125,970678
2014-01-08,4.153731285044496,4.252629499191785,4.153731285044496,4.2229599609375,1511997
2014-01-09,4.222959919578277,4.29218896484375,4.203180350952636,4.29218896484375,2733257
2014-01-10,4.302078450401999,4.311968419478613,4.232849777017136,4.24273974609375,2157302
2014-01-13,4.242740342128695,4.252629942544155,4.21307080078125,4.21307080078125,1987566
2014-01-14,4.20318039211814,4.252629499191785,4.20318039211814,4.2229599609375,3045603
2014-01-15,4.242740176190546,4.302078886514103,4.242740176190546,4.28229931640625,3340171
2014-01-16,4.321858510510024,4.3713076171875,4.302078571798644,4.3713076171875,5591423
2014-01-17,4.420756892739206,4.4504264318891735,4.38119775390625,4.38119775390625,4870789
2014-01-20,4.361417553622198,4.618553420861442,4.361417553622198,4.480095703125,4122416
2014-01-21,4.499875383758202,4.539434891264095,4.400977170069205,4.529544921875,3937353
2014-01-22,4.630650651041873,4.681203530581067,4.559876695349106,4.60031884765625,4711704
2014-01-23,4.559876663502738,4.701424952210221,4.559876663502738,4.660982421875,3292430
2014-01-24,4.691314080859157,4.7317566099513595,4.650871551766954,4.71153515625,2192246
2014-01-27,4.701425518881986,4.812642017820822,4.600319370012679,4.74186767578125,2238914
2014-01-28,4.74186767578125,4.74186767578125,4.74186767578125,4.74186767578125,0
2014-01-29,4.74186767578125,4.74186767578125,4.74186767578125,4.74186767578125,0
2014-01-30,4.74186767578125,4.74186767578125,4.74186767578125,4.74186767578125,0
2014-01-31,4.74186767578125,4.74186767578125,4.74186767578125,4.74186767578125,0
2014-02-03,4.74186767578125,4.74186767578125,4.74186767578125,4.74186767578125,0
2014-02-04,4.74186767578125,4.74186767578125,4.74186767578125,4.74186767578125,0
2014-02-05,4.74186767578125,4.74186767578125,4.74186767578125,4.74186767578125,0
2014-02-06,4.650871963411757,4.903636752256103,4.650871963411757,4.83286279296875,1398047
2014-02-07,4.853084096002644,4.8935266305565,4.8328630178809995,4.86319482421875,2630956
2014-02-10,4.863193685164167,4.994631229635475,4.842972611778691,4.97441015625,1767023
2014-02-11,4.97441015625,5.105847700721308,4.9541890828645245,4.97441015625,3855205
2014-02-12,4.9744110643467865,5.1058486328125,4.9744110643467865,5.1058486328125,2676857
2014-02-13,5.156401665082026,5.206954926714848,4.99463228712656,5.0552958984375,2403133
2014-02-14,5.055296048889279,5.055296048889279,4.984522085793902,5.0047431640625,1914154
2014-02-17,4.964300629214735,5.024964242331098,4.903637016098372,5.0047431640625,1931855
2014-02-18,4.984521974465549,5.035074858163239,4.984521974465549,4.99463232421875,1714531
2014-02-19,4.99463232421875,4.99463232421875,4.99463232421875,4.99463232421875,0
2014-02-20,5.055295704165339,5.105848585544884,4.853083800336617,4.95418994140625,2932497
2014-02-21,4.954190168584822,5.055295935980203,4.853084022878882,4.99463232421875,2753181
2014-02-24,4.994632149291741,5.308060546875,4.954189995074219,5.308060546875,2523136
2014-02-25,5.40916589551845,5.6619306640625,5.358613017471745,5.6619306640625,8520778
2014-02-26,5.86414223072377,5.86414223072377,5.661930351393192,5.81358935546875,2921462
2014-02-27,5.763037249252885,5.813590131253853,5.5102724609375,5.5102724609375,4987574
2014-02-28,5.5608248751628295,5.71248388671875,5.459719119665894,5.71248388671875,2165502
2014-03-03,5.61137787482152,5.712484010825557,5.45971923828125,5.45971923828125,2812723
2014-03-04,5.308060413707387,5.5608251953125,5.2575075330484715,5.5608251953125,2304509
2014-03-05,5.661930809028544,5.661930809028544,5.510272171005412,5.6113779296875,1718976
2014-03-06,5.611378100647846,5.9652490234375,5.56082521976662,5.9652490234375,4371925
2014-03-07,6.015801591185082,6.015801591185082,5.864142578125,5.864142578125,1422032
2014-03-10,5.864142578125,5.914695456374854,5.813589699875146,5.864142578125,1774839
2014-03-11,5.864142919587756,5.965249060285287,5.8135900383942625,5.91469580078125,1308772
2014-03-12,5.86414287092294,5.86414287092294,5.763037109375,5.763037109375,2786516
2014-03-13,5.71248360495871,5.81358935546875,5.71248360495871,5.81358935546875,723852
2014-03-14,5.76303648021373,5.91469510597879,5.76303648021373,5.81358935546875,1557438
2014-03-17,5.763036821625293,5.914695456374854,5.763036821625293,5.864142578125,1993006
2014-03-18,5.864142578125,5.914695456374854,5.813589699875146,5.864142578125,1979596
2014-03-19,5.8135900383942625,6.015801941478781,5.8135900383942625,5.91469580078125,6659193
2014-03-20,5.91469575169691,5.96524901078142,5.763037109375,5.763037109375,913512
2014-03-21,5.763036798466431,5.813589676513137,5.6619306640625,5.6619306640625,768604
2014-03-24,5.712484215599784,5.763037096258699,5.5608251953125,5.5608251953125,3087520
2014-03-25,5.560825533414506,5.611378417147072,5.40916650390625,5.40916650390625,2803834
2014-03-26,5.4091659601715705,5.459719217133033,5.25750732421875,5.25750732421875,2555781
2014-03-27,5.2575075330484715,5.5608251953125,5.156401393420103,5.5608251953125,1789476
2014-03-28,5.560824995974763,5.61137787482152,5.308060223430456,5.45971923828125,5355248
2014-03-31,5.45971923828125,5.5102721171280065,5.3586131022772125,5.45971923828125,1113058
2014-04-01,5.510272452894252,5.510272452894252,5.308060546875,5.308060546875,1305171
2014-04-02,5.30806020286969,5.358613081520629,5.25750732421875,5.25750732421875,1063938
2014-04-03,5.257507852708554,5.459719765949377,5.257507852708554,5.40916650390625,1413373
2014-04-04,5.409166175025217,5.5608251953125,5.409166175025217,5.5608251953125,2127876
2014-04-07,5.560824907969088,5.6619306640625,5.510272029922382,5.6619306640625,1475520
2014-04-08,5.6619306640625,5.712483920419725,5.560824907969088,5.6619306640625,636646
2014-04-09,5.6619306640625,5.6619306640625,5.6619306640625,5.6619306640625,0
2014-04-10,5.66193095663033,5.66193095663033,5.5102723146535855,5.5608251953125,1696599
2014-04-11,5.560825688408208,5.560825688408208,5.35861376953125,5.35861376953125,1662192
2014-04-14,5.35861376953125,5.4091666546728465,5.308060884389653,5.35861376953125,1254058
2014-04-15,5.459719765949377,5.510272649681942,5.358613620173684,5.40916650390625,1921510
2014-04-16,5.4091659601715705,5.4091659601715705,5.20695444556781,5.25750732421875,1310995
2014-04-17,5.459719765949377,5.459719765949377,5.30806073644112,5.40916650390625,1664415
2014-04-18,5.4597197216367235,5.4597197216367235,5.0552958984375,5.0552958984375,1475214
2014-04-21,5.055295623955502,5.105848504532949,4.88341552734375,4.88341552734375,1141488
2014-04-22,4.88341552734375,4.88341552734375,4.88341552734375,4.88341552734375,0
2014-04-23,5.055295293999053,5.206954304143229,4.97441061469233,5.03507421875,905772
2014-04-24,4.9137477443879565,5.055296048889279,4.9137477443879565,5.0047431640625,919336
2014-04-25,5.055296045437642,5.206955078125,5.035074967182852,5.206955078125,1378200
2014-04-28,5.257507810037111,5.257507810037111,5.0552958984375,5.0552958984375,2914489
2014-04-29,5.105847941045874,5.105847941045874,5.0148525390625,5.0148525390625,160617
2014-04-30,5.0148525390625,5.0148525390625,5.0148525390625,5.0148525390625,0
2014-05-01,5.0148525390625,5.0148525390625,5.0148525390625,5.0148525390625,0
2014-05-02,5.0148525390625,5.0148525390625,5.0148525390625,5.0148525390625,0
2014-05-05,5.055295078331322,5.055295078331322,4.6710927734375,4.6710927734375,691590
2014-05-06,4.650870994065027,4.650870994065027,4.499212379353835,4.5598759765625,1140185
2014-05-07,4.549766048495205,4.721646144613399,4.448660287630637,4.68120361328125,333879
2014-05-08,4.458770803713519,4.4688815315028405,4.3576650390625,4.3576650390625,1466631
2014-05-09,4.347553999590085,4.357664726654553,4.2060057122401515,4.2464482421875,2801918
2014-05-12,4.347553223117677,4.347553223117677,3.9532402343750004,3.953240234375,929681
2014-05-13,3.740919477776827,3.922909954671705,3.680255859375,3.680255859375,2677624
2014-05-14,3.6802550093071926,3.933019775390625,3.639812480277217,3.933019775390625,1930016
2014-05-15,3.9330200318778905,4.206005891123504,3.9330200318778905,4.13523193359375,3830990
2014-05-16,4.135232020585714,4.41832861328125,4.135232020585714,4.41832861328125,1960055
2014-05-19,4.438549420605136,4.72164599609375,4.438549420605136,4.72164599609375,1318351
2014-05-20,4.751978515625,4.903637175020445,4.721646708083795,4.751978515625,2852035
2014-05-21,4.772639098272593,4.813960431376634,4.751978045185867,4.78296923828125,1915150
2014-05-22,4.793299248720856,4.803629774151911,4.5453701171875,4.5453701171875,821479
2014-05-23,4.5970224469267675,4.648674306357129,4.51437939453125,4.51437939453125,565150
2014-05-26,4.514379390614454,4.56603125,4.4937183376324725,4.56603125,261310
2014-05-27,4.628012653203745,4.628012653203745,4.535039094130154,4.61768212890625,852744
2014-05-28,4.617682640975782,4.844951108446226,4.617682640975782,4.7519775390625,1168692
2014-05-29,4.803629247053434,4.803629247053434,4.61768212890625,4.61768212890625,629519
2014-05-30,4.6176830836677905,4.63834375,4.57636175100337,4.63834375,470511
2014-06-02,4.555700256083892,4.555700256083892,4.5453701171875,4.5453701171875,38713
2014-06-03,4.555700256083892,4.576361306946002,4.235458219602476,4.5453701171875,387137
2014-06-04,4.545370509881446,4.555700649670301,4.44206640625,4.44206640625,680402
2014-06-05,4.483388131374073,4.3387626953125,4.483388131374073,4.3387626953125,556644
2014-06-06,4.4937187277842385,4.4937187277842385,4.38008447265625,4.38008447265625,218090
2014-06-09,4.369753884654347,4.4937182679504595,4.369753884654347,4.39041455078125,402770
2014-06-10,4.4007450740251794,4.4627270723624095,4.4007450740251794,4.44206640625,592200
2014-06-11,4.493718264798374,4.493718264798374,4.44206640625,4.44206640625,693812
2014-06-12,4.483388125009517,4.483388125009517,4.411075213814036,4.44206640625,732128
2014-06-13,4.4523965094788345,4.648673785231972,4.421405319987848,4.58669140625,1008381
2014-06-16,4.669334942765666,4.679665469199121,4.59702241733558,4.63834375,409130
2014-06-17,4.545370601349716,4.638343793993846,4.545370601349716,4.5970224609375,295870
2014-06-18,4.59702241733558,4.669334942765666,4.59702241733558,4.63834375,849985
2014-06-19,4.493717879240301,4.648673828125,4.442066025123622,4.648673828125,1089532
2014-06-20,4.638343164724035,4.669334353579167,4.3594228515625,4.3594228515625,2667968
2014-06-23,4.514379425729026,4.628013671875,4.462727179407006,4.628013671875,307671
2014-06-24,4.628013163785262,4.648673828125,4.61768263834806,4.648673828125,515340
2014-06-25,4.638343302687798,4.648673828125,4.555700258794181,4.648673828125,1418890
2014-06-26,4.597021424831539,4.638342748574621,4.586690900628459,4.6073515625,499171
2014-06-27,4.6073525828945545,4.6073525828945545,4.55570072350901,4.56603125,86899
2014-06-30,4.607352110169841,4.607352110169841,4.5453701171875,4.5453701171875,279931
2014-07-01,4.586691876260486,4.586691876260486,4.545370543727972,4.55570068359375,285448
2014-07-02,4.586690942548386,4.61768212890625,4.555699756190522,4.61768212890625,423383
2014-07-03,4.628013624357556,4.751978009267382,4.628013624357556,4.72098681640625,2211940
2014-07-04,4.7519780493827675,4.7519780493827675,4.700326189689745,4.7313173828125,1893540
2014-07-07,4.731317452252101,4.8552822265625,4.731317452252101,4.8552822265625,1939901
2014-07-08,4.855281676538126,4.855281676538126,4.74164744180474,4.8139599609375,1558971
2014-07-09,4.813960042333012,4.855281758632314,4.813960042333012,4.83462109375,1034435
2014-07-10,4.834620969537811,4.834620969537811,4.731316874711005,4.7519775390625,1334673
2014-07-11,4.700326193932668,4.74164791364521,4.5970224744533725,4.67966552734375,265678
2014-07-14,4.679665019248068,4.741647398819778,4.659004354902387,4.70032568359375,310430
2014-07-15,4.700326193932668,4.731317387083398,4.669335000781938,4.67966552734375,353726
2014-07-16,4.74164739745582,4.74164739745582,4.648673828125,4.648673828125,1613762
2014-07-17,4.659003930226542,4.7003252551514,4.628012743265585,4.6899951171875,161920
2014-07-18,4.648674334193021,4.67966552734375,4.5970224744533725,4.67966552734375,535340
2014-07-21,4.679664458852321,4.6073515625,4.6073515625,4.6073515625,939873
2014-07-22,4.648673846873053,4.576361328125,4.576361328125,4.576361328125,480550
2014-07-23,4.638343321394188,4.576361328125,4.576361328125,4.576361328125,539019
2014-07-24,4.607352093365315,4.66933447265625,4.66933447265625,4.66933447265625,796497
2014-07-25,4.679664998049627,4.66933447265625,4.66933447265625,4.66933447265625,2742759
2014-07-28,4.648674306357129,4.51437939453125,4.51437939453125,4.51437939453125,345910
2014-07-29,4.504048868031297,4.51437939453125,4.51437939453125,4.51437939453125,431046
2014-07-30,4.535040060996454,4.51437939453125,4.51437939453125,4.51437939453125,800635
2014-07-31,4.50404835944475,4.4833876953125,4.4833876953125,4.4833876953125,1158117
2014-08-01,4.452397446009769,4.42140625,4.42140625,4.42140625,1005928
2014-08-04,4.411075216908152,4.39041455078125,4.39041455078125,4.39041455078125,767608
2014-08-05,4.369754331803084,4.38008447265625,4.38008447265625,4.38008447265625,1700584
2014-08-06,4.421405758425483,4.4730576171875,4.4730576171875,4.4730576171875,799946
2014-08-07,4.452396460184857,4.36975341796875,4.36975341796875,4.36975341796875,843855
2014-08-08,4.380083965477944,4.3490927734375,4.3490927734375,4.3490927734375,1031370
2014-08-11,4.338762692196646,4.39041455078125,4.39041455078125,4.39041455078125,536337
2014-08-12,4.390415000044153,4.38008447265625,4.38008447265625,4.38008447265625,572813
2014-08-13,4.3490933541480405,4.40074560546875,4.40074560546875,4.40074560546875,557487
2014-08-14,4.421405746414157,4.3387626953125,4.3387626953125,4.3387626953125,544306
2014-08-15,4.390414081889113,4.36975341796875,4.36975341796875,4.36975341796875,56170
2014-08-18,4.349092835116021,4.3387626953125,4.3387626953125,4.3387626953125,500320
2014-08-19,4.35942336145424,4.3387626953125,4.3387626953125,4.3387626953125,380393
2014-08-20,4.349092342973853,4.2871103515625,4.2871103515625,4.2871103515625,948609
2014-08-21,4.328432107588768,4.3490927734375,4.3490927734375,4.3490927734375,1896682
2014-08-22,4.390414547701626,4.44206640625,4.44206640625,4.44206640625,1706638
2014-08-25,4.431736299461508,4.55570068359375,4.55570068359375,4.55570068359375,3789762
2014-08-26,4.555699714553838,4.6073515625,4.6073515625,4.6073515625,4105633
2014-08-27,4.607352112910858,4.648673828125,4.648673828125,4.648673828125,2251021
2014-08-28,4.607352115532702,4.7519775390625,4.7519775390625,4.7519775390625,2941309
2014-08-29,4.751977516199275,4.66933447265625,4.66933447265625,4.66933447265625,1311071
2014-09-01,4.66933447265625,4.66933447265625,4.66933447265625,4.66933447265625,0
2014-09-02,4.66933447265625,4.66933447265625,4.66933447265625,4.66933447265625,0
2014-09-03,4.669334492464738,4.669334492464738,4.648673828125,4.648673828125,4773162
2014-09-04,4.597021466845881,4.61768212890625,4.597021466845881,4.61768212890625,2308418
2014-09-05,4.648673828125,4.648673828125,4.648673828125,4.648673828125,1028228
2014-09-08,4.648674276433455,4.648674276433455,4.63834375,4.63834375,2043046
2014-09-09,4.638343775832824,4.638343775832824,4.56603125,4.56603125,2501527
2014-09-10,4.473057671185194,4.56603125,4.473057671185194,4.56603125,1351149
2014-09-11,4.566030742100897,4.58669140625,4.58669140625,4.58669140625,1110836
2014-09-12,4.607352070399103,4.58669140625,4.58669140625,4.58669140625,1418047
2014-09-15,4.586691445842394,4.5453701171875,4.5453701171875,4.5453701171875,1609930
2014-09-16,4.524709023577,4.524709023577,4.4833876953125,4.4833876953125,1649702
2014-09-17,4.504048839038583,4.63834375,4.63834375,4.63834375,3565618
2014-09-18,4.638343258019775,4.53503955078125,4.53503955078125,4.53503955078125,585303
2014-09-19,4.535039964536405,4.535039964536405,4.4110751953125,4.4110751953125,2647508
2014-09-22,4.421406202516406,4.4627275390625,4.421406202516406,4.4627275390625,528060
2014-09-23,4.514379317445481,4.514379317445481,4.44206640625,4.44206640625,532965
2014-09-24,4.442066942683624,4.442066942683624,4.40074560546875,4.40074560546875,882783
2014-09-25,4.40074513525782,4.431736328125,4.40074513525782,4.431736328125,226903
2014-09-26,4.442066022480937,4.5453701171875,4.442066022480937,4.5453701171875,1218118
2014-09-29,4.493718341531343,4.51437939453125,4.493718341531343,4.51437939453125,727760
2014-09-30,4.493717835965044,4.53503955078125,4.493717835965044,4.53503955078125,1535829
2014-10-01,4.5453701171875,4.5453701171875,4.5453701171875,4.5453701171875,2373554
2014-10-02,4.5453701171875,4.5453701171875,4.5453701171875,4.5453701171875,976732
2014-10-03,4.5660307842313825,4.648673828125,4.5660307842313825,4.648673828125,8431887
2014-10-06,4.659004436189152,4.772638671875,4.659004436189152,4.772638671875,10799847
2014-10-07,4.772638588605632,4.772638588605632,4.70032568359375,4.70032568359375,2993111
2014-10-08,4.669334044160738,4.669334044160738,4.65900390625,4.65900390625,7157598
2014-10-09,4.648674414739167,4.8862734375,4.648674414739167,4.8862734375,7695467
2014-10-10,4.886272969222809,4.968916015625,4.886272969222809,4.968916015625,6652602
2014-10-13,4.937924824907344,4.968916015625,4.937924824907344,4.968916015625,7005333
2014-10-14,4.958585449008855,4.958585449008855,4.90693359375,4.90693359375,5911432
2014-10-15,4.8449517120029,4.93792529296875,4.8449517120029,4.93792529296875,4235292
2014-10-16,4.917264573422981,4.917264573422981,4.84495166015625,4.84495166015625,3968005
2014-10-17,4.834621133089692,4.9999072265625,4.834621133089692,4.9999072265625,4649174
2014-10-20,5.020567929063827,5.21684521484375,5.020567929063827,5.21684521484375,5748899
2014-10-21,5.165193358565036,5.21684521484375,5.165193358565036,5.21684521484375,2762837
2014-10-22,5.144532694167211,5.165193359375,5.144532694167211,5.165193359375,3143461
2014-10-23,5.144532654128664,5.144532654128664,5.1032109375,5.1032109375,3090585
2014-10-24,5.15486231896413,5.15486231896413,5.0825498046875,5.0825498046875,1684875
2014-10-27,5.051559020609427,5.051559020609427,4.95858544921875,4.95858544921875,1783039
2014-10-28,4.865611506680811,5.06188916015625,4.865611506680811,5.06188916015625,1814457
2014-10-29,5.061889667145759,5.14453271484375,5.061889667145759,5.14453271484375,1301033
2014-10-30,5.154862772744991,5.154862772744991,5.12387158203125,5.12387158203125,394953
2014-10-31,5.123871116787735,5.1548623046875,5.123871116787735,5.1548623046875,918800
2014-11-03,5.154862459439047,5.37180078125,5.154862459439047,5.37180078125,4099733
2014-11-04,5.371801171056936,5.371801171056936,5.165193359375,5.165193359375,978418
2014-11-05,5.165193358565036,5.21684521484375,5.165193358565036,5.21684521484375,1187543
2014-11-06,5.165193358565036,5.21684521484375,5.165193358565036,5.21684521484375,2353630
2014-11-07,5.165193357770953,5.2684970703125,5.165193357770953,5.2684970703125,2499381
2014-11-10,5.2684966896379954,5.37180078125,5.2684966896379954,5.37180078125,3565082
2014-11-11,5.371801271313315,5.371801271313315,5.3201494140625,5.3201494140625,610362
2014-11-12,5.268497071122464,5.268497071122464,5.21684521484375,5.21684521484375,1023170
2014-11-13,5.12387158203125,5.12387158203125,5.12387158203125,5.12387158203125,1785644
2014-11-14,5.144533134296636,5.144533134296636,5.020568359375,5.020568359375,864315
2014-11-17,5.010237325034299,5.041228515625,5.010237325034299,5.041228515625,785922
2014-11-18,5.051559141233004,5.14453271484375,5.051559141233004,5.14453271484375,1644337
2014-11-19,5.144533151820422,5.144533151820422,5.0515595703125,5.0515595703125,311196
2014-11-20,5.0515595703125,5.0515595703125,5.0515595703125,5.0515595703125,208051
2014-11-21,5.051559553105409,5.051559553105409,5.020568359375,5.020568359375,717338
2014-11-24,5.0412285156292365,5.0412285156292365,4.98957666015625,4.98957666015625,904470
2014-11-25,4.98957675882584,5.14453271484375,4.98957675882584,5.14453271484375,1716677
2014-11-26,5.165193339396654,5.165193339396654,5.1342021484375,5.1342021484375,1441037
2014-11-27,5.061889646801372,5.165193359375,5.061889646801372,5.165193359375,375949
2014-11-28,5.113541034407892,5.113541034407892,5.09288037109375,5.09288037109375,1256893
2014-12-01,5.1445326949902315,5.1445326949902315,5.11354150390625,5.11354150390625,641627
2014-12-02,5.113541463290835,5.113541463290835,5.1032109375,5.1032109375,362002
2014-12-03,5.103210486599237,5.103210486599237,5.06188916015625,5.06188916015625,268360
2014-12-04,5.041229477755444,5.041229477755444,5.01023828125,5.01023828125,434495
2014-12-05,5.103210896806401,5.103210896806401,5.041228515625,5.041228515625,830751
2014-12-08,4.9895762407307105,5.0825498046875,4.9895762407307105,5.0825498046875,946310
2014-12-09,5.072220237358244,5.072220237358244,5.0515595703125,5.0515595703125,1350229
2014-12-10,5.051559081615179,5.1032109375,5.051559081615179,5.1032109375,1259729
2014-12-11,5.020567930654303,5.11354150390625,5.020567930654303,5.11354150390625,2394397
2014-12-12,5.113541463290835,5.113541463290835,5.1032109375,5.1032109375,3177408
2014-12-15,5.082549823377743,5.082549823377743,5.06188916015625,5.06188916015625,1025929
2014-12-16,5.061890067589882,5.061890067589882,4.93792529296875,4.93792529296875,1283101
2014-12-17,5.010237743528889,5.010237743528889,4.628013671875,4.628013671875,2151555
2014-12-18,4.60735217459458,4.7416474609375,4.60735217459458,4.7416474609375,370585
2014-12-19,4.77263910679594,4.77263910679594,4.67966552734375,4.67966552734375,262076
2014-12-22,4.545370677321215,4.8552822265625,4.545370677321215,4.8552822265625,264068
2014-12-23,4.76230862869284,4.824291015625,4.76230862869284,4.824291015625,861403
2014-12-24,4.86561185719024,4.8759423828125,4.86561185719024,4.8759423828125,92952
2014-12-25,4.8036307869185215,4.86561279296875,4.8036307869185215,4.86561279296875,63833
2014-12-26,4.906934516870314,4.906934516870314,4.86561279296875,4.86561279296875,112953
2014-12-29,4.886273380099341,4.886273380099341,4.84495166015625,4.84495166015625,352806
2014-12-30,4.762308645829701,4.8552822265625,4.762308645829701,4.8552822265625,320698
2014-12-31,4.855281738491145,4.90693359375,4.855281738491145,4.90693359375,162763
2015-01-01,4.90693359375,4.90693359375,4.90693359375,4.90693359375,0
2015-01-02,4.90693359375,4.90693359375,4.90693359375,4.90693359375,0
2015-01-05,4.948255807295299,4.948255807295299,4.8552822265625,4.8552822265625,686762
2015-01-06,4.8552822265625,4.8552822265625,4.8552822265625,4.8552822265625,336024
2015-01-07,4.855281698094335,4.89660302734375,4.855281698094335,4.89660302734375,2548118
2015-01-08,4.958585449008855,4.958585449008855,4.90693359375,4.90693359375,794045
2015-01-09,4.906934104446899,4.906934104446899,4.8862734375,4.8862734375,1320880
2015-01-12,4.937925713162801,4.937925713162801,4.86561279296875,4.86561279296875,695651
2015-01-13,4.875942893435996,4.875942893435996,4.8552822265625,4.8552822265625,531969
2015-01-14,4.8552822265625,4.8552822265625,4.8552822265625,4.8552822265625,160081
2015-01-15,4.8242910329849,4.8552822265625,4.8242910329849,4.8552822265625,279471
2015-01-16,4.8759423828125,4.8759423828125,4.8759423828125,4.8759423828125,3344233
2015-01-19,4.89660302734375,4.89660302734375,4.89660302734375,4.89660302734375,1220494
2015-01-20,4.896603005604083,4.896603005604083,4.8139599609375,4.8139599609375,349665
2015-01-21,4.8552821780191735,4.8552821780191735,4.71065673828125,4.71065673828125,1020412
2015-01-22,4.6899949830554,4.6899949830554,4.6073515625,4.6073515625,1126851
2015-01-23,4.597021974008322,4.648673828125,4.597021974008322,4.648673828125,1382951
2015-01-26,4.731316828363047,4.731316828363047,4.58669140625,4.58669140625,1079111
2015-01-27,4.628013121082868,4.628013121082868,4.58669140625,4.58669140625,2248186
2015-01-28,4.586691934406062,4.5970224609375,4.586691934406062,4.5970224609375,534268
2015-01-29,4.5970224609375,4.5970224609375,4.5970224609375,4.5970224609375,319779
2015-01-30,4.576361241639996,4.576361241639996,4.452396484375,4.452396484375,1507475
2015-02-02,4.545370509881446,4.597022368429819,4.4007450740251794,4.44206640625,44560
2015-02-03,4.4420663145714165,4.4420663145714165,4.173476501049345,4.183806640625,235838
2015-02-04,4.214797270180107,4.214797270180107,4.09083251953125,4.09083251953125,259946
2015-02-05,4.090833088287885,4.173476524566962,4.0805029486540185,4.111494140625,148847
2015-02-06,4.132154231925748,4.142484756658032,4.080502381333604,4.09083251953125,129337
2015-02-09,4.090833582618677,4.1734770288842755,4.049512246020615,4.0598427734375,40238
2015-02-10,4.028851054976042,4.028851054976042,3.9771988111282632,3.99785986328125,371106
2015-02-11,3.9771982936146775,4.09083251953125,3.9771982936146775,4.09083251953125,292184
2015-02-12,4.173475944320247,4.173475944320247,4.09083251953125,4.09083251953125,193384
2015-02-13,4.090832824514663,4.090832824514663,4.008189780099026,4.080502685546875,474557
2015-02-16,4.080502685546875,4.080502685546875,4.080502685546875,4.080502685546875,0
2015-02-17,4.080502685546875,4.080502685546875,4.080502685546875,4.080502685546875,0
2015-02-18,4.080502685546875,4.080502685546875,4.080502685546875,4.080502685546875,0
2015-02-19,4.080502685546875,4.080502685546875,4.080502685546875,4.080502685546875,0
2015-02-20,4.080502685546875,4.080502685546875,4.080502685546875,4.080502685546875,0
2015-02-23,4.080502685546875,4.080502685546875,4.080502685546875,4.080502685546875,0
2015-02-24,4.080502685546875,4.080502685546875,4.080502685546875,4.080502685546875,0
2015-02-25,4.070172382551833,4.111494100285952,4.059842243019319,4.10116357421875,77649
2015-02-26,4.080502889299541,4.101163554801437,4.0288510322774576,4.07017236328125,78584
2015-02-27,4.070172159008089,4.070172159008089,4.008189779078477,4.028850830078125,196963
2015-03-02,4.018520940756334,4.028851467891599,3.925547356143129,3.97719921875,204136
2015-03-03,3.9771988111282632,4.008190002823055,3.9668686715864583,3.99785986328125,160334
2015-03-04,4.028851051352401,4.10116357421875,4.028851051352401,4.10116357421875,107757
2015-03-05,4.101163350017117,4.1321545399898145,4.080502685546875,4.080502685546875,158379
2015-03-06,4.0805024184125775,4.0805024184125775,4.018520042524923,4.04951123046875,88906
2015-03-09,4.0391808865978565,4.080502601219052,3.9875290332223567,4.008189697265625,27518
2015-03-10,4.028850747843552,4.028850747843552,3.9978595585113204,4.008189697265625,34476
2015-03-11,4.008190207689933,4.008190207689933,3.987529541015625,3.987529541015625,38024
2015-03-12,3.9978593517922567,3.9978593517922567,3.935876976332743,3.9668681640625,67948
2015-03-13,3.977198236570056,3.977198236570056,3.92554638671875,3.92554638671875,28406
2015-03-16,3.925546766408654,3.977887311623078,3.904610626660576,3.956951171875,41549
2015-03-17,3.9255464964298277,3.9360147614281424,3.862737689816801,3.883673828125,94784
2015-03-18,3.9150793053018673,3.9150793053018673,3.810398193359375,3.810398193359375,53626
2015-03-19,3.810398193359375,3.873207017200286,3.7894620493085847,3.810398193359375,59695
2015-03-20,3.810397625673962,3.810397625673962,3.64290771484375,3.64290771484375,2611989
2015-03-23,3.799929133018595,3.799929133018595,3.70571630859375,3.70571630859375,127474
2015-03-24,3.737120322276394,3.737120322276394,3.6743119032226494,3.70571630859375,68300
2015-03-25,3.674312348627705,3.6847802238946974,3.58009912109375,3.58009912109375,512420
2015-03-26,3.5591631841394036,3.5800993275693456,3.4544816836126406,3.464949951171875,619726
2015-03-27,3.485885524236019,3.5800987417882406,3.485885524236019,3.5486943359375,418985
2015-03-30,3.5486949445028837,3.5905676233807666,3.454481710794043,3.506822265625,217278
2015-03-31,3.5068216683313733,3.53822607421875,3.4858855283026102,3.53822607421875,240926
2015-04-01,3.53822635136373,3.53822635136373,3.3183958846215047,3.34980029296875,214189
2015-04-02,3.349800126234135,3.52775830078125,3.3393318600766078,3.52775830078125,289571
2015-04-03,3.548694647165882,3.7266528320312506,3.538226380401391,3.72665283203125,509102
2015-04-06,3.758057219423766,3.758057219423766,3.6429078524183143,3.663843994140625,112723
2015-04-07,3.6638441309335192,3.6847802734375,3.5905674363253333,3.6847802734375,126838
2015-04-08,3.6952480429072305,3.737120322276394,3.6429074978515485,3.70571630859375,195553
2015-04-09,3.6429077424456655,3.7161844321059125,3.6429077424456655,3.695248291015625,81672
2015-04-10,3.6952485643317496,3.758057383936699,3.6952485643317496,3.737120849609375,274827
2015-04-13,3.7475885879629125,3.7475885879629125,3.6952480429072305,3.70571630859375,79649
2015-04-14,3.705716451769371,3.737120466665354,3.6952481856783956,3.716184326171875,219669
2015-04-15,3.7161847421543825,3.862738525390625,3.7161847421543825,3.862738525390625,364830
2015-04-16,3.8522705326396145,3.967419902273489,3.8418022656952613,3.904611083984375,491278
2015-04-17,3.9046103581216287,3.9360147614281424,3.8522698165069174,3.883673828125,268881
2015-04-20,3.87320654296875,3.9255470925314717,3.8627382763808096,3.87320654296875,159169
2015-04-21,3.8627384078954647,3.915078959240225,3.8522705326396145,3.904611083984375,170702
2015-04-22,3.8836742552602956,4.061632429673303,3.8836742552602956,4.0406962890625,332722
2015-04-23,4.04069612255577,4.072100528022116,3.9360150321269214,3.956951171875,115934
2015-04-24,3.9569514206733483,4.030228110243216,3.946483154296875,3.946483154296875,64430
2015-04-27,4.009291717089424,4.009291717089424,3.946482906156732,3.956951171875,35725
2015-04-28,3.9569511718749997,3.9569511718749997,3.9569511718749997,3.956951171875,0
2015-04-29,3.9569511718749997,3.9569511718749997,3.9569511718749997,3.956951171875,0
2015-04-30,3.9569511718749997,3.9569511718749997,3.9569511718749997,3.956951171875,0
2015-05-01,3.9569511718749997,3.9569511718749997,3.9569511718749997,3.956951171875,0
2015-05-04,3.977887566644195,3.977887566644195,3.695248291015625,3.695248291015625,109305
2015-05-05,3.6952483611047047,3.87320654296875,3.653375686441433,3.87320654296875,63825
2015-05-06,3.831333706993063,3.87320637989335,3.78946142578125,3.78946142578125,48238
2015-05-07,3.7894618296167613,3.883674668227655,3.7894618296167613,3.862738525390625,155307
2015-05-08,3.915078825943531,3.915078825943531,3.8627382763808096,3.87320654296875,56484
2015-05-11,3.873205954815116,3.8941420931233144,3.8313332865102883,3.883673828125,247723
2015-05-12,3.87320654296875,3.8836744178682,3.8522704014813596,3.87320654296875,162410
2015-05-13,3.8627378687217964,3.8627378687217964,3.778992919921875,3.778992919921875,117275
2015-05-14,3.7789931835546557,3.8522702636718744,3.7789931835546557,3.852270263671875,87964
2015-05-15,3.883674007999665,3.883674007999665,3.778992919921875,3.778992919921875,139528
2015-05-18,3.6952485405337447,3.7685252351419307,3.6847802734375,3.6847802734375,73680
2015-05-19,3.7685254933123584,3.7894620289391474,3.726653205435852,3.7580576171875,128149
2015-05-20,3.716184354861735,3.862738122824463,3.716184354861735,3.76852490234375,105826
2015-05-21,3.8522702727104043,3.8522702727104043,3.7894614586592708,3.831333740234375,50430
2015-05-22,3.82086572265625,3.8313335968139377,3.8103974568101,3.82086572265625,33602
2015-05-25,3.8418020064723897,3.8522702727104043,3.778993192421256,3.831333740234375,103374
2015-05-26,3.8941421318998324,3.8941421318998324,3.74758837890625,3.74758837890625,177575
2015-05-27,3.7475887616886387,3.82086584151424,3.7475887616886387,3.76852490234375,78699
2015-05-28,3.778993168515543,3.789461434687336,3.7580570278604317,3.76852490234375,109543
2015-05-29,3.758057051633704,3.862738147259942,3.7475887853956893,3.831333740234375,216879
2015-06-01,3.8522702636718744,3.9046108113621876,3.8313337312449685,3.852270263671875,137950
2015-06-02,3.852270023372958,3.8836740366774287,3.8418017578124997,3.8418017578125,162395
2015-06-03,3.841801926211438,3.956951285670049,3.841801926211438,3.91507861328125,160809
2015-06-04,3.8836744178682,3.956951500606803,3.87320654296875,3.87320654296875,54951
2015-06-05,3.8732065643617983,3.946483255816643,3.8732065643617983,3.936015380859375,58338
2015-06-08,4.019760098409013,4.019760098409013,3.91507861328125,3.91507861328125,139467
2015-06-09,3.9150786620207363,4.176781790565428,3.9150786620207363,4.0406962890625,380554
2015-06-10,4.0406968516215525,4.27099560546875,4.0406968516215525,4.27099560546875,181706
2015-06-11,4.344271622149435,4.564102054083526,4.323335092107383,4.5536337890625,419421
2015-06-12,4.564102092943761,4.585038231475638,4.396612201311873,4.41754833984375,303832
2015-06-15,4.438993405844829,4.653437611194893,4.438993405844829,4.59982666015625,109528
2015-06-16,4.556937155120753,4.599826151930238,4.492603860504246,4.5247705078125,124892
2015-06-17,4.503326550827331,4.6319927486026415,4.481882251397359,4.5569375,85810
2015-06-18,4.50332666015625,4.599826611727106,4.460437659059597,4.50332666015625,127428
2015-06-19,4.503326731451088,4.5783819830641175,4.4926043807083005,4.54621533203125,177690
2015-06-22,4.50332699254351,4.56766029833914,4.46043798828125,4.46043798828125,209584
2015-06-23,4.481882360205667,4.524770960106833,4.460437659059597,4.50332666015625,71258
2015-06-24,4.5354931640625,4.556937463319861,4.492604164352305,4.5354931640625,67618
2015-06-25,4.556937355185772,4.59982635387823,4.514048356493313,4.58910400390625,79534
2015-06-26,4.589104641470642,4.621271294660033,4.2888828125,4.2888828125,133528
2015-06-29,4.288882457063956,4.514048609533798,4.288882457063956,4.50332666015625,74959
2015-06-30,4.46043755077191,4.610548449172669,4.46043755077191,4.5569375,94608
2015-07-01,4.481882360205667,4.556937610630452,4.342493407538157,4.50332666015625,182265
2015-07-02,4.460437659059597,4.535493310679869,4.4497157096820485,4.50332666015625,43748
2015-07-03,4.5033268431963505,4.514048793009699,4.481882542374152,4.4926044921875,37679
2015-07-06,4.4497157096820485,4.556937610630452,4.4497157096820485,4.50332666015625,47212
2015-07-07,4.503326599961436,4.717770800187311,4.503326599961436,4.6534375,147850
2015-07-08,4.664160123074543,4.664160123074543,4.556938208068788,4.6427158203125,93933
2015-07-09,4.6105479942248895,4.642714640793529,4.556937050342302,4.57838134765625,64285
2015-07-10,4.610548570698685,4.717770873065694,4.610548570698685,4.696326171875,257103
2015-07-13,4.674881871879794,4.717770873065694,4.621270921294033,4.696326171875,123106
2015-07-14,4.71777099609375,4.71777099609375,4.653437693234986,4.71777099609375,60200
2015-07-15,4.717771329554567,4.760659933694857,4.664159972585914,4.67488232421875,69703
2015-07-16,4.6427158203125,4.674882475053335,4.556938208068788,4.6427158203125,126823
2015-07-17,4.696326626288895,4.728493279991876,4.653438022148604,4.67488232421875,168778
2015-07-20,4.642714640793529,4.642714640793529,4.567659399596995,4.57838134765625,123145
2015-07-21,4.556937050342302,4.621270343479582,4.556937050342302,4.57838134765625,64975
2015-07-22,4.556937286368771,4.6641591796875,4.556937286368771,4.6641591796875,117397
2015-07-23,4.653437611194893,4.664159560685328,4.589104309470325,4.59982666015625,96684
2015-07-24,4.65343752439267,4.92149267578125,4.610548523644484,4.92149267578125,619734
2015-07-27,5.0287143715698885,5.23243621415785,4.98582577375951,5.10377001953125,526819
2015-07-28,5.103770226868943,5.135936877131211,4.92149267578125,4.92149267578125,269233
2015-07-29,4.824992814996749,4.835715165682673,4.5783819587844,4.59982666015625,700571
2015-07-30,4.556937338378018,4.610548285649254,4.50332639110678,4.51404833984375,552214
2015-07-31,4.514048680998382,4.610548634096985,4.514048680998382,4.54621533203125,85512
2015-08-03,4.492603801585297,4.5033261509459095,4.288881972101734,4.4282705078125,553034
2015-08-04,4.438993686747878,4.471160339645694,4.417549385214507,4.46043798828125,208082
2015-08-05,4.492604456903781,4.524771108482201,4.460437805325359,4.47116015625,288644
2015-08-06,4.471160009632632,4.5462152600574175,4.471160009632632,4.50332666015625,266007
2015-08-07,4.503326550827331,4.5569375,4.481882251397359,4.5569375,183568
2015-08-10,4.5783815847934255,4.707048177732267,4.5783815847934255,4.6641591796875,285693
2015-08-11,4.664159303715884,4.728492601896043,4.642715004720988,4.68560400390625,340124
2015-08-12,4.664159250123722,4.685603950067684,4.5676597051577525,4.58910400390625,235815
2015-08-13,4.5783816370474195,4.589103986979852,4.4926040411743475,4.51404833984375,1549545
2015-08-14,4.556937658608041,4.610548609646684,4.503326707569396,4.59982666015625,108026
2015-08-17,4.5569375,4.599826500055422,4.503326550827331,4.5569375,1249001
2015-08-18,4.556937286368771,4.6641591796875,4.52477063813406,4.6641591796875,2237075
2015-08-19,4.6427151495702885,4.6534375,4.546215199289322,4.6534375,1433220
2015-08-20,4.653436846058733,4.653436846058733,4.56765925826169,4.6105478515625,1065547
2015-08-21,4.610548449172669,4.610548449172669,4.503326550827331,4.5569375,2944451
2015-08-24,4.363936905630857,4.449714892062764,4.24599267578125,4.24599267578125,2754331
2015-08-25,4.245993196829645,4.385382140990094,3.9564937609810356,4.14949365234375,2454092
2015-08-26,4.256715619502982,4.4389931640625,4.2459932694010805,4.4389931640625,1442416
2015-08-27,4.438993405844829,4.59982666015625,4.3961044042966195,4.59982666015625,2226423
2015-08-28,4.61054875798258,4.6212711090134775,4.514048802291019,4.56766015625,1243560
2015-08-31,4.567660074766312,4.567660074766312,4.4497158203125,4.4497158203125,487676
2015-09-01,4.5033261509459095,4.5033261509459095,4.4282705078125,4.4282705078125,1127158
2015-09-02,4.4282705078125,4.4282705078125,4.4282705078125,4.4282705078125,0
2015-09-03,4.428271258177235,4.428271258177235,4.321049351184257,4.34249365234375,1205168
2015-09-04,4.363937882906498,4.363937882906498,4.278160278460665,4.29960498046875,1181949
2015-09-07,4.310326770960155,4.310326770960155,4.235271520292535,4.2567158203125,569671
2015-09-08,4.2567156041495915,4.3639375,4.2567156041495915,4.3639375,1826488
2015-09-09,4.3639375,4.385382200126456,4.342493201069011,4.3639375,389436
2015-09-10,4.321048759527163,4.41754870332495,4.2888821115945674,4.39610400390625,538329
2015-09-11,4.39610400390625,4.4068263536156005,4.321048759527163,4.39610400390625,536260
2015-09-14,4.396104722334292,4.396104722334292,4.2888828125,4.2888828125,668141
2015-09-15,4.2888828125,4.321049465689391,4.2888828125,4.2888828125,287211
2015-09-16,4.331771360820431,4.331771360820431,4.288882360687546,4.31032666015625,147283
2015-09-17,4.331770930591244,4.406826171875,4.321048581324091,4.406826171875,707682
2015-09-18,4.417549168989142,4.4497158203125,4.396104467309906,4.4497158203125,1985267
2015-09-21,4.4497158203125,4.481882471635858,4.396104467309906,4.4497158203125,3178864
2015-09-22,4.4497157096820485,4.5462152600574175,4.4497157096820485,4.50332666015625,2757779
2015-09-23,4.503326623997148,4.503326623997148,4.460437623244869,4.48188232421875,1633992
2015-09-24,4.471160270002387,4.471160270002387,4.41754931640625,4.41754931640625,1875608
2015-09-25,4.4175489741231795,4.4175489741231795,4.321049024409892,4.38538232421875,2994261
2015-09-28,4.342493469586257,4.374660120569493,4.321049169329265,4.3532158203125,1190685
2015-09-29,4.331771252201252,4.3639375,4.310326552074796,4.3639375,1580964
2015-09-30,4.342493505004409,4.385382507063696,4.331771555386208,4.37466015625,502236
2015-10-01,4.374659973852115,4.38538232421875,4.363937623485478,4.38538232421875,1367548
2015-10-02,4.38538232421875,4.38538232421875,4.38538232421875,4.38538232421875,0
2015-10-05,4.535493310679869,4.5462152600574175,4.406826708585394,4.50332666015625,1680967
2015-10-06,4.556937050342302,4.599826046165634,4.514048054518971,4.57838134765625,2915255
2015-10-07,4.610548412061,4.610548412061,4.524770813836083,4.5354931640625,1402951
2015-10-08,4.535492612688371,4.642714497135819,4.514047914842541,4.6105478515625,2456161
2015-10-09,4.6105478515625,4.642714497135819,4.5891035549120955,4.6105478515625,2970735
2015-10-12,4.621270705726092,4.749937302086408,4.621270705726092,4.68560400390625,4469552
2015-10-13,4.664159449234231,4.685604150093655,4.631992799140575,4.6534375,1991934
2015-10-14,4.653437231072902,4.707048177732267,4.653437231072902,4.6641591796875,2027260
2015-10-15,4.631992870693892,4.7284928224655545,4.631992870693892,4.696326171875,1679434
2015-10-16,4.696326148485754,4.7499375,4.696326148485754,4.7499375,2936711
2015-10-19,4.80354845031876,4.824992750207167,4.7499375,4.7499375,6839964
2015-10-20,4.7177705275423225,4.771381474201688,4.621270582838191,4.6641591796875,2064349
2015-10-21,4.707048449757598,4.717770800187311,4.631992799140575,4.6534375,1494295
2015-10-22,4.664159449234231,4.707048449757598,4.631992799140575,4.6534375,2116305
2015-10-23,4.685604601038817,4.8249931640625,4.664159898115542,4.8249931640625,9440115
2015-10-26,4.835715184947071,4.932214736722865,4.835715184947071,4.8678818359375,8619402
2015-10-27,4.867881985066195,5.071603846782984,4.8357153330903335,5.02871484375,10830422
2015-10-28,5.028714612647162,5.093047913642343,4.932214661154391,4.94293701171875,5496248
2015-10-29,4.942936829518375,5.039436777454086,4.910770180206471,4.9536591796875,8221996
2015-10-30,4.98582568359375,5.007269982111131,4.9322143355071075,4.98582568359375,2699846
2015-11-02,4.975103689405255,4.975103689405255,4.7713818359375,4.7713818359375,9293750
2015-11-03,4.749937179429485,4.91077001953125,4.674881533092293,4.91077001953125,3905858
2015-11-04,4.910770238015314,4.910770238015314,4.80354833984375,4.80354833984375,1438814
2015-11-05,4.782103515625,4.84643681334297,4.782103515625,4.782103515625,1332298
2015-11-06,4.771381799888407,4.824992750207167,4.728492798916108,4.7499375,2155157
2015-11-09,4.7713818716640075,4.824992822789234,4.685604269624546,4.792826171875,1285860
2015-11-10,4.771381799888407,4.8142703996652205,4.7499375,4.7499375,977499
2015-11-11,4.7713810402411,4.792825336715381,4.7499367437668205,4.76065869140625,1470769
2015-11-12,4.782103897757017,4.782103897757017,4.71777099609375,4.71777099609375,2434015
2015-11-13,4.739214497568257,4.739214497568257,4.696325502495438,4.7070478515625,3238252
2015-11-16,4.707048645218791,4.71777099609375,4.685604344664368,4.71777099609375,1911395
2015-11-17,4.717770885213695,4.81427043603835,4.707048534590738,4.7713818359375,5650428
2015-11-18,4.803548599506937,4.803548599506937,4.71777099609375,4.71777099609375,1513146
2015-11-19,4.71777099609375,4.749937647523132,4.707048645218791,4.71777099609375,3121927
2015-11-20,4.749937647523132,4.7606595972025945,4.71777099609375,4.71777099609375,6879352
2015-11-23,4.71777099609375,4.728492945773213,4.6641596429144485,4.71777099609375,3586385
2015-11-24,4.717770873065694,4.717770873065694,4.664159521284446,4.696326171875,3644701
2015-11-25,4.696325439359543,4.696325439359543,4.6105478515625,4.6105478515625,4064483
2015-11-26,4.75315421275448,4.8089099579919745,4.66952099609375,4.66952099609375,1913405
2015-11-27,4.669520548979452,4.669520548979452,4.418620923021314,4.43256005859375,2349138
2015-11-30,4.432560229861022,4.530132176660723,4.404682358834469,4.41862109375,768014
2015-12-01,4.418621379633642,4.599826951236956,4.418621379633642,4.46043798828125,1380823
2015-12-02,4.50225439453125,4.544071001299005,4.488315659340499,4.50225439453125,677119
2015-12-03,4.530132125003501,4.613765335934,4.502254254294839,4.57194873046875,2254293
2015-12-04,4.585887608066759,4.585887608066759,4.488315659340499,4.50225439453125,1341093
2015-12-07,4.530132552989046,4.558010426331477,4.502254679646615,4.5440712890625,1522589
2015-12-08,4.5440712890625,4.571949162404931,4.48831594357316,4.5440712890625,1793567
2015-12-09,4.571948818705416,4.739215243794584,4.571948818705416,4.65558203125,5753715
2015-12-10,4.725276863995017,4.725276863995017,4.5440712890625,4.5440712890625,1576820
2015-12-11,4.599826689952109,4.6695207662756,4.571948818705416,4.65558203125,1868959
2015-12-14,4.6277041015625,4.683459843351776,4.599826631863351,4.6277041015625,1376932
2015-12-15,4.627704070690587,4.627704070690587,4.558009995712162,4.57194873046875,673818
2015-12-16,4.57194873046875,4.655581941399249,4.5440708597600885,4.57194873046875,1610537
2015-12-17,4.6416432066426605,4.6416432066426605,4.5440708597600885,4.57194873046875,2139819
2015-12-18,4.571948959856566,4.627704302875809,4.571948959856566,4.5858876953125,1800345
2015-12-21,4.641643469574254,4.641643469574254,4.544071117164577,4.55801025390625,1005451
2015-12-22,4.571948141564102,4.571948141564102,4.48831494140625,4.48831494140625,1170619
2015-12-23,4.48831494140625,4.54407027444634,4.446498341327324,4.48831494140625,884021
2015-12-24,4.460437527347671,4.530132001623422,4.418620923021314,4.43256005859375,1216362
2015-12-25,4.390743454267394,4.488315397297066,4.390743454267394,4.43256005859375,1245953
2015-12-28,4.432559937595544,4.460437405588477,4.348926731225816,4.37680419921875,1035808
2015-12-29,4.362865295955684,4.3907431640625,4.3489265625,4.3907431640625,1287746
2015-12-30,4.418621379633642,4.47437712529413,4.418621379633642,4.46043798828125,973738
2015-12-31,4.4464984990806835,4.488315100643184,4.3907431640625,4.3907431640625,867516
2016-01-04,4.460437074288487,4.530131541485176,4.43255960836616,4.48831494140625,2142118
2016-01-05,4.530132001623422,4.530132001623422,4.418620923021314,4.43256005859375,1058267
2016-01-06,4.47437712529413,4.488315861111494,4.4464992524638856,4.46043798828125,1928554
2016-01-07,4.446498732665472,4.46043746685339,4.362865525147028,4.40468212890625,2754396
2016-01-08,4.362865465222283,4.404682068407147,4.32104886203742,4.37680419921875,1902795
2016-01-11,4.404682095334684,4.404682095334684,4.334987622535354,4.3489267578125,873470
2016-01-12,4.348926790959111,4.40468212890625,4.334987655575723,4.40468212890625,1335021
2016-01-13,4.39074333441068,4.4464986715920105,4.348926731225816,4.37680419921875,599663
2016-01-14,4.3210489326998305,4.376804270792932,4.125904647580771,4.19559912109375,2461313
2016-01-15,4.195599289631266,4.265293765943878,4.09802734375,4.09802734375,2543308
2016-01-18,3.9725769721173245,3.9725769721173245,3.8192493061283543,3.875004638671875,4731463
2016-01-19,3.9307606682847966,3.986516005025101,3.9028827993169144,3.916821533203125,2440682
2016-01-20,3.833188306401284,3.9725772492781926,3.833188306401284,3.84712744140625,4403779
2016-01-21,3.819249527499408,3.8471273959847387,3.582288648362733,3.596227783203125,6252520
2016-01-22,3.6380445382254467,3.6937998763438213,3.4568389872486547,3.5125947265625,6604313
2016-01-25,3.554411293782335,3.74955517578125,3.554411293782335,3.74955517578125,4246746
2016-01-26,3.693800092879751,3.8053111768489134,3.638044751492917,3.73561669921875,2117478
2016-01-27,3.763494256868422,3.944699402171008,3.763494256868422,3.916821533203125,3935331
2016-01-28,3.944699449540159,4.014393922199047,3.861066242827678,3.95863818359375,3389957
2016-01-29,4.000455092540231,4.000455092540231,3.9168218794391043,3.986516357421875,1690646
2016-02-01,3.9586378380848712,4.014393571823823,3.875004638671875,3.875004638671875,1937691
2016-02-02,3.875004909025265,3.9028827778397384,3.833188306401284,3.84712744140625,562468
2016-02-03,3.875005140893558,3.875005140893558,3.7634944613541275,3.86106640625,616345
2016-02-04,3.9028827993169144,3.9307606682847966,3.861066196462821,3.916821533203125,745084
2016-02-05,3.9725772711388903,3.9725772711388903,3.9028827993169144,3.916821533203125,1130064
2016-02-15,3.916821835908867,3.94469970703125,3.8889443659819767,3.94469970703125,1098646
2016-02-16,3.916821835908867,3.9865163131170775,3.902883100945422,3.94469970703125,1603051
2016-02-17,3.9446997508713117,4.0422716990907945,3.9446997508713117,3.986516357421875,2914494
2016-02-18,4.014394228854083,4.028332963972439,3.972577622303519,3.986516357421875,1907098
2016-02-19,3.986516371887685,4.014394243421052,3.958638500354317,3.97257763671875,1650680
2016-02-22,3.972577469593778,4.139843889366148,3.9586383338157596,4.0701494140625,4132802
2016-02-23,4.0980272242778035,4.111965958655767,4.0143940156190725,4.042271484375,2641159
2016-02-24,4.0143940156190725,4.0562106199484385,4.000454880045635,4.042271484375,1871965
2016-02-25,4.042271543701944,4.153782623948685,4.042271543701944,4.0701494140625,3582300
2016-02-26,4.098026928295513,4.20953759765625,4.098026928295513,4.20953759765625,5137723
2016-02-29,4.20953797771508,4.446498873592729,4.20953797771508,4.33498779296875,5115205
2016-03-01,4.376804129620717,4.376804129620717,4.2513543220609735,4.26529345703125,4108457
2016-03-02,4.29317138671875,4.321049258464756,4.265293916168245,4.29317138671875,3059621
2016-03-03,4.307110154371995,4.404682095334684,4.307110154371995,4.3489267578125,1864774
2016-03-04,4.348926987837319,4.446498933960814,4.321049117003968,4.36286572265625,3107250
2016-03-07,4.65558203125,4.65558203125,4.627704160003308,4.65558203125,8209075
2016-03-08,4.878603420930507,4.90648129002458,4.711337008756993,4.79497021484375,15281660
2016-03-09,4.808909577226217,4.808909577226217,4.641643157148783,4.7252763671875,5735146
2016-03-10,4.781030696551875,4.781030696551875,4.697397504185396,4.75315283203125,3351524
2016-03-11,4.753153898248106,4.948298191276019,4.739215163458787,4.836787109375,7759607
2016-03-14,4.878603832429498,4.934359575320513,4.850726362179487,4.89254296875,6234129
2016-03-15,4.892543112881682,4.9064818484173145,4.808909897276867,4.8228486328125,5063568
2016-03-16,4.8228482044281975,4.86466480851629,4.794970334637645,4.85072607421875,5218008
2016-03-17,4.892542454554848,5.0319309947419715,4.878603319699318,4.920419921875,7386063
2016-03-18,4.990114515252772,5.031931118456554,4.97617578125,4.97617578125,5280904
2016-03-21,5.017992261081895,5.0319309947419715,4.864664586039241,4.920419921875,3459750
2016-03-22,4.9204199827022626,5.004053188087518,4.9204199827022626,4.9482978515625,4808035
2016-03-23,4.990114714432016,4.990114714432016,4.892542770127119,4.934359375,4105510
2016-03-24,4.920420146901923,4.934359282394936,4.8228482044281975,4.85072607421875,4790115
2016-03-25,4.850726273777174,4.850726273777174,4.711337320285436,4.80890966796875,5555595
2016-03-28,4.822848797455217,4.990115234375,4.808910061443743,4.990115234375,2649883
2016-03-29,5.0179925847457625,5.087686658736912,4.878603634372506,4.934359375,3725599
2016-03-30,4.878603380009634,4.976175720422739,4.878603380009634,4.9482978515625,3557130
2016-03-31,4.948298220265,4.948298220265,4.80890966796875,4.80890966796875,5300710
2016-04-01,4.808909608876128,4.822848343575825,4.669520657097222,4.78103173828125,6895215
2016-04-04,4.808909470130658,4.948298016692475,4.794970334637645,4.85072607421875,5401037
2016-04-05,4.850726253255209,5.01799267578125,4.850726253255209,5.01799267578125,7870132
2016-04-06,5.059808503181704,5.18525830078125,4.990114037450147,5.18525830078125,11513914
2016-04-07,5.296769789526698,5.366464266113663,5.254953183813616,5.2828310546875,11814423
2016-04-08,5.338585875572306,5.617363353587985,5.338585875572306,5.519791015625,11639824
2016-04-11,5.589486328125,5.6731195440190945,5.4640365042838575,5.589486328125,10762345
2016-04-12,5.56160761726758,5.603424218910159,5.519791015625,5.519791015625,11227551
2016-04-13,5.519791137449044,5.6173634775654895,5.477974534883555,5.575546875,7962206
2016-04-14,5.605283330590851,5.7093605,5.57554736328125,5.57554736328125,5818025
2016-04-15,5.59041534693605,5.66475612109375,5.57554736328125,5.57554736328125,9163184
2016-04-19,5.575547316502735,5.590415300032793,5.486338559438691,5.50120654296875,8652117
2016-04-20,5.783700909185003,5.87290966796875,5.724228545976456,5.87290966796875,16854178
2016-04-21,6.051326751837131,6.2743486328125,6.006722375642057,6.2743486328125,11435868
2016-04-22,6.274349053779646,6.378425795903735,6.20000827915281,6.30408544921875,8543302
2016-04-25,6.274349318571225,6.304085715265272,6.214876953125,6.214876953125,7514743
2016-04-26,6.2148761879361505,6.48250244140625,6.1554034018704735,6.48250244140625,7061031
2016-04-27,6.5122389283108575,6.690656444920521,6.5122389283108575,6.63118408203125,4925692
2016-04-28,6.616316098294395,6.660920477446811,6.586579702878834,6.63118408203125,5115441
2016-04-29,6.705524787239431,7.017755438076727,6.705524787239431,6.98801904296875,11663048
2016-05-04,7.136699845940941,7.4340625,7.062359503382548,7.4340625,11381932
2016-05-05,7.73142513126554,7.880106680057313,7.3151181640625,7.3151181640625,13770506
2016-05-06,7.225909027306304,7.582744041000443,7.225909027306304,7.4340625,8415329
2016-05-09,7.508403210126381,7.582744412207745,7.1367001953125,7.1367001953125,10226815
2016-05-10,7.0474914375218205,7.270513759940368,6.883942333533474,7.1367001953125,10599770
2016-05-11,7.225909555755046,7.270513935728844,7.092095987891797,7.18130517578125,4410735
2016-05-12,7.240776636263592,7.240776636263592,7.062359556028355,7.0772275390625,5040874
2016-05-13,7.017754775753235,7.0623591502345935,6.76499651104493,6.8690732421875,12629183
2016-05-16,6.869073810059175,6.928546599578852,6.660920330565825,6.7649970703125,9986255
2016-05-17,6.839337622699307,7.121831866011998,6.779864835097394,7.00288671875,7813661
2016-05-18,7.092095483018674,7.092095483018674,6.92854638671875,6.92854638671875,6123309
2016-05-19,6.854205906895623,7.047491405242858,6.8393379233125575,6.98801904296875,4818174
2016-05-20,7.032623374346079,7.032623374346079,6.91367822265625,6.91367822265625,6195106
2016-05-23,6.9136783039893155,6.973151094504795,6.8096015625,6.8096015625,5062448
2016-05-24,6.809601495616817,7.211040901915085,6.7501291336273175,7.1664365234375,13316382
2016-05-25,7.240776951278647,7.28538133026346,7.06235986328125,7.06235986328125,6165515
2016-05-26,7.06235960467202,7.196172308784656,7.06235960467202,7.151568359375,9455146
2016-05-27,7.121831989843417,7.419194221256084,7.121831989843417,7.37458984375,8934235
2016-05-30,7.434063497060207,7.508403849589166,7.315118761837121,7.35972314453125,11502065
2016-05-31,7.87267236328125,7.87267236328125,7.805766223592302,7.87267236328125,10083163
2016-06-01,8.051089447907566,8.318715704168488,8.028787687827643,8.274111328125,10494256
2016-06-02,8.184902690313772,8.363320196978743,8.117996553256233,8.3187158203125,6618362
2016-06-03,8.34101843918011,8.34101843918011,8.207205309139784,8.2964140625,5468865
2016-06-06,8.251811475119661,8.274113240353742,7.894976384303677,8.05109130859375,12874086
2016-06-07,8.05108933619711,8.207205078125,8.05108933619711,8.207205078125,4347701
2016-06-08,8.318714833679612,8.76475854743947,8.318714833679612,8.6755498046875,6908419
2016-06-09,8.742457892628204,8.78706226963141,8.60864476161859,8.697853515625,5627824
2016-06-10,8.697854077148437,9.032386498327673,8.697854077148437,8.9208759765625,6346776
2016-06-13,8.987781252037195,9.07699000320324,8.697853238689365,8.9654794921875,4989551
2016-06-14,8.965479995632565,9.589941288860702,8.898573000559137,9.567638671875,7305247
2016-06-15,9.589941177009978,9.812963064847418,9.300012294879467,9.500732421875,10553517
2016-06-16,9.500732835036057,9.679150353064902,9.2777109375,9.2777109375,6913606
2016-06-17,9.14389740613042,9.255407922165785,8.65324925263074,8.7424580078125,16718581
2016-06-20,8.920875116604478,9.054688243353544,8.831666365438434,8.9654794921875,4776754
2016-06-21,9.121594844066545,9.500732483803352,9.054688705221038,9.1438974609375,6544443
2016-06-22,9.032385860254754,9.188501606758006,8.965479723098829,9.0546884765625,4783513
2016-06-23,9.010084099830665,9.233105983489839,9.010084099830665,9.0546884765625,3989031
2016-06-24,9.05468943298969,9.05468943298969,8.430228092783505,8.65325,16500400
2016-06-27,8.608644987309644,8.831666878172587,8.407924857591153,8.7870625,3661878
2016-06-28,8.78706315901345,9.0769912109375,8.697854395977778,9.0769912109375,6464983
2016-06-29,9.076990073825293,9.411523321242559,9.076990073825293,9.3669189453125,9526000
2016-06-30,9.433826603128132,9.589942372009714,9.188502923879076,9.2108046875,7746482
2016-07-01,9.121594449755351,9.523033833125888,9.076990073825293,9.3669189453125,12417054
2016-07-04,9.478430580136965,9.8129638671875,9.45612881747159,9.8129638671875,13454828
2016-07-05,10.080589148579268,10.12519352534289,9.701451518146625,9.8352646484375,10750556
2016-07-06,9.612242271817541,9.9913798828125,9.612242271817541,9.9913798828125,9861052
2016-07-07,10.147495232844072,10.214402225582289,10.035984719458583,10.192099609375,9020120
2016-07-08,10.392820425180288,10.4374248046875,10.058287150934348,10.4374248046875,13135612
2016-07-11,10.482028002057758,10.660445499965123,9.9913798828125,9.9913798828125,11697434
2016-07-12,10.147494884558188,10.169797500000001,9.589940625,10.035984375,13716275
2016-07-13,10.1697978515625,10.348215357730263,10.102890858807763,10.1697978515625,13860301
2016-07-14,10.169799006950578,10.192100769813418,9.4784306640625,9.4784306640625,16191677
2016-07-15,9.366918826561605,9.500731952655341,8.965479448280393,9.3446162109375,11930784
2016-07-18,9.366919445717167,9.969078125,9.344616828618856,9.969078125,7710446
2016-07-19,10.035985659246577,10.147496183074116,9.478430472457678,9.768359375,10530685
2016-07-20,9.768357958247917,9.812962332486492,9.2554072265625,9.2554072265625,12864733
2016-07-21,9.366918920012953,9.456127671632125,8.60864453125,8.60864453125,11576751
2016-07-22,8.56403980139016,8.608644175355735,8.095693446809836,8.4971328125,22815699
2016-07-25,8.519435824305999,8.697853328479948,8.095693823951052,8.274111328125,11059279
2016-07-26,8.20720553211564,8.452529182579433,8.006485403660104,8.4079248046875,12384279
2016-07-27,8.4079248046875,8.4079248046875,8.4079248046875,8.4079248046875,0
2016-07-28,8.876271596679688,9.010084736328125,8.764760219030798,8.9208759765625,9998398
2016-07-29,8.809364261144452,8.920875634517767,8.764759882971862,8.7870625,6250732
2016-08-01,8.653249431630291,8.653249431630291,8.363320543350317,8.4302275390625,13770938
2016-08-02,8.229506952081515,8.430227072219026,8.207205192001592,8.274111328125,9770746
2016-08-03,8.274110462303627,8.6755498046875,8.274110462303627,8.6755498046875,5534296
2016-08-04,8.675551192945225,8.675551192945225,8.4302275390625,8.4302275390625,6285629
2016-08-05,8.363320034271668,8.675550664860971,8.34101827431425,8.6309462890625,9607582
2016-08-08,8.65324925263074,8.764759768666105,8.586342258302585,8.7424580078125,5117111
2016-08-09,8.697853743654822,8.876271256345177,8.697853743654822,8.7870625,5991250
2016-08-10,8.764760540312656,9.143898211156127,8.742458777495614,9.0769912109375,12727427
2016-08-11,9.076989844728613,9.322314334093948,9.054688085268284,9.30001171875,9760646
2016-08-12,9.411524614450421,9.433826377538047,9.099293940037375,9.121595703125,10681156
2016-08-15,9.032387154997494,9.2108046875,8.987782771871867,9.2108046875,9170159
2016-08-16,9.233105467385016,9.411522964339316,9.210802852323924,9.2554072265625,7688911
2016-08-17,9.2777109375,9.322315317007211,9.143897798978365,9.2777109375,9140057
2016-08-18,9.30001171875,9.478429217967108,9.255407343945722,9.30001171875,11469468
2016-08-19,9.366919232536766,9.366919232536766,9.09929296875,9.09929296875,8250160
2016-08-22,9.05468865094866,9.121594789393145,8.720155391075224,8.7424580078125,14132359
2016-08-23,8.608644487523321,8.9654794921875,8.608644487523321,8.9654794921875,6750678
2016-08-24,9.099292574374129,9.3446162109375,8.987781208020868,9.3446162109375,9980203
2016-08-25,9.389221900843635,9.567639427281366,9.389221900843635,9.4784306640625,15533637
2016-08-26,9.523033948251076,9.589940940896831,9.389220818843212,9.4338251953125,7912593
2016-08-29,9.478429097755376,9.6122422204711,9.2554072265625,9.2554072265625,10847307
2016-08-30,9.210802933376677,9.6568466796875,9.210802933376677,9.6568466796875,10866720
2016-08-31,9.746056532203593,9.812963529665899,9.567639013482394,9.679150390625,9939647
2016-09-01,9.634546342329546,9.8129638671875,9.567639342565942,9.8129638671875,7359046
2016-09-05,10.147494884558188,10.147494884558188,9.92447300955819,10.035984375,19191507
2016-09-06,10.080589148579268,10.10289090901925,9.8352646484375,9.8352646484375,12162247
2016-09-07,9.768359258655115,9.790661020801506,9.545337357772578,9.746056640625,18260623
2016-09-08,9.746056867423897,9.946777010830965,9.723755104758522,9.8129638671875,7541662
2016-09-09,9.812963755707763,9.902172517123288,9.634546232876714,9.768359375,7527751
2016-09-12,9.634547319312796,9.679151705050355,9.366921004887441,9.411525390625,8574917
2016-09-13,9.478428341904356,9.734903259352837,9.44497527786402,9.7014501953125,9174167
2016-09-14,9.701451054318582,9.723753669575931,9.556486622796662,9.6568466796875,3213295
2016-09-15,9.679150974685333,9.712604047493258,9.53418651800597,9.55648828125,4054776
2016-09-16,9.523033833125888,9.634545200892857,9.3669189453125,9.3669189453125,14894067
2016-09-19,9.36691934698436,9.523034241492262,9.143897457770446,9.16619921875,8783352
2016-09-20,9.143897065662202,9.3669189453125,8.954328253988539,9.3669189453125,7169513
2016-09-21,9.36691991734996,9.489581749915756,9.255408538011071,9.3892216796875,4223010
2016-09-22,9.456127338577891,9.456127338577891,9.2554072265625,9.2554072265625,3781107
2016-09-23,9.210802852323924,9.300011600801076,9.143896718907866,9.2554072265625,4418280
2016-09-26,9.255407974435565,9.322314969141578,9.155047910318384,9.16619921875,3734382
2016-09-27,9.177350582635688,9.244256721862305,9.143897513022381,9.19965234375,5755188
2016-09-28,9.277709841623592,9.300011600801076,9.19965154479338,9.2554072265625,4967780
2016-09-29,9.255407577545531,9.43382508126577,9.255407577545531,9.3669189453125,6854188
2016-09-30,9.333465021452225,9.467278149242404,9.277710193452382,9.3669189453125,4931901
2016-10-03,9.300012355499472,9.366919350228658,9.099293083079269,9.1438974609375,4049314
2016-10-04,9.14389764342645,9.188502022174875,8.720155617374598,8.8316669921875,9814131
2016-10-05,8.853968520775808,8.943177275926615,8.75360845726023,8.764759765625,4283489
2016-10-06,8.798212486528008,8.865119478184209,8.564040155440415,8.60864453125,6450207
2016-10-07,8.675550664860971,8.6867019727815,8.396773102149613,8.6309462890625,8008912
2016-10-10,8.675551741610493,8.697854360219596,8.251810546875,8.251810546875,5660284
2016-10-11,8.296414948453608,8.675551762779776,8.117997422680412,8.65325,8344750
2016-10-12,8.697852984342797,8.697852984342797,8.485981564606355,8.5082841796875,4155457
2016-10-13,8.430227652138157,8.67555130931144,8.363320655528543,8.47483203125,3466765
2016-10-14,8.430227652138157,8.69785392680921,8.430227652138157,8.47483203125,3346671
2016-10-17,8.452529413752229,8.564040789473683,8.441378105003343,8.47483203125,3358224
2016-10-18,8.474832197432082,8.575191410488884,8.407925199510496,8.5528896484375,2131743
2016-10-19,8.630945730318658,8.831665836359528,8.608643971804995,8.77591015625,6007794
2016-10-20,8.831666646634616,8.987781538204002,8.697853515625,8.697853515625,3803192
2016-10-21,9.032386152007398,9.032386152007398,8.7870625,8.7870625,5296702
2016-10-24,8.809364146256986,8.909724209807383,8.720155391075224,8.7424580078125,4636933
2016-10-25,8.720154743540332,8.83166610717884,8.474831112949392,8.5082841796875,6306535
2016-10-26,8.508284237721213,8.630946053853343,8.407924180938739,8.5417373046875,3636059
2016-10-27,8.56404015330661,8.642097596983026,8.497133161667083,8.6309462890625,3099999
2016-10-28,8.65324863575691,8.998932323472172,8.630946020609544,8.8762705078125,8977522
2016-10-31,9.05469004289418,9.110444881541017,8.920876889550915,8.93202734375,6569712
2016-11-01,8.920876303566953,9.0769912109375,8.887422375515765,9.0769912109375,5904480
2016-11-02,9.03238614859109,9.121594904902528,8.8093642578125,8.8093642578125,7026115
2016-11-03,8.76475982120224,8.798212890625,8.664399757050282,8.798212890625,7444125
2016-11-04,8.809365500489626,8.976631728197756,8.809365500489626,8.93202734375,7225119
2016-11-07,9.032386635217026,9.444977369356945,8.943177874099407,9.3892216796875,12928160
2016-11-08,9.478429457195828,9.523033833125888,9.3669189453125,9.3669189453125,6734330
2016-11-09,9.30001195347559,9.3669189453125,8.876270810081845,9.3669189453125,20843347
2016-11-10,9.567638671875,9.701451806138174,9.511882985294424,9.567638671875,10660760
2016-11-11,9.500732648982558,9.768358920784884,9.489581340353205,9.58994140625,5085280
2016-11-14,9.589941119025736,9.902171760110294,9.545336741727942,9.8575673828125,14242118
2016-11-15,9.8575673828125,9.94677613740809,9.824113457926405,9.8575673828125,7998655
2016-11-16,9.902172629616478,9.924474392281851,9.801812557912942,9.8129638671875,5637609
2016-11-17,9.7237547703053,9.835265291564191,9.634546010944701,9.679150390625,7220560
2016-11-18,9.679149925469932,9.913322265625,9.667998617114833,9.913322265625,7074727
2016-11-21,10.02483380186588,10.3593662109375,9.991380732135454,10.3593662109375,10795316
2016-11-22,10.437424458953632,10.470877528504998,10.259006946834766,10.3259130859375,7160671
2016-11-23,10.281308762938613,10.392820136551611,10.19210000640169,10.3593662109375,5773894
2016-11-24,10.359366768528576,10.660446979959046,10.359366768528576,10.582388671875,8983495
2016-11-25,10.593540043774903,10.671597496437673,10.437425138449367,10.57123828125,5405596
2016-11-28,10.626992363180872,10.626992363180872,10.259006888442958,10.31476171875,6407805
2016-11-29,10.314761152158031,10.537783028786587,10.259006324913614,10.4597255859375,7381367
2016-11-30,10.482029220518262,10.8388642578125,10.370517843421956,10.8388642578125,8022745
2016-12-01,10.838864369877049,10.961526201244233,10.816561751873712,10.88346875,7352129
2016-12-02,10.86116465443597,11.061884765625,10.749654147240422,11.061884765625,6082656
2016-12-05,11.06188615196953,11.117640984613043,10.861166015625,10.861166015625,5996751
2016-12-06,10.861166183515323,10.861166183515323,10.1251943359375,10.1251943359375,13220928
2016-12-07,10.147495464126779,10.37051735186455,10.125193703294837,10.2590068359375,8926002
2016-12-08,10.392820195327204,10.459726335166435,10.303611438285769,10.370517578125,3424598
2016-12-09,10.35936609652584,10.415121782716556,10.20325120225224,10.31476171875,4341610
2016-12-12,10.314762700568894,10.39282101101941,10.259007864954784,10.2924609375,6157479
2016-12-13,10.325913089205075,10.34821570616883,10.192099955073582,10.303611328125,6035145
2016-12-14,10.303611376953127,10.783108229225695,10.270157451348956,10.70505078125,5622794
2016-12-15,10.705051007231404,10.816561527281547,10.59353963129756,10.794259765625,4731679
2016-12-16,10.794259135841838,11.028431471049633,10.794259135841838,10.928072265625,19662411
2016-12-19,10.928072265625,11.084187155763532,10.838863512436225,10.928072265625,4691989
2016-12-20,10.88346771200801,10.950373847869518,10.827712028200994,10.8946181640625,4031355
2016-12-21,10.928072653830588,11.55253309245151,10.905770036799295,11.485626953125,9812794
2016-12-22,11.530231448875014,11.664044584776176,11.30720955570641,11.5079296875,5315172
2016-12-23,11.530232200583367,11.552533963412333,11.374117293129348,11.4410234375,4381694
2016-12-26,11.59713758173121,11.686346338943634,11.48562706315753,11.552533203125,9315521
2016-12-27,11.530230628213092,11.530230628213092,11.151093864753294,11.218,8498915
2016-12-28,11.240303415697674,11.574835827508736,11.240303415697674,11.5079296875,4527253
2016-12-29,11.507929683944376,11.708648959792257,11.507929683944376,11.5302314453125,4626322
2016-12-30,11.262604722892526,11.507929223426785,11.262604722892526,11.3518134765625,5777981
2017-01-03,11.374117293129348,11.57483658212505,11.329512911587665,11.4410234375,2119954
2017-01-04,11.441022574946098,11.485626953125,11.374116435619591,11.485626953125,3594247
2017-01-05,11.53023137933242,11.909368167490504,11.53023137933242,11.88706640625,9710149
2017-01-06,12.043180889562977,12.087785266397967,11.218000346057536,11.3518134765625,13502496
2017-01-09,11.307208984375,11.441022113514844,11.173395855235157,11.307208984375,6793669
2017-01-10,11.307209217048976,11.441022348942358,11.307209217048976,11.3741162109375,6002489
2017-01-11,11.374116544583849,11.552533203125,11.173396412914052,11.552533203125,4388021
2017-01-12,11.485625859518526,11.597136366406435,11.374115352630616,11.4187197265625,2802162
2017-01-13,11.329511484011276,11.418720235853884,11.2626044921875,11.2626044921875,4173102
2017-01-16,11.240304241187538,11.284908623097012,10.660447276364371,11.0841884765625,8382240
2017-01-17,11.061885624513435,11.061885624513435,10.79425935940424,11.0395830078125,5116522
2017-01-18,10.994977687251716,11.061884675732218,10.6604453125,10.6604453125,3181463
2017-01-19,10.660446930448888,10.78310876274881,10.504331170889571,10.5266337890625,3723379
2017-01-20,10.526633596229066,10.994979154560115,10.526633596229066,10.861166015625,3316530
2017-01-23,10.928073013034412,11.01728177232449,10.861166015625,10.861166015625,2829631
2017-01-24,10.861165384465972,10.994978515625,10.861165384465972,10.994978515625,2406434
2017-01-25,11.039584094653026,11.0841884765625,10.950375330834076,11.0841884765625,1640325
2017-01-26,11.0841884765625,11.0841884765625,11.0841884765625,11.0841884765625,0
2017-02-03,11.017281016255373,11.061885392839402,10.9503740234375,10.9503740234375,4553425
2017-02-06,10.95037511591611,10.994979496950155,10.905770734882065,10.972677734375,4919876
2017-02-07,11.028431525251106,11.084187210239026,10.972676696146841,10.9838271484375,4700634
2017-02-08,11.08418726973102,11.117640338549862,10.994978515625,10.994978515625,3556481
2017-02-09,11.039583683810855,11.44102310605641,10.99497930356135,11.284908203125,9071207
2017-02-10,11.351813128379774,11.441021879313537,11.1956982421875,11.1956982421875,4458325
2017-02-13,11.262603989859102,11.4187197265625,11.217999615927218,11.4187197265625,5507455
2017-02-14,11.4633251953125,11.61944009104223,11.418720817120624,11.4633251953125,6022963
2017-02-15,11.530231103537947,11.530231103537947,11.329511833639707,11.3741162109375,4692028
2017-02-16,11.374116445006623,11.374116445006623,11.0953388671875,11.0953388671875,10947870
2017-02-17,11.050735404101333,11.0841884765625,10.838864804002268,11.0841884765625,11177683
2017-02-20,10.883467889030614,11.061885395408165,10.794259135841838,10.928072265625,6490566
2017-02-21,10.950373285130699,11.084186405860708,10.861164537977357,11.0172802734375,3716030
2017-02-22,10.972677167077281,11.017281545805238,10.727352656131673,10.7496552734375,8985735
2017-02-23,10.727352365558104,10.794259359779566,10.526633094661065,10.6715966796875,6493907
2017-02-24,10.682747364343998,10.816560489090792,10.66044560482801,10.783107421875,5015959
2017-02-27,10.9766812767802,10.9766812767802,10.794495695422853,10.8286552734375,2624340
2017-02-28,10.828654989132483,10.976680988588779,10.7603349609375,10.7603349609375,2770409
2017-03-01,10.692014252751182,10.908359375,10.543988274808614,10.908359375,3561394
2017-03-02,10.931133005741598,10.976679393265522,10.77172021242823,10.908359375,2096847
2017-03-03,10.794495313531186,10.896974043949596,10.737562102881364,10.7717216796875,2711502
2017-03-06,10.77172169382552,10.77172169382552,10.566763358760296,10.68062890625,3574283
2017-03-07,10.657855070096597,10.81726699527651,10.657855070096597,10.783107421875,2834858
2017-03-08,10.805880179489572,10.840040626850385,10.726174216899615,10.783107421875,1904917
2017-03-09,10.783108496609342,10.81726807341548,10.72617528595952,10.7717216796875,2290506
2017-03-10,10.77172177796323,10.794495412014692,10.680628989676187,10.7603349609375,3715205
2017-03-13,10.748948457757901,10.748948457757901,10.5439892578125,10.5439892578125,5256697
2017-03-14,10.589535168173331,10.612308800002781,10.395962793460276,10.407349609375,4400243
2017-03-15,10.407349706646151,10.4187365226673,10.179617756019764,10.395962890625,7428445
2017-03-16,10.475670416552946,10.555376386015135,10.4301240234375,10.4301240234375,4498801
2017-03-17,10.498443956302538,10.498443956302538,10.418737980917152,10.4415107421875,6271049
2017-03-20,10.475670557435327,10.908360860871438,10.43012416370735,10.7717216796875,5034036
2017-03-21,10.81726718381561,10.999452743744792,10.81726718381561,10.8514267578125,5739705
2017-03-22,10.862813880940454,10.862813880940454,10.714787890822773,10.7375615234375,3472070
2017-03-23,10.771720215662599,10.817266603200197,10.6806274405874,10.726173828125,3127272
2017-03-24,10.726175175296417,10.999453534844854,10.680628782038346,10.874201171875,4967505
2017-03-27,10.874201158905004,10.988066704934683,10.85142752532344,10.9652939453125,4474122
2017-03-28,10.965293347604236,11.261344450311428,10.965293347604236,11.1133193359375,10240864
2017-03-29,11.181638970306665,11.261344939037805,11.113319818239795,11.1588662109375,5646019
2017-03-30,11.181638759335227,11.454917110365326,11.147479183946304,11.2613447265625,8729553
2017-03-31,11.34105245193868,11.477691638106617,11.204413265770745,11.272732421875,7522131
2017-04-03,11.2727323233873,11.386598747845465,11.204413167879936,11.284119140625,5574537
2017-04-04,11.363824182419078,11.7281953125,11.284118216203712,11.7281953125,14604207
2017-04-05,11.728195633996723,11.728195633996723,11.500463671453492,11.5232373046875,7157134
2017-04-07,11.432144386569929,11.819288281406363,11.432144386569929,11.7965146484375,10916353
2017-04-10,11.910380568974858,11.933153327035264,11.750968640674058,11.842060546875,7942106
2017-04-11,11.864834486280346,11.910380877540462,11.7281953125,11.7281953125,7395082
2017-04-12,11.705423615053176,11.728196375768121,11.158866870381432,11.272732421875,16468529
2017-04-13,11.204411715736056,11.432143661177847,11.204411715736056,11.2385712890625,5081311
2017-04-14,11.204411909562921,11.341051079191736,10.999452718140038,11.2157978515625,8043533
2017-04-17,11.215798084436615,11.295504923844538,10.828654199429677,10.840041015625,9769685
2017-04-18,10.840041485671682,10.9766806640625,10.7489487000778,10.9766806640625,4342711
2017-04-19,10.976680833171958,11.181639166936138,10.93113443967332,11.1360927734375,2262644
2017-04-20,11.158865439958484,11.181638197754255,10.95390625,10.95390625,2114570
2017-04-21,10.908359471721765,11.033611820033316,10.885586714737517,10.89697265625,2722388
2017-04-24,10.862813989884469,10.862813989884469,10.63508203125,10.63508203125,3788063
2017-04-25,10.635081828066015,10.7489482421875,10.635081828066015,10.7489482421875,1974395
2017-04-26,10.748947550954203,10.988065432105545,10.726173920010675,10.89697265625,1806161
2017-04-27,10.953906148161016,11.067772557959177,10.919746574805288,11.0563857421875,2388003
2017-04-28,11.0563857421875,11.0563857421875,11.0563857421875,11.0563857421875,0
2017-05-03,10.862813083793991,10.976679490593062,10.748947550954203,10.89697265625,3258998
2017-05-04,10.908359663409371,11.0677724609375,10.908359663409371,11.0677724609375,2963754
2017-05-05,11.295505658585892,11.500463993636986,11.295505658585892,11.3068916015625,6616437
2017-05-08,11.295504689315464,11.352437021191315,11.136091887768853,11.2157978515625,3866422
2017-05-09,11.158865230421306,11.261343949516927,11.11331884172571,11.2499580078125,3839386
2017-05-10,11.295504493912773,11.341050883001131,11.227184473300584,11.2385712890625,3371311
2017-05-11,11.238572179668639,11.341051781728316,11.1588662109375,11.1588662109375,3631501
2017-05-12,11.272732421875,11.329665634601497,11.215799209148505,11.272732421875,6284489
2017-05-15,11.363824326688627,11.363824326688627,11.238571967623004,11.2613447265625,5160339
2017-05-16,11.238571403182647,11.249958219060186,10.95390625,10.95390625,10144506
2017-05-17,10.931133780991734,11.113319344008262,10.862813757880868,11.0222265625,1968107
2017-05-18,10.9994541015625,11.05638731455827,10.88558854953039,10.9994541015625,4654734
2017-05-19,11.0336123046875,11.044999120659432,10.896973134902273,11.0336123046875,4091166
2017-05-22,11.101933170202194,11.363824713702007,11.09054635336497,11.3182783203125,10309400
2017-05-23,11.454915822785996,11.52323583984375,11.352436234178994,11.3865966796875,6708708
2017-05-24,11.432144206288923,11.750968945109731,11.363824182419078,11.7281953125,12232276
2017-05-25,11.842060872301857,11.842060872301857,11.523237006938785,11.546009765625,9786151
2017-05-26,11.59155564837451,11.887606742062054,11.568782890687457,11.864833984375,15456221
2017-05-29,12.6932099609375,12.6932099609375,12.553723426498715,12.6932099609375,12717299
2017-05-30,12.693209704026701,12.75298852248566,12.195045891860692,12.2348984375,13320059
2017-05-31,12.214971456929977,13.0718125,12.214971456929977,13.0718125,11982275
2017-06-01,13.071812806484273,13.131592496840465,12.852621191151103,12.892474609375,6850533
2017-06-02,12.872548649542782,12.872548649542782,12.593577318145043,12.7529892578125,5917965
2017-06-05,12.792841981978071,13.05188702527872,12.75298856225515,12.9124013671875,6577650
2017-06-06,12.872548486097816,13.310932625556157,12.852622212382236,13.271080078125,9159352
2017-06-07,13.310932443272847,13.510197799577961,13.1515205078125,13.1515205078125,10616691
2017-06-08,13.151520227901843,13.211299920916993,12.892475182822647,12.992107421875,8141699
2017-06-09,12.992108041273069,13.05188773713821,12.7529892578125,12.7529892578125,9419458
2017-06-12,12.752988812134287,12.752988812134287,12.294678409157676,12.3943115234375,12224416
2017-06-13,12.414237585284097,12.633430083382923,12.394311312351235,12.573650390625,4679122
2017-06-14,12.59357675213412,12.713136138490878,12.553723332028753,12.6533564453125,3762093
2017-06-15,12.653356756611407,12.71313645126049,12.454091399100916,12.51387109375,5640793
2017-06-16,12.513870602219441,12.613502840081562,12.474017182698994,12.533796875,5165560
2017-06-19,12.613503592113629,12.7529892578125,12.573651044176456,12.7529892578125,5328252
2017-06-20,12.7529886846369,12.832695524847637,12.6533564453125,12.6533564453125,4852750
2017-06-21,12.673282232116897,12.673282232116897,12.513870305730686,12.6334296875,4666614
2017-06-22,12.633429575817933,13.071812806484273,12.593576157594038,12.892474609375,7437551
2017-06-23,12.892474609375,13.012033990087383,12.832694919018808,12.892474609375,4250327
2017-06-26,12.892475094305707,13.012034479515135,12.892475094305707,12.9124013671875,5459035
2017-06-27,12.992108050342484,12.992108050342484,12.71313671875,12.71313671875,5681460
2017-06-28,12.673282813755186,12.772915927788697,12.653356540532224,12.6932099609375,3315132
2017-06-29,12.693210444767505,12.79284268863937,12.613503600918751,12.71313671875,3855509
2017-06-30,12.673282596768644,12.952254786910421,12.673282596768644,12.9124013671875,5931102
2017-07-03,12.952255719301533,13.510198391830906,12.952255719301533,13.21130078125,10081995
2017-07-04,13.271080299243923,13.35078626939365,13.071814062930526,13.0917412109375,5737263
2017-07-05,13.09174161199596,13.15152130992942,12.932328792853594,13.0319619140625,5229132
2017-07-06,13.012035231837345,13.231226868088164,12.99210808384408,13.13159375,4513308
2017-07-07,13.251152375974653,13.251152375974653,12.9124013671875,12.9124013671875,4732499
2017-07-10,12.752988195310001,12.932327267963972,12.553722850347583,12.6334296875,14572331
2017-07-11,12.633430172239489,12.733062411563889,12.294678286242226,12.6533564453125,14131074
2017-07-12,12.653356356315783,12.713136049073704,12.454091005109156,12.573650390625,6413341
2017-07-13,12.573650390625,12.573650390625,12.573650390625,12.573650390625,0
2017-07-14,12.613503422137564,12.772916233616202,12.5935771484375,12.5935771484375,8307962
2017-07-17,12.613503881703858,12.613503881703858,12.195046875,12.195046875,11509580
2017-07-18,12.075486628645416,12.175118867706487,11.876221276563928,11.975853515625,8496972
2017-07-19,12.115339302104363,12.155192722523541,11.676956047290176,11.71680859375,11191291
2017-07-20,11.676954975940859,12.035632230967753,11.617175287776497,11.936,8843668
2017-07-21,11.995780878057293,12.095413118907828,11.7965146484375,11.7965146484375,4826162
2017-07-24,11.796514962150813,11.796514962150813,11.6171767490587,11.657029296875,4499475
2017-07-25,11.676956134208726,11.896147763247397,11.657028986871133,11.7965146484375,4497499
2017-07-26,11.91607343602328,12.115338781640201,11.836367472568377,11.9957802734375,6384552
2017-07-27,12.035632230967753,12.035632230967753,11.85629316647467,11.936,5265780
2017-07-28,11.91607343602328,12.19504561905442,11.91607343602328,11.9957802734375,7852872
2017-07-31,11.358131569745034,11.557396928552567,11.1588662109375,11.1588662109375,36538245
2017-08-01,10.959598825621876,11.358130375285382,10.800186904923898,11.079158203125,13477092
2017-08-02,10.999453163753582,10.999453163753582,10.6607021484375,10.6607021484375,18062125
2017-08-03,10.680628204208753,11.019379212626689,10.680628204208753,10.8798935546875,9543863
2017-08-04,10.959600677673576,11.059233800416171,10.879894703855156,10.9994541015625,4905274
2017-08-07,10.999454596173269,11.059234297715046,10.939674894631493,10.9795283203125,5834384
2017-08-08,10.999453794104857,11.238572582835678,10.97952751969709,11.0990869140625,9266983
2017-08-09,11.019380068512625,11.178792885652971,10.919747822514385,11.0990869140625,7939978
2017-08-10,11.039306052515366,11.119012015698898,10.999452633943946,11.01937890625,2805115
2017-08-11,10.99945224277601,11.178791309030697,10.959598825621876,11.079158203125,4768698
2017-08-14,11.079158669656884,11.3979833984375,11.079158669656884,11.3979833984375,8170554
2017-08-15,11.517542878442335,11.517542878442335,11.358130949682664,11.4378369140625,6184538
2017-08-16,11.47769012759452,11.637102053498122,11.41791043689084,11.61717578125,9962014
2017-08-17,11.61717680004344,11.63710307403904,11.258498624366311,11.3182783203125,10186796
2017-08-18,11.238571471026852,11.3979833984375,11.218644324631033,11.3979833984375,5067383
2017-08-21,11.358131742263087,11.477691134155462,11.3182783203125,11.3182783203125,3601152
2017-08-22,11.358130853564496,11.497616508538643,11.338203707168677,11.3979833984375,7433576
2017-08-23,11.397984560459264,11.517543955185962,11.378058285991285,11.47769140625,542440866
2017-08-24,11.477691396410702,11.577323642624602,11.477691396410702,11.5175439453125,514364337
2017-08-25,11.557396572784924,11.6371025390625,11.517543152666464,11.6371025390625,4099267
2017-08-28,11.676956320842198,11.896147953384219,11.61717662579267,11.8762216796875,6975680
2017-08-29,11.856294254278094,11.916073947927181,11.71680859375,11.71680859375,8060701
2017-08-30,11.716808294724476,11.876221098373447,11.676955749281731,11.81644140625,3444051
2017-08-31,11.816442465510107,12.055561255439198,11.816442465510107,11.8961484375,9352652
2017-09-01,11.936001860474653,11.955928134982274,11.816442465510107,11.8961484375,3291710
2017-09-04,11.8961484375,11.8961484375,11.8961484375,11.8961484375,0
2017-09-05,11.89614737109482,11.89614737109482,11.776587986847924,11.81644140625,4000237
2017-09-06,11.796513676284716,11.81644082198011,11.69688144364489,11.7566611328125,5184939
2017-09-07,11.75666215147401,11.796514698399271,11.378057711927879,11.4179111328125,11720956
2017-09-08,11.4179111328125,11.4179111328125,11.31827801758063,11.4179111328125,4315359
2017-09-11,11.417911256296934,11.457763803653197,11.19871875,11.19871875,3487727
2017-09-12,11.258498135084643,11.39798379491073,11.198718441736414,11.3382041015625,3849199
2017-09-13,11.397984560459264,11.47769140625,11.358132011523304,11.47769140625,5121389
2017-09-14,11.5175439453125,11.696883037248806,11.497617670861603,11.5175439453125,4601290
2017-09-15,11.51754372400959,11.736736234595442,11.497617449941565,11.6968828125,4797823
2017-09-18,11.736735828302793,11.896147763247397,11.736735828302793,11.7965146484375,5593254
2017-09-19,11.896147763247397,11.896147763247397,11.75666210168103,11.7965146484375,6700798
2017-09-20,11.796515056799525,11.836368478894967,11.676956538431973,11.6968828125,5050182
2017-09-21,11.716809086568027,11.796515056799525,11.676956538431973,11.6968828125,3137798
2017-09-22,11.716809321743987,11.736736470171374,11.47769140625,11.47769140625,9072897
2017-09-25,11.477690635347933,11.477690635347933,11.298351555303245,11.3382041015625,4693269
2017-09-26,11.358130173500472,11.5573955078125,11.27842334060825,11.5573955078125,3579325
2017-09-27,11.59724874468047,11.617175891076288,11.3979833984375,11.3979833984375,2481594
2017-09-28,11.397985364246368,11.497618491531222,11.338205662667349,11.3581328125,2766760
2017-09-29,11.358130853564496,11.417910544833319,11.278424015899855,11.3979833984375,3850299
2017-10-02,11.437837712204875,11.517543682146664,11.3182783203125,11.3182783203125,2966168
2017-10-03,11.298350979363425,11.338203523591174,11.119011908460648,11.2385712890625,3860584
2017-10-04,11.258498135084643,11.3382041015625,11.218644714866041,11.3382041015625,1555448
2017-10-05,11.358131062752452,11.358131062752452,11.21864453125,11.21864453125,2525989
2017-10-06,11.178791985643015,11.278424223619814,11.178791985643015,11.21864453125,2185963
2017-10-09,11.218644142989323,11.358130669664352,11.198717870875447,11.2385712890625,3059068
2017-10-10,11.278423814615289,11.676955373948005,11.238571270453528,11.577322265625,9007977
2017-10-11,11.676955681161333,11.676955681161333,11.397983494892918,11.4378369140625,3042630
2017-10-12,11.397983802170948,11.477690642658922,11.27842441539833,11.2983515625,5365282
2017-10-13,11.2784248046875,11.39798419558686,11.19871883540772,11.2784248046875,4303682
2017-10-16,11.218645032016324,11.33820442209272,11.119012789592244,11.1588662109375,8864327
2017-10-17,11.158867015888376,11.218645841279379,10.999454192967397,11.0393076171875,5623636
2017-10-18,11.0393063594461,11.11901232484573,10.74040789674831,10.8798935546875,9441308
2017-10-19,10.879894132411133,10.979527249920706,10.879894132411133,10.939673828125,3700721
2017-10-20,10.959600910004022,10.979528059350631,10.780262683600679,10.820115234375,2559897
2017-10-23,10.800188204463712,10.840041626413235,10.580995694680407,10.640775390625,3734000
2017-10-24,10.640776117630681,10.680629542303096,10.321951342129701,10.4415107421875,5773462
2017-10-25,10.44150962042773,10.44150962042773,9.923419525143396,9.98319921875,14575362
2017-10-26,10.1226844792987,10.361803244279116,9.923419133134791,10.042978515625,7940854
2017-10-27,10.202392780933806,10.202392780933806,9.365476983408318,9.6843017578125,13137201
2017-10-30,9.684299811265658,9.684299811265658,9.006797848059499,9.046650390625,14186854
2017-10-31,9.04665019820446,9.425254588279461,8.70789922380655,9.2259892578125,8387343
2017-11-01,9.206063903746928,9.26584359623615,8.767679783479075,8.807533203125,9145789
2017-11-02,8.727827681173475,8.907165893792339,8.289443538635338,8.4090029296875,9798805
2017-11-03,8.369149249653118,8.986872459699777,8.349222976412694,8.9669453125,13577537
2017-11-06,9.04665076999259,9.485034874311408,9.006798225755889,9.28576953125,8646798
2017-11-07,9.28576953125,9.425255183997056,8.927092263323187,9.28576953125,6555508
2017-11-08,9.166211196697809,9.3654765625,9.086505225168814,9.3654765625,6559910
2017-11-09,9.36547620963276,9.36547620963276,9.0865048828125,9.0865048828125,10418114
2017-11-10,9.086504968224892,9.265844054563418,9.046651546607649,9.1662109375,6672750
2017-11-13,9.166211757498523,9.245918607863489,8.947020103893504,9.0067998046875,7030472
2017-11-14,9.046651598267399,9.524889164567718,9.006799050381963,9.504962890625,10744824
2017-11-15,9.52488846487404,9.74408008402039,9.385402809602791,9.7042275390625,8506718
2017-11-16,9.68430069290907,9.744080386158835,9.564742180368887,9.6045947265625,5390343
2017-11-17,9.604593451390258,9.644446866252002,9.365474710138256,9.405328125,7671361
2017-11-20,9.445181733097632,9.485034274815476,9.166209571276488,9.2259892578125,7516730
2017-11-21,9.285769934186888,9.325623354112249,9.12635800240413,9.1861376953125,7625462
2017-11-22,9.285770196632933,9.425255859375,9.186137954942613,9.425255859375,4518495
2017-11-23,9.50496202038906,9.50496202038906,9.225989840935648,9.28576953125,6417607
2017-11-24,9.166210150621295,9.405328911878705,9.166210150621295,9.28576953125,5167401
2017-11-27,9.365475960545988,9.5647421875,9.345549687434326,9.5647421875,8570268
2017-11-28,9.644448460585728,9.684301008076309,9.44518310125471,9.465109375,5058782
2017-11-29,9.485035466137875,9.485035466137875,9.3455498046875,9.3455498046875,6049826
2017-11-30,9.365476736320321,9.704228651034636,9.365476736320321,9.4850361328125,10605530
2017-12-01,9.524888767317329,9.624521880794335,9.445182800911333,9.5647421875,5910824
2017-12-04,9.724154519460477,10.222318359375,9.564742580105083,10.222318359375,18357666
2017-12-05,10.401656663095624,10.541142318014428,10.042978515625,10.042978515625,16441801
2017-12-06,10.003124984626535,10.421582818649387,9.903492749641584,10.3020234375,12677283
2017-12-07,10.441509906963512,10.50128960221059,10.06290546171848,10.1426123046875,7389159
2017-12-08,10.122685283877058,10.142612431848832,9.883567373850221,9.923419921875,10286074
2017-12-11,9.764008168063786,9.84371413959278,9.3654765625,9.3654765625,8240055
2017-12-12,9.365474710138256,9.564740910487744,8.887238101593484,9.405328125,8919052
2017-12-13,9.56474258641254,9.644448556142798,9.44518319483746,9.504962890625,2971827
2017-12-14,9.465108979179677,9.524888671875,9.365475866701024,9.524888671875,3592102
2017-12-15,9.485034662707736,9.7640068359375,9.485034662707736,9.7640068359375,6851903
2017-12-18,9.843713772821786,9.983199436290224,9.783934077912543,9.8038603515625,4987822
2017-12-19,9.88356719408107,10.062905404849424,9.74408065665326,9.8038603515625,6058965
2017-12-20,9.803861157458998,9.883568006529625,9.644449207236628,9.6843017578125,5921603
2017-12-21,9.6843017578125,9.883568006529625,9.6843017578125,9.6843017578125,5179056
2017-12-22,9.724153931161725,9.764007350569184,9.4451826171875,9.4451826171875,6326167
2017-12-25,9.504963281534144,9.54481583105859,9.405330159804187,9.4850361328125,2909871
2017-12-26,9.52488837500173,9.68430030124779,9.405328993337529,9.624521484375,3774241
2017-12-27,9.5647421875,9.724154120311994,9.544815040428992,9.5647421875,2687940
2017-12-28,9.68430069290907,9.68430069290907,9.544815033312734,9.6045947265625,3034928
2017-12-29,9.564741497321545,9.943345902879644,9.485034662707736,9.7640068359375,9706825
2018-01-01,9.7640068359375,9.7640068359375,9.7640068359375,9.7640068359375,0
2018-01-02,9.883566801912249,9.923419347630858,9.783933689697054,9.823787109375,4236113
2018-01-03,9.883567640435738,10.14261270542147,9.863640491926475,10.0828330078125,11145054
2018-01-04,10.162538756522597,10.302024423223449,10.08283278611631,10.262171875,8444987
2018-01-05,10.26217100817682,10.282097280605417,9.9632725519513,10.042978515625,8729637
2018-01-08,9.923420189535445,10.122685556912208,9.764008245217799,10.0828330078125,7815752
2018-01-09,10.062905381503379,10.78026171875,10.062905381503379,10.78026171875,23353258
2018-01-10,10.999454596173269,11.278425954061914,10.7802629398264,10.9795283203125,18715095
2018-01-11,10.959601170492261,11.119013999256822,10.680629812603616,10.9795283203125,12138972
2018-01-12,10.9197470703125,11.238571808671692,10.760334264153231,10.9197470703125,13876245
2018-01-15,10.879893883687245,11.45776367973776,10.760334494992746,11.4179111328125,16336596
2018-01-16,11.358131194801306,11.417910887866114,10.9197470703125,10.9197470703125,15484127
2018-01-17,10.760334135477587,10.840040974583733,10.1625380859375,10.1625380859375,24130522
2018-01-18,9.82378707859405,10.1625380859375,9.684300547137962,10.1625380859375,15114280
2018-01-19,10.242244538947395,10.401657350793572,10.142612296257987,10.18246484375,9050576
2018-01-22,10.18246484375,10.18246484375,10.18246484375,10.18246484375,0
2018-01-23,10.18246484375,10.18246484375,10.18246484375,10.18246484375,0
2018-01-24,10.18246484375,10.18246484375,10.18246484375,10.18246484375,0
2018-01-25,10.341876971850521,10.401656663095624,10.023052243196403,10.042978515625,15477930
2018-01-26,10.082832609440421,10.282097968944223,10.042979187955913,10.1426123046875,6718605
2018-01-29,10.162539391358933,10.481364166859914,10.162539391358933,10.4415107421875,9427093
2018-01-30,10.44150967820087,10.481363098812233,10.162538355799397,10.3618037109375,8324287
2018-01-31,10.321950384611693,10.640775130536825,10.042979059661963,10.4016572265625,12876376
2018-02-01,10.481363416297052,10.481363416297052,10.202392085445423,10.222318359375,4605983
2018-02-02,10.302024907861616,10.361804606968397,10.142612959549822,10.2820986328125,2476608
2018-02-05,10.10275855318966,10.162538246483996,9.5647421875,9.5647421875,8054795
2018-02-06,8.94701955650322,9.564742802261595,8.90716613375902,9.3654765625,13406693
2018-02-07,9.60459530316144,9.923420061647287,9.564742754575336,9.664375,3823397
2018-02-08,9.644449020477264,9.644449020477264,9.14628515625,9.14628515625,6160578
2018-02-09,8.907166678711018,9.046652355910528,8.727828450288486,9.0067998046875,5023347
2018-02-12,9.1662109375,9.345550023838527,9.06657869439596,9.1662109375,3245272
2018-02-13,9.345549505648517,9.524888582043088,9.305696960200386,9.4451826171875,4116356
2018-02-14,9.4451826171875,9.4451826171875,9.4451826171875,9.4451826171875,0
2018-02-15,9.4451826171875,9.4451826171875,9.4451826171875,9.4451826171875,0
2018-02-16,9.4451826171875,9.4451826171875,9.4451826171875,9.4451826171875,0
2018-02-19,9.4451826171875,9.4451826171875,9.4451826171875,9.4451826171875,0
2018-02-20,9.4451826171875,9.4451826171875,9.4451826171875,9.4451826171875,0
2018-02-21,9.564742275051907,9.724154209323094,9.405329466821364,9.6444482421875,5437186
2018-02-22,9.54481482594594,10.003125214930837,9.465108861331027,9.78393359375,12032149
2018-02-23,9.943346168011148,10.361803128074694,9.943346168011148,10.3020234375,10447127
2018-02-26,10.321950645879113,10.481363459856391,9.923419921875,9.923419921875,7912043
2018-02-27,9.883566795242693,10.003125306277179,9.664374298100912,9.8636396484375,4621432
2018-02-28,9.8636396484375,9.8636396484375,9.8636396484375,9.8636396484375,0
2018-03-01,9.684301137888777,10.082832735852277,9.584668893867441,9.923419921875,4738068
2018-03-02,9.764007804262587,9.923419741380984,9.74408065665326,9.8038603515625,3926312
2018-03-05,9.764008178243113,9.764008178243113,9.305697749024327,9.3256240234375,10686798
2018-03-06,9.405329634807138,9.8038603515625,9.166210855170172,9.8038603515625,5988993
2018-03-07,9.724154559872943,10.162538705861223,9.684301137888777,9.923419921875,6566759
2018-03-08,9.903492485572741,10.1426112414956,9.7640068359375,9.7640068359375,3885285
2018-03-09,9.823788306706376,9.84371458199431,9.644449207236628,9.6843017578125,5084000
2018-03-12,9.644448372472073,9.684300919598552,9.365476172789895,9.3854033203125,7224019
2018-03-13,9.365476515807208,9.724154696838557,9.24591799608949,9.664375,7620207
2018-03-14,9.604594637482318,9.764007442656293,9.465108979179677,9.524888671875,4071265
2018-03-15,9.485035347134657,9.5647421875,9.305697141211002,9.5647421875,5845814
2018-03-16,9.544815160182232,9.544815160182232,9.3455498046875,9.3455498046875,6692781
2018-03-19,9.465109692248513,9.524889389447432,9.305697749024327,9.3256240234375,3093964
2018-03-20,9.285770600651752,9.44518341783534,9.285770600651752,9.3256240234375,2881442
2018-03-21,9.365474710138256,9.445181539861744,9.285768754373999,9.405328125,3221446
2018-03-22,9.405330159804187,9.524889556296365,9.365476736320321,9.4850361328125,2899564
2018-03-23,9.285769813516993,9.4451826171875,9.206063848661403,9.4451826171875,4169015
2018-03-26,9.445181933994862,9.445181933994862,9.046650390625,9.046650390625,6174119
2018-03-27,9.086504976782722,9.206064367787675,9.086504976782722,9.1263583984375,3935901
2018-03-28,9.086504976782722,9.1263583984375,9.006799007432546,9.1263583984375,1952063
2018-03-29,9.026725281280246,9.1462846722852,9.026725281280246,9.1263583984375,1918873
2018-03-30,9.187472920494333,9.2893291015625,9.146729911986606,9.2893291015625,2057470
2018-04-02,9.330072110070226,9.37081422511052,9.228215035534626,9.2893291015625,2103415
2018-04-03,9.207843320010578,9.248585432139391,8.983758129432635,9.065244140625,3811024
2018-04-04,9.044872685322547,9.2485859375,9.044872685322547,9.2485859375,3830111
2018-04-05,9.248585864031392,9.248585864031392,9.1263586284698,9.20784375,3376481
2018-04-06,9.167100511441976,9.207843517913844,9.065244335463394,9.1263583984375,3568748
2018-04-09,9.085615845958731,9.2893291015625,9.085615845958731,9.2893291015625,5178315
2018-04-10,9.330071879029004,9.4319280575749,9.20784375,9.20784375,3139437
2018-04-11,9.20784376041825,9.24858587449574,8.759674251293955,8.9022734375,4824343
2018-04-12,8.881902315056832,8.96338743607919,8.494846873366381,8.5559609375,7507546
2018-04-13,8.555960808364818,8.555960808364818,8.04667724609375,8.04667724609375,9804778
2018-04-16,7.965191627544569,7.985562682850271,7.639250275316654,7.7411064453125,6770590
2018-04-17,7.741107115837836,8.10779150390625,7.720736058767618,8.10779150390625,3546270
2018-04-18,7.96519196966987,8.107791149869454,7.924448963841113,8.00593408203125,5217949
2018-04-19,7.924449149261832,7.924449149261832,7.57813671875,7.57813671875,5966065
2018-04-20,7.618879195909868,7.74110642082477,7.374422959145394,7.55776513671875,3940774
2018-04-23,7.557765485893245,7.557765485893245,7.04848193359375,7.04848193359375,8847059
2018-04-24,6.844768517933299,7.04848221502724,6.783654900212194,6.8243974609375,4173102
2018-04-25,6.8243974609375,6.8243974609375,6.8243974609375,6.8243974609375,0
2018-04-26,6.722540822143549,6.926254072091243,6.620684197169703,6.6614267578125,4121925
2018-04-27,6.641055267573065,6.926254086117616,6.641055267573065,6.8243974609375,4374351
2018-04-30,6.8243974609375,6.8243974609375,6.8243974609375,6.8243974609375,0
2018-05-01,6.8243974609375,6.8243974609375,6.8243974609375,6.8243974609375,0
2018-05-02,6.3558564453125,6.518827134852145,6.3558564453125,6.3558564453125,10166923
2018-05-03,5.989172166427581,6.152142846739903,5.92805810546875,5.92805810546875,18845653
2018-05-04,5.928058282552414,6.091028967733017,5.805830603717233,5.82620166015625,5144227
2018-05-07,5.866944684079858,5.98917236328125,5.8262016776123655,5.98917236328125,5626174
2018-05-08,6.009543727840514,6.029914783870489,5.785458984375,5.785458984375,5471565
2018-05-09,5.765087704545063,6.1725146484375,5.765087704545063,6.1725146484375,8962055
2018-05-10,6.27437145771031,6.355856580850948,5.9891726332506465,6.070658203125,6559595
2018-05-11,6.070657711747099,6.197129400724553,6.0285000198426895,6.11281494140625,4500036
2018-05-14,6.218208982596843,6.218208982596843,6.049579581757823,6.09173681640625,3244104
2018-05-15,6.070657711747099,6.239286630383705,6.049578865794894,6.11281494140625,4845946
2018-05-16,6.11281492128604,6.197129380326824,6.0285,6.0285,3874462
2018-05-17,6.028500494698564,6.112815422903482,5.902028795759124,5.98634326171875,4832877
2018-05-18,5.965264427078337,6.028500507808217,5.8598711132769665,5.90202880859375,3375987
2018-05-21,5.838792707218945,5.880949940141374,5.5226123046875,5.5226123046875,10499471
2018-05-22,5.522612310236147,5.564770005446224,5.1431962890625,5.1431962890625,9929340
2018-05-23,4.974566894958069,5.1431962890625,4.784858653248599,5.1431962890625,14079358
2018-05-24,5.1431960249358335,5.164274871458376,4.8059372540467535,4.95348779296875,5873166
2018-05-25,4.932409417276172,5.016723879022554,4.827016108970559,4.86917333984375,5463616
2018-05-28,4.763780013051933,4.974566628845186,4.53191455078125,4.53191455078125,8799250
2018-05-29,4.342206771121666,4.784858895253228,4.321128384695835,4.74270166015625,6249233
2018-05-30,4.721623027172113,4.869173573429257,4.574072018669677,4.67946533203125,8222607
2018-05-31,4.86917347767014,4.985105981414307,4.822800568621529,4.91554638671875,9436492
2018-06-01,4.961919820820819,5.240158203125,4.961919820820819,5.240158203125,9196459
2018-06-04,5.472024030247501,5.58795654296875,5.4256506553627455,5.58795654296875,6108823
2018-06-05,5.95894091796875,5.95894091796875,5.889381321538897,5.95894091796875,15021890
2018-06-06,6.028500375048603,6.028500375048603,5.796634904893613,5.91256787109375,10851148
2018-06-07,5.912567947312218,5.9357546333002,5.611142878449612,5.70388916015625,6762206
2018-06-08,5.611142887755613,6.09806005859375,5.5183966058951555,6.09806005859375,8426306
2018-06-11,5.935754618582498,6.376298877790088,5.866194560791026,6.16761962890625,7927970
2018-06-12,6.00531417679509,6.144433367022586,5.84300830078125,5.84300830078125,6561859
2018-06-13,5.93575439453125,6.028500210261847,5.843008116555381,5.93575439453125,3373478
2018-06-14,6.051686988044831,6.260365770004087,6.028500302634265,6.12124658203125,9112577
2018-06-15,6.121246442676388,6.167619350196526,6.028500165390844,6.07487353515625,13036060
2018-06-18,6.074873580372417,6.329925266999466,5.843008116555381,5.93575439453125,8743219
2018-06-19,5.889381091456232,5.935754462094644,5.541583122894522,5.657515625,8443311
2018-06-20,5.79663458399828,5.889380859375,5.634329179895592,5.889380859375,3287901
2018-06-21,5.843008490949896,5.843008490949896,5.7270755204902635,5.75026220703125,2923933
2018-06-22,5.7502623138508016,5.8893815111904635,5.657516028209257,5.86619482421875,2854667
2018-06-25,5.982127322190504,5.982127322190504,5.796634765625,5.796634765625,3608795
2018-06-26,5.796635090910593,5.935754747264236,5.703889269668563,5.81982177734375,2817165
2018-06-27,5.84300830078125,6.098059995449897,5.796634929208561,5.84300830078125,6660073
2018-06-28,5.843008547317005,5.866194771836367,5.61114306640625,5.61114306640625,3196751
2018-06-29,5.703889351219614,5.727075575738975,5.61114306640625,5.61114306640625,2350105
2018-07-02,5.56476995731007,5.56476995731007,5.240158203125,5.240158203125,11489608
2018-07-03,5.240158338422656,5.263345024961766,4.8923603515625,4.8923603515625,9585782
2018-07-04,4.892360486327194,5.008292997725616,4.730054600573151,4.9387333984375,3963291
2018-07-05,4.985106434523072,4.985106434523072,4.637308429433057,4.6604951171875,3596546
2018-07-06,4.6373080312695905,4.892360187933476,4.544561750460424,4.84598681640625,5633209
2018-07-09,4.915546105764975,4.9619194744083455,4.7764269243253805,4.82280029296875,3576336
2018-07-10,4.822800308186322,4.892359899125603,4.6604944419129115,4.6836806640625,3148001
2018-07-11,4.632671247253893,4.637308492418701,4.5213759765625,4.5213759765625,4581582
2018-07-12,4.451816148656852,4.753241229279158,4.414717726975909,4.61875927734375,3381256
2018-07-13,4.618759449025763,4.776427631469064,4.618759449025763,4.6604951171875,3014205
2018-07-16,4.730054387761901,4.77642729778583,4.618759126357295,4.63730810546875,3166884
2018-07-17,4.590934850973629,4.6836806640625,4.590934850973629,4.6836806640625,2966068
2018-07-18,4.730054112052768,5.00829248046875,4.660494519948772,5.00829248046875,6972148
2018-07-19,5.35609033203125,5.35609033203125,5.309717425653693,5.35609033203125,7725133
2018-07-20,5.425650089968376,5.518396367827693,5.2633446815211595,5.4024638671875,11442084
2018-07-23,5.379277447560204,5.425650357655139,5.1010390625,5.1010390625,6668116
2018-07-24,5.1010390625,5.1010390625,5.1010390625,5.1010390625,0
2018-07-25,5.1937856793581805,5.28653150551987,5.054666015625,5.054666015625,5761411
2018-07-26,5.054665387789659,5.147411664676741,5.00829248046875,5.00829248046875,3523177
2018-07-27,5.008292780064835,5.147411972594937,4.9851060938947205,5.1010390625,4084409
2018-07-30,5.124225626637901,5.4488369140625,5.101038941019971,5.4488369140625,12686218
2018-07-31,5.4024637428559865,5.4952095563355945,5.193784969158978,5.21697119140625,11687975
2018-08-01,5.240157875898782,5.379277058363454,5.193784969158978,5.21697119140625,5063627
2018-08-02,5.193785179993512,5.216971403181997,5.008292621013961,5.1242255859375,6271771
2018-08-03,5.1242257751010545,5.216971595769312,5.0314794921875,5.0314794921875,6936811
2018-08-06,5.101038973070135,5.101038973070135,4.822800592887922,4.84598681640625,8152529
2018-08-07,4.7764269243253805,4.985105696484773,4.7764269243253805,4.82280029296875,5107538
2018-08-08,4.869173857940489,4.9155467706107085,4.7764275703547305,4.7996142578125,5571455
2018-08-09,4.7764275703547305,4.869173857940489,4.7764275703547305,4.7996142578125,4715296
2018-08-10,4.7996142578125,4.8459871704827195,4.753241345142281,4.7996142578125,3583828
2018-08-13,4.961919712391713,5.1242255859375,4.961919712391713,5.1242255859375,11035776
2018-08-14,5.193785371724896,5.263344968348738,5.0314794921875,5.0314794921875,8176250
2018-08-15,5.054665909835922,5.101039284191542,4.9387333984375,4.9387333984375,3989278
2018-08-16,4.869173159315158,5.054665245627089,4.869173159315158,4.96191943359375,3959371
2018-08-17,5.054665433032952,5.054665433032952,4.86917333984375,4.86917333984375,3310500
2018-08-20,4.915546631823336,4.938733318626444,4.683681150528177,4.7532412109375,6265014
2018-08-21,4.753241022455361,4.822800617861104,4.730054336571684,4.77642724609375,4497250
2018-08-22,4.869173857940489,4.9155467706107085,4.7996142578125,4.7996142578125,4252971
2018-08-23,4.79961390712431,4.915546411451802,4.776427221360697,4.84598681640625,5373742
2018-08-24,4.869173453854129,5.077852236920116,4.8228005450323375,4.98510595703125,9008280
2018-08-27,5.008292780064835,5.193785344935166,5.008292780064835,5.1010390625,12154362
2018-08-28,5.101038922453652,5.147411831275443,4.961919733742994,4.98510595703125,7016998
2018-08-29,4.961919733742994,5.031479328098323,4.915546362675921,4.98510595703125,5040395
2018-08-30,5.008292458975768,5.147411642586732,4.985105774292186,5.07785205078125,6569535
2018-08-31,5.101038757355833,5.147411664676741,4.985105795685663,5.00829248046875,5717091
2018-09-03,5.00829248046875,5.00829248046875,5.00829248046875,5.00829248046875,0
2018-09-04,4.985106310547806,5.008292997725616,4.91554671125969,4.9387333984375,3573396
2018-09-05,4.91554638671875,4.985105981414307,4.892360163317086,4.91554638671875,3892922
2018-09-06,4.915546411451802,4.938733097215416,4.822800592887922,4.84598681640625,4349858
2018-09-07,4.845986515045178,4.915546105764975,4.799613608647065,4.82280029296875,10469562
2018-09-10,4.7996137471171405,4.961919617560986,4.776427062126514,4.86917333984375,8532012
2018-09-11,4.86917347767014,4.938733072365697,4.845986792023193,4.91554638671875,4459687
2018-09-12,4.915546065331828,5.00829233961042,4.915546065331828,4.96191943359375,7738280
2018-09-13,5.008292575828073,5.2633447265625,4.938732982399643,5.2633447265625,16512733
2018-09-14,5.286531305601859,5.425650501828718,5.147412109375,5.147412109375,8916966
2018-09-17,5.147411762684934,5.309717634766363,5.147411762684934,5.2633447265625,7896491
2018-09-18,5.193785478114073,5.61114306640625,5.147412104584738,5.61114306640625,24057485
2018-09-19,5.703889323370207,5.935754803148873,5.587956352358223,5.68070263671875,18605229
2018-09-20,5.6807022644555145,5.819821450757006,5.611142671304768,5.796634765625,10146117
2018-09-21,5.796635282952422,5.958941168871097,5.703889458637734,5.72707568359375,13141174
2018-09-24,5.70388916015625,5.819821665605581,5.634329564437594,5.70388916015625,10621956
2018-09-25,5.611142671304768,5.889381043907752,5.587955986172763,5.796634765625,12956587
2018-09-26,5.866194339365395,6.121246488237715,5.796634746444811,5.93575439453125,15230281
2018-09-27,6.005314483803722,6.005314483803722,5.86619482421875,5.86619482421875,8513067
2018-09-28,5.86619482421875,6.005314483803722,5.8198219125206325,5.86619482421875,9912923
2018-10-01,5.866194174969505,6.121246316694172,5.819821268403774,5.889380859375,17110977
2018-10-02,5.912568060831078,5.98212765788525,5.796635090910593,5.81982177734375,11550443
2018-10-03,5.843008135889012,5.912567729039758,5.611142671304768,5.796634765625,13834181
2018-10-04,5.796634929208561,5.866194524322309,5.727075334094813,5.84300830078125,9264929
2018-10-05,5.843007952809269,6.005313819157216,5.79663458399828,5.889380859375,12071010
2018-10-08,5.912567932652007,6.19080631483674,5.866194560791026,6.16761962890625,24212226
2018-10-09,6.16761965442777,6.329925532122246,6.09806005859375,6.09806005859375,13881277
2018-10-10,6.121246851993593,6.14443353842675,5.81982177734375,5.81982177734375,16262534
2018-10-11,5.518396673623753,5.611142956622507,5.425650390625,5.425650390625,26657054
2018-10-12,5.263344973183801,5.472023763247026,5.1474120038740345,5.425650390625,14082502
2018-10-15,5.425650330422419,5.425650330422419,5.1705986328125,5.1705986328125,5927707
2018-10-16,5.170598741778724,5.332904623084752,5.170598741778724,5.28653125,5982866
2018-10-17,5.472023984147853,5.472023984147853,5.309718097909211,5.33290478515625,5922317
2018-10-18,5.309717589328182,5.425650089968376,5.286530904302035,5.4024638671875,4815775
2018-10-19,5.2865309495417945,5.379277228194793,5.19378513313407,5.2633447265625,6326114
2018-10-22,5.286531165125037,5.332904537465268,5.1010390625,5.1010390625,8056724
2018-10-23,5.054665627716723,5.0778523136004,4.753241022455361,4.77642724609375,14381123
2018-10-24,4.776427155405431,4.869173434933909,4.59093505859375,4.59093505859375,11324027
2018-10-25,4.405442681484781,4.544561875400586,4.312696860371111,4.49818896484375,9542443
2018-10-26,4.614121419334138,4.799613983920441,4.577022998865937,4.63730810546875,6304883
2018-10-29,4.59093505859375,4.66049465267879,4.5213754645087105,4.59093505859375,3453155
2018-10-30,4.451816270163511,4.632671138574975,4.451816270163511,4.6002099609375,4426044
2018-10-31,4.28023583984375,4.423992283814556,4.28023583984375,4.28023583984375,30060848
2018-11-01,4.17357735418275,4.17357735418275,3.983447998046875,3.983447998046875,15743437
2018-11-02,3.918525222164213,4.006633792137058,3.7052089706128077,3.807229736328125,26430066
2018-11-05,3.8211417410068087,4.034457763671875,3.811867020788806,4.034457763671875,7513048
2018-11-06,4.080831330573296,4.289510118761165,4.04373291015625,4.04373291015625,10862274
2018-11-07,3.997359557984942,4.071556399190895,3.941712158203125,3.941712158203125,9856722
2018-11-08,4.0298208386653895,4.048370280572256,3.9648984853593165,4.02518359375,5252317
2018-11-09,4.025183536241905,4.025183536241905,3.8257792342572,3.835053955078125,6895471
2018-11-12,3.825779076786431,3.825779076786431,3.6634734336433468,3.756219482421875,6260135
2018-11-13,3.691297194550018,3.756219545343849,3.6773852292195337,3.682022705078125,6564044
2018-11-14,3.682022633071469,3.7283955417693426,3.52435400390625,3.52435400390625,8493531
2018-11-15,3.5243541523800777,3.5243541523800777,3.33886181640625,3.33886181640625,7956816
2018-11-16,3.3852348323617223,3.459431902667169,3.3852348323617223,3.422333251953125,4246500
2018-11-19,3.464069265951847,3.5336288628482424,3.454794545175092,3.505804931640625,3267977
2018-11-20,3.477981340663883,3.5800021167954568,3.436245442543154,3.5568154296875,3853359
2018-11-21,3.4779812370660963,3.566090044532951,3.4779812370660963,3.53826611328125,2809469
2018-11-22,3.5475406426181193,3.5521778872022556,3.43160791015625,3.43160791015625,6301229
2018-11-23,3.454794437970947,3.454794437970947,3.195105268874524,3.22292919921875,18200902
2018-11-26,3.246115629675774,3.3249499443178188,3.246115629675774,3.29248876953125,3531383
2018-11-27,3.2924889327321165,3.3249501091277094,3.250753035456647,3.26930224609375,4040968
2018-11-28,3.250752967437833,3.324950039556394,3.24611572265625,3.24611572265625,5019491
2018-11-29,3.2461157312260625,3.287851396615786,3.0745353626280494,3.079172607421875,9883669
2018-11-30,3.0652607173288122,3.0791726831751953,2.9215042762023726,3.069898193359375,7428716
2018-12-03,3.1580068855805634,3.283214111328125,3.1580068855805634,3.283214111328125,6227247
2018-12-04,3.3945095143994695,3.450157143156715,3.348136374873779,3.36204833984375,9131093
2018-12-05,3.2878515666596977,3.3574113977778697,3.246115899111454,3.320312744140625,6580906
2018-12-06,3.320312451863881,3.4501571503577666,3.2924887529885045,3.394509521484375,6664748
2018-12-07,3.473343864568698,3.6124632938484718,3.431608197570625,3.5568154296875,11342543
2018-12-10,3.5568152100169006,3.5568152100169006,3.4826183705482445,3.487255615234375,7061461
2018-12-11,3.4455198985409377,3.4826183177124346,3.3295871652880304,3.36204833984375,6850070
2018-12-12,3.36204833984375,3.36204833984375,3.36204833984375,3.36204833984375,0
2018-12-13,3.477981189168744,3.496530399373543,3.394509627685826,3.413058837890625,4130587
2018-12-14,3.413058723985218,3.4316079335709664,3.36204833984375,3.36204833984375,3900210
2018-12-17,3.3388617739011432,3.38059767030333,3.24611572265625,3.24611572265625,4585297
2018-12-18,3.19974258147248,3.24611572265625,3.185830616005085,3.24611572265625,4983500
2018-12-19,3.2553904433420624,3.348136494586956,3.24611572265625,3.24611572265625,4474651
2018-12-20,3.24611572265625,3.2832141431542072,3.2368410019704372,3.24611572265625,2454483
2018-12-21,3.246115749125275,3.246115749125275,3.17655615234375,3.17655615234375,7834962
2018-12-24,3.176555985733458,3.246115578866583,3.065260498046875,3.065260498046875,4100537
2018-12-25,2.9632397215809867,3.0096128605689207,2.9215040582776903,2.967877197265625,7237800
2018-12-26,2.9678774779809576,3.042074322481419,2.763835693359375,2.763835693359375,8249497
2018-12-27,2.851944561492391,2.95396533203125,2.8333953514964745,2.95396533203125,5136424
2018-12-28,3.03743690538666,3.139457676355862,3.0142502194519767,3.0188876953125,6382009
2018-12-31,3.0188876953125,3.0188876953125,3.0188876953125,3.0188876953125,0
2019-01-01,3.0188876953125,3.0188876953125,3.0188876953125,3.0188876953125,0
2019-01-02,3.0467113118287625,3.0977216959231506,2.977151718165747,2.995700927734375,3261015
2019-01-03,2.949327989651914,2.991063887373321,2.8704939013825683,2.902955078125,4546305
2019-01-04,2.838032539886587,2.91222937839762,2.745286260625157,2.861218994140625,3749389
2019-01-07,2.9446906794459164,2.9910638210674856,2.884405803348261,2.97715185546875,3182910
2019-01-08,3.014250213163748,3.014250213163748,2.9678773036364117,2.986426513671875,2552207
2019-01-09,3.0003383324179773,3.153369492865559,3.0003383324179773,3.10699658203125,5249541
2019-01-10,3.134820218363949,3.222929255621739,3.1162710081840577,3.181193359375,6278242
2019-01-11,3.181193449704382,3.2136546262215826,3.0142503222223973,3.102359130859375,5483796
2019-01-14,3.106996649547743,3.2693023032401043,3.102359173465417,3.13018310546875,5436067
2019-01-15,3.15336942854384,3.2368409899146737,3.144094939015217,3.181193359375,5736281
2019-01-16,3.222929326888466,3.222929326888466,3.13018304281552,3.139457763671875,3790401
2019-01-17,3.139457566878809,3.153369300607325,3.055986008894531,3.065260498046875,4155594
2019-01-18,3.065260465865681,3.1116336045084534,3.037436767578125,3.037436767578125,3087309
2019-01-21,3.0374369362113725,3.08844732221364,3.0142502500413846,3.04671142578125,2848828
2019-01-22,3.055986070570339,3.079172525041784,2.991063720703125,2.991063720703125,3196955
2019-01-23,2.9910636831228774,3.0374368226057675,2.9678772289427515,2.995700927734375,2240112
2019-01-24,3.01425,3.0420739286468454,3.009612755599735,3.01425,1258343
2019-01-25,3.01425029811733,3.153369492865559,3.0096130532584295,3.10699658203125,4595790
2019-01-28,3.1116337890625,3.1765561407884624,3.1116337890625,3.1116337890625,3360964
2019-01-29,3.1162710966699825,3.1301830624805898,3.0838099201527824,3.102359130859375,1864732
2019-01-30,3.1069965003836155,3.120908465717381,3.083809814453125,3.083809814453125,2501191
2019-01-31,3.1069964307141174,3.116270919980232,3.060623291015625,3.060623291015625,3154289
2019-02-01,3.0606232134925992,3.0791724226776322,3.0049755859375,3.0049755859375,4925625
2019-02-04,3.0049755859375,3.0049755859375,3.0049755859375,3.0049755859375,0
2019-02-05,3.0049755859375,3.0049755859375,3.0049755859375,3.0049755859375,0
2019-02-06,3.0049755859375,3.0049755859375,3.0049755859375,3.0049755859375,0
2019-02-07,3.0049755859375,3.0049755859375,3.0049755859375,3.0049755859375,0
2019-02-08,3.0049755859375,3.0049755859375,3.0049755859375,3.0049755859375,0
2019-02-11,3.0606233601986985,3.0652606049365776,3.009612974714098,3.0188876953125,3488901
2019-02-12,3.0188876244706195,3.22756640625,3.0188876244706195,3.22756640625,6485142
2019-02-13,3.3852348758815967,3.4501572265625,3.338861735234859,3.4501572265625,17160584
2019-02-14,3.501167549557313,3.617100283547278,3.477981095208376,3.52435400390625,11020812
2019-02-15,3.4687064610139173,3.6402868283797423,3.440882530205485,3.580001953125,9891529
2019-02-18,3.580001953125,3.580001953125,3.580001953125,3.580001953125,0
2019-02-19,3.570727252515953,3.6031884282670417,3.477981201171875,3.477981201171875,8601849
2019-02-20,3.477981150763769,3.487255640202433,3.3898721143605943,3.417696044921875,6916968
2019-02-21,3.4316079790846996,3.4779811192254413,3.399146804098445,3.45479443359375,4093290
2019-02-22,3.4594320879854212,3.695934814453125,3.445520122112735,3.695934814453125,22984933
2019-02-25,3.8489658019963424,3.950986572265625,3.802592661567766,3.950986572265625,17335086
2019-02-26,3.988084877845224,4.215313097646144,3.9788103886989377,4.13184130859375,14780429
2019-02-27,4.127204397892326,4.354432636074957,4.011271887449528,4.21995068359375,17284275
2019-02-28,4.219950534926877,4.308059110330692,4.029820725273936,4.03909521484375,18606760
2019-03-01,4.16893987911908,4.31269677734375,4.080831304532815,4.31269677734375,15488298
2019-03-04,4.539924738478614,4.61412158203125,4.4054427861974705,4.61412158203125,19796144
2019-03-05,4.637307929285419,4.82280048682438,4.526012672109208,4.595572265625,21450955
2019-03-06,4.5770230009749335,4.6373081076055245,4.317334057577861,4.43790380859375,21271573
2019-03-07,4.410079672666175,4.437903602298077,4.2663232421875,4.2663232421875,13030078
2019-03-08,4.2663232421875,4.2663232421875,4.2663232421875,4.2663232421875,0
2019-03-11,4.3590699296696656,4.502826373651718,4.3590699296696656,4.47500244140625,11115596
2019-03-12,4.609484112167844,4.609484112167844,4.363706906550566,4.38225634765625,10114760
2019-03-13,4.405442428101736,4.451815798236664,4.2663232421875,4.2663232421875,10955568
2019-03-14,4.266323539725933,4.35906982421875,4.2153133837143315,4.35906982421875,7546711
2019-03-15,4.354432726884788,4.354432726884788,4.173577396658553,4.20603857421875,13122658
2019-03-18,4.335882925389115,4.400805275133051,4.317333946745294,4.32197119140625,8019998
2019-03-19,4.321971420400651,4.335883155120613,4.219950645718346,4.224587890625,7695695
2019-03-20,4.224587739785677,4.335883000307482,4.192126564352823,4.24313671875,7574495
2019-03-21,4.326608346015742,4.414717379475885,4.247774263929747,4.2663232421875,9206340
2019-03-22,4.3822566374994025,4.3822566374994025,4.2941475953491075,4.3405205078125,6823102
2019-03-25,4.266323595321807,4.289510282308491,4.210676193697201,4.21995068359375,8329297
2019-03-26,4.219950809780582,4.280235920401446,4.182852386839741,4.2014013671875,6214692
2019-03-27,4.247774624961113,4.3034220267092875,4.2245879379229425,4.284873046875,5035496
2019-03-28,4.238499232955496,4.512100355081233,4.219950255046098,4.41007958984375,15775896
2019-03-29,4.447178863823721,4.488914530059633,4.35906982421875,4.35906982421875,7377925
2019-04-01,4.359069635635843,4.400805300066178,4.238499424786783,4.25241162109375,6832881
2019-04-02,4.289510128815056,4.312696814972041,4.233862266936412,4.23849951171875,6867830
2019-04-03,4.238499486223994,4.312696789030985,4.1967638211887,4.30805908203125,5454052
2019-04-04,4.349795323947985,4.368344303454612,4.2941474609375,4.2941474609375,4667383
2019-04-05,4.34052029560605,4.359069737031722,4.303421875,4.303421875,5350367
2019-04-08,4.303421736832369,4.3080589814785775,4.247774338832582,4.257048828125,4775661
2019-04-09,4.308059057776163,4.308059057776163,4.2477744140625,4.2477744140625,5617735
2019-04-10,4.229225299954462,4.24313703521528,4.2014013671875,4.2014013671875,6646518
2019-04-11,4.210675743828419,4.247774161696331,4.201400792677496,4.21531298828125,3040479
2019-04-12,4.238499549511186,4.238499549511186,4.21067608056907,4.2338623046875,5129586
2019-04-15,4.2338623046875,4.2338623046875,4.2338623046875,4.2338623046875,0
2019-04-16,4.173576890236519,4.1828518414463804,4.011271484375,4.011271484375,11520557
2019-04-17,4.011271824758077,4.034458049137077,3.733033203125,3.733033203125,15363791
2019-04-18,3.626374678443783,3.6634733280081053,3.473343529029842,3.57072705078125,8858050
2019-04-19,3.570727201646821,3.816504638671875,3.570727201646821,3.816504638671875,7670341
2019-04-22,4.029820572832042,4.040022788320079,3.9277998046875,3.9277998046875,4715799
2019-04-23,3.876789420615229,3.9431028967969173,3.876789420615229,3.9277998046875,3306964
2019-04-24,3.922699054444353,4.096134412102197,3.9022946228109063,4.07572998046875,4696294
2019-04-25,4.0757300949855395,4.1879530853867815,4.0451239089207105,4.060427001953125,5117888
2019-04-26,4.065528206303203,4.1114374838779675,4.050225113778283,4.080831298828125,3472432
2019-04-29,4.080831298828125,4.080831298828125,4.080831298828125,4.080831298828125,0
2019-04-30,4.080831298828125,4.080831298828125,4.080831298828125,4.080831298828125,0
2019-05-01,4.080831298828125,4.080831298828125,4.080831298828125,4.080831298828125,0
2019-05-02,4.055325662191446,4.2593671875,4.029820355966565,4.2593671875,8440108
2019-05-03,4.259367385135192,4.381792121102748,4.23896341655569,4.26446826171875,6084825
2019-05-06,4.208356833018891,4.208356833018891,4.126740495239609,4.1573466796875,8248083
2019-05-07,4.182851987475836,4.198155079699781,4.1216391563347745,4.1573466796875,5379062
2019-05-08,4.085931966561966,4.14204345703125,4.080831090063036,4.14204345703125,4517148
2019-05-09,4.106336144872801,4.147144545687687,4.080831298828125,4.080831298828125,4449576
2019-05-10,4.121639316031574,4.142043747950944,4.07573003758094,4.13694287109375,8794446
2019-05-13,4.126740752291344,4.233862404531493,4.116538536091464,4.187953125,4957635
2019-05-14,4.142043747789803,4.254266736606075,4.142043747789803,4.2338623046875,5459588
2019-05-15,4.2338621743765295,4.25936748236709,4.2083568663859685,4.21855908203125,6084974
2019-05-16,4.218559311354328,4.244064620731371,4.187953125,4.187953125,4251668
2019-05-17,4.203255823999463,4.208356700498394,4.14204345703125,4.14204345703125,4739888
2019-05-20,4.1216391563347745,4.213458171923727,4.116538279675219,4.1573466796875,4674283
2019-05-21,4.213457971452115,4.213457971452115,4.15224560546875,4.15224560546875,3430954
2019-05-22,4.16244775390625,4.2083570327570445,4.1522460001029415,4.16244775390625,4824997
2019-05-23,4.147144722445793,4.203256218177165,4.147144722445793,4.187953125,5496928
2019-05-24,4.187953062905125,4.187953062905125,4.13184156800572,4.16244775390625,3741865
2019-05-27,4.157346840606086,4.335883077544484,4.131841531830515,4.2338623046875,12537221
2019-05-28,4.264468454222331,4.356287472588098,4.264468454222331,4.30527685546875,14988656
2019-05-29,4.305277283753165,4.3511865663804095,4.269570218013756,4.27977197265625,5435814
2019-05-30,4.25936748236709,4.29507454375765,4.21855908203125,4.21855908203125,7227957
2019-05-31,4.182852055180698,4.218559116866109,4.1369427777657615,4.14714453125,8275809
2019-06-03,4.136942763382824,4.142043640107208,3.983911376953125,3.983911376953125,9083031
2019-06-04,4.004315299270742,4.055325914899234,3.983911330366513,3.98901220703125,5243232
2019-06-05,4.034922156619974,4.075730096558627,3.963507568359375,3.963507568359375,2879840
2019-06-06,3.963507558826346,3.9788106518278594,3.8563854455704454,3.89719384765625,4846451
2019-06-07,3.902294724574987,3.953305342743569,3.892092970737513,3.89719384765625,2525353
2019-06-10,3.897193923739121,3.9737093902404617,3.897193923739121,3.953305419921875,2686738
2019-06-11,3.973708981713086,4.01961825689407,3.958405889986092,4.00941650390625,2477750
2019-06-12,3.9584061824506307,4.01961855388125,3.9584061824506307,3.9686083984375,2177640
2019-06-13,3.95330535225206,3.9890124152597073,3.9482044753210546,3.963507568359375,2452455
2019-06-14,3.9533051458875295,3.98901220703125,3.9533051458875295,3.98901220703125,1758198
2019-06-17,3.9839113646893,3.999214457060633,3.91759765625,3.91759765625,2343331
2019-06-18,3.9175975891994628,3.948204235663574,3.897193620468665,3.9277998046875,3083705
2019-06-19,3.9533051799466334,3.978810487980617,3.9124967795413172,3.91759765625,3382349
2019-06-20,3.9533050449738583,3.9992143205204354,3.938001953125,3.938001953125,3917466
2019-06-21,3.9380019067286915,3.97370896654025,3.932900568008996,3.943102783203125,1781564
2019-06-24,3.938002020175537,3.9737090810157523,3.9277998046875,3.9277998046875,2522346
2019-06-25,3.927799770244649,3.9431028622198743,3.86658740234375,3.86658740234375,5806948
2019-06-26,3.876789650140055,3.9022947281248967,3.83088037109375,3.83088037109375,5675906
2019-06-27,3.830880160397919,3.851284360337166,3.7441624839980996,3.759465576171875,4028780
2019-06-28,3.76966785483556,3.784970947265625,3.713556361843561,3.784970947265625,3566004
2019-07-01,3.805374836689522,3.9431028967969173,3.805374836689522,3.9277998046875,4954666
2019-07-02,3.9277999187255963,3.978810535401526,3.902294610387631,3.912496826171875,4339432
2019-07-03,3.9124969097149305,3.9124969097149305,3.830880337311455,3.8359814453125,4052795
2019-07-04,3.800273976151616,3.841082144908558,3.7747686684462187,3.825779052734375,4527652
2019-07-05,3.825779069424364,3.8767894539350536,3.7798697927015357,3.85638525390625,4298102
2019-07-08,3.8563853180512484,3.8614864259239585,3.800274055942014,3.8155771484375,1521262
2019-07-09,3.8155771484375,3.8155771484375,3.8155771484375,3.8155771484375,0
2019-07-10,3.7951729834915238,3.8308802766884797,3.74416259765625,3.74416259765625,3253757
2019-07-11,3.744162565337397,3.7849709661024242,3.6829501953125,3.6829501953125,3759960
2019-07-12,3.688051008507876,3.7492636086005056,3.688051008507876,3.72375830078125,3174122
2019-07-15,3.7237583623419392,3.8665875337966686,3.703354161973743,3.8155771484375,3095156
2019-07-16,3.9175978647240592,3.9635076065264188,3.8257793056099563,3.892093017578125,7969593
2019-07-17,3.9277999024711767,3.9329007792195454,3.881890625,3.881890625,2721442
2019-07-18,3.8767894705812376,3.922698978623833,3.8716885938941146,3.886991455078125,2954333
2019-07-19,3.902294677734375,3.943103079330342,3.902294677734375,3.902294677734375,4519691
2019-07-22,3.927799821310688,3.927799821310688,3.825779052734375,3.825779052734375,3225975
2019-07-23,3.825779052734375,3.8767894370225315,3.820678176091407,3.825779052734375,2158580
2019-07-24,3.8155771148284727,3.8716886075661,3.8155771148284727,3.82067822265625,2151844
2019-07-25,3.82067822265625,3.82067822265625,3.82067822265625,3.82067822265625,0
2019-07-26,3.82067822265625,3.82067822265625,3.82067822265625,3.82067822265625,0
2019-07-29,3.82067822265625,3.82067822265625,3.82067822265625,3.82067822265625,0
2019-07-30,3.82067822265625,3.82067822265625,3.82067822265625,3.82067822265625,0
2019-07-31,3.7237583970976114,3.7747687829328846,3.7237583970976114,3.74416259765625,2678758
2019-08-01,3.7441627122472974,3.7645669134304116,3.723758511064183,3.728859619140625,1995154
2019-08-02,3.72375830078125,3.72375830078125,3.688051008507876,3.72375830078125,3247466
2019-08-05,3.7186576422599567,3.723758519224924,3.575828464787794,3.596232666015625,4685010
2019-08-06,3.596232666015625,3.596232666015625,3.596232666015625,3.596232666015625,0
2019-08-07,3.575828355369442,3.5809294633009716,3.47890869140625,3.47890869140625,2319761
2019-08-08,3.4789086447439095,3.5095148296772782,3.4585044444141158,3.484009521484375,2979276
2019-08-09,3.484009504255103,3.5350198892660067,3.484009504255103,3.519716796875,3059672
2019-08-12,3.540120946437844,3.5452220542027204,3.494211669921875,3.494211669921875,1757846
2019-08-13,3.4891106942699195,3.4891106942699195,3.432999200099572,3.443201416015625,3245387
2019-08-14,3.4687064935604615,3.478908709476514,3.443201416015625,3.443201416015625,2745921
2019-08-15,3.417696174525898,3.432999267578125,3.392191096479737,3.432999267578125,1929902
2019-08-16,3.4432013366265988,3.448302213344368,3.3819887359095886,3.38708984375,2554768
2019-08-19,3.387089992148598,3.4176961782867306,3.356483806010465,3.366685791015625,3042858
2019-08-20,3.3666858249121407,3.387090026250547,3.3513827316889993,3.361584716796875,1721304
2019-08-21,3.3717867833741044,3.44830224609375,3.366685675485246,3.44830224609375,5010360
2019-08-22,3.4891105946859735,3.67274793358454,3.4840094868735396,3.621737548828125,7518584
2019-08-23,3.667647022923075,3.7084551916766357,3.626838623046875,3.626838623046875,4127474
2019-08-26,3.575828272926575,3.596232473059618,3.489110595703125,3.489110595703125,3807303
2019-08-27,3.509514715393995,3.550322883602068,3.4738074237602836,3.4993125,3066316
2019-08-28,3.4942118022279454,3.5044137870213508,3.443201416015625,3.443201416015625,2384568
2019-08-29,3.443201434275249,3.468706511955341,3.392191047792415,3.407494140625,3107367
2019-08-30,3.4329991822677726,3.514615753559021,3.4176960895958293,3.47890869140625,2430259
2019-09-02,3.47890869140625,3.47890869140625,3.47890869140625,3.47890869140625,0
2019-09-03,3.4738074867772144,3.509514779058677,3.45850439453125,3.45850439453125,3139214
2019-09-04,3.4585044455954006,3.4585044455954006,3.3972918445851117,3.417696044921875,1523155
2019-09-05,3.4381001947094965,3.4432013024993484,3.39219091796875,3.39219091796875,1890892
2019-09-06,3.417696143980748,3.417696143980748,3.3615846492089694,3.371786865234375,2226115
2019-09-09,3.371786784871648,3.397291862081976,3.3462814765386746,3.38198876953125,1466217
2019-09-10,3.346281512122278,3.371786820726469,3.2901702492138236,3.31057421875,2339638
2019-09-11,3.3156752584748097,3.38708984375,3.254462888880442,3.38708984375,3263092
2019-09-12,3.387089992148598,3.4074941932815705,3.346281589882652,3.366685791015625,2211324
2019-09-13,3.3564836598344745,3.371786752237086,3.3156752593457486,3.3207763671875,2246214
2019-09-16,3.3207762053113,3.3411804045610296,3.27486669921875,3.27486669921875,3310453
2019-09-17,3.2748668588570227,3.3564836598344745,3.2748668588570227,3.3207763671875,2853431
2019-09-18,3.320776320618049,3.371786704952283,3.3105741050776185,3.325877197265625,2600032
2019-09-19,3.3258773114634557,3.361584604835734,3.3054733419272795,3.31057421875,1682739
2019-09-20,3.3105742293195703,3.443201418464032,3.3105742293195703,3.376887939453125,7279049
2019-09-23,3.376887710992406,3.407493894446395,3.341180419921875,3.341180419921875,2879079
2019-09-24,3.3309782046887904,3.3666854957593215,3.325877097072248,3.341180419921875,1111378
2019-09-25,3.3309784665141002,3.356483775478976,3.305473388671875,3.305473388671875,2259669
2019-09-26,3.3156754075397075,3.3360796086960356,3.300372314453125,3.300372314453125,2134677
2019-09-27,3.3003720542751247,3.361584421795905,3.3003720542751247,3.336079345703125,3184645
2019-09-30,3.3360794746974665,3.4329991373937863,3.3309783668326154,3.417696044921875,6927717
2019-10-01,3.4176959324612177,3.509514715393995,3.41259482476422,3.4993125,5593970
2019-10-02,3.529918882944446,3.6217374339192308,3.51971666764327,3.57072705078125,8570370
2019-10-03,3.550322996922336,3.616636474609375,3.499312611692103,3.616636474609375,6318106
2019-10-04,3.6472428557795236,3.774768702074691,3.6268386556579575,3.754364501953125,10538188
2019-10-07,3.75436438708818,3.76966771005313,3.6727478202216184,3.70335400390625,4520748
2019-10-08,3.7135565988909094,3.7135565988909094,3.647243117086761,3.652343994140625,4105445
2019-10-09,3.6676471700278643,3.749263741931165,3.6523438461185127,3.672748046875,5652838
2019-10-10,3.7237582508757825,3.764566650390625,3.677848974763562,3.764566650390625,5849020
2019-10-11,3.7747687651505846,3.8461833512080745,3.7747687651505846,3.779869873046875,6522881
2019-10-14,3.8155772662291207,3.825779251166845,3.733960693359375,3.733960693359375,4533610
2019-10-15,3.7237585841212946,3.7339608004743376,3.652343994140625,3.652343994140625,5691347
2019-10-16,3.67274793358454,3.6931521337116346,3.5707271640717093,3.621737548828125,9013418
2019-10-17,3.611535788564902,3.6676472846176944,3.6064346804357426,3.657445068359375,3043953
2019-10-18,3.621737532353271,3.657444824632597,3.52481787109375,3.52481787109375,4991170
2019-10-21,3.4993125464521633,3.5248178541530892,3.412594870065236,3.427898193359375,6574325
2019-10-22,3.4176961588072223,3.667647216796875,3.4176961588072223,3.667647216796875,6638890
2019-10-23,3.723758519224924,3.7849711229084164,3.596232666015625,3.596232666015625,7803216
2019-10-24,3.652343994140625,3.682950412077096,3.6217378073268116,3.652343994140625,3618339
2019-10-25,3.682950262814568,3.7135564483879744,3.6523438461185127,3.672748046875,6606895
2019-10-28,3.7696677574044015,3.7747686340008237,3.6931520661090658,3.698253173828125,7354508
2019-10-29,3.7186574416511626,3.7186574416511626,3.621737548828125,3.621737548828125,4558200
2019-10-30,3.621737402261137,3.693151984254592,3.5962323264764073,3.6421416015625,4526947
2019-10-31,3.682949966451109,3.8410819895631936,3.64724267578125,3.64724267578125,11667939
2019-11-01,3.6472429692713773,3.7186575563577584,3.6472429692713773,3.672748046875,2776042
2019-11-04,3.7135562651415337,3.7135562651415337,3.6217374818294883,3.631939697265625,4511414
2019-11-05,3.631939584225972,3.693151950447085,3.616636261548064,3.64724267578125,6163996
2019-11-06,3.6472429011215026,3.810476041878041,3.6472429011215026,3.749263671875,10696251
2019-11-07,3.774768798828125,3.8104760921754415,3.7543645981835656,3.774768798828125,6443042
2019-11-08,3.8002739760503688,3.8104759604586724,3.759465576171875,3.759465576171875,4971907
2019-11-11,3.749263591763571,3.8104759604586724,3.723758284058853,3.759465576171875,4433078
2019-11-12,3.7594656079287483,4.019618408203125,3.754364500120187,4.019618408203125,19386417
2019-11-13,4.029820701452735,4.101235287657798,3.9533052384634866,3.978810546875,11306549
2019-11-14,3.973709048082677,4.121639091329465,3.953305079520982,3.99921435546875,9660982
2019-11-15,3.98901248354073,4.045123979723484,3.9278001103396574,3.953305419921875,7276395
2019-11-18,3.9788104038959458,4.034921895486785,3.9686081884489,4.029820556640625,7103930
2019-11-19,4.106336064110829,4.203255956359336,4.085932095227329,4.1573466796875,11130335
2019-11-20,4.15734661599131,4.182851923388869,4.1063360011961905,4.13184130859375,7268563
2019-11-21,4.126740624236842,4.228761396333958,4.101235315651239,4.17264990234375,7136296
2019-11-22,4.193053813801501,4.2032560295435255,3.881890625,3.881890625,18810657
2019-11-25,3.886991635109461,3.9584062232632595,3.8053750619862567,3.83088037109375,8776018
2019-11-26,3.8767893866196883,3.9073958016927737,3.8512843103685253,3.86658740234375,6984395
2019-11-27,3.9022947544826363,4.004315529356396,3.8767896763255227,3.95840625,4934103
2019-11-28,3.9788106997121027,4.004315546858036,3.8512846150011986,3.892093017578125,6922688
2019-11-29,3.902294687890798,3.9686083984375,3.8818907181623583,3.9686083984375,4796157
2019-12-02,4.009416524312012,4.075729768051399,3.9686081254172465,4.004315185546875,7209269
2019-12-06,4.075729846381587,4.1369426770228,4.060426754282602,4.09613427734375,6261540
2019-12-09,4.096134588487379,4.300176140136412,4.096134588487379,4.284873046875,14627655
2019-12-10,4.300176406431918,4.320580377962247,4.228761812707759,4.27977197265625,8151912
2019-12-11,4.284872854067604,4.330782131786049,4.203256052182396,4.244064453125,7552676
2019-12-12,4.244064418402292,4.31547900390625,4.233862202688788,4.31547900390625,7107085
2019-12-13,4.335882777180962,4.386893391198398,4.27467041015625,4.27467041015625,7485549
2019-12-16,4.274670737210332,4.310377799958264,4.249165428250207,4.29507470703125,4155869
2019-12-17,4.295074238197461,4.31037732945405,4.08593183694235,4.126740234375,20303265
2019-12-18,4.121638962356991,4.162447360448696,4.101234994433768,4.1165380859375,4713015
2019-12-19,4.116538346306708,4.167548962709052,4.116538346306708,4.14714453125,3007392
2019-12-20,4.157346617747139,4.279771353714695,4.157346617747139,4.26446826171875,5531706
2019-12-23,4.26446852765645,4.28487295975367,4.16244775390625,4.16244775390625,5569659
2019-12-24,4.177750846856514,4.218559248805654,4.157346877004596,4.16244775390625,3474585
2019-12-25,4.19815501537835,4.19815501537835,4.13184130859375,4.13184130859375,3905459
2019-12-26,4.131841324375258,4.177750600519052,4.029820556640625,4.029820556640625,6750334
2019-12-27,4.050224902593324,4.060426655581143,3.9686081052191766,4.00941650390625,6629927
2019-12-30,4.00941689224737,4.13184163792105,4.004315553014093,4.055326171875,2325310
2019-12-31,4.106336116300656,4.106336116300656,3.9124967915853035,3.983911376953125,5080251
2020-01-01,3.983911376953125,3.983911376953125,3.983911376953125,3.983911376953125,0
2020-01-02,3.9584063293018774,4.1777509765625,3.953305452241857,4.1777509765625,6093102
2020-01-03,4.18285213892639,4.187953015770635,4.060426934456839,4.070629150390625,5625928
2020-01-06,4.080831205697439,4.157346666575848,4.024719713638181,4.091032958984375,8828483
2020-01-07,4.091033303834427,4.142043923550115,4.040023146364058,4.0451240234375,4285964
2020-01-08,4.004315118869248,4.055325732199622,3.9533049677841334,4.014517333984375,6763993
2020-01-09,4.0604265307662875,4.208356566995049,4.0604265307662875,4.126740234375,8944807
2020-01-10,4.157346416888175,4.208356566995049,4.126740234375,4.126740234375,6741166
2020-01-13,4.152246118454986,4.203256275661385,4.04002312545747,4.050225341796875,7918112
2020-01-14,4.050224972064941,4.142043524001829,3.999214357269822,4.13184130859375,6646889
2020-01-15,4.177750966246611,4.3358832394152556,4.16754921215176,4.3103779296875,16902932
2020-01-16,4.335882745758895,4.386893359406659,4.310377438935013,4.3460849609375,8601790
2020-01-17,4.3460852567151695,4.397095411589223,4.2338622688488385,4.30527685546875,8234257
2020-01-20,4.284872922238641,4.295074675952631,4.193053903095647,4.2338623046875,9381082
2020-01-21,4.259367415478901,4.381792152318609,4.249165199993833,4.36138818359375,7436239
2020-01-22,4.361388277118029,4.636844403159445,4.33588296898107,4.58073291015625,16533005
2020-01-23,4.58073291015625,4.58073291015625,4.58073291015625,4.58073291015625,0
2020-01-24,4.58073291015625,4.58073291015625,4.58073291015625,4.58073291015625,0
2020-01-27,4.58073291015625,4.58073291015625,4.58073291015625,4.58073291015625,0
2020-01-28,4.58073291015625,4.58073291015625,4.58073291015625,4.58073291015625,0
2020-01-29,4.58073291015625,4.58073291015625,4.58073291015625,4.58073291015625,0
2020-01-30,4.488914589152602,4.529722991846276,4.361388504076863,4.4175,15419251
2020-01-31,4.417499709739851,4.448105894187742,4.1573466796875,4.1573466796875,15943307
2020-02-03,3.978810633275048,4.233862336192765,3.8869916134488047,4.1981552734375,16470982
2020-02-04,4.198155349991167,4.233862413397555,4.045123955653757,4.055326171875,10012926
2020-02-05,4.080831185244765,4.12163912267854,4.065528093145781,4.09613427734375,5641202
2020-02-06,4.121639473440537,4.244064682896383,4.085932409585903,4.21345849609375,8217907
2020-02-07,4.213458039242588,4.254266437969818,4.121639026545002,4.14204345703125,7965919
2020-02-10,4.080831205697439,4.167548882108061,4.040022805813862,4.091032958984375,6749778
2020-02-11,4.157346614119022,4.157346614119022,3.99921435546875,3.99921435546875,12850248
2020-02-12,4.004315315900081,4.0859321163465,4.004315315900081,4.019618408203125,9729370
2020-02-13,4.024719747134327,4.024719747134327,3.9329007310707857,4.019618408203125,9748058
2020-02-14,4.0196184822451375,4.1114375,4.004315389660209,4.1114375,7298368
2020-02-17,4.131841438778354,4.182852055180698,4.116538346306708,4.14714453125,5475845
2020-02-18,4.147144266806631,4.198154879956275,4.116538083814948,4.15224560546875,8895163
2020-02-19,4.162447654534665,4.167548993559835,4.1114375,4.1114375,4505326
2020-02-20,4.111437431647501,4.2542666015625,4.111437431647501,4.2542666015625,12351339
2020-02-21,4.284873189394497,4.310378037514962,4.157347099810869,4.16754931640625,5670543
2020-02-24,4.055326126589301,4.131841591780905,3.963507568359375,3.963507568359375,13299680
2020-02-25,3.8716885929812532,4.029820623820248,3.8716885929812532,4.019618408203125,6948020
2020-02-26,3.9737093902404617,3.9992146998226796,3.917597894057708,3.953305419921875,4104963
2020-02-27,3.978810546875,3.999214516257036,3.938002145865637,3.978810546875,4384158
2020-02-28,3.9175977207356483,3.9380021523968156,3.8512844734500824,3.87678955078125,9272755
2020-03-02,3.8767893530950404,3.9277997362788883,3.8410820617540837,3.8716884765625,2810059
2020-03-03,3.953305043432129,3.9584059199646697,3.8716884765625,3.8716884765625,6076437
2020-03-05,3.9584059889063345,3.9992143886132068,3.9277998046875,3.9277998046875,3701686
2020-03-06,3.902294628112418,3.922699059773586,3.87678955078125,3.87678955078125,3665645
2020-03-09,3.616636555136645,3.7237584358420803,3.6064345703125,3.6064345703125,8066710
2020-03-10,3.4176960260531852,3.6574448586605772,3.4074940415024493,3.5860302734375,7631234
2020-03-11,3.611535425636497,3.642141609090486,3.3360793123053325,3.341180419921875,9860133
2020-03-12,3.1371390977216915,3.264664947649706,3.1116337890625,3.1116337890625,14916426
2020-03-13,2.9075922640250793,3.1116338101936707,2.89739027916571,3.009613037109375,11617980
2020-03-16,2.973905614539727,3.2136544440102743,2.973905614539727,3.060623291015625,8003314
2020-03-17,2.9637036459298236,3.15754296875,2.9637036459298236,3.15754296875,3692147
2020-03-18,3.213654577489274,3.2289576703120884,3.1167349125705672,3.142239990234375,6353033
2020-03-19,3.070825258409178,3.1014316737365473,2.958602505950953,3.03001708984375,5742346
2020-03-20,3.0300170419233843,3.0861285328264008,2.948400474960673,2.968804443359375,4703179
2020-03-23,2.810672446639369,2.846379738396387,2.764762939453125,2.764762939453125,6655407
2020-03-24,2.7035506705211247,2.754561056170153,2.5811256987389286,2.586226806640625,9312137
2020-03-25,2.7035505532362882,2.7035505532362882,2.6168328782826435,2.66784326171875,5048349
2020-03-26,2.6423379689341426,2.65254018435091,2.499509033203125,2.499509033203125,6110881
2020-03-27,2.5403173153759027,2.6525403032550945,2.448498759244906,2.55051953125,5980749
2020-03-30,2.448498599736757,2.448498599736757,2.37198291015625,2.37198291015625,8804394
2020-03-31,2.3719830417596413,2.4689029360138113,2.224052993118475,2.32097265625,8457887
2020-04-01,2.295467634428789,2.47910498046875,2.295467634428789,2.47910498046875,7426199
2020-04-02,2.47910498046875,2.47910498046875,2.47910498046875,2.47910498046875,0
2020-04-03,2.6015298975861922,2.652540283203125,2.4995091263523284,2.652540283203125,9468604
2020-04-06,2.7290556161996324,2.836177490234375,2.6831463406658713,2.836177490234375,11950753
2020-04-07,2.8361777005597215,2.856581901573184,2.7341569266150594,2.84127880859375,6879335
2020-04-08,2.7341566938501134,2.907592041015625,2.7341566938501134,2.907592041015625,7465191
2020-04-09,2.9177941565743195,2.9943098495281424,2.851480679279749,2.856581787109375,10085378
2020-04-10,2.8463798025727645,2.9381983567701817,2.8157733867176504,2.856581787109375,7766247
2020-04-13,2.8310765282483197,2.9841076856908604,2.8310765282483197,2.8820869140625,8468280
2020-04-14,2.933097306889938,3.081027587890625,2.933097306889938,3.081027587890625,19294219
2020-04-15,3.2136546658933027,3.295271240234375,3.1626442780398003,3.295271240234375,13861039
2020-04-16,3.3054733083044354,3.4585044650050243,3.2646649074018868,3.31567529296875,10316859
2020-04-17,3.3207763331949334,3.45850439453125,3.264664840877971,3.45850439453125,12715160
2020-04-20,3.5707272007636317,3.5809294164933347,3.3972918445851117,3.417696044921875,13111515
2020-04-21,3.3156752962232448,3.371786789738664,3.18304833984375,3.18304833984375,22547512
2020-04-22,3.1116336141792216,3.402392822265625,3.1116336141792216,3.402392822265625,10914741
2020-04-23,3.636785888671875,3.636785888671875,3.636785888671875,3.636785888671875,3142102
2020-04-24,3.88852197265625,3.88852197265625,3.7760440586259625,3.88852197265625,37275251
2020-04-27,4.017068393993498,4.124190045261745,3.8563854548458245,3.963507568359375,13646518
2020-04-28,4.011712237632165,4.017068273810805,3.915302661926065,3.936726806640625,10064773
2020-04-29,3.883165982608935,3.9635074497791147,3.86709764295037,3.936726806640625,11212663
2020-04-30,3.936726806640625,3.936726806640625,3.936726806640625,3.936726806640625,0
2020-05-01,3.936726806640625,3.936726806640625,3.936726806640625,3.936726806640625,0
2020-05-04,3.9420827784488695,4.204531320388438,3.893877991382957,4.043848388671875,16043575
2020-05-05,4.12418994140625,4.183106801895608,4.070629117120897,4.12418994140625,8056032
2020-05-06,4.150970331375921,4.365213615444029,4.124189689744775,4.3491455078125,17513711
2020-05-07,4.391994237590483,4.424130914956234,4.209887169593335,4.2473798828125,16555136
2020-05-08,4.2420242581833145,4.343789873753934,4.18310693359375,4.18310693359375,14359113
2020-05-11,4.22595556640625,4.365213894862591,4.183106814400815,4.22595556640625,14874475
2020-05-12,4.17775098279283,4.520541015625,4.161682873345816,4.520541015625,24597701
2020-05-13,4.766920895803306,4.83655029296875,4.7133600699619755,4.83655029296875,21428662
2020-05-14,4.820481947480929,4.981164417124633,4.772276698118007,4.8526181640625,18098783
2020-05-15,4.8526181640625,4.8526181640625,4.8526181640625,4.8526181640625,0
2020-05-18,4.8526181640625,4.8526181640625,4.8526181640625,4.8526181640625,0
2020-05-19,5.291818038861755,5.38287158203125,5.141847633125325,5.38287158203125,352965
2020-05-20,5.38287158203125,5.38287158203125,5.38287158203125,5.38287158203125,0
2020-05-21,5.09899847739844,5.136491191435496,4.932959513339448,4.96509619140625,24996126
2020-05-22,4.94902776772938,5.222188383768902,4.874042799681166,5.195408203125,18406377
2020-05-25,5.19540849117308,5.2918180713269205,5.141847664670426,5.24361328125,12630641
2020-05-26,5.275749683553003,5.297173828125,5.227544896020721,5.297173828125,18139046
2020-05-27,5.356090937821565,5.570334704763115,5.313242184433256,5.38287158203125,28964118
2020-05-28,5.516773595162417,5.570334418584767,5.409651948317718,5.43643212890625,15833315
2020-05-29,5.463213175772395,5.463213175772395,5.206120649637479,5.34002294921875,30943219
2020-06-01,5.3560905707204185,5.623895145480968,5.222188283340144,5.40965185546875,31570162
2020-06-02,5.334666744287385,5.350734853321545,5.24896923828125,5.24896923828125,23954373
2020-06-03,5.254325193941,5.350734771156118,5.152559580463409,5.32395458984375,17810259
2020-06-04,5.4364319117408595,5.4364319117408595,5.307885663314998,5.31324169921875,16330030
2020-06-05,5.3025298291951435,5.6774560546875,5.2703931503044235,5.6774560546875,29171020
2020-06-08,5.6774560546875,5.6774560546875,5.6774560546875,5.6774560546875,0
2020-06-09,5.6774560546875,5.6774560546875,5.6774560546875,5.6774560546875,0
2020-06-10,5.972041292213545,6.079162939140633,5.757797536114081,5.91848046875,28961997
2020-06-11,5.838138831095165,6.132724044867142,5.5167734375,5.5167734375,38006405
2020-06-12,5.248968913945164,5.89169970703125,5.248968913945164,5.89169970703125,34782132
2020-06-15,6.052382868619728,6.132724336399036,5.650675991968476,5.70423681640625,23881641
2020-06-16,5.86491943359375,5.945260434766537,5.75779732828792,5.86491943359375,14168508
2020-06-17,5.891699815443345,6.266626503513583,5.757797525899392,6.15950439453125,29098906
2020-06-18,6.105943729438602,6.266626665954618,6.052382904681695,6.0791630859375,12378669
2020-06-19,6.159504294630432,6.400528227002273,6.07916282975806,6.373748046875,18767297
2020-06-22,6.427308806926826,6.58799173511037,6.400528164814478,6.48086962890625,19921443
2020-06-23,6.587991799119568,6.668332801746664,6.266626401875355,6.373748046875,21369328
2020-06-24,6.427308933957789,6.50765039963745,6.213065179560455,6.26662646484375,27639799
2020-06-25,6.266626306847747,6.695113342593994,6.1059433795396085,6.58799169921875,33110255
2020-06-26,6.748674543339957,6.829016011506631,6.534430782310594,6.56121142578125,14630068
2020-06-29,6.427308653114055,6.587991577452274,6.2130649080781835,6.32018701171875,22756305
2020-06-30,6.427308876281992,6.427308876281992,5.891699726217613,6.13272412109375,36096643
2020-07-01,6.105943674154217,6.42730908203125,6.05238284988226,6.42730908203125,14630828
2020-07-02,6.480869852808374,6.507650495845945,6.266626557488968,6.29340673828125,13518659
2020-07-03,6.293406947824306,6.534430894206331,6.266626766140361,6.3469677734375,17128083
2020-07-06,6.373748046875,6.480869691874646,6.3469674045024504,6.373748046875,10618471
2020-07-07,6.427308653114055,6.53443029450936,6.32018701171875,6.32018701171875,24794598
2020-07-08,6.320187542321356,6.373748367515634,6.132724423018734,6.2130654296875,18442487
2020-07-09,6.239845822202103,6.3469674682781285,6.213065179560455,6.26662646484375,10243094
2020-07-10,6.26662646484375,6.26662646484375,6.26662646484375,6.26662646484375,0
2020-07-13,6.373748417366749,6.427309242979943,6.293406947824306,6.3469677734375,15406062
2020-07-14,6.32018701171875,6.373747832416402,6.293406370247293,6.32018701171875,7573651
2020-07-15,6.32018701171875,6.32018701171875,6.32018701171875,6.32018701171875,0
2020-07-16,6.266626503513583,6.293406684075202,6.105943571162726,6.15950439453125,18409612
2020-07-17,6.159504512928323,6.320187448367802,6.1327243318519375,6.18628515625,10969493
2020-07-20,6.213065571284766,6.26662685994502,5.945260976964747,5.998822265625,18833294
2020-07-21,6.0791630859375,6.132724372939704,5.891699968165678,6.0791630859375,13891862
2020-07-22,6.105943918454884,6.132724562785009,5.998822265625,5.998822265625,6283921
2020-07-23,5.945260529414211,6.025601994111291,5.81135824233417,5.89169970703125,13940821
2020-07-24,5.784578353268663,5.864919822007461,5.489993121974837,5.597115234375,32115606
2020-07-27,5.409651795123002,5.516773438934147,5.2061201171875,5.2061201171875,24283177
2020-07-28,5.275749709851137,5.57033447265625,5.238256994417964,5.57033447265625,26699075
2020-07-29,5.409651933128156,5.409651933128156,5.184696105589706,5.265037109375,24845978
2020-07-30,5.275749395481635,5.489992678484449,5.275749395481635,5.31859814453125,10306670
2020-07-31,5.157915527510891,5.3507346786059875,5.0882861328125,5.0882861328125,15446255
2020-08-03,5.141847368960685,5.43643212890625,5.141847368960685,5.43643212890625,24376200
2020-08-04,5.570334379619953,5.7310173110083005,5.48999291392578,5.54355419921875,16832047
2020-08-05,5.543554343092926,5.838139108623334,5.463212875313617,5.70423681640625,19990057
2020-08-06,5.650676108686195,5.784578403669102,5.597115283142093,5.731017578125,18134503
2020-08-07,5.784578497719922,5.998822265625,5.704237026974854,5.998822265625,24316194
2020-08-10,6.10594384765625,6.213065499244054,5.998822196068446,6.10594384765625,22215650
2020-08-11,6.10594384765625,6.159504673450152,5.998822196068446,6.10594384765625,17099626
2020-08-12,6.132724158799918,6.159504339120623,5.945260585328571,6.02560205078125,16360731
2020-08-13,6.0791632036366465,6.159504673450152,6.052383021862348,6.10594384765625,10365421
2020-08-14,6.079163274124757,6.132724562785009,5.945260976964747,5.998822265625,15495532
2020-08-17,5.945260792922585,6.105943729438602,5.918480611666779,6.0791630859375,11724225
2020-08-18,6.105943779298945,6.320187542321356,6.052382954104668,6.2130654296875,18815761
2020-08-19,6.213065337326385,6.293406805046125,6.18628515625,6.18628515625,11988657
2020-08-20,6.186285037338155,6.239845860706678,6.079162928355822,6.15950439453125,18192017
2020-08-21,6.159504238978523,6.239845703125,6.132724059093213,6.239845703125,10486494
2020-08-24,6.373747832416402,6.400528011642598,6.266626191021098,6.32018701171875,15688028
2020-08-25,6.3469674682781285,6.373748110919776,6.239845822202103,6.26662646484375,12558617
2020-08-26,6.266626717127078,6.2934068986015665,6.2130654296875,6.2130654296875,12820433
2020-08-27,6.213065060994417,6.2934065251408935,6.159504238978523,6.239845703125,9387704
2020-08-28,6.29340696905756,6.29340696905756,6.10594384765625,6.10594384765625,15644813
2020-08-31,6.159504460382282,6.213065284323423,6.025602169406785,6.0523828125,12387931
2020-09-01,6.052382445985225,6.32018701171875,6.052382445985225,6.32018701171875,26336335
2020-09-02,6.32018701171875,6.32018701171875,6.32018701171875,6.32018701171875,0
2020-09-03,6.427308963075472,6.534430609636793,6.34696749703184,6.4005283203125,26346392
2020-09-04,6.293406947824306,6.400528599050695,6.266626766140361,6.3469677734375,13533947
2020-09-07,6.346967629444187,6.373748272765864,6.18628515625,6.18628515625,17136337
2020-09-08,6.213065060994417,6.266626345255583,6.132724059093213,6.239845703125,12413807
2020-09-09,6.159504611479401,6.53443085050989,6.159504611479401,6.45408984375,20112897
2020-09-10,6.56121153813558,6.56121153813558,6.3469677734375,6.3469677734375,12148119
2020-09-11,6.3469677734375,6.3469677734375,6.3469677734375,6.3469677734375,0
2020-09-14,6.400528473947272,6.8022353515625,6.400528473947272,6.8022353515625,45615724
2020-09-15,6.96291845703125,7.177162222757906,6.909357631160912,6.96291845703125,29535509
2020-09-16,6.96291821888466,7.444966559721235,6.9361375757427925,7.3914052734375,36395329
2020-09-17,7.364624823011216,7.444966287251199,7.123600430291267,7.20394189453125,30216396
2020-09-18,7.2039420577265,7.60564892578125,7.2039420577265,7.60564892578125,20856458
2020-09-21,7.739551061991145,7.76633170422967,7.44496630859375,7.44496630859375,25838206
2020-09-22,7.3914051703696595,7.739551215132833,7.364624989846514,7.60564892578125,27313522
2020-09-23,7.685990391841257,7.712770572364403,7.525307459721244,7.60564892578125,17234785
2020-09-24,7.525308071978409,8.087697455663747,7.498527889276434,8.0073564453125,39697547
2020-09-25,8.034136287354663,8.248379576540982,7.927014642761503,8.16803857421875,24062773
2020-09-28,8.168038450324508,8.703647589656642,8.168038450324508,8.6233056640625,29915942
2020-09-29,8.623306185534549,8.650086829018754,8.14125830078125,8.14125830078125,40802717
2020-09-30,8.194819571525398,8.489403875796642,7.953794705135342,8.3822822265625,26934433
2020-10-01,8.516184384964863,8.810769609082376,8.382282094410591,8.4626240234375,19400390
2020-10-02,8.516184085885056,8.516184085885056,7.953794300409563,8.27516015625,37483001
2020-10-05,8.355501157964838,8.489403443816597,8.22159887211308,8.27516015625,20161538
2020-10-06,8.3555008501915,8.462623414519502,8.194818852680516,8.4358427734375,15935087
2020-10-07,8.382282094410591,8.783988966073407,8.301941089874258,8.4626240234375,31414429
2020-10-08,8.569745054356993,8.623305412030485,8.382281491273499,8.4358427734375,21254406
2020-10-09,8.489403502268004,8.516184144520853,8.38228185774715,8.4090625,9763418
2020-10-12,8.489403741955893,8.623306032510165,8.355501451401622,8.4626240234375,26541222
2020-10-13,8.409062197344802,8.542964479299156,8.168038274725069,8.2215986328125,24688107
2020-10-14,8.248379709060313,8.275160351761501,8.03413641643194,8.08769677734375,21203732
2020-10-15,8.194819348148503,8.275160351761501,8.060917059133129,8.08769677734375,14818534
2020-10-16,8.087696710175718,8.22159899807904,8.007355707229948,8.0609169921875,19160066
2020-10-19,8.087696787185354,8.11447742991913,7.766331847851737,7.8466728515625,22886656
2020-10-20,7.846673403363222,8.355501953125,7.819892758746153,8.355501953125,22913805
2020-10-21,8.46262417361051,8.46262417361051,8.087697013812841,8.14125830078125,16342915
2020-10-22,8.168038512466701,8.30194079831846,8.11447722832978,8.27516015625,14620258
2020-10-23,8.301941169343145,8.40906281791385,8.2483798828125,8.2483798828125,19389927
2020-10-26,8.248379576540982,8.462623790217851,8.16803857421875,8.16803857421875,18355050
2020-10-27,8.168038274725069,8.248379274101474,8.11447699214712,8.2215986328125,14017883
2020-10-28,8.168039390505637,8.194820035452935,7.9805758003652025,8.0073564453125,19572154
2020-10-29,7.900234492779036,8.060917431926711,7.819892560959896,7.92701513671875,15307225
2020-10-30,8.03413671875,8.141258369095087,7.927015068404912,8.03413671875,15823700
2020-11-02,8.087696695886827,8.54296484375,8.03413633551446,8.54296484375,27587358
2020-11-03,8.623306548840695,8.944672435209336,8.596526828718835,8.83755078125,36259463
2020-11-04,8.891110535076617,8.971452463393804,8.783988888477605,8.81076953125,18489802
2020-11-05,8.810769476032233,8.917891121959906,8.6768671875,8.6768671875,17800662
2020-11-06,8.703648701902566,9.078574962449068,8.650087411328501,9.025013671875,26882540
2020-11-09,9.158914788934316,9.480280641822432,9.078573787957556,9.4535,26714664
2020-11-10,9.640964080974335,9.640964080974335,9.185695919253371,9.2124765625,24639731
2020-11-11,9.319598493391288,9.587403084991234,9.212476841649432,9.533841796875,28619460
2020-11-12,9.587403084991234,9.614183729049351,9.399939501075027,9.533841796875,11820269
2020-11-13,9.48028052264319,9.855206729972332,9.453499881157425,9.6677431640625,17065037
2020-11-16,9.667744374385531,9.801646674087316,9.560622719522234,9.7213056640625,26662824
2020-11-17,9.828426906801475,10.256914432778022,9.748085900145508,10.2301337890625,20775507
2020-11-18,10.230133181186712,10.417596751565656,10.042669610807769,10.2033525390625,23450146
2020-11-19,10.069451171875,10.203353470225508,9.935548873524493,10.069451171875,26499226
2020-11-20,10.096230963009038,10.123011605313499,9.801645746641078,9.85520703125,28117213
2020-11-23,9.48028125,9.640964186752164,9.373159600328755,9.48028125,33893196
2020-11-24,9.614182799861586,10.0158896484375,9.614182799861586,10.0158896484375,23717548
2020-11-25,10.015889274147625,10.123010911533337,9.6945234375,9.6945234375,14892256
2020-11-26,9.614183331219227,9.9087685546875,9.560622045319331,9.9087685546875,13764338
2020-11-27,10.015890761462568,10.09623177030951,9.828427174832203,9.935548828125,13046600
2020-11-30,10.06945045166963,10.06945045166963,9.614183224534726,9.6409638671875,15571710
2020-12-01,9.480281168260051,9.935548406560132,9.480281168260051,9.8284267578125,19102676
2020-12-02,9.74808588766558,9.774866531346817,9.560622306387527,9.61418359375,23283721
2020-12-03,9.640964512692463,9.962329472570856,9.614183868246606,9.935548828125,19611852
2020-12-04,10.069450320704577,10.096230963009038,9.774866028827171,9.85520703125,33242905
2020-12-07,9.962328944414804,10.52471875,9.908768582853238,10.52471875,34628998
2020-12-08,10.71218187564313,10.899645460620304,10.60506022329501,10.7657431640625,25362047
2020-12-09,10.7925234375,10.899645086168006,10.6318405022527,10.7925234375,18905531
2020-12-10,10.81930402821651,10.92642567636399,10.578279164271455,10.65862109375,27097430
2020-12-11,10.79252317830729,11.167449401886392,10.658620889565428,11.0871083984375,17929034
2020-12-14,11.2210107444404,11.462034680507587,11.140668816090958,11.354912109375,18669661
2020-12-15,11.247790831582133,11.354912481736998,11.087108818595135,11.19423046875,23262352
2020-12-16,11.19423009940973,11.301351746030242,11.167449456631958,11.2210107421875,15625230
2020-12-17,11.22101116187295,11.595937401312927,11.087108867466487,11.3281328125,17859925
2020-12-18,11.354912807139131,11.729839980161486,11.328133087200927,11.649498046875,13554945
2020-12-21,11.890520809237607,11.890520809237607,11.381692313912248,11.5959365234375,21002522
2020-12-22,11.595936766844774,11.863741341004856,11.462034479764732,11.7833994140625,12044227
2020-12-23,11.970862672864099,12.3190082403758,11.810179747670034,11.94408203125,12933605
2020-12-24,12.10476589569441,12.10476589569441,11.19423048159718,11.8101806640625,24019717
2020-12-25,11.890521115371033,11.944082400253969,11.595936821986557,11.9173017578125,11648223
2020-12-28,11.97086341419269,12.18510671139203,11.729839473720789,11.890521484375,14801354
2020-12-29,11.783399783779391,11.944082718215151,11.729839421961191,11.756619140625,11525418
2020-12-30,11.75661970009969,11.75661970009969,11.62271740244617,11.649498046875,8899650
2020-12-31,11.595937594231673,11.8637421875,11.595937594231673,11.8637421875,11186168
2021-01-01,11.8637421875,11.8637421875,11.8637421875,11.8637421875,0
2021-01-04,12.265448941969451,12.693935546875,12.158326366252455,12.693935546875,1842474
2021-01-05,12.77427673612255,13.175983598239135,12.693934809004901,12.74749609375,1292929
2021-01-06,12.988520781115524,12.988520781115524,12.66715490294575,12.693935546875,1252595
2021-01-07,12.693935461989291,13.06886170101978,12.6135944552294,12.9081796875,1390830
2021-01-08,12.854618399999673,13.202763995279996,12.693935461989291,12.9081796875,1409618
2021-01-11,12.988520694259888,13.095642344769944,12.774277393239784,12.9081796875,880152
2021-01-12,12.908178939916688,13.550909730243553,12.908178939916688,13.4437880859375,1689675
2021-01-13,13.658031190955258,13.658031190955258,13.309885620517802,13.52412890625,1046206
2021-01-14,13.524129459750252,13.55091010268546,13.309886165249747,13.4170078125,1114449
2021-01-15,13.443788508576313,13.658031803923688,13.443788508576313,13.55091015625,1212226
2021-01-18,13.65803125,14.059738105852384,13.65803125,13.65803125,1244411
2021-01-19,13.658031775855354,13.952616999720531,12.720715742778339,13.068861328125,1956794
2021-01-20,13.202763115913406,13.30988568377919,12.211886759079217,13.1759833984375,1315482
2021-01-21,13.6044701358082,14.05973828125,13.309885844100561,14.05973828125,2227042
2021-01-22,14.059738337509613,14.568566845074976,13.925836050019225,14.193640625,1775557
2021-01-25,14.193640864667382,14.595347733921583,14.032957932067585,14.381103515625,1475704
2021-01-26,14.354324041463048,14.354324041463048,13.390227353953627,13.470568359375,1882348
2021-01-27,13.497349265588008,13.79193449868879,12.560033203125,12.560033203125,2049393
2021-01-28,11.70305859375,12.051204175780212,11.70305859375,11.70305859375,2298855
2021-01-29,10.953206431067166,12.50647265625,10.953206431067166,12.50647265625,2988349
2021-02-01,12.586813136542744,13.175983569491148,11.7833994140625,11.7833994140625,2301435
2021-02-02,11.890521456018114,12.23866796875,11.515595224568115,12.23866796875,1613779
2021-02-03,12.47969170094104,12.961739572712263,12.211887122292454,12.801056640625,1953171
2021-02-04,12.801056640625,13.095641862036556,12.586813347502359,12.801056640625,1300476
2021-02-05,12.8546181640625,13.042081742382289,12.720715872259962,12.8546181640625,1077261
2021-02-08,12.908179344032185,13.47056822536827,12.05120431377341,12.5868134765625,2218417
2021-02-09,12.5868134765625,12.5868134765625,12.5868134765625,12.5868134765625,0
2021-02-10,12.5868134765625,12.5868134765625,12.5868134765625,12.5868134765625,0
2021-02-11,12.5868134765625,12.5868134765625,12.5868134765625,12.5868134765625,0
2021-02-12,12.5868134765625,12.5868134765625,12.5868134765625,12.5868134765625,0
2021-02-15,12.5868134765625,12.5868134765625,12.5868134765625,12.5868134765625,0
2021-02-16,12.5868134765625,12.5868134765625,12.5868134765625,12.5868134765625,0
2021-02-17,13.20276346717113,13.658031619241441,13.149203106303812,13.6312509765625,1715109
2021-02-18,13.443788588425518,13.658031885045387,13.309886296915453,13.336666015625,1967894
2021-02-19,13.202763775316305,13.658031938012321,13.202763775316305,13.470568359375,1426727
2021-02-22,13.577691267576027,14.032958517013688,13.524129979646602,13.7919345703125,2473588
2021-02-23,13.925836252535808,14.006177256402179,13.658031673660481,13.7651533203125,1467909
2021-02-24,13.7651533203125,13.7651533203125,13.7651533203125,13.7651533203125,0
2021-02-25,13.7651533203125,13.7651533203125,13.7651533203125,13.7651533203125,0
2021-02-26,13.604470190246072,14.27398162769801,13.604470190246072,14.193640625,3085489
2021-03-01,14.568567172988137,15.077395692006348,14.407884239484867,14.9970546875,2250055
2021-03-02,15.211298734879525,15.238079379203102,14.889933776468467,14.943494140625,1992215
2021-03-03,14.916712942221526,15.26485945651491,14.836371936725676,15.050615234375,1946667
2021-03-04,15.104176657030765,15.479102893538215,14.729250420523314,14.8363720703125,1992957
2021-03-05,14.809591476592555,15.104176707872355,14.622128819953117,14.9702744140625,1591757
2021-03-08,15.211297360902305,15.693345217222696,14.970273432742108,15.4523212890625,1946119
2021-03-09,15.264859933421368,15.505883881929602,15.15773828125,15.15773828125,1600771
2021-03-10,15.130957164361437,15.211298169857285,14.782810650068052,15.050615234375,1354543
2021-03-11,15.184516840761324,15.318419126867468,15.023834837026387,15.238078125,1302526
2021-03-12,15.291638426388838,15.371980352440234,15.10417578125,15.10417578125,1196230
2021-03-15,15.211297796680972,15.291638800205828,15.0773955078125,15.0773955078125,1054407
2021-03-16,15.15773828125,15.264859933421368,14.997055340747638,15.15773828125,1213410
2021-03-17,15.26485913709936,15.371980783682513,15.157737490516206,15.2112978515625,1056228
2021-03-18,15.37198046875,15.479102113138504,15.264858824361495,15.37198046875,883315
2021-03-19,15.371980397105968,15.800467897153489,15.318419112916073,15.586224609375,1399190
2021-03-22,15.639784734769265,15.720126664599604,15.39876171875,15.39876171875,940758
2021-03-23,15.371981208893441,15.586225432476617,15.13095726629164,15.318419921875,1123198
2021-03-24,15.104176306269219,15.291638957924235,14.515005859375,14.515005859375,1736796
2021-03-25,14.70246991321383,14.863152851632094,14.461445967831736,14.62212890625,1516338
2021-03-26,14.568567198478084,14.80959113690941,13.979396749432105,14.648908203125,1612701
2021-03-29,14.782811152635732,14.836372441114266,14.622129136181364,14.809591796875,935668
2021-03-30,14.943492555545411,14.943492555545411,14.702468631180247,14.9167119140625,936516
2021-03-31,14.943493272859333,15.345200140914082,14.889932911813041,15.2112978515625,1225924
2021-04-01,15.50588341913381,15.613005992598566,15.371981126793456,15.5326640625,1571395
2021-04-02,15.693345833734641,15.746907119647963,15.39876153468309,15.4791025390625,1541436
2021-04-05,15.586224498585429,15.639783933413524,15.318419004030108,15.4523212890625,1310586
2021-04-06,15.371981023252628,15.532663957876863,15.264859375,15.264859375,1002903
2021-04-07,15.264859477174005,15.800468646512783,15.184517547078835,15.6665654296875,1272179
2021-04-08,15.773687737609052,15.93436974611325,15.666565165952157,15.8272490234375,1515949
2021-04-09,15.827249259449506,16.22895521119071,15.800468616135936,16.14861328125,1448732
2021-04-12,16.2289560546875,16.309297988803966,16.148614120571033,16.2289560546875,1544530
2021-04-13,16.202174217104485,16.282516145305816,15.693345703125,15.693345703125,1854687
2021-04-14,15.532663674224148,16.175393552002586,15.31841945714077,16.0414921875,1624119
2021-04-15,16.17539315956785,17.059148800175986,15.907588588078818,16.898466796875,2960741
2021-04-16,16.92524817965721,17.112710833209526,16.336077726800013,16.84490625,2045858
2021-04-19,17.08592966961161,17.51441625010416,16.79134445215507,17.434076171875,2175308
2021-04-20,17.434075939853063,17.487635374966004,16.764563586639937,16.898466796875,2494161
2021-04-21,16.898466796875,16.898466796875,16.898466796875,16.898466796875,0
2021-04-22,16.84490659546915,17.085930540402725,15.720126953125,15.720126953125,1921268
2021-04-23,15.854029902763076,16.17539392456357,15.586225318608546,16.14861328125,1643526
2021-04-26,16.1753935546875,16.630662631626567,16.121834118266257,16.1753935546875,1828952
2021-04-27,16.17539328389378,17.08592957354741,16.17539328389378,16.818125,1930494
2021-04-28,16.818125739987366,17.112710968749198,16.523540511225534,16.764564453125,1719881
2021-04-29,16.925247811695584,17.326953753286045,16.7645639558745,17.005587890625,2274251
2021-04-30,17.005587890625,17.005587890625,17.005587890625,17.005587890625,0
2021-05-03,17.005587890625,17.005587890625,17.005587890625,17.005587890625,0
2021-05-04,16.711003201266514,18.05002613072456,16.603882476298583,17.99646484375,3324188
2021-05-05,18.130366940719473,18.47851343555727,17.942904296875,17.942904296875,2100508
2021-05-06,17.78221962600442,18.960560416368587,17.755438985406965,18.692755859375,3307273
2021-05-07,18.505295098220024,19.897877456429818,18.505295098220024,19.656853515625,3689720
2021-05-10,19.7371959314925,20.995876953125,19.65685399958578,20.995876953125,2493931
2021-05-11,20.995877280904104,21.210120587018817,20.031781478897283,20.219244140625,4563103
2021-05-12,20.031779786348206,20.433485720249212,19.844315291478715,20.406705078125,2642930
2021-05-13,20.513827145369888,20.888752427985448,20.031779296875,20.031779296875,2365064
2021-05-14,20.085339356800237,20.353143930863734,19.576510850977698,19.7104140625,3068009
2021-05-17,19.603291968545133,20.27280434442612,19.174805379247733,20.08533984375,2847145
2021-05-18,20.460266708985518,20.995875862581205,20.35314413867393,20.594169921875,2700515
2021-05-19,20.808412236461248,21.10299744200479,20.620947747218338,20.7280703125,2352392
2021-05-20,20.46026575210126,20.728070316374446,20.379923828125,20.379923828125,2311740
2021-05-21,20.085338851331027,20.54060791006841,20.05856005868159,20.299583984375,1898786
2021-05-24,20.513828389816688,20.8351942579689,20.35314453125,20.35314453125,1832099
2021-05-25,20.353145378823825,21.611828260754052,20.246024650966323,21.531486328125,3498832
2021-05-26,21.638606457570692,21.85284973803536,21.29045997120247,21.424361328125,2090327
2021-05-27,21.37080357766399,22.17421732940991,21.34402293437434,21.585046875,1996244
2021-05-28,21.933191143167885,22.22777636504562,21.585046484660584,22.093875,2215589
2021-05-31,22.924069678796904,23.51323828125,22.442021799980203,23.51323828125,2189006
2021-06-01,23.781043995506423,24.263093746244095,23.29899609375,23.29899609375,1970475
2021-06-02,22.977627912859216,23.513237049936546,22.816945911328443,23.191873046875,2098369
2021-06-03,23.298994364757874,24.102408091058564,23.03118978932431,23.834603515625,1899563
2021-06-04,23.861385657223593,24.825481449763945,23.83460501309956,24.691580078125,2191622
2021-06-07,24.905822802811866,25.173627388841695,23.834604458692542,24.31665234375,20231459
2021-06-08,24.31665234375,24.31665234375,24.31665234375,24.31665234375,0
2021-06-09,22.656264631080187,23.459678362273582,22.06709419174214,23.1383125,23325610
2021-06-10,22.950851414137723,23.727484555630014,22.924070769708894,23.29899609375,17654297
2021-06-11,23.29899485406334,23.834604016178872,23.111532202017255,23.593580078125,16894280
2021-06-14,24.10240894302621,24.20953151657863,23.834604358126338,24.04884765625,18148838
2021-06-15,24.686223593961195,24.980808830516878,24.332722419483122,24.656765625,17239035
2021-06-16,24.62730672139821,24.62730672139821,23.56679954024924,23.861384765625,17054253
2021-06-17,23.33113202301911,24.7451403605926,23.33113202301911,24.627306640625,17797077
2021-06-18,24.74514000243944,25.36376841005137,24.450554782293597,25.33430859375,31014935
2021-06-21,25.27539356252398,25.569978793199134,24.745140886901176,24.862974609375,20163090
2021-06-22,24.921890016053418,25.039725585002174,24.568388856150623,24.627306640625,13878895
2021-06-23,24.62730668037366,24.62730668037366,24.12651198296722,24.244345703125,9873946
2021-06-24,24.2443457435116,24.45055521637652,23.743551045270927,23.861384765625,12255384
2021-06-25,23.949759737717425,24.42109645275606,23.50788283854321,24.332720703125,11476408
2021-06-28,25.039725888624783,25.540520591295397,24.892432350143395,25.187017578125,27292944
2021-06-29,25.304851263072013,25.304851263072013,24.53893115060802,24.745140625,15942187
2021-06-30,24.745140440915623,25.069183634123657,24.56838893589991,24.68622265625,14000530
2021-07-01,24.774599372313986,25.216476303057984,24.656765647381,25.098642578125,21083144
2021-07-02,25.334309764877613,25.334309764877613,24.92189080740479,24.98080859375,17569072
2021-07-05,24.98080859375,24.98080859375,24.98080859375,24.98080859375,0
2021-07-06,24.98080859375,24.98080859375,24.98080859375,24.98080859375,0
2021-07-07,24.98080859375,24.98080859375,24.98080859375,24.98080859375,0
2021-07-08,24.98080859375,24.98080859375,24.98080859375,24.98080859375,0
2021-07-09,21.622538303026566,22.152790963496447,20.385281478936463,20.886076171875,25146098
2021-07-12,20.886076171875,20.886076171875,20.886076171875,20.886076171875,0
2021-07-13,19.796110843803927,20.09069606322419,19.442609689888286,20.0023203125,17187457
2021-07-14,20.0023203125,20.0023203125,20.0023203125,20.0023203125,0
2021-07-15,20.09069604730732,21.210119140625,20.061238080082965,21.210119140625,15793397
2021-07-16,21.210119140625,21.210119140625,21.210119140625,21.210119140625,0
2021-07-19,20.031782001820837,20.385283188790964,19.501529296875,19.501529296875,19103084
2021-07-20,19.737195985389018,20.856619140625,19.148025514426667,20.856619140625,25559688
2021-07-21,21.62253980672018,21.62253980672018,20.91553559393285,21.092287109375,24441838
2021-07-22,21.00391011581856,21.59308056663906,20.91553436329737,21.38687109375,20992199
2021-07-23,21.18066065842394,21.357412155434837,20.562032267866876,20.591490234375,21702565
2021-07-26,20.385280981858237,20.620948414324708,19.678276835477725,20.267447265625,19499000
2021-07-27,20.797701688046605,21.26903844218465,20.56203423546821,21.033369140625,22429963
2021-07-28,20.856619832866397,21.38687253473937,20.856619832866397,21.151205078125,20204706
2021-07-29,21.1806604896502,21.887664623079093,21.151202523376806,21.74037109375,17722521
2021-07-30,21.74037173158047,22.152790667432,21.681455797305176,21.976041015625,15462236
2021-08-02,21.74037181184261,22.47683578485164,21.681455877349805,22.03495703125,2653132092
2021-08-03,22.093874274707158,22.270625771827667,21.445787917240057,21.7992890625,28336560
2021-08-04,21.7992890625,21.7992890625,21.7992890625,21.7992890625,0
2021-08-05,22.005498821585157,22.7419609375,21.85820713799463,22.7419609375,16919764
2021-08-06,22.741962105663877,22.741962105663877,22.3884609375,22.3884609375,15783917
2021-08-09,22.15279076460246,22.94817067265671,22.064416862801878,22.859794921875,17445509
2021-08-10,22.859794921875,22.859794921875,22.859794921875,22.859794921875,0
2021-08-11,22.977628862329446,23.03654664641457,22.506293985573006,22.535751953125,14383430
2021-08-12,22.388459274414313,22.683044483825416,22.09387406500321,22.12333203125,16499907
2021-08-13,22.093875,22.211708718954867,21.41632880478309,22.093875,21183247
2021-08-16,22.38846101604825,22.59467049377928,22.12333375225927,22.447376953125,13505154
2021-08-17,22.447376953125,22.447376953125,22.447376953125,22.447376953125,0
2021-08-18,23.419507062966844,23.949759711184683,23.331131313433687,23.5078828125,18925693
2021-08-19,23.59625835059406,23.92030152999125,23.537340568439536,23.83192578125,12999333
2021-08-20,23.68463376823809,23.7730095226431,22.211709458771136,22.830337890625,36195258
2021-08-23,22.4473761568646,22.741961378742335,22.093875,22.093875,17465755
2021-08-24,22.093875080423675,22.41791827097439,21.79928985747362,22.152791015625,10877553
2021-08-25,22.21170846912141,22.94817059104159,22.064416784329822,22.80087890625,16157338
2021-08-26,22.948171663183384,22.97762963172176,22.329543229990296,22.447376953125,14002779
2021-08-27,22.211708763109662,22.653585672314108,21.976041324731444,22.535751953125,12004884
2021-08-30,22.683046482033948,23.448966614789864,22.624128695369084,23.390048828125,17336729
2021-08-31,23.743550245267684,23.861383961651526,23.036546097983532,23.5078828125,17583533
2021-09-01,23.06600333214455,23.80246727186677,23.06600333214455,23.5962578125,16781901
2021-09-02,23.5962578125,23.5962578125,23.5962578125,23.5962578125,0
2021-09-03,23.5962578125,23.5962578125,23.5962578125,23.5962578125,0
2021-09-06,23.86138515019261,25.245935546875,23.831927181874615,25.245935546875,35817500
2021-09-07,25.6288945408367,25.74673011142224,24.804056640625,24.804056640625,27655277
2021-09-08,24.804056640625,24.804056640625,24.804056640625,24.804056640625,0
2021-09-09,25.86456381428022,26.659941896778466,25.658354339376753,26.453732421875,29369251
2021-09-10,26.512650207125066,26.7777774672786,26.041313472068065,26.453732421875,19588016
2021-09-13,26.51264866830983,26.630482382989623,25.71726878299489,25.80564453125,22044492
2021-09-14,25.717269716032,26.1886064408326,25.717269716032,25.7761875,16135806
2021-09-15,25.68781201278695,27.573155233421463,25.54052032482347,27.543697265625,32914976
2021-09-16,27.749906168759026,28.221242888736818,27.190195547205192,27.690990234375,20700725
2021-09-17,27.690990234375,28.45691032423516,27.484778917087556,27.690990234375,25362052
2021-09-20,27.98557469327815,28.044492478935997,26.512650390625,26.512650390625,34326068
2021-09-21,26.512650390625,26.512650390625,26.512650390625,26.512650390625,0
2021-09-22,26.512650390625,26.512650390625,26.512650390625,26.512650390625,0
2021-09-23,27.573153944371864,28.015032685566702,27.101819085738796,27.396404296875,15534863
2021-09-24,27.278571044760152,27.57315628085884,26.748318359375,26.748318359375,1968763836
2021-09-27,27.04290159020057,27.278569022011926,25.923478515625,25.923478515625,20825252
2021-09-28,25.92347941461771,27.219654032492,25.658354006881005,27.1018203125,16634397
2021-09-29,26.807234905371782,27.39640535029847,26.807234905371782,27.04290234375,12023523
2021-09-30,27.131277052158097,27.808823222669467,27.131277052158097,27.396404296875,15533417
2021-10-01,27.16073628834634,27.86774045832957,27.131278320549878,27.543697265625,15183777
2021-10-04,27.926658937648973,28.78095481684842,27.779365397040046,28.66312109375,49990658
2021-10-05,28.663119925285642,28.69257789261408,28.191783203125,28.191783203125,16332800
2021-10-06,28.191783203125,28.191783203125,28.191783203125,28.191783203125,0
2021-10-07,28.545286888953342,28.574744856985543,27.985574402454418,28.0444921875,18503426
2021-10-08,28.0444921875,28.0444921875,28.0444921875,28.0444921875,0
2021-10-11,28.0444921875,28.0444921875,28.0444921875,28.0444921875,0
2021-10-12,28.339077451292955,28.486369140625,28.103410008769213,28.486369140625,16835407
2021-10-13,28.574745573126282,28.751497083711605,28.19178458318516,28.339078125,11282788
2021-10-14,28.339078125,28.339078125,28.339078125,28.339078125,0
2021-10-15,28.663118730037713,29.635250101149698,28.663118730037713,29.311205078125,24132689
2021-10-18,29.311205078125,29.311205078125,29.311205078125,29.311205078125,0
2021-10-19,29.281749477046795,29.39958319994519,28.8693305224118,29.04608203125,15556716
2021-10-20,29.163915570223498,29.193373538517015,28.456911388310697,28.9871640625,16309662
2021-10-21,29.163913875895297,29.399581306514328,28.810410880985675,29.10499609375,12888624
2021-10-22,29.252291058387087,29.252291058387087,28.751496357040015,28.869330078125,11253545
2021-10-25,28.869330078125,28.869330078125,28.869330078125,28.869330078125,0
2021-10-26,28.869330078125,28.869330078125,28.869330078125,28.869330078125,0
2021-10-27,28.869330078125,28.869330078125,28.869330078125,28.869330078125,0
2021-10-28,28.63366317514279,28.63366317514279,28.13286846436548,28.28016015625,11031485
2021-10-29,28.456910867611846,28.51582865210201,27.602615010881994,27.926658203125,18432406
2021-11-01,27.926658203125,27.926658203125,27.926658203125,27.926658203125,0
2021-11-02,27.10182061161535,26.983986890322853,26.895611137108187,27.66153125,17917748
2021-11-03,27.101819811508175,27.219653529321953,26.218064154433158,26.48319140625,24359730
2021-11-04,26.512651522803132,27.2196557359828,26.218066279896494,26.98398828125,11940612
2021-11-05,27.160735843341005,27.69099034887653,26.689400970395372,27.3669453125,12899390
2021-11-08,27.39640656352731,27.57315622564763,26.95452778577346,27.131279296875,12015007
2021-11-09,27.219654526226066,27.39640603391071,26.895611328125,26.895611328125,10383141
2021-11-10,26.748317113818516,26.895610649499634,26.159148518037465,26.218064453125,20906717
2021-11-11,25.982395564847295,26.159147058208443,25.33430737218343,25.628892578125,23469884
2021-11-12,25.628894266461625,26.542107910345308,25.628894266461625,26.3358984375,10254758
2021-11-15,26.33589708712979,26.365356902440826,25.658352767654016,25.746728515625,11780093
2021-11-16,25.56997806567233,26.15914851025934,25.363768594964988,25.3932265625,8183432
2021-11-17,25.393227736202732,25.746730758886688,25.0397265625,25.0397265625,10828064
2021-11-18,24.921889258087205,24.980807040769676,23.5078828125,23.5078828125,29570904
2021-11-19,23.44896554145268,23.50788332542068,21.887665529583696,22.093875,23737899
2021-11-22,22.093876217248585,23.036547869804572,22.093876217248585,22.62412890625,11798732
2021-11-23,22.741961649613568,23.183838563202638,22.683045713924976,23.036546875,8225369
2021-11-24,23.066004149891263,23.066004149891263,22.270626099122058,22.359,15289666
2021-11-25,22.38846030917829,23.183838377470387,22.38846030917829,22.97762890625,12891517
2021-11-26,23.154380555415226,23.8613847253268,23.154380555415226,23.4195078125,12973142
2021-11-29,22.88925492312005,23.272214047627795,22.88925492312005,22.918712890625,7385656
2021-11-30,23.095466293787283,23.773010696032625,22.859796987414676,23.30167578125,14742229
2021-12-01,23.301674398238305,23.625717595163923,23.095464923014625,23.154380859375,7286355
2021-12-02,23.39004848758381,23.448966273390877,23.124923073904995,23.213298828125,5362695
2021-12-03,23.301673855004378,23.301673855004378,22.093875,22.093875,13325674
2021-12-06,21.858207825192576,22.270626770989374,20.562033203125,20.562033203125,19930907
2021-12-07,21.15120339046977,21.475246579704436,20.562032946962493,21.269037109375,10771183
2021-12-08,21.681457141150624,21.681457141150624,20.886077187286507,20.91553515625,6250773
2021-12-09,20.886076171875,21.23957732919454,20.738784485237144,20.886076171875,6265395
2021-12-10,21.00390957116613,21.062827354312844,20.326365234375,20.326365234375,13624057
2021-12-13,20.385281036002652,20.856617751168585,20.355823069111374,20.70932421875,7493311
2021-12-14,20.738784534038345,22.152791015625,20.70932471745654,22.152791015625,15869881
2021-12-15,22.359000405403165,22.68304544375547,22.093875,22.093875,9429987
2021-12-16,22.093875490620427,22.30008496561585,21.681456540629576,21.887666015625,7231885
2021-12-17,21.85820755288228,21.85820755288228,21.269037109375,21.269037109375,11233460
2021-12-20,21.210120654549424,21.56362368239827,20.974453201971027,21.033369140625,8665793
2021-12-21,20.91553332875808,21.003909076907966,20.385280688839835,20.53257421875,14030256
2021-12-22,20.56203343124156,20.8566186599333,20.09069669553854,20.237990234375,10028842
2021-12-23,20.326366021867546,20.6798671875,19.47206830253871,20.6798671875,15019241
2021-12-24,21.210120654549424,21.475247925436058,20.76824371871962,21.033369140625,9132729
2021-12-27,21.21011909075071,21.21011909075071,20.679866437053636,20.7682421875,4409541
2021-12-28,20.679868315914977,21.357414564907895,20.56203458760779,21.151205078125,11694611
2021-12-29,21.151202523376806,22.005498337153732,21.003908994047713,21.74037109375,11880679
2021-12-30,21.917122589352488,22.005498337153732,21.563621447128572,21.74037109375,5149151
2021-12-31,21.74037181184261,22.300084283410982,21.62253809387588,22.03495703125,12968804
2022-01-03,22.03495703125,22.03495703125,22.03495703125,22.03495703125,0
2022-01-04,22.2411666864483,22.624127659787472,22.034957216031998,22.093875,11637891
2022-01-05,22.182250023267414,22.447375419967102,21.769831095973608,21.7992890625,9491849
2022-01-06,21.681457594861318,21.681457594861318,20.97445338207399,21.092287109375,15356508
2022-01-07,20.97445173743772,21.357412707873447,20.738784301314716,20.827158203125,13542753
2022-01-10,21.03336767197791,21.445788458664854,20.797700235854904,20.827158203125,8416257
2022-01-11,20.97445168789704,21.180661156262893,20.38528125,20.38528125,7796032
2022-01-12,20.385282138511567,20.915534816138013,20.20853062964235,20.73878515625,10425721
2022-01-13,20.944993920140337,21.681456050033866,20.738784449810904,21.269037109375,10854094
2022-01-14,20.915534139406343,21.504704583920052,20.79770042029983,20.886076171875,4389456
2022-01-17,20.827159942183226,20.944995519065067,19.442611328125,19.442611328125,13334029
2022-01-18,19.619362082865095,20.031781038998073,18.382105214466165,19.530986328125,12217143
2022-01-19,19.73719657236705,19.796112511826692,19.29531778151334,19.442611328125,4951032
2022-01-20,19.324778103958682,19.796113027847106,18.794525390093536,19.678279296875,7032642
2022-01-21,19.64881983359027,19.64881983359027,19.03019140625,19.03019140625,8215568
2022-01-24,19.00073321899162,19.00073321899162,17.70455859375,17.70455859375,12376698
2022-01-25,17.675100663230634,18.20535333182113,17.380515436462318,18.146435546875,7419238
2022-01-26,18.441020959826517,18.67668840402803,18.205353515625,18.205353515625,4882422
2022-01-27,18.38210410583576,18.55885375567492,17.675099959535842,17.851849609375,7068313
2022-01-28,18.028600269930955,18.234809725972898,17.851848779329,17.88130859375,4689606
2022-01-31,17.88130859375,17.88130859375,17.88130859375,17.88130859375,0
2022-02-01,17.88130859375,17.88130859375,17.88130859375,17.88130859375,0
2022-02-02,17.88130859375,17.88130859375,17.88130859375,17.88130859375,0
2022-02-03,17.88130859375,17.88130859375,17.88130859375,17.88130859375,0
2022-02-04,17.88130859375,17.88130859375,17.88130859375,17.88130859375,0
2022-02-07,18.26426892974253,18.91235715623017,17.91076777355202,18.7945234375,5968619
2022-02-08,18.61777111941822,20.0906953125,18.58831315327128,20.0906953125,11094793
2022-02-09,20.47365859428112,21.475248046875,20.326366897832024,21.475248046875,13728338
2022-02-10,21.769832258538283,22.15279139077562,21.29849552404003,21.4457890625,18808236
2022-02-11,21.23957678604378,22.0938744634364,21.033367320635403,21.85820703125,15456773
2022-02-14,21.534162781964547,22.38846049034862,21.38687109375,21.38687109375,15665496
2022-02-15,21.38687109375,21.38687109375,21.38687109375,21.38687109375,0
2022-02-16,21.210120774489113,21.475248046875,20.944995351084494,21.475248046875,9330205
2022-02-17,21.5047052609762,21.9171242153242,21.327953752260996,21.563623046875,7907062
2022-02-18,21.327951705957105,22.211707315760247,21.269035774692178,21.946580078125,15768813
2022-02-21,22.064416986854294,22.211708672997837,21.593080263028902,21.651998046875,11762097
2022-02-22,21.210120836676012,21.475248109839235,20.650410169750895,21.092287109375,14554233
2022-02-23,21.09228712259886,21.74037354765137,21.062829153000457,21.5341640625,8843505
2022-02-24,21.534162741353224,21.858207782980198,20.503115378852385,20.944994140625,14248459
2022-02-25,21.38687140200999,21.38687140200999,20.915534664763737,21.121744140625,8396172
2022-02-28,21.327953270031706,22.594669921875,21.21011954987955,22.594669921875,35134128
2022-03-01,23.331131913474174,24.038136078941374,22.859795186835658,22.97762890625,35956649
2022-03-02,22.918714850587783,23.50788534495827,22.918714850587783,23.360591796875,19615653
2022-03-03,23.68463351191181,24.892432394073563,23.566799790307446,24.804056640625,34104330
2022-03-04,24.98080834813641,24.98080834813641,23.979218932984075,24.03813671875,25339075
2022-03-07,24.450554996114988,25.628894038021865,24.332721276822415,25.010265625,24945891
2022-03-08,24.56838885421977,24.980807798564534,23.655175213316213,23.80246875,23933928
2022-03-09,24.21488817994236,24.71568103756275,23.419508243046845,24.42109765625,24438785
2022-03-10,24.2738034050889,24.804056064482534,23.94976021595841,24.12651171875,17875007
2022-03-11,24.15597177937703,24.509472966610545,23.095466368695188,23.360591796875,22361192
2022-03-14,23.861385244987932,24.03813675356047,22.3884609375,22.3884609375,21200922
2022-03-15,22.388459761993825,22.800878694354886,21.622537831048373,21.917123046875,20782190
2022-03-16,22.15278972528008,22.417916965186468,21.887664334354728,22.005498046875,11025861
2022-03-17,22.211708482796553,22.329542200498594,21.53416229478342,21.593080078125,16077801
2022-03-18,21.85820708567989,22.447375667613002,21.59307983707416,22.300083984375,21319986
2022-03-21,22.712504401279908,23.09546539131223,22.44737713533879,22.506294921875,15722216
2022-03-22,22.506293767729293,22.889254738122986,21.858207393971604,22.859794921875,26649902
2022-03-23,22.977628400032216,23.15437989975031,22.359,22.359,21566308
2022-03-24,22.476835022135745,22.535750954629332,22.09387406500321,22.12333203125,13433812
2022-03-25,22.152790452155894,22.683044949367346,21.85820708567989,22.300083984375,16994641
2022-03-28,22.21170916796597,22.683045902294676,21.976041725292205,22.270626953125,14930706
2022-03-29,22.476835022135745,22.476835022135745,22.064416098756414,22.12333203125,10746278
2022-03-30,21.858207824202633,22.241166953152916,21.357413125903324,21.38687109375,17739072
2022-03-31,21.56362268335186,21.799290125011744,20.385281777090118,20.62094921875,20913948
2022-04-01,20.503115636060247,21.151203878463186,20.503115636060247,21.062828125,9838597
2022-04-04,21.26903741432393,21.298495382227312,20.974452188346618,21.00391015625,7210193
2022-04-05,21.06282794103793,21.298495382227312,20.974452188346618,21.00391015625,6870676
2022-04-06,20.85661890864429,21.622539033191316,20.85661890864429,21.180662109375,10977978
2022-04-07,21.210120128142123,21.386871637679807,20.738785234683245,20.797701171875,7963782
2022-04-08,21.00391016171744,21.00391016171744,19.354234375,19.354234375,21076074
2022-04-11,19.354234375,19.354234375,19.354234375,19.354234375,0
2022-04-12,19.972863763092473,20.20853121576587,19.32477734375,19.32477734375,11281182
2022-04-13,19.472069477891516,19.737196754855084,18.97127474294787,19.501529296875,6969977
2022-04-14,19.648821071829516,20.09069801949579,19.472069553170485,19.5604453125,6423183
2022-04-15,19.619363101713443,20.296907508270895,19.5604453125,19.5604453125,9358967
2022-04-18,19.442608577004407,19.560442288231553,18.323185546875,18.323185546875,12149175
2022-04-19,18.735605254495173,18.794523037095622,17.70455792634552,17.851849609375,7815635
2022-04-20,17.734017578125,18.264270275985794,17.67510163890784,17.734017578125,10424436
2022-04-21,17.203764880264206,18.028602821154614,16.850263698017436,17.734017578125,13751315
2022-04-22,17.851851486690006,18.14643673270888,17.08593132622595,17.792935546875,9197323
2022-04-25,17.6751008695703,17.96968609977761,16.555677734375,16.555677734375,12287681
2022-04-26,15.907589812574162,16.732427734375,15.583546607435439,16.732427734375,11806445
2022-04-27,16.496759072145586,17.085929501253197,16.32000757361708,17.02701171875,7118445
2022-04-28,16.850262283641932,17.292139186605503,16.70296875,16.70296875,5236882
2022-04-29,16.67351171875,16.99755492237727,16.64405374996058,16.67351171875,8290123
2022-05-02,16.67351171875,16.67351171875,16.67351171875,16.67351171875,0
2022-05-03,16.67351171875,16.67351171875,16.67351171875,16.67351171875,0
2022-05-04,15.730839352812264,16.11379847639673,15.5246298828125,15.5246298828125,25898563
2022-05-05,15.52463043373318,15.819215665469772,14.464124154175801,14.523041015625,28245615
2022-05-06,13.66874411518658,15.524630322201645,13.66874411518658,15.318419921875,30055676
2022-05-09,14.788166717185367,15.2595025129602,14.2579140625,14.2579140625,11201324
2022-05-10,13.550910405026663,14.640874646189383,13.403617790087281,14.49358203125,9745081
2022-05-11,14.493581899604994,14.876542879867078,14.110621843833496,14.4346650390625,9545677
2022-05-12,14.198997238441859,14.375748751606084,13.433076171875,13.433076171875,11831029
2022-05-13,13.256325446533278,13.66874440701041,12.51986328125,12.51986328125,15587245
2022-05-16,12.372570598960413,13.050115898436808,11.66556640625,11.66556640625,17129291
2022-05-17,11.194230480670706,12.4609453125,10.988021003443555,12.4609453125,20134971
2022-05-18,12.667155144322663,13.02065724724927,12.578780311958981,12.60823828125,7883603
2022-05-19,12.313653360282768,12.637696553490802,12.16636074759987,12.343111328125,6331434
2022-05-20,12.343111109408913,12.81444690694792,12.07798478107388,12.667154296875,10565674
2022-05-23,12.814447405530915,13.079574668672052,12.25473583527285,12.4609453125,12236746
2022-05-24,12.490403899282267,12.519862791517138,11.60664915061358,11.901234375,18630042
2022-05-25,11.930692722520373,12.578780051902205,11.636107488756757,12.490404296875,15983482
2022-05-26,12.667153644565355,12.961738849541192,12.549319932371226,12.78498828125,11616360
2022-05-27,12.902822175039969,13.6687431640625,12.784988461187433,13.6687431640625,25948534
2022-05-30,13.845495421562442,13.904412281732236,13.462534443722912,13.5803681640625,13212716
2022-05-31,13.550910822148024,13.580368791348313,13.315242446092597,13.433076171875,9640960
2022-06-01,13.37415904924699,13.60982742072555,13.079574740512045,13.3152421875,14421833
2022-06-02,13.3152421875,13.3152421875,13.3152421875,13.3152421875,0
2022-06-03,12.814446782793905,13.256324608731491,12.667154174148044,13.02065625,11684970
2022-06-06,12.991198408831652,13.197407878035627,12.519862611292641,12.667154296875,7422773
2022-06-07,12.549321076402155,12.608237937870244,11.783400028335798,12.0485263671875,12916743
2022-06-08,12.077985084942716,12.57877978689198,11.989609331777416,12.3725703125,10859236
2022-06-09,12.519862794283663,13.226866038680493,12.343111289816521,13.1384912109375,14386965
2022-06-10,12.902822886115743,13.433075552164949,12.7555302734375,12.7555302734375,12964465
2022-06-13,12.166360612725065,12.372570083296996,11.871775390625,11.871775390625,12370753
2022-06-14,11.341522721877736,11.636107019264903,11.0469375,11.0469375,19903431
2022-06-15,10.899645020257696,11.164771353342697,10.2810166015625,10.2810166015625,18661857
2022-06-16,10.663975994860511,10.693434885375432,9.868597044843945,10.0158896484375,10546231
2022-06-17,9.54455321594024,9.898055289622164,9.33834375,9.33834375,17287079
2022-06-20,9.191052518540461,9.485636824013737,8.6902578125,8.6902578125,19700332
2022-06-21,8.130546379886628,8.92592540456009,8.130546379886628,8.336755859375,22164038
2022-06-22,8.601882527418622,8.8964677734375,8.454589904409183,8.8964677734375,10719444
2022-06-23,8.955383695987724,8.984842587287948,8.660798480947665,8.9259248046875,6802548
2022-06-24,9.014300657182494,9.544553310725975,8.925924906761729,9.367802734375,16535900
2022-06-27,9.4856360906026,10.0158896484375,9.220509773930413,10.0158896484375,13282130
2022-06-28,10.015889277830954,10.192639840908805,9.809679825328216,9.8685966796875,7361875
2022-06-29,9.691845898957101,10.398850051812143,9.63292904030094,10.1631826171875,10216516
2022-06-30,10.369392398834421,10.487226119716112,9.48563671875,9.48563671875,11827815
2022-07-01,9.485635961375642,10.045347477609745,9.073217046728463,9.95697265625,10101951
2022-07-04,10.045347477609745,10.222098969310256,9.898054876022822,9.95697265625,7264503
2022-07-05,9.89805527585548,10.51668367281579,9.89805527585548,10.1337236328125,14225482
2022-07-06,9.956972966747948,10.722893964190098,9.83913832710955,10.1042646484375,15279061
2022-07-07,10.222099516691076,10.339933234474259,9.956973189433631,10.192640625,7507933
2022-07-08,10.369392442621603,10.811269360039159,10.31047465744138,10.72289453125,11014935
2022-07-11,10.663977151285165,10.92910442119885,10.192641323367434,10.4872265625,11654120
2022-07-12,10.4872265625,10.4872265625,10.4872265625,10.4872265625,0
2022-07-13,10.840728797430659,11.017479388382172,10.487226691036994,10.5461435546875,9429023
2022-07-14,10.546142711373237,10.693435320966675,10.133723774307835,10.6050595703125,11078564
2022-07-15,10.781811391939634,11.164771448667556,10.72289453125,10.72289453125,15111954
2022-07-18,10.811269677121205,10.840728570575312,10.428309609161508,10.457767578125,10987941
2022-07-19,10.398850321935704,10.428309214274295,10.192640849037307,10.2810166015625,6363731
2022-07-20,10.487225852433975,10.840727930560114,10.339933242840535,10.6050595703125,15422227
2022-07-21,10.663976876130498,11.046937862019702,10.663976876130498,10.7818115234375,14421672
2022-07-22,10.781811206341452,10.89964492569233,10.6639765625,10.6639765625,5531248
2022-07-25,10.605060023963153,10.634518916938223,10.31047479217486,10.369392578125,7914614
2022-07-26,10.339934257852514,10.428310017182032,9.78022265625,9.78022265625,15618578
2022-07-27,9.515096177991195,9.7213056640625,9.485637283770734,9.7213056640625,8388460
2022-07-28,9.927513901383263,10.074806504976818,9.839138154329026,10.0158896484375,5944356
2022-07-29,10.104264376033644,10.25155697824283,9.956972698314972,9.9864306640625,6353608
2022-08-01,9.986431289496588,10.6639765625,9.956973321904155,10.6639765625,19013264
2022-08-02,10.722894662029299,11.046937862019702,10.663976876130498,10.7818115234375,15503691
2022-08-03,10.663976653675574,11.5182734375,10.63451868583128,11.5182734375,24452603
2022-08-04,11.84231613732383,12.019067634987621,11.547731848701753,11.724482421875,20202617
2022-08-05,11.724482307608193,12.195818089300424,11.665565450457981,12.077984375,17700990
2022-08-08,12.136901593150762,12.343111061555275,11.960151016442849,12.22527734375,17659696
2022-08-09,12.225277074585929,12.49040339605579,12.019067610721534,12.107443359375,16209559
2022-08-10,12.048526063649536,12.3136533203125,11.812858623714341,12.3136533203125,21389078
2022-08-11,12.490404037352045,12.549320897982486,11.724483000175153,11.9601513671875,18021386
2022-08-12,11.960150446910067,12.78498828125,11.871774700519213,12.78498828125,38977111
2022-08-15,12.90282275195734,13.020656471078512,12.667154389224422,12.69661328125,18049345
2022-08-16,12.69661257648208,13.315240954265063,12.667153686091716,12.8144462890625,25948052
2022-08-17,12.784989437064521,12.873365191444902,12.343111589653228,12.4609453125,23103855
2022-08-18,12.313653582213675,12.608237888398234,12.313653582213675,12.4314873046875,10910493
2022-08-19,12.431487312792878,12.578779928226492,11.930692605216713,12.019068359375,23713475
2022-08-22,12.019067915171057,12.431486853346644,11.901234196975334,12.2547353515625,14634091
2022-08-23,12.254735358467045,12.667154296875,12.254735358467045,12.667154296875,16213094
2022-08-24,12.66715510553054,12.84390661869787,12.54932137974607,12.5787802734375,14771955
2022-08-25,12.726071693605311,13.05011487122001,12.578779088010302,12.902822265625,22131581
2022-08-26,12.902823481590104,12.902823481590104,12.519863410545264,12.5787802734375,17013119
2022-08-29,12.254735217829918,12.372569859230305,11.842316284154943,12.195818359375,21515855
2022-08-30,12.372569585241594,12.460944408721645,12.077984375,12.077984375,10896835
2022-08-31,12.10744366606313,12.490403712444506,12.077984774268918,12.2547353515625,14265170
2022-09-01,12.2547353515625,12.2547353515625,12.2547353515625,12.2547353515625,0
2022-09-02,12.2547353515625,12.2547353515625,12.2547353515625,12.2547353515625,0
2022-09-05,12.372570095100329,13.1090322265625,12.372570095100329,13.1090322265625,40996055
2022-09-06,13.256324608731491,13.374158325851958,12.932281424404927,13.02065625,22871833
2022-09-07,13.13849101890457,13.226865845355873,12.667154296875,12.667154296875,35769938
2022-09-08,12.843905791522234,12.873364683316446,12.2547353515625,12.2547353515625,17184726
2022-09-09,12.284194250277856,12.667154296875,11.871775311869902,12.667154296875,20936764
2022-09-12,12.84390579875873,13.079574159773516,12.667154296875,12.667154296875,18395449
2022-09-13,12.667154615566696,12.726072400670622,12.077985084942716,12.3725703125,24205799
2022-09-14,12.62002192261695,12.902823606837325,12.584672174334719,12.7967734375,19444020
2022-09-15,12.902823606837325,13.185625291057697,12.7967734375,12.7967734375,9790232
2022-09-16,12.620020990676615,12.76142182234489,12.16046875,12.16046875,18601388
2022-09-19,12.231169915285994,12.2665196631238,11.312064453125,11.312064453125,22361433
2022-09-20,11.524165261140256,11.559515007590095,10.887861504627937,11.45346484375,9722211
2022-09-21,11.241363810898253,11.559515233116256,11.241363810898253,11.3827646484375,7037114
2022-09-22,11.241363242311554,11.73626614866679,11.099962411924343,11.5595146484375,10063120
2022-09-23,11.524165261140256,11.70091584237061,11.312064008969484,11.45346484375,8568662
2022-09-26,11.029262614104523,11.241363871557912,10.67576051834887,10.7464609375,10944852
2022-09-27,10.887862004088017,10.958562424721524,10.6757607421875,10.6757607421875,5758905
2022-09-28,10.640410240370395,10.923211902871305,10.499009409119939,10.6050595703125,9955866
2022-09-29,10.887860675149184,10.958561087153214,10.463658203125,10.463658203125,6371899
2022-09-30,10.42830845936824,10.534358615129031,9.827354495088723,10.463658203125,9689137
2022-10-03,10.463658432407362,10.499009101429246,9.756654296875,9.756654296875,11848811
2022-10-04,9.898055860219463,9.968756279031544,9.22640234375,9.22640234375,9078018
2022-10-05,9.50920290974764,9.685953473914546,9.332452345580732,9.5799033203125,6548915
2022-10-06,9.579904349372093,9.650604767531492,8.9436005859375,8.9436005859375,11181051
2022-10-07,8.5547487145795,8.7668499682215,8.3426474609375,8.3426474609375,13953183
2022-10-10,8.130546364808684,8.9082509765625,8.130546364808684,8.9082509765625,12780888
2022-10-11,9.08500119766158,9.403153533758974,8.837550202466335,9.01430078125,20399531
2022-10-12,9.261752746927277,9.61525390625,9.226402076300658,9.61525390625,16313974
2022-10-13,9.615254347118833,9.898056027136207,9.473853507110148,9.792005859375,11614887
2022-10-14,9.968755775446944,10.0394561906875,9.72130478435027,10.0041064453125,17842710
2022-10-17,9.756654745740006,9.968755996157654,9.544553495322361,9.93340625,13118584
2022-10-18,10.07480639637381,10.180856552103293,9.756654080204342,9.8273544921875,12625698
2022-10-19,9.756655483130832,9.827355905280127,9.403154296875,9.403154296875,12718223
2022-10-20,9.403154020047731,9.68595477582866,9.332453599979845,9.473853515625,8240607
2022-10-21,9.544554067177868,9.544554067177868,8.83755078125,8.83755078125,21588295
2022-10-24,8.69614987533145,8.766850295854317,8.2365966796875,8.2365966796875,19493162
2022-10-25,8.271946576779827,8.80219921875,8.201246162884434,8.80219921875,22245476
2022-10-26,8.872899993748993,9.049651497926062,8.625448997289789,8.6961494140625,7752140
2022-10-27,8.73149920216279,9.2971025390625,8.73149920216279,9.2971025390625,14207325
2022-10-28,9.403153673743274,9.473853166716784,8.660798828125,8.660798828125,21728086
2022-10-31,8.059845703125,8.41334778874369,8.059845703125,8.059845703125,28668391
2022-11-01,8.448697941256102,8.590098782301837,8.095195838641764,8.2365966796875,14342564
2022-11-02,8.307296449715896,8.766849609375,8.271946704467801,8.766849609375,18371213
2022-11-03,8.590098234030581,8.802199482061619,8.41334765625,8.41334765625,13458690
2022-11-04,8.307296888339044,8.37799730705875,7.84774462890625,7.84774462890625,24272186
2022-11-07,7.706343499145736,7.91844474725932,7.3174912109375,7.3174912109375,16283579
2022-11-08,6.893288741765926,7.1053899907119895,6.8084482421875,6.8084482421875,20001044
2022-11-09,6.80844800111587,7.140739946032336,6.433736270157465,6.6104873046875,10877634
2022-11-10,6.2357755612879515,6.504437153152925,6.15093505859375,6.15093505859375,21706930
2022-11-11,6.2216353436068035,6.355966136648294,5.726732421875,5.726732421875,16573740
2022-11-14,5.443930775250315,5.69138223715878,5.330810106949304,5.40858056640625,15953113
2022-11-15,5.168198838515001,5.620681484774988,5.097498425036877,5.19647900390625,17541435
2022-11-16,4.998517987285576,5.55705126953125,4.842977073242476,5.55705126953125,14386617
2022-11-17,5.94590380859375,5.94590380859375,5.903483557497462,5.94590380859375,7617303
2022-11-18,6.2216355119182625,6.35596630859375,6.059024547521619,6.35596630859375,29190601
2022-11-21,6.504437330551005,6.79430859375,6.433736909710929,6.79430859375,15296066
2022-11-22,6.716537801596979,7.176090514531273,6.490296928243849,6.50443701171875,20453492
2022-11-23,6.497366885514473,6.7165377142808955,6.059024303491055,6.09437451171875,14651739
2022-11-24,6.002464097387979,6.5185771484375,5.974183930207184,6.5185771484375,18491857
2022-11-25,6.857938417836324,6.97105908203125,6.645837172470836,6.97105908203125,17204409
2022-11-28,7.282141048639369,7.45889208984375,7.2114406321576165,7.45889208984375,16597976
2022-11-29,7.70634326171875,7.9184445032976445,7.176090157771514,7.70634326171875,26077560
2022-11-30,7.7063434415557355,8.059845519103298,7.494242195027199,7.95379443359375,18276011
2022-12-01,8.13054638671875,8.484048483923095,7.989145547837011,8.13054638671875,29209615
2022-12-02,7.953794575703729,8.6961494140625,7.8830941589310175,8.6961494140625,20442646
2022-12-05,9.085001287725108,9.2971025390625,8.90825070718924,9.2971025390625,22378171
2022-12-06,9.261752838815088,9.33245325627918,8.660798828125,8.660798828125,32791440
2022-12-07,8.37799666475325,8.731498731250278,8.05984526715119,8.20124609375,24572524
2022-12-08,8.448697279689382,8.766849609375,8.413347534441286,8.766849609375,18436691
2022-12-09,8.802200045747767,9.297102989513393,8.625449456648214,9.1557021484375,19020361
2022-12-12,9.191052900682267,9.438503912466352,8.5193984375,8.5193984375,22908549
2022-12-13,8.51939799596384,8.978951171875,8.165895908528558,8.978951171875,17249533
2022-12-14,9.155701840415697,9.332453348059493,8.908250839103097,8.9436005859375,19379347
2022-12-15,8.908250839103097,9.191052511740693,8.837550420943698,8.9436005859375,13001288
2022-12-16,8.83755045139778,9.5445537109375,8.766850032994748,9.5445537109375,44259573
2022-12-19,9.79200518652713,10.180857007586143,9.615253686416265,9.6859541015625,34907863
2022-12-20,9.65060435623466,9.968755762147438,9.049651289736941,9.6859541015625,41438033
2022-12-21,9.862705875962208,10.004106710187134,9.014300870612646,9.2971025390625,27028786
2022-12-22,9.403152967460473,9.544552867277348,8.766849258077215,8.8728994140625,18441377
2022-12-23,8.80219971491654,8.80219971491654,8.3426474609375,8.3426474609375,19348282
2022-12-26,8.342647275806582,8.342647275806582,7.7770439453125,7.7770439453125,19379614
2022-12-27,7.7063437790927445,8.307296875,7.635643360486562,8.307296875,15935037
2022-12-28,8.484048072260347,8.625448904281036,8.342647240239653,8.41334765625,11046750
2022-12-29,8.3426470051019,8.554748247154857,8.095195093794848,8.1658955078125,10008623
2022-12-30,8.271946591084248,8.448697163883109,8.130545763048943,8.1658955078125,7582623
2023-01-02,8.1658955078125,8.1658955078125,8.1658955078125,8.1658955078125,0
2023-01-03,8.236596113780436,8.7314990234375,8.236596113780436,8.7314990234375,11689871
2023-01-04,9.049651675421895,9.120352093581296,8.837550420943698,8.9436005859375,14504583
2023-01-05,8.978951042652229,9.332453125,8.731499122763504,9.332453125,19876383
2023-01-06,9.332453348059493,9.473853259887697,8.872900167778102,8.9436005859375,16904875
2023-01-09,9.085001792651159,9.226402634734859,8.83755078125,8.83755078125,11111557
2023-01-10,8.837550937352963,9.332453893387683,8.519398574799606,9.085001953125,17828517
2023-01-11,9.2617529296875,9.650604767309973,9.155701840205538,9.2617529296875,19783725
2023-01-12,9.403153541469553,9.403153541469553,9.155701621580828,9.332453125,12042966
2023-01-13,9.544553677828011,9.579904349152196,9.2617529296875,9.2617529296875,10757124
2023-01-16,9.36780269564972,9.827354931854968,9.155701450211016,9.6859541015625,22988353
2023-01-17,9.827355754756736,10.357609375,9.792006006468855,10.357609375,27520868
2023-01-18,10.605060619223023,10.675761041840989,10.2869091796875,10.2869091796875,20039607
2023-01-19,10.251558506133192,10.605060619223023,10.216208757069532,10.2869091796875,21657119
2023-01-20,10.2869091796875,10.2869091796875,10.2869091796875,10.2869091796875,0
2023-01-23,10.2869091796875,10.2869091796875,10.2869091796875,10.2869091796875,0
2023-01-24,10.2869091796875,10.2869091796875,10.2869091796875,10.2869091796875,0
2023-01-25,10.2869091796875,10.2869091796875,10.2869091796875,10.2869091796875,0
2023-01-26,10.2869091796875,10.2869091796875,10.2869091796875,10.2869091796875,0
2023-01-27,10.35760871132886,10.675760123496532,10.110156791206826,10.5697099609375,18476459
2023-01-30,10.534359290424106,11.099962622713816,10.428309127865072,10.5697099609375,23119040
2023-01-31,10.605059449343656,10.9585615234375,10.499009289360778,10.9585615234375,21089785
2023-02-01,11.099963333951811,11.453465439283777,10.216208532867213,10.357609375,42093875
2023-02-02,10.499009537138352,10.605059699624023,10.216207871189134,10.2515576171875,20384668
2023-02-03,10.286907849840581,10.605059248246869,10.180856767378131,10.3929580078125,13673600
2023-02-06,10.251558506133192,10.392959351369123,9.968756815661326,10.2869091796875,13751396
2023-02-07,10.286907425961115,10.428308247090838,9.5799033203125,9.5799033203125,35749425
2023-02-08,9.615253997388445,10.2162080078125,9.226402163753363,10.2162080078125,20010685
2023-02-09,10.216207468019405,10.463658453714347,10.004106226927798,10.074806640625,13312605
2023-02-10,10.039456585828518,10.322258257921483,9.827355331758792,10.180857421875,16963791
2023-02-13,10.004106839062192,10.180857421875,9.61525407768907,10.180857421875,15984312
2023-02-14,10.180857422262992,10.675760348444545,10.14550767549532,10.499009765625,21042117
2023-02-15,10.49901015284905,10.852512256016578,10.392959059653476,10.6757607421875,25141733
2023-02-16,10.817160919995281,11.2413634177783,10.605059671103772,11.206013671875,42775426
2023-02-17,11.206013437548465,11.276713852367234,10.85251136345462,10.9585615234375,22236505
2023-02-20,10.993912592958617,11.45346484375,10.993912592958617,11.45346484375,28675488
2023-02-21,11.665566003759428,11.665566003759428,11.1706630859375,11.1706630859375,29155252
2023-02-22,10.95856164843864,11.59486538906569,10.6050595703125,10.6050595703125,49151342
2023-02-23,10.711110838776712,11.1706630859375,10.251557667125349,11.1706630859375,31983354
2023-02-24,11.170663452406783,11.27671454337878,10.60506009919774,10.7464609375,18291811
2023-02-27,10.463659093967966,10.60505993001445,10.180857421875,10.180857421875,27495159
2023-02-28,10.463659773987091,10.534360196605057,10.110157660897258,10.2869091796875,12197888
2023-03-01,10.286908880332094,10.9939130859375,10.145508039211013,10.9939130859375,23991532
2023-03-02,11.029261938256267,11.206013437548465,10.85251136345462,10.9585615234375,16183287
2023-03-03,11.09996280356503,11.418114220916332,10.8171611328125,10.8171611328125,33514768
2023-03-06,11.170663133604997,11.276714221550383,10.675760213671218,10.85251171875,15079818
2023-03-07,10.958562135819763,11.524165485976745,10.958562135819763,11.3827646484375,33059240
2023-03-08,11.276714127975412,11.488814453125,11.241363457456766,11.488814453125,24191713
2023-03-09,11.524165123643646,11.806966789830527,11.488814453125,11.488814453125,37307753
2023-03-10,11.312063575647032,11.630214979470722,11.17066274628305,11.594865234375,34274784
2023-03-13,11.41811417280958,11.736266513311032,11.241363591579228,11.45346484375,26702873
2023-03-14,11.4534653573357,11.4534653573357,10.852512244816419,10.9939130859375,33682545
2023-03-15,11.312064176466182,11.700916015625,11.206014011055812,11.700916015625,25118836
2023-03-16,11.524165485976745,11.665566323515991,11.312064229667879,11.3827646484375,20920803
2023-03-17,11.559515007590095,11.630215424980351,11.347414679909905,11.45346484375,21040108
2023-03-20,11.382764563595618,11.559515146956958,11.099962890625,11.099962890625,18419685
2023-03-21,11.241363810898253,11.453465067207123,11.029262554589387,11.3827646484375,12012035
2023-03-22,11.524165082966979,11.524165082966979,11.206013671875,11.206013671875,11656128
2023-03-23,11.02926277246008,11.418114621129035,11.02926277246008,11.312064453125,11183461
2023-03-24,11.382764112127003,11.453464527565504,11.24136328125,11.24136328125,12551919
2023-03-27,11.31206365750516,11.665565733473183,11.17066282711795,11.5595146484375,24425770
2023-03-28,11.665565956737087,11.736266373283806,11.488814453125,11.488814453125,14097259
2023-03-29,11.488814760313664,11.913017270936338,11.453465013340407,11.700916015625,28545069
2023-03-30,11.877667206377248,11.948367622923966,11.453464707096925,11.488814453125,25356910
2023-03-31,11.488814814346632,11.594865904746369,11.029262554589387,11.3827646484375,34393554
2023-04-03,11.559515007590095,11.594865678530516,11.347414679909905,11.45346484375,17008379
2023-04-04,11.524164685209856,11.66556551292374,11.453464271352916,11.63021484375,19128284
2023-04-05,11.594865547108293,11.842316542924163,11.52416513051939,11.806966796875,20838990
2023-04-06,11.877666893102967,12.089768137148942,11.594865234375,11.594865234375,28883836
2023-04-07,11.594865678530516,11.70091584237061,11.276714262519649,11.45346484375,19944003
2023-04-10,11.453464199220061,11.559514357092311,11.02926171875,11.02926171875,30456090
2023-04-11,10.958561835442389,11.241363502769206,10.923212089271825,11.1706630859375,13362952
2023-04-12,11.17066367509354,11.276714768179664,10.9939130859375,10.9939130859375,11279736
2023-04-13,11.02926284535503,11.099963265988535,10.605060321553994,10.6757607421875,16969816
2023-04-14,10.817161047938011,11.064612970150192,10.746460630804615,10.85251171875,14302126
2023-04-17,10.852511147466073,11.13531280111278,10.852511147466073,11.02926171875,6708256
2023-04-18,11.099962890625,11.170663308867654,11.029262472382344,11.099962890625,8091577
2023-04-19,11.135313474654389,11.170663221253163,10.8171611328125,10.8171611328125,7690546
2023-04-20,10.8171611328125,10.958561968188764,10.781811386213727,10.8171611328125,4461012
2023-04-21,10.887861373105174,10.887861373105174,10.428309127865072,10.5697099609375,11588241
2023-04-24,10.534359057417225,10.640410142121114,10.180856982555182,10.3222578125,11099238
2023-04-25,10.392958457351678,10.746460540032746,10.392958457351678,10.5697099609375,9073331
2023-04-26,10.569710216050387,11.099962890625,10.463659126441108,11.099962890625,18225530
2023-04-27,11.135313474654389,11.170663221253163,10.781811386213727,10.8171611328125,14257939
2023-04-28,10.9585615234375,11.029261938256267,10.781810948635853,10.9585615234375,10955162
2023-05-01,10.9585615234375,10.9585615234375,10.9585615234375,10.9585615234375,0
2023-05-02,10.9585615234375,10.9585615234375,10.9585615234375,10.9585615234375,0
2023-05-03,10.9585615234375,10.9585615234375,10.9585615234375,10.9585615234375,0
2023-05-04,10.9585615234375,11.170662767893806,10.85251136345462,10.9585615234375,12208064
2023-05-05,10.887861992851377,11.17066367509354,10.817161572290836,10.9939130859375,15056519
2023-05-08,11.099962132161679,11.13531280111278,10.923211560877752,11.02926171875,10923160
2023-05-09,11.09996236766301,11.488814187432006,11.064612622452444,11.2767138671875,24473304
2023-05-10,11.312063612398067,11.382764027309753,11.170662782574697,11.2767138671875,12425116
2023-05-11,11.276714482528366,11.594865904746369,11.241363810898253,11.3827646484375,22331440
2023-05-12,11.382764207006867,11.736266287145952,11.347414461238241,11.5241650390625,20457643
2023-05-15,11.665565773881006,11.665565773881006,11.24136328125,11.24136328125,24259600
2023-05-16,11.31206391960091,11.382764336432611,11.099962669105796,11.1706630859375,11140346
2023-05-17,11.135313022729697,11.206013437548465,10.9585615234375,10.9585615234375,16110178
2023-05-18,11.029262075363713,11.099962491061376,10.9232119140625,10.9232119140625,11644747
2023-05-19,10.958562413411917,11.135313927058581,10.887861992851377,10.9939130859375,8258952
2023-05-22,11.02926242151654,11.524165346932683,11.02926242151654,11.4181142578125,26808119
2023-05-23,11.418113772520321,11.524164857133124,11.206013452275814,11.2767138671875,19968908
2023-05-24,11.2767138671875,11.2767138671875,11.2767138671875,11.2767138671875,0
2023-05-25,10.9585615234375,11.135313022729697,10.887861108618731,10.9585615234375,18264361
2023-05-26,11.029262299338203,11.029262299338203,10.746460630804615,10.85251171875,19942262
2023-05-29,10.958562054139689,11.099962890625,10.852511889021006,11.099962890625,12849177
2023-05-30,11.170663001481131,11.31206383407547,11.029262168886792,11.206013671875,17873105
2023-05-31,11.170662993101537,11.20601366346889,10.74646049563673,10.887861328125,48507819
2023-06-01,10.817161356651132,10.852512028471999,10.569710351867478,10.7464609375,20128919
2023-06-02,10.781810948635853,11.099962353075036,10.781810948635853,10.9585615234375,20740172
2023-06-05,11.099962585183961,11.31206383407547,11.029262168886792,11.206013671875,33364398
2023-06-06,11.241363810898253,11.453465067207123,11.099962973359009,11.3827646484375,25379673
2023-06-07,11.594865413290002,11.948367492154686,11.594865413290002,11.84231640625,38239831
2023-06-08,11.842316309211919,11.948367394247605,11.5595146484375,11.5595146484375,29786724
2023-06-09,11.524165431777517,11.736266687088856,11.488814760313664,11.700916015625,19910662
2023-06-12,11.700916153640216,11.771616572911258,11.382764729165833,11.66556640625,22139293
2023-06-13,11.736266254995172,12.231169165834137,11.5948654233269,12.16046875,38639790
2023-06-14,12.195818398665235,12.195818398665235,11.8776669921875,11.8776669921875,19670579
2023-06-15,11.842316852499225,11.913017270936338,11.559515178750775,11.700916015625,26136342
2023-06-16,11.806967244792082,12.019068502605206,11.66556640625,11.66556640625,30166598
2023-06-19,11.665565956737087,11.70091570276516,11.488814453125,11.488814453125,10741859
2023-06-20,11.488814676590579,11.7362666015625,11.488814676590579,11.7362666015625,8295105
2023-06-21,11.771616082436276,12.1251181640625,11.630215249785786,12.1251181640625,27283330
2023-06-22,12.1251181640625,12.1251181640625,12.1251181640625,12.1251181640625,0
2023-06-23,12.337218968465045,12.47861979602014,12.195818140909953,12.2665185546875,25191008
2023-06-26,12.452460826179475,12.525282948161546,12.015532716739877,12.3432294921875,16102450
2023-06-27,12.379639556441527,12.41605061722007,12.088353843684855,12.306818359375,19455020
2023-06-28,12.306818266831435,12.4524606598693,12.161175873793567,12.2339970703125,17885660
2023-06-29,12.306817831711868,12.343228890929264,11.9427109375,11.9427109375,16111940
2023-06-30,11.942710958957706,12.051943212315633,11.869889764882599,11.97912109375,9650030
2023-07-03,12.051943190661664,12.088353325388537,11.9427109375,11.9427109375,7725900
2023-07-04,11.942712090241184,12.0883544921875,11.869890889268024,12.0883544921875,12819690
2023-07-05,12.16117578125,12.306818173179565,12.015532464829889,12.16117578125,24495380
2023-07-06,12.051943190661664,12.197585578550203,11.797067625120938,11.9427109375,13713180
2023-07-07,11.906300700620843,12.525283203125,11.833479501646996,12.525283203125,29862430
2023-07-10,12.525282488211275,12.743746072663425,12.452460368903358,12.7073359375,23470590
2023-07-11,12.7073359375,12.780157132317383,12.598103683028658,12.7073359375,20665580
2023-07-12,12.743746072663425,12.743746072663425,12.525282488211275,12.7073359375,12049960
2023-07-13,12.816568213178412,12.962210603054167,12.707335958526327,12.74374609375,12828530
2023-07-14,12.780157411866993,13.107854182448964,12.743746351416588,12.9257998046875,22626500
2023-07-17,13.035032957978382,13.071444020932805,12.743747227814847,12.8529794921875,11343670
2023-07-18,12.81656894290502,12.81656894290502,12.525283222078274,12.561693359375,19758440
2023-07-19,12.598104562803316,12.743746962608856,12.525283362900543,12.634515625,18126550
2023-07-20,12.561692716008785,12.816568286484964,12.561692716008785,12.7801572265625,14331590
2023-07-21,12.852979088360172,13.326318269442762,12.78015788922991,13.2534970703125,25952420
2023-07-24,13.362729421431144,13.508371820674533,13.180675960131612,13.326318359375,16480230
2023-07-25,13.326318359375,13.617604082352372,13.217086097697162,13.326318359375,19743360
2023-07-26,13.39913996225692,13.72683675715279,13.36272982359557,13.6176044921875,18762380
2023-07-27,13.617603587703957,13.69042478468048,13.289907739064324,13.6540146484375,21743930
2023-07-28,13.65401426762625,14.0545322265625,13.544782012962678,14.0545322265625,27678430
2023-07-31,13.90888980860891,14.0181220703125,13.47196168628514,14.0181220703125,30875650
2023-08-01,13.981710327616561,13.981710327616561,13.5447822265625,13.5447822265625,19987890
2023-08-02,13.399139091865164,13.763246926261006,13.362728955568976,13.6904248046875,14976650
2023-08-03,13.69042569400082,13.69042569400082,13.326318760443598,13.6176044921875,20265310
2023-08-04,13.654014811299536,13.7632470703125,13.471961354441454,13.7632470703125,12784070
2023-08-07,13.945299634835889,13.981709769183343,13.690424071951146,13.8360673828125,15479230
2023-08-08,13.9088902239314,14.05453355204866,13.58119435352615,13.6176044921875,17562220
2023-08-09,13.544782729945558,13.981710847237771,13.43555046949986,13.9088896484375,23417290
2023-08-10,13.83606812334395,13.981710517509836,13.65401466839131,13.6904248046875,10341630
2023-08-11,13.726835978861697,14.491460865775018,13.581193583492764,14.4550498046875,32540690
2023-08-14,14.527872179444486,14.819156975246637,14.527872179444486,14.637103515625,14929720
2023-08-15,14.709925225398699,15.074032134402685,14.491460710200085,15.0012109375,19693310
2023-08-16,15.001210698790857,15.001210698790857,14.709924991324687,14.8555673828125,9156290
2023-08-17,14.928389143552975,15.110442602048213,14.5642822265625,14.5642822265625,20294820
2023-08-18,14.455049488962857,14.491460549255091,13.5447822265625,13.5447822265625,36697700
2023-08-21,13.544783044230254,13.72683650770048,13.07144385430955,13.43555078125,15374580
2023-08-22,13.690425373359236,13.690425373359236,12.743746998486241,13.3991396484375,13310570
2023-08-23,13.581193944786822,13.581193944786822,13.326318359375,13.326318359375,6688240
2023-08-24,13.326317875307303,13.6540146484375,13.144264420620717,13.6540146484375,10759840
2023-08-25,13.690424618750338,13.763246739334805,13.508371166270265,13.5447822265625,13115570
2023-08-28,13.581193879267582,14.054533061260974,13.581193879267582,13.9817109375,16916900
2023-08-29,14.054532970528626,14.200175368129168,13.763247250836958,13.9088896484375,9985170
2023-08-30,13.94530033785628,14.418639504159593,13.872478216509185,14.3458173828125,13866710
2023-08-31,14.527872089557802,14.709925548053038,14.345817706571983,14.5642822265625,15172040
2023-09-01,14.5642822265625,14.5642822265625,14.5642822265625,14.5642822265625,0
2023-09-04,14.5642822265625,14.5642822265625,14.5642822265625,14.5642822265625,0
2023-09-05,14.673514467119524,14.928389123777103,14.3822287490149,14.5278720703125,12673180
2023-09-06,14.527872423899238,15.5109609375,14.272996836547787,15.5109609375,31298150
2023-09-07,15.693014524028621,15.875067052934803,15.547370282126348,15.6566025390625,19160440
2023-09-08,15.656602088069732,16.23917349195437,15.62019195313352,16.020708984375,22414080
2023-09-11,16.239174788239914,16.239174788239914,15.5109609375,15.5109609375,20751380
2023-09-12,15.438139289407308,15.9114775390625,15.219674770727549,15.9114775390625,20776340
2023-09-13,16.020708984375,16.63969237217691,15.729424206923207,16.020708984375,21837140
2023-09-14,16.020710263221698,16.020710263221698,15.292496412481785,15.5109609375,17680130
2023-09-15,15.5837822265625,16.020709404189645,15.29249559249663,15.5837822265625,13961870
2023-09-18,15.583782590917382,16.09353190122441,15.583782590917382,15.8750673828125,16221790
2023-09-19,16.02071008942859,16.74892578125,15.583782893113161,16.74892578125,23904790
2023-09-20,16.748925837291548,16.93097837412016,16.639693575601903,16.85815625,10766730
2023-09-21,16.748925837291548,17.404317558448206,16.67610371317139,16.85815625,23202270
2023-09-22,16.348407363615973,16.457639628215507,15.693015625,15.693015625,44837520
2023-09-25,15.43813842486692,15.729424125297657,14.6006923828125,14.6006923828125,22225320
2023-09-26,14.491459970462312,14.709924474509087,13.8360673828125,13.8360673828125,26414960
2023-09-27,13.908889591081529,14.5642822265625,13.617603872591031,14.5642822265625,15396940
2023-09-28,14.345818020762206,14.891979332700073,14.12735442047766,14.7827470703125,14386580
2023-09-29,14.928389143552975,14.964800205048254,14.455049966567241,14.5642822265625,10979670
2023-10-02,14.673514577345562,14.928389235917738,14.491461117723926,14.637103515625,9001070
2023-10-03,14.272997157488618,14.345818359301939,13.6176044921875,13.6176044921875,24185460
2023-10-04,13.107854612653348,14.27299656692944,13.107854612653348,13.9088896484375,16048760
2023-10-05,13.981711078985333,14.054533203483219,13.3627294921875,13.3627294921875,9124180
2023-10-06,13.362728936040847,13.83606810312409,13.035032162910651,13.6540146484375,10052770
2023-10-09,13.617603228224532,14.200174637639037,13.617603228224532,14.0909423828125,10233470
2023-10-10,14.272995811399108,14.418639125780713,14.0545322265625,14.0545322265625,9040460
2023-10-11,14.09094273156935,14.3458173828125,13.94530033785628,14.3458173828125,8709610
2023-10-12,14.491460701016129,14.746335352259278,14.127353792242895,14.3458173828125,8730800
2023-10-13,14.090942711808705,14.345817362694428,13.872478197054907,14.3094072265625,7502690
2023-10-16,14.309407291118923,14.382228488201866,13.6904248046875,13.6904248046875,9362210
2023-10-17,13.763247124347817,14.054532841362466,13.1078544921875,13.1078544921875,8712210
2023-10-18,13.253496793201347,13.289907854250469,12.19758619217302,12.3796396484375,25321660
2023-10-19,12.3796396484375,12.598104165751103,11.724247020987256,12.3796396484375,13277550
2023-10-20,12.379639513984632,12.9622109375,12.34322937782152,12.9622109375,9842560
2023-10-23,12.962210844733121,13.180675358110536,12.63451499915755,12.8893896484375,10133760
2023-10-24,12.925799784340034,13.035032041028742,12.56169287837138,12.8893896484375,5978960
2023-10-25,12.99862199815367,13.326317846074465,12.925799876846332,12.9622109375,7951060
2023-10-26,12.634515810712715,12.67092594895399,12.0883544921875,12.0883544921875,18083260
2023-10-27,12.161176691978394,12.8529794921875,11.833479898860435,12.8529794921875,12155520
2023-10-30,12.816568923510971,13.144264781138572,12.525283203125,12.525283203125,8771750
2023-10-31,12.816568683064707,12.852978819623262,12.233997253222144,12.3796396484375,10215660
2023-11-01,12.343229289484515,12.8893896484375,12.270407168698345,12.8893896484375,7881640
2023-11-02,13.18067563857041,13.7632470703125,12.99862218171233,13.7632470703125,18851300
2023-11-03,13.836068783679472,14.200175710961997,13.581194119479829,14.1637646484375,19457880
2023-11-06,14.236586371067304,14.5642822265625,14.090943049576765,14.5642822265625,17799340
2023-11-07,14.418640555516014,14.637104162015214,14.272997226692587,14.3822294921875,15295150
2023-11-08,14.309406823871665,15.3653173828125,14.272995764273848,15.3653173828125,23185500
2023-11-09,15.510960429059745,15.656602824637414,15.146853515625,15.146853515625,17998370
2023-11-10,14.964799896750252,15.620192518729121,14.928388836005094,15.03762109375,20297940
2023-11-13,15.037620982411712,15.94788917388594,15.037620982411712,15.6566025390625,26509080
2023-11-14,15.875067343615907,15.947889465900458,15.328906973425212,15.8022470703125,17650230
2023-11-15,16.31199608067941,16.31199608067941,15.620192403077484,15.6566025390625,21174140
2023-11-16,15.583783377947048,15.72942578125,15.328907785430948,15.72942578125,11123970
2023-11-17,15.802246760463598,16.02070942507137,15.292495612429185,15.6201923828125,24843260
2023-11-20,15.256085775631233,15.838657206964204,15.219674714488958,15.8022470703125,14285310
2023-11-21,16.020708941552776,16.49404809038253,15.875066553216174,15.947888671875,19494800
2023-11-22,15.911476730585315,16.09353110322848,15.765834341859417,16.020708984375,15660970
2023-11-23,16.02071043635168,16.093532561805116,14.9283896484375,14.9283896484375,24842350
2023-11-24,15.14685367740478,15.2560859375,14.49146104132404,15.2560859375,22410700
2023-11-27,15.292495745494405,15.401728003239311,14.964799896750252,15.03762109375,9390550
2023-11-28,15.074032811954174,15.5109609375,14.673514824250981,15.5109609375,15846610
2023-11-29,15.510960449348257,15.875067363259257,15.401728190276843,15.8386572265625,15190110
2023-11-30,15.838656896401377,16.02070942507137,15.583782246874723,15.6201923828125,13763620
2023-12-01,15.729424967491086,15.875067363259257,15.438139251464172,15.8386572265625,12001340
2023-12-04,16.16635451059927,16.60328171160165,16.02071026128394,16.2027646484375,27036490
2023-12-05,16.202764666807987,16.457639329926984,16.12994254206776,16.2391748046875,16195270
2023-12-06,16.311996419095337,16.603281210980793,16.09353190069067,16.5304609375,13441610
2023-12-07,16.56687076431777,16.603280900377023,15.65660257098744,16.34840625,28987530
2023-12-08,16.31199773920979,16.858157230440476,16.020711074769636,16.093533203125,22107410
2023-12-11,16.093531861488415,16.166353983772964,15.729424948027951,15.8022470703125,11153870
2023-12-12,15.875067363259257,16.093531881402086,15.802247089865743,15.8386572265625,8229650
2023-12-13,15.875066670238743,16.057121043737297,15.292495263616868,15.3653173828125,16707860
2023-12-14,15.510960614214898,15.54737075129866,15.219674895091895,15.29249609375,13172120
2023-12-15,15.292495983391094,15.510960502279433,15.037621327681748,15.1832646484375,11887200
2023-12-18,15.183264504746491,15.401728097076765,15.1104423828125,15.1104423828125,7769710
2023-12-19,15.183264299823433,15.6566025390625,15.146853239347864,15.6566025390625,10516480
2023-12-20,15.765834795998652,15.765834795998652,15.510960146141333,15.6566025390625,5805540
2023-12-21,15.510960449348257,15.947889485633915,15.474550312651502,15.8386572265625,11785150
2023-12-22,15.838658045972526,15.947890310695051,15.583783377947048,15.72942578125,6887400
2023-12-25,15.765834320836934,16.3119955890571,15.765834320836934,15.984298828125,14102660
2023-12-26,15.984300935082603,16.202765471167396,15.91147880672724,16.093533203125,9299940
2023-12-27,16.129941735682234,16.457638507158883,16.129941735682234,16.34840625,19693570
2023-12-28,16.34840655583573,16.603281210980793,16.311996419095337,16.5304609375,15245100
2023-12-29,16.530460976348074,16.60328125,16.421228716889036,16.60328125,16728790
2024-01-01,16.60328125,16.60328125,16.60328125,16.60328125,0
2024-01-02,16.748925814540044,16.748925814540044,16.1299423828125,16.1299423828125,15971800
2024-01-03,16.09353178003983,16.494048828125,16.057121643572394,16.494048828125,9291100
2024-01-04,16.494048643218143,16.639692885417393,16.34840625,16.34840625,16620370
2024-01-05,16.348407190369677,16.421229315658074,16.129942663485707,16.2755869140625,11930750
2024-01-08,16.348407190369677,16.457639453811662,16.202764788774104,16.2755869140625,14058070
2024-01-09,16.27558543236815,16.31199556720704,15.875066553216174,15.947888671875,21904740
2024-01-10,15.947889465900458,15.984299602552161,15.510960430155443,15.8022470703125,25480650
2024-01-11,15.875068667040209,16.129943342812034,15.875068667040209,16.093533203125,13507260
2024-01-12,15.875067343615907,16.093531861488415,15.6566028257434,15.8022470703125,16291730
2024-01-15,15.911478323133382,16.02071058785591,15.72942578125,15.72942578125,7648420
2024-01-16,15.729425158183325,16.676103515625,15.620192897787655,16.676103515625,25732200
2024-01-17,16.712513324802934,16.748925310207735,16.348406413622865,16.457638671875,16773120
2024-01-18,16.494048788384415,16.712513304624917,16.31199625750475,16.421228515625,16082040
2024-01-19,16.566870784732853,16.566870784732853,16.275585997937625,16.38481640625,11383840
2024-01-22,16.457639153160468,16.967388473923396,16.421229015672026,16.7853359375,32698510
2024-01-23,16.821745893837903,16.894568017011764,16.60328137329749,16.639693359375,8014500
2024-01-24,16.639693359375,16.785335756741556,16.60328137329749,16.639693359375,13440050
2024-01-25,16.639693359375,16.639693359375,16.639693359375,16.639693359375,0
2024-01-26,16.858156704030513,17.25867562400653,16.858156704030513,17.149443359375,19291350
2024-01-29,17.076620551474665,17.113032537552176,16.60328137329749,16.639693359375,29255590
2024-01-30,16.639693575601903,16.85815625,16.457639189792104,16.85815625,12211160
2024-01-31,16.71251365276317,16.858156050297,16.457638994833665,16.676103515625,16896490
2024-02-01,16.530461118091168,16.71251365276317,16.49404913197183,16.676103515625,9592440
2024-02-02,16.676103515625,16.676103515625,16.676103515625,16.676103515625,0
2024-02-05,16.748925818691898,16.89456821778929,16.67610369465261,16.82174609375,9033700
2024-02-06,16.85815623127905,17.04021061688668,16.82174609375,16.82174609375,9278620
2024-02-07,16.82174625302242,17.003800640353788,16.82174625302242,16.930978515625,9976720
2024-02-08,16.930978515625,16.930978515625,16.930978515625,16.930978515625,0
2024-02-09,16.930978515625,16.930978515625,16.930978515625,16.930978515625,0
2024-02-12,16.930978515625,16.930978515625,16.930978515625,16.930978515625,0
2024-02-13,16.930978515625,16.930978515625,16.930978515625,16.930978515625,0
2024-02-14,16.930978515625,16.930978515625,16.930978515625,16.930978515625,0
2024-02-15,17.07661911841583,17.404315871726354,16.967386867312324,17.040208984375,15353000
2024-02-16,17.040208962118275,17.113031079085836,16.894566577164166,17.003798828125,9366760
2024-02-19,17.00380065876943,17.22226518421119,16.67610387060679,16.967388671875,19819930
2024-02-20,16.967388473923396,17.00380046039302,16.74892580001156,16.7853359375,11231610
2024-02-21,16.785335592645062,16.821745729385455,16.457638815038063,16.5304609375,18559320
2024-02-22,16.53046077374525,16.603281046504666,16.421228515625,16.421228515625,11822980
2024-02-23,16.457639167436287,16.639693552998782,16.1299423828125,16.1299423828125,16721120
2024-02-26,16.129941735682234,16.384816386059256,16.093531599622974,16.34840625,10431330
2024-02-27,16.421228838834587,16.967388291204458,16.384816852757073,16.639693359375,21072090
2024-02-28,16.7489256388825,16.858156050297,16.530461118091168,16.676103515625,10735790
2024-02-29,16.712513489864243,16.82174574919521,16.457638834419036,16.56687109375,12595050
2024-03-01,16.530461277118533,16.82174607498844,16.49404929064891,16.7853359375,12385880
2024-03-04,17.003798872448627,17.331493777204326,16.82174450404567,17.076619140625,24740690
2024-03-05,17.076619266662057,17.258673636408698,16.89456674589644,17.11303125,15122770
2024-03-06,17.11303257677752,17.11303257677752,16.494049150833835,16.712513671875,15050230
2024-03-07,16.67610349647135,16.821745893837903,16.56687123620114,16.639693359375,12014210
2024-03-08,16.676103000835223,16.748925121844714,16.27558595773581,16.31199609375,22575670
2024-03-11,16.3119955890571,16.34840572394476,15.94788869323734,15.984298828125,13733980
2024-03-12,15.947889524829892,16.057121784169773,15.9114775390625,15.9114775390625,15146300
2024-03-13,16.020709638866464,16.530460793703465,15.911477380614329,16.457638671875,14669980
2024-03-14,16.530461435925186,16.530461435925186,16.093532385941604,16.2027646484375,12676430
2024-03-15,16.166355331480364,16.530462275294582,16.057123063437967,16.093533203125,16883230
2024-03-18,16.166353856887238,16.275586114966153,15.219674595033483,15.7658349609375,21221330
2024-03-19,15.802247567276263,16.603281692692264,15.656603318126809,16.1663544921875,22481030
2024-03-20,16.2755869140625,16.348407190369677,16.093532525332115,16.2755869140625,8307130
2024-03-21,16.384816692576127,16.639693196702332,16.239174296633397,16.5304609375,19318780
2024-03-22,16.639693714672262,17.07662091610137,16.530461452069687,16.930978515625,40719380
2024-03-25,17.076620716241276,17.29508523888958,16.676103657373503,16.74892578125,19264180
2024-03-26,16.603280124098028,17.11303125,16.603280124098028,17.11303125,14979770
2024-03-27,17.477138713274694,17.950477871351037,17.404316593193297,17.549958984375,35580090
2024-03-28,17.622781083627444,17.622781083627444,17.29508431712011,17.513548828125,17736290
2024-03-29,17.51355043372339,17.549960572568494,17.222265625,17.222265625,12983750
2024-04-01,17.185853515625,17.331495918956623,16.967388986136946,17.185853515625,15792270
2024-04-02,17.04020981171512,17.58637109375,16.96738769111677,17.58637109375,21302450
2024-04-03,17.58637256039486,17.62278269923997,17.185853637173636,17.222265625,12837890
2024-04-04,17.14944302217672,17.222265146826295,16.894568359375,16.894568359375,13642460
2024-04-05,16.712513324802934,16.821745583055073,16.457638671875,16.457638671875,19290050
2024-04-08,16.49404880829867,16.748925310207735,16.384816550046533,16.457638671875,7076030
2024-04-09,16.49404911302728,16.712513633567696,16.49404911302728,16.639693359375,5189730
2024-04-10,16.748925330340438,16.78533546680787,16.494048828125,16.494048828125,6812520
2024-04-11,16.384816871576163,17.040210433950172,16.31199659729983,16.676103515625,15257970
2024-04-12,16.7489256388825,16.894568036416334,16.566871255229334,16.676103515625,9819290
2024-04-15,16.676103838276344,16.78533610078545,15.5109609375,15.5109609375,25369760
2024-04-16,15.510960355487185,15.547370491963614,14.673514273661386,15.1104423828125,18574920
2024-04-17,15.29249606054345,15.29249606054345,14.5642822265625,14.5642822265625,9456070
2024-04-18,14.5642822265625,14.5642822265625,14.5642822265625,14.5642822265625,0
2024-04-19,14.3822283300645,14.709925100070452,14.127353680831348,14.2365859375,17053400
2024-04-22,14.491461257796159,14.746335918831912,14.418640058141742,14.70992578125,8188310
2024-04-23,14.709926036663058,14.709926036663058,14.20017578125,14.20017578125,7423520
2024-04-24,14.573863911678355,14.872815039262985,14.424388822295676,14.685970703125,7914790
2024-04-25,14.72333910773282,14.72333910773282,14.499126472034359,14.6486015625,4248660
2024-04-26,14.499126953125,14.723339596262985,14.387020157146356,14.499126953125,4811170
2024-04-29,14.499126953125,14.499126953125,14.499126953125,14.499126953125,0
2024-04-30,14.499126953125,14.499126953125,14.499126953125,14.499126953125,0
2024-05-01,14.499126953125,14.499126953125,14.499126953125,14.499126953125,0
2024-05-02,14.499126027845483,14.872814691380695,14.461756781964265,14.7980771484375,5080530
2024-05-03,14.947552734375,15.134397072393242,14.835445941800199,14.947552734375,8752120
2024-05-06,15.171766360604197,15.395979946360885,15.022290320493312,15.24650390625,8815170
2024-05-07,15.3212412109375,15.470717248697563,15.171766121996697,15.3212412109375,7732140
2024-05-08,15.246504289590554,15.657562224206556,15.022290698196498,15.4333486328125,10293530
2024-05-09,15.620192583298296,15.732299376176641,15.24650390625,15.24650390625,11318840
2024-05-10,15.283873537762663,15.508086180337418,15.134397493893525,15.4333486328125,8840650
2024-05-13,15.470717056868914,15.84440572340664,15.470717056868914,15.6949296875,14314430
2024-05-14,15.769668556481161,15.844406101809772,15.545454971676058,15.58282421875,6677190
2024-05-15,15.620192663097864,15.99388229087452,15.620192663097864,15.84440625,13172900
2024-05-16,16.10598933745506,16.218096132668055,16.031250841433533,16.068619140625,15425930
2024-05-17,16.068618319069195,16.3302001953125,15.919143232307093,16.3302001953125,11429080
2024-05-20,16.442307752149866,16.55441454686305,16.292832658411818,16.404939453125,14917110
2024-05-21,16.29283203125,16.404938821647843,16.068618450454316,16.29283203125,9242740
2024-05-22,16.330200957436684,16.629153042551362,16.14335756467377,16.404939453125,20255950
2024-05-23,16.404938556229705,16.703890625,16.330200064627515,16.703890625,18921890
2024-05-24,16.517046239801775,16.81599642713242,15.881775668495226,16.1059892578125,18758480
2024-05-27,16.068617982722508,16.442306640625,15.993881389725084,16.442306640625,8755760
2024-05-28,16.554414331452236,16.554414331452236,16.367570941120583,16.479677734375,9432410
2024-05-29,16.5917839691943,16.7412590559564,16.255463600750694,16.3302001953125,13042770
2024-05-30,16.068619061167233,16.292832650484506,15.956512266508595,16.1059892578125,9334650
2024-05-31,16.218095436077114,16.3675705240614,16.031250152867873,16.29283203125,7819760
2024-06-03,16.29283203125,16.29283203125,16.29283203125,16.29283203125,0
2024-06-04,16.741258968776457,17.67548157704201,16.741258968776457,17.301791015625,41055950
2024-06-05,17.3765295074361,17.526004593419813,17.189686124366084,17.301791015625,16079310
2024-06-06,17.41389801457476,17.937063668286086,17.26442292678803,17.563375,20745140
2024-06-07,17.63811159507411,17.675481790249677,17.376529717037705,17.563375,11899030
2024-06-10,17.71285086281515,17.937064453125,17.52600557167741,17.937064453125,22650940
2024-06-11,18.086538850646576,18.42285922315421,17.974432059810695,18.16127734375,21150870
2024-06-12,18.0491709106875,18.34812109375,17.78758712845962,18.34812109375,15500940
2024-06-13,18.460227250259784,18.460227250259784,18.123906882682608,18.236013671875,11385010
2024-06-14,18.16127811872335,18.60970340356343,17.600744140625,17.600744140625,22620260
2024-06-17,17.712851061246152,18.796548828125,17.563375965244596,18.796548828125,56741230
2024-06-18,19.13286921735746,19.13286921735746,18.68444203171418,18.796548828125,14804270
2024-06-19,18.759177523218014,19.244972979767148,18.647072631065292,18.833916015625,24207820
2024-06-20,18.833916015625,19.020761297823206,18.348120559075866,18.833916015625,23221770
2024-06-21,18.833916015625,19.13286808761443,18.497595646251327,18.833916015625,18962580
2024-06-24,18.572335027243852,18.759178420742998,17.787587461159372,17.937064453125,36053680
2024-06-25,17.93706405362217,18.908654991566063,17.899693857643793,18.68444140625,27830400
2024-06-26,18.684442246853994,18.833917344576662,18.310753553728002,18.721810546875,20392450
2024-06-27,18.572333984375,18.684440773234932,18.236013617795194,18.572333984375,14562600
2024-06-28,18.460228454009453,18.497596753630788,17.563375979627082,17.862326171875,22392110
2024-07-01,17.86232500711319,18.348120461067392,17.787586515105428,18.236013671875,11848070
2024-07-02,18.310752109581312,18.572333984375,18.161277023647564,18.572333984375,12106380
2024-07-03,18.647073321406243,18.833916712883152,18.572334826232336,18.609703125,14823900
2024-07-04,18.759177155580716,19.020760925059463,18.42285869043663,18.647072265625,15701920
2024-07-05,18.684440562276905,18.833915646522996,18.42285869043663,18.647072265625,10934170
2024-07-08,18.72180985043726,19.28234381809411,18.647073253175392,18.9460234375,20578220
2024-07-09,18.98339110280046,19.058129595207447,18.609702436042554,18.833916015625,16650530
2024-07-10,18.946022593841942,19.506556536538458,18.7965475083357,18.908654296875,36098400
2024-07-11,19.058129436888553,19.13286792867467,18.460227195515063,18.572333984375,21506550
2024-07-12,18.572334826232336,18.90865520805706,18.123907650466034,18.609703125,23367240
2024-07-15,18.684441472924227,18.7218097713974,18.236014300691924,18.34812109375,9679930
2024-07-16,18.385489027783233,18.46022752088666,18.12390714837903,18.16127734375,11344970
2024-07-17,18.19864505478976,18.27338164784529,17.114947376738485,17.712849609375,29936400
2024-07-18,17.71284992073616,18.27338196905963,17.264422763966593,18.236013671875,20170280
2024-07-19,18.123907425963477,18.123907425963477,17.675482153390437,17.75021875,12277200
2024-07-22,17.75021894312214,17.824957438183407,16.928103088002462,17.077580078125,17279990
2024-07-23,17.189686450273893,17.33916153909158,16.815995881771894,16.890734375,14300650
2024-07-24,16.81599520242837,17.264422348404093,16.517045036870183,17.114947265625,12929670
2024-07-25,16.96547328435238,17.301791768031666,16.928103088002462,17.077580078125,7790120
2024-07-26,17.189686124366084,17.301791015625,17.077579335468677,17.301791015625,6113250
2024-07-29,17.48863693202777,17.71285051797252,17.33916184061079,17.4138984375,9417590
2024-07-30,17.413897431183187,17.526004217677116,17.040208775416232,17.114947265625,9067890
2024-07-31,17.18968635443274,17.264422949605628,15.91914336247003,16.29283203125,36207210
2024-08-01,16.292832322600706,16.44230741325793,15.433348179273505,15.58282421875,19659770
2024-08-02,15.246503423517401,16.10598849209872,15.246503423517401,16.03125,12803570
2024-08-05,15.657561788135883,15.807036879022768,14.947552734375,14.947552734375,18696210
2024-08-06,15.246503607218784,15.6575615234375,14.947552481679649,15.6575615234375,12840230
2024-08-07,15.694930449321797,15.7696689453125,15.321241764645464,15.7696689453125,7052630
2024-08-08,15.582823825199837,15.844405701653258,15.283872702616247,15.3959794921875,7627230
2024-08-09,15.58282421875,15.732299309407221,15.470717426347449,15.58282421875,6684990
2024-08-12,15.620192143956304,15.919143266950336,15.582823846594083,15.6949296875,5089890
2024-08-13,15.844406567428505,15.844406567428505,15.246504289590554,15.4333486328125,8887450
2024-08-14,15.545455146617451,15.58282439411193,15.209134765625,15.209134765625,7771270
2024-08-15,15.246503822001104,15.321241367233926,14.6486015625,14.6486015625,14341860
2024-08-16,14.648601746123534,15.283873260613957,14.648601746123534,15.209134765625,18415800
2024-08-19,15.321241837115473,15.844406567428505,15.283873537762663,15.4333486328125,15631850
2024-08-20,15.545454971676058,15.732299309407221,15.321241386870954,15.58282421875,16900910
2024-08-21,15.7322998046875,15.993882644801632,15.62019300875563,15.7322998046875,22482850
2024-08-22,15.88177556691168,15.956512164447014,15.39598009237771,15.5080859375,19646770
2024-08-23,15.582824364493694,15.84440625,15.246503984140487,15.84440625,18603910
2024-08-26,16.031250056675503,16.14335684640067,15.620192143956304,15.6949296875,17833400
2024-08-27,15.694930169805765,15.694930169805765,15.508085830795169,15.545455078125,8162700
2024-08-28,15.657561629565405,15.844405965691397,15.395979748752866,15.6201923828125,19607510
2024-08-29,15.694930169805765,15.769668664465428,15.545455078125,15.545455078125,7587840
2024-08-30,15.545455078125,15.732299417135597,15.508085830795169,15.545455078125,10088260
2024-09-02,15.545455078125,15.545455078125,15.545455078125,15.545455078125,0
2024-09-03,15.545455078125,15.545455078125,15.545455078125,15.545455078125,0
2024-09-04,15.1717666015625,15.395980190880154,15.097029054729713,15.1717666015625,15556580
2024-09-05,15.246504111773127,15.283873359509405,14.798077883034233,14.8728154296875,18217290
2024-09-06,14.835446075376847,14.947552868961044,14.64860173567628,14.9101845703125,9601800
2024-09-09,15.171766360604197,15.582824284885033,15.022290320493312,15.24650390625,19608030
2024-09-10,15.508085638204944,15.508085638204944,14.91018433008776,14.984921875,10809630
2024-09-11,15.022290559077634,15.283873396221326,14.910184713238099,15.1717666015625,11060140
2024-09-12,15.32124105711734,15.433347847107058,15.0596591796875,15.0596591796875,6295120
2024-09-13,15.097028910013067,15.171766456129436,14.872815322844673,14.9101845703125,9440990
2024-09-16,14.91018439404378,15.022290237483372,14.6486015625,14.6486015625,11810630
2024-09-17,14.573864058338517,14.947552734375,14.573864058338517,14.947552734375,7634250
2024-09-18,14.984921741349302,15.0222900390625,14.872814950571192,15.0222900390625,12064390
2024-09-19,15.0970283203125,15.246503406706637,15.0970283203125,15.0970283203125,9529780
2024-09-20,15.246504148395289,15.470717737712942,15.1717666015625,15.1717666015625,19549140
2024-09-23,15.246503620618723,15.395979657929292,15.0222900390625,15.0222900390625,7100860
2024-09-24,14.947552389697783,15.17176596967722,14.947552389697783,15.0596591796875,7077330
2024-09-25,15.321241730607468,15.65756211536057,15.246504183602099,15.4707177734375,25687090
2024-09-26,15.508085830795169,15.694930169805765,15.395979986444235,15.545455078125,18459740
2024-09-27,15.582823979257531,15.91914340247702,15.545454732757918,15.6575615234375,22553830
2024-09-30,15.84440600979293,16.06861864447664,15.769668464898361,15.9191435546875,16669120
2024-10-01,16.143357138190478,16.44230731776876,15.9191435546875,15.9191435546875,26773760
2024-10-02,15.88177525664985,16.143357138190478,15.807036762936011,15.9191435546875,18750290
2024-10-03,15.993882250805855,16.068618847826958,15.508085830795169,15.545455078125,27635660
2024-10-04,15.62019300875563,15.881775848869761,15.50808621282376,15.7322998046875,14055600
2024-10-07,15.91914414830085,15.956512447731937,15.657562257006022,15.7322998046875,8537490
2024-10-08,15.694929839405683,16.14335700264652,15.582823997414733,15.95651171875,20980700
2024-10-09,16.031250346438988,16.143357138190478,15.88177525664985,15.9191435546875,15223000
2024-10-10,15.993882003883751,16.1059887953232,15.6201923828125,15.6201923828125,14992900
2024-10-11,15.6949296875,15.769668179862945,15.582823846594083,15.6949296875,7563660
2024-10-14,15.73229917425195,15.844405965691397,15.6201923828125,15.6201923828125,6654700
2024-10-15,15.732299417135597,15.769668664465428,15.508085830795169,15.545455078125,11152310
2024-10-16,15.545454793167965,15.657561584283197,15.3212412109375,15.3212412109375,6863610
2024-10-17,15.321241491784573,15.545455078125,15.134397152773976,15.545455078125,9985300
2024-10-18,15.620192122510755,15.657561368640922,15.3959794921875,15.3959794921875,6742840
2024-10-21,15.321241451895805,15.508085790419953,15.24650390625,15.24650390625,7516210
2024-10-22,15.171766709028237,15.395980299934056,15.022290665484592,15.1343974609375,8628620
2024-10-23,15.134397353736462,15.321241695228075,15.097029054729713,15.1717666015625,6066320
2024-10-24,15.283872913111932,15.470717248697563,15.134396875351866,15.3212412109375,12442820
2024-10-25,15.321241695228075,15.470717737712942,15.1717666015625,15.1717666015625,7370090
2024-10-28,15.433348391145378,15.620192731441575,15.321241597203805,15.5080859375,8462090
2024-10-29,15.620192867448239,15.620192867448239,15.395980226432131,15.4707177734375,6635850
2024-10-30,15.470717600447779,15.508085899122973,15.171766466949807,15.209134765625,7061470
2024-10-31,15.171766709028237,15.24650425639041,15.097029161666063,15.1343974609375,7564310
2024-11-01,15.0970283203125,15.134396617501412,14.872814741902046,15.0970283203125,11584040
2024-11-04,14.98492211642887,15.171766456129436,14.872815322844673,14.9101845703125,6203340
2024-11-05,14.984921981506359,15.097028774081158,14.910184436062917,14.947552734375,3565250
2024-11-06,15.022290425791178,15.246504013119479,15.022290425791178,15.209134765625,4748640
2024-11-07,15.321241695228075,15.395980190880154,15.134397353736462,15.1717666015625,4273620
2024-11-08,15.171765863509568,15.321240949903707,15.059659074304342,15.0970283203125,7313930
2024-11-11,15.022290559077634,15.321241695228075,14.947553012244848,15.1717666015625,7583030
2024-11-12,15.32124105711734,15.32124105711734,15.022289933417843,15.0596591796875,4787640
2024-11-13,14.98492211642887,15.05965966254524,14.798077776728304,14.9101845703125,8634730
2024-11-14,14.910184601294908,14.947552900021101,14.20017553966583,14.2749130859375,15945150
2024-11-15,14.2749127563356,14.2749127563356,13.677010502328988,13.751748046875,15163980
2024-11-18,13.75174867242178,13.97596226507822,13.602273576530356,13.86385546875,7633730
2024-11-19,13.901224220410057,14.050699310960393,13.7143798828125,13.7143798828125,5025410
2024-11-20,13.60227336621544,14.125438091384993,13.564904118410725,13.93859375,7054710
2024-11-21,14.05069921875,14.05069921875,13.826486584395932,14.05069921875,4066270
2024-11-22,14.013330920767288,14.237543555121356,13.97596167396531,14.05069921875,6046820
2024-11-25,14.12543784734553,14.12543784734553,13.975961807528398,14.0133310546875,4623450
2024-11-26,14.013331437982446,14.237544080611931,14.013331437982446,14.20017578125,5295680
2024-11-27,14.237543341082064,14.237543341082064,14.013330710098684,14.1254375,4317430
2024-11-28,14.20017578125,14.274913328793161,14.125438233706838,14.20017578125,5464030
2024-11-29,14.20017578125,14.237544080611931,14.088068985525608,14.20017578125,5478850
2024-12-02,14.237544080611931,14.312282576974393,14.125438233706838,14.20017578125,3858010
2024-12-03,14.237543937160554,14.237543937160554,13.93859375,13.93859375,6601270
2024-12-04,13.975962012205184,13.975962012205184,13.602273330418628,13.639642578125,9965800
2024-12-05,13.639642248024577,14.200175257138644,13.116477536893221,14.05069921875,18062720
2024-12-06,14.050699595775562,14.162806390370415,13.901224502195285,13.93859375,5178550
2024-12-09,13.975961463858495,14.274912587322254,13.901223920197369,14.1254375,10676510
2024-12-10,14.16280653306877,14.387020124517555,14.16280653306877,14.20017578125,9503650
2024-12-11,14.200175150116756,14.312281940858513,14.050699112854662,14.088068359375,4953130
2024-12-12,14.050699353027326,14.162806145685357,14.0133310546875,14.0133310546875,4600570
2024-12-13,14.013330876014932,14.013330876014932,13.751748046875,13.751748046875,5458700
2024-12-16,13.67701029250686,13.863854625415097,13.67701029250686,13.826486328125,4315220
2024-12-17,13.789117293557638,13.863854838103647,13.60227295778298,13.751748046875,5017350
2024-12-18,13.75174775456799,14.1628056640625,13.75174775456799,14.1628056640625,7201610
2024-12-19,13.93859303519033,14.1628056640625,13.901223789302014,14.1628056640625,6903260
2024-12-20,14.162806145685357,14.162806145685357,14.0133310546875,14.0133310546875,3144180
2024-12-23,13.975962048985425,14.125438091384993,13.86385525439057,13.93859375,4582240
2024-12-24,13.93859375,13.93859375,13.67701091300558,13.93859375,5655390
2024-12-25,13.863854543413698,14.200174909950817,13.863854543413698,14.1628056640625,7522190
2024-12-26,14.1628056640625,14.1628056640625,14.013330578147722,14.1628056640625,3072420
2024-12-27,14.125437712353955,14.162806010336666,13.97596167396531,14.05069921875,5110950
2024-12-30,14.050699460131128,14.050699460131128,13.863855120549918,13.9759619140625,2705560
2024-12-31,13.975961521837563,13.975961521837563,13.7891171875,13.7891171875,4188730
2025-01-01,13.7891171875,13.7891171875,13.7891171875,13.7891171875,0
2025-01-02,13.78911770760043,13.93859375,13.78911770760043,13.93859375,2116660
2025-01-03,13.901224575046541,13.901224575046541,13.6022734375,13.6022734375,5474820
2025-01-06,13.602273402400114,13.714380197293192,13.19121547073192,13.303322265625,6062420
2025-01-07,13.303322265625,13.378059812613953,13.07910867583884,13.303322265625,4951050
2025-01-08,13.228584138230936,13.490166015625,13.19121489196639,13.490166015625,2679560
2025-01-09,13.490165858726717,13.490165858726717,13.19121473854508,13.228583984375,2506920
2025-01-10,13.340691076614869,13.340691076614869,12.8175263671875,12.8175263671875,4211090
2025-01-13,12.817526752372274,13.00437109375,12.742789205585042,13.00437109375,3378960
2025-01-14,12.929633265704705,13.041740057856543,12.7801572265625,12.7801572265625,1896180
2025-01-15,12.780157164246877,13.303321875464757,12.780157164246877,13.1164775390625,6433310
2025-01-16,12.780157164246877,13.303321875464757,12.780157164246877,13.1164775390625,6433310
2025-01-17,12.929633307629883,13.0791083984375,12.892264060518341,13.0791083984375,3541070
2025-01-20,13.079108292254341,13.19121508385955,13.04173999426545,13.1164775390625,2789540
2025-01-21,13.004371229060284,13.116478024817248,12.854896133930536,12.9670029296875,2630030
2025-01-22,12.967002512695075,13.004370810866174,12.7801572265625,12.7801572265625,3433170
2025-01-23,12.742789205585042,13.00437109375,12.742789205585042,13.00437109375,2380170
2025-01-24,13.004370986878843,13.041740234375,12.85489589453278,13.041740234375,3258060
2025-01-27,13.041740234375,13.041740234375,13.041740234375,13.041740234375,0
2025-01-28,13.041740234375,13.041740234375,13.041740234375,13.041740234375,0
2025-01-29,13.041740234375,13.041740234375,13.041740234375,13.041740234375,0
2025-01-30,13.041740234375,13.041740234375,13.041740234375,13.041740234375,0
2025-01-31,13.041740234375,13.041740234375,13.041740234375,13.041740234375,0
2025-02-03,13.004370642480763,13.303321768074975,12.967002344793526,13.1538466796875,5948410
2025-02-04,13.265952777449884,13.452798064767098,13.191215231814564,13.3780595703125,6864650
2025-02-05,13.3780595703125,13.490166363175119,13.340691271904479,13.3780595703125,5405790
2025-02-06,13.415429169005987,13.452798417212309,13.228584825612979,13.265953125,4246320
2025-02-07,13.3033215272156,13.3780590700562,13.228583984375,13.228583984375,3645330
2025-02-10,13.116478102463942,13.153847350877248,12.6306826171875,12.6306826171875,17158440
2025-02-11,12.4812068975855,12.70541953040528,12.40646840449298,12.5185751953125,11142820
2025-02-12,12.668051368343743,12.668051368343743,12.406468537357087,12.48120703125,3336710
2025-02-13,12.630682229315159,12.630682229315159,12.443837890625,12.443837890625,2668640
2025-02-14,12.481207282146952,12.817526716148668,12.481207282146952,12.705419921875,6861270
2025-02-17,12.705419921875,12.742789169572653,12.630682375298983,12.705419921875,3039920
2025-02-18,12.70541933958835,12.967002163845056,12.70541933958835,12.892263671875,6618170
2025-02-19,12.892263566819484,12.9296328125,12.780156778597172,12.9296328125,4254900
2025-02-20,12.967002449468401,13.303321875464757,12.967002449468401,13.1164775390625,11228100
2025-02-21,13.079108292254341,13.153846785870657,12.967002449468401,13.1164775390625,4365400
2025-02-24,13.602273156037734,13.639642403265034,13.30332202467718,13.3780595703125,14385670
2025-02-25,13.452798417212309,13.452798417212309,13.191215577406657,13.265953125,5903300
2025-02-26,13.452798064767098,13.564903908810436,13.3780595703125,13.3780595703125,11373440
2025-02-27,13.378059584278274,14.3122822265625,13.303322038564936,14.3122822265625,43794920
2025-02-28,14.34965073997154,14.424389235623766,14.088068851646637,14.2375439453125,11255400
2025-03-03,14.274912587322254,14.274912587322254,13.938593166437556,14.1254375,10781680
2025-03-04,14.013331161506454,14.16280625364371,13.863855120549918,13.9759619140625,10709270
2025-03-05,13.9385935759149,14.08806866762832,13.6770107421875,13.6770107421875,8219510
2025-03-06,13.826486246344624,14.1628056640625,13.6770102116106,14.1628056640625,10073570
2025-03-07,14.162806010336666,14.200175257138644,13.97596167396531,14.05069921875,7790510
2025-03-10,14.088068707575083,14.125437955019036,13.901224367993873,13.9759619140625,6547970
2025-03-11,13.714380168662693,14.2375439453125,13.714380168662693,14.2375439453125,13098540
2025-03-12,14.274912587322254,14.34965013098338,14.013330710098684,14.1254375,7962890
2025-03-13,14.200175150116756,14.46175702930135,13.938593270932166,14.088068359375,13424580
2025-03-14,14.088068707575083,14.125437955019036,13.901224367993873,13.9759619140625,6220890
2025-03-17,14.050699112854662,14.237543447817837,13.938593270932166,14.088068359375,7039500
2025-03-18,14.237543759341737,14.34965055253644,13.6770107421875,13.6770107421875,14983670
2025-03-19,13.564903401567317,13.677010190237837,13.228583984375,13.228583984375,14233440
2025-03-20,13.228584612258427,13.415428952637953,13.153847065870474,13.34069140625,7082140
2025-03-21,13.34069077304552,13.415428315886118,13.19121473854508,13.228583984375,4164550
2025-03-24,13.378059920799664,13.378059920799664,13.079108781606992,13.265953125,5105880
2025-03-25,13.30332202467718,13.452798064767098,13.228584479041862,13.3780595703125,5159700
2025-03-26,13.378059358292385,13.564903693829148,13.303321813841531,13.4527978515625,6377280
2025-03-27,13.452798417212309,13.52753596480565,13.228584825612979,13.265953125,3894670
2025-03-28,13.265952981914957,13.303322229718217,12.92963354696277,13.00437109375,7487610
2025-03-31,12.892263805365204,13.004370595661829,12.8548955078125,12.8548955078125,5147740
2025-04-01,13.004370642480763,13.265952521568478,12.892263851780529,13.1538466796875,4695860
2025-04-02,13.5,13.5384619140625,13.346154296875,13.384615234375,7488780
2025-04-03,12.4615380859375,12.884615234375,12.4615380859375,12.4615380859375,14294670
2025-04-04,11.615384765625,11.846154296875,11.615384765625,11.73076953125,20978620
2025-04-07,11.73076953125,11.73076953125,11.73076953125,11.73076953125,0
2025-04-08,11.653845703125,11.653845703125,10.9230771484375,10.9230771484375,7933250
2025-04-09,10.1923076171875,10.4615380859375,10.1923076171875,10.1923076171875,11281400
2025-04-10,10.884615234375,10.884615234375,10.884615234375,10.884615234375,2186210
2025-04-11,11.5384619140625,11.5384619140625,10.76923046875,11.153845703125,19496750
2025-04-14,11.153845703125,11.3076923828125,10.884615234375,11.0769228515625,7831200
2025-04-15,10.9230771484375,11.0769228515625,10.5384619140625,10.76923046875,8451430
2025-04-16,10.76923046875,10.8076923828125,10.4230771484375,10.4230771484375,8166860
2025-04-17,10.384615234375,10.4230771484375,10.0384619140625,10.384615234375,9724130
2025-04-18,10.4615380859375,10.6923076171875,10.4230771484375,10.5384619140625,6842420
2025-04-21,10.5384619140625,10.615384765625,10.23076953125,10.23076953125,6138990
2025-04-22,10.23076953125,10.23076953125,9.5384619140625,9.615384765625,17009070
2025-04-23,9.846154296875,10.26923046875,9.73076953125,10.26923046875,14328860
2025-04-24,10.4615380859375,10.6923076171875,10.26923046875,10.384615234375,7342660
2025-04-25,10.6923076171875,10.6923076171875,10.26923046875,10.26923046875,6782230
2025-04-28,10.384615234375,10.6923076171875,10.3076923828125,10.5,7449650
2025-04-29,10.5384619140625,10.6923076171875,10.4230771484375,10.615384765625,5862350
2025-04-30,10.615384765625,10.615384765625,10.615384765625,10.615384765625,0
2025-05-01,10.615384765625,10.615384765625,10.615384765625,10.615384765625,0
2025-05-02,10.615384765625,10.615384765625,10.615384765625,10.615384765625,0
2025-05-05,10.846154296875,11.3076923828125,10.615384765625,11.26923046875,12586860
2025-05-06,10.846154296875,11.3076923828125,10.615384765625,11.26923046875,12586860
2025-05-07,11.3076923828125,11.384615234375,11.0384619140625,11.0769228515625,7700160
2025-05-08,11.0,11.26923046875,10.9615380859375,11.1923076171875,6540820
2025-05-09,11.26923046875,11.5,11.1923076171875,11.346154296875,12682540
2025-05-12,11.4615380859375,11.8076923828125,11.384615234375,11.5384619140625,9666670
2025-05-13,11.4615380859375,11.8076923828125,11.384615234375,11.5384619140625,9666670
2025-05-14,11.6923076171875,11.6923076171875,11.4230771484375,11.5384619140625,6788860
2025-05-15,11.346154296875,12.0384619140625,11.346154296875,11.9230771484375,22960860
2025-05-16,12.0,12.384615234375,11.9230771484375,12.26923046875,17367610
2025-05-19,12.5769228515625,12.8076923828125,12.384615234375,12.5,11789050
2025-05-20,12.5769228515625,12.8076923828125,12.384615234375,12.5,11789050
2025-05-21,12.5384619140625,12.76923046875,12.5384619140625,12.5384619140625,7948460
2025-05-22,12.615384765625,12.6923076171875,12.3076923828125,12.615384765625,8398650
2025-05-23,12.6923076171875,12.9230771484375,12.4615380859375,12.5,9686040
2025-05-26,12.5,12.615384765625,12.115384765625,12.615384765625,7292090
2025-05-27,12.5,12.615384765625,12.115384765625,12.615384765625,7292090
2025-05-28,12.6923076171875,12.846154296875,12.4615380859375,12.615384765625,11620050
2025-05-29,12.6923076171875,12.846154296875,12.5769228515625,12.653845703125,6985810
2025-05-30,12.73076953125,12.76923046875,12.5384619140625,12.5384619140625,6345560
2025-06-02,12.153845703125,12.3076923828125,11.8076923828125,12.3076923828125,10788830
2025-06-03,12.153845703125,12.3076923828125,11.8076923828125,12.3076923828125,10788830
2025-06-04,12.615384765625,12.615384765625,12.346154296875,12.5769228515625,9122100
2025-06-05,12.653845703125,12.8076923828125,12.4230771484375,12.4230771484375,7393490
2025-06-06,12.384615234375,12.5769228515625,12.3076923828125,12.5769228515625,4688190
2025-06-09,12.4615380859375,12.5769228515625,12.3076923828125,12.3076923828125,4881890
2025-06-10,12.4615380859375,12.5769228515625,12.3076923828125,12.3076923828125,4881890
2025-06-11,12.23076953125,12.5384619140625,12.153845703125,12.1923076171875,6409000
2025-06-12,12.384615234375,12.384615234375,12.0,12.3076923828125,5588570
2025-06-13,12.4230771484375,13.153845703125,12.4230771484375,12.8076923828125,20962630
2025-06-16,12.5384619140625,12.884615234375,12.5,12.846154296875,10223070
2025-06-17,12.5384619140625,12.884615234375,12.5,12.846154296875,10223070
2025-06-18,12.9615380859375,13.1923076171875,12.846154296875,13.0,14586780
2025-06-19,13.0,13.1923076171875,12.846154296875,13.0,9555650
2025-06-20,13.0384619140625,13.0769228515625,12.73076953125,12.884615234375,5920460
2025-06-23,12.615384765625,12.6923076171875,12.5,12.5769228515625,5827120
2025-06-24,12.615384765625,12.6923076171875,12.5,12.5769228515625,5827120
2025-06-25,12.73076953125,12.884615234375,12.6923076171875,12.884615234375,5446480
2025-06-26,13.0,13.153845703125,12.884615234375,12.884615234375,12339990
2025-06-27,12.9230771484375,13.0,12.73076953125,12.884615234375,4634370
2025-06-30,12.9230771484375,12.9230771484375,12.653845703125,12.76923046875,5818800
2025-07-01,12.9230771484375,12.9230771484375,12.653845703125,12.76923046875,5818800
2025-07-02,12.8076923828125,13.0,12.73076953125,12.846154296875,8038420
2025-07-03,12.846154296875,13.153845703125,12.653845703125,13.0769228515625,15516280
2025-07-04,13.23076953125,13.5,12.9615380859375,13.153845703125,21692580
2025-07-07,13.26923046875,13.384615234375,13.0384619140625,13.346154296875,17379440
2025-07-08,13.26923046875,13.384615234375,13.0384619140625,13.346154296875,17379440
2025-07-09,13.4230771484375,13.846154296875,13.346154296875,13.5769228515625,24331970
2025-07-10,13.653845703125,13.846154296875,13.4230771484375,13.5384619140625,17193800
2025-07-11,13.5384619140625,13.76923046875,13.5,13.615384765625,10873330
2025-07-14,13.615384765625,13.73076953125,13.4230771484375,13.653845703125,10080200
2025-07-15,13.615384765625,13.73076953125,13.4230771484375,13.653845703125,10080200
2025-07-16,13.76923046875,14.0769228515625,13.653845703125,13.76923046875,23075520
2025-07-17,13.8076923828125,13.9230771484375,13.76923046875,13.884615234375,10314720
2025-07-18,13.9615380859375,14.23076953125,13.846154296875,13.846154296875,13304720
2025-07-21,13.9615380859375,14.26923046875,13.846154296875,13.846154296875,15877420
2025-07-22,13.9615380859375,14.26923046875,13.846154296875,13.846154296875,15877420
2025-07-23,13.846154296875,13.884615234375,13.73076953125,13.884615234375,8732100
2025-07-24,14.0769228515625,14.6923076171875,14.0769228515625,14.5384619140625,35271860
2025-07-25,14.5769228515625,14.5769228515625,14.23076953125,14.3076923828125,11102650
2025-07-28,14.5769228515625,15.0384619140625,14.384615234375,14.884615234375,28064400
2025-07-29,14.5769228515625,15.0384619140625,14.384615234375,14.884615234375,28064400
2025-07-30,15.0769228515625,15.115384765625,13.846154296875,13.846154296875,29912480
2025-07-31,14.115384765625,14.5384619140625,13.846154296875,14.5384619140625,24771890
2025-08-01,14.615384765625,14.8076923828125,14.3076923828125,14.346154296875,14600950
2025-08-04,14.0384619140625,14.346154296875,13.9230771484375,14.26923046875,6834360
2025-08-05,14.0384619140625,14.346154296875,13.9230771484375,14.26923046875,6834360
2025-08-06,14.384615234375,14.884615234375,14.0769228515625,14.3076923828125,36946910
2025-08-07,14.615384765625,14.884615234375,14.5,14.5769228515625,13637520
2025-08-08,14.615384765625,15.0769228515625,14.5384619140625,15.0769228515625,25170860
2025-08-11,15.26923046875,15.3076923828125,14.9615380859375,15.1923076171875,19303050
2025-08-12,15.26923046875,15.3076923828125,14.9615380859375,15.1923076171875,19303050
2025-08-13,15.3076923828125,15.653845703125,15.153845703125,15.26923046875,22926150
2025-08-14,15.384615234375,15.384615234375,14.846154296875,15.153845703125,19026020
2025-08-15,15.1923076171875,15.23076953125,14.9230771484375,14.9615380859375,13691210
2025-08-18,15.384615234375,15.5384619140625,15.115384765625,15.1923076171875,15936310
2025-08-19,15.384615234375,15.5384619140625,15.115384765625,15.1923076171875,15936310
2025-08-20,15.23076953125,15.3076923828125,15.0,15.0769228515625,12402910
2025-08-21,15.0769228515625,15.115384765625,14.0769228515625,14.5,25133030
2025-08-22,14.5384619140625,14.5769228515625,14.115384765625,14.4615380859375,13855790
2025-08-25,14.26923046875,14.346154296875,13.76923046875,13.846154296875,10779730
2025-08-26,14.26923046875,14.346154296875,13.76923046875,13.846154296875,10779730
2025-08-27,13.846154296875,14.23076953125,13.846154296875,14.1923076171875,7521540
2025-08-28,14.4615380859375,14.4615380859375,14.0769228515625,14.0769228515625,7792200
2025-08-29,14.1923076171875,14.384615234375,14.0769228515625,14.115384765625,5478980
2025-09-01,14.115384765625,14.115384765625,14.115384765625,14.115384765625,0
2025-09-02,14.115384765625,14.115384765625,14.115384765625,14.115384765625,0
2025-09-03,14.23076953125,15.0769228515625,14.153845703125,15.0769228515625,30607980
2025-09-04,14.23076953125,15.0769228515625,14.153845703125,15.0769228515625,30607980
2025-09-05,15.23076953125,16.115384765625,15.0384619140625,16.115384765625,37499150
2025-09-08,15.5769228515625,16.0,15.384615234375,15.384615234375,28799030
2025-09-09,15.5769228515625,16.0,15.384615234375,15.384615234375,28799030
2025-09-10,15.384615234375,15.5769228515625,14.6923076171875,15.3076923828125,17933240
2025-09-11,15.346154296875,15.4230771484375,14.8076923828125,14.9615380859375,8942570
2025-09-12,14.9615380859375,15.384615234375,14.3076923828125,15.384615234375,16724370
2025-09-15,15.384615234375,15.384615234375,15.384615234375,15.384615234375,0
2025-09-16,15.9615380859375,16.3076923828125,15.8076923828125,15.9230771484375,17853550
2025-09-17,16.0384619140625,16.0384619140625,15.5384619140625,15.5384619140625,14208350
2025-09-18,15.5384619140625,15.9230771484375,15.115384765625,15.115384765625,12358060
2025-09-19,15.23076953125,15.346154296875,15.0,15.153845703125,7636200
2025-09-22,15.1923076171875,15.1923076171875,14.384615234375,14.5769228515625,14217060
2025-09-23,15.1923076171875,15.1923076171875,14.384615234375,14.5769228515625,14217060
2025-09-24,14.615384765625,14.846154296875,14.5384619140625,14.5384619140625,5606120
2025-09-25,14.615384765625,14.9230771484375,14.4230771484375,14.9230771484375,8421660
2025-09-26,15.0769228515625,15.3076923828125,14.9230771484375,14.9230771484375,8511360
2025-09-29,14.9230771484375,15.0384619140625,14.653845703125,14.653845703125,5148260
2025-09-30,14.9230771484375,15.0384619140625,14.653845703125,14.653845703125,5148260
2025-10-01,14.76923046875,14.76923046875,14.23076953125,14.615384765625,9971650
2025-10-02,14.5384619140625,14.6923076171875,14.5,14.615384765625,3020680
2025-10-03,14.615384765625,14.6923076171875,14.23076953125,14.23076953125,5457140
2025-10-06,14.0769228515625,14.615384765625,13.9615380859375,14.4615380859375,5330520
2025-10-07,14.0769228515625,14.615384765625,13.9615380859375,14.4615380859375,5330520
2025-10-08,14.5769228515625,14.5769228515625,14.23076953125,14.23076953125,3377920
2025-10-09,14.5384619140625,14.5769228515625,14.23076953125,14.4615380859375,4620720
2025-10-10,14.5769228515625,14.6923076171875,14.384615234375,14.5,3414970
2025-10-13,14.23076953125,14.4615380859375,14.1923076171875,14.384615234375,9378330
2025-10-14,14.23076953125,14.4615380859375,14.1923076171875,14.384615234375,9378330
2025-10-15,14.4615380859375,14.615384765625,14.115384765625,14.115384765625,11943100
2025-10-16,14.115384765625,14.3076923828125,13.9230771484375,14.1923076171875,6872060
2025-10-17,14.23076953125,14.4230771484375,14.0,14.23076953125,7168980
2025-10-20,14.0384619140625,14.115384765625,13.0769228515625,13.0769228515625,17297930
2025-10-21,14.0384619140625,14.115384765625,13.0769228515625,13.0769228515625,17297930
2025-10-22,13.0769228515625,13.153845703125,12.4615380859375,12.76923046875,12434370
2025-10-23,12.9230771484375,12.9230771484375,12.5,12.73076953125,6921070
2025-10-24,12.884615234375,12.9230771484375,12.615384765625,12.6923076171875,5313880
2025-10-27,12.76923046875,12.9615380859375,12.615384765625,12.76923046875,5160480
2025-10-28,12.76923046875,12.9615380859375,12.615384765625,12.76923046875,5160480
2025-10-29,12.76923046875,12.9615380859375,12.6923076171875,12.9615380859375,3945110
2025-10-30,13.0769228515625,13.1923076171875,12.9615380859375,13.0769228515625,4060550
2025-10-31,13.0384619140625,13.0769228515625,12.76923046875,12.8076923828125,6729580
2025-11-03,13.115384765625,13.3076923828125,12.8076923828125,12.884615234375,6579820
2025-11-04,12.9230771484375,13.1923076171875,12.5769228515625,13.1923076171875,6353880
2025-11-05,12.9230771484375,13.1923076171875,12.5769228515625,13.1923076171875,6353880
2025-11-06,13.1923076171875,13.23076953125,12.9230771484375,13.0769228515625,3923790
2025-11-07,13.0769228515625,13.346154296875,12.9230771484375,12.9615380859375,8490040
2025-11-10,12.846154296875,13.1923076171875,12.846154296875,12.9615380859375,3370510
2025-11-11,13.0,13.153845703125,12.8076923828125,13.0,3688750
2025-11-12,13.153845703125,13.26923046875,13.0384619140625,13.153845703125,4936490
2025-11-13,13.23076953125,13.23076953125,13.0,13.115384765625,3166150
2025-11-14,13.0769228515625,13.23076953125,13.0384619140625,13.115384765625,4086420
2025-11-17,13.153845703125,13.4230771484375,13.115384765625,13.23076953125,4480840
2025-11-18,13.23076953125,13.4615380859375,13.23076953125,13.3076923828125,5273710
2025-11-19,13.346154296875,13.653845703125,13.153845703125,13.3076923828125,10209160
2025-11-20,13.4230771484375,13.4230771484375,13.115384765625,13.153845703125,2711020
2025-11-21,13.1923076171875,13.23076953125,13.0,13.153845703125,4095650
2025-11-24,13.153845703125,13.3076923828125,13.0,13.0,3234530
2025-11-25,12.9615380859375,13.1923076171875,12.8076923828125,12.846154296875,3670030
2025-11-26,12.884615234375,13.0384619140625,12.846154296875,12.9615380859375,2834650
2025-11-27,13.0,13.0769228515625,12.9615380859375,12.9615380859375,2084550
2025-11-28,12.9615380859375,13.0384619140625,12.76923046875,12.846154296875,2400320
2025-12-01,12.884615234375,12.9230771484375,12.6923076171875,12.6923076171875,2951650
2025-12-02,12.6923076171875,12.73076953125,12.5,12.6923076171875,4261920
2025-12-03,12.76923046875,12.884615234375,12.73076953125,12.846154296875,2367560
2025-12-04,12.884615234375,13.0384619140625,12.884615234375,12.9615380859375,3621930
2025-12-05,13.0,13.0,12.76923046875,12.8076923828125,3086200
2025-12-08,12.846154296875,12.884615234375,12.653845703125,12.6923076171875,2118870
2025-12-09,12.6923076171875,12.73076953125,12.4230771484375,12.6923076171875,4158310
2025-12-10,12.73076953125,12.8076923828125,12.615384765625,12.653845703125,2312440
2025-12-11,12.6923076171875,12.76923046875,12.5769228515625,12.615384765625,2249520
2025-12-12,12.615384765625,12.653845703125,11.846154296875,11.846154296875,5644210
2025-12-15,11.846154296875,11.9615380859375,11.6923076171875,11.846154296875,4314960
2025-12-16,11.884615234375,12.3076923828125,11.6923076171875,12.23076953125,4161040
2025-12-17,12.23076953125,12.26923046875,12.0769228515625,12.115384765625,2307370
2025-12-18,12.23076953125,12.26923046875,12.0769228515625,12.115384765625,2307370
2025-12-19,12.0384619140625,12.23076953125,12.0,12.23076953125,2549560
2025-12-22,12.3076923828125,12.384615234375,12.153845703125,12.346154296875,3640390
2025-12-23,12.4615380859375,12.4615380859375,12.153845703125,12.153845703125,2167620
2025-12-24,12.153845703125,12.23076953125,12.115384765625,12.23076953125,2770950
2025-12-25,12.153845703125,12.23076953125,12.115384765625,12.23076953125,2770950
2025-12-26,12.653845703125,12.846154296875,12.3076923828125,12.346154296875,5794620
2025-12-29,12.5384619140625,12.5384619140625,12.23076953125,12.4615380859375,2944370
2025-12-30,12.4615380859375,12.4615380859375,12.23076953125,12.23076953125,1575730
2025-12-31,12.26923046875,12.3076923828125,12.0769228515625,12.115384765625,2519010
2026-01-01,12.115384765625,12.115384765625,12.115384765625,12.115384765625,0
2026-01-02,12.115384765625,12.115384765625,12.115384765625,12.115384765625,0
2026-01-05,12.115384765625,12.1923076171875,11.846154296875,11.884615234375,3152760
2026-01-06,11.884615234375,11.9615380859375,11.653845703125,11.846154296875,2780570
2026-01-07,11.9230771484375,12.23076953125,11.884615234375,12.1923076171875,3374020
2026-01-08,12.26923046875,12.3076923828125,12.115384765625,12.115384765625,3463330
2026-01-09,12.153845703125,12.23076953125,12.0,12.0,3036930
2026-01-12,12.0,12.615384765625,12.0,12.5384619140625,6548100
2026-01-13,12.73076953125,12.76923046875,12.4230771484375,12.4615380859375,5832450
2026-01-14,12.4230771484375,12.653845703125,12.384615234375,12.5384619140625,6853860
2026-01-15,12.615384765625,13.153845703125,12.5384619140625,13.0769228515625,16629730
2026-01-16,13.26923046875,13.26923046875,12.8076923828125,12.846154296875,9329710
2026-01-19,12.9615380859375,13.0384619140625,12.76923046875,12.9230771484375,3976700
2026-01-20,12.9230771484375,13.0,12.76923046875,12.884615234375,4225520
2026-01-21,12.846154296875,12.884615234375,12.4230771484375,12.5384619140625,7023250
2026-01-22,12.5769228515625,12.846154296875,12.5384619140625,12.8076923828125,4628130
2026-01-23,12.8076923828125,12.9230771484375,12.5769228515625,12.5769228515625,3037450
2026-01-26,12.5769228515625,12.5769228515625,12.115384765625,12.23076953125,6603480
2026-01-27,12.0769228515625,12.26923046875,12.0,12.23076953125,4139460
2026-01-28,12.26923046875,12.4615380859375,12.23076953125,12.4615380859375,3479580
2026-01-29,12.5384619140625,12.615384765625,12.4230771484375,12.5,3334110
2026-01-30,12.5769228515625,12.6923076171875,12.384615234375,12.384615234375,2544620
2026-02-02,12.3076923828125,12.3076923828125,12.0,12.115384765625,6354530
2026-02-03,12.23076953125,12.3076923828125,12.0769228515625,12.153845703125,5237310
2026-02-04,12.26923046875,12.9230771484375,12.23076953125,12.6923076171875,10698220
2026-02-05,12.73076953125,12.73076953125,12.4230771484375,12.4230771484375,2514070
2026-02-06,12.3076923828125,12.5769228515625,12.0,12.0,5981170
2026-02-09,12.115384765625,12.153845703125,11.846154296875,11.9230771484375,4936100
2026-02-10,12.0,12.0769228515625,11.846154296875,11.884615234375,3545880
2026-02-11,11.9615380859375,12.115384765625,11.884615234375,12.0,3702270
2026-02-12,12.0384619140625,12.153845703125,11.884615234375,12.0,2603380
2026-02-13,11.9230771484375,12.115384765625,11.9230771484375,11.9230771484375,3738020
2026-02-16,11.9230771484375,11.9230771484375,11.9230771484375,11.9230771484375,0
2026-02-17,11.9230771484375,11.9230771484375,11.9230771484375,11.9230771484375,0
2026-02-18,11.9230771484375,11.9230771484375,11.9230771484375,11.9230771484375,0
2026-02-19,11.9230771484375,11.9230771484375,11.9230771484375,11.9230771484375,0
2026-02-20,11.9230771484375,11.9230771484375,11.9230771484375,11.9230771484375,0
2026-02-23,12.153845703125,12.346154296875,12.0384619140625,12.23076953125,3307980
2026-02-24,12.153845703125,12.615384765625,12.153845703125,12.5384619140625,6872840
2026-02-25,12.615384765625,12.9230771484375,12.5769228515625,12.615384765625,9037210
2026-02-26,12.6923076171875,12.6923076171875,12.384615234375,12.5,3659370
2026-02-27,12.5,12.5769228515625,12.346154296875,12.4230771484375,4133350
2026-03-02,12.115384765625,12.4230771484375,11.9615380859375,12.0769228515625,8718190
2026-03-03,12.115384765625,12.4230771484375,11.9615380859375,12.0769228515625,8718190
2026-03-04,11.9230771484375,12.0,11.153845703125,11.653845703125,9663420
2026-03-05,11.9230771484375,12.0,11.5384619140625,11.5384619140625,4639960
2026-03-06,11.5384619140625,11.615384765625,11.346154296875,11.384615234375,5586360
2026-03-09,10.76923046875,10.8076923828125,10.615384765625,10.615384765625,9453210
2026-03-10,10.76923046875,11.26923046875,10.6923076171875,11.0,8978840
2026-03-11,11.0384619140625,11.4230771484375,10.9615380859375,11.384615234375,5634460
2026-03-12,11.384615234375,11.384615234375,11.0384619140625,11.0769228515625,4674540
2026-03-13,10.9615380859375,11.1923076171875,10.9615380859375,11.0384619140625,3542500
2026-03-16,11.153845703125,11.3076923828125,11.0384619140625,11.0769228515625,2364830
2026-03-17,11.153845703125,11.3076923828125,11.153845703125,11.153845703125,2358590
2026-03-18,11.346154296875,11.5,11.23076953125,11.346154296875,5124210
2026-03-19,11.26923046875,11.3076923828125,11.153845703125,11.23076953125,3689140
2026-03-20,11.153845703125,11.26923046875,10.9230771484375,10.9230771484375,3384940
2026-03-23,10.9230771484375,11.0,10.5,10.653845703125,5890560
2026-03-24,11.0769228515625,11.1923076171875,10.9230771484375,11.0384619140625,2237950
2026-03-25,11.115384765625,11.23076953125,11.0384619140625,11.0769228515625,5356390
2026-03-26,11.1923076171875,11.1923076171875,11.0,11.153845703125,2644850
2026-03-27,11.1923076171875,11.5,11.153845703125,11.4615380859375,4870710
2026-03-30,11.23076953125,11.615384765625,11.153845703125,11.5,4780880
2026-03-31,11.5384619140625,11.615384765625,11.384615234375,11.4230771484375,4257370
2026-04-01,11.5384619140625,11.653845703125,11.4230771484375,11.4615380859375,3737500
2026-04-02,11.384615234375,11.653845703125,11.346154296875,11.5,3364400
2026-04-03,11.5,11.5769228515625,11.384615234375,11.384615234375,3175640
2026-04-06,11.384615234375,11.5,11.26923046875,11.26923046875,2175550
2026-04-07,11.3076923828125,11.384615234375,11.153845703125,11.1923076171875,2015780
2026-04-08,11.5769228515625,11.73076953125,11.4615380859375,11.615384765625,5598190
2026-04-09,11.615384765625,11.9615380859375,11.5384619140625,11.884615234375,5925140
2026-04-10,12.0,12.0384619140625,11.76923046875,11.76923046875,2959840
2026-04-13,11.5384619140625,11.846154296875,11.5384619140625,11.8076923828125,4154020
2026-04-14,11.9230771484375,12.615384765625,11.8076923828125,12.615384765625,16258580
2026-04-15,12.73076953125,12.76923046875,12.384615234375,12.4615380859375,8330790
2026-04-16,12.4615380859375,12.5384619140625,12.0384619140625,12.3076923828125,9176050
2026-04-17,12.3076923828125,12.384615234375,12.1923076171875,12.3076923828125,4722770
2026-04-20,12.346154296875,12.5384619140625,12.3076923828125,12.4615380859375,5640960
2026-04-21,12.5769228515625,12.6923076171875,12.3076923828125,12.384615234375,11424660
2026-04-22,12.384615234375,12.4230771484375,12.1923076171875,12.23076953125,3651310
2026-04-23,12.23076953125,12.346154296875,11.9230771484375,12.0769228515625,6027710
2026-04-24,12.0769228515625,12.26923046875,11.9615380859375,12.153845703125,4002180
2026-04-27,12.153845703125,12.153845703125,12.153845703125,12.153845703125,0
2026-04-28,12.153845703125,12.5,12.153845703125,12.346154296875,4322760
2026-04-29,12.4230771484375,12.4230771484375,12.26923046875,12.26923046875,4955990
2026-04-30,12.26923046875,12.26923046875,12.26923046875,12.26923046875,0
2026-05-01,12.26923046875,12.26923046875,12.26923046875,12.26923046875,0
2026-05-04,12.4,12.65,12.4,12.5,4498000
2026-05-05,12.5,12.55,12.35,12.45,2528700
2026-05-06,12.5,12.5,12.3,12.5,4559500
2026-05-07,12.85,12.85,12.55,12.6,4025400
2026-05-08,12.6,12.65,12.4,12.45,2752600
2026-05-11,12.45,12.45,12.0,12.1,5929800
2026-05-12,12.0,12.3,12.0,12.3,3248500
2026-05-13,12.3,12.35,12.1,12.2,1794000
2026-05-14,12.2,12.35,12.15,12.2,1705200
2026-05-15,12.2,12.2,12.05,12.1,2019400
2026-05-18,12.0,12.1,11.95,12.0,2058600
2026-05-19,12.1,12.2,12.05,12.05,2106100
2026-05-20,12.05,12.15,11.65,11.95,2735800
2026-05-21,12.0,12.25,11.95,12.2,2696800
2026-05-22,12.25,12.7,12.15,12.6,8184700
2026-05-25,12.6,12.75,12.5,12.55,3329800
2026-05-26,12.4,13.0,12.4,12.8,9458000
2026-05-27,12.8,12.85,12.65,12.8,3487100
2026-05-28,12.85,12.85,12.5,12.55,3418300
2026-05-29,12.55,12.6,12.4,12.45,3452700
2026-06-01,12.45,12.5,12.3,12.45,2535500
2026-06-02,12.45,12.45,12.05,12.1,3792300
2026-06-03,12.1,12.3,12.1,12.25,1908100
2026-06-04,12.2,12.25,12.1,12.1,2309000
2026-06-05,12.1,12.15,11.95,12.0,2668900
2026-06-08,11.7,11.85,11.5,11.65,5348400
2026-06-09,11.7,11.8,11.65,11.75,1691900
2026-06-10,11.75,11.9,11.65,11.85,2317500
2026-06-11,11.8,11.8,11.7,11.8,2656100
2026-06-12,11.85,11.9,11.7,11.7,2142700
2026-06-15,11.8,12.1,11.8,12.05,3024100
2026-06-16,12.05,12.2,11.95,12.2,2774600
2026-06-17,12.3,12.35,12.05,12.05,3351500
2026-06-18,12.05,12.15,12.0,12.0,2135500
2026-06-19,12.1,12.1,11.9,11.95,2333000
2026-06-22,11.95,12.05,11.9,11.95,1710400
2026-06-23,11.9,11.95,11.7,11.75,3732500
2026-06-24,11.65,11.75,11.55,11.75,2594500
2026-06-25,11.75,11.8,11.6,11.7,1785300
2026-06-26,11.65,11.7,11.55,11.6,1413100
2026-06-29,11.6,11.75,11.6,11.75,2232600
2026-06-30,11.8,11.8,11.65,11.7,1662100
2026-07-01,11.8,11.8,11.65,11.7,1662100
2026-07-02,11.75,11.8,11.6,11.6,2320100
2026-07-03,11.6,11.65,11.5,11.55,2693900
2026-07-06,11.55,11.75,11.25,11.45,3441000
2026-07-07,11.45,11.5,11.3,11.5,3998400
2026-07-08,11.45,11.7,11.35,11.7,3706700
2026-07-09,11.6,11.6,11.45,11.5,3150700
2026-07-10,11.45,11.55,11.35,11.35,1764900
2026-07-13,11.4,11.45,11.2,11.25,3543600
2026-07-14,11.25,11.6,11.25,11.55,2242100
2026-07-15,11.55,11.75,11.5,11.65,6866400
2026-07-16,11.55,11.6,11.25,11.6,4079600
2026-07-17,11.55,11.55,11.3,11.3,1871100
2026-07-20,11.15,11.25,10.65,10.65,4608800
2026-07-21,10.4,10.85,10.4,10.55,2153900
2026-07-22,10.5,10.65,10.15,10.45,3612400
2026-07-23,10.35,10.7,10.15,10.5,2927700
2026-07-24,10.4,10.55,10.35,10.45,1391600
2026-07-27,10.45,10.55,10.05,10.05,1768500
2026-07-28,9.7,10.55,9.7,10.45,3302200
2026-07-29,10.45,10.85,10.45,10.65,2391200
2026-07-30,10.7,10.95,10.65,10.9,2430400
2026-07-31,11.0,11.0,10.65,10.7,1717700
2026-08-03,10.6,11.0,10.6,10.95,1757900
2026-08-04,10.95,11.0,10.75,10.85,1281700
2026-08-05,10.9,11.0,10.75,10.8,2189700
2026-08-06,10.8,10.95,10.75,10.8,1399000
2026-08-07,10.75,11.0,10.75,10.75,1553300
2026-08-10,10.85,11.0,10.8,10.9,1905900
2026-08-11,10.9,11.1,10.9,10.9,1430000
2026-08-12,10.85,11.05,10.85,10.9,1896900
2026-08-13,10.9,11.0,10.7,10.7,2187800
2026-08-14,10.7,10.75,10.55,10.55,1919600
