date,open,high,low,close,volume
2010-02-22,6.825010971638792,6.825010971638792,6.599017578125,6.599017578125,106560
2010-02-23,6.46341977080379,6.779810763195334,6.46341977080379,6.55381689453125,35820
2010-02-24,6.599017201297188,6.77981201171875,6.599017201297188,6.77981201171875,21504
2010-02-25,6.870208860079124,6.870208860079124,6.779811200843626,6.825009765625,11424
2010-02-26,6.825009300717806,6.87020839209305,6.553816871157196,6.6894130859375,46080
2010-03-01,6.77981201171875,6.77981201171875,6.734613441531563,6.77981201171875,37668
2010-03-02,6.644215771484375,6.77981201171875,6.644215771484375,6.77981201171875,40344
2010-03-03,6.825009765625,6.825009765625,6.779811200843626,6.825009765625,15888
2010-03-04,6.870209681765938,6.870209681765938,6.77981201171875,6.77981201171875,17904
2010-03-05,6.599016412045379,6.825009765625,6.599016412045379,6.825009765625,31248
2010-03-08,6.825009300717806,6.87020839209305,6.6894130859375,6.6894130859375,22080
2010-03-09,6.77981201171875,6.8250105819059375,6.689414341671562,6.77981201171875,41172
2010-03-10,6.77981201171875,6.77981201171875,6.689414341671562,6.77981201171875,49908
2010-03-11,6.77981201171875,6.870209681765938,6.77981201171875,6.77981201171875,45540
2010-03-12,6.77981201171875,6.8250105819059375,6.734613441531563,6.77981201171875,63492
2010-03-15,6.870209681765938,6.870209681765938,6.734613441531563,6.77981201171875,87924
2010-03-16,6.77981201171875,6.870209681765938,6.77981201171875,6.77981201171875,111348
2010-03-17,6.77981201171875,6.8250105819059375,6.77981201171875,6.77981201171875,11100
2010-03-18,6.77981201171875,6.77981201171875,6.77981201171875,6.77981201171875,144216
2010-03-19,6.779810739015275,6.825009300717806,6.6894130859375,6.6894130859375,255912
2010-03-22,6.644214547931427,6.644214547931427,6.55381689453125,6.55381689453125,20220
2010-03-23,6.553818475683968,6.734613826102413,6.553818475683968,6.599017578125,30840
2010-03-24,6.689414341671562,6.915408251953125,6.689414341671562,6.77981201171875,99168
2010-03-25,6.779812061543368,6.779812061543368,6.599017249793151,6.6442158203125,11724
2010-03-26,6.77981201171875,6.77981201171875,6.689414341671562,6.77981201171875,80040
2010-03-29,6.6894130859375,6.779810739015275,6.6894130859375,6.6894130859375,17304
2010-03-30,6.644216150893191,6.734613826102413,6.599017578125,6.599017578125,34404
2010-03-31,6.734613037343183,6.734613037343183,6.508619140625,6.508619140625,37368
2010-04-01,6.734613441531563,6.8250105819059375,6.689414341671562,6.77981201171875,125124
2010-04-02,6.77981201171875,6.77981201171875,6.689414341671562,6.77981201171875,30348
2010-04-05,6.870209681765938,6.870209681765938,6.77981201171875,6.77981201171875,45000
2010-04-06,6.8250105819059375,6.870209681765938,6.77981201171875,6.77981201171875,49656
2010-04-07,6.779811200843626,6.825009765625,6.779811200843626,6.825009765625,44292
2010-04-08,6.82501028873091,7.14140185546875,6.82501028873091,7.14140185546875,108000
2010-04-09,7.276998089878456,7.276998089878456,7.14140185546875,7.14140185546875,40140
2010-04-12,7.14140222525889,7.186600795844964,7.096203124999999,7.096203125,123684
2010-04-13,7.096202968749999,7.2410234375,6.903109198984985,7.2410234375,94404
2010-04-14,7.144475232888482,7.144475232888482,6.95138149114713,6.99965478515625,107508
2010-04-15,7.144475164187704,7.241022316982426,7.096201870642778,7.1927490234375,71340
2010-04-16,7.192749448036979,7.241022744431555,6.999655131048869,7.1444755859375,82872
2010-04-19,7.144476289800781,7.19275015665613,6.999655820644651,7.0479296875,84012
2010-04-20,7.096203125,7.144476427077935,6.99965595513916,7.096203125,85536
2010-04-21,7.1444755859375,7.1444755859375,7.096202289542924,7.1444755859375,93768
2010-04-22,7.096201870642778,7.1927490234375,7.096201870642778,7.1927490234375,72120
2010-04-23,7.192749023437499,7.1927490234375,7.192749023437499,7.1927490234375,0
2010-04-26,7.241023437499999,7.2410234375,7.096202968749999,7.2410234375,16980
2010-04-27,7.144475164187704,7.241022316982426,7.144475164187704,7.1927490234375,44112
2010-04-28,7.096201870642778,7.1927490234375,7.096201870642778,7.1927490234375,28956
2010-04-29,7.192749448036979,7.241022744431555,7.096202289542924,7.1444755859375,92844
2010-04-30,7.1444755859375,7.1444755859375,7.1444755859375,7.1444755859375,0
2010-05-03,7.1444755859375,7.1444755859375,7.1444755859375,7.1444755859375,0
2010-05-04,7.192749448036979,7.241022744431555,7.096202289542924,7.1444755859375,145236
2010-05-05,7.144476427077935,7.19275029486084,7.096203125,7.096203125,51732
2010-05-06,7.144476269765014,7.2410234375,7.144476269765014,7.2410234375,136248
2010-05-07,7.096202289542924,7.192749448036979,7.096202289542924,7.1444755859375,58320
2010-05-10,7.144475164187704,7.289295610527352,7.144475164187704,7.1927490234375,66408
2010-05-11,7.241022316982426,7.241022316982426,7.144475164187704,7.1927490234375,24876
2010-05-12,7.096201870642778,7.1927490234375,7.047928577097851,7.1927490234375,20964
2010-05-13,6.951381424303129,7.1927490234375,6.951381424303129,7.1927490234375,21516
2010-05-14,7.096202988650391,7.19275015665613,7.0479296875,7.0479296875,46320
2010-05-17,7.192749448036979,7.241022744431555,6.999655131048869,7.1444755859375,94908
2010-05-18,7.1444755859375,7.1444755859375,7.047928993148347,7.1444755859375,29400
2010-05-19,7.096202439328458,7.144475736741979,6.8065615234375,6.8065615234375,35088
2010-05-20,6.806561723351133,6.90310888671875,6.758288424519789,6.90310888671875,45516
2010-05-21,6.758287597656251,6.758287597656251,6.565193294545734,6.75828759765625,105036
2010-05-24,6.806561043414899,6.99965478515625,6.758287749405779,6.99965478515625,157836
2010-05-25,6.999654785156249,6.99965478515625,6.999654785156249,6.99965478515625,0
2010-05-26,7.0479296875,7.0479296875,6.999655820644651,7.0479296875,105228
2010-05-27,7.096203125,7.144476427077935,7.047929822922064,7.096203125,84144
2010-05-28,7.144476289800781,7.144476289800781,7.0479296875,7.0479296875,45432
2010-05-31,6.95138149114713,6.99965478515625,6.758287749405779,6.99965478515625,58572
2010-06-01,6.999655624013066,6.999655624013066,6.903109024424433,6.95138232421875,69204
2010-06-02,6.95138212344251,6.95138212344251,6.758288364137416,6.8548349609375,97764
2010-06-03,6.90310888671875,6.90310888671875,6.758288424519789,6.90310888671875,91824
2010-06-04,6.758288021816046,6.806561317770946,6.661740864201351,6.71001416015625,119688
2010-06-07,6.468647598869239,6.613468063278961,6.468647598869239,6.5169208984375,100032
2010-06-08,6.420373112056318,6.516920267551299,6.420373112056318,6.46864697265625,120540
2010-06-09,6.516920697013648,6.516920697013648,6.42037353515625,6.42037353515625,76380
2010-06-10,6.516920898437499,6.5169208984375,6.420373733596039,6.5169208984375,109800
2010-06-11,6.661740446100993,6.758287597656251,6.613467153175794,6.75828759765625,172056
2010-06-14,6.758289229447408,6.758289229447408,6.565194879714198,6.61346875,15384
2010-06-15,6.61346875,6.61346875,6.61346875,6.61346875,0
2010-06-16,6.516920749830163,6.6617412109375,6.516920749830163,6.6617412109375,120768
2010-06-17,6.516920898437499,6.565194198005761,6.468647598869239,6.5169208984375,79536
2010-06-18,6.516920898437499,6.565194198005761,6.420373733596039,6.5169208984375,76296
2010-06-21,6.516920898437499,6.613468063278961,6.516920898437499,6.5169208984375,100428
2010-06-22,6.5651941493281525,6.5651941493281525,6.227279923445911,6.27555322265625,239376
2010-06-23,6.468646291470565,6.56519287109375,6.420372435954147,6.56519287109375,301140
2010-06-24,6.613467568246452,6.71001416015625,6.565193706586655,6.71001416015625,162084
2010-06-25,6.71001416015625,6.71001416015625,6.516920410631757,6.71001416015625,94980
2010-06-28,6.710015359161607,6.710015359161607,6.565194879714198,6.61346875,71112
2010-06-29,6.613467962320829,6.90310888671875,6.516920798953213,6.90310888671875,430920
2010-06-30,6.758287749405779,6.99965478515625,6.613467301673547,6.99965478515625,428568
2010-07-01,6.806561672044837,6.854834970512307,6.6617412109375,6.6617412109375,63084
2010-07-02,6.758289229447408,6.758289229447408,6.468648270552591,6.61346875,40572
2010-07-05,6.516920749830163,6.6617412109375,6.516920749830163,6.6617412109375,106596
2010-07-06,6.516920410631757,6.71001416015625,6.516920410631757,6.71001416015625,223272
2010-07-07,6.661740016421761,6.710013306233353,6.56519287109375,6.56519287109375,135804
2010-07-08,6.516921575133395,6.61346875,6.516921575133395,6.61346875,135780
2010-07-09,6.516919581282157,6.613466726610167,6.516919581282157,6.56519287109375,51324
2010-07-12,6.468646291470565,6.613466726610167,6.468646291470565,6.56519287109375,24240
2010-07-13,6.613466726610167,6.613466726610167,6.468646291470565,6.56519287109375,136104
2010-07-14,6.56519287109375,6.56519287109375,6.516919581282157,6.56519287109375,125472
2010-07-15,6.468646291470565,6.56519287109375,6.468646291470565,6.56519287109375,22068
2010-07-16,6.56519287109375,6.56519287109375,6.516919581282157,6.56519287109375,74340
2010-07-19,6.420373733596039,6.565194198005761,6.420373733596039,6.5169208984375,46296
2010-07-20,6.516920749830163,6.6617412109375,6.516920749830163,6.6617412109375,170076
2010-07-21,6.661741362847222,6.661741362847222,6.468647598869239,6.5169208984375,39552
2010-07-22,6.565193562446347,6.565193562446347,6.46864697265625,6.46864697265625,30420
2010-07-23,6.4203732520515295,6.516920409651705,6.32382666015625,6.32382666015625,170364
2010-07-26,6.32382666015625,6.32382666015625,6.32382666015625,6.32382666015625,0
2010-07-27,6.420373685992201,6.420373685992201,6.27555322265625,6.27555322265625,139500
2010-07-28,6.227279793678756,6.227279793678756,6.03418603515625,6.03418603515625,75384
2010-07-29,6.32382666015625,6.32382666015625,6.082459049008258,6.32382666015625,82848
2010-07-30,6.2272796447058205,6.2272796447058205,6.034185890802626,6.17900634765625,7248
2010-08-02,6.227279436383928,6.227279436383928,6.082458984375,6.082458984375,23088
2010-08-03,6.179006140949249,6.227279436383928,6.034185688940321,6.082458984375,86004
2010-08-04,5.98591232148828,6.034186186609232,5.88936572265625,5.88936572265625,44616
2010-08-05,5.889365877927374,5.889365877927374,5.696271543762573,5.74454541015625,119328
2010-08-06,5.64799721590298,5.74454436542687,5.59972392399346,5.6962705078125,61272
2010-08-09,5.503177386317167,5.599724546575245,5.454904089040583,5.55145068359375,184620
2010-08-10,5.551450542140309,5.599724403891765,5.310083496202619,5.50317724609375,291540
2010-08-11,5.454904451533364,5.503177752017835,5.310083984375,5.310083984375,329472
2010-08-12,5.310083984375,5.358357284859471,5.213536817701107,5.310083984375,508344
2010-08-13,5.261809768524425,5.55145068359375,5.261809768524425,5.55145068359375,107592
2010-08-16,5.696271198150445,5.792818359375,5.696271198150445,5.792818359375,109296
2010-08-17,6.034185688940321,6.082458984375,5.792818080357143,6.082458984375,320868
2010-08-18,6.227279436383928,6.227279436383928,6.034185688940321,6.082458984375,98136
2010-08-19,6.082459422858324,6.082459422858324,5.792818497960308,5.841091796875,63168
2010-08-20,5.841092011533697,5.841092011533697,5.551451075991449,5.74454541015625,64584
2010-08-23,5.599725231971105,5.64799853515625,5.551451363080978,5.64799853515625,33660
2010-08-24,5.454904235370208,5.503177533941738,5.40663037109375,5.40663037109375,114396
2010-08-25,5.261810118185578,5.310083984375,5.261810118185578,5.310083984375,49044
2010-08-26,5.503177533941738,5.503177533941738,5.310083773950688,5.40663037109375,73368
2010-08-27,5.261809634451163,5.50317724609375,5.261809634451163,5.50317724609375,61020
2010-08-30,5.696271543762573,5.74454541015625,5.647998243073849,5.74454541015625,69672
2010-08-31,5.88936572265625,5.937639022072265,5.8410918575352975,5.88936572265625,131520
2010-09-01,5.889365520599556,5.889365520599556,5.696271198150445,5.792818359375,83952
2010-09-02,5.792818359375,5.792818359375,5.792818359375,5.792818359375,0
2010-09-03,5.792818359375,5.792818359375,5.792818359375,5.792818359375,0
2010-09-06,5.792818710844974,5.889365877927374,5.744545410156249,5.74454541015625,87768
2010-09-07,5.744545061615181,5.84109165713482,5.744545061615181,5.792818359375,134424
2010-09-08,5.696271543762573,5.74454541015625,5.647998243073849,5.74454541015625,58692
2010-09-09,5.744545410156249,5.841092011533697,5.744545410156249,5.74454541015625,47964
2010-09-10,5.696271205010917,5.744545068533793,5.599724609375,5.599724609375,54672
2010-09-13,5.647997699938323,5.647997699938323,5.50317724609375,5.50317724609375,47904
2010-09-14,5.647997699938323,5.647997699938323,5.50317724609375,5.50317724609375,85620
2010-09-15,5.599724403891765,5.599724403891765,5.50317724609375,5.50317724609375,48672
2010-09-16,5.50317724609375,5.551450542140309,5.50317724609375,5.50317724609375,29580
2010-09-17,5.503178059895833,5.64799853515625,5.503178059895833,5.64799853515625,102240
2010-09-20,5.647997907192958,5.647997907192958,5.551450745852123,5.599724609375,25020
2010-09-21,5.647997843851829,5.647997843851829,5.55145068359375,5.55145068359375,18456
2010-09-22,5.599724403891765,5.647997699938323,5.50317724609375,5.50317724609375,31872
2010-09-23,5.50317724609375,5.50317724609375,5.50317724609375,5.50317724609375,0
2010-09-24,5.599724403891765,5.599724403891765,5.50317724609375,5.50317724609375,38760
2010-09-27,5.406630088295736,5.551450542140309,5.406630088295736,5.50317724609375,19140
2010-09-28,5.503177386317167,5.55145068359375,5.503177386317167,5.55145068359375,80844
2010-09-29,5.45490380859375,5.503177103388513,5.45490380859375,5.45490380859375,30528
2010-09-30,5.503177533941738,5.599724696789727,5.40663037109375,5.40663037109375,81672
2010-10-01,5.503177533941738,5.503177533941738,5.40663037109375,5.40663037109375,28620
2010-10-04,5.358357082790799,5.358357082790799,5.165263322429711,5.21353662109375,90084
2010-10-05,5.213536274854367,5.3100834314755225,5.213536274854367,5.2618095703125,17772
2010-10-06,5.2618092809188095,5.310083139426824,5.1652626953125,5.1652626953125,31392
2010-10-07,5.165262979396236,5.3100834314755225,5.165262979396236,5.2618095703125,58812
2010-10-08,5.31008378412676,5.31008378412676,5.165263322429711,5.21353662109375,16848
2010-10-11,5.310083576321965,5.310083576321965,5.068715961037587,5.1169892578125,16284
2010-10-12,5.261809713842146,5.261809713842146,5.068715961037587,5.1169892578125,9156
2010-10-13,5.020442664262674,5.1169892578125,5.020442664262674,5.1169892578125,20412
2010-10-14,5.068715961037587,5.1169892578125,5.068715961037587,5.1169892578125,30312
2010-10-15,5.068715676881172,5.068715676881172,4.923895228970281,5.0204423828125,53688
2010-10-18,4.972168523038953,5.0204423828125,4.923895228970281,5.0204423828125,40368
2010-10-19,4.972168311546607,5.020442169266813,4.92389501953125,4.92389501953125,29496
2010-10-20,4.82734814453125,4.875622004998834,4.82734814453125,4.82734814453125,71712
2010-10-21,4.827347869795687,5.06871546128217,4.827347869795687,4.92389501953125,35856
2010-10-22,4.923895299761536,4.923895299761536,4.82734814453125,4.82734814453125,16680
2010-10-25,4.827347869795687,4.92389501953125,4.827347869795687,4.92389501953125,21828
2010-10-26,4.92389501953125,5.06871546128217,4.92389501953125,4.92389501953125,34992
2010-10-27,4.92389501953125,4.972168311546607,4.875621727515894,4.92389501953125,16536
2010-10-28,4.875621934901609,5.0204423828125,4.875621934901609,5.0204423828125,41412
2010-10-29,4.875621727515894,5.020442169266813,4.875621727515894,4.92389501953125,27564
2010-11-01,4.875622004998834,4.875622004998834,4.82734814453125,4.82734814453125,29448
2010-11-02,4.82734814453125,4.923895299761536,4.82734814453125,4.82734814453125,37140
2010-11-03,4.972168594524236,4.972168594524236,4.82734814453125,4.82734814453125,17364
2010-11-04,4.730801272153406,4.82734814453125,4.730801272153406,4.82734814453125,30732
2010-11-05,4.923895655776515,4.923895655776515,4.7790751953125,4.7790751953125,29544
2010-11-08,4.875622004998834,4.875622004998834,4.779074849768549,4.82734814453125,13296
2010-11-09,4.779074849768549,4.82734814453125,4.779074849768549,4.82734814453125,52848
2010-11-10,4.5859811580116485,4.730801618610463,4.5859811580116485,4.6825283203125,186300
2010-11-11,4.634254739162074,4.730801618610463,4.634254739162074,4.6825283203125,32460
2010-11-12,4.634254536290323,4.634254536290323,4.48943408203125,4.48943408203125,104880
2010-11-15,4.29633935546875,4.344612926716399,4.29633935546875,4.29633935546875,131268
2010-11-16,4.296340345827506,4.296340345827506,4.10324658203125,4.10324658203125,111336
2010-11-17,4.10324662874026,4.151519928812605,3.910152579893462,4.006699462890625,46764
2010-11-18,4.199793603510938,4.199793603510938,4.15152001953125,4.15152001953125,44112
2010-11-19,4.151520029878787,4.151520029878787,3.958426259183714,4.05497314453125,37476
2010-11-22,4.0549730458154425,4.0549730458154425,3.861878996968645,4.006699462890625,39504
2010-11-23,3.958426259183714,4.103246728631259,3.958426259183714,4.05497314453125,25848
2010-11-24,4.15152001953125,4.15152001953125,4.15152001953125,4.15152001953125,66960
2010-11-25,4.1515193920664295,4.24806654543357,4.1515193920664295,4.19979296875,55068
2010-11-26,4.19979296875,4.24806654543357,4.103246098235295,4.19979296875,59832
2010-11-29,4.199792240088594,4.39288623046875,4.199792240088594,4.39288623046875,98292
2010-11-30,4.537708143990328,4.5859814453125,4.537708143990328,4.5859814453125,110676
2010-12-01,4.585981153742992,4.7790751953125,4.585981153742992,4.7790751953125,115284
2010-12-02,4.875622004998834,4.972168594524236,4.779074849768549,4.82734814453125,108048
2010-12-03,4.923895365721869,5.068715817654865,4.8756220703125,4.8756220703125,247140
2010-12-06,4.972168311546607,4.972168311546607,4.779074577780332,4.92389501953125,72372
2010-12-07,4.875622004998834,4.923895299761536,4.779074849768549,4.82734814453125,131004
2010-12-08,4.730801914983973,4.827348800480796,4.5859814453125,4.5859814453125,114672
2010-12-09,4.441160693278977,4.7790751953125,4.441160693278977,4.7790751953125,77220
2010-12-10,4.92389501953125,4.92389501953125,4.779074577780332,4.92389501953125,44796
2010-12-13,4.92389501953125,5.06871546128217,4.827347869795687,4.92389501953125,135252
2010-12-14,4.923895299761536,5.02044245499182,4.82734814453125,4.82734814453125,232368
2010-12-15,4.82734814453125,4.923895299761536,4.779074849768549,4.82734814453125,21744
2010-12-16,4.730801272153406,4.82734814453125,4.730801272153406,4.82734814453125,58260
2010-12-17,4.82734849356553,4.923895655776515,4.7790751953125,4.7790751953125,52092
2010-12-20,4.8756220703125,4.8756220703125,4.730801335527059,4.8756220703125,122760
2010-12-21,4.875622348975702,4.9721689453125,4.827348485102379,4.9721689453125,295716
2010-12-22,4.972168661131237,4.972168661131237,4.8756220703125,4.8756220703125,108492
2010-12-23,4.8756220703125,4.8756220703125,4.8756220703125,4.8756220703125,0
2010-12-24,4.923895365721869,4.923895365721869,4.827348209198242,4.8756220703125,33216
2010-12-27,4.875621727515894,4.92389501953125,4.779074577780332,4.92389501953125,34440
2010-12-28,4.875621807083852,5.1652626953125,4.827347948575838,5.1652626953125,158340
2010-12-29,4.972168666153923,5.2618095703125,4.923895370695791,5.2618095703125,329388
2010-12-30,5.020442251198177,5.1652626953125,5.020442251198177,5.1652626953125,311760
2010-12-31,5.165263312531168,5.40663037109375,4.92389568826366,5.40663037109375,907932
2011-01-03,5.40663037109375,5.40663037109375,5.40663037109375,5.40663037109375,0
2011-01-04,5.406629725033133,5.406629725033133,5.1652626953125,5.1652626953125,82404
2011-01-05,4.92389501953125,5.020442169266813,4.92389501953125,4.92389501953125,171912
2011-01-06,4.92389501953125,4.92389501953125,4.827347869795687,4.92389501953125,18492
2011-01-07,4.923895299761536,4.923895299761536,4.82734814453125,4.82734814453125,22284
2011-01-10,4.82734814453125,4.82734814453125,4.82734814453125,4.82734814453125,0
2011-01-11,4.730801266799837,4.730801266799837,4.63425439453125,4.63425439453125,12840
2011-01-12,4.682528613661803,4.682528613661803,4.5859814453125,4.5859814453125,27996
2011-01-13,4.537707522262663,4.682527972091764,4.537707522262663,4.63425439453125,47004
2011-01-14,4.585980816970736,4.63425439453125,4.585980816970736,4.63425439453125,17460
2011-01-17,4.682527972091764,4.779074844360352,4.63425439453125,4.63425439453125,22872
2011-01-18,4.730801266799837,4.730801266799837,4.585980816970736,4.63425439453125,26472
2011-01-19,4.5859814453125,4.634255029487151,4.4894345598156775,4.5859814453125,58536
2011-01-20,4.634254890411925,4.634254890411925,4.489434425086553,4.5377080078125,50736
2011-01-21,4.5859813076859774,4.5859813076859774,4.489434425086553,4.5377080078125,46884
2011-01-24,4.5377080078125,4.5859813076859774,4.489434425086553,4.5377080078125,21252
2011-01-25,4.441160502994076,4.585980957253149,4.441160502994076,4.48943408203125,15732
2011-01-26,4.5859813076859774,4.5859813076859774,4.489434425086553,4.5377080078125,21972
2011-01-27,4.5859814453125,4.5859814453125,4.537708143990328,4.5859814453125,4320
2011-01-28,4.5859811580116485,4.6825283203125,4.489434278563259,4.6825283203125,12420
2011-01-31,4.6825283203125,4.6825283203125,4.6825283203125,4.6825283203125,0
2011-02-01,4.6825283203125,4.6825283203125,4.6825283203125,4.6825283203125,0
2011-02-02,4.6825283203125,4.6825283203125,4.6825283203125,4.6825283203125,0
2011-02-03,4.6825283203125,4.6825283203125,4.6825283203125,4.6825283203125,0
2011-02-04,4.6825283203125,4.6825283203125,4.6825283203125,4.6825283203125,0
2011-02-07,4.6825283203125,4.6825283203125,4.6825283203125,4.6825283203125,0
2011-02-08,4.537707522262663,4.682527972091764,4.537707522262663,4.63425439453125,4128
2011-02-09,4.58598160760913,4.58598160760913,4.4411611328125,4.4411611328125,184704
2011-02-10,4.537708143990328,4.634255029487151,4.4894345598156775,4.5859814453125,105888
2011-02-11,4.634254536290323,4.634254536290323,4.48943408203125,4.48943408203125,14952
2011-02-14,4.537706928854597,4.537706928854597,4.29633935546875,4.29633935546875,96456
2011-02-15,4.4411611328125,4.4411611328125,4.29634065801587,4.4411611328125,33276
2011-02-16,4.489433357606947,4.489433357606947,4.248066067073503,4.29633935546875,69156
2011-02-17,4.296340192329389,4.344613772979986,4.24806689453125,4.24806689453125,29196
2011-02-18,4.344612926716399,4.344612926716399,4.103245636182957,4.29633935546875,52464
2011-02-21,4.151519881554079,4.151519881554079,4.10324658203125,4.10324658203125,69456
2011-02-22,3.9101526750837055,4.103246728631259,3.9101526750837055,4.05497314453125,56556
2011-02-23,4.054972999655951,4.10324658203125,4.054972999655951,4.10324658203125,57492
2011-02-24,4.10324662874026,4.10324662874026,3.95842616281828,4.006699462890625,12816
2011-02-25,4.0549730458154425,4.10324662874026,4.006699462890625,4.006699462890625,9912
2011-02-28,4.006699736196952,4.006699736196952,3.81360595703125,3.81360595703125,156528
2011-03-01,3.8136053662227543,3.861878662109375,3.8136053662227543,3.861878662109375,17220
2011-03-02,3.861878160924196,3.861878160924196,3.7653312988281247,3.765331298828125,29304
2011-03-03,3.7653312988281247,3.765331298828125,3.6687844367320537,3.765331298828125,21660
2011-03-04,3.668784912857997,3.910152240848444,3.668784912857997,3.861878662109375,43776
2011-03-07,3.86187926039643,3.86187926039643,3.81360595703125,3.81360595703125,24204
2011-03-08,3.717058784595908,3.86187926039643,3.717058784595908,3.81360595703125,52752
2011-03-09,3.861878404331232,3.861878404331232,3.66878466796875,3.66878466796875,47520
2011-03-10,3.71705810546875,3.71705810546875,3.6687848109233694,3.71705810546875,26100
2011-03-11,3.813604871302366,3.861878160924196,3.7653312988281247,3.765331298828125,26364
2011-03-14,3.813605771367493,3.813605771367493,3.62051171875,3.62051171875,74472
2011-03-15,3.475690784184527,3.71705810546875,3.475690784184527,3.71705810546875,23028
2011-03-16,3.66878466796875,3.66878466796875,3.5722375169350795,3.66878466796875,35928
2011-03-17,3.6687848109233694,3.71705810546875,3.5239643615823475,3.71705810546875,30120
2011-03-18,3.6687848109233694,3.71705810546875,3.620511233525549,3.71705810546875,37584
2011-03-21,3.7653312988281247,3.765331298828125,3.6687844367320537,3.765331298828125,38268
2011-03-22,3.765331787483686,3.861878662109375,3.620511334118929,3.861878662109375,60408
2011-03-23,3.7653321139714815,4.006699462890625,3.7170585310466646,4.006699462890625,122592
2011-03-24,3.910152535382524,4.10324658203125,3.8618789530072255,4.10324658203125,110760
2011-03-25,4.151519733230056,4.24806689453125,4.05497285478132,4.24806689453125,87564
2011-03-28,4.3446142578125,4.3446142578125,4.103246893329303,4.3446142578125,116052
2011-03-29,4.34461424389891,4.4411611328125,4.199793769102279,4.4411611328125,178140
2011-03-30,4.2480672046473815,4.5859814453125,4.2480672046473815,4.5859814453125,260664
2011-03-31,4.63425439453125,4.63425439453125,4.392887072433561,4.63425439453125,336156
2011-04-01,4.4411611328125,4.489434718695541,4.4411611328125,4.4411611328125,58668
2011-04-04,4.24806689453125,4.296340192329389,4.24806689453125,4.24806689453125,27684
2011-04-05,4.05497314453125,4.05497314453125,4.05497314453125,4.05497314453125,23412
2011-04-06,3.910151961815168,3.958425537109375,3.910151961815168,3.958425537109375,35160
2011-04-07,3.958425819587512,4.054972694213201,3.861878662109375,3.861878662109375,32568
2011-04-08,3.7653315361499913,3.8136051116668255,3.66878466796875,3.66878466796875,105180
2011-04-11,3.66878466796875,3.66878466796875,3.66878466796875,3.66878466796875,0
2011-04-12,3.66878466796875,3.66878466796875,3.66878466796875,3.66878466796875,0
2011-04-13,3.717057960633156,3.717057960633156,3.620511092451915,3.66878466796875,77304
2011-04-14,3.6687844367320537,3.765331298828125,3.6687844367320537,3.765331298828125,12204
2011-04-15,3.7653315361499913,3.8136051116668255,3.66878466796875,3.66878466796875,6768
2011-04-18,3.6687848109233694,3.71705810546875,3.620511233525549,3.71705810546875,7704
2011-04-19,3.717057960633156,3.717057960633156,3.66878466796875,3.66878466796875,14496
2011-04-20,3.717057960633156,3.7653315361499913,3.620511092451915,3.66878466796875,43584
2011-04-21,3.6687849514628046,3.6687849514628046,3.57223779296875,3.57223779296875,16332
2011-04-22,3.5722379413738024,3.5722379413738024,3.42741748046875,3.42741748046875,90480
2011-04-25,3.4274176757442607,3.52396484375,3.4274176757442607,3.52396484375,9252
2011-04-26,3.475691162109375,3.523964744756162,3.4274175794625874,3.475691162109375,5556
2011-04-27,3.475691061721255,3.475691061721255,3.3308706008162026,3.42741748046875,69372
2011-04-28,3.379144186788684,3.4274174852561536,3.33087060546875,3.33087060546875,16392
2011-04-29,3.33087060546875,3.4274174852561536,3.33087060546875,3.33087060546875,20580
2011-05-02,3.33087060546875,3.33087060546875,3.33087060546875,3.33087060546875,0
2011-05-03,3.33087060546875,3.33087060546875,3.33087060546875,3.33087060546875,0
2011-05-04,3.2825967812231736,3.2825967812231736,3.186049908580635,3.234323486328125,77424
2011-05-05,3.2343234863281256,3.2343234863281256,3.186049908580635,3.234323486328125,16800
2011-05-06,3.2343234863281256,3.2825967812231736,3.186049908580635,3.234323486328125,8184
2011-05-09,3.3308700082108804,3.3308700082108804,3.2343231457352823,3.282596435546875,21528
2011-05-10,3.330870358970664,3.330870358970664,3.234323486328125,3.234323486328125,17340
2011-05-11,3.3308700082108804,3.3308700082108804,3.186049573071277,3.282596435546875,73380
2011-05-12,3.282597074664076,3.282597074664076,3.137776611328125,3.137776611328125,22644
2011-05-13,3.137776330833145,3.2343234863281256,3.137776330833145,3.234323486328125,27660
2011-05-16,3.186049908580635,3.2343234863281256,3.137776330833145,3.234323486328125,19200
2011-05-17,3.18605029296875,3.2343238765403144,3.137776709397186,3.18605029296875,37188
2011-05-18,3.1860501933909315,3.1860501933909315,3.0895033121177864,3.137776611328125,51612
2011-05-19,3.137776470877696,3.137776470877696,3.0895031738281244,3.089503173828125,15288
2011-05-20,3.0412294921875,3.0895030704746245,2.992955913900376,3.0412294921875,13584
2011-05-23,3.041229638671876,3.041229638671876,2.8964091796875,2.8964091796875,5868
2011-05-24,2.896409076891448,2.896409076891448,2.751588623046875,2.751588623046875,15468
2011-05-25,2.6550419921875,2.7033152926719715,2.6550419921875,2.6550419921875,32964
2011-05-26,2.558494590303296,2.751588623046875,2.558494590303296,2.751588623046875,36768
2011-05-27,2.84813525390625,2.84813525390625,2.65504152056332,2.84813525390625,61380
2011-05-30,2.751588623046875,2.8481354979924403,2.751588623046875,2.751588623046875,30372
2011-05-31,2.655041886975344,2.703315185546875,2.655041886975344,2.703315185546875,20760
2011-06-01,2.7033151433466647,2.7998623046875,2.7033151433466647,2.7998623046875,42720
2011-06-02,2.8481355990752224,2.8964091796875,2.8481355990752224,2.8964091796875,338436
2011-06-03,3.041229638671876,3.041229638671876,2.8964091796875,2.8964091796875,32700
2011-06-06,2.8964092790596414,2.944682861328125,2.8964092790596414,2.944682861328125,14640
2011-06-07,2.8964091796875,3.041229638671876,2.8964091796875,2.8964091796875,22836
2011-06-08,2.8964091796875,2.8964091796875,2.8481355990752224,2.8964091796875,56052
2011-06-09,2.799862301315404,2.8964091796875,2.799862301315404,2.8964091796875,9744
2011-06-10,2.99295616074414,2.99295616074414,2.8964092790596414,2.944682861328125,11388
2011-06-13,2.8964091796875,2.944682760299778,2.8481355990752224,2.8964091796875,15396
2011-06-14,2.944682516779181,3.0412293871670046,2.944682516779181,2.992955810546875,60996
2011-06-15,2.992956058059597,2.992956058059597,2.8481355990752224,2.8964091796875,100440
2011-06-16,2.8481355990752224,2.944682760299778,2.8481355990752224,2.8964091796875,9576
2011-06-17,2.8964091796875,2.944682760299778,2.8964091796875,2.8964091796875,22656
2011-06-20,2.8964091796875,2.8964091796875,2.8481355990752224,2.8964091796875,11592
2011-06-21,2.84813525390625,2.896408828668195,2.84813525390625,2.84813525390625,18648
2011-06-22,2.8481356025054585,2.8481356025054585,2.7998623046875,2.7998623046875,17652
2011-06-23,2.8964091796875,2.8964091796875,2.799862301315404,2.8964091796875,33108
2011-06-24,2.944682760299778,2.944682760299778,2.8964091796875,2.8964091796875,12996
2011-06-27,2.896408828668195,2.896408828668195,2.84813525390625,2.84813525390625,9864
2011-06-28,2.84813525390625,2.84813525390625,2.7998619619967298,2.84813525390625,12156
2011-06-29,2.84813525390625,2.896408828668195,2.7998619619967298,2.84813525390625,23628
2011-06-30,2.896409183175876,2.896409183175876,2.7998623046875,2.7998623046875,5556
2011-07-01,2.7998622019458823,2.7998622019458823,2.703315044147868,2.751588623046875,29292
2011-07-04,2.751588623046875,2.7998622019458823,2.751588623046875,2.751588623046875,12444
2011-07-05,2.8481354979924403,2.8481354979924403,2.751588623046875,2.751588623046875,14748
2011-07-06,2.751588766970869,2.751588766970869,2.703315185546875,2.703315185546875,13356
2011-07-07,2.7033151907274195,2.7033151907274195,2.606768310546875,2.606768310546875,96372
2011-07-08,2.703315185546875,2.703315185546875,2.6067683055513498,2.703315185546875,8784
2011-07-11,2.7033152926719715,2.7033152926719715,2.6550419921875,2.6550419921875,3420
2011-07-12,2.6067683105468755,2.751588772243924,2.606768310546875,2.606768310546875,50052
2011-07-13,2.558494485474922,2.558494485474922,2.51022119140625,2.51022119140625,76200
2011-07-14,2.606768099873754,2.606768099873754,2.413674072265625,2.413674072265625,53232
2011-07-15,2.4136740695342125,2.4136740695342125,2.317127197265625,2.317127197265625,102384
2011-07-18,2.365400886505675,2.365400886505675,2.220580421180302,2.26885400390625,85068
2011-07-19,2.26885415228929,2.317127596746085,2.22058056640625,2.22058056640625,19884
2011-07-20,2.268853906364958,2.268853906364958,2.124033447265625,2.124033447265625,68820
2011-07-21,2.2205805735176405,2.2205805735176405,2.12403368429486,2.17230712890625,71160
2011-07-22,2.22058056640625,2.26885415228929,2.172307121949455,2.22058056640625,51636
2011-07-25,2.2205805735176405,2.2688541595552763,2.12403368429486,2.17230712890625,30096
2011-07-26,2.17230712890625,2.17230712890625,2.17230712890625,2.17230712890625,9792
2011-07-27,2.172306886489993,2.172306886489993,2.075759866615028,2.124033447265625,56556
2011-07-28,2.124033447265625,2.172306886489993,2.124033447265625,2.124033447265625,41472
2011-07-29,2.124033447265625,2.124033447265625,2.075759866615028,2.124033447265625,56700
2011-08-01,2.17230712890625,2.2205805735176405,2.12403368429486,2.17230712890625,74928
2011-08-02,2.172307121949455,2.22058056640625,2.172307121949455,2.22058056640625,23520
2011-08-03,2.26885415228929,2.26885415228929,2.172307121949455,2.22058056640625,70560
2011-08-04,2.12403368429486,2.2205805735176405,2.12403368429486,2.17230712890625,144252
2011-08-05,2.172306886489993,2.172306886489993,2.124033447265625,2.124033447265625,67572
2011-08-08,2.124033447265625,2.172306886489993,2.124033447265625,2.124033447265625,23844
2011-08-09,2.075760014939393,2.075760014939393,2.027486572265625,2.027486572265625,38976
2011-08-10,2.075760009765625,2.1240335937453123,2.075760009765625,2.075760009765625,25140
2011-08-11,2.124033599039401,2.124033599039401,2.027486572265625,2.027486572265625,15264
2011-08-12,2.027486567212177,2.1240335937453123,2.027486567212177,2.075760009765625,46944
2011-08-15,2.075760098257224,2.17230712890625,2.075760098257224,2.17230712890625,60084
2011-08-16,2.17230712890625,2.2205805735176405,2.17230712890625,2.17230712890625,63204
2011-08-17,2.17230712890625,2.2205805735176405,2.17230712890625,2.17230712890625,80220
2011-08-18,2.2205805735176405,2.2205805735176405,2.12403368429486,2.17230712890625,132696
2011-08-19,2.075759866615028,2.172306886489993,2.075759866615028,2.124033447265625,21312
2011-08-22,2.124033447265625,2.172306886489993,2.02748642739066,2.124033447265625,49488
2011-08-23,2.124033447265625,2.124033447265625,2.075759866615028,2.124033447265625,37656
2011-08-24,2.124033447265625,2.124033447265625,2.075759866615028,2.124033447265625,30564
2011-08-25,2.124033447265625,2.172306886489993,2.124033447265625,2.124033447265625,20376
2011-08-26,2.124033447265625,2.172306886489993,2.124033447265625,2.124033447265625,23904
2011-08-29,2.17230712890625,2.17230712890625,2.12403368429486,2.17230712890625,33660
2011-08-30,2.17230697988059,2.26885400390625,2.17230697988059,2.26885400390625,56700
2011-08-31,2.31712719860346,2.365400634765625,2.268853762441294,2.365400634765625,814740
2011-09-01,2.365400501456275,2.461947509765625,2.365400501456275,2.461947509765625,386160
2011-09-02,2.461947509765625,2.461947509765625,2.461947509765625,2.461947509765625,0
2011-09-05,2.461947509765625,2.558494376648763,2.461947509765625,2.461947509765625,163752
2011-09-06,2.413674072265625,2.461947649880768,2.365400636076703,2.413674072265625,90048
2011-09-07,2.413674072265625,2.461947649880768,2.413674072265625,2.413674072265625,70428
2011-09-08,2.51022122749591,2.51022122749591,2.413674072265625,2.413674072265625,485736
2011-09-09,2.5102210846334065,2.5102210846334065,2.4136739348978438,2.461947509765625,71976
2011-09-12,2.5102210846334065,2.5102210846334065,2.4136739348978438,2.461947509765625,99948
2011-09-13,2.4136739348978438,2.461947509765625,2.4136739348978438,2.461947509765625,451884
2011-09-14,2.461947648516176,2.461947648516176,2.365400634765625,2.365400634765625,461676
2011-09-15,2.3171274452059625,2.3171274452059625,2.26885400390625,2.26885400390625,455028
2011-09-16,2.3654006333999185,2.3654006333999185,2.317127197265625,2.317127197265625,845580
2011-09-19,2.3654006333999185,2.4136740695342125,2.317127197265625,2.317127197265625,281304
2011-09-20,2.413674072265625,2.413674072265625,2.317127199887781,2.413674072265625,88068
2011-09-21,2.41367407092779,2.41367407092779,2.365400634765625,2.365400634765625,133584
2011-09-22,2.365400634765625,2.41367407092779,2.365400634765625,2.365400634765625,136392
2011-09-23,2.3654006333999185,2.3654006333999185,2.2688537611313317,2.317127197265625,336240
2011-09-26,2.31712719860346,2.365400634765625,2.268853762441294,2.365400634765625,124824
2011-09-27,2.365401094165802,2.472919218334198,2.365401094165802,2.41916015625,111588
2011-09-28,2.4191599360981906,2.4191599360981906,2.36540087890625,2.36540087890625,91836
2011-09-29,2.3116416642169177,2.36540087890625,2.3116416642169177,2.36540087890625,67080
2011-09-30,2.365401064613075,2.365401064613075,2.2578827842905795,2.311641845703125,71952
2011-10-03,2.311641874584198,2.311641874584198,2.204123750415802,2.2578828125,93228
2011-10-04,2.311641874584198,2.311641874584198,2.2578828125,2.2578828125,30864
2011-10-05,2.311641845703125,2.311641845703125,2.2578827842905795,2.311641845703125,43368
2011-10-06,2.311641845703125,2.365401064613075,2.2578827842905795,2.311641845703125,60156
2011-10-07,2.311641845703125,2.311641845703125,2.204123722878034,2.311641845703125,218832
2011-10-10,2.2578828125,2.311641874584198,2.204123750415802,2.2578828125,97860
2011-10-11,2.257882341894952,2.257882341894952,2.204123291015625,2.204123291015625,51912
2011-10-12,2.204123470568548,2.204123470568548,2.1503642578125,2.1503642578125,33552
2011-10-13,2.150364082638925,2.204123291015625,2.150364082638925,2.204123291015625,6720
2011-10-14,2.204123291015625,2.257882341894952,2.150364082638925,2.204123291015625,13944
2011-10-17,2.204123291015625,2.204123291015625,2.0966050317595983,2.204123291015625,65688
2011-10-18,2.204123291015625,2.204123291015625,2.150364082638925,2.204123291015625,55800
2011-10-19,2.204123291015625,2.204123291015625,2.150364082638925,2.204123291015625,48336
2011-10-20,2.204123291015625,2.257882341894952,2.150364082638925,2.204123291015625,18684
2011-10-21,2.204123291015625,2.204123291015625,2.150364082638925,2.204123291015625,21192
2011-10-24,2.204123470568548,2.204123470568548,2.1503642578125,2.1503642578125,33336
2011-10-25,2.1503642578125,2.204123470568548,2.1503642578125,2.1503642578125,26316
2011-10-26,2.150364082638925,2.204123291015625,2.150364082638925,2.204123291015625,26712
2011-10-27,2.204123470568548,2.204123470568548,2.1503642578125,2.1503642578125,9768
2011-10-28,2.204123291015625,2.204123291015625,2.150364082638925,2.204123291015625,31452
2011-10-31,2.204123291015625,2.204123291015625,2.150364082638925,2.204123291015625,121428
2011-11-01,2.204123470568548,2.204123470568548,2.096605202553838,2.1503642578125,27036
2011-11-02,2.204123237094476,2.204123237094476,2.09660498046875,2.09660498046875,102468
2011-11-03,2.096605122543042,2.150364175750148,2.0428460693359374,2.0428460693359374,133716
2011-11-04,2.0428460693359374,2.096605122543042,1.9890868586314523,2.0428460693359374,49932
2011-11-07,2.0428460693359374,2.096605122543042,1.9890868586314523,2.0428460693359374,143028
2011-11-08,1.9890869140625,2.0428461262651245,1.9890869140625,1.9890869140625,161352
2011-11-09,2.0428461262651245,2.0428461262651245,1.93532785935726,1.9890869140625,134580
2011-11-10,1.9890870616230467,1.9890870616230467,1.9353280029296875,1.9353280029296875,81660
2011-11-11,1.9353277780321487,1.9890868304783609,1.8815687255859372,1.8815687255859372,99972
2011-11-14,1.881568656203415,1.881568656203415,1.8278094482421872,1.827809448242188,49728
2011-11-15,1.8278098433341976,1.8278098433341976,1.77405078125,1.77405078125,139032
2011-11-16,1.77405078125,1.8278098433341976,1.7202917191658018,1.77405078125,134460
2011-11-17,1.72029150390625,1.7740505592635938,1.72029150390625,1.72029150390625,229908
2011-11-18,1.6665322265625,1.6665322265625,1.6665322265625,1.6665322265625,117492
2011-11-21,1.6665322265625,1.6665322265625,1.6127731732854451,1.6665322265625,76296
2011-11-22,1.6665322265625,1.6665322265625,1.6665322265625,1.6665322265625,0
2011-11-23,1.6127731732854451,1.6665322265625,1.6127731732854451,1.6665322265625,104328
2011-11-24,1.6665322265625,1.6665322265625,1.6127731732854451,1.6665322265625,181980
2011-11-25,1.6665323734448791,1.6665323734448791,1.6127733154296875,1.6127733154296875,14544
2011-11-28,1.6127731732854451,1.6665322265625,1.6127731732854451,1.6665322265625,143172
2011-11-29,1.6665322265625,1.7202914373369351,1.6665322265625,1.6665322265625,65160
2011-11-30,1.6665322265625,1.7202914373369351,1.6665322265625,1.6665322265625,106524
2011-12-01,1.6665322265625,1.7202914373369351,1.6665322265625,1.6665322265625,116460
2011-12-02,1.6665322265625,1.6665322265625,1.6665322265625,1.6665322265625,65388
2011-12-05,1.6665322265625,1.7202914373369351,1.6127731732854451,1.6665322265625,113196
2011-12-06,1.7202914373369351,1.7202914373369351,1.6665322265625,1.6665322265625,210948
2011-12-07,1.6665322265625,1.7202914373369351,1.6665322265625,1.6665322265625,106524
2011-12-08,1.6665322265625,1.7202914373369351,1.6665322265625,1.6665322265625,153024
2011-12-09,1.6665322265625,1.6665322265625,1.6665322265625,1.6665322265625,107712
2011-12-12,1.6665322265625,1.6665322265625,1.6665322265625,1.6665322265625,82596
2011-12-13,1.6665322265625,1.6665322265625,1.6127731732854451,1.6665322265625,41064
2011-12-14,1.6127733154296875,1.6665323734448791,1.6127733154296875,1.6127733154296875,32184
2011-12-15,1.6127733154296875,1.6127733154296875,1.5590142574144958,1.6127733154296875,102492
2011-12-16,1.6127733154296875,1.6665323734448791,1.6127733154296875,1.6127733154296875,114552
2011-12-19,1.6127733154296875,1.6665323734448791,1.5590142574144958,1.6127733154296875,76560
2011-12-20,1.6127733410973415,1.6127733410973415,1.5590142822265625,1.5590142822265625,46836
2011-12-21,1.5590142574144958,1.6127733154296875,1.5590142574144958,1.6127733154296875,42840
2011-12-22,1.6127733410973415,1.6127733410973415,1.5590142822265625,1.5590142822265625,67524
2011-12-23,1.5590142822265625,1.5590142822265625,1.5052550658583863,1.5590142822265625,63312
2011-12-26,1.6127733154296875,1.6127733154296875,1.5590142574144958,1.6127733154296875,76944
2011-12-27,1.6127733410973415,1.6127733410973415,1.5590142822265625,1.5590142822265625,67968
2011-12-28,1.5590142574144958,1.6127733154296875,1.5590142574144958,1.6127733154296875,26136
2011-12-29,1.6127733410973415,1.6127733410973415,1.5590142822265625,1.5590142822265625,88668
2011-12-30,1.6127733410973415,1.6127733410973415,1.5590142822265625,1.5590142822265625,61212
2012-01-02,1.5590142822265625,1.5590142822265625,1.5590142822265625,1.5590142822265625,0
2012-01-03,1.5590142822265625,1.6127733410973415,1.5590142822265625,1.5590142822265625,6252
2012-01-04,1.5590142574144958,1.6127733154296875,1.5590142574144958,1.6127733154296875,22404
2012-01-05,1.5590142822265625,1.6127733410973415,1.5590142822265625,1.5590142822265625,27612
2012-01-06,1.5590142822265625,1.5590142822265625,1.5052550658583863,1.5590142822265625,11232
2012-01-09,1.5590142822265625,1.5590142822265625,1.5052550658583863,1.5590142822265625,40536
2012-01-10,1.559014219073285,1.612773275766367,1.5052550048828126,1.5052550048828126,183312
2012-01-11,1.5052550658583863,1.5590142822265625,1.5052550658583863,1.5590142822265625,37920
2012-01-12,1.559014219073285,1.559014219073285,1.5052550048828126,1.5052550048828126,137772
2012-01-13,1.5052550658583863,1.5590142822265625,1.5052550658583863,1.5590142822265625,17004
2012-01-16,1.6127733410973415,1.6127733410973415,1.5590142822265625,1.5590142822265625,33840
2012-01-17,1.5590142822265625,1.6127733410973415,1.5590142822265625,1.5590142822265625,85176
2012-01-18,1.6127733154296875,1.6127733154296875,1.5590142574144958,1.6127733154296875,32916
2012-01-19,1.6127733154296875,1.6127733154296875,1.6127733154296875,1.6127733154296875,75720
2012-01-20,1.6127733154296875,1.6665323734448791,1.6127733154296875,1.6127733154296875,58716
2012-01-23,1.6127733154296875,1.6127733154296875,1.6127733154296875,1.6127733154296875,0
2012-01-24,1.6127733154296875,1.6127733154296875,1.6127733154296875,1.6127733154296875,0
2012-01-25,1.6127733154296875,1.6127733154296875,1.6127733154296875,1.6127733154296875,0
2012-01-26,1.6127733154296875,1.6127733154296875,1.6127733154296875,1.6127733154296875,0
2012-01-27,1.6127733154296875,1.6127733154296875,1.6127733154296875,1.6127733154296875,0
2012-01-30,1.6127731732854451,1.6665322265625,1.6127731732854451,1.6665322265625,274140
2012-01-31,1.66653229105152,1.72029150390625,1.66653229105152,1.72029150390625,164556
2012-02-01,1.72029150390625,1.7740505592635938,1.66653229105152,1.72029150390625,134808
2012-02-02,1.72029150390625,1.72029150390625,1.66653229105152,1.72029150390625,237876
2012-02-03,1.7202914373369351,1.7202914373369351,1.6665322265625,1.6665322265625,107580
2012-02-06,1.6665323734448791,1.6665323734448791,1.6127733154296875,1.6127733154296875,22368
2012-02-07,1.6127733410973415,1.6127733410973415,1.5590142822265625,1.5590142822265625,88092
2012-02-08,1.5590142574144958,1.6127733154296875,1.5590142574144958,1.6127733154296875,578892
2012-02-09,1.6665322265625,1.6665322265625,1.6127731732854451,1.6665322265625,182868
2012-02-10,1.6665323734448791,1.6665323734448791,1.6127733154296875,1.6127733154296875,39912
2012-02-13,1.6127733410973415,1.6127733410973415,1.5590142822265625,1.5590142822265625,126696
2012-02-14,1.5590142574144958,1.6127733154296875,1.5590142574144958,1.6127733154296875,105876
2012-02-15,1.6127733410973415,1.6127733410973415,1.5590142822265625,1.5590142822265625,176928
2012-02-16,1.5590142822265625,1.6127733410973415,1.5590142822265625,1.5590142822265625,20556
2012-02-17,1.5590142822265625,1.6127733410973415,1.5590142822265625,1.5590142822265625,97464
2012-02-20,1.6127733154296875,1.6127733154296875,1.6127733154296875,1.6127733154296875,219324
2012-02-21,1.6665323734448791,1.6665323734448791,1.5590142574144958,1.6127733154296875,165828
2012-02-22,1.559014120008391,1.6665322265625,1.559014120008391,1.6665322265625,155076
2012-02-23,1.66653229105152,1.72029150390625,1.6127732356941762,1.72029150390625,360432
2012-02-24,1.77405078125,1.77405078125,1.77405078125,1.77405078125,566184
2012-02-27,1.8278094482421872,1.827809448242188,1.8278094482421872,1.827809448242188,82368
2012-02-28,1.8815687255859377,1.8815687255859377,1.8278095156423484,1.8815687255859372,580968
2012-02-29,1.9353280029296875,1.9353280029296875,1.9353280029296875,1.9353280029296875,466164
2012-03-01,1.9890869140625,1.9890869140625,1.9890869140625,1.9890869140625,53016
2012-03-02,2.0428460693359374,2.0428460693359374,2.0428460693359374,2.0428460693359374,4860
2012-03-05,2.09660498046875,2.09660498046875,2.09660498046875,2.09660498046875,5460
2012-03-06,2.1503642578125,2.1503642578125,2.1503642578125,2.1503642578125,397416
2012-03-07,2.2578828125,2.2578828125,2.150364530834198,2.2578828125,1482552
2012-03-08,2.3116416642169177,2.36540087890625,2.2578826070249773,2.36540087890625,1383468
2012-03-09,2.472919189453125,2.472919189453125,2.472919189453125,2.472919189453125,749952
2012-03-12,2.580437265171403,2.580437265171403,2.36540087890625,2.36540087890625,1483656
2012-03-13,2.311641874584198,2.365401094165802,2.2578828125,2.2578828125,679008
2012-03-14,2.204123470568548,2.311641581085872,2.1503642578125,2.1503642578125,587988
2012-03-15,2.09660546875,2.2578828125,2.042846406665802,2.2578828125,761184
2012-03-16,2.36540087890625,2.36540087890625,2.2578826070249773,2.36540087890625,243228
2012-03-19,2.311641874584198,2.365401094165802,2.2578828125,2.2578828125,481308
2012-03-20,2.204123722878034,2.311641845703125,2.204123722878034,2.311641845703125,153600
2012-03-21,2.311641874584198,2.41916015625,2.311641874584198,2.41916015625,1269732
2012-03-22,2.419159950150433,2.52667822265625,2.419159950150433,2.52667822265625,1497156
2012-03-23,2.6341962890625,2.6341962890625,2.580437232550168,2.6341962890625,1060476
2012-03-26,2.74171435546875,2.74171435546875,2.687955145461307,2.74171435546875,1180032
2012-03-27,2.8492325291201115,2.8492325291201115,2.741714421510126,2.7954736328125,1622064
2012-03-28,2.741714535809161,2.8492326479014576,2.687955322265625,2.687955322265625,1050324
2012-03-29,2.741714584350586,2.741714584350586,2.580437255859375,2.580437255859375,934284
2012-03-30,2.5266784084068785,2.580437469863228,2.472919189453125,2.472919189453125,1601700
2012-04-02,2.472919189453125,2.472919189453125,2.472919189453125,2.472919189453125,0
2012-04-03,2.419159927368164,2.580437255859375,2.419159927368164,2.580437255859375,574308
2012-04-04,2.580437255859375,2.634196312857315,2.526678198861435,2.580437255859375,356268
2012-04-05,2.472919007654645,2.5804372801604623,2.472919007654645,2.52667822265625,830004
2012-04-06,2.472919189453125,2.5266784084068785,2.419160127996776,2.472919189453125,1017876
2012-04-09,2.419159927368164,2.580437255859375,2.419159927368164,2.580437255859375,252132
2012-04-10,2.6341962890625,2.687955345574832,2.526678176037836,2.6341962890625,652116
2012-04-11,2.687955322265625,2.741714535809161,2.5804372101733284,2.687955322265625,740184
2012-04-12,2.74171435546875,2.795473565476193,2.687955145461307,2.74171435546875,741228
2012-04-13,2.795473749352698,2.795473749352698,2.6341962662194764,2.687955322265625,757296
2012-04-16,2.6341962662194764,2.741714535809161,2.6341962662194764,2.687955322265625,363048
2012-04-17,2.741714421510126,2.7954736328125,2.6341961564027585,2.7954736328125,1386756
2012-04-18,2.795473565476193,2.849232460488881,2.74171435546875,2.74171435546875,524988
2012-04-19,2.687955345574832,2.7954737735942747,2.6341962890625,2.6341962890625,407484
2012-04-20,2.6341960929512416,2.74171435546875,2.6341960929512416,2.74171435546875,608316
2012-04-23,2.8492325291201115,2.8492325291201115,2.741714421510126,2.7954736328125,580548
2012-04-24,2.741714553239776,2.849232666015625,2.741714553239776,2.849232666015625,436428
2012-04-25,2.8492327883173294,2.956751220703125,2.7954738871192237,2.956751220703125,858216
2012-04-26,2.956751158419848,3.0105100584855347,2.902991943359375,2.902991943359375,499152
2012-04-27,2.9029918963794605,3.010510009765625,2.9029918963794605,3.010510009765625,1099752
2012-04-30,3.010510009765625,3.010510009765625,3.010510009765625,3.010510009765625,0
2012-05-01,3.010510009765625,3.010510009765625,3.010510009765625,3.010510009765625,0
2012-05-02,3.0642693480849488,3.118028564453125,3.0642693480849488,3.118028564453125,332772
2012-05-03,3.225546630859375,3.225546630859375,3.225546630859375,3.225546630859375,967644
2012-05-04,3.38682373046875,3.38682373046875,3.38682373046875,3.38682373046875,180156
2012-05-07,3.5481015625,3.5481015625,3.5481015625,3.5481015625,24492
2012-05-08,3.709378662109375,3.709378662109375,3.709378662109375,3.709378662109375,60468
2012-05-09,3.870656005859375,3.870656005859375,3.709378672281901,3.870656005859375,1956000
2012-05-10,4.03193359375,4.03193359375,4.03193359375,4.03193359375,57060
2012-05-11,4.1932103619407295,4.1932103619407295,3.978173828125,3.978173828125,3338448
2012-05-14,3.9781740595091697,4.031933274838614,3.816896728515625,3.816896728515625,1404288
2012-05-15,3.6556188964843743,3.76313731240683,3.6556188964843743,3.655618896484375,279480
2012-05-16,3.49434228515625,3.601860722542158,3.49434228515625,3.49434228515625,1079652
2012-05-17,3.386823663899435,3.655619087782089,3.333064453125,3.333064453125,512472
2012-05-18,3.333064453125,3.4943417704535444,3.1717871357964555,3.333064453125,357828
2012-05-21,3.333064944072196,3.49434228515625,3.333064944072196,3.49434228515625,538092
2012-05-22,3.601860003517891,3.655618896484375,3.494341587595436,3.655618896484375,822576
2012-05-23,3.655619626240305,3.7093788449332585,3.49434228515625,3.49434228515625,420108
2012-05-24,3.4943417704535444,3.4943417704535444,3.333064453125,3.333064453125,401088
2012-05-25,3.333064944072196,3.49434228515625,3.333064944072196,3.49434228515625,359604
2012-05-28,3.655619686668396,3.655619686668396,3.494342342918396,3.5481015625,287520
2012-05-29,3.4405830270894744,3.6018603515625,3.4405830270894744,3.6018603515625,245400
2012-05-30,3.494342342918396,3.655619686668396,3.494342342918396,3.5481015625,141792
2012-05-31,3.440582942299842,3.494341839136169,3.38682373046875,3.38682373046875,269328
2012-06-01,3.333064518637657,3.440582942299842,3.333064518637657,3.38682373046875,36144
2012-06-04,3.279305846371961,3.386823962402344,3.225546630859375,3.225546630859375,426516
2012-06-05,3.118028301302819,3.38682373046875,3.064269089471726,3.38682373046875,180996
2012-06-06,3.38682373046875,3.440582942299842,3.333064518637657,3.38682373046875,170652
2012-06-07,3.440583438331604,3.5481015625,3.440583438331604,3.5481015625,458808
2012-06-08,3.548101503849204,3.7093788449332585,3.49434228515625,3.49434228515625,342768
2012-06-11,3.548101503849204,3.548101503849204,3.4405833814581035,3.49434228515625,89508
2012-06-12,3.494341839136169,3.548101050967262,3.38682373046875,3.38682373046875,120576
2012-06-13,3.386823663899435,3.4405828746738703,3.333064453125,3.333064453125,104328
2012-06-14,3.3330644253600803,3.386823635686693,3.171787109375,3.171787109375,131196
2012-06-15,3.2255466916769118,3.279305908203125,3.2255466916769118,3.279305908203125,155580
2012-06-18,3.4405828746738703,3.4405828746738703,3.333064453125,3.333064453125,138768
2012-06-19,3.4405828746738703,3.4405828746738703,3.2255463465708902,3.333064453125,24804
2012-06-20,3.333064809734544,3.333064809734544,3.1717874751506985,3.279305908203125,48876
2012-06-21,3.2255463197016123,3.279305530028225,3.171787109375,3.171787109375,108696
2012-06-22,3.171787109375,3.171787109375,3.064269003716532,3.171787109375,183948
2012-06-25,3.1180285024078023,3.1717874027114417,3.064269287109375,3.064269287109375,115368
2012-06-26,2.956751220703125,3.0642693380941286,2.956751220703125,2.956751220703125,148716
2012-06-27,2.849232666015625,3.0105099926767886,2.849232666015625,2.849232666015625,89436
2012-06-28,2.795473565476193,2.795473565476193,2.74171435546875,2.74171435546875,140772
2012-06-29,2.741714553239776,2.849232666015625,2.634196282966537,2.849232666015625,43728
2012-07-02,2.795473565476193,2.849232460488881,2.74171435546875,2.74171435546875,72888
2012-07-03,2.687955345574832,2.687955345574832,2.6341962890625,2.6341962890625,133188
2012-07-04,2.6341962890625,2.687955345574832,2.6341962890625,2.6341962890625,41844
2012-07-05,2.5804372801604623,2.5804372801604623,2.52667822265625,2.52667822265625,207240
2012-07-06,2.472919218334198,2.5804375,2.41916015625,2.41916015625,188040
2012-07-09,2.365401064613075,2.4729191874381664,2.311641845703125,2.311641845703125,113868
2012-07-10,2.2578827842905795,2.365401064613075,2.2578827842905795,2.311641845703125,15900
2012-07-11,2.311641874584198,2.41916015625,2.311641874584198,2.41916015625,42048
2012-07-12,2.52667822265625,2.52667822265625,2.472919007654645,2.52667822265625,230784
2012-07-13,2.6341962890625,2.6341962890625,2.6341962890625,2.6341962890625,110
2012-07-16,2.687955345574832,2.687955345574832,2.526678176037836,2.6341962890625,24900
2012-07-17,2.6341962662194764,2.741714535809161,2.6341962662194764,2.687955322265625,49200
2012-07-18,2.580437232550168,2.687955345574832,2.580437232550168,2.6341962890625,147744
2012-07-19,2.5804370404411765,2.74171435546875,2.5804370404411765,2.74171435546875,64800
2012-07-20,2.8492326479014576,2.8492326479014576,2.687955322265625,2.687955322265625,147276
2012-07-23,2.580437232550168,2.7954737735942747,2.580437232550168,2.6341962890625,14172
2012-07-24,2.5804372801604623,2.687955395168886,2.52667822265625,2.52667822265625,56616
2012-07-25,2.5804372801604623,2.634196337664674,2.52667822265625,2.52667822265625,65040
2012-07-26,2.634196312857315,2.634196312857315,2.526678198861435,2.580437255859375,72456
2012-07-27,2.580437255859375,2.580437255859375,2.526678198861435,2.580437255859375,67788
2012-07-30,2.580437255859375,2.580437255859375,2.526678198861435,2.580437255859375,67788
2012-07-31,2.5804372801604623,2.634196337664674,2.52667822265625,2.52667822265625,20916
2012-08-01,2.472919007654645,2.52667822265625,2.472919007654645,2.52667822265625,4596
2012-08-02,2.580437469863228,2.634196531319577,2.419160127996776,2.472919189453125,9084
2012-08-03,2.472919189453125,2.5266784084068785,2.472919189453125,2.472919189453125,22680
2012-08-06,2.472919189453125,2.580437469863228,2.472919189453125,2.472919189453125,26712
2012-08-07,2.526678198861435,2.580437255859375,2.472918984366104,2.580437255859375,189120
2012-08-08,2.6341962662194764,2.687955322265625,2.6341962662194764,2.687955322265625,75672
2012-08-09,2.741714535809161,2.795473749352698,2.687955322265625,2.687955322265625,220896
2012-08-10,2.795473749352698,2.795473749352698,2.687955322265625,2.687955322265625,41520
2012-08-13,2.687955145461307,2.74171435546875,2.687955145461307,2.74171435546875,45228
2012-08-14,2.74171435546875,2.795473565476193,2.74171435546875,2.74171435546875,47520
2012-08-15,2.7954736328125,2.7954736328125,2.687955210207751,2.7954736328125,48372
2012-08-16,2.687955145461307,2.795473565476193,2.687955145461307,2.74171435546875,66084
2012-08-17,2.74171435546875,2.795473565476193,2.687955145461307,2.74171435546875,81444
2012-08-20,2.7954736328125,2.8492325291201115,2.7954736328125,2.7954736328125,61932
2012-08-21,2.795473749352698,2.795473749352698,2.687955322265625,2.687955322265625,106800
2012-08-22,2.580437255859375,2.634196312857315,2.580437255859375,2.580437255859375,241044
2012-08-23,2.5266784084068785,2.5266784084068785,2.472919189453125,2.472919189453125,145812
2012-08-24,2.365400870370224,2.580437255859375,2.365400870370224,2.580437255859375,42696
2012-08-27,2.472919189453125,2.580437469863228,2.472919189453125,2.472919189453125,45504
2012-08-28,2.5804372801604623,2.5804372801604623,2.365400892646221,2.52667822265625,38436
2012-08-29,2.5804372801604623,2.5804372801604623,2.52667822265625,2.52667822265625,14460
2012-08-30,2.6341962890625,2.6341962890625,2.6341962890625,2.6341962890625,18732
2012-08-31,2.687955395168886,2.741714610170491,2.52667822265625,2.52667822265625,9264
2012-09-03,2.52667822265625,2.52667822265625,2.52667822265625,2.52667822265625,0
2012-09-04,2.6341962890625,2.6341962890625,2.6341962890625,2.6341962890625,27600
2012-09-05,2.634196312857315,2.741714584350586,2.580437255859375,2.580437255859375,97356
2012-09-06,2.687955345574832,2.687955345574832,2.526678176037836,2.6341962890625,25212
2012-09-07,2.580437255859375,2.687955369855255,2.580437255859375,2.580437255859375,80232
2012-09-10,2.634196531319577,2.634196531319577,2.472919189453125,2.472919189453125,79320
2012-09-11,2.419159950150433,2.52667822265625,2.419159950150433,2.52667822265625,10248
2012-09-12,2.580437255859375,2.634196312857315,2.580437255859375,2.580437255859375,1584
2012-09-13,2.5804372801604623,2.5804372801604623,2.52667822265625,2.52667822265625,18300
2012-09-14,2.580437255859375,2.580437255859375,2.472918984366104,2.580437255859375,53868
2012-09-17,2.472919189453125,2.634196531319577,2.472919189453125,2.472919189453125,47892
2012-09-18,2.472919189453125,2.472919189453125,2.419160127996776,2.472919189453125,48732
2012-09-19,2.4729189932901305,2.4729189932901305,2.36540087890625,2.36540087890625,27672
2012-09-20,2.365401094165802,2.365401094165802,2.2578828125,2.2578828125,37728
2012-09-21,2.204123722878034,2.311641845703125,2.150364503968084,2.311641845703125,5436
2012-09-24,2.2578827842905795,2.311641845703125,2.2578827842905795,2.311641845703125,132
2012-09-25,2.2578827842905795,2.311641845703125,2.2578827842905795,2.311641845703125,6624
2012-09-26,2.2578826070249773,2.36540087890625,2.2578826070249773,2.36540087890625,9288
2012-09-27,2.3116416642169177,2.36540087890625,2.3116416642169177,2.36540087890625,5748
2012-09-28,2.3116416642169177,2.36540087890625,2.3116416642169177,2.36540087890625,4548
2012-10-01,2.311641874584198,2.311641874584198,2.2578828125,2.2578828125,14712
2012-10-02,2.2578828125,2.2578828125,2.150364530834198,2.2578828125,7692
2012-10-03,2.2578828125,2.2578828125,2.150364530834198,2.2578828125,29904
2012-10-04,2.150364530834198,2.2578828125,2.150364530834198,2.2578828125,24
2012-10-05,2.1503642578125,2.2578825258272106,2.1503642578125,2.1503642578125,64200
2012-10-08,2.150364082638925,2.204123291015625,2.150364082638925,2.204123291015625,10200
2012-10-09,2.204123470568548,2.2578825258272106,2.1503642578125,2.1503642578125,12972
2012-10-10,2.150364530834198,2.2578828125,2.150364530834198,2.2578828125,7764
2012-10-11,2.2578826070249773,2.36540087890625,2.2578826070249773,2.36540087890625,43008
2012-10-12,2.311641874584198,2.365401094165802,2.2578828125,2.2578828125,12120
2012-10-15,2.204123291015625,2.204123291015625,2.204123291015625,2.204123291015625,180
2012-10-16,2.150364503968084,2.311641845703125,2.150364503968084,2.311641845703125,12228
2012-10-17,2.2578827842905795,2.311641845703125,2.2578827842905795,2.311641845703125,15252
2012-10-18,2.2578828125,2.311641874584198,2.2578828125,2.2578828125,21600
2012-10-19,2.204123470568548,2.204123470568548,2.1503642578125,2.1503642578125,19800
2012-10-22,2.1503640300329283,2.1503640300329283,2.09660498046875,2.09660498046875,12252
2012-10-23,2.09660498046875,2.1503640300329283,2.042845930904572,2.09660498046875,42972
2012-10-24,2.042845930904572,2.1503640300329283,2.042845930904572,2.09660498046875,24192
2012-10-25,2.096605122543042,2.150364175750148,2.0428460693359374,2.0428460693359374,6252
2012-10-26,1.9890869140625,2.0966051809703647,1.9890869140625,1.9890869140625,24036
2012-10-29,1.93532785935726,2.0428461262651245,1.93532785935726,1.9890869140625,12132
2012-10-30,1.9890869140625,2.0428461262651245,1.9890869140625,1.9890869140625,12636
2012-10-31,1.9890869140625,1.9890869140625,1.9890869140625,1.9890869140625,1248
2012-11-01,1.9890868586314523,2.0428460693359374,1.9890868586314523,2.0428460693359374,3396
2012-11-02,2.0428461262651245,2.0428461262651245,1.9890869140625,1.9890869140625,22944
2012-11-05,1.9353280029296875,1.9890870616230467,1.9353280029296875,1.9353280029296875,31836
2012-11-06,1.93532785935726,1.9890869140625,1.93532785935726,1.9890869140625,11964
2012-11-07,2.0428461262651245,2.0428461262651245,1.9890869140625,1.9890869140625,9420
2012-11-08,2.0428460693359374,2.0428460693359374,2.0428460693359374,2.0428460693359374,16452
2012-11-09,2.0428460693359374,2.096605122543042,2.0428460693359374,2.0428460693359374,1572
2012-11-12,2.09660498046875,2.09660498046875,2.042845930904572,2.09660498046875,20244
2012-11-13,2.096605202553838,2.1503642578125,2.042846147295176,2.1503642578125,6756
2012-11-14,2.1503640300329283,2.1503640300329283,2.09660498046875,2.09660498046875,10824
2012-11-15,2.0428460693359374,2.096605122543042,2.0428460693359374,2.0428460693359374,6960
2012-11-16,1.9890867238430243,2.09660498046875,1.9890867238430243,2.09660498046875,12024
2012-11-19,2.09660498046875,2.09660498046875,2.042845930904572,2.09660498046875,13464
2012-11-20,2.0428460693359374,2.0428460693359374,2.0428460693359374,2.0428460693359374,73560
2012-11-21,1.9890868586314523,2.096605122543042,1.9890868586314523,2.0428460693359374,15636
2012-11-22,2.042845930904572,2.09660498046875,2.042845930904572,2.09660498046875,11844
2012-11-23,2.042845930904572,2.09660498046875,2.042845930904572,2.09660498046875,10608
2012-11-26,2.042845930904572,2.09660498046875,2.042845930904572,2.09660498046875,9672
2012-11-27,2.09660498046875,2.09660498046875,2.09660498046875,2.09660498046875,12264
2012-11-28,2.096605202553838,2.1503642578125,2.096605202553838,2.1503642578125,23604
2012-11-29,2.150364175750148,2.150364175750148,2.0428460693359374,2.0428460693359374,49080
2012-11-30,2.042845930904572,2.09660498046875,1.9890867238430243,2.09660498046875,15024
2012-12-03,2.0428460693359374,2.0428460693359374,2.0428460693359374,2.0428460693359374,144
2012-12-04,2.09660498046875,2.09660498046875,2.09660498046875,2.09660498046875,26976
2012-12-05,2.042846147295176,2.1503642578125,2.042846147295176,2.1503642578125,64320
2012-12-06,2.1503642578125,2.204123470568548,2.1503642578125,2.1503642578125,28836
2012-12-07,2.1503642578125,2.1503642578125,2.1503642578125,2.1503642578125,6936
2012-12-10,2.1503640300329283,2.204123237094476,2.09660498046875,2.09660498046875,45264
2012-12-11,2.1503640300329283,2.1503640300329283,2.09660498046875,2.09660498046875,31164
2012-12-12,2.1503640300329283,2.1503640300329283,2.09660498046875,2.09660498046875,43320
2012-12-13,2.1503642578125,2.1503642578125,2.096605202553838,2.1503642578125,28884
2012-12-14,2.150364082638925,2.204123291015625,2.150364082638925,2.204123291015625,31224
2012-12-17,2.1503642578125,2.1503642578125,2.1503642578125,2.1503642578125,12024
2012-12-18,2.096605202553838,2.1503642578125,2.096605202553838,2.1503642578125,31572
2012-12-19,2.150364082638925,2.204123291015625,2.150364082638925,2.204123291015625,23940
2012-12-20,2.1503642578125,2.204123470568548,2.1503642578125,2.1503642578125,26124
2012-12-21,2.1503640300329283,2.1503640300329283,2.09660498046875,2.09660498046875,6648
2012-12-24,2.1503642578125,2.1503642578125,2.096605202553838,2.1503642578125,26736
2012-12-25,2.1503642578125,2.204123470568548,2.1503642578125,2.1503642578125,34140
2012-12-26,2.150364082638925,2.257882341894952,2.150364082638925,2.204123291015625,55140
2012-12-27,2.311641874584198,2.311641874584198,2.150364530834198,2.2578828125,55296
2012-12-28,2.3116413927742787,2.3116413927742787,2.150364082638925,2.204123291015625,30324
2012-12-31,2.204123291015625,2.204123291015625,2.204123291015625,2.204123291015625,0
2013-01-01,2.204123291015625,2.204123291015625,2.204123291015625,2.204123291015625,0
2013-01-02,2.204123750415802,2.311641874584198,2.204123750415802,2.2578828125,88932
2013-01-03,2.311641874584198,2.311641874584198,2.2578828125,2.2578828125,55824
2013-01-04,2.3116416642169177,2.36540087890625,2.3116416642169177,2.36540087890625,21948
2013-01-07,2.36540087890625,2.36540087890625,2.3116416642169177,2.36540087890625,22140
2013-01-08,2.4191599360981906,2.4191599360981906,2.3116416642169177,2.36540087890625,37212
2013-01-09,2.365401094165802,2.41916015625,2.2578828125,2.2578828125,64224
2013-01-10,2.2578826070249773,2.36540087890625,2.204123549833037,2.36540087890625,17592
2013-01-11,2.41916015625,2.41916015625,2.2578828125,2.2578828125,144384
2013-01-14,2.2578827842905795,2.311641845703125,2.204123722878034,2.311641845703125,9636
2013-01-15,2.2578827861303243,2.472919189453125,2.2578827861303243,2.472919189453125,92556
2013-01-16,2.472919007654645,2.634196337664674,2.472919007654645,2.52667822265625,112860
2013-01-17,2.580437255859375,2.580437255859375,2.472918984366104,2.580437255859375,47952
2013-01-18,2.580437469863228,2.580437469863228,2.419160127996776,2.472919189453125,112860
2013-01-21,2.5804375,2.5804375,2.41916015625,2.41916015625,52200
2013-01-22,2.41916015625,2.41916015625,2.2578828125,2.2578828125,249144
2013-01-23,2.365401094165802,2.365401094165802,2.2578828125,2.2578828125,70320
2013-01-24,2.36540087890625,2.36540087890625,2.36540087890625,2.36540087890625,163968
2013-01-25,2.52667822265625,2.52667822265625,2.52667822265625,2.52667822265625,425076
2013-01-28,2.687955322265625,2.687955322265625,2.687955322265625,2.687955322265625,303660
2013-01-29,2.687955145461307,2.795473565476193,2.6341960929512416,2.74171435546875,245148
2013-01-30,2.634196312857315,2.741714584350586,2.580437255859375,2.580437255859375,425232
2013-01-31,2.5804372801604623,2.5804372801604623,2.419159950150433,2.52667822265625,242928
2013-02-01,2.472918984366104,2.580437255859375,2.419159927368164,2.580437255859375,44736
2013-02-04,2.472919189453125,2.5266784084068785,2.472919189453125,2.472919189453125,124272
2013-02-05,2.4729189620281145,2.6341962890625,2.4729189620281145,2.6341962890625,238056
2013-02-06,2.6341962662194764,2.741714535809161,2.6341962662194764,2.687955322265625,305292
2013-02-07,2.687955322265625,2.741714535809161,2.687955322265625,2.687955322265625,53964
2013-02-08,2.687955339354462,2.849232666015625,2.687955339354462,2.849232666015625,385524
2013-02-11,2.849232666015625,2.849232666015625,2.849232666015625,2.849232666015625,0
2013-02-12,2.849232666015625,2.849232666015625,2.849232666015625,2.849232666015625,0
2013-02-13,2.849232666015625,2.849232666015625,2.849232666015625,2.849232666015625,0
2013-02-14,2.849232666015625,2.849232666015625,2.849232666015625,2.849232666015625,0
2013-02-15,2.849232666015625,2.849232666015625,2.849232666015625,2.849232666015625,0
2013-02-18,2.849232682188988,3.010510009765625,2.849232682188988,3.010510009765625,258444
2013-02-19,3.010510131716773,3.118028564453125,3.010510131716773,3.118028564453125,156420
2013-02-20,3.118028564453125,3.118028564453125,3.0642693480849488,3.118028564453125,89592
2013-02-21,3.1717874554851324,3.1717874554851324,2.956751220703125,2.956751220703125,150192
2013-02-22,2.902991740422486,3.010509848032472,2.7954736328125,2.7954736328125,317448
2013-02-25,2.9029918799009398,2.9029918799009398,2.79547376712509,2.849232666015625,29580
2013-02-26,2.8492326479014576,2.9029918614449945,2.687955322265625,2.687955322265625,153516
2013-02-27,2.5804372101733284,2.741714535809161,2.5804372101733284,2.687955322265625,61956
2013-02-28,2.6341962662194764,2.795473749352698,2.6341962662194764,2.687955322265625,40176
2013-03-01,2.7417145595845533,2.7417145595845533,2.6341962890625,2.6341962890625,137376
2013-03-04,2.634196312857315,2.634196312857315,2.580437255859375,2.580437255859375,10968
2013-03-05,2.6341962890625,2.687955345574832,2.580437232550168,2.6341962890625,51000
2013-03-06,2.687955145461307,2.74171435546875,2.687955145461307,2.74171435546875,15228
2013-03-07,2.7417145595845533,2.7417145595845533,2.6341962890625,2.6341962890625,28548
2013-03-08,2.6341962662194764,2.687955322265625,2.6341962662194764,2.687955322265625,3732
2013-03-11,2.6341960929512416,2.74171435546875,2.6341960929512416,2.74171435546875,33396
2013-03-12,2.74171435546875,2.74171435546875,2.687955145461307,2.74171435546875,57684
2013-03-13,2.6341962662194764,2.741714535809161,2.6341962662194764,2.687955322265625,4440
2013-03-14,2.687955322265625,2.741714535809161,2.687955322265625,2.687955322265625,58368
2013-03-15,2.687955322265625,2.741714535809161,2.687955322265625,2.687955322265625,12168
2013-03-18,2.687955345574832,2.687955345574832,2.6341962890625,2.6341962890625,30684
2013-03-19,2.6341960929512416,2.74171435546875,2.6341960929512416,2.74171435546875,29520
2013-03-20,2.6341962662194764,2.741714535809161,2.6341962662194764,2.687955322265625,31548
2013-03-21,2.6341962662194764,2.687955322265625,2.6341962662194764,2.687955322265625,9852
2013-03-22,2.687955345574832,2.687955345574832,2.6341962890625,2.6341962890625,20760
2013-03-25,2.6341962890625,2.6341962890625,2.6341962890625,2.6341962890625,37560
2013-03-26,2.687955369855255,2.687955369855255,2.580437255859375,2.580437255859375,13800
2013-03-27,2.634196312857315,2.634196312857315,2.580437255859375,2.580437255859375,13488
2013-03-28,2.6341962890625,2.687955345574832,2.580437232550168,2.6341962890625,28632
2013-03-29,2.5804372101733284,2.687955322265625,2.5804372101733284,2.687955322265625,37308
2013-04-01,2.741714553239776,2.849232666015625,2.687955339354462,2.849232666015625,94512
2013-04-02,2.7954736328125,2.8492325291201115,2.741714421510126,2.7954736328125,74484
2013-04-03,2.687955210207751,2.7954736328125,2.687955210207751,2.7954736328125,17052
2013-04-04,2.849232460488881,2.849232460488881,2.74171435546875,2.74171435546875,37272
2013-04-05,2.795473565476193,2.795473565476193,2.687955145461307,2.74171435546875,15012
2013-04-08,2.687955145461307,2.74171435546875,2.687955145461307,2.74171435546875,73380
2013-04-09,2.74171435546875,2.74171435546875,2.687955145461307,2.74171435546875,35736
2013-04-10,2.687955145461307,2.74171435546875,2.6341960929512416,2.74171435546875,64044
2013-04-11,2.687955322265625,2.687955322265625,2.687955322265625,2.687955322265625,26796
2013-04-12,2.687955322265625,2.687955322265625,2.687955322265625,2.687955322265625,10356
2013-04-15,2.5804372101733284,2.687955322265625,2.5804372101733284,2.687955322265625,8664
2013-04-16,2.5804372101733284,2.687955322265625,2.5804372101733284,2.687955322265625,9036
2013-04-17,2.687955345574832,2.687955345574832,2.580437232550168,2.6341962890625,14088
2013-04-18,2.580437255859375,2.634196312857315,2.580437255859375,2.580437255859375,13104
2013-04-19,2.580437255859375,2.580437255859375,2.580437255859375,2.580437255859375,0
2013-04-22,2.580437255859375,2.580437255859375,2.580437255859375,2.580437255859375,5640
2013-04-23,2.526677987931111,2.74171435546875,2.526677987931111,2.74171435546875,31944
2013-04-24,2.74171435546875,2.74171435546875,2.74171435546875,2.74171435546875,0
2013-04-25,2.580437232550168,2.6341962890625,2.580437232550168,2.6341962890625,4836
2013-04-26,2.580437255859375,2.580437255859375,2.526678198861435,2.580437255859375,1656
2013-04-29,2.580437255859375,2.580437255859375,2.580437255859375,2.580437255859375,0
2013-04-30,2.580437255859375,2.580437255859375,2.580437255859375,2.580437255859375,0
2013-05-01,2.580437255859375,2.580437255859375,2.580437255859375,2.580437255859375,0
2013-05-02,2.5804372101733284,2.687955322265625,2.5804372101733284,2.687955322265625,5040
2013-05-03,2.526678198861435,2.634196312857315,2.526678198861435,2.580437255859375,5244
2013-05-06,2.6341962662194764,2.687955322265625,2.6341962662194764,2.687955322265625,10284
2013-05-07,2.6341962662194764,2.687955322265625,2.6341962662194764,2.687955322265625,5632
2013-05-08,2.687955322265625,2.687955322265625,2.6341962662194764,2.687955322265625,26928
2013-05-09,2.6341962662194764,2.687955322265625,2.6341962662194764,2.687955322265625,6012
2013-05-10,2.6341962662194764,2.687955322265625,2.5804372101733284,2.687955322265625,22212
2013-05-13,2.687955345574832,2.687955345574832,2.6341962890625,2.6341962890625,71760
2013-05-14,2.687955322265625,2.687955322265625,2.687955322265625,2.687955322265625,35400
2013-05-15,2.687955145461307,2.74171435546875,2.687955145461307,2.74171435546875,17424
2013-05-16,2.687955322265625,2.741714535809161,2.687955322265625,2.687955322265625,25536
2013-05-17,2.74171435546875,2.74171435546875,2.687955145461307,2.74171435546875,5052
2013-05-20,2.741714535809161,2.741714535809161,2.6341962662194764,2.687955322265625,15372
2013-05-21,2.7417145595845533,2.7417145595845533,2.6341962890625,2.6341962890625,16020
2013-05-22,2.687955322265625,2.741714535809161,2.687955322265625,2.687955322265625,38064
2013-05-23,2.634196282966537,2.849232666015625,2.634196282966537,2.849232666015625,152268
2013-05-24,2.8492325291201115,2.8492325291201115,2.7954736328125,2.7954736328125,36300
2013-05-27,2.849232460488881,2.849232460488881,2.687955145461307,2.74171435546875,52236
2013-05-28,2.741714421510126,2.7954736328125,2.741714421510126,2.7954736328125,17796
2013-05-29,2.79547376712509,2.849232666015625,2.741714553239776,2.849232666015625,150588
2013-05-30,2.8492327282989027,2.902991943359375,2.8492327282989027,2.902991943359375,105756
2013-05-31,2.9029918963794605,3.010510009765625,2.9029918963794605,3.010510009765625,131760
2013-06-03,3.064269287109375,3.1180285024078023,3.0105100718109483,3.064269287109375,162648
2013-06-04,3.1180284886064795,3.1180284886064795,2.902991943359375,2.902991943359375,161448
2013-06-05,3.010510009765625,3.0642692239560976,2.9029918963794605,3.010510009765625,94896
2013-06-06,3.0642692239560976,3.0642692239560976,2.9567511105699333,3.010510009765625,82980
2013-06-07,2.9567511105699333,3.010510009765625,2.9567511105699333,3.010510009765625,157752
2013-06-10,3.010510121901231,3.0642693380941286,2.8492327883173294,2.956751220703125,296916
2013-06-11,2.956751158419848,2.956751158419848,2.902991943359375,2.902991943359375,37404
2013-06-12,2.902992004510227,2.956751220703125,2.8492327883173294,2.956751220703125,27324
2013-06-13,2.8492327282989027,2.902991943359375,2.8492327282989027,2.902991943359375,52932
2013-06-14,2.8492327282989027,2.956751158419848,2.8492327282989027,2.902991943359375,17652
2013-06-17,2.95675095172486,2.95675095172486,2.7954736328125,2.7954736328125,13416
2013-06-18,2.687955339354462,2.9029918799009398,2.687955339354462,2.849232666015625,44028
2013-06-19,2.902991943359375,2.902991943359375,2.902991943359375,2.902991943359375,48
2013-06-20,2.795473565476193,2.795473565476193,2.74171435546875,2.74171435546875,14976
2013-06-21,2.741714553239776,2.849232666015625,2.741714553239776,2.849232666015625,6012
2013-06-24,2.79547376712509,2.9029918799009398,2.79547376712509,2.849232666015625,6012
2013-06-25,2.74171435546875,2.74171435546875,2.687955145461307,2.74171435546875,25692
2013-06-26,2.7954737735942747,2.7954737735942747,2.6341962890625,2.6341962890625,408
2013-06-27,2.6341961564027585,2.7954736328125,2.6341961564027585,2.7954736328125,16536
2013-06-28,2.795473749352698,2.795473749352698,2.687955322265625,2.687955322265625,15216
2013-07-01,2.687955369855255,2.687955369855255,2.580437255859375,2.580437255859375,24480
2013-07-02,2.6341962662194764,2.741714535809161,2.6341962662194764,2.687955322265625,9960
2013-07-03,2.687955145461307,2.849232460488881,2.687955145461307,2.74171435546875,6504
2013-07-04,2.741714421510126,2.7954736328125,2.741714421510126,2.7954736328125,504
2013-07-05,2.7954736328125,2.8492325291201115,2.7954736328125,2.7954736328125,9132
2013-07-08,2.6341960929512416,2.795473565476193,2.6341960929512416,2.74171435546875,600
2013-07-09,2.687955145461307,2.74171435546875,2.687955145461307,2.74171435546875,5976
2013-07-10,2.687955145461307,2.74171435546875,2.687955145461307,2.74171435546875,4680
2013-07-11,2.687955345574832,2.687955345574832,2.6341962890625,2.6341962890625,13644
2013-07-12,2.6341962662194764,2.687955322265625,2.6341962662194764,2.687955322265625,5508
2013-07-15,2.687955145461307,2.795473565476193,2.687955145461307,2.74171435546875,5040
2013-07-16,2.795473828233216,2.902991943359375,2.7417146131727432,2.902991943359375,86136
2013-07-17,2.9567511715073085,3.064269287109375,2.902991956208881,3.064269287109375,314928
2013-07-18,3.010510121901231,3.0642693380941286,2.902992004510227,2.956751220703125,286236
2013-07-19,2.956751220703125,2.956751220703125,2.8492327883173294,2.956751220703125,26004
2013-07-22,2.956751220703125,2.956751220703125,2.956751220703125,2.956751220703125,145236
2013-07-23,2.795473828233216,2.956751158419848,2.795473828233216,2.902991943359375,25128
2013-07-24,2.9029918799009398,2.9029918799009398,2.849232666015625,2.849232666015625,16548
2013-07-25,2.74171435546875,2.9029916704963235,2.74171435546875,2.74171435546875,36552
2013-07-26,2.741714553239776,2.849232666015625,2.741714553239776,2.849232666015625,2484
2013-07-29,2.849232666015625,2.849232666015625,2.687955339354462,2.849232666015625,31908
2013-07-30,2.687955322265625,2.741714535809161,2.687955322265625,2.687955322265625,81900
2013-07-31,2.6341962662194764,2.687955322265625,2.6341962662194764,2.687955322265625,15060
2013-08-01,2.687955322265625,2.741714535809161,2.687955322265625,2.687955322265625,12060
2013-08-02,2.687955345574832,2.7417145595845533,2.6341962890625,2.6341962890625,24012
2013-08-05,2.7417145595845533,2.7417145595845533,2.580437232550168,2.6341962890625,2592
2013-08-06,2.6341960929512416,2.74171435546875,2.6341960929512416,2.74171435546875,2052
2013-08-07,2.687955398112271,2.902991943359375,2.6341963405491917,2.902991943359375,21528
2013-08-08,2.74171435546875,2.849232460488881,2.74171435546875,2.74171435546875,1848
2013-08-09,2.795473749352698,2.795473749352698,2.687955322265625,2.687955322265625,4572
2013-08-12,2.687955145461307,2.74171435546875,2.6341960929512416,2.74171435546875,15672
2013-08-13,2.741714535809161,2.741714535809161,2.687955322265625,2.687955322265625,6480
2013-08-14,2.687955322265625,2.8492326479014576,2.6341962662194764,2.687955322265625,8640
2013-08-15,2.687955145461307,2.74171435546875,2.687955145461307,2.74171435546875,8784
2013-08-16,2.741714535809161,2.741714535809161,2.687955322265625,2.687955322265625,8100
2013-08-19,2.687955145461307,2.74171435546875,2.687955145461307,2.74171435546875,18288
2013-08-20,2.6341962662194764,2.687955322265625,2.6341962662194764,2.687955322265625,11436
2013-08-21,2.687955345574832,2.7417145595845533,2.6341962890625,2.6341962890625,25476
2013-08-22,2.795473565476193,2.795473565476193,2.687955145461307,2.74171435546875,23952
2013-08-23,2.687955145461307,2.74171435546875,2.687955145461307,2.74171435546875,19272
2013-08-26,2.741714535809161,2.741714535809161,2.687955322265625,2.687955322265625,2172
2013-08-27,2.687955322265625,2.741714535809161,2.687955322265625,2.687955322265625,27072
2013-08-28,2.6341962662194764,2.687955322265625,2.5804372101733284,2.687955322265625,60624
2013-08-29,2.634196312857315,2.687955369855255,2.580437255859375,2.580437255859375,27120
2013-08-30,2.580437255859375,2.580437255859375,2.580437255859375,2.580437255859375,13824
2013-09-02,2.580437255859375,2.580437255859375,2.580437255859375,2.580437255859375,0
2013-09-03,2.580437232550168,2.6341962890625,2.580437232550168,2.6341962890625,92712
2013-09-04,2.687955345574832,2.687955345574832,2.6341962890625,2.6341962890625,80016
2013-09-05,2.6341962890625,2.687955345574832,2.6341962890625,2.6341962890625,55320
2013-09-06,2.687955322265625,2.687955322265625,2.6341962662194764,2.687955322265625,8676
2013-09-09,2.7417145595845533,2.7417145595845533,2.6341962890625,2.6341962890625,42168
2013-09-10,2.6341960929512416,2.74171435546875,2.6341960929512416,2.74171435546875,1272
2013-09-11,2.6341962662194764,2.687955322265625,2.6341962662194764,2.687955322265625,19368
2013-09-12,2.687955322265625,2.687955322265625,2.687955322265625,2.687955322265625,38160
2013-09-13,2.687955145461307,2.74171435546875,2.687955145461307,2.74171435546875,1212
2013-09-16,2.687955345574832,2.687955345574832,2.6341962890625,2.6341962890625,2940
2013-09-17,2.634196312857315,2.634196312857315,2.526678198861435,2.580437255859375,19032
2013-09-18,2.580437255859375,2.580437255859375,2.580437255859375,2.580437255859375,29064
2013-09-19,2.580437232550168,2.6341962890625,2.580437232550168,2.6341962890625,1068
2013-09-20,2.634196312857315,2.634196312857315,2.580437255859375,2.580437255859375,30540
2013-09-23,2.580437232550168,2.6341962890625,2.580437232550168,2.6341962890625,12612
2013-09-24,2.6341962890625,2.6341962890625,2.526678176037836,2.6341962890625,19200
2013-09-25,2.5804372101733284,2.687955322265625,2.5804372101733284,2.687955322265625,46308
2013-09-26,2.6341962890625,2.6341962890625,2.6341962890625,2.6341962890625,6648
2013-09-27,2.6341962662194764,2.687955322265625,2.6341962662194764,2.687955322265625,2184
2013-09-30,2.687955322265625,2.687955322265625,2.687955322265625,2.687955322265625,72
2013-10-01,2.634196312857315,2.687955369855255,2.526678198861435,2.580437255859375,41940
2013-10-02,2.5804372801604623,2.634196337664674,2.52667822265625,2.52667822265625,14580
2013-10-03,2.5804372801604623,2.5804372801604623,2.52667822265625,2.52667822265625,19812
2013-10-04,2.52667822265625,2.52667822265625,2.472919007654645,2.52667822265625,24948
2013-10-07,2.6341962662194764,2.687955322265625,2.6341962662194764,2.687955322265625,73260
2013-10-08,2.6341962662194764,2.687955322265625,2.6341962662194764,2.687955322265625,59892
2013-10-09,2.741714535809161,2.741714535809161,2.6341962662194764,2.687955322265625,21816
2013-10-10,2.6341960929512416,2.74171435546875,2.6341960929512416,2.74171435546875,15408
2013-10-11,2.6341962890625,2.687955345574832,2.6341962890625,2.6341962890625,18720
2013-10-14,2.6341962890625,2.6341962890625,2.6341962890625,2.6341962890625,8040
2013-10-15,2.580437232550168,2.6341962890625,2.580437232550168,2.6341962890625,3672
2013-10-16,2.5804372101733284,2.741714535809161,2.5804372101733284,2.687955322265625,96588
2013-10-17,2.687955322265625,2.687955322265625,2.687955322265625,2.687955322265625,30384
2013-10-18,2.6341962890625,2.687955345574832,2.6341962890625,2.6341962890625,41124
2013-10-21,2.6341962662194764,2.741714535809161,2.6341962662194764,2.687955322265625,29400
2013-10-22,2.687955322265625,2.687955322265625,2.5804372101733284,2.687955322265625,77400
2013-10-23,2.6341962890625,2.687955345574832,2.6341962890625,2.6341962890625,51036
2013-10-24,2.6341962662194764,2.687955322265625,2.6341962662194764,2.687955322265625,80400
2013-10-25,2.687955322265625,2.687955322265625,2.6341962662194764,2.687955322265625,58980
2013-10-28,2.687955322265625,2.741714535809161,2.687955322265625,2.687955322265625,18036
2013-10-29,2.687955322265625,2.687955322265625,2.687955322265625,2.687955322265625,18588
2013-10-30,2.687955322265625,2.687955322265625,2.687955322265625,2.687955322265625,4272
2013-10-31,2.6341962662194764,2.687955322265625,2.6341962662194764,2.687955322265625,19428
2013-11-01,2.687955345574832,2.687955345574832,2.6341962890625,2.6341962890625,117600
2013-11-04,2.6341962890625,2.6341962890625,2.6341962890625,2.6341962890625,18408
2013-11-05,2.6341962662194764,2.687955322265625,2.5804372101733284,2.687955322265625,118164
2013-11-06,2.687955322265625,2.687955322265625,2.6341962662194764,2.687955322265625,42456
2013-11-07,2.687955345574832,2.7417145595845533,2.6341962890625,2.6341962890625,40080
2013-11-08,2.5804372101733284,2.687955322265625,2.5804372101733284,2.687955322265625,540
2013-11-11,2.6341962890625,2.687955345574832,2.6341962890625,2.6341962890625,6996
2013-11-12,2.6341962890625,2.687955345574832,2.6341962890625,2.6341962890625,18984
2013-11-13,2.634196312857315,2.634196312857315,2.580437255859375,2.580437255859375,14040
2013-11-14,2.580437255859375,2.634196312857315,2.526678198861435,2.580437255859375,27132
2013-11-15,2.580437232550168,2.6341962890625,2.580437232550168,2.6341962890625,9396
2013-11-18,2.687955145461307,2.795473565476193,2.6341960929512416,2.74171435546875,335016
2013-11-19,2.795473565476193,2.795473565476193,2.687955145461307,2.74171435546875,33948
2013-11-20,2.741714535809161,2.741714535809161,2.687955322265625,2.687955322265625,14160
2013-11-21,2.687955345574832,2.7417145595845533,2.6341962890625,2.6341962890625,156144
2013-11-22,2.6341961564027585,2.7954736328125,2.6341961564027585,2.7954736328125,244680
2013-11-25,2.7954738871192237,2.956751220703125,2.7954738871192237,2.956751220703125,380328
2013-11-26,3.010510009765625,3.11802843814657,2.9567511105699333,3.010510009765625,274620
2013-11-27,2.956751220703125,3.0642693380941286,2.956751220703125,2.956751220703125,88032
2013-11-28,2.8492327883173294,2.956751220703125,2.8492327883173294,2.956751220703125,51768
2013-11-29,2.849232666015625,2.849232666015625,2.79547376712509,2.849232666015625,57660
2013-12-02,2.79547376712509,2.849232666015625,2.79547376712509,2.849232666015625,31428
2013-12-03,2.741714553239776,2.956751093786253,2.741714553239776,2.849232666015625,80580
2013-12-04,2.849232666015625,2.9029918799009398,2.849232666015625,2.849232666015625,29472
2013-12-05,2.7954736328125,2.8492325291201115,2.687955210207751,2.7954736328125,97512
2013-12-06,2.741714421510126,2.8492325291201115,2.741714421510126,2.7954736328125,43644
2013-12-09,2.7417146131727432,2.902991943359375,2.7417146131727432,2.902991943359375,52212
2013-12-10,2.849232666015625,2.849232666015625,2.79547376712509,2.849232666015625,48708
2013-12-11,2.9029916704963235,2.9029916704963235,2.74171435546875,2.74171435546875,25812
2013-12-12,2.687955339354462,2.849232666015625,2.687955339354462,2.849232666015625,47400
2013-12-13,2.8492325291201115,2.8492325291201115,2.7954736328125,2.7954736328125,10152
2013-12-16,2.741714421510126,2.7954736328125,2.741714421510126,2.7954736328125,7800
2013-12-17,2.849232666015625,2.849232666015625,2.79547376712509,2.849232666015625,10212
2013-12-18,2.849232666015625,2.849232666015625,2.741714553239776,2.849232666015625,28416
2013-12-19,2.849232666015625,2.849232666015625,2.79547376712509,2.849232666015625,3072
2013-12-20,2.7954736328125,2.8492325291201115,2.7954736328125,2.7954736328125,27348
2013-12-23,2.7954736328125,2.8492325291201115,2.741714421510126,2.7954736328125,31812
2013-12-24,2.79547376712509,2.849232666015625,2.79547376712509,2.849232666015625,32736
2013-12-25,2.7954736328125,2.8492325291201115,2.741714421510126,2.7954736328125,46392
2013-12-26,2.8492325291201115,2.8492325291201115,2.7954736328125,2.7954736328125,33840
2013-12-27,2.7954736328125,2.7954736328125,2.7954736328125,2.7954736328125,37836
2013-12-30,2.795473565476193,2.795473565476193,2.74171435546875,2.74171435546875,18972
2013-12-31,2.741714535809161,2.795473749352698,2.687955322265625,2.687955322265625,35136
2014-01-01,2.687955322265625,2.687955322265625,2.687955322265625,2.687955322265625,0
2014-01-02,2.849232666015625,2.849232666015625,2.849232666015625,2.849232666015625,39276
2014-01-03,3.010510009765625,3.010510009765625,3.010510009765625,3.010510009765625,34248
2014-01-06,3.171787109375,3.171787109375,3.118028214043145,3.171787109375,376776
2014-01-07,3.279305833308296,3.279305833308296,3.0105100718109483,3.064269287109375,124104
2014-01-08,3.0642693480849488,3.118028564453125,2.9567512303433903,3.118028564453125,26856
2014-01-09,3.064269287109375,3.1717874027114417,3.0105100718109483,3.064269287109375,45192
2014-01-10,2.9567511105699333,3.0642692239560976,2.9567511105699333,3.010510009765625,79608
2014-01-13,3.1180285542870263,3.1180285542870263,2.956751220703125,2.956751220703125,37188
2014-01-14,2.9567511715073085,3.064269287109375,2.902991956208881,3.064269287109375,122976
2014-01-15,3.118028564453125,3.118028564453125,3.010510131716773,3.118028564453125,122328
2014-01-16,3.064269287109375,3.064269287109375,3.0105100718109483,3.064269287109375,14784
2014-01-17,3.1180285024078023,3.1180285024078023,2.9567511715073085,3.064269287109375,85872
2014-01-20,3.064269287109375,3.1180285024078023,3.0105100718109483,3.064269287109375,159348
2014-01-21,3.0642693480849488,3.1717874658265077,3.0642693480849488,3.118028564453125,120024
2014-01-22,3.1180282400167814,3.333064453125,3.1180282400167814,3.333064453125,278304
2014-01-23,3.333064999168396,3.5481015625,3.2793060945816035,3.5481015625,351588
2014-01-24,3.7631376760355257,3.7631376760355257,3.6018603515625,3.6018603515625,202716
2014-01-27,3.494342342918396,3.601860782081604,3.440583438331604,3.5481015625,70884
2014-01-28,3.5481015625,3.5481015625,3.5481015625,3.5481015625,0
2014-01-29,3.5481015625,3.5481015625,3.5481015625,3.5481015625,0
2014-01-30,3.5481015625,3.5481015625,3.5481015625,3.5481015625,0
2014-01-31,3.5481015625,3.5481015625,3.5481015625,3.5481015625,0
2014-02-03,3.5481015625,3.5481015625,3.5481015625,3.5481015625,0
2014-02-04,3.5481015625,3.5481015625,3.5481015625,3.5481015625,0
2014-02-05,3.5481015625,3.5481015625,3.5481015625,3.5481015625,0
2014-02-06,3.548101503849204,3.548101503849204,3.49434228515625,3.49434228515625,37992
2014-02-07,3.601860003517891,3.7093781044456025,3.5481007955566635,3.655618896484375,168720
2014-02-10,3.709378662109375,3.763137878152702,3.601860545017512,3.709378662109375,350328
2014-02-11,3.7093781044456025,3.76313731240683,3.6556188964843743,3.655618896484375,110964
2014-02-12,3.6556188964843743,3.655618896484375,3.494341587595436,3.655618896484375,311784
2014-02-13,3.5481007955566635,3.655618896484375,3.494341587595436,3.655618896484375,392028
2014-02-14,3.6556194560911455,3.870656005859375,3.601860554895182,3.870656005859375,805764
2014-02-17,3.924414951904072,4.139451171875,3.8706557394139542,4.139451171875,322548
2014-02-18,4.193210063519197,4.40824658203125,4.193210063519197,4.40824658203125,504756
2014-02-19,4.40824658203125,4.40824658203125,4.40824658203125,4.40824658203125,0
2014-02-20,4.838319872196381,4.999597201269593,4.515765214049955,4.7308017578125,754632
2014-02-21,4.569524787491108,4.892079470961191,4.462006349671209,4.62328369140625,718140
2014-02-24,4.623283695173347,4.94583837890625,4.623283695173347,4.94583837890625,611124
2014-02-25,5.268392578125,5.268392578125,5.214633679110057,5.268392578125,402324
2014-02-26,5.590948010017312,5.590948010017312,5.2683930142520765,5.5371884765625,1112748
2014-02-27,5.322151840209961,5.483429168701172,5.16087451171875,5.16087451171875,576744
2014-02-28,5.107115206803121,5.37591064453125,5.053356308254361,5.37591064453125,340404
2014-03-03,5.375910790337772,5.375910790337772,5.0533564453125,5.0533564453125,354036
2014-03-04,4.892079474947305,5.107115720772702,4.838320255993552,4.94583837890625,399612
2014-03-05,5.214633679110057,5.268392578125,5.107115251090614,5.268392578125,403944
2014-03-06,5.483429184422348,5.537188084077026,5.32215185546875,5.32215185546875,939408
2014-03-07,5.214633741164612,5.32215185546875,5.214633741164612,5.32215185546875,149232
2014-03-10,5.37591064453125,5.483429071618323,5.160874420346657,5.37591064453125,342972
2014-03-11,5.37591064453125,5.429670173069563,5.268392532438953,5.37591064453125,558924
2014-03-12,5.483429184422348,5.483429184422348,5.214633741164612,5.32215185546875,259464
2014-03-13,5.268392532438953,5.37591064453125,5.214633633890194,5.37591064453125,388308
2014-03-14,5.375910755123427,5.375910755123427,5.214633741164612,5.32215185546875,438708
2014-03-17,5.322151395909927,5.590947130952386,5.322151395909927,5.4834287109375,1578888
2014-03-18,5.537188021518253,5.85974267578125,5.48342912247094,5.85974267578125,3323832
2014-03-19,6.074779794796515,6.23605712890625,5.9135024606867805,6.23605712890625,2528748
2014-03-20,6.451093119942022,6.504852019278351,6.074779564608591,6.18229736328125,1048008
2014-03-21,6.128538193842015,6.128538193842015,5.967260872951435,6.074779296875,1266840
2014-03-24,6.289815323418145,6.3973337440713705,6.021019586779838,6.34357421875,2640792
2014-03-25,6.451093392153332,6.773648061760999,6.343574958954247,6.71988916015625,3461928
2014-03-26,6.773647808743795,6.773647808743795,6.451093151184567,6.50485205078125,2121264
2014-03-27,6.45109326171875,6.45109326171875,6.074779698115015,6.45109326171875,1550796
2014-03-28,6.55861106005645,6.55861106005645,6.23605642808629,6.34357421875,963528
2014-03-31,6.343574941212269,6.612370708463409,6.289816039757877,6.39733447265625,662460
2014-04-01,6.397333938656159,6.397333938656159,5.967260872951435,6.074779296875,1702068
2014-04-02,6.074779531949621,6.074779531949621,5.698465348649751,5.85974267578125,1096404
2014-04-03,5.9135024606867805,6.23605712890625,5.9135024606867805,6.23605712890625,1024212
2014-04-04,6.23605692280827,6.612370479964181,6.23605692280827,6.50485205078125,1401744
2014-04-07,6.504852162236548,6.666129493779517,6.397334361200953,6.45109326171875,822756
2014-04-08,6.451093374110643,6.504852275565035,6.182297606859503,6.39733447265625,1118988
2014-04-09,6.397334472656249,6.39733447265625,6.397334472656249,6.39733447265625,0
2014-04-10,6.397334335716097,6.397334335716097,6.12853857421875,6.12853857421875,1516944
2014-04-11,6.182297090809029,6.182297090809029,6.074779296875,6.074779296875,1077600
2014-04-14,6.074779548716503,6.128538447912195,5.913502221139867,6.02102001953125,950688
2014-04-15,6.021019985353577,6.021019985353577,5.644706433140716,5.69846533203125,1023936
2014-04-16,5.644706397254155,5.644706397254155,5.32215174598249,5.37591064453125,1453188
2014-04-17,5.375910290922614,5.537187605950187,5.375910290922614,5.4834287109375,962004
2014-04-18,5.537188529460466,5.537188529460466,5.10711572265625,5.10711572265625,1214652
2014-04-21,4.94583837890625,5.107115720772702,4.784561037039799,4.94583837890625,843168
2014-04-22,4.94583837890625,4.94583837890625,4.94583837890625,4.94583837890625,0
2014-04-23,5.268392689210969,5.429670334640731,5.053356458627524,5.2146337890625,475260
2014-04-24,5.053356458627524,5.2146337890625,4.99959724348427,5.2146337890625,303120
2014-04-25,5.053356458627524,5.268392689210969,4.99959724348427,5.2146337890625,402012
2014-04-28,5.107115297223419,5.322151840209961,5.107115297223419,5.16087451171875,506592
2014-04-29,5.107115206803121,5.37591064453125,5.107115206803121,5.37591064453125,632520
2014-04-30,5.37591064453125,5.37591064453125,5.37591064453125,5.37591064453125,0
2014-05-01,5.37591064453125,5.37591064453125,5.37591064453125,5.37591064453125,0
2014-05-02,5.37591064453125,5.37591064453125,5.37591064453125,5.37591064453125,0
2014-05-05,5.37591073971051,5.37591073971051,5.107115297223419,5.16087451171875,202560
2014-05-06,5.053356818677479,5.10711572265625,4.838320257777966,5.10711572265625,278460
2014-05-07,5.107115206803121,5.429670173069563,5.053356308254361,5.37591064453125,775620
2014-05-08,5.268392609635476,5.268392609635476,4.99959716796875,4.99959716796875,912600
2014-05-09,4.892079083257415,5.32215185546875,4.892079083257415,5.32215185546875,1275660
2014-05-12,5.268392675329349,5.322151890330954,4.999597230310895,5.0533564453125,471360
2014-05-13,4.945837968732207,5.322151840209961,4.945837968732207,5.16087451171875,613788
2014-05-14,5.160874526515151,5.375910755123427,5.10711531186569,5.32215185546875,374700
2014-05-15,5.429670220154165,5.429670220154165,5.107115251090614,5.268392578125,758412
2014-05-16,5.214633679110057,5.268392578125,5.053356352075672,5.268392578125,573924
2014-05-19,5.10711531186569,5.32215185546875,5.10711531186569,5.32215185546875,375084
2014-05-20,5.160874465100336,5.375910691149664,5.160874465100336,5.268392578125,437340
2014-05-21,5.268392312805517,5.590947265625,5.214633416497906,5.590947265625,2134632
2014-05-22,5.9672607421875,5.9672607421875,5.859742320620048,5.9672607421875,1777620
2014-05-23,6.02101976991845,6.289815514732594,5.967260872951435,6.074779296875,1084884
2014-05-26,5.913502221139867,6.074779548716503,5.75222489356323,6.02102001953125,959376
2014-05-27,5.9135024606867805,6.289816030279632,5.9135024606867805,6.23605712890625,1159248
2014-05-28,6.289816030279632,6.343574931653015,6.182297597543281,6.23605712890625,1052640
2014-05-29,6.074779296875,6.289815514732594,5.859742449027871,6.074779296875,2349888
2014-05-30,5.9135019759844205,6.128538193842015,5.7522246550938405,6.074779296875,1391688
2014-06-02,5.967261120335558,6.02102001953125,5.967261120335558,6.02102001953125,27483
2014-06-03,5.967261120335558,6.074779548716503,5.967261120335558,6.02102001953125,274836
2014-06-04,6.021020002912748,6.021020002912748,5.805983776733937,5.85974267578125,738348
2014-06-05,5.752224877686625,5.913502204818123,5.752224877686625,5.85974267578125,338544
2014-06-06,5.859742812721404,6.12853857421875,5.859742812721404,6.12853857421875,938520
2014-06-09,6.50485205078125,6.50485205078125,6.289815822404953,6.50485205078125,2687856
2014-06-10,6.451092387354651,6.93492431640625,6.397333494123193,6.93492431640625,2312328
2014-06-11,6.988684225861715,7.41875732421875,6.988684225861715,7.41875732421875,1636488
2014-06-12,7.687553595413207,7.90258984375,7.687553595413207,7.90258984375,1435008
2014-06-13,8.010106846851787,8.225143056636634,7.472515377405405,7.52627490234375,3215784
2014-06-16,7.6337929913449,7.7950703125,7.472515670189799,7.7950703125,2332644
2014-06-17,7.7950703125,7.848829839544724,7.6337929913449,7.7950703125,1346388
2014-06-18,7.7413114154448115,7.9563476336551,7.7413114154448115,7.7950703125,612768
2014-06-19,7.58003465735394,7.58003465735394,7.25747999108356,7.41875732421875,2371596
2014-06-20,7.418757689866517,7.526276127252425,6.934925666614353,6.9886845703125,1662060
2014-06-23,6.881166762916207,7.042444104000261,6.773648325530298,6.9886845703125,711396
2014-06-24,7.149961155403013,7.203720683406568,6.827406507339877,7.042443359375,745284
2014-06-25,7.149961155403013,7.203720683406568,6.988683831371445,7.042443359375,1047708
2014-06-26,7.042443359374999,7.096202257389006,6.827406507339877,7.042443359375,2963796
2014-06-27,7.096201626090116,7.096201626090116,6.93492431640625,6.93492431640625,467988
2014-06-30,6.934925324813179,7.41875732421875,6.934925324813179,7.41875732421875,1625004
2014-07-01,7.633793558402476,7.902589323624321,7.41875732421875,7.41875732421875,2593188
2014-07-02,7.364997831539834,7.580034048449697,7.257479408090137,7.472515625,1991100
2014-07-03,7.472517329706979,7.526276868690768,7.257481063740846,7.36499951171875,1776552
2014-07-04,7.311238892132096,7.41875732421875,7.311238892132096,7.41875732421875,1057548
2014-07-07,7.3112388814386575,7.418757313368055,7.257479980468749,7.25747998046875,934332
2014-07-08,7.203720511360053,7.472515625,7.096202087910355,7.472515625,1138632
2014-07-09,7.580035777684882,7.580035777684882,7.36499951171875,7.36499951171875,736344
2014-07-10,7.364997831539834,7.633792945179781,7.311238304820219,7.472515625,2871552
2014-07-11,7.526275756305404,7.526275756305404,7.311238892132096,7.41875732421875,834732
2014-07-14,7.4187567282699165,7.472515625,7.364997831539834,7.472515625,380328
2014-07-15,7.526275656361937,7.741311887690138,7.472516126037706,7.63379345703125,1678992
2014-07-16,7.795069887014833,8.11762451171875,7.795069887014833,8.11762451171875,4308432
2014-07-17,8.010108282913208,8.117626092086791,7.90258984375,8.0638671875,838740
2014-07-18,7.956347698798837,8.332661871234889,7.90258880130349,8.27890234375,2116980
2014-07-21,8.225143446254654,8.27890234375,8.225143446254654,8.27890234375,2253708
2014-07-22,8.332661029808193,8.386419921875,8.332661029808193,8.386419921875,1814760
2014-07-23,8.440179385881896,8.440179385881896,8.17138427734375,8.17138427734375,1164708
2014-07-24,8.06386561759793,8.11762451171875,8.06386561759793,8.11762451171875,1022232
2014-07-25,8.063866549677227,8.063866549677227,7.63379345703125,7.63379345703125,1290648
2014-07-28,7.526275151719615,7.526275151719615,7.472515625,7.472515625,1326516
2014-07-29,7.526275151719615,7.526275151719615,7.472515625,7.472515625,625884
2014-07-30,7.364997315924721,7.364997315924721,7.311237792968749,7.31123779296875,801252
2014-07-31,7.311238062569394,7.526274902343751,7.311238062569394,7.52627490234375,604080
2014-08-01,7.526275151719615,7.526275151719615,7.472515625,7.472515625,463788
2014-08-04,7.364998423170213,7.41875732421875,7.364998423170213,7.41875732421875,491268
2014-08-05,7.472516245759765,7.74131201171875,7.472516245759765,7.74131201171875,795024
2014-08-06,7.79507102661647,7.79507102661647,7.687553222656249,7.68755322265625,479016
2014-08-07,7.741312613941764,7.8488310546875,7.741312613941764,7.8488310546875,690744
2014-08-08,7.902588512542247,8.01010693359375,7.902588512542247,8.01010693359375,1030596
2014-08-11,7.9563476336551,7.9563476336551,7.7950703125,7.7950703125,380556
2014-08-12,7.7950703125,7.7950703125,7.7950703125,7.7950703125,546384
2014-08-13,7.795071404586792,7.90258984375,7.795071404586792,7.90258984375,834228
2014-08-14,8.010107160699825,8.010107160699825,7.7950703125,7.7950703125,697248
2014-08-15,7.848829861834289,7.95634765625,7.848829861834289,7.95634765625,841032
2014-08-18,8.010106960225054,8.17138427734375,8.010106960225054,8.17138427734375,1417764
2014-08-19,8.225143173053475,8.225143173053475,8.17138427734375,8.17138427734375,1526376
2014-08-20,8.117624751644504,8.17138427734375,8.117624751644504,8.17138427734375,1106040
2014-08-21,8.1713857378005,8.4939404296875,8.1713857378005,8.4939404296875,2851164
2014-08-22,8.547697469178111,8.9777705078125,8.547697469178111,8.9777705078125,1691472
2014-08-25,9.03153125,9.03153125,8.7089765625,8.7089765625,1702836
2014-08-26,8.655217775631,8.655217775631,8.4939404296875,8.4939404296875,1873560
2014-08-27,8.65521655900082,8.65521655900082,8.60145703125,8.60145703125,1223160
2014-08-28,8.708976680948954,8.708976680948954,8.4939404296875,8.4939404296875,689424
2014-08-29,8.6014563305557,8.8164931640625,8.6014563305557,8.8164931640625,1624464
2014-09-01,8.8164931640625,8.8164931640625,8.8164931640625,8.8164931640625,0
2014-09-02,8.8164931640625,8.8164931640625,8.8164931640625,8.8164931640625,0
2014-09-03,8.816494171014583,9.139048828125,8.816494171014583,9.139048828125,1324116
2014-09-04,9.085289327794458,9.461603515625,9.085289327794458,9.461603515625,1459164
2014-09-05,9.62287971116388,9.62287971116388,9.354083984375,9.354083984375,682356
2014-09-08,8.977772229192983,8.977772229192983,8.9240126953125,8.9240126953125,1813380
2014-09-09,8.92401293221041,8.92401293221041,8.4939404296875,8.4939404296875,1595076
2014-09-10,8.44017881394181,8.44017881394181,8.386419921875,8.386419921875,1120488
2014-09-11,8.4401806640625,8.4401806640625,8.4401806640625,8.4401806640625,526260
2014-09-12,8.386421764436871,8.7627353515625,8.386421764436871,8.7627353515625,624000
2014-09-15,8.7627353515625,8.7627353515625,8.7627353515625,8.7627353515625,666792
2014-09-16,8.601457176367118,8.8702529296875,8.601457176367118,8.8702529296875,967752
2014-09-17,8.708976447684442,8.7627353515625,8.708976447684442,8.7627353515625,702636
2014-09-18,8.60145824032341,8.60145824032341,8.4939404296875,8.4939404296875,450276
2014-09-19,8.332662018418294,8.5476982421875,8.332662018418294,8.5476982421875,332532
2014-09-22,8.601456988701162,8.601456988701162,8.27890234375,8.27890234375,752484
2014-09-23,8.171384656483443,8.2251435546875,8.171384656483443,8.2251435546875,1079736
2014-09-24,8.225143378910111,8.225143378910111,7.7950703125,7.7950703125,2116332
2014-09-25,7.741312613941764,7.8488310546875,7.741312613941764,7.8488310546875,398124
2014-09-26,7.848829861834289,7.95634765625,7.848829861834289,7.95634765625,548376
2014-09-29,8.010106933593748,8.01010693359375,8.010106933593748,8.01010693359375,426852
2014-09-30,7.956347408073239,8.01010693359375,7.956347408073239,8.01010693359375,459348
2014-10-01,8.117625021274419,8.27890234375,8.117625021274419,8.27890234375,642876
2014-10-02,8.33266123365644,8.8164931640625,8.33266123365644,8.8164931640625,1606188
2014-10-03,8.87025278003547,8.87025278003547,8.60145703125,8.60145703125,611184
2014-10-06,8.601457176367118,8.8702529296875,8.601457176367118,8.8702529296875,1124160
2014-10-07,8.8702529296875,8.8702529296875,8.8702529296875,8.8702529296875,967032
2014-10-08,8.870253791421636,8.9240126953125,8.870253791421636,8.9240126953125,979356
2014-10-09,8.870253791421636,8.9240126953125,8.870253791421636,8.9240126953125,338808
2014-10-10,8.924011923058309,8.924011923058309,8.655216796875,8.655216796875,468876
2014-10-13,8.816494124580812,8.816494124580812,8.655216796875,8.655216796875,668412
2014-10-14,8.816493994391172,8.816493994391172,8.5476982421875,8.5476982421875,314760
2014-10-15,8.547698133488725,8.60145703125,8.547698133488725,8.60145703125,649128
2014-10-16,8.547697228064905,8.547697228064905,8.386419921875,8.386419921875,505200
2014-10-17,8.225143712996319,8.655216796875,8.225143712996319,8.655216796875,1041048
2014-10-20,8.655217657913209,8.7089765625,8.655217657913209,8.7089765625,651672
2014-10-21,8.708976447684442,8.7627353515625,8.708976447684442,8.7627353515625,434832
2014-10-22,8.816493882274193,8.816493882274193,8.60145703125,8.60145703125,503196
2014-10-23,8.601457267646689,8.655216796875,8.601457267646689,8.655216796875,577560
2014-10-24,8.708974747309101,8.8164931640625,8.708974747309101,8.8164931640625,680100
2014-10-27,8.708976447684442,8.7627353515625,8.708976447684442,8.7627353515625,272508
2014-10-28,8.655216705024928,8.8702529296875,8.655216705024928,8.8702529296875,379884
2014-10-29,8.870253070536464,9.139048828125,8.870253070536464,9.139048828125,667116
2014-10-30,9.139049689163208,9.139049689163208,9.03153125,9.03153125,367932
2014-10-31,9.13904778093759,9.354083984375,9.13904778093759,9.354083984375,973884
2014-11-03,9.354084977489409,9.5153623046875,9.354084977489409,9.5153623046875,172920
2014-11-04,9.3540858206324,9.3540858206324,9.2465673828125,9.2465673828125,416088
2014-11-05,9.246565533790054,9.246565533790054,9.192806640625,9.192806640625,560880
2014-11-06,9.192806640625,9.192806640625,9.192806640625,9.192806640625,211716
2014-11-07,9.139048843056296,9.300326171875,9.139048843056296,9.300326171875,162288
2014-11-10,9.30032509101302,9.354083984375,9.30032509101302,9.354083984375,351996
2014-11-11,9.246565533790054,9.246565533790054,9.192806640625,9.192806640625,215040
2014-11-12,9.300325056944596,9.300325056944596,9.192806640625,9.192806640625,65100
2014-11-13,9.19280848086626,9.4078447265625,9.19280848086626,9.4078447265625,371592
2014-11-14,9.354083984375,9.354083984375,9.354083984375,9.354083984375,183252
2014-11-17,9.246567384792918,9.4078447265625,9.246567384792918,9.4078447265625,160896
2014-11-18,9.407842843274702,9.407842843274702,9.192806640625,9.192806640625,129840
2014-11-19,9.246565605718184,9.246565605718184,8.9777705078125,8.9777705078125,346632
2014-11-20,8.924011970058345,9.139048828125,8.924011970058345,9.139048828125,175260
2014-11-21,9.085290041077458,9.2465673828125,9.085290041077458,9.2465673828125,299760
2014-11-24,9.139049689163208,9.139049689163208,9.03153125,9.03153125,166440
2014-11-25,9.085290154586792,9.085290154586792,9.03153125,9.03153125,155316
2014-11-26,9.085290034810072,9.085290034810072,8.7627353515625,8.7627353515625,304836
2014-11-27,8.870252057444453,8.870252057444453,8.8164931640625,8.8164931640625,313716
2014-11-28,8.70897569611375,8.70897569611375,8.655216796875,8.655216796875,464148
2014-12-01,8.708975456762097,8.708975456762097,8.60145703125,8.60145703125,202668
2014-12-02,8.70897569611375,8.70897569611375,8.655216796875,8.655216796875,50328
2014-12-03,8.7627353515625,8.7627353515625,8.7627353515625,8.7627353515625,82908
2014-12-04,8.8702529296875,8.8702529296875,8.8702529296875,8.8702529296875,190260
2014-12-05,8.924010984239766,8.9777705078125,8.924010984239766,8.9777705078125,206724
2014-12-08,9.085288294978977,9.085288294978977,8.9777705078125,8.9777705078125,58320
2014-12-09,8.870253791421636,8.9240126953125,8.870253791421636,8.9240126953125,148032
2014-12-10,8.762735353650289,8.9240126953125,8.762735353650289,8.9240126953125,38040
2014-12-11,8.870253791421636,8.9240126953125,8.870253791421636,8.9240126953125,19452
2014-12-12,8.92401281083679,9.03153125,8.92401281083679,9.03153125,312672
2014-12-15,9.031530399091674,9.139048828125,9.031530399091674,9.139048828125,395088
2014-12-16,9.139048828125,9.139048828125,9.139048828125,9.139048828125,578160
2014-12-17,9.13904781855171,9.13904781855171,8.9777705078125,8.9777705078125,310656
2014-12-18,8.8702529296875,8.8702529296875,8.8702529296875,8.8702529296875,159732
2014-12-19,8.977772227053958,8.977772227053958,8.7627353515625,8.7627353515625,100428
2014-12-22,8.708976449759424,8.9240126953125,8.708976449759424,8.9240126953125,153480
2014-12-23,9.031531133083847,9.031531133083847,8.9240126953125,8.9240126953125,247908
2014-12-24,8.977770470862158,9.354083984375,8.977770470862158,9.354083984375,662424
2014-12-25,9.407844842086792,9.407844842086792,9.03153125,9.03153125,87252
2014-12-26,8.924010914820755,9.192806640625,8.924010914820755,9.192806640625,273432
2014-12-29,8.870253795427276,9.2465673828125,8.870253795427276,9.2465673828125,330300
2014-12-30,9.2465673828125,9.2465673828125,9.2465673828125,9.2465673828125,71616
2014-12-31,9.13904778093759,9.354083984375,9.13904778093759,9.354083984375,73632
2015-01-01,9.354083984375,9.354083984375,9.354083984375,9.354083984375,0
2015-01-02,9.354083984375,9.354083984375,9.354083984375,9.354083984375,0
2015-01-05,9.246565567661548,9.354083984375,9.246565567661548,9.354083984375,163380
2015-01-06,9.085290043023331,9.4078447265625,9.085290043023331,9.4078447265625,125520
2015-01-07,9.461603348816771,10.052953125,9.461603348816771,10.052953125,1485132
2015-01-08,10.21423056327297,10.21423056327297,9.9991943359375,9.9991943359375,750672
2015-01-09,9.945435586820071,10.429267578125,9.945435586820071,10.429267578125,370404
2015-01-12,10.375507047744266,10.375507047744266,10.2679892578125,10.2679892578125,1092024
2015-01-13,10.214230451229891,10.214230451229891,10.052953125,10.052953125,484920
2015-01-14,10.052953158950888,10.3755078125,10.052953158950888,10.3755078125,579636
2015-01-15,10.483025467665543,10.483025467665543,10.2679892578125,10.2679892578125,305484
2015-01-16,10.267990014643331,10.3755078125,10.267990014643331,10.3755078125,705900
2015-01-19,10.37550795268498,10.6443037109375,10.37550795268498,10.6443037109375,1429692
2015-01-20,10.644302999524172,10.85933984375,10.644302999524172,10.85933984375,946788
2015-01-21,10.966858124478827,10.966858124478827,10.5905439453125,10.5905439453125,403476
2015-01-22,10.751821382299328,10.751821382299328,10.53678515625,10.53678515625,296760
2015-01-23,10.536785535552797,11.0206181640625,10.536785535552797,11.0206181640625,890916
2015-01-26,11.074376010740174,11.396930664062502,11.074376010740174,11.3969306640625,785304
2015-01-27,11.450690415736606,11.450690415736606,11.2894130859375,11.2894130859375,991176
2015-01-28,11.289412051930146,11.289412051930146,10.966857421875,10.966857421875,828048
2015-01-29,10.913098614698333,10.913098614698333,10.7518212890625,10.7518212890625,939096
2015-01-30,10.59054411860743,10.59054411860743,9.9991943359375,9.9991943359375,1726524
2015-02-02,9.999193390376984,10.375506910125852,9.78415718337613,10.160470703125,52798
2015-02-03,10.10671180887216,10.375506910125852,10.052952284629823,10.160470703125,83528
2015-02-04,10.160471694946288,10.3217490234375,10.052953265955626,10.3217490234375,74659
2015-02-05,10.321749053030302,10.6443037109375,10.321749053030302,10.6443037109375,52837
2015-02-06,10.644303473758862,10.698063002205224,10.48302614839888,10.5905439453125,69628
2015-02-09,10.483026166329148,10.966858143236646,10.429267267780387,10.7518212890625,56097
2015-02-10,10.751820791647562,10.96685763587339,10.698062525575391,10.85933984375,44067
2015-02-11,10.805580317698782,10.96685763587339,10.805580317698782,10.85933984375,17523
2015-02-12,10.859339631849624,11.128134736902574,10.859339631849624,10.966857421875,47296
2015-02-13,10.966858633122763,11.0206181640625,10.805581300282723,11.0206181640625,16363
2015-02-16,11.0206181640625,11.0206181640625,11.0206181640625,11.0206181640625,0
2015-02-17,11.0206181640625,11.0206181640625,11.0206181640625,11.0206181640625,0
2015-02-18,11.0206181640625,11.0206181640625,11.0206181640625,11.0206181640625,0
2015-02-19,11.0206181640625,11.0206181640625,11.0206181640625,11.0206181640625,0
2015-02-20,11.0206181640625,11.0206181640625,11.0206181640625,11.0206181640625,0
2015-02-23,11.0206181640625,11.0206181640625,11.0206181640625,11.0206181640625,0
2015-02-24,11.0206181640625,11.0206181640625,11.0206181640625,11.0206181640625,0
2015-02-25,10.859340327565208,10.859340327565208,10.48302614839888,10.5905439453125,45382
2015-02-26,10.590543963426668,10.7518212890625,10.536785064877906,10.7518212890625,16844
2015-02-27,10.80558203125,10.80558203125,10.375508904586791,10.48302734375,10005
2015-03-02,10.375507721495708,10.5905439453125,10.214230396135724,10.5905439453125,21219
2015-03-03,10.53678528163858,10.751821510246854,10.4830263819839,10.6443037109375,48886
2015-03-04,10.644303473758862,10.751821270672483,10.48302614839888,10.5905439453125,25424
2015-03-05,10.751821270672483,10.751821270672483,10.48302614839888,10.5905439453125,32929
2015-03-06,10.644303473758862,10.698063002205224,10.48302614839888,10.5905439453125,31755
2015-03-09,10.644303725513058,10.96685838386194,10.5905441957952,10.8055810546875,49656
2015-03-10,10.698062344434437,11.128134765625,10.698062344434437,11.128134765625,102358
2015-03-11,11.02061867964941,11.181896020034625,10.913099612739783,11.074376953125,43336
2015-03-12,11.128134071270214,11.55820646562584,11.128134071270214,11.3431708984375,144535
2015-03-13,11.45069259160093,11.6657294921875,11.235655691014356,11.6657294921875,82556
2015-03-16,11.558208984375,11.719486324901068,11.343173370326394,11.558208984375,66937
2015-03-17,11.55820646562584,11.55820646562584,11.28941137665094,11.3431708984375,54685
2015-03-18,11.343171850162362,11.450689642777585,11.128135004952863,11.18189453125,24600
2015-03-19,11.235652719310805,11.235652719310805,10.644302974077302,10.6980625,114688
2015-03-20,10.590544014649025,11.2356533203125,10.590544014649025,11.2356533203125,61351
2015-03-23,11.18189601658696,11.18189601658696,10.913099609375,10.913099609375,13920
2015-03-24,10.751820581845228,10.966857421875,10.698062316822051,10.966857421875,56293
2015-03-25,11.12813648657981,11.181896020034625,10.913099612739783,11.074376953125,56475
2015-03-26,11.181894290765957,11.181894290765957,11.020616975322117,11.128134765625,20524
2015-03-27,11.181894290765957,11.28941208106884,11.128134765625,11.128134765625,46407
2015-03-30,11.02061867964941,11.343173360419838,11.02061867964941,11.074376953125,47978
2015-03-31,11.074375240484043,11.235652555927883,11.074375240484043,11.128134765625,22044
2015-04-01,11.181894290765957,11.235652555927883,11.020616975322117,11.128134765625,30312
2015-04-02,11.074376953125,11.12813648657981,11.02061867964941,11.074376953125,8826
2015-04-03,11.12813648657981,11.12813648657981,10.966859146194595,11.074376953125,6570
2015-04-06,11.235653767863113,11.235653767863113,10.966858633122763,11.0206181640625,7492
2015-04-07,10.91309866748076,11.2356533203125,10.91309866748076,11.2356533203125,21242
2015-04-08,11.235654303322868,11.611968517876765,11.0743769627968,11.558208984375,63003
2015-04-09,11.55820822969152,11.665727289674678,11.4506904296875,11.4506904296875,14858
2015-04-10,11.450691177350697,11.827005391904594,11.28941383682463,11.558208984375,33248
2015-04-13,11.55820822969152,11.6119677596831,11.34317262968348,11.4506904296875,15259
2015-04-14,11.396929871371723,11.504448921653635,11.128134765625,11.128134765625,40395
2015-04-15,11.128134765625,11.181894290765957,10.913097925040203,11.128134765625,33039
2015-04-16,11.128135756138391,11.34317261586358,11.07437622621231,11.2894130859375,53995
2015-04-17,11.128135756138391,11.34317261586358,11.128135756138391,11.2894130859375,14774
2015-04-20,11.289412849110828,11.289412849110828,11.128135522694958,11.2356533203125,8586
2015-04-21,11.181895299687884,11.4506904296875,11.128135769696303,11.4506904296875,45372
2015-04-22,11.504450225400506,12.042040497816608,11.504450225400506,11.9882822265625,80928
2015-04-23,11.988281963866022,11.988281963866022,11.6119677734375,11.6119677734375,49777
2015-04-24,11.6119677596831,11.6119677596831,11.2894130996919,11.4506904296875,32262
2015-04-27,11.34317262968348,11.50444995967908,11.34317262968348,11.4506904296875,27494
2015-04-28,11.4506904296875,11.4506904296875,11.4506904296875,11.4506904296875,0
2015-04-29,11.4506904296875,11.4506904296875,11.4506904296875,11.4506904296875,0
2015-04-30,11.4506904296875,11.4506904296875,11.4506904296875,11.4506904296875,0
2015-05-01,11.4506904296875,11.4506904296875,11.4506904296875,11.4506904296875,0
2015-05-04,11.450689396512685,11.504448921653635,11.020616975322117,11.128134765625,92060
2015-05-05,11.074375240484043,11.181894290765957,10.698062344434437,11.128134765625,20424
2015-05-06,11.2356533203125,11.2356533203125,11.07437599389663,11.2356533203125,51206
2015-05-07,11.235653337401338,11.611967519603756,11.128135539620269,11.3969306640625,22525
2015-05-08,11.289412866281433,11.450690192942591,11.289412866281433,11.3969306640625,17296
2015-05-11,11.074376435023073,11.34317282974258,11.0206181640625,11.0206181640625,19972
2015-05-12,11.020618676251472,11.235654290045977,10.913099609375,10.913099609375,44364
2015-05-13,11.235652526927948,11.235652526927948,10.9130978968728,10.966857421875,37128
2015-05-14,10.966857686040504,11.18189453125,10.966857686040504,11.18189453125,22081
2015-05-15,11.181894480099215,11.181894480099215,10.85933984375,10.85933984375,12501
2015-05-18,10.859340346139126,11.02061767177496,10.698063020503293,10.7518212890625,50462
2015-05-19,10.751820840831003,11.235652797568086,10.751820840831003,11.18189453125,57880
2015-05-20,11.020617969692283,11.4506904296875,11.020617969692283,11.4506904296875,41671
2015-05-21,11.2894130859375,11.450690415736606,11.235653556011416,11.2894130859375,18307
2015-05-22,11.18189506850036,11.396930664062502,11.18189506850036,11.3969306640625,51877
2015-05-25,11.450688682031668,11.55820646562584,11.3431708984375,11.3431708984375,38757
2015-05-26,11.289412849110828,11.450690175526695,11.2356533203125,11.2356533203125,9691
2015-05-27,11.181895051493283,11.289412849110828,11.181895051493283,11.2356533203125,9063
2015-05-28,11.18189453125,11.289412323865225,11.128135004952863,11.18189453125,44658
2015-05-29,11.181893593056774,11.504448203818228,11.181893593056774,11.3431708984375,58104
2015-06-01,11.504449721822686,11.504449721822686,11.343172395161522,11.3969306640625,21370
2015-06-02,11.450690175526695,11.450690175526695,11.181895051493283,11.2356533203125,22539
2015-06-03,11.128135769696303,11.4506904296875,11.128135769696303,11.4506904296875,61593
2015-06-04,11.50444903229324,11.934521457619862,11.450689506635271,11.773244140625,89454
2015-06-05,11.934522695329225,12.042040497816608,11.773245361608558,11.9882822265625,54621
2015-06-08,11.880762241007158,12.579631052823723,11.880762241007158,12.3108359375,24368
2015-06-09,12.310836502492917,13.063463615927812,12.310836502492917,12.8484267578125,39871
2015-06-10,12.84842694174626,12.84842694174626,12.2570771484375,12.2570771484375,67060
2015-06-11,12.525871502508638,12.525871502508638,12.14955859375,12.14955859375,39853
2015-06-12,12.09579908925358,12.3108359375,12.042039562197203,12.3108359375,35244
2015-06-15,12.364594935909729,12.364594935909729,12.0957998046875,12.0957998046875,7572
2015-06-16,12.095800018792614,12.418354685960416,11.8270048828125,11.8270048828125,28654
2015-06-17,11.827004892841837,12.042040497816608,11.827004892841837,11.9882822265625,17846
2015-06-18,11.934522473958332,12.257077135416669,11.934522473958332,12.0957998046875,9978
2015-06-19,12.257077362770554,12.257077362770554,11.9882822265625,11.9882822265625,4578
2015-06-22,11.9882822265625,12.203317831537271,11.934522695329225,11.9882822265625,5942
2015-06-23,11.93452174590287,12.25707638768403,11.93452174590287,12.14955859375,32887
2015-06-24,12.149559097433006,12.149559097433006,11.988281769856368,12.0420400390625,11053
2015-06-25,12.0420400390625,12.149559097433006,12.0420400390625,12.0420400390625,15243
2015-06-26,12.0420400390625,12.310836425009642,11.988281769856368,12.0420400390625,34870
2015-06-29,12.0420400705654,12.3645947265625,12.0420400705654,12.3645947265625,18982
2015-06-30,12.310836678730714,12.36459494904478,12.095799817537008,12.2570771484375,16321
2015-07-01,12.25707689582439,12.418354223401028,12.0420400390625,12.0420400390625,12393
2015-07-02,12.09579906679345,12.310835914640576,12.0420395398369,12.14955859375,18924
2015-07-03,12.20331640625,12.25707593120443,12.09579861632016,12.20331640625,4369
2015-07-06,12.149559080893727,12.203317350026676,11.8807626953125,11.8807626953125,26354
2015-07-07,11.827004605260903,11.934522405133928,11.2894130859375,11.2894130859375,61389
2015-07-08,11.665727098822462,12.042040022669587,11.611967569710393,11.8807626953125,75132
2015-07-09,11.880762875207845,11.880762875207845,11.181895286064474,11.2894130859375,42942
2015-07-10,11.289412323865225,11.558207435392806,11.18189453125,11.18189453125,29298
2015-07-13,11.181894579532516,11.50444921875,11.020617259923773,11.50444921875,43140
2015-07-14,11.504452131742417,11.71948777234961,11.289415231155845,11.6657294921875,29490
2015-07-15,11.6657294921875,11.6657294921875,11.558210411904524,11.6657294921875,40909
2015-07-16,11.450688682031668,11.450688682031668,11.235651854864384,11.3431708984375,28024
2015-07-17,11.34317261586358,11.450690415736606,11.235653556011416,11.2894130859375,19081
2015-07-20,11.450690415736606,11.450690415736606,11.128135756138391,11.2894130859375,8644
2015-07-21,11.343172395161522,11.450690192942591,11.289412866281433,11.3969306640625,8144
2015-07-22,11.396931153269318,11.88076315402102,11.396931153269318,11.8270048828125,25096
2015-07-23,12.095800018792614,12.095800018792614,11.8270048828125,11.8270048828125,37117
2015-07-24,11.827003511506057,12.20331640625,11.827003511506057,12.20331640625,45244
2015-07-27,12.3108369422542,12.7946689453125,12.257077410810222,12.7946689453125,63531
2015-07-28,12.794669690826415,12.794669690826415,12.525873277923584,12.5796328125,28152
2015-07-29,12.525873277923584,12.74091015625,12.525873277923584,12.5796328125,51178
2015-07-30,12.525872279945274,12.525872279945274,12.2570771484375,12.2570771484375,10100
2015-07-31,12.203316565951624,12.257076091609589,11.773244140625,11.773244140625,40930
2015-08-03,11.773244897067482,11.934522224424567,11.665727098822462,11.8807626953125,66507
2015-08-04,11.880763164095944,12.095800029049888,11.880763164095944,11.9882822265625,25425
2015-08-05,11.988281816294052,12.5258720703125,11.988281816294052,12.5258720703125,44685
2015-08-06,12.36459372113427,12.47211277104313,12.20331640625,12.20331640625,19126
2015-08-07,11.934522240671116,12.25707689582439,11.934522240671116,12.0420400390625,2455
2015-08-10,12.0420400705654,12.3645947265625,11.988281801218632,12.3645947265625,14468
2015-08-11,12.310835644866325,12.36459391066577,11.934521484375,11.934521484375,17812
2015-08-12,12.149559097433006,12.149559097433006,11.934522240671116,12.0420400390625,31754
2015-08-13,11.8270048828125,11.8270048828125,11.77324535162481,11.8270048828125,214800
2015-08-14,11.773244167018582,11.934521484375,11.773244167018582,11.934521484375,27403
2015-08-17,11.988280983277829,11.988280983277829,11.773244140625,11.773244140625,50124
2015-08-18,11.82700395196884,12.14955859375,11.773244425012292,12.14955859375,207156
2015-08-19,12.149558141274593,12.310835456158864,11.934521301435897,12.20331640625,130224
2015-08-20,11.988281295119904,12.3108359375,11.719484919817113,12.3108359375,298308
2015-08-21,11.827004892841837,12.257077362770554,11.66572755912117,11.9882822265625,141816
2015-08-24,11.665726538358744,11.665726538358744,11.450689692220736,11.50444921875,180168
2015-08-25,10.805581350121402,12.203317821188824,10.805581350121402,11.8270048828125,85584
2015-08-26,11.827004892841837,11.9882822265625,11.558208496654611,11.9882822265625,16260
2015-08-27,11.9882822265625,12.042040497816608,11.827004892841837,11.9882822265625,84144
2015-08-28,11.9882822163964,11.9882822163964,11.8270048828125,11.8270048828125,47436
2015-08-31,11.934522695329225,11.9882822265625,11.827004892841837,11.9882822265625,167772
2015-09-01,12.149559097433006,12.149559097433006,11.934522240671116,12.0420400390625,40032
2015-09-02,12.0420400390625,12.0420400390625,12.0420400390625,12.0420400390625,0
2015-09-03,12.0420400390625,12.0420400390625,11.988281769856368,12.0420400390625,54060
2015-09-04,12.095800018792614,12.095800018792614,11.8270048828125,11.8270048828125,32868
2015-09-07,11.289413350873104,11.9882822163964,11.289413350873104,11.8270048828125,59040
2015-09-08,11.719485612993063,12.0957998046875,11.719485612993063,12.0957998046875,45672
2015-09-09,12.095800018792614,12.095800018792614,11.8270048828125,11.8270048828125,9024
2015-09-10,11.719485383909229,12.0420400390625,11.719485383909229,12.0420400390625,38268
2015-09-11,11.827004892841837,12.042040497816608,11.827004892841837,11.9882822265625,26148
2015-09-14,11.773244167018582,11.934521484375,11.773244167018582,11.934521484375,1680
2015-09-15,11.93452467293618,11.93452467293618,11.611969952046012,11.6657294921875,22500
2015-09-16,11.71948536795541,11.8807626953125,11.71948536795541,11.8807626953125,15312
2015-09-17,11.8270048828125,11.8270048828125,11.8270048828125,11.8270048828125,12
2015-09-18,11.98828175353664,11.98828175353664,11.665727098822462,11.8807626953125,49428
2015-09-21,11.880762678693998,11.880762678693998,11.665727082504748,11.7194853515625,35688
2015-09-22,11.773244897067482,11.8807626953125,11.71948536795541,11.8807626953125,31392
2015-09-23,11.827004409636244,11.988281736767744,11.7194853515625,11.7194853515625,68064
2015-09-24,11.665727098822462,11.8807626953125,11.665727098822462,11.8807626953125,71388
2015-09-25,11.988281010153488,12.042039275952932,11.773244167018582,11.934521484375,44760
2015-09-28,11.934522695329225,11.9882822265625,11.934522695329225,11.9882822265625,84228
2015-09-29,11.880763164095944,11.9882822265625,11.773245361608558,11.9882822265625,40308
2015-09-30,11.9882822163964,11.9882822163964,11.8270048828125,11.8270048828125,9624
2015-10-01,11.8270048828125,11.8270048828125,11.71948582043712,11.8270048828125,13056
2015-10-02,11.8270048828125,11.8270048828125,11.8270048828125,11.8270048828125,0
2015-10-05,11.827004442279732,12.0420400390625,11.827004442279732,12.0420400390625,108528
2015-10-06,11.880763164095944,12.042040497816608,11.880763164095944,11.9882822265625,81876
2015-10-07,11.988281010153488,12.042039275952932,11.934521484375,11.934521484375,30804
2015-10-08,11.93452228690056,12.5258720703125,11.93452228690056,12.5258720703125,366072
2015-10-09,12.525872329844187,12.955946053944874,12.525872329844187,12.9021865234375,296292
2015-10-12,13.0634638790968,13.27850074154412,12.9021865472561,13.2247412109375,168408
2015-10-13,13.170981913446264,13.33225924814144,12.364595239970388,13.2785009765625,169464
2015-10-14,13.00970434849018,13.3860185427782,12.84842701664948,13.2247412109375,81396
2015-10-15,13.117223409703415,13.27850074154412,12.955946077862716,13.2247412109375,173160
2015-10-16,13.332259996673583,13.70857421875,13.332259996673583,13.70857421875,155880
2015-10-19,13.869851333228706,14.03112867431276,13.70857399214465,13.977369140625,58692
2015-10-20,13.977367601950894,13.977367601950894,13.547295159730265,13.6010546875,52236
2015-10-21,13.654811799907684,13.923608156033447,13.654811799907684,13.8698486328125,128232
2015-10-22,13.977367622689831,13.977367622689831,13.708572503400497,13.76233203125,48588
2015-10-23,13.977369140625,14.138646481709054,13.70857399214465,13.977369140625,84456
2015-10-26,14.461201402923583,14.461201402923583,13.977369371673584,14.19240625,89208
2015-10-27,14.192404534422035,14.246164062500002,14.084886738245205,14.2461640625,237444
2015-10-28,14.246164042781569,14.353681838809582,14.084886718749996,14.08488671875,40836
2015-10-29,14.031125942496368,14.031125942496368,13.708571323128634,13.8698486328125,25836
2015-10-30,13.708571323128634,13.8698486328125,13.43977622698185,13.8698486328125,153816
2015-11-02,13.816092027923585,13.8698515625,13.70857421875,13.70857421875,114696
2015-11-03,13.708572503400497,13.76233203125,13.439777384111164,13.76233203125,19836
2015-11-04,13.76233203125,13.76233203125,13.439777384111164,13.76233203125,23772
2015-11-05,13.762332089735612,14.407441386754796,13.762332089735612,14.2461640625,291540
2015-11-06,14.246164081776977,14.40744140625,14.246164081776977,14.40744140625,165780
2015-11-09,14.40744140625,14.568718730723026,14.40744140625,14.40744140625,97692
2015-11-10,14.407440014071565,14.6224755859375,14.353680491115592,14.6224755859375,95832
2015-11-11,14.622477762877317,14.729996824796292,14.514959960937498,14.5149599609375,61044
2015-11-12,14.51495824881924,14.622476038076748,14.51495824881924,14.5687177734375,107232
2015-11-13,14.729996183131126,15.5363828125,14.514959328639724,15.5363828125,166596
2015-11-16,15.052552503326416,15.8051796875,15.052552503326416,15.8051796875,70464
2015-11-17,15.590142076295535,15.858938476562502,15.590142076295535,15.8589384765625,77400
2015-11-18,15.7514179461551,15.858937000244548,15.482622830889625,15.590140625,50568
2015-11-19,15.590142809173583,16.28901171875,15.536384534576417,16.127734375,70164
2015-11-20,15.912696301179,16.235250964446003,15.8589380306206,16.0739736328125,1020
2015-11-23,16.073972791355654,16.073972791355654,15.321345703125,15.321345703125,10404
2015-11-24,15.321346444386732,15.321346444386732,14.51495978941901,15.2675869140625,63408
2015-11-25,14.67623731530231,15.052551512610808,14.622477784264191,14.8375146484375,33432
2015-11-26,14.5687177734375,14.72999508731327,14.51495824881924,14.5687177734375,36612
2015-11-27,14.246165549084576,14.461201163877163,13.977369140625,13.977369140625,31392
2015-11-30,13.493536617937169,13.9236103515625,13.493536617937169,13.9236103515625,102192
2015-12-01,14.084888440826417,14.891275159576416,14.084888440826417,14.35368359375,42768
2015-12-02,14.783754165300431,15.052550543200914,14.729995897703605,14.998791015625,42312
2015-12-03,14.94503245053457,14.94503245053457,14.51495998216712,14.8375146484375,4308
2015-12-04,14.729997815826415,14.729997815826415,14.5149609375,14.67623828125,90960
2015-12-07,14.729994631849442,14.729994631849442,14.407440014071565,14.6224755859375,60084
2015-12-08,14.62247994546992,14.783757302441938,14.4612025884979,14.7299990234375,35292
2015-12-09,14.729996824796292,14.729996824796292,14.514959960937498,14.5149599609375,25920
2015-12-10,14.51495824881924,14.5687177734375,14.353680934943467,14.5687177734375,206652
2015-12-11,14.5687177734375,14.622476038076748,14.5687177734375,14.5687177734375,85056
2015-12-14,14.622476125138787,15.160067594585168,14.622476125138787,15.0525498046875,14340
2015-12-15,15.052550543200914,15.052550543200914,14.514959047379032,14.998791015625,11964
2015-12-16,15.2138279076575,15.375105230848291,15.052550584466712,15.321345703125,163008
2015-12-17,15.482624002659572,15.482624002659572,15.160069335937498,15.1600693359375,93648
2015-12-18,14.676235650077132,15.160067594585168,14.676235650077132,15.0525498046875,89868
2015-12-21,15.1063085460953,15.1063085460953,14.622476586327348,14.78375390625,26892
2015-12-22,14.622476586327348,14.78375390625,14.622476586327348,14.78375390625,32004
2015-12-23,14.78375392982022,14.94503125,14.676236136360052,14.94503125,66732
2015-12-24,15.052551512610808,15.052551512610808,14.67623731530231,14.8375146484375,1560
2015-12-25,14.299921495466762,15.0525498046875,14.299921495466762,15.0525498046875,97308
2015-12-28,14.8912744140625,14.8912744140625,14.783755350292482,14.8912744140625,828
2015-12-29,14.51495969774714,14.51495969774714,14.1386455078125,14.1386455078125,90240
2015-12-30,14.031127962239582,14.78375509577662,14.031127962239582,14.5149599609375,17832
2015-12-31,14.40744140625,14.514959202572316,14.40744140625,14.40744140625,3240
2016-01-04,14.084887264640084,14.56871925548674,14.084887264640084,14.4612001953125,45360
2016-01-05,14.46119827704856,14.6224755859375,14.084885396293684,14.6224755859375,49248
2016-01-06,14.40744140625,14.40744140625,14.40744140625,14.40744140625,2040
2016-01-07,14.299922349948584,14.568718730723026,14.299922349948584,14.40744140625,9180
2016-01-08,14.35368359375,14.35368359375,14.246165784576414,14.35368359375,2412
2016-01-11,14.138645006344074,14.246164062500002,14.138645006344074,14.2461640625,11304
2016-01-12,14.246165071359131,14.8912744140625,14.138646007589111,14.8912744140625,64284
2016-01-13,14.891272959517808,14.891272959517808,14.461199266404698,14.78375390625,324
2016-01-14,14.78375509577662,14.78375509577662,14.514959960937498,14.5149599609375,63060
2016-01-15,14.29992233059887,14.29992233059887,14.2461640625,14.2461640625,2844
2016-01-18,13.923610127997124,14.246164793047411,13.923610127997124,14.0311279296875,8892
2016-01-19,13.063464627808433,13.977369140625,13.063464627808433,13.977369140625,339636
2016-01-20,13.97736862328128,14.138645958395983,13.9236103515625,13.9236103515625,13884
2016-01-21,13.923610866916468,14.246165549084576,13.816091799540946,13.977369140625,83772
2016-01-22,13.977367162003809,14.246163532412858,13.81608984375,13.81608984375,73668
2016-01-25,13.49353520724238,14.246163532412858,13.49353520724238,13.81608984375,73692
2016-01-26,13.816089817952674,13.816089817952674,13.547294708024566,13.6548125,18588
2016-01-27,14.03112890625,14.03112890625,13.70857421875,13.70857421875,2280
2016-01-28,13.762333517675255,13.762333517675255,13.493537109375,13.493537109375,73488
2016-01-29,13.86984936982762,13.86984936982762,13.170980570734764,13.81608984375,1200
2016-02-01,13.816091799540946,13.977369140625,13.439778843664302,13.977369140625,47820
2016-02-02,13.97736859633916,13.97736859633916,13.4397783203125,13.4397783203125,11664
2016-02-03,13.386019296429186,13.43977883006254,13.170982421875,13.170982421875,15636
2016-02-04,13.547295159730265,13.6010546875,13.547295159730265,13.6010546875,39612
2016-02-05,13.60105444870086,13.60105444870086,13.547294921875,13.547294921875,6600
2016-02-15,13.9236103515625,13.9236103515625,13.9236103515625,13.9236103515625,12
2016-02-16,13.22474126706178,14.0311279296875,13.22474126706178,14.0311279296875,86820
2016-02-17,14.246164594922304,14.4612001953125,13.977368204465844,14.4612001953125,71604
2016-02-18,14.461201402923583,14.461201402923583,14.138646715423585,14.19240625,16344
2016-02-19,14.192404553626268,14.40744140625,14.084886757303948,14.40744140625,31104
2016-02-22,14.246165784576414,14.407443128326417,14.246165784576414,14.35368359375,25572
2016-02-23,14.246165784576414,14.246165784576414,14.19240625,14.19240625,19728
2016-02-24,14.192404514778012,14.407441366813137,14.084886718749996,14.08488671875,26328
2016-02-25,14.084888208000525,14.246165549084576,13.977369140625,13.977369140625,20424
2016-02-26,14.084886738245205,14.407441386754796,14.084886738245205,14.2461640625,383904
2016-02-29,14.83751385151837,14.83751385151837,14.353681878099293,14.40744140625,52908
2016-03-01,14.514960697564923,14.514960697564923,13.977369140625,13.977369140625,38412
2016-03-02,13.97736766274289,14.246164042781569,13.97736766274289,14.08488671875,44664
2016-03-03,14.2999228515625,14.2999228515625,14.084887251374829,14.2999228515625,80208
2016-03-04,14.246164081776977,14.622476998894635,14.03112722915324,14.40744140625,81972
2016-03-07,14.783754303363258,15.052550683773982,14.2461640625,14.2461640625,307392
2016-03-08,14.783754323367662,14.783754323367662,14.299922349948584,14.40744140625,64608
2016-03-09,14.40744191163548,14.40744191163548,14.2999228515625,14.2999228515625,25500
2016-03-10,14.1386457641794,14.5149599609375,14.1386457641794,14.5149599609375,86508
2016-03-11,14.407441386754796,14.514959182931628,14.2461640625,14.2461640625,369516
2016-03-14,14.084886718749996,14.192404514778012,14.084886718749996,14.08488671875,89580
2016-03-15,14.031128154979244,14.192405490093948,13.869850819864538,13.9236103515625,47856
2016-03-16,13.708573484749834,13.9236103515625,13.708573484749834,13.9236103515625,30732
2016-03-17,13.97736766274289,14.246164042781569,13.869849866714876,14.08488671875,47940
2016-03-18,14.192403252180233,14.192403252180233,13.81608910959155,13.8698486328125,27396
2016-03-21,13.869849562872025,13.977367356544676,13.547294921875,13.547294921875,113076
2016-03-22,13.547296643030895,13.547296643030895,13.386019302042437,13.493537109375,90444
2016-03-23,13.3860166015625,13.49353438720455,13.3860166015625,13.3860166015625,176592
2016-03-24,13.439776864038391,13.708571972926286,13.3322578125,13.3322578125,178860
2016-03-25,13.332257078751988,13.3860166015625,13.332257078751988,13.3860166015625,30744
2016-03-28,13.332258074550628,13.547294921875,13.332258074550628,13.547294921875,75252
2016-03-29,13.439779065826414,13.762333753326416,13.439779065826414,13.70857421875,110352
2016-03-30,13.70857399214465,14.246165549084576,13.547296651060597,13.977369140625,148956
2016-03-31,14.084885465717315,14.084885465717315,13.81608910959155,13.8698486328125,118896
2016-04-01,13.70857398401936,13.869851325007824,13.493537109375,13.493537109375,33900
2016-04-04,13.601056170983371,13.601056170983371,13.170982421875,13.170982421875,150204
2016-04-05,12.84842701664948,13.2247412109375,12.84842701664948,13.2247412109375,91632
2016-04-06,13.601054234001808,13.70857202597724,13.22474007211922,13.6548125,53484
2016-04-07,13.65481252549619,13.81608984375,13.60105425939762,13.81608984375,117372
2016-04-08,13.81608984375,13.81608984375,13.60105425939762,13.81608984375,54204
2016-04-11,13.816089817952674,13.869849343929914,13.547294708024566,13.6548125,117000
2016-04-12,13.278500040839756,13.708572483060385,13.278500040839756,13.6010546875,20760
2016-04-13,13.708572503400497,13.76233203125,13.654812975550996,13.76233203125,114012
2016-04-14,13.81608910959155,13.8698486328125,13.762330846349585,13.8698486328125,65232
2016-04-15,13.869849513347996,14.837513432883902,13.869849513347996,14.78375390625,211260
2016-04-19,14.783753351952516,14.783753351952516,14.51495824881924,14.5687177734375,40176
2016-04-20,14.568719227731842,14.568719227731842,14.1386455078125,14.1386455078125,34104
2016-04-21,13.493537117372837,14.03112867431276,13.493537117372837,13.977369140625,20196
2016-04-22,13.76233279547198,14.138645731377876,13.708573264637211,14.0311279296875,35760
2016-04-25,14.031127210167242,14.29992233059887,14.031127210167242,14.2461640625,25440
2016-04-26,14.084887237806935,14.192405037797204,14.084887237806935,14.1386455078125,64524
2016-04-27,14.246164826098376,14.5149599609375,14.1386457641794,14.5149599609375,82800
2016-04-28,13.816093160609826,14.891276380409517,13.816093160609826,14.7299990234375,94944
2016-04-29,14.622476586327348,14.94503122617265,14.5149587930386,14.78375390625,73728
2016-05-04,14.729995639595156,14.891272959517808,14.5149587930386,14.78375390625,82896
2016-05-05,14.94503125,14.998790776719614,14.837513456539831,14.94503125,135000
2016-05-06,15.052551533689863,15.1600693359375,14.998792002576462,15.1600693359375,67164
2016-05-09,15.160069335937498,15.321346669298537,14.676237335854388,15.1600693359375,21012
2016-05-10,15.052551533689863,15.1600693359375,14.783755138102023,15.1600693359375,13872
2016-05-11,14.94503152902013,15.321345703125,14.94503152902013,15.321345703125,41628
2016-05-12,15.052550584466712,15.321345703125,15.052550584466712,15.321345703125,1932
2016-05-13,15.106308852210915,15.321345703125,15.052550584466712,15.321345703125,44040
2016-05-16,15.213827715624143,15.590140625,15.16006818857942,15.590140625,45168
2016-05-17,15.590140625,15.590140625,15.590140625,15.590140625,120
2016-05-18,15.590141835966994,15.6439013671875,15.590141835966994,15.6439013671875,93168
2016-05-19,15.590140625,15.590140625,15.590140625,15.590140625,1500
2016-05-20,15.321344909421182,15.321344909421182,15.0525498046875,15.0525498046875,8952
2016-05-23,15.0525498046875,15.0525498046875,14.7837534399748,15.0525498046875,14412
2016-05-24,14.783756314940748,15.213830078125,14.783756314940748,15.213830078125,17604
2016-05-25,15.052550834878677,15.59014108113852,15.052550834878677,15.5363828125,35112
2016-05-26,15.5363828125,15.643900609756146,15.5363828125,15.5363828125,19836
2016-05-27,15.5363828125,15.5363828125,15.5363828125,15.5363828125,3960
2016-05-30,15.751420152923584,15.8051796875,15.697661878326414,15.8051796875,36324
2016-05-31,15.75141941246404,15.858938476562502,15.643901608344768,15.8589384765625,43176
2016-06-01,15.85893728210372,15.966455078125,15.805177754103534,15.966455078125,34524
2016-06-02,15.858938476562502,15.858938476562502,15.643901608344768,15.8589384765625,44520
2016-06-03,15.751418226103349,15.966455078125,15.751418226103349,15.966455078125,86712
2016-06-06,15.966454817258288,15.966454817258288,15.697659701607234,15.75141796875,55224
2016-06-07,16.127732138644735,16.127732138644735,15.75141796875,15.75141796875,29520
2016-06-08,15.858938476562502,16.020215812731003,15.75141941246404,15.8589384765625,23292
2016-06-09,15.858938476562502,15.858938476562502,15.8589384765625,15.8589384765625,7692
2016-06-10,15.85893702299368,15.85893702299368,15.590140647363553,15.75141796875,22764
2016-06-13,15.052552503326416,15.8051796875,15.052552503326416,15.8051796875,7452
2016-06-14,15.805178669381649,15.805178669381649,15.160069335937498,15.1600693359375,7572
2016-06-15,15.5363828125,15.5363828125,15.482623283882372,15.5363828125,7104
2016-06-16,15.590140505863255,15.590140505863255,14.78375390625,14.78375390625,66972
2016-06-17,14.7837534399748,15.0525498046875,14.461198810302774,15.0525498046875,19728
2016-06-20,15.106306640625,15.321343460057369,14.94502934104545,15.106306640625,44820
2016-06-21,15.106309825097004,15.536383554623049,15.052551553890623,15.4826240234375,26880
2016-06-22,15.48262424927272,15.48262424927272,15.213829109382576,15.3751064453125,2388
2016-06-23,15.536383318549856,15.536383318549856,15.052551325169196,15.4288642578125,18840
2016-06-24,15.751418509378423,16.504046875,14.89127360578108,16.504046875,207048
2016-06-27,16.93412086196559,17.632989761976294,15.80517947116788,16.880361328125,76644
2016-06-28,15.966455831716551,16.665324688788107,15.966455831716551,16.0739736328125,94344
2016-06-29,15.751418226103349,16.020214606125183,15.590140902081885,15.966455078125,134184
2016-06-30,15.966457266254888,15.966457266254888,15.697662109375,15.697662109375,51396
2016-07-01,15.751420152923584,16.28901171875,15.590142809173583,16.127734375,54276
2016-07-04,16.127732532429246,17.256673809699294,16.07397300399478,17.095396484375,108996
2016-07-05,17.579228460347878,17.579228460347878,16.772841833726417,17.095396484375,68976
2016-07-06,17.095398216194425,18.11682180004817,16.934120874532216,17.848025390625,155868
2016-07-07,17.848022184583964,19.084482421875,17.202912933816123,19.084482421875,220980
2016-07-08,19.084486097076415,20.213427503326415,19.084486097076415,19.35328125,201348
2016-07-11,19.138244371673583,19.944631090423584,18.86944921875,19.35328125,102480
2016-07-12,19.138244371673583,19.35328125,19.138244371673583,19.35328125,172860
2016-07-13,19.353279442572894,19.353279442572894,18.439375,18.439375,49488
2016-07-14,18.278099378326417,18.278099378326417,17.7405078125,18.0630625,121572
2016-07-15,17.740505996892324,17.794265525966853,16.8266015625,16.8266015625,231840
2016-07-18,16.55780523967509,17.4717109375,15.697660331106984,17.4717109375,103248
2016-07-19,17.74050547231396,17.74050547231396,16.5578046875,16.5578046875,38352
2016-07-20,16.557804769406513,17.417950913524194,15.966455004063844,17.2029140625,44256
2016-07-21,17.202914519198895,17.31043357755492,16.665324267335226,17.14915625,85920
2016-07-22,17.149154016223143,17.149154016223143,16.127730654761905,16.9341171875,60372
2016-07-25,16.9341171875,16.9341171875,16.9341171875,16.9341171875,9720
2016-07-26,16.396525470444267,16.826599120671197,16.396525470444267,16.719080078125,2412
2016-07-27,16.719080078125,16.719080078125,16.719080078125,16.719080078125,0
2016-07-28,16.39652736502442,16.5578046875,16.39652736502442,16.5578046875,2064
2016-07-29,16.504045871806195,16.5578041375264,16.3427685546875,16.3427685546875,106920
2016-08-01,15.858939455498785,15.912697730887205,15.213830071003638,15.697662109375,313800
2016-08-02,15.69765987722987,15.69765987722987,15.052550584466712,15.321345703125,214380
2016-08-03,15.106309583068956,15.375105974710962,15.052551312723876,15.2675869140625,77520
2016-08-04,15.375105188698226,15.375105188698226,14.998791015625,14.998791015625,127476
2016-08-05,15.052550683773982,15.052550683773982,14.2461640625,14.2461640625,103536
2016-08-08,14.5149587930386,14.837513432883902,14.407440999749856,14.78375390625,66876
2016-08-09,14.783754165300431,15.052550543200914,14.783754165300431,14.998791015625,50004
2016-08-10,14.998788860898266,15.321343460057369,14.998788860898266,15.106306640625,97620
2016-08-11,14.837514451406095,15.321346444386732,14.837514451406095,15.2675869140625,18552
2016-08-12,15.536382239208413,15.536382239208413,14.78375390625,14.78375390625,25656
2016-08-15,15.052550834878677,15.697660138373775,15.052550834878677,15.5363828125,387612
2016-08-16,15.751418407012295,15.751418407012295,15.482623283882372,15.5363828125,78036
2016-08-17,15.536383554623049,15.590141825829424,15.375106221045574,15.4826240234375,59820
2016-08-18,15.590140821783288,15.590140821783288,15.2138279076575,15.321345703125,141000
2016-08-19,15.321343460057369,15.321343460057369,14.94502934104545,15.106306640625,44712
2016-08-22,15.26758394020455,15.26758394020455,15.052548380751084,15.106306640625,80520
2016-08-23,15.213825680330636,15.590138539363654,15.106306640625,15.106306640625,148500
2016-08-24,15.375102979910189,15.375102979910189,15.052548380751084,15.106306640625,39144
2016-08-25,15.106308810797742,15.106308810797742,14.945031488049086,14.998791015625,79308
2016-08-26,14.8375146484375,15.052551512610808,14.783755117399382,14.8375146484375,75876
2016-08-29,14.891272401189038,14.945030665828286,14.5687177734375,14.5687177734375,63984
2016-08-30,14.5687177734375,14.837512876570775,14.5687177734375,14.5687177734375,259752
2016-08-31,14.568720472076414,14.891275159576416,14.568720472076414,14.67623828125,35148
2016-09-01,14.729994631849442,14.729994631849442,14.514957800004533,14.6224755859375,28536
2016-09-05,14.78375289482644,14.78375289482644,14.46119827704856,14.6224755859375,48660
2016-09-06,14.568718319672506,14.78375390625,14.5149587930386,14.78375390625,67884
2016-09-07,14.676236410361842,15.321345703125,14.676236410361842,15.321345703125,260124
2016-09-08,15.375102979910189,15.375102979910189,15.052548380751084,15.106306640625,195324
2016-09-09,15.106306640625,15.321343460057369,14.94502934104545,15.106306640625,492276
2016-09-12,14.94503075481081,15.106308069646824,14.676235650077132,15.0525498046875,158388
2016-09-13,15.052551512610808,15.052551512610808,14.783755117399382,14.8375146484375,184320
2016-09-14,14.837512876570775,14.945030665828286,14.5687177734375,14.5687177734375,92100
2016-09-15,14.568719742710815,14.998792217853332,14.514960210825803,14.8912744140625,124944
2016-09-16,14.8912741576956,14.8912741576956,14.461200429978009,14.5149599609375,38340
2016-09-19,14.837513432883902,14.837513432883902,14.5149587930386,14.78375390625,52620
2016-09-20,14.783757302441938,14.837516841425728,14.514962127481692,14.7299990234375,19128
2016-09-21,14.514959960937498,14.568719491896989,14.461200429978009,14.5149599609375,76416
2016-09-22,14.676236112961252,14.891272959517808,14.676236112961252,14.78375390625,33732
2016-09-23,14.568719742710815,14.945032685968323,14.568719742710815,14.8912744140625,23472
2016-09-26,14.622476125138787,15.0525498046875,14.622476125138787,15.0525498046875,132216
2016-09-27,15.106309804824097,15.1600693359375,14.94503247146306,15.1600693359375,217848
2016-09-28,15.106310045443168,15.48262424927272,15.106310045443168,15.3751064453125,179988
2016-09-29,15.375105974710962,15.61702197120128,15.2675869140625,15.2675869140625,233220
2016-09-30,15.106308069646824,15.213827119523511,14.94503075481081,15.0525498046875,219900
2016-10-03,15.213828097174709,15.213828097174709,14.837513918382127,14.971912109375,46716
2016-10-04,14.837513456539831,15.05255030343923,14.729995663079668,14.94503125,190104
2016-10-05,14.810636712626804,15.482625235130708,14.810636712626804,15.213830078125,292380
2016-10-06,15.2138279076575,15.428863498592497,15.106308852210915,15.321345703125,521520
2016-10-07,15.42886450228465,15.751419169649342,15.42886450228465,15.6439013671875,467292
2016-10-10,15.697661140394,15.966456280681774,15.643901608344768,15.8589384765625,413736
2016-10-11,15.8051796875,15.8051796875,15.375107190826414,15.401986328125,405996
2016-10-12,15.697661117172348,15.697661117172348,14.56871976566288,15.3751064453125,368436
2016-10-13,14.891272401189038,15.321344818198083,14.5687177734375,14.5687177734375,304548
2016-10-14,14.676235562695007,15.052549715064808,14.5687177734375,14.5687177734375,158376
2016-10-17,14.568720472076414,14.729997815826415,13.70857421875,13.70857421875,337236
2016-10-18,13.708572930294617,13.816090729362708,12.767788093516648,12.8484267578125,734676
2016-10-19,12.902187282968056,13.735453125,12.902187282968056,13.735453125,198708
2016-10-20,14.514959202572316,14.622476998894635,14.380561012185098,14.40744140625,337188
2016-10-21,14.407442125572556,14.407442125572556,14.0311279296875,14.0311279296875,236088
2016-10-24,14.031127657986625,14.084887187780383,13.493536139986428,13.5741748046875,246852
2016-10-25,13.49353438720455,13.547293910015062,12.95594419901533,13.3860166015625,412848
2016-10-26,13.482784589659492,13.902105641491008,13.482784589659492,13.6763173828125,92240
2016-10-27,13.676316162109377,13.740827087402344,13.4182724609375,13.4182724609375,76790
2016-10-28,13.224739685058594,13.547294311523435,12.90218505859375,13.4182724609375,133380
2016-10-31,13.418273330479453,14.1278935546875,13.418273330479453,14.1278935546875,224390
2016-11-01,14.16014913236178,15.0955576171875,13.869849947415863,15.0955576171875,306450
2016-11-02,15.482623755530971,15.482623755530971,14.579470703125,14.579470703125,259110
2016-11-03,14.51495980828426,15.095558200615631,14.51495980828426,15.063302734375,173080
2016-11-04,15.063302914826767,15.063302914826767,14.643981848675272,14.8375146484375,79180
2016-11-07,14.83751325027533,14.83751325027533,14.51495861439978,14.64398046875,106590
2016-11-08,14.514959770810286,14.579470703125,14.385937906180864,14.579470703125,122490
2016-11-09,14.579473070682845,14.579473070682845,14.289173828125,14.289173828125,130310
2016-11-10,14.837515625,14.837515625,14.19240625,14.19240625,226040
2016-11-11,14.19240397852423,14.64398046875,14.19240397852423,14.64398046875,25830
2016-11-14,14.643981031145367,14.643981031145367,14.224659988403324,14.4504482421875,193920
2016-11-15,14.450448838495577,14.643981635439712,14.353682440023505,14.579470703125,65380
2016-11-16,14.6439822291324,14.740748631527548,14.514960359272203,14.7084931640625,27690
2016-11-17,14.5149609375,14.7730046875,14.450449999999998,14.67623828125,19800
2016-11-18,14.740746460230408,14.966534699227372,14.579469146661149,14.611724609375,24200
2016-11-21,14.611725005162445,14.64398046875,14.611725005162445,14.64398046875,30480
2016-11-22,14.773002557663691,15.095557198660714,14.676236165364582,14.9020244140625,57050
2016-11-23,14.837513485863097,14.934279878162204,14.805258021763391,14.9020244140625,90440
2016-11-24,14.90202536469856,14.90202536469856,14.547215236967643,14.579470703125,58260
2016-11-25,14.514959770810286,14.611726169282356,14.450448838495577,14.579470703125,57220
2016-11-28,14.514959744414591,14.514959744414591,14.1924050834276,14.256916015625,59650
2016-11-29,14.19240704571759,14.19240704571759,13.869852340133102,13.93436328125,64920
2016-11-30,13.86985098462586,14.192405658686926,13.86985098462586,14.0633837890625,67780
2016-12-01,13.99887169574058,14.192404484160958,13.99887169574058,14.1278935546875,69200
2016-12-02,14.192405858485191,14.256916794205582,14.127894922764806,14.160150390625,28650
2016-12-05,14.321427729925968,14.450449601366742,14.160150390625,14.160150390625,58420
2016-12-06,14.160149398311493,14.19240486391129,13.9988720703125,13.9988720703125,66350
2016-12-07,13.934362115603644,14.160150390625,13.869851179883256,14.160150390625,27340
2016-12-08,13.998872854250289,14.16015019128082,13.998872854250289,14.0633837890625,49010
2016-12-09,14.0633837890625,14.0633837890625,14.0633837890625,14.0633837890625,60860
2016-12-12,13.96661738684418,14.0633837890625,13.740829115001434,14.0633837890625,107180
2016-12-13,13.740828891297848,13.934361692583732,13.41827422248804,13.48278515625,210650
2016-12-14,13.41827422248804,13.48278515625,13.41827422248804,13.48278515625,113240
2016-12-15,13.547294736744668,13.676316591380331,13.547294736744668,13.6118056640625,18910
2016-12-16,13.805339244914505,13.805339244914505,13.482784589659492,13.6763173828125,22610
2016-12-19,13.482783993675596,13.67631677827381,13.41827306547619,13.547294921875,14040
2016-12-20,13.41827422248804,13.676317957535884,13.289252354964114,13.48278515625,89970
2016-12-21,13.224740609605911,13.482784328817734,12.902185960591131,13.09571875,245800
2016-12-22,13.095718563304228,13.418273207720588,13.095718563304228,13.1602294921875,61040
2016-12-23,13.224739685058594,13.4182724609375,13.160228759765625,13.4182724609375,55910
2016-12-26,13.4182724609375,13.4182724609375,13.4182724609375,13.4182724609375,40050
2016-12-27,13.418274009146344,13.418274009146344,13.09571934546494,13.2247412109375,150740
2016-12-28,13.2247412109375,13.418274009146344,13.09571934546494,13.2247412109375,67600
2016-12-29,13.095717834472657,13.450527923583984,13.095717834472657,13.4182724609375,27280
2016-12-30,13.28925214367378,13.418274009146344,13.2247412109375,13.2247412109375,22880
2017-01-03,13.353762278837316,13.418273207720588,13.095718563304228,13.1602294921875,39970
2017-01-04,13.160229679802956,13.224740609605911,13.09571875,13.09571875,35820
2017-01-05,13.031207634420957,13.1602294921875,13.031207634420957,13.1602294921875,63230
2017-01-06,13.095718563304228,13.224740421070772,13.031207634420957,13.1602294921875,33740
2017-01-09,13.16023027820122,13.418274009146344,13.16023027820122,13.2247412109375,51610
2017-01-10,13.2247412109375,13.2247412109375,13.16023027820122,13.2247412109375,61670
2017-01-11,13.224740800007735,13.224740800007735,13.0312080078125,13.0312080078125,57600
2017-01-12,13.386018126837095,13.386018126837095,12.998952542446627,13.0312080078125,68250
2017-01-13,13.321506792319324,13.321506792319324,12.9989521484375,12.9989521484375,56540
2017-01-16,13.031208388671876,13.031208388671876,12.9021865234375,12.9021865234375,20780
2017-01-17,13.095719321289062,13.095719321289062,12.837675590820313,12.9021865234375,19260
2017-01-18,13.031207612825682,13.160229470378413,12.902185755272953,12.9989521484375,21980
2017-01-19,13.160229869275993,13.160229869275993,12.998952542446627,13.0312080078125,16500
2017-01-20,13.031207820197045,13.09571875,12.93444142549261,13.09571875,37380
2017-01-23,13.095718938544245,13.095718938544245,12.902186146349012,13.0312080078125,22220
2017-01-24,13.0312080078125,13.0312080078125,12.77316428488552,13.0312080078125,23420
2017-01-25,12.998952922363282,12.998952922363282,12.837675590820313,12.9021865234375,30280
2017-01-26,12.9021865234375,12.9021865234375,12.9021865234375,12.9021865234375,0
2017-02-03,13.03120876173899,13.03120876173899,12.4506103515625,12.4506103515625,82160
2017-02-06,12.450609311826147,12.450609311826147,11.96677734375,11.96677734375,100920
2017-02-07,12.063544916581977,12.19256678734756,11.74099023966802,11.902267578125,513320
2017-02-08,11.805500785495925,11.87001171875,11.54745705247962,11.87001171875,412810
2017-02-09,11.999034559875954,12.6763994140625,11.999034559875954,12.6763994140625,336740
2017-02-10,12.837674847771138,13.289251349954045,12.837674847771138,13.1602294921875,609010
2017-02-13,13.160229122421116,13.547294684845266,13.06346273181508,13.2892509765625,407640
2017-02-14,13.289251730739482,13.418273592202972,13.0312080078125,13.0312080078125,135760
2017-02-15,12.96669577595339,13.54729409427966,12.902184851694916,13.321505859375,355790
2017-02-16,13.321507597897376,13.35376306423611,13.031208400848763,13.0634638671875,227100
2017-02-17,13.063463473178372,13.256996265373608,12.64414242342203,13.0312080078125,328930
2017-02-20,12.708653354153777,13.160229869275993,12.51512056195854,13.0312080078125,240990
2017-02-21,13.224741198881173,13.289252131558642,12.966697468171295,13.0634638671875,246150
2017-02-22,12.966698242187498,13.09572011524409,12.902187305659202,12.9666982421875,180500
2017-02-23,12.9021865234375,13.031208388671876,12.773164658203124,12.9021865234375,284870
2017-02-24,12.773165232392133,12.837676167909263,12.644143361357868,12.708654296875,123130
2017-02-27,12.579631616083116,12.708653478812174,12.321587890625,12.321587890625,129340
2017-02-28,12.386099401595745,12.579632204745678,12.1280556640625,12.1280556640625,142590
2017-03-01,12.12805606265944,12.6441435546875,12.095800594407685,12.6441435546875,124330
2017-03-02,12.773165023882772,12.773165023882772,12.192566613706282,12.4506103515625,74550
2017-03-03,12.031290036479,12.3215892598793,12.031290036479,12.1925673828125,128090
2017-03-06,12.19256601251658,12.386098806366048,12.160310546875,12.160310546875,143460
2017-03-07,12.063544149950268,12.160310546875,11.934522287383954,12.160310546875,188470
2017-03-08,12.160311340175127,12.869931630583228,12.160311340175127,12.547376953125,437960
2017-03-09,12.805418295948776,12.805418295948776,12.515119140625,12.515119140625,56040
2017-03-10,12.579631111391128,13.160229470378413,12.579631111391128,12.9989521484375,483940
2017-03-13,13.06346273181508,13.482783757774577,13.06346273181508,13.2892509765625,607730
2017-03-14,13.48278413660386,13.48278413660386,13.095718563304228,13.1602294921875,368750
2017-03-15,13.353762758316533,14.063383001512095,13.095719033518144,13.9988720703125,883920
2017-03-16,14.127895865604795,14.966538085937502,13.934363045528018,14.9665380859375,853470
2017-03-17,15.35360053145118,15.998709797478542,14.966534971834763,15.0310458984375,970270
2017-03-20,15.095558381453804,15.48262398097826,14.80525918181046,14.8375146484375,829150
2017-03-21,14.64398046875,15.353600667676211,14.64398046875,14.64398046875,816980
2017-03-22,14.64398070126488,15.160068126860118,14.579469773065476,14.9020244140625,457950
2017-03-23,14.902024253731344,15.41811167377399,14.902024253731344,15.1278125,500710
2017-03-24,15.321346647843072,15.321346647843072,14.51495998216712,14.8375146484375,485190
2017-03-27,14.837513485863097,14.9020244140625,14.192404203869048,14.9020244140625,590790
2017-03-28,15.031047825287274,15.031047825287274,14.3859384765625,14.3859384765625,282780
2017-03-29,14.385937272581335,14.450448202054792,13.99887169574058,14.1278935546875,428180
2017-03-30,14.063383428819442,14.708492760416666,14.063383428819442,14.5149599609375,214100
2017-03-31,14.740747425624305,14.773002890450616,14.256915453229633,14.4504482421875,255160
2017-04-03,14.579470101492747,14.579470101492747,14.192404523577007,14.4504482421875,163580
2017-04-04,14.514959171840124,14.514959171840124,14.289170918055945,14.4504482421875,115180
2017-04-05,14.321427182404893,15.031047448199727,14.321427182404893,14.8375146484375,475660
2017-04-07,14.837516212214052,14.902027152267156,14.67623886208129,14.8052607421875,191860
2017-04-10,14.67623809297206,15.35360292803231,14.67623809297206,15.2245810546875,585600
2017-04-11,15.224577904485889,15.998708984375,15.224577904485889,15.998708984375,797140
2017-04-12,15.998710871848738,16.030966337316176,15.353601562499998,15.3536015625,451780
2017-04-13,15.418112493434874,15.676156217174368,15.063302373293068,15.3536015625,426850
2017-04-14,15.224580247961956,15.224580247961956,14.547215448794155,14.8375146484375,611180
2017-04-17,14.805258952915269,15.289090944840604,14.418193359375,14.418193359375,255200
2017-04-18,14.482704878871216,14.482704878871216,13.998872867327634,14.3859384765625,655840
2017-04-19,14.385938489412007,14.7084931640625,14.19240568462171,14.7084931640625,167580
2017-04-20,14.514959171840124,14.773002890450616,14.321426382882256,14.4504482421875,516270
2017-04-21,14.450450388026608,14.90202696265244,14.450450388026608,14.547216796875,255710
2017-04-24,14.547214636666435,14.773002890450616,14.385937312534878,14.4504482421875,153030
2017-04-25,14.514959551836991,14.643981414519988,14.3214267578125,14.3214267578125,208610
2017-04-26,14.321426382882256,14.514959171840124,14.127893593924387,14.4504482421875,161770
2017-04-27,14.514960346307454,14.773004085797366,14.192405671945068,14.3859384765625,295820
2017-04-28,14.3859384765625,14.3859384765625,14.3859384765625,14.3859384765625,0
2017-05-03,14.22466171875,14.3859390625,14.1278953125,14.19240625,133530
2017-05-04,14.063384375,14.3859390625,14.03112890625,14.19240625,357430
2017-05-05,14.3214267578125,14.3214267578125,14.127893963788006,14.3214267578125,132890
2017-05-08,14.192404895129505,14.482704086166244,14.192404895129505,14.3214267578125,159240
2017-05-09,14.450449999999998,14.450449999999998,14.063384375,14.19240625,292030
2017-05-10,14.095638862697555,14.192405262212644,13.998872463182472,14.0311279296875,205710
2017-05-11,13.934362697137852,14.09564004316954,13.67631894348715,13.8053408203125,380560
2017-05-12,13.547294013444768,13.8698486328125,13.450527627634449,13.8698486328125,556590
2017-05-15,14.095639026988636,14.127894493869617,13.45052968936902,13.48278515625,329670
2017-05-16,13.48278413660386,13.9666161032284,13.127974027745864,13.1602294921875,524480
2017-05-17,13.22474238870132,13.22474238870132,12.676399411608823,12.8376767578125,535180
2017-05-18,12.9021875,13.70857421875,12.48286640625,13.70857421875,1296030
2017-05-19,13.86985115677838,14.643982384133457,13.353763671875,13.353763671875,709090
2017-05-22,13.418274440940367,14.25691659349914,13.353763506128155,14.0633837890625,557180
2017-05-23,14.063382347470238,14.063382347470238,13.547294921875,13.547294921875,440140
2017-05-24,13.353762899055756,13.934361285971224,13.353762899055756,13.450529296875,429350
2017-05-25,13.67631677827381,13.869849562872025,13.28925120907738,13.547294921875,613950
2017-05-26,13.77308456893706,13.93436190580986,13.48278536256602,13.7408291015625,368560
2017-05-29,13.547295694694244,13.676317558453238,13.450529296875,13.450529296875,279490
2017-05-30,13.450528294239229,13.67631653898665,13.2892509765625,13.2892509765625,571310
2017-05-31,13.256996652832033,13.353763051757811,12.9021865234375,12.9021865234375,455060
2017-06-01,13.09572011524409,13.09572011524409,12.902187305659202,12.9666982421875,320920
2017-06-02,12.966696568080357,13.611805850074404,12.902185639880951,13.547294921875,437140
2017-06-05,13.547294921875,14.063382347470238,13.353762137276789,13.547294921875,504670
2017-06-06,13.6118078125,14.19240625,13.547296875,14.19240625,1037400
2017-06-07,14.321427738724944,14.514960546005012,14.1924058672049,14.482705078125,1032310
2017-06-08,14.514959770810286,15.031047229327989,14.256916041551438,14.579470703125,1086940
2017-06-09,14.579470101492747,14.708491960797993,14.321426382882256,14.4504482421875,734050
2017-06-12,14.192404895129505,14.643981414519988,14.192404895129505,14.3214267578125,331100
2017-06-13,14.32142583287445,14.64398046875,14.25691490569934,14.64398046875,750330
2017-06-14,14.83751462673611,14.83751462673611,14.514959960937498,14.5149599609375,476160
2017-06-15,14.514959247295671,15.353601337139423,14.418192852313702,15.0955576171875,768550
2017-06-16,15.031046031800662,15.031046031800662,14.57946954157489,14.64398046875,786230
2017-06-19,14.77300232310022,15.063301495388217,14.51495861439978,14.64398046875,1363540
2017-06-20,14.643981414519988,14.805258742873733,14.3214267578125,14.3214267578125,1026180
2017-06-21,14.25691490569934,14.70849139592511,14.19240397852423,14.64398046875,869500
2017-06-22,14.643980338821084,15.127812288341604,14.643980338821084,15.0310458984375,1241290
2017-06-23,14.869770115064536,15.031047448199727,14.773003715183425,14.8375146484375,823100
2017-06-26,14.773004098992596,14.837515033922696,14.514960359272203,14.7084931640625,394860
2017-06-27,14.67623768348865,14.708493150924888,14.321427541690024,14.3859384765625,933890
2017-06-28,14.450449999999998,14.48270546875,14.1278953125,14.19240625,509970
2017-06-29,14.192405671945068,14.64398221605241,14.09563926963635,14.3859384765625,766670
2017-06-30,14.385937906180864,14.643981635439712,14.385937906180864,14.579470703125,566160
2017-07-03,14.579470483178492,14.579470483178492,14.3214267578125,14.3214267578125,616750
2017-07-04,14.256916078359207,15.289090998059422,14.256916078359207,15.063302734375,2611780
2017-07-05,15.063301597112345,15.6116444818038,15.063301597112345,15.28908984375,1171240
2017-07-06,15.160067963752669,15.353600746268658,14.966535181236676,15.1278125,924390
2017-07-07,15.22457840093819,15.22457840093819,14.611724609375,14.611724609375,1380390
2017-07-10,14.57947069001678,14.805258952915269,14.321426960989934,14.418193359375,1078440
2017-07-11,14.418193943998736,14.547215813743692,14.289172074253784,14.3859384765625,662540
2017-07-12,14.385937312534878,14.482703707013812,14.289170918055945,14.4504482421875,458220
2017-07-13,14.450448242187502,14.450448242187502,14.4504482421875,14.4504482421875,0
2017-07-14,14.35368359375,14.5149609375,14.19240625,14.19240625,483960
2017-07-17,14.192404203869048,14.289170596168155,13.547294921875,13.547294921875,702000
2017-07-18,13.547294311523435,13.805338012695312,13.224739685058594,13.4182724609375,353870
2017-07-19,13.41827306547619,13.67631677827381,13.41827306547619,13.547294921875,370160
2017-07-20,13.418272830703884,13.482783757774577,13.095718195350424,13.2892509765625,592340
2017-07-21,13.22474158084754,13.353763449928978,12.7731650390625,12.7731650390625,619210
2017-07-24,12.70865324720087,12.70865324720087,12.0635439453125,12.0635439453125,628630
2017-07-25,12.06354377870735,12.708653071686353,11.999032849409453,12.28933203125,650860
2017-07-26,12.579633014012895,12.579633014012895,12.1280564442791,12.1925673828125,549000
2017-07-27,12.192565805690174,12.25707673587901,12.0635439453125,12.0635439453125,452410
2017-07-28,12.031288442758417,12.063543907752404,11.7409892578125,11.7409892578125,753230
2017-07-31,11.740989493534483,12.289332409441316,11.740989493534483,12.160310546875,738930
2017-08-01,12.257076927923388,12.257076927923388,11.934522271925404,11.999033203125,474320
2017-08-02,11.999032548446229,11.999032548446229,11.547456054687498,11.5474560546875,717250
2017-08-03,11.611967985733695,11.934522652004077,11.579712519106655,11.87001171875,1021810
2017-08-04,11.805500377676106,11.870011308701658,11.644223050112224,11.676478515625,436890
2017-08-07,11.67647832782452,11.934522047776442,11.482945537860576,11.7409892578125,1091760
2017-08-08,11.676478705512157,11.870011501736112,11.579712307400174,11.6119677734375,575040
2017-08-09,11.611967745535717,11.611967745535717,10.80558109654018,11.2894130859375,607250
2017-08-10,11.224902729832849,11.418435535519622,11.031369924146077,11.095880859375,542910
2017-08-11,11.09588007127193,11.16039100191886,10.966858209978067,11.031369140625,447250
2017-08-14,10.966858043069484,11.418434550725287,10.837836183739254,11.2571572265625,439440
2017-08-15,11.22490234375,11.418435142780172,11.128135944234913,11.22490234375,352880
2017-08-16,11.321668743265086,11.353924209770115,11.128135944234913,11.22490234375,421550
2017-08-17,11.224900820974575,11.611966366525424,11.224900820974575,11.41843359375,940650
2017-08-18,11.54745544226695,11.54745544226695,11.289411745233052,11.41843359375,160180
2017-08-21,11.41843475896662,11.54745662064986,11.28941289728338,11.353923828125,369750
2017-08-22,11.2571572265625,11.353923621060172,11.192646296897385,11.2571572265625,134430
2017-08-23,11.257156617980073,11.257156617980073,10.96685745018116,11.128134765625,40072000
2017-08-24,11.128137138580607,11.128137138580607,10.354005859375,10.354005859375,349750000
2017-08-25,10.192728125,10.257239062499998,9.64438515625,9.676640625,2014480
2017-08-28,9.515362532974835,10.25723825588474,9.515362532974835,9.93468359375,735980
2017-08-29,10.06370625,10.06370625,9.676640625,9.676640625,1144920
2017-08-30,9.676638884591584,9.96693805112933,9.676638884591584,9.7734052734375,802830
2017-08-31,9.902427889962922,9.902427889962922,9.354084977489409,9.5153623046875,1048520
2017-09-01,9.51536328125,9.7411515625,9.51536328125,9.676640625,632750
2017-09-04,9.676640625,9.676640625,9.676640625,9.676640625,0
2017-09-05,9.741151930003896,10.354005859375,9.676640990070094,10.354005859375,1402580
2017-09-06,10.57979277935606,10.837836505681818,10.54753731356534,10.6443037109375,2215660
2017-09-07,10.644303105828222,10.676558569785277,10.450770322085887,10.51528125,714620
2017-09-08,10.515281626067546,10.57979255628882,10.386259765625,10.386259765625,664570
2017-09-11,10.35400347842262,10.418514403521826,10.160470703125,10.160470703125,927440
2017-09-12,10.128216605270966,10.224983005958268,10.06370567147943,10.1927275390625,581970
2017-09-13,10.257238293343653,10.579792956656346,10.192727360681117,10.418515625,569490
2017-09-14,10.547537091178183,10.547537091178183,10.354004300514363,10.386259765625,501670
2017-09-15,10.730174708946077,10.730174708946077,10.5238251953125,10.5238251953125,893240
2017-09-18,10.523826106987126,10.592609284156977,10.317476575477574,10.3518681640625,693020
2017-09-19,10.317476496292374,10.351868084613349,10.042343789724576,10.1455185546875,621490
2017-09-20,10.1455185546875,10.317476496292374,10.111126966366523,10.1455185546875,434620
2017-09-21,10.3174765625,10.351868151041666,10.214301796875,10.3174765625,197770
2017-09-22,10.3174765625,10.386259739583334,10.248693385416669,10.3174765625,240640
2017-09-25,10.3174765625,10.386259739583334,10.283084973958331,10.3174765625,277500
2017-09-26,10.283083951494108,10.283083951494108,10.111126025883838,10.21430078125,630800
2017-09-27,10.21430173132945,10.21430173132945,10.111126966366523,10.1455185546875,375130
2017-09-28,10.1455185546875,10.248693319650425,10.111126966366523,10.1455185546875,357880
2017-09-29,10.076736338089924,10.145519521285078,10.042344746492349,10.1111279296875,266610
2017-10-02,10.214302684209118,10.214302684209118,10.007953135033176,10.0423447265625,163030
2017-10-03,10.11112689924569,10.11112689924569,9.939168958782329,9.973560546875,318730
2017-10-04,10.179911092679797,10.179911092679797,9.904778360445205,10.0423447265625,173780
2017-10-05,10.042344746492349,10.214302704480229,9.939169971699616,10.1111279296875,707010
2017-10-06,10.1111279296875,10.179911112882651,10.042344746492349,10.1111279296875,184020
2017-10-09,10.111126058214884,10.283083984375,10.07673447298286,10.283083984375,442830
2017-10-10,10.179909196127944,10.21430078125,10.111126025883838,10.21430078125,380520
2017-10-11,10.214302704480229,10.214302704480229,10.1111279296875,10.1111279296875,366780
2017-10-12,10.1111279296875,10.145519521285078,10.042344746492349,10.1111279296875,302370
2017-10-13,10.04234373657646,10.111126912854385,10.0079521484375,10.0079521484375,209740
2017-10-16,10.007952175101323,10.111126939793088,10.007952175101323,10.0767353515625,360980
2017-10-17,10.1111279296875,10.1111279296875,10.042344746492349,10.1111279296875,219520
2017-10-18,10.111126939793088,10.179910116254266,10.042343763331912,10.0767353515625,149860
2017-10-19,10.111126105908529,10.661391472216474,10.042342935120033,10.3862587890625,871730
2017-10-20,10.455042916666669,10.455042916666669,10.214301796875,10.3174765625,308220
2017-10-23,10.179910143008474,10.283084907971398,10.111126966366523,10.1455185546875,292560
2017-10-24,10.179911092679797,10.179911092679797,9.904778360445205,10.0423447265625,238630
2017-10-25,9.939169891144012,10.07673625641936,9.8359951171875,9.8359951171875,304220
2017-10-26,9.835994042618728,9.973560392865144,9.560861342125897,9.5952529296875,290900
2017-10-27,9.49207914341518,9.732820281110492,9.457687552315848,9.6296455078125,194960
2017-10-30,9.629644445711678,9.870385556854467,9.388903334568884,9.423294921875,203630
2017-10-31,9.423294711538462,9.423294711538462,8.9418125,8.9418125,228660
2017-11-01,8.941813453851744,9.148162995094475,8.804247093023255,8.8730302734375,438040
2017-11-02,8.87302938565341,9.113770493016098,8.87302938565341,9.07937890625,242050
2017-11-03,9.182553666548296,9.251336840080493,8.907420972419509,9.07937890625,168580
2017-11-06,9.010596690826995,9.04498828125,8.907421919557985,9.04498828125,220590
2017-11-07,9.044988419242529,9.52647069251019,9.010596828294837,9.4920791015625,392250
2017-11-08,9.5608623046875,9.904778214928058,9.492079122639389,9.5608623046875,199020
2017-11-09,9.698427692372311,9.76721086749552,9.526469754564292,9.5952529296875,139520
2017-11-10,9.457687510614807,9.59525387440557,9.35451273777174,9.4920791015625,257500
2017-11-13,9.560862195370802,9.629645376632464,9.07937992653918,9.2169462890625,279300
2017-11-14,8.941813542645678,9.251337857583412,8.873030361548402,9.1481630859375,320460
2017-11-15,9.148163052519012,9.38890418548004,9.04498828125,9.04498828125,288970
2017-11-16,9.251336928530092,9.285728515625,9.01059581886574,9.285728515625,213470
2017-11-17,9.285728759765624,9.90477734375,9.285728759765624,9.90477734375,1420340
2017-11-20,10.042343567988352,10.179909918234769,9.526469754564292,9.5952529296875,473530
2017-11-21,9.5608613835328,9.73281932208555,9.5608613835328,9.698427734375,352230
2017-11-22,9.6296445589539,9.7672109097961,9.492078208111703,9.698427734375,418570
2017-11-23,9.698428781898787,10.111127879000865,9.560862416198097,9.939169921875,679090
2017-11-24,10.042343763331912,10.248693292715442,9.904777410409556,10.0767353515625,959130
2017-11-27,10.17990927669702,10.523825130639487,10.17990927669702,10.3862587890625,840030
2017-11-28,10.558217798720673,10.936525276850729,10.558217798720673,10.6270009765625,1103440
2017-11-29,10.73017581845238,11.074091710069444,10.661392640128968,10.8333505859375,1044540
2017-11-30,10.902133942945076,11.452399378551137,10.730175994318182,11.349224609375,1502290
2017-12-01,11.34922462117636,11.555574159743202,10.970917133803814,11.3836162109375,1109490
2017-12-04,11.624356612723217,12.174622014508929,11.142874386160717,12.0370556640625,1958770
2017-12-05,12.037055773175627,12.484146416179296,12.037055773175627,12.3121884765625,1897440
2017-12-06,11.968272240990991,12.174621762387387,11.4523984375,11.4523984375,1159860
2017-12-07,11.142875139508927,11.624357398623513,11.074091959635416,11.55557421875,422740
2017-12-08,11.55557421875,11.693140578497022,11.142875139508927,11.55557421875,287010
2017-12-11,11.555574241863903,12.105839681952665,11.246049931813982,11.624357421875,567980
2017-12-12,11.624356371996996,11.693139545795797,11.005307807807808,11.4523984375,425450
2017-12-13,11.452399390459782,11.693140518787764,11.3836162109375,11.3836162109375,350600
2017-12-14,11.38361619910038,11.486790968276516,11.246049840198864,11.349224609375,297280
2017-12-15,11.486790907451924,11.486790907451924,11.1772666015625,11.1772666015625,312340
2017-12-18,11.280441382285275,11.418007740605828,11.177266613544862,11.211658203125,345940
2017-12-19,11.211657357742537,11.58996481459888,11.211657357742537,11.521181640625,688330
2017-12-20,11.658749011880548,11.89949014191938,11.555574241863903,11.624357421875,781250
2017-12-21,11.349224585556405,11.693140482088417,11.28044140625,11.28044140625,272080
2017-12-22,11.280441382285275,11.418007740605828,11.211658203125,11.211658203125,153260
2017-12-25,11.142874913742114,11.142874913742114,10.9021337890625,10.9021337890625,459250
2017-12-26,10.764567444231524,11.14287492629717,10.764567444231524,10.936525390625,282080
2017-12-27,10.936525415039062,11.108483361816406,10.936525415039062,11.00530859375,179610
2017-12-28,11.00530859375,11.074091772460935,10.902133825683594,11.00530859375,163520
2017-12-29,10.936525302702972,11.005308480707397,10.6957841796875,10.6957841796875,522660
2018-01-01,10.6957841796875,10.6957841796875,10.6957841796875,10.6957841796875,0
2018-01-02,10.833350610582611,10.97091696754239,10.730175842862776,10.9021337890625,175160
2018-01-03,11.07409174773978,11.07409174773978,10.73017585495283,10.936525390625,274280
2018-01-04,11.039700158461084,11.039700158461084,10.86774221206761,10.936525390625,252990
2018-01-05,11.00530967620482,11.52118356727692,10.936526490728538,11.4180087890625,1002020
2018-01-08,11.418007881841715,11.76192378189719,11.418007881841715,11.624357421875,771040
2018-01-09,11.69314063645528,11.830706996884164,11.48679109581195,11.7275322265625,669630
2018-01-10,11.693140494395896,11.693140494395896,11.3148330078125,11.3148330078125,677280
2018-01-11,11.349224537037037,11.349224537037037,11.005308641975308,11.142875,546260
2018-01-12,11.074091856603593,11.418007752771404,11.005308677370028,11.2460498046875,424900
2018-01-15,11.349224549278846,11.349224549278846,11.14287501201923,11.1772666015625,189970
2018-01-16,11.280442318925234,11.280442318925234,11.005309579439253,11.039701171875,368370
2018-01-17,11.074091937219311,11.486791015625,11.00530875748503,11.486791015625,840510
2018-01-18,11.624356530477831,12.002663991528888,11.55557335574128,11.8307060546875,1419880
2018-01-19,11.899490165441176,11.899490165441176,11.62435744485294,11.693140625,719700
2018-01-22,11.693140625,11.693140625,11.693140625,11.693140625,0
2018-01-23,11.693140625,11.693140625,11.693140625,11.693140625,0
2018-01-24,11.693140625,11.693140625,11.693140625,11.693140625,0
2018-01-25,11.211658129882812,11.486790844726562,11.00530859375,11.00530859375,2100290
2018-01-26,11.005308641975308,11.349224537037037,11.005308641975308,11.142875,422730
2018-01-29,11.24604971923828,11.280441308593751,11.00530859375,11.00530859375,244610
2018-01-30,10.7989580078125,11.00530752388535,10.661391663763933,10.7989580078125,573340
2018-01-31,10.798959104938271,11.142875,10.798959104938271,11.142875,268640
2018-02-01,11.280441283411948,11.280441283411948,10.86774221206761,10.936525390625,221620
2018-02-02,10.8677421875,11.039700133504748,10.8677421875,10.8677421875,133880
2018-02-05,10.867741923564187,10.867741923564187,10.17991015625,10.17991015625,370200
2018-02-06,9.56086228345788,9.62964546535326,9.4920791015625,9.4920791015625,724140
2018-02-07,9.560862464126275,10.145519521285078,9.560862464126275,10.1111279296875,160480
2018-02-08,10.24869427573844,10.24869427573844,9.423296079034673,10.0423447265625,101930
2018-02-09,9.423296050497406,9.939169921875,9.423296050497406,9.939169921875,176680
2018-02-12,10.179910075431035,10.179910075431035,9.801602606411638,9.973560546875,42580
2018-02-13,9.973560689628323,10.386259752647426,9.973560689628323,10.3518681640625,73370
2018-02-14,10.3518681640625,10.3518681640625,10.3518681640625,10.3518681640625,0
2018-02-15,10.3518681640625,10.3518681640625,10.3518681640625,10.3518681640625,0
2018-02-16,10.3518681640625,10.3518681640625,10.3518681640625,10.3518681640625,0
2018-02-19,10.3518681640625,10.3518681640625,10.3518681640625,10.3518681640625,0
2018-02-20,10.3518681640625,10.3518681640625,10.3518681640625,10.3518681640625,0
2018-02-21,10.3518681640625,10.455042929817274,10.248693398307724,10.3518681640625,107920
2018-02-22,10.351869050326412,10.386260641855737,10.0423447265625,10.0423447265625,50700
2018-02-23,10.042343854166669,10.351868151041666,10.042343854166669,10.3174765625,91980
2018-02-26,10.386259739583334,10.455042916666669,10.179910208333332,10.3174765625,81920
2018-02-27,10.3174765625,10.3174765625,10.179910208333332,10.3174765625,63840
2018-02-28,10.3174765625,10.3174765625,10.3174765625,10.3174765625,0
2018-03-01,10.661391663763933,10.902132765848924,10.59260849173965,10.7989580078125,167640
2018-03-02,10.798958855879931,10.798958855879931,10.420651380037008,10.45504296875,74780
2018-03-05,10.45504296875,10.66139250102796,10.24869343647204,10.45504296875,177280
2018-03-06,10.283085887675382,10.31747747927296,9.973561563297196,10.1111279296875,299530
2018-03-07,9.7672111210151,10.317476536283555,9.7672111210151,10.248693359375,144930
2018-03-08,10.455042890100671,10.661392420826342,10.145518594012165,10.248693359375,126550
2018-03-09,10.420651261255296,10.420651261255296,9.904777436440678,10.1455185546875,532000
2018-03-12,10.179910075431035,10.179910075431035,9.904777370689654,9.973560546875,86310
2018-03-13,10.076735442708332,10.386259739583334,9.973560677083332,10.3174765625,115820
2018-03-14,10.111127154737904,10.661392578125,10.111127154737904,10.661392578125,392040
2018-03-15,10.695783155565138,11.005307426948052,10.5926083984375,10.5926083984375,278380
2018-03-16,10.661391569855924,10.730174741274352,10.248692541345374,10.5926083984375,208530
2018-03-19,10.730174643004966,10.730174643004966,10.351867203668252,10.3862587890625,99280
2018-03-20,10.3174765625,10.52382609375,10.179910208333332,10.3174765625,440630
2018-03-21,10.31747568167892,10.558216780918096,10.31747568167892,10.5238251953125,141380
2018-03-22,10.523826146175988,10.55821773488898,10.317476613898029,10.45504296875,360110
2018-03-23,10.145518632552948,10.455042929817274,10.145518632552948,10.3518681640625,317400
2018-03-26,10.351867267284517,10.558216780918096,10.248692510467729,10.5238251953125,944880
2018-03-27,10.55821773488898,10.798958855879931,10.317476613898029,10.45504296875,474530
2018-03-28,10.386259739583334,10.52382609375,10.3174765625,10.3174765625,50550
2018-03-29,10.31747747927296,10.31747747927296,10.042344746492349,10.1111279296875,346400
2018-03-30,10.317476496292374,10.317476496292374,10.1455185546875,10.1455185546875,84740
2018-04-02,10.14551950115047,10.179911092679797,10.007953135033176,10.0423447265625,404290
2018-04-03,10.042343695746528,10.042343695746528,9.870385755750869,9.90477734375,402520
2018-04-04,10.11112687174479,10.11112687174479,9.90477734375,9.90477734375,196740
2018-04-05,10.042343789724576,10.1455185546875,9.904777436440678,10.1455185546875,90790
2018-04-06,9.973561563297196,10.248694296077806,9.973561563297196,10.1111279296875,44850
2018-04-09,10.076735311153016,10.24869325161638,9.904777370689654,9.973560546875,143010
2018-04-10,9.904778299825177,10.07673625641936,9.801603525868662,9.8359951171875,156730
2018-04-11,9.97356148246285,10.523826943564249,9.8359951171875,9.8359951171875,141210
2018-04-12,9.904778299825177,10.007953073781684,9.664037160593312,9.8359951171875,140290
2018-04-13,9.80160344185589,9.939169805952114,9.5608623046875,9.5608623046875,173630
2018-04-16,9.5608623046875,9.767211850831837,9.526470713663445,9.5608623046875,87150
2018-04-17,9.629645486735612,9.629645486735612,8.907422075230441,9.5608623046875,240100
2018-04-18,9.526470713663445,9.5608623046875,9.492079122639389,9.5608623046875,198060
2018-04-19,9.423294864004628,9.492078038194444,9.285728515625,9.285728515625,230670
2018-04-20,9.285729502998157,9.38890427525369,9.216946321494463,9.32012109375,124430
2018-04-23,9.38890327690972,9.423294864004628,9.01059581886574,9.285728515625,301520
2018-04-24,9.285728426846592,9.285728426846592,9.010595732717803,9.07937890625,92280
2018-04-25,9.07937890625,9.07937890625,9.07937890625,9.07937890625,0
2018-04-26,9.079378799854087,9.113770386217167,8.804246108949418,8.8386376953125,210940
2018-04-27,8.941812559185607,9.251336840080493,8.838637798887312,9.07937890625,247520
2018-04-30,9.07937890625,9.07937890625,9.07937890625,9.07937890625,0
2018-05-01,9.07937890625,9.07937890625,9.07937890625,9.07937890625,0
2018-05-02,9.148162995094475,9.148162995094475,8.735463912609012,8.8730302734375,230230
2018-05-03,8.873028243417815,8.873028243417815,8.666678749384843,8.7354619140625,217970
2018-05-04,9.044988236003862,9.044988236003862,8.735463923745174,8.907421875,114340
2018-05-07,8.907421057581017,9.285728515625,8.907421057581017,9.285728515625,97890
2018-05-08,9.38890421977796,9.38890421977796,9.079379904840224,9.1481630859375,92770
2018-05-09,9.216946267034777,9.216946267034777,9.01059672374295,9.1481630859375,75440
2018-05-10,9.251337857583412,9.251337857583412,8.873030361548402,9.1481630859375,173190
2018-05-11,9.148162079782198,9.148162079782198,8.769854625355114,9.07937890625,7410
2018-05-14,9.21694617550872,9.21694617550872,8.838638683230378,8.8730302734375,123080
2018-05-15,9.079379860448473,9.079379860448473,8.873030318165554,9.0105966796875,241680
2018-05-16,9.0105966796875,9.079379860448473,8.907421908546041,9.0105966796875,163770
2018-05-17,9.0105966796875,9.21694622197042,8.941813498926527,9.0105966796875,133400
2018-05-18,8.873029341774425,9.079378861350577,8.873029341774425,8.9762041015625,134700
2018-05-21,8.941813465250965,8.97620505550193,8.873030284749035,8.907421875,61240
2018-05-22,8.873030179687499,8.873030179687499,8.5978974609375,8.5978974609375,157140
2018-05-23,8.666680732194767,8.8730302734375,8.597897551780523,8.8730302734375,51080
2018-05-24,8.873029266357422,8.873029266357422,8.666679748535156,8.80424609375,71810
2018-05-25,8.804246031746032,8.873029203869049,8.6666796875,8.6666796875,144190
2018-05-28,8.425939837516623,8.804247340425533,8.08202392578125,8.08202392578125,440060
2018-05-29,8.2539814453125,8.52911416015625,8.116415087890624,8.2539814453125,231050
2018-05-30,8.288373034667968,8.425939392089843,8.082023498535156,8.2539814453125,58280
2018-05-31,8.529114172717842,8.529114172717842,8.21958986806276,8.288373046875,43050
2018-06-01,8.460329929786392,8.460329929786392,8.1508056640625,8.1508056640625,149620
2018-06-04,8.185198290612087,8.425939416806559,8.150806701155734,8.3227646484375,195710
2018-06-05,8.3227646484375,8.391547827350207,8.21958988006844,8.3227646484375,121840
2018-06-06,8.357156237893852,8.391547827350207,8.253981469524794,8.3227646484375,194430
2018-06-07,8.35715723456711,8.494723608798667,8.288374047451333,8.391548828125,113380
2018-06-08,8.5635050624102,8.9762041015625,8.460330302622125,8.9762041015625,340680
2018-06-11,9.113771404887355,9.113771404887355,8.769855502816133,8.8730302734375,60030
2018-06-12,8.941813465250965,8.941813465250965,8.529114382239383,8.907421875,111760
2018-06-13,8.907420773935508,8.907420773935508,8.529113327938246,8.6322880859375,88210
2018-06-14,8.597896515376984,8.6666796875,8.529113343253968,8.6666796875,61020
2018-06-15,8.7354619140625,8.873028243417815,8.563504002368356,8.7354619140625,94410
2018-06-18,8.804246951219513,8.804246951219513,8.4603310546875,8.4603310546875,107480
2018-06-19,8.391547802734374,8.563505749511718,8.013240319824218,8.2539814453125,232770
2018-06-20,8.253981433054394,8.460330968880752,8.185198254445607,8.21958984375,77830
2018-06-21,8.219590300996426,8.253981892213984,8.11641552734375,8.11641552734375,117710
2018-06-22,8.082023424979967,8.322764548277242,8.0476318359375,8.0476318359375,100000
2018-06-25,8.150806665141214,8.460330968880752,8.11641507583682,8.21958984375,16290
2018-06-26,8.185197249142933,8.253980419303797,8.116414078982068,8.1508056640625,30880
2018-06-27,8.11641507583682,8.357156200967573,8.11641507583682,8.21958984375,54540
2018-06-28,7.910064985414431,8.18519768055928,7.910064985414431,8.01323974609375,127960
2018-06-29,8.253981317934782,8.253981317934782,7.910065429687499,7.9100654296875,74750
2018-07-02,7.94445699270148,7.94445699270148,7.703715871710526,7.8412822265625,42260
2018-07-03,7.669324592411238,7.978848903315727,7.32540869140625,7.32540869140625,228530
2018-07-04,7.359799363659275,7.46297412109375,7.291016192036291,7.46297412109375,54910
2018-07-05,7.703715654481131,7.703715654481131,7.25662501381928,7.2910166015625,68600
2018-07-06,7.566149400684931,7.566149400684931,7.32540828339041,7.5317578125,77140
2018-07-09,7.703715753424657,7.703715753424657,7.531757812499999,7.5317578125,78100
2018-07-10,7.359799884588068,7.703715767045455,7.359799884588068,7.5661494140625,48260
2018-07-11,7.5317578258167615,7.5661494140625,7.497366237571023,7.5661494140625,78230
2018-07-12,7.566149879945527,7.669324651035694,7.49736669921875,7.49736669921875,31840
2018-07-13,7.669324165239725,7.738107341609589,7.497366224315067,7.5317578125,46390
2018-07-16,7.669323715072495,7.669323715072495,7.497365784241273,7.63493212890625,58940
2018-07-17,7.669323745727539,7.70371533203125,7.497365814208984,7.70371533203125,104540
2018-07-18,7.772499049136513,7.910065403988487,7.634932694284539,7.8412822265625,75690
2018-07-19,7.944456436157226,7.944456436157226,7.600540573120117,7.70371533203125,59920
2018-07-20,7.738106902939322,7.772498489174608,7.634932144233465,7.66932373046875,129080
2018-07-23,8.047632334607712,8.185198699301862,7.841282787566489,8.08202392578125,445170
2018-07-24,8.08202392578125,8.08202392578125,8.08202392578125,8.08202392578125,0
2018-07-25,8.150806747808689,8.597897413300306,8.150806747808689,8.4603310546875,387050
2018-07-26,8.52911418517562,8.873030079739152,8.288373058981145,8.3227646484375,133470
2018-07-27,8.52911462195445,8.52911462195445,8.11641552734375,8.11641552734375,50970
2018-07-30,8.116415087890624,8.2539814453125,8.082023498535156,8.2539814453125,266300
2018-07-31,8.460330981445312,8.460330981445312,8.185198266601562,8.2539814453125,155550
2018-08-01,8.391546759625527,8.391546759625527,8.1508056640625,8.1508056640625,94320
2018-08-02,8.219590300996426,8.219590300996426,8.013240753691075,8.11641552734375,120040
2018-08-03,8.047632344908633,8.185198709778867,8.047632344908633,8.11641552734375,216240
2018-08-06,8.253981881648937,8.253981881648937,8.013240743434176,8.08202392578125,60480
2018-08-07,8.253981881648937,8.253981881648937,7.9444575610871,8.08202392578125,115000
2018-08-08,7.875673890725159,8.150806603064904,7.875673890725159,8.0476318359375,105040
2018-08-09,8.01323974609375,8.253980854345494,8.01323974609375,8.01323974609375,59910
2018-08-10,8.150807118561309,8.150807118561309,8.013240753691075,8.11641552734375,102850
2018-08-13,8.185198709778867,8.253981892213984,8.013240753691075,8.11641552734375,309660
2018-08-14,8.21958893148791,8.391546858924897,8.11641417502572,8.3571552734375,377860
2018-08-15,8.42593937957636,8.42593937957636,8.21958984375,8.21958984375,164900
2018-08-16,8.322765095686712,8.322765095686712,8.15080713916426,8.18519873046875,78150
2018-08-17,8.253981913077732,8.322765095686712,8.15080713916426,8.18519873046875,153890
2018-08-20,8.32276461166318,8.32276461166318,8.185198254445607,8.21958984375,212170
2018-08-21,8.253981433054394,8.288373022358787,8.185198254445607,8.21958984375,172350
2018-08-22,8.32276382688492,8.735462859623016,8.219589068700396,8.6666796875,1126870
2018-08-23,8.80424609375,8.941812438964844,8.735462921142577,8.80424609375,738500
2018-08-24,8.804246031746032,8.838637617807539,8.63228810143849,8.6666796875,285640
2018-08-27,8.666679865056818,9.216945253314394,8.63228827829072,9.07937890625,674150
2018-08-28,9.079379860448473,9.148163041209449,8.941813498926527,9.0105966796875,875800
2018-08-29,8.907421863644622,9.079379814680232,8.838638683230378,8.8730302734375,349240
2018-08-30,8.873029266357422,9.010595611572263,8.80424609375,8.80424609375,340460
2018-08-31,8.804247058823528,8.873030238970589,8.76985546875,8.76985546875,198990
2018-09-03,8.76985546875,8.76985546875,8.76985546875,8.76985546875,0
2018-09-04,8.769854429936505,8.907420773935508,8.59789649993775,8.6322880859375,362350
2018-09-05,8.63229002337475,8.804247991967872,8.5635068359375,8.5635068359375,300320
2018-09-06,8.597896634615385,9.010595673076924,8.597896634615385,8.9418125,610110
2018-09-07,8.941813553370787,9.1825546875,8.804247191011235,9.1825546875,711360
2018-09-10,9.285728501103623,9.492078023350372,9.216945327021374,9.2513369140625,631460
2018-09-11,9.216945327021374,9.285728501103623,9.113770565898,9.2513369140625,286400
2018-09-12,9.251336999289771,9.52646969815341,9.251336999289771,9.4576865234375,487630
2018-09-13,9.457686551641473,9.732819251325584,9.2857286143389,9.5264697265625,423940
2018-09-14,9.52647073451451,9.66403709891183,9.49207914341518,9.6296455078125,276230
2018-09-17,9.629644460227274,9.835993984375,9.4576865234375,9.4576865234375,416310
2018-09-18,9.354511747262771,9.492078096487225,9.21694539803832,9.423294921875,388490
2018-09-19,9.354511747262771,9.629644445711678,9.285728572650546,9.423294921875,442000
2018-09-20,9.423294921875,9.560861271099451,9.285728572650546,9.423294921875,218760
2018-09-21,9.56086125658196,9.56086125658196,9.320120145804715,9.3889033203125,286300
2018-09-24,9.35451173305861,9.457686494820283,9.21694538404304,9.3889033203125,470040
2018-09-25,9.388903444980055,9.698427734375,9.251337094137856,9.698427734375,794480
2018-09-26,9.973560677083332,10.3174765625,9.835994322916669,10.3174765625,1226230
2018-09-27,10.386259791324012,10.66139250102796,10.317476613898029,10.45504296875,850710
2018-09-28,10.455042916666669,10.455042916666669,10.248693385416669,10.3174765625,540500
2018-10-01,10.386258852890114,10.5238251953125,10.283084096073324,10.5238251953125,662780
2018-10-02,10.523826246995192,10.764567370292466,10.489434657952724,10.73017578125,772150
2018-10-03,10.730175793730032,10.7645673828125,10.42065149198782,10.7645673828125,486090
2018-10-04,10.798958921167072,10.798958921167072,10.592609387641586,10.6270009765625,345950
2018-10-05,10.592609437400158,10.7645673828125,10.592609437400158,10.7645673828125,646060
2018-10-08,10.76456734501008,10.76456734501008,10.592609400201612,10.661392578125,309620
2018-10-09,10.730175842862776,10.9021337890625,10.695784253622833,10.9021337890625,787870
2018-10-10,11.054080173658289,11.054080173658289,10.4842822265625,10.4842822265625,175200
2018-10-11,10.028442789396887,10.180388892266537,9.762537109375,9.762537109375,546660
2018-10-12,9.34468602058069,10.1803896484375,9.154753377885962,10.1803896484375,360210
2018-10-15,10.180389287860576,10.180389287860576,9.762537488731972,9.8764970703125,183940
2018-10-16,9.876497270149612,9.95247032607384,9.800524214225383,9.8385107421875,144940
2018-10-17,9.8764970703125,9.99045665189303,9.838510543118993,9.8764970703125,175730
2018-10-18,9.876496495182806,9.876496495182806,9.534617770349554,9.6105908203125,132290
2018-10-19,9.6105908203125,9.6105908203125,9.45864472038661,9.6105908203125,93630
2018-10-22,9.724550595238096,9.83851017252604,9.496631440662204,9.5726044921875,340920
2018-10-23,9.572605533316114,9.572605533316114,9.116767174586778,9.192740234375,155540
2018-10-24,9.116767988445378,9.572606387867648,9.040794921875,9.040794921875,183600
2018-10-25,8.964820491536459,9.420658821614582,8.736901326497394,9.1167666015625,523910
2018-10-26,9.45864392553402,9.45864392553402,8.736900011537447,9.0028056640625,149280
2018-10-29,9.002808388589813,9.040794921875,8.964821855304622,9.040794921875,51410
2018-10-30,9.040794350834217,9.268713536149365,8.9648212890625,8.9648212890625,61240
2018-10-31,9.002806435667438,9.344685161072531,9.002806435667438,9.2307255859375,171070
2018-11-01,9.268713625,9.6485789375,9.23072709375,9.4966328125,545600
2018-11-02,9.534618518490587,9.914483798111728,9.496631990528474,9.8385107421875,449620
2018-11-05,9.8764970703125,9.91448359750601,9.724550961538462,9.8764970703125,97860
2018-11-06,9.876498125,9.876498125,9.4966328125,9.4966328125,340780
2018-11-07,9.496631440662204,9.5726044921875,9.344685337611606,9.5726044921875,126110
2018-11-08,9.496631418475667,9.9524697265625,9.496631418475667,9.9524697265625,423310
2018-11-09,10.028443586482558,10.028443586482558,9.724551356589147,9.8005244140625,190270
2018-11-12,9.800523623866887,9.9524697265625,9.648577521171278,9.9524697265625,156730
2018-11-13,9.762538813717915,10.028444540161598,9.762538813717915,9.9904580078125,137810
2018-11-14,10.02844314236111,10.370321885850696,10.02844314236111,10.2563623046875,574410
2018-11-15,10.256362705515391,10.332335762593283,10.06643006282066,10.1803896484375,169390
2018-11-16,10.2563623046875,10.2563623046875,9.990456615306714,10.2563623046875,97000
2018-11-19,10.3323359667603,10.3323359667603,10.104416791022938,10.1424033203125,47150
2018-11-20,10.218376378891618,10.218376378891618,9.9524706738647,10.1424033203125,132520
2018-11-21,9.95246933085502,10.218375,9.87649628252788,10.218375,310160
2018-11-22,10.256361714457416,10.40830781393086,10.180388664720695,10.3703212890625,461520
2018-11-23,10.37032229113223,10.408308819671175,10.142403119898551,10.1803896484375,43070
2018-11-26,10.2183750036991,10.2183750036991,9.91448281028054,10.0284423828125,63250
2018-11-27,10.028444133254718,10.142403725678069,9.990457602446934,10.0664306640625,248770
2018-11-28,10.180388880605916,10.180388880605916,9.9524697265625,9.9524697265625,95680
2018-11-29,10.066429303584208,10.180388880605916,9.9524697265625,9.9524697265625,154090
2018-11-30,10.1044169921875,10.1044169921875,9.952470872004229,10.1044169921875,119860
2018-12-03,10.104417246643926,10.7881748046875,10.104417246643926,10.7881748046875,1009930
2018-12-04,11.016095288420376,11.206027965806935,10.86414914651113,11.092068359375,617630
2018-12-05,10.940120656779662,11.244012897245762,10.940120656779662,11.2060263671875,389210
2018-12-06,11.092068359375,11.244014501284248,10.978108752943069,11.092068359375,232950
2018-12-07,11.206025027011304,11.244011552526596,10.7122001953125,10.7122001953125,232750
2018-12-10,10.712201144653744,10.978106846826002,10.712201144653744,10.9021337890625,232330
2018-12-11,11.016093990702023,11.016093990702023,10.674215211680238,10.7881748046875,110570
2018-12-12,10.7881748046875,10.7881748046875,10.7881748046875,10.7881748046875,0
2018-12-13,11.623877151639345,11.775823258196722,11.509917571721314,11.585890625,362780
2018-12-14,11.547903927364866,11.585890453441724,11.24401171875,11.24401171875,292190
2018-12-17,11.24401278914591,11.39595890791815,10.67421484375,10.67421484375,239220
2018-12-18,10.408308001466606,10.5602541036778,10.332334950361012,10.522267578125,224730
2018-12-19,10.33233566623264,10.9401201171875,10.33233566623264,10.9401201171875,162620
2018-12-20,10.788174568965516,11.054080280172412,10.788174568965516,11.01609375,173940
2018-12-21,11.168040701486014,11.168040701486014,10.636229239510488,10.8641484375,56610
2018-12-24,10.86414670061384,11.016092808314731,10.6362275390625,10.6362275390625,25040
2018-12-25,10.3323359667603,10.56025514249766,9.9524706738647,10.1424033203125,274920
2018-12-26,10.10441619646991,10.560254521122689,10.10441619646991,10.2563623046875,146780
2018-12-27,10.712201229319852,10.712201229319852,10.3323359375,10.3323359375,96200
2018-12-28,10.598240438272663,10.598240438272663,10.33233476419414,10.3703212890625,64070
2018-12-31,10.3703212890625,10.3703212890625,10.3703212890625,10.3703212890625,0
2019-01-01,10.3703212890625,10.3703212890625,10.3703212890625,10.3703212890625,0
2019-01-02,10.370322466681984,10.484282054227942,10.256362879136027,10.3323359375,70440
2019-01-03,10.21837541798395,10.332334995136186,9.64857753222276,9.762537109375,257350
2019-01-04,9.496632701945757,10.104417194870283,9.496632701945757,10.0664306640625,195710
2019-01-07,10.636228170955883,10.636228170955883,10.10441676240809,10.3323359375,151360
2019-01-08,10.332335358796298,10.408308412905091,10.180389250578704,10.2563623046875,106810
2019-01-09,10.3323359375,10.560255112591912,10.3323359375,10.3323359375,73400
2019-01-10,10.560254704607663,10.560254704607663,10.256362482892335,10.40830859375,42410
2019-01-11,10.294348796735491,10.674214065987725,10.294348796735491,10.6362275390625,161570
2019-01-14,10.67421446787882,10.67421446787882,10.484281826101618,10.5602548828125,43580
2019-01-15,10.598241012137276,10.712200592912946,10.560254485212054,10.6362275390625,83740
2019-01-16,10.560254485212054,10.788173646763394,10.560254485212054,10.6362275390625,107300
2019-01-17,10.6362275390625,10.750187119838168,10.560254485212054,10.6362275390625,72750
2019-01-18,10.332336627650175,10.94012113515901,10.332336627650175,10.7501884765625,334130
2019-01-21,10.940119308774834,11.4719306640625,10.940119308774834,11.4719306640625,810330
2019-01-22,11.66186408054868,11.775823664397691,11.43394491285066,11.50991796875,481920
2019-01-23,11.319984572285351,11.471930673926767,11.016092369002523,11.281998046875,153250
2019-01-24,11.28199862497387,11.471931261757945,11.28199862497387,11.3579716796875,274480
2019-01-25,11.206025570260245,11.43394473440113,11.206025570260245,11.3579716796875,316890
2019-01-28,11.395957424496643,11.395957424496643,11.206024800755037,11.319984375,114430
2019-01-29,11.39595816899272,12.041729131902306,11.39595816899272,11.7378369140625,556110
2019-01-30,11.699851159274193,11.851797278225806,11.699851159274193,11.77582421875,161770
2019-01-31,11.737836322490988,11.8517958984375,11.699849797175482,11.8517958984375,230340
2019-02-01,11.699850386832525,11.851796495752428,11.699850386832525,11.7378369140625,124930
2019-02-04,11.7378369140625,11.7378369140625,11.7378369140625,11.7378369140625,0
2019-02-05,11.7378369140625,11.7378369140625,11.7378369140625,11.7378369140625,0
2019-02-06,11.7378369140625,11.7378369140625,11.7378369140625,11.7378369140625,0
2019-02-07,11.7378369140625,11.7378369140625,11.7378369140625,11.7378369140625,0
2019-02-08,11.7378369140625,11.7378369140625,11.7378369140625,11.7378369140625,0
2019-02-11,11.699849410330415,11.9277685546875,11.319984169735273,11.9277685546875,191720
2019-02-12,11.927769957502036,11.927769957502036,11.6618642578125,11.6618642578125,235060
2019-02-13,11.699850406044408,11.73783693333676,11.433944714997944,11.547904296875,335600
2019-02-14,11.661863678278689,11.699850204918034,11.471931045081968,11.585890625,276180
2019-02-15,11.623877874060522,12.15568928006329,11.585891345060324,12.0037431640625,643030
2019-02-18,12.0037431640625,12.0037431640625,12.0037431640625,12.0037431640625,0
2019-02-19,12.231662109375,12.459581279114907,12.041729467925077,12.231662109375,731050
2019-02-20,12.231661931259827,12.231661931259827,12.041729292575669,12.0797158203125,277890
2019-02-21,12.07971700019716,12.231663125985804,12.00374393730284,12.04173046875,465060
2019-02-22,12.041729543083266,12.07971607161034,11.6618642578125,11.6618642578125,540630
2019-02-25,11.661864629536293,11.927770337701611,11.661864629536293,11.77582421875,374320
2019-02-26,11.775823197115386,12.383607620192308,11.775823197115386,12.34562109375,441660
2019-02-27,12.345622100830075,12.345622100830075,12.117702923583984,12.155689453125,252700
2019-02-28,12.383608454064476,12.383608454064476,11.851797048061709,12.0037431640625,175960
2019-03-01,12.003742764838837,12.231661931259827,12.003742764838837,12.0797158203125,93800
2019-03-04,12.003744056748468,12.459582438650306,12.003744056748468,12.383609375,578570
2019-03-05,12.383607999475991,12.687500220322027,12.30763494426448,12.4595810546875,750010
2019-03-06,12.459580658143938,12.68749981652462,12.193674973366477,12.5355537109375,302740
2019-03-07,12.687501629601227,12.687501629601227,12.26964977952454,12.383609375,215680
2019-03-08,12.383609375,12.383609375,12.383609375,12.383609375,0
2019-03-11,12.041730303389578,12.079716834315096,11.813811117836462,11.8897841796875,161150
2019-03-12,11.9277685546875,12.041728126866042,11.775822458449442,11.9277685546875,369170
2019-03-13,11.9277685546875,12.079714650925558,11.9277685546875,11.9277685546875,232190
2019-03-14,11.85179738136574,12.3076357421875,11.85179738136574,12.3076357421875,282840
2019-03-15,12.307634965170278,12.307634965170278,12.193675382159444,12.2696484375,129770
2019-03-18,12.269648637664984,12.269648637664984,12.07971599621506,12.231662109375,97300
2019-03-19,12.231662543402775,12.231662543402775,11.9657568359375,11.9657568359375,187200
2019-03-20,11.9657568359375,12.07971642485119,11.851797247023809,11.9657568359375,96920
2019-03-21,11.965756281072442,11.965756281072442,11.6998505859375,11.6998505859375,296120
2019-03-22,11.775823057087418,11.851796109068628,11.471930849162582,11.623876953125,251150
2019-03-25,11.623876765573264,11.623876765573264,11.054078884907907,11.4719306640625,105380
2019-03-26,11.471931841777408,11.585891429609632,11.4339453125,11.4339453125,118330
2019-03-27,12.003742624383223,12.003742624383223,11.471931242290296,11.547904296875,65440
2019-03-28,11.775822867084024,11.775822867084024,11.39595761330712,11.4719306640625,102000
2019-03-29,11.395958187705592,11.547904296875,11.35797166041324,11.547904296875,70510
2019-04-01,11.4719306640625,11.585890240195573,11.43394413868481,11.4719306640625,192110
2019-04-02,11.471931440800333,11.699850608498352,11.395958384900991,11.50991796875,132420
2019-04-03,11.509917769582648,11.623877351459702,11.395958187705592,11.547904296875,37700
2019-04-04,11.623877467105263,12.2696484375,11.547904411764703,12.2696484375,459950
2019-04-05,12.383608802324462,12.383608802324462,12.1177030918451,12.3076357421875,336840
2019-04-08,12.3076357421875,12.3076357421875,12.1177030918451,12.3076357421875,131670
2019-04-09,12.117701575646034,12.269647676908052,11.8517958984375,11.8517958984375,155190
2019-04-10,11.851797048061709,12.079716222062894,11.775823990061314,12.0037431640625,160100
2019-04-11,12.0037431640625,12.117702751063092,11.927770106062104,12.0037431640625,109250
2019-04-12,11.661863974966655,12.497567582293254,11.6238774473609,12.4595810546875,524510
2019-04-15,12.4595810546875,12.4595810546875,12.4595810546875,12.4595810546875,0
2019-04-16,12.155689453125,12.421595159912108,12.003743334960935,12.155689453125,83710
2019-04-17,12.117702923583984,12.383608630371093,12.117702923583984,12.155689453125,249430
2019-04-18,12.0797158203125,12.193675403522995,11.965756237102005,12.0797158203125,116660
2019-04-19,12.155689052795031,12.421594750824925,12.07971599621506,12.231662109375,325870
2019-04-22,12.231661909829722,12.345621492840555,12.231661909829722,12.2696484375,62650
2019-04-23,12.30763498673349,12.30763498673349,12.041729292575669,12.0797158203125,82940
2019-04-24,12.193675403522995,12.30763498673349,12.0797158203125,12.0797158203125,155470
2019-04-25,12.079716394042968,12.155689453125,12.003743334960935,12.155689453125,8440
2019-04-26,12.155689052795031,12.231662109375,12.07971599621506,12.231662109375,33300
2019-04-29,12.231662109375,12.231662109375,12.231662109375,12.231662109375,0
2019-04-30,12.231662109375,12.231662109375,12.231662109375,12.231662109375,0
2019-05-01,12.231662109375,12.231662109375,12.231662109375,12.231662109375,0
2019-05-02,12.23166201800073,12.991392578125,12.23166201800073,12.991392578125,982770
2019-05-03,12.991392578125,13.295284802174708,12.839446466100146,12.991392578125,353730
2019-05-06,12.915420568994728,12.915420568994728,12.535555258141942,12.6115283203125,252380
2019-05-07,12.61152691224564,13.29528439543968,12.573540385401524,13.067365234375,422850
2019-05-08,12.915420580231745,13.523205078125,12.915420580231745,13.523205078125,811610
2019-05-09,13.523203946775936,13.523203946775936,13.143338667372118,13.1813251953125,390050
2019-05-10,13.181325768938038,13.371258416905444,13.181325768938038,13.257298828125,194460
2019-05-13,13.371258953651688,13.561191609243329,12.915420580231745,13.523205078125,496520
2019-05-14,13.523202537430365,13.827094729282727,13.371256441504178,13.637162109375,329130
2019-05-15,13.637163304488316,13.827095941041078,13.409244140625,13.409244140625,425890
2019-05-16,13.295284734987744,13.599176957501747,13.295284734987744,13.5611904296875,369090
2019-05-17,13.561190048993645,13.599176575741524,13.295284361758474,13.44723046875,233340
2019-05-20,13.675149663880813,13.675149663880813,12.991392180686772,13.067365234375,340910
2019-05-21,13.067365496379573,13.21931160680259,12.4595810546875,12.4595810546875,1057200
2019-05-22,12.459580658143938,12.76347286931818,12.459580658143938,12.5355537109375,388410
2019-05-23,12.383609449678309,12.9154208984375,12.383609449678309,12.9154208984375,124800
2019-05-24,12.763474406528193,12.8014609375,12.53555522069733,12.8014609375,169230
2019-05-27,12.611527949278116,12.839447129084348,12.497568359375,12.497568359375,138350
2019-05-28,12.497567348243916,12.91541914408186,12.497567348243916,12.8774326171875,400780
2019-05-29,12.877432600154432,13.219311341751457,12.687499965933869,13.067365234375,263210
2019-05-30,13.06736644785503,13.06736644785503,12.839447265625,12.839447265625,58390
2019-05-31,12.839446330745046,12.915419385956556,12.4595810546875,12.4595810546875,201370
2019-06-03,12.307635571289062,12.459581689453126,12.155689453125,12.155689453125,185930
2019-06-04,12.307634822512137,12.307634822512137,11.699850386832525,11.7378369140625,324160
2019-06-05,11.77582284780649,12.00374199969952,11.737836322490988,11.8517958984375,105490
2019-06-06,11.85179707596463,12.041729721412782,11.813810546875,11.813810546875,49640
2019-06-07,11.851796826475155,12.307635165954968,11.851796826475155,12.231662109375,81200
2019-06-10,12.269648637664984,12.38360822253494,12.07971599621506,12.231662109375,93500
2019-06-11,12.15568867554859,12.231661729770767,11.927769512882051,12.1177021484375,137770
2019-06-12,12.155687699044586,12.155687699044586,11.9277685546875,11.9277685546875,106300
2019-06-13,11.927770306299603,12.155689484126984,11.851797247023809,11.9657568359375,55590
2019-06-14,11.927770874408518,12.117703531644322,11.775824748619872,12.04173046875,65160
2019-06-17,12.003743365575398,12.155689484126984,11.927770306299603,11.9657568359375,26910
2019-06-18,11.927770306299603,12.155689484126984,11.775824187748016,11.9657568359375,42610
2019-06-19,11.965757405855678,12.117703531644322,11.965757405855678,12.04173046875,65940
2019-06-20,12.079715972620413,12.497567782994077,12.079715972620413,12.4215947265625,169460
2019-06-21,12.497567603521672,12.497567603521672,12.2696484375,12.2696484375,109910
2019-06-24,12.269648256881858,12.383607838215124,12.1177021484375,12.1177021484375,40260
2019-06-25,12.117703531644322,12.155690063091482,11.927770874408518,12.04173046875,133160
2019-06-26,12.079716194509349,12.307635367990654,12.003743136682244,12.19367578125,156800
2019-06-27,12.193676715874233,12.421595906825154,12.15569018404908,12.383609375,146450
2019-06-28,12.383608630371093,12.383608630371093,12.155689453125,12.155689453125,100490
2019-07-01,12.15569018404908,12.383609375,12.15569018404908,12.383609375,142980
2019-07-02,12.421594954731308,12.421594954731308,12.15568925233645,12.19367578125,91310
2019-07-03,12.193675809063487,12.193675809063487,11.965756635062302,12.0037431640625,224260
2019-07-04,12.003742764838837,12.155688875786163,11.965756237102005,12.0797158203125,107840
2019-07-05,12.003743365575398,12.155689484126984,11.9657568359375,11.9657568359375,117530
2019-07-08,11.965755078747014,12.00374160280653,11.9277685546875,11.9277685546875,102990
2019-07-09,11.9277685546875,11.9277685546875,11.9277685546875,11.9277685546875,0
2019-07-10,12.15568928006329,12.15568928006329,11.927770106062104,12.0037431640625,174880
2019-07-11,12.00374393730284,12.04173046875,11.965757405855678,12.04173046875,59210
2019-07-12,12.003743772464055,12.117703365240615,11.85179764876198,11.8897841796875,110460
2019-07-15,11.889782030627986,12.041728126866042,11.775822458449442,11.9277685546875,81700
2019-07-16,11.851797048061709,12.0417296930627,11.81381051906151,12.0037431640625,121500
2019-07-17,12.003743365575398,12.041729895213294,11.9657568359375,11.9657568359375,78760
2019-07-18,11.965755474384016,11.965755474384016,11.77582284780649,11.8517958984375,108640
2019-07-19,12.003743772464055,12.003743772464055,11.77582458691094,11.8897841796875,106120
2019-07-22,11.965756971571182,12.64951451280382,11.81381085129726,12.3076357421875,383210
2019-07-23,12.30763498673349,12.30763498673349,12.003742764838837,12.0797158203125,114190
2019-07-24,12.07971642485119,12.155689484126984,11.927770306299603,11.9657568359375,105180
2019-07-25,11.9657568359375,11.9657568359375,11.9657568359375,11.9657568359375,0
2019-07-26,11.9657568359375,11.9657568359375,11.9657568359375,11.9657568359375,0
2019-07-29,11.9657568359375,11.9657568359375,11.9657568359375,11.9657568359375,0
2019-07-30,11.9657568359375,11.9657568359375,11.9657568359375,11.9657568359375,0
2019-07-31,11.927770106062104,12.079716222062894,11.927770106062104,12.0037431640625,214000
2019-08-01,11.851795506568472,12.041728126866042,11.851795506568472,11.9277685546875,25940
2019-08-02,11.88978360505426,11.927770134143891,11.813810546875,11.813810546875,118190
2019-08-05,11.77582421875,11.927770337701611,11.77582421875,11.77582421875,126500
2019-08-06,11.77582421875,11.77582421875,11.77582421875,11.77582421875,0
2019-08-07,11.4719306640625,11.775822867084024,11.39595761330712,11.4719306640625,35780
2019-08-08,11.39595761330712,11.54790371481788,11.39595761330712,11.4719306640625,43830
2019-08-09,11.471931242290296,11.547904296875,11.471931242290296,11.547904296875,42630
2019-08-12,11.623876765573264,11.623876765573264,11.39595761330712,11.4719306640625,32520
2019-08-13,11.471931061197916,11.471931061197916,11.319984954427085,11.3959580078125,82830
2019-08-14,11.39595761330712,11.54790371481788,11.319984562551738,11.4719306640625,38710
2019-08-15,11.39595761330712,11.4719306640625,11.24401151179636,11.4719306640625,49120
2019-08-16,11.319984562551738,11.509917189440191,11.319984562551738,11.4719306640625,42130
2019-08-19,11.43394413868481,11.4719306640625,11.357971087929428,11.4719306640625,77580
2019-08-20,11.395958921370967,11.851797278225806,11.395958921370967,11.77582421875,133980
2019-08-21,11.775823404437697,12.345621311104036,11.775823404437697,12.1177021484375,401080
2019-08-22,12.155690063091482,12.231663125985804,11.851797811514196,12.04173046875,86290
2019-08-23,12.041729895213294,12.041729895213294,11.775824187748016,11.9657568359375,65920
2019-08-26,11.699850786339578,11.851796900447882,11.43394508665004,11.6618642578125,107250
2019-08-27,11.62387755259901,11.851796720297031,11.471931440800333,11.50991796875,173010
2019-08-28,11.50991796875,11.699850608498352,11.471931440800333,11.50991796875,51040
2019-08-29,11.471931045081968,11.585890625,11.39595799180328,11.585890625,95760
2019-08-30,11.661863479115604,11.775823057087418,11.471930849162582,11.623876953125,97340
2019-09-02,11.623876953125,11.623876953125,11.623876953125,11.623876953125,0
2019-09-03,11.54790390114379,11.775823057087418,11.509917375153186,11.623876953125,16250
2019-09-04,11.623878099798386,11.77582421875,11.54790504032258,11.77582421875,119620
2019-09-05,11.699851159274193,12.003743397177418,11.623878099798386,11.77582421875,74430
2019-09-06,11.77582421875,11.77582421875,11.661864629536293,11.77582421875,39780
2019-09-09,11.699851159274193,11.77582421875,11.699851159274193,11.77582421875,36460
2019-09-10,11.699851159274193,11.77582421875,11.471931980846774,11.77582421875,52200
2019-09-11,11.54790504032258,11.77582421875,11.54790504032258,11.77582421875,46270
2019-09-12,11.77582421875,11.77582421875,11.661864629536293,11.77582421875,44680
2019-09-13,11.775823441292475,11.775823441292475,11.623877332372572,11.7378369140625,46570
2019-09-16,11.585890427134396,11.699850005106208,11.585890427134396,11.623876953125,6810
2019-09-17,11.699851159274193,11.927770337701611,11.699851159274193,11.77582421875,210330
2019-09-18,11.77582284780649,11.965755474384016,11.77582284780649,11.8517958984375,15830
2019-09-19,11.965755474384016,11.965755474384016,11.699849797175482,11.8517958984375,73030
2019-09-20,11.737836322490988,11.8517958984375,11.737836322490988,11.8517958984375,12220
2019-09-23,11.775822867084024,11.851795917839404,11.4719306640625,11.4719306640625,137670
2019-09-24,11.471931242290296,11.623877351459702,11.433944714997944,11.547904296875,45790
2019-09-25,11.471931045081968,11.661863678278689,11.433944518442624,11.585890625,9670
2019-09-26,11.54790449669967,11.62387755259901,11.50991796875,11.50991796875,23560
2019-09-27,11.58589102464934,11.62387755259901,11.471931440800333,11.50991796875,65210
2019-09-30,11.54790371481788,11.623876765573264,11.4719306640625,11.4719306640625,139930
2019-10-01,11.4719306640625,11.54790371481788,11.43394413868481,11.4719306640625,45470
2019-10-02,11.47193047399329,11.623876572986577,11.28199785025168,11.319984375,477230
2019-10-03,11.471931376523193,12.0797158203125,11.471931376523193,12.0797158203125,529900
2019-10-04,12.38360822253494,12.421594750824925,12.117702524505049,12.231662109375,133310
2019-10-07,12.231661151592547,12.231661151592547,11.8517958984375,11.8517958984375,95450
2019-10-08,11.73783693333676,11.77582346062911,11.471931242290296,11.547904296875,462350
2019-10-09,11.433944119966949,11.8517958984375,11.433944119966949,11.8517958984375,144690
2019-10-10,11.77582284780649,11.92776894906851,11.699849797175482,11.8517958984375,151650
2019-10-11,11.85179665389151,12.0797158203125,11.813810126154678,12.0797158203125,174720
2019-10-14,12.193676594538644,12.231663125985804,11.965757405855678,12.04173046875,127500
2019-10-15,12.079716456653223,12.117702986391128,11.77582421875,11.77582421875,135650
2019-10-16,11.8517958984375,12.00374199969952,11.699849797175482,11.8517958984375,40430
2019-10-17,11.699849410330415,11.9277685546875,11.699849410330415,11.9277685546875,29450
2019-10-18,11.927770337701611,12.231662575604838,11.77582421875,11.77582421875,120710
2019-10-21,11.775824157714844,12.269649041748048,11.775824157714844,12.155689453125,248510
2019-10-22,12.307635367990654,12.307635367990654,12.003743136682244,12.19367578125,191520
2019-10-23,12.155689453125,12.23166251220703,12.041729864501953,12.155689453125,168000
2019-10-24,12.041729613151434,12.687500601869337,12.041729613151434,12.573541015625,477440
2019-10-25,12.68749981652462,12.68749981652462,12.49756718454072,12.5355537109375,82590
2019-10-28,12.421595267472869,12.6875009765625,12.421595267472869,12.6875009765625,152100
2019-10-29,12.68750134458457,12.83944746847181,12.53555522069733,12.8014609375,165810
2019-10-30,12.611528083394967,12.915420326368343,12.611528083394967,12.839447265625,176540
2019-10-31,12.839446090293142,12.91541914408186,12.763473036504426,12.8774326171875,192170
2019-11-01,12.877433795996671,12.877433795996671,12.687501144138311,12.839447265625,268130
2019-11-04,12.839447506824172,12.839447506824172,12.421595664886109,12.6115283203125,216610
2019-11-05,12.61152676373106,12.64951329012784,12.49756718454072,12.5355537109375,85280
2019-11-06,12.57354178922722,12.763474444653614,12.57354178922722,12.6115283203125,260450
2019-11-07,12.611527165110518,12.725486747927782,12.4595810546875,12.4595810546875,149140
2019-11-08,12.497567582293254,12.573540637504763,12.421594527081744,12.4595810546875,344550
2019-11-11,13.11534914495114,13.11534914495114,12.500567153781557,12.5825380859375,331970
2019-11-12,12.58253763376708,12.7464794921875,12.58253763376708,12.7464794921875,173060
2019-11-13,12.7464794921875,12.7464794921875,12.58253763376708,12.7464794921875,488150
2019-11-14,12.746479768880208,12.746479768880208,12.2956396484375,12.2956396484375,173000
2019-11-15,12.295639762750836,12.45958162625418,12.254654296875,12.254654296875,152780
2019-11-18,12.254652990480132,12.459580298013243,12.254652990480132,12.377609375,125400
2019-11-19,12.295637911598154,12.459579750419463,12.2136669921875,12.2136669921875,66100
2019-11-20,12.377610579427085,12.377610579427085,12.213668717447918,12.2956396484375,30170
2019-11-21,12.295639752327128,12.377610684009309,11.5579013671875,11.5579013671875,672290
2019-11-22,11.55790047817888,11.8857841796875,11.55790047817888,11.8857841796875,80340
2019-11-25,11.803813365051903,11.885784291198098,11.680856975832612,11.844798828125,49240
2019-11-26,11.8038134765625,11.885784403483072,11.8038134765625,11.8038134765625,91340
2019-11-27,11.762828013102212,11.92676986694336,11.762828013102212,11.8038134765625,137980
2019-11-28,11.885785898705052,12.049727773169948,11.762829492856378,11.9677568359375,409440
2019-11-29,12.0497275390625,12.0497275390625,11.885785667782736,12.0497275390625,66680
2019-12-02,12.049726904800258,12.049726904800258,11.557901316849229,11.9267705078125,200290
2019-12-06,12.254652670370566,12.254652670370566,12.049725368190456,12.1316962890625,95110
2019-12-09,12.131697233606555,12.50056640625,12.131697233606555,12.50056640625,247500
2019-12-10,12.62352268433415,12.62352268433415,12.377609904769198,12.5415517578125,62710
2019-12-11,12.5415517578125,12.5415517578125,12.336624441508372,12.5415517578125,31310
2019-12-12,12.45958094262295,12.50056640625,12.377610015368852,12.50056640625,33230
2019-12-13,12.336625066368324,12.705494254399271,12.336625066368324,12.6645087890625,202450
2019-12-16,12.705493724385246,12.705493724385246,12.45958094262295,12.50056640625,43890
2019-12-17,12.459580831290848,12.62352268433415,12.336624441508372,12.5415517578125,123370
2019-12-18,12.377610579427085,12.50056697591146,12.049726855468752,12.2956396484375,50310
2019-12-19,12.295639762750836,12.377610694502508,12.008741501619983,12.254654296875,48880
2019-12-20,12.13169847470238,12.295640345982145,11.844800199962798,12.0497275390625,93110
2019-12-23,11.967755521716102,12.172682842293431,11.803813665254236,12.0907119140625,157360
2019-12-24,12.0087412109375,12.09071214070499,11.844799351402516,12.0087412109375,40180
2019-12-25,12.09071214070499,12.213668535356229,11.885784816286264,12.0087412109375,62520
2019-12-26,11.926770057600637,12.131697378177966,11.926770057600637,12.0907119140625,195930
2019-12-27,11.88578352644637,12.1316962890625,11.88578352644637,12.1316962890625,103170
2019-12-30,11.926770458984375,12.2956396484375,11.926770458984375,12.2956396484375,61140
2019-12-31,12.049726967495818,12.336625228626673,12.049726967495818,12.254654296875,15670
2020-01-01,12.254654296875,12.254654296875,12.254654296875,12.254654296875,0
2020-01-02,12.1316962890625,12.213667209934544,12.090710828626476,12.1316962890625,65520
2020-01-03,11.9677568359375,12.37761152209974,11.9677568359375,11.9677568359375,151970
2020-01-06,11.9677568359375,12.049727773169948,11.926771367321274,11.9677568359375,139050
2020-01-07,11.9677568359375,12.049727773169948,11.885785898705052,11.9677568359375,177140
2020-01-08,11.88578533063616,11.967756263950893,11.4759306640625,11.4759306640625,87800
2020-01-09,11.475929768880208,11.844798940022788,11.475929768880208,11.8038134765625,81070
2020-01-10,11.72184317949957,11.967755973475086,11.72184317949957,11.9267705078125,93860
2020-01-13,11.844800199962798,12.13169847470238,11.803814732142856,12.0497275390625,93740
2020-01-14,11.92676898688239,12.213667209934544,11.92676898688239,12.1316962890625,81900
2020-01-15,12.049726967495818,12.254654296875,12.049726967495818,12.254654296875,57080
2020-01-16,12.254652451892827,12.254652451892827,12.172681532482173,12.2136669921875,53920
2020-01-17,12.049726967495818,12.295639762750836,12.049726967495818,12.254654296875,151130
2020-01-20,12.090712433371657,12.45958162625418,12.090712433371657,12.254654296875,37670
2020-01-21,12.049725153366191,12.459579750419463,12.049725153366191,12.2136669921875,2240
2020-01-22,11.803812395134228,12.254652451892827,11.803812395134228,12.2136669921875,18030
2020-01-23,12.2136669921875,12.2136669921875,12.2136669921875,12.2136669921875,0
2020-01-24,12.2136669921875,12.2136669921875,12.2136669921875,12.2136669921875,0
2020-01-27,12.2136669921875,12.2136669921875,12.2136669921875,12.2136669921875,0
2020-01-28,12.2136669921875,12.2136669921875,12.2136669921875,12.2136669921875,0
2020-01-29,12.2136669921875,12.2136669921875,12.2136669921875,12.2136669921875,0
2020-01-30,12.008739907754434,12.213667209934544,11.88578352644637,12.1316962890625,5840
2020-01-31,11.885785667782736,12.09071300688244,11.803814732142856,12.0497275390625,24210
2020-02-03,11.393958984375,11.80381362410072,11.230017128484713,11.393958984375,407560
2020-02-04,11.230017419949384,11.680857535348812,11.230017419949384,11.6398720703125,17220
2020-02-05,11.230016776670258,12.131696955818963,11.230016776670258,11.8857841796875,29350
2020-02-06,11.475929552801723,11.967755105064654,11.475929552801723,11.8857841796875,128850
2020-02-07,11.885784291198098,12.008740680417386,11.803813365051903,11.844798828125,24280
2020-02-10,11.844799052700347,11.844799052700347,11.516915341898953,11.762828125,15860
2020-02-11,11.352973486498255,11.885784516550522,11.352973486498255,11.762828125,15980
2020-02-12,11.762828125,11.844799052700347,11.639871733449478,11.762828125,106720
2020-02-13,11.803813588850172,11.844799052700347,11.639871733449478,11.762828125,14240
2020-02-14,11.639871622721351,11.8038134765625,11.639871622721351,11.8038134765625,39650
2020-02-17,11.639872814685312,11.72184375,11.598887347027972,11.72184375,16780
2020-02-18,11.721842886513157,11.844799280427631,11.680857421875,11.680857421875,22620
2020-02-19,11.967755330403646,11.967755330403646,11.8038134765625,11.8038134765625,34190
2020-02-20,11.80381388651877,12.049726675821244,11.80381388651877,12.0087412109375,29520
2020-02-21,12.008742071242558,12.0497275390625,11.885785667782736,12.0497275390625,23010
2020-02-24,11.885785042149916,12.049726904800258,11.6398722481744,11.9267705078125,27920
2020-02-25,11.926769642376078,11.926769642376078,11.639871403556032,11.8857841796875,9710
2020-02-26,11.885785898705052,11.9677568359375,11.557902149775256,11.9677568359375,49330
2020-02-27,11.8857841796875,11.8857841796875,11.721842328933189,11.8857841796875,15810
2020-02-28,11.8038134765625,11.8038134765625,11.475929768880208,11.8038134765625,14910
2020-03-02,11.721843464006698,11.721843464006698,11.393959730747769,11.4759306640625,135090
2020-03-03,11.844799628075132,11.844799628075132,11.352974037982047,11.5579013671875,59590
2020-03-05,11.47593037180657,11.803814096715328,11.189032112511404,11.230017578125,168570
2020-03-06,11.311987945228491,11.557900726646505,11.311987945228491,11.4349443359375,131440
2020-03-09,11.148045252403849,11.35297255483774,10.6562197265625,10.6562197265625,151490
2020-03-10,10.574249846956624,10.9841044921875,10.082424272679573,10.9841044921875,33110
2020-03-11,10.697205631256104,11.311987564086914,10.410307395935058,10.4922783203125,121260
2020-03-12,9.8365115625,10.656220859375,9.795526097656252,10.2463662109375,78670
2020-03-13,10.2463662109375,10.2463662109375,9.54961330859375,10.2463662109375,30870
2020-03-16,10.082423828125,10.246365678988822,9.836511051829268,10.082423828125,26630
2020-03-17,9.91848176033266,10.246365454889114,9.67256898941532,10.16439453125,77870
2020-03-18,10.00045290269309,10.41030752985264,9.836511051829268,10.082423828125,85770
2020-03-19,9.836511075949367,9.918482001582278,9.50862737341772,9.7135546875,62120
2020-03-20,9.5905986328125,10.08242420372596,9.5905986328125,9.5905986328125,32320
2020-03-23,9.426657647649083,9.508628583715597,8.93483203125,8.93483203125,276070
2020-03-24,9.098773903383028,9.180744839449542,8.320050010751148,8.93483203125,182240
2020-03-25,8.68891922305046,9.180744839449542,8.606948286983945,8.93483203125,168390
2020-03-26,8.606948286983945,8.93483203125,8.606948286983945,8.93483203125,17310
2020-03-27,8.770889310915898,8.893845703125,8.770889310915898,8.893845703125,14670
2020-03-30,8.361034486607142,8.729903655133928,8.279063560267858,8.606947265625,67460
2020-03-31,8.606947412109376,8.688918339843749,8.074136381835938,8.1970927734375,75780
2020-04-01,8.197092423349057,8.68891796875,8.197092423349057,8.68891796875,81760
2020-04-02,8.68891796875,8.68891796875,8.68891796875,8.68891796875,0
2020-04-03,8.443007210826423,8.975818345490227,8.443007210826423,8.6479345703125,90330
2020-04-06,9.180744027777775,9.2217294921875,9.05778763454861,9.2217294921875,66930
2020-04-07,9.2217294921875,9.754540529513887,9.016802170138888,9.2217294921875,6590
2020-04-08,9.016803240094864,9.344686994280131,8.852861363002232,9.1807451171875,108770
2020-04-09,9.098773445672071,9.7955263671875,9.098773445672071,9.7955263671875,362720
2020-04-10,10.16439475355691,10.328336604420732,9.836511051829268,10.082423828125,99730
2020-04-13,10.287351370389343,10.287351370389343,9.9184821977459,10.000453125,74230
2020-04-14,10.000453350981404,10.000453350981404,9.467642311789772,9.918482421875,215590
2020-04-15,10.0824243515625,10.2463662109375,9.9184824921875,10.2463662109375,139170
2020-04-16,10.164395281250002,10.4103080703125,10.000453421875,10.2463662109375,70700
2020-04-17,10.246366279069766,10.615235465116278,10.164395348837209,10.57425,135590
2020-04-20,10.656220996828008,11.025090185179746,10.656220996828008,10.9021337890625,214600
2020-04-21,10.820163383152174,10.820163383152174,10.164395905385376,10.3693232421875,175970
2020-04-22,10.205380666248836,10.9841044921875,10.000453343633398,10.9841044921875,107660
2020-04-23,11.107060885756765,11.148046350279852,10.738191705048974,10.9841044921875,122200
2020-04-24,10.820162971698114,10.98410483490566,10.656221108490566,10.8611484375,62000
2020-04-27,10.902133259780534,10.902133259780534,10.656220479484732,10.73819140625,67960
2020-04-28,10.615235465116278,10.738191860465117,10.492279069767442,10.57425,57140
2020-04-29,10.738191860465117,10.738191860465117,10.533264534883722,10.57425,37790
2020-04-30,10.57425,10.57425,10.57425,10.57425,0
2020-05-01,10.57425,10.57425,10.57425,10.57425,0
2020-05-04,10.410308139534884,10.656220930232555,10.410308139534884,10.57425,69630
2020-05-05,10.492279069767442,10.656220930232555,10.492279069767442,10.57425,66910
2020-05-06,10.57424995610955,10.943119140625,10.24636623654026,10.943119140625,206310
2020-05-07,10.902133633378623,11.47593014039855,10.656220844655795,11.31198828125,559690
2020-05-08,11.47593014039855,11.721842929121378,11.189031886888587,11.31198828125,195390
2020-05-11,11.311987863238008,11.311987863238008,11.025089620329796,11.107060546875,253120
2020-05-12,11.148046122685184,11.148046122685184,10.902133340567133,11.0660751953125,348700
2020-05-13,11.066075777094415,11.5579013671875,11.025090311253324,11.5579013671875,413040
2020-05-14,11.5579013671875,11.844799628075132,11.393959503823138,11.5579013671875,343640
2020-05-15,11.5579013671875,11.5579013671875,11.5579013671875,11.5579013671875,0
2020-05-18,11.5579013671875,11.5579013671875,11.5579013671875,11.5579013671875,0
2020-05-19,11.4349443359375,11.4349443359375,11.14804609094982,11.4349443359375,261810
2020-05-20,11.4349443359375,11.4349443359375,11.4349443359375,11.4349443359375,0
2020-05-21,11.230016824161304,11.230016824161304,11.107060435575598,11.1480458984375,274250
2020-05-22,11.1480458984375,11.393958675608916,11.066074972713691,11.1480458984375,367490
2020-05-25,11.189031029829549,11.352972876420454,11.066074644886363,11.271001953125,177410
2020-05-26,11.393960053943452,12.0497275390625,11.393960053943452,12.0497275390625,844000
2020-05-27,12.295640345982145,12.295640345982145,11.926771135602678,12.0497275390625,675960
2020-05-28,11.72184375,12.04972749125874,11.680858282342657,11.72184375,183310
2020-05-29,11.639871808792371,12.131697378177966,11.516915416445974,12.0907119140625,307760
2020-06-01,11.926770057600637,12.172682842293431,11.926770057600637,12.0907119140625,324390
2020-06-02,12.090712370462844,12.459581561426118,11.9267705078125,11.9267705078125,343400
2020-06-03,12.008739693660864,12.295637911598154,11.967754233955535,12.2136669921875,317120
2020-06-04,12.295640584867296,12.418596990715969,11.9677568359375,11.9677568359375,361780
2020-06-05,11.967755746053754,12.0087412109375,11.475930167448803,12.0087412109375,398280
2020-06-08,12.0087412109375,12.0087412109375,12.0087412109375,12.0087412109375,0
2020-06-09,12.0087412109375,12.0087412109375,12.0087412109375,12.0087412109375,0
2020-06-10,11.967755300399832,12.1726826171875,11.885784373684764,12.1726826171875,354860
2020-06-11,12.172683354803857,12.213668820644948,11.5579013671875,11.5579013671875,368490
2020-06-12,11.14804664689781,11.47593037180657,10.984104784443431,11.230017578125,327500
2020-06-15,11.803814096715328,11.803814096715328,10.984104784443431,11.230017578125,370050
2020-06-16,11.230017351675723,11.434944675611414,11.14804642210145,11.31198828125,157150
2020-06-17,11.393958675608916,11.393958675608916,11.1480458984375,11.1480458984375,89730
2020-06-18,11.311987749885107,11.311987749885107,11.066074972713691,11.1480458984375,75780
2020-06-19,11.06607571567062,11.39395944057938,11.06607571567062,11.230017578125,190330
2020-06-22,11.434944675611414,11.434944675611414,11.271002816462865,11.31198828125,162160
2020-06-23,11.311988056429856,11.639871768210432,11.311988056429856,11.393958984375,271490
2020-06-24,11.393958984375,11.557900840265289,11.271002592457286,11.393958984375,81000
2020-06-25,11.393958675608916,11.393958675608916,11.1480458984375,11.1480458984375,379820
2020-06-26,11.14804664689781,11.31198850935219,11.14804664689781,11.230017578125,69780
2020-06-29,11.107060885756765,11.107060885756765,10.82016263409515,10.9841044921875,206590
2020-06-30,11.025089956710588,11.148046350279852,10.82016263409515,10.9841044921875,47780
2020-07-01,10.902133230511993,11.148046010147604,10.902133230511993,11.107060546875,74240
2020-07-02,11.107060658998842,11.148046122685184,11.0660751953125,11.0660751953125,55770
2020-07-03,11.066075083602398,11.148046010147604,10.984104157057196,11.107060546875,50240
2020-07-06,11.230016712454214,11.271002174908428,11.066074862637365,11.18903125,46410
2020-07-07,11.189031775298965,11.557900954704422,11.148046310920575,11.3529736328125,184130
2020-07-08,11.393959210824276,11.434944675611414,11.14804642210145,11.31198828125,46900
2020-07-09,11.311988168434116,11.475930025947653,11.230017239677348,11.3529736328125,93720
2020-07-10,11.3529736328125,11.3529736328125,11.3529736328125,11.3529736328125,0
2020-07-13,11.393959097190884,11.516915490326038,11.311988168434116,11.3529736328125,379360
2020-07-14,11.352974264090404,11.4759306640625,11.271003330775669,11.4759306640625,152290
2020-07-15,11.4759306640625,11.4759306640625,11.4759306640625,11.4759306640625,0
2020-07-16,11.352973746037138,11.393959210824276,11.189031886888587,11.31198828125,83490
2020-07-17,11.230017239677348,11.393959097190884,11.230017239677348,11.3529736328125,255150
2020-07-20,11.4759306640625,11.803814397321428,11.434945197405131,11.4759306640625,497680
2020-07-21,11.721843115061835,11.762828580499116,11.434944857000882,11.59888671875,425910
2020-07-22,11.68085799734933,11.68085799734933,11.393959730747769,11.4759306640625,149370
2020-07-23,11.475930025947653,11.475930025947653,11.230017239677348,11.3529736328125,102970
2020-07-24,11.271001633864184,11.35297255483774,10.6562197265625,10.6562197265625,644590
2020-07-27,10.574249380716465,10.574249380716465,10.00045290269309,10.082423828125,390190
2020-07-28,10.082423279747596,10.6562197265625,10.00045235877404,10.6562197265625,151790
2020-07-29,10.287352256058671,10.492279591836734,9.918483051658162,10.041439453125,875260
2020-07-30,10.123409704930278,10.36932249128486,10.041438776145418,10.2873515625,473670
2020-07-31,10.164395169322708,10.41030795567729,9.959467847360555,10.2873515625,101520
2020-08-03,10.287351118259805,10.574249356617647,10.287351118259805,10.45129296875,158730
2020-08-04,10.57425,10.656220930232555,10.451293604651164,10.57425,306090
2020-08-05,10.656220558449077,11.23001705005787,10.656220558449077,11.0660751953125,755860
2020-08-06,11.1480458984375,11.311987749885107,11.025089509851792,11.1480458984375,421770
2020-08-07,11.189031586371527,11.271002513744213,11.025089731626158,11.0660751953125,280780
2020-08-10,11.066075421233675,11.189031814802938,10.9841044921875,10.9841044921875,398170
2020-08-11,11.14804580965909,11.14804580965909,10.820162109375,10.820162109375,699700
2020-08-12,11.025089956710588,11.025089956710588,10.861148098618235,10.9841044921875,255550
2020-08-13,10.9841045629529,11.393959210824276,10.9841045629529,11.31198828125,1318840
2020-08-14,11.311988572140958,11.721843230551862,11.230017640458776,11.5579013671875,1547440
2020-08-17,11.557900805749128,11.885784516550522,11.311988022648084,11.762828125,553200
2020-08-18,11.762828013102212,12.131697184244793,11.68085708618164,11.8038134765625,806540
2020-08-19,11.76282921765734,11.803814685314684,11.516916411713286,11.72184375,1107780
2020-08-20,11.803814045936395,11.803814045936395,11.47593032243816,11.59888671875,584820
2020-08-21,11.803814961472602,12.049727773169948,11.680858555623928,11.9677568359375,1071820
2020-08-24,12.131697153829966,12.377609933975169,12.090711690472432,12.1726826171875,897710
2020-08-25,12.295639762750836,12.45958162625418,12.172683365123326,12.254654296875,1096690
2020-08-26,12.1726826171875,12.2956390072601,12.008740763757364,12.1726826171875,562440
2020-08-27,12.172682456487342,12.992391712816456,12.131696993670886,12.95140625,2137410
2020-08-28,13.033377977093446,13.11534890776699,12.623523323725728,12.6645087890625,1299280
2020-08-31,12.623523098372186,13.074363209028336,12.58253763376708,12.7464794921875,1179040
2020-09-01,12.664508451021634,12.951406700721154,12.582537522536056,12.78746484375,1301760
2020-09-02,12.78746484375,12.78746484375,12.78746484375,12.78746484375,0
2020-09-03,12.869436231737014,12.951407163149351,12.582537971793831,12.6235234375,728400
2020-09-04,12.3366247743915,12.541552096225248,12.3366247743915,12.418595703125,1431740
2020-09-07,12.54155158270474,12.54155158270474,11.8857841796875,11.8857841796875,1299830
2020-09-08,12.090711988191003,12.418595703125,12.008741059457508,12.418595703125,1153250
2020-09-09,12.295639601031551,12.746479719736042,12.172683205021238,12.6645087890625,1347810
2020-09-10,12.70549306705298,12.787463990066223,12.377609375,12.377609375,1340000
2020-09-11,12.377609375,12.377609375,12.377609375,12.377609375,0
2020-09-14,12.705494543650794,12.910421875,12.705494543650794,12.910421875,1611320
2020-09-15,12.951406815213025,13.03337774442323,12.66450856297729,12.7464794921875,1129420
2020-09-16,12.74647937950721,12.869435772235576,12.664508451021634,12.78746484375,522790
2020-09-17,12.828450307992789,12.828450307992789,12.54155205829327,12.78746484375,1084980
2020-09-18,12.787464956792604,12.869435886002814,12.66450856297729,12.7464794921875,720230
2020-09-21,12.828451223593264,13.23830589527356,12.787465756425236,13.1563349609375,2170790
2020-09-22,13.15633356408228,13.23830448971519,12.869435324367087,12.95140625,1472540
2020-09-23,13.1153486328125,13.320275955200197,12.951406774902344,13.1153486328125,873600
2020-09-24,13.074362638449369,13.115348101265823,12.910420787183543,12.95140625,677270
2020-09-25,12.95140647392516,13.033377400975318,12.623522765724523,12.869435546875,1277760
2020-09-28,12.869435659195288,12.99239205084365,12.746479267546924,12.8284501953125,704780
2020-09-29,12.910421236478363,13.115348557692307,12.78746484375,12.78746484375,1044530
2020-09-30,12.70549391526442,12.869435772235576,12.623522986778848,12.78746484375,722690
2020-10-01,12.95140655328028,13.320275727266113,12.869435625727874,13.1973193359375,1856170
2020-10-02,13.27929067517202,13.56618893049981,12.99239241984423,13.4022470703125,2303790
2020-10-05,13.525202658072155,14.058013671875,13.525202658072155,14.058013671875,2343250
2020-10-06,14.058015462239585,14.058015462239585,13.7711171875,13.7711171875,1345580
2020-10-07,13.730130973404751,13.894072835773766,13.607174576627994,13.6891455078125,1119900
2020-10-08,13.730130559579218,13.730130559579218,13.279290451652736,13.4842177734375,1513280
2020-10-09,13.566188444967832,13.976043080767464,13.566188444967832,13.9350576171875,1699000
2020-10-12,14.098999471507351,14.426883180147058,13.853086690027572,13.9350576171875,1629620
2020-10-13,13.93505697097552,13.97604243265486,13.73012966257882,13.8121005859375,643830
2020-10-14,13.81210144981971,14.221956092247597,13.689145057091345,13.8530869140625,1159120
2020-10-15,13.77111480362538,13.93505664652568,13.5661875,13.5661875,1245140
2020-10-16,13.525202981387867,14.05801400792739,13.484217517807902,13.9350576171875,1641150
2020-10-19,14.017028657356194,14.09899958517699,13.771115873893804,13.894072265625,440540
2020-10-20,13.77111512425816,13.89407150929618,13.648158739220142,13.8121005859375,611120
2020-10-21,13.60717420654297,13.730130599975586,13.074363168334962,13.1153486328125,3836220
2020-10-22,13.115349151234568,13.402247413917824,13.07436368513696,13.279291015625,773310
2020-10-23,13.197319561767578,13.279290490722657,13.033377703857422,13.1153486328125,1149300
2020-10-26,13.07436309344952,13.115348557692307,12.74647937950721,12.78746484375,1378370
2020-10-27,12.70549306705298,12.828449451572848,12.336623913493378,12.377609375,1149310
2020-10-28,12.295638130806587,12.623521814294763,12.1316962890625,12.1316962890625,1234900
2020-10-29,11.885784993489583,12.377610579427085,11.885784993489583,12.2956396484375,755690
2020-10-30,12.377609375,12.459580298013243,12.131696605960263,12.377609375,439040
2020-11-02,12.500565538908306,12.500565538908306,12.254652774208472,12.459580078125,346250
2020-11-03,12.459581129807692,13.07436309344952,12.459581129807692,12.78746484375,784870
2020-11-04,12.951407112578863,13.074363509217273,12.78746525039432,12.992392578125,894090
2020-11-05,13.03337685861895,13.03337685861895,12.664507702242943,12.7054931640625,599870
2020-11-06,12.6235234375,12.705494368912335,12.582537971793831,12.6235234375,341200
2020-11-09,12.62352252403846,13.320275390625,12.62352252403846,13.320275390625,1143020
2020-11-10,13.771116255733943,13.812101720780772,13.4022470703125,13.4022470703125,1242910
2020-11-11,13.443232649539878,13.484218114934816,13.32027625335506,13.36126171875,635060
2020-11-12,13.32027558476092,13.73013021813818,13.32027558476092,13.607173828125,1030150
2020-11-13,13.6071740530303,13.730130445075757,13.525203125,13.525203125,845400
2020-11-16,13.525203237794452,13.812101488293123,13.443232309080548,13.4842177734375,1264660
2020-11-17,13.484218067863806,13.730130859375,13.484218067863806,13.730130859375,982250
2020-11-18,13.894072153607535,13.9350576171875,13.771115762867646,13.9350576171875,1335270
2020-11-19,13.935057805745677,14.262941518822045,13.935057805745677,14.2219560546875,1752170
2020-11-20,14.303926982956591,14.344912447091138,14.139985126418408,14.2219560546875,1343830
2020-11-23,14.344911684782607,14.344911684782607,14.09899891304348,14.139984375,1052360
2020-11-24,14.05801400792739,14.18097039866728,13.853086690027572,13.9350576171875,1651050
2020-11-25,13.935058365314328,14.017029296875,13.812101967973318,14.017029296875,1069120
2020-11-26,14.017029411427783,14.099000343658355,13.935058479197217,13.9760439453125,728770
2020-11-27,14.284662451171874,14.284662451171874,13.843777807617188,14.10830859375,1064590
2020-11-30,14.108308706070288,14.15239717077676,13.799689453125,13.799689453125,840700
2020-12-01,13.491070092773436,14.10830859375,13.491070092773436,14.10830859375,1399290
2020-12-02,14.064220474436311,14.108308939873416,13.887866612687896,13.931955078125,759910
2020-12-03,14.020132008999209,14.108308939873416,13.84377814725079,13.931955078125,665990
2020-12-04,13.843778545199132,14.020132412016956,13.843778545199132,13.9760439453125,889400
2020-12-07,14.020131516178097,14.9459892578125,14.020131516178097,14.9459892578125,3380870
2020-12-08,15.342785670230263,15.342785670230263,14.813724095394736,15.0782548828125,1502960
2020-12-09,14.990078125,15.078255055147055,14.81372426470588,14.990078125,1060430
2020-12-10,14.945989541903408,14.945989541903408,14.549193359375,14.549193359375,1807670
2020-12-11,14.505104618938974,14.9459892578125,14.461016155051622,14.9459892578125,1284190
2020-12-14,15.078255229521078,15.122343695104474,14.857812901604106,14.9019013671875,1031090
2020-12-15,14.813723802395211,14.90190072979042,14.637369947604787,14.725546875,909760
2020-12-16,14.81372339527027,14.857811857756197,14.54919262035473,14.6814580078125,1554020
2020-12-17,14.637369545326576,14.94598878272804,14.505104157868807,14.6814580078125,1267060
2020-12-18,14.725547558309035,15.29869761297376,14.637370626822156,15.12234375,1920970
2020-12-21,15.034166185587203,15.166431577249265,14.857812330037795,14.9459892578125,1530960
2020-12-22,14.990076651972766,15.960022788276884,14.81372280900838,15.7836689453125,2848710
2020-12-23,15.783669444691052,15.871846368963068,15.430961747602984,15.519138671875,1192140
2020-12-24,15.519139465875371,15.519139465875371,14.461016320474776,14.8578125,1204840
2020-12-25,14.81372426470588,15.342785845588237,14.549193474264705,14.990078125,1592820
2020-12-28,15.3427861328125,15.73958232590248,14.990078405621407,15.3427861328125,1294730
2020-12-29,15.386873685928649,15.695492928912891,15.122342906227868,15.5632275390625,1663170
2020-12-30,15.563227060631304,15.65140398448757,15.254607827134365,15.2986962890625,1105660
2020-12-31,15.298697094936426,15.430962487688038,15.210520166435352,15.3868740234375,790460
2021-01-01,15.3868740234375,15.3868740234375,15.3868740234375,15.3868740234375,0
2021-01-04,15.695493059142562,16.224554622933884,15.386873813597624,16.0041123046875,234950
2021-01-05,16.004113598113364,16.841794475149605,15.871848196476066,16.577263671875,251310
2021-01-06,16.577262524801586,16.929970238095237,16.489085596478173,16.665439453125,159000
2021-01-07,16.665438312088817,16.841792156661185,16.35681908408717,16.753615234375,155670
2021-01-08,16.79770369551809,17.106322923519738,16.665438312088817,16.753615234375,163120
2021-01-11,16.88588177393353,16.88588177393353,16.40090866815476,16.665439453125,110410
2021-01-12,16.489084227868037,16.70952653037964,16.444995767365715,16.621349609375,81880
2021-01-13,16.753615234375,17.018146001233553,16.577261389802633,16.753615234375,152820
2021-01-14,16.929968832891245,16.929968832891245,16.489084227868037,16.621349609375,84040
2021-01-15,16.621349609375,16.841791911886606,16.533172688370357,16.621349609375,123610
2021-01-18,16.665439797794114,16.665439797794114,16.35682054227941,16.4890859375,105890
2021-01-19,16.48908606026786,16.48908606026786,15.342785959821429,15.430962890625,205470
2021-01-20,15.166432442196532,15.607317106213872,14.549193912572257,15.254609375,117360
2021-01-21,15.607316002345964,15.739581392196351,15.254608296078258,15.5632275390625,106110
2021-01-22,15.6514052734375,16.00411299790933,15.563228342319542,15.6514052734375,65990
2021-01-25,15.651403563089213,16.136376631241273,15.519138180865925,15.7836689453125,76660
2021-01-26,15.783669370271973,15.87184629412824,14.990077055565562,15.2986962890625,52290
2021-01-27,15.430962425054506,15.475050889126091,14.990077784338665,15.166431640625,87620
2021-01-28,14.284662451171874,14.637370166015623,14.10830859375,14.10830859375,257790
2021-01-29,13.579247189832088,14.99007806669776,13.579247189832088,14.7696357421875,28410
2021-02-01,14.769635559082031,14.769635559082031,14.02013166503906,14.10830859375,41190
2021-02-02,14.10830887957317,14.549193532059832,13.931955018578506,14.4610166015625,31850
2021-02-03,14.637370404411763,14.990078125,14.549193474264705,14.990078125,34470
2021-02-04,15.07825341796875,15.07825341796875,14.681457275390626,14.81372265625,27830
2021-02-05,14.813724660923754,15.210520857198496,14.813724660923754,15.0341669921875,43240
2021-02-08,14.990077245213964,15.254608020129504,14.54919262035473,14.6814580078125,59070
2021-02-09,14.6814580078125,14.6814580078125,14.6814580078125,14.6814580078125,0
2021-02-10,14.6814580078125,14.6814580078125,14.6814580078125,14.6814580078125,0
2021-02-11,14.6814580078125,14.6814580078125,14.6814580078125,14.6814580078125,0
2021-02-12,14.6814580078125,14.6814580078125,14.6814580078125,14.6814580078125,0
2021-02-15,14.6814580078125,14.6814580078125,14.6814580078125,14.6814580078125,0
2021-02-16,14.6814580078125,14.6814580078125,14.6814580078125,14.6814580078125,0
2021-02-17,15.25460902901786,15.430962890625,14.945989771205356,15.430962890625,131510
2021-02-18,15.695493860003593,15.695493860003593,15.254609201014723,15.3427861328125,69310
2021-02-19,15.166432269216951,15.3427861328125,15.166432269216951,15.3427861328125,96860
2021-02-22,15.386873685928649,15.695492928912891,15.254608296078258,15.5632275390625,167200
2021-02-23,15.563228396267364,16.312732313368056,15.210520670572915,15.87184765625,201080
2021-02-24,15.87184765625,15.87184765625,15.87184765625,15.87184765625,0
2021-02-25,15.87184765625,15.87184765625,15.87184765625,15.87184765625,0
2021-02-26,15.166432098214283,15.563228286830356,14.901901305803571,15.430962890625,101040
2021-03-01,15.519138506355931,15.6073154296875,15.342784659692796,15.6073154296875,94340
2021-03-02,15.695492353019066,15.871846199682205,15.38687312135858,15.6073154296875,170000
2021-03-03,15.651404930688544,16.048201112029943,15.4309626077211,15.8277587890625,152160
2021-03-04,15.871847723599137,15.915936189498025,15.07825533741918,15.3427861328125,114080
2021-03-05,15.254609375,15.386874774205202,14.945990110187862,15.254609375,152450
2021-03-08,15.519140173410406,15.56322863981214,15.1223439757948,15.254609375,187860
2021-03-09,15.254609237753378,16.312732421875,15.21052077174831,16.312732421875,554280
2021-03-10,16.489084230522263,16.621349612050516,16.0922880859375,16.0922880859375,170540
2021-03-11,16.136378731105637,16.577263395889947,15.960024865191915,16.2245556640625,250670
2021-03-12,16.40091015625,16.709529433383736,16.136379347278226,16.40091015625,269360
2021-03-15,16.400909580261395,16.709528846556633,16.356821113647786,16.444998046875,138940
2021-03-16,16.4890847214033,16.533173183225234,16.224553950471698,16.3568193359375,166360
2021-03-17,16.312732193034744,16.356820658421324,16.09228986610184,16.180466796875,154870
2021-03-18,16.31273006118733,16.40090698043699,16.136376222688007,16.2686416015625,80000
2021-03-19,16.31273207720588,16.53317440257353,16.136378216911766,16.4890859375,113470
2021-03-22,16.577264028897847,16.665440965221773,16.356821688088036,16.40091015625,109080
2021-03-23,16.621350882711038,17.23858937702922,16.621350882711038,16.97405859375,413200
2021-03-24,16.665439797794114,16.97405905330882,16.224555147058823,16.4890859375,160810
2021-03-25,16.4449978198902,16.621351683910476,16.092290091849662,16.312732421875,107200
2021-03-26,15.87184765625,16.224555381944445,15.210520670572915,15.87184765625,214220
2021-03-29,16.048201798148778,16.2245556640625,15.827759465756625,16.2245556640625,107860
2021-03-30,16.2245556640625,16.312732597019362,16.048201798148778,16.2245556640625,70750
2021-03-31,16.180466796875,16.224555262261582,15.960024469942098,16.180466796875,93950
2021-04-01,16.224555489864866,16.489086285895272,15.96002469383446,16.312732421875,137210
2021-04-02,16.7536179015457,16.7536179015457,16.312733219926074,16.40091015625,94960
2021-04-05,16.400909353885133,16.489086285895272,16.180467023859798,16.312732421875,102950
2021-04-06,16.2245556640625,16.35682106349779,16.18046719758407,16.2245556640625,94890
2021-04-07,16.136378216911766,16.57726286764706,16.004112821691173,16.4890859375,144950
2021-04-08,16.533174980102213,16.621351913329423,16.31273264703418,16.444998046875,84290
2021-04-09,16.400907797759434,16.444996259581366,16.13637702682783,16.3568193359375,83860
2021-04-12,16.312733219926074,16.533175560735888,16.224556283602148,16.40091015625,123930
2021-04-13,16.444995770012845,16.489084230522263,16.048199625428083,16.0922880859375,94860
2021-04-14,16.0922880859375,16.224553467465753,15.871845783390413,16.0922880859375,88090
2021-04-15,16.092289984809028,16.136378450520834,15.87184765625,15.87184765625,86910
2021-04-16,15.783670613839286,15.915936010044645,15.1223436328125,15.430962890625,119320
2021-04-19,15.430962890625,15.51913982142857,15.25460902901786,15.430962890625,65520
2021-04-20,15.519138768115942,15.695492617753624,14.9900772192029,15.21051953125,100630
2021-04-21,15.210519531250002,15.210519531250002,15.21051953125,15.21051953125,0
2021-04-22,15.122343091881794,15.122343091881794,14.1964853515625,14.1964853515625,178310
2021-04-23,14.19648591785318,14.9019013671875,13.976043589936204,14.9019013671875,120010
2021-04-26,15.07825469466743,15.07825469466743,14.284662342316512,14.416927734375,66940
2021-04-27,14.37283984375,14.549193706863496,14.108309049079754,14.37283984375,30630
2021-04-28,14.416928309528371,14.505105241085122,14.284662912193252,14.37283984375,76580
2021-04-29,14.372839270355504,14.593281590452982,14.372839270355504,14.416927734375,57580
2021-04-30,14.416927734375,14.416927734375,14.416927734375,14.416927734375,0
2021-05-03,14.416927734375,14.416927734375,14.416927734375,14.416927734375,0
2021-05-04,14.10830825617284,14.41692749927662,14.10830825617284,14.284662109375,54610
2021-05-05,14.549193359375,14.725547218276516,14.372839500473486,14.549193359375,59660
2021-05-06,14.549193126433485,14.725546982511467,14.416927734375,14.416927734375,72280
2021-05-07,14.328750334647586,14.461015722352023,14.064219559238706,14.152396484375,94940
2021-05-10,14.152396457981418,14.769634932784347,14.020131070523648,14.6814580078125,168640
2021-05-11,14.725547569976992,14.769636035755369,14.152397514858128,14.37283984375,105570
2021-05-12,14.46101602868541,14.549192955689588,14.240573711174962,14.5051044921875,61720
2021-05-13,14.41692749927662,14.54919288917824,14.24057364607446,14.284662109375,130140
2021-05-14,14.284662683823528,14.505105009191174,14.24057421875,14.24057421875,87290
2021-05-17,14.240573859627014,14.328750787550405,13.667423828125,13.667423828125,159330
2021-05-18,13.667423592732083,13.755600519136808,13.314715887113191,13.535158203125,103940
2021-05-19,13.535158895537208,13.535158895537208,13.182451171875,13.182451171875,155750
2021-05-20,13.050185042425497,13.3147158203125,13.006096579444328,13.3147158203125,69350
2021-05-21,13.226538960708467,13.755600519136808,13.050185107899022,13.535158203125,56080
2021-05-24,13.667424456359475,13.887866786300757,13.49107059240645,13.8437783203125,72630
2021-05-25,13.976043311950878,13.976043311950878,13.75560098841853,13.799689453125,49460
2021-05-26,13.75560116057074,13.75560116057074,13.579247299537782,13.7115126953125,59960
2021-05-27,13.66742516212214,13.711513630387053,13.40289435253268,13.4910712890625,66760
2021-05-28,13.491069909067624,13.57924683657787,13.314716054047132,13.4469814453125,44350
2021-05-31,13.66742516212214,13.66742516212214,13.358805884267769,13.4910712890625,46520
2021-06-01,13.491069805438702,13.887865976186898,13.491069805438702,13.7556005859375,50880
2021-06-02,13.579247354628164,13.976043543562104,13.53515888919106,13.931955078125,65630
2021-06-03,14.284662279211958,14.284662279211958,13.931954568614133,14.1964853515625,94480
2021-06-04,14.19648569550904,14.240574160401923,13.93195490615173,14.0201318359375,64270
2021-06-07,14.0201318359375,14.284662625294812,13.93195490615173,14.0201318359375,901600
2021-06-08,14.0201318359375,14.0201318359375,14.0201318359375,14.0201318359375,0
2021-06-09,13.887866786300757,14.020132184265526,13.755601388335988,13.8437783203125,486200
2021-06-10,13.931955252289011,13.931955252289011,13.711512922347731,13.8437783203125,372400
2021-06-11,13.931955478608044,14.108309345425868,13.755601611790222,13.9760439453125,573500
2021-06-14,14.10830825617284,14.54919288917824,14.0642197928723,14.284662109375,1251700
2021-06-15,14.32875057267554,14.505104425877702,14.10830825617284,14.284662109375,724100
2021-06-16,14.284662462908011,15.078254821958456,14.284662462908011,14.8578125,1637900
2021-06-17,14.637368815104166,14.857811116536457,14.505103434244791,14.81372265625,1148600
2021-06-18,14.81372265625,14.857811116536457,14.637368815104166,14.81372265625,913700
2021-06-21,14.63737023711623,15.43096259936952,14.63737023711623,15.0782548828125,1539400
2021-06-22,15.078254821958456,15.16643175074184,14.8578125,14.8578125,850900
2021-06-23,14.857812612452651,14.857812612452651,14.416927965198864,14.549193359375,871500
2021-06-24,14.549193299278846,14.637370228365384,14.3287509765625,14.3287509765625,785800
2021-06-25,14.37283984375,14.416928309528371,14.152397514858128,14.37283984375,521600
2021-06-28,14.637370638420244,14.637370638420244,14.240574446414875,14.37283984375,414700
2021-06-29,14.41692784423828,14.41692784423828,14.064220129394531,14.10830859375,767100
2021-06-30,14.10830859375,14.284662451171874,14.064220129394531,14.10830859375,359000
2021-07-01,14.196485522460936,14.240573986816406,13.976043200683591,14.10830859375,445200
2021-07-02,14.284662109375,14.284662109375,14.10830825617284,14.284662109375,606200
2021-07-05,14.284662109375,14.284662109375,14.284662109375,14.284662109375,0
2021-07-06,14.284662109375,14.284662109375,14.284662109375,14.284662109375,0
2021-07-07,14.284662109375,14.284662109375,14.284662109375,14.284662109375,0
2021-07-08,14.284662109375,14.284662109375,14.284662109375,14.284662109375,0
2021-07-09,13.40289413160066,13.5792480017533,13.22654026144802,13.3588056640625,429100
2021-07-12,13.3588056640625,13.3588056640625,13.3588056640625,13.3588056640625,0
2021-07-13,12.6974775390625,12.7856544664171,12.5211236843533,12.6974775390625,321700
2021-07-14,12.6974775390625,12.6974775390625,12.6974775390625,12.6974775390625,0
2021-07-15,12.565211817075127,12.917919517203554,12.565211817075127,12.8738310546875,148300
2021-07-16,12.8738310546875,12.8738310546875,12.8738310546875,12.8738310546875,0
2021-07-19,12.60930230189732,12.60930230189732,12.344771484375,12.344771484375,409100
2021-07-20,12.697477204623288,12.917919517203554,12.344769504494865,12.8738310546875,384300
2021-07-21,13.050184406459731,13.270626710622905,12.962007484794464,13.138361328125,440200
2021-07-22,13.138363105468748,13.2265400390625,13.006097705078124,13.2265400390625,435600
2021-07-23,13.2265400390625,13.623336240234371,13.138363105468748,13.2265400390625,493600
2021-07-26,13.2265400390625,13.270628505859374,13.050186171875,13.2265400390625,275300
2021-07-27,13.3147158203125,13.446981209256002,13.182450431369,13.3147158203125,450400
2021-07-28,13.2706279296875,13.446981789218231,13.22653946480482,13.2706279296875,265400
2021-07-29,13.2706279296875,13.40289332433555,13.2706279296875,13.2706279296875,215000
2021-07-30,13.402892878605767,13.843777512770432,13.27062748835637,13.7556005859375,640200
2021-08-02,13.75560081845238,13.976043139260913,13.75560081845238,13.8878662109375,599100
2021-08-03,13.887865976186898,13.887865976186898,13.6233351956881,13.7556005859375,503000
2021-08-04,13.7556005859375,13.7556005859375,13.7556005859375,13.7556005859375,0
2021-08-05,13.75560132285276,14.37283984375,13.711512857074386,14.37283984375,1078800
2021-08-06,14.37283984375,14.505105241085122,14.284662912193252,14.37283984375,1063800
2021-08-09,14.108308486238531,14.505104662413991,14.108308486238531,14.416927734375,709100
2021-08-10,14.416927734375,14.416927734375,14.416927734375,14.416927734375,0
2021-08-11,15.871846199682205,16.136376969676906,15.607315429687498,15.6073154296875,2388200
2021-08-12,15.960025130900933,16.665440606299867,15.739582794838766,16.577263671875,4156000
2021-08-13,15.96002469383446,16.312732421875,15.430963101773647,16.312732421875,4915100
2021-08-16,16.75361706637597,17.106324794089147,16.44499780462694,17.062236328125,4289400
2021-08-17,17.062236328125,17.062236328125,17.062236328125,17.062236328125,0
2021-08-18,17.01814763387044,17.459032287597655,16.709528376261396,16.929970703125,2977400
2021-08-19,16.92996890862944,17.635384279822333,16.797703526530775,17.370853515625,4715200
2021-08-20,17.459032752403846,17.89991741786859,16.40090955528846,17.194501953125,4674200
2021-08-23,17.018146244696474,17.547207785982376,16.753615474053525,16.885880859375,2189300
2021-08-24,16.88588212316176,17.282678308823527,15.960024356617646,16.4890859375,3299600
2021-08-25,16.577262524801586,16.665439453125,15.960024026537695,16.665439453125,1459700
2021-08-26,16.885883254338044,17.32676793460797,16.621352446176093,17.1504140625,3046400
2021-08-27,17.326766122671273,18.34080078125,17.062235342172478,18.34080078125,8765800
2021-08-30,18.86986293764468,19.619366839373555,18.60533214879919,19.046216796875,4128600
2021-08-31,18.86986213662791,19.35483522892442,18.605331359011625,18.9580390625,3224200
2021-09-01,18.56124315104167,19.83980859375,18.56124315104167,19.83980859375,4350500
2021-09-02,19.83980859375,19.83980859375,19.83980859375,19.83980859375,0
2021-09-03,19.83980859375,19.83980859375,19.83980859375,19.83980859375,0
2021-09-06,19.839808808772933,20.104339592889907,18.958039528383026,19.2225703125,4553000
2021-09-07,18.958040212470795,19.751632593457945,18.781686350029204,18.86986328125,3868600
2021-09-08,18.86986328125,18.86986328125,18.86986328125,18.86986328125,0
2021-09-09,19.134394628026463,19.839810098184124,18.958040760487048,19.575279296875,2589900
2021-09-10,19.57527628488041,19.57527628488041,18.958037843465263,19.354833984375,2232800
2021-09-13,19.17848014397067,19.487099364678247,19.002126303566342,19.354833984375,2411300
2021-09-14,19.35483663536833,19.39892510150812,18.78168657555105,19.00212890625,2328700
2021-09-15,18.958040731765184,20.324783203125,18.73759839767489,20.324783203125,6633100
2021-09-16,20.85384304283405,20.897931505926724,20.28069302262931,20.457046875,2336200
2021-09-17,20.63340153902897,20.942020792817864,20.192516890759123,20.545224609375,4325400
2021-09-20,20.63340177336836,20.76566716935149,19.57527860550332,19.927986328125,6699300
2021-09-21,19.927986328125,19.927986328125,19.927986328125,19.927986328125,0
2021-09-22,19.927986328125,19.927986328125,19.927986328125,19.927986328125,0
2021-09-23,19.66345623064471,20.06025243260839,19.487102363105294,19.575279296875,3175700
2021-09-24,19.531190499927497,19.61936743220708,19.00212890625,19.00212890625,272050000
2021-09-27,19.002127287031616,19.531188835626462,18.693508050351287,18.8257734375,3097800
2021-09-28,18.82577413632454,19.2225703125,18.82577413632454,19.2225703125,1834900
2021-09-29,19.398924523873397,20.545224609375,19.398924523873397,20.545224609375,11745500
2021-09-30,20.897931505926724,20.897931505926724,20.23660455953664,20.457046875,3905700
2021-10-01,20.324781616726003,21.29472781101661,20.192516226595465,20.897931640625,5075600
2021-10-04,20.897931640625,21.559258591277693,20.368870080102848,20.897931640625,1408
2021-10-05,20.89793058702025,21.11837289279051,20.67748828125,20.67748828125,3607500
2021-10-06,20.67748828125,20.67748828125,20.67748828125,20.67748828125,0
2021-10-07,22.088319839015156,22.74964678030303,21.735612136994952,21.8237890625,3618900
2021-10-08,21.8237890625,21.8237890625,21.8237890625,21.8237890625,0
2021-10-11,21.8237890625,21.8237890625,21.8237890625,21.8237890625,0
2021-10-12,21.77970197517641,22.308763561617944,21.60334811302923,21.86787890625,3555500
2021-10-13,21.867877525252528,22.13240830176768,21.735612136994952,21.8237890625,3685800
2021-10-14,21.8237890625,21.8237890625,21.8237890625,21.8237890625,0
2021-10-15,22.39694049269153,22.48511742376512,21.69152504410282,21.86787890625,4326200
2021-10-18,21.86787890625,21.86787890625,21.86787890625,21.86787890625,0
2021-10-19,21.73561292724609,21.73561292724609,21.162462890625,21.162462890625,5012200
2021-10-20,21.338816070056357,22.04423147733094,20.986108366419057,21.515169921875,3084200
2021-10-21,21.074286654197564,21.338817449020127,20.72157892776748,20.809755859375,5819600
2021-10-22,20.80975428479381,21.60334660921392,20.80975428479381,21.382904296875,4774000
2021-10-25,21.382904296875,21.382904296875,21.382904296875,21.382904296875,0
2021-10-26,21.382904296875,21.382904296875,21.382904296875,21.382904296875,0
2021-10-27,21.382904296875,21.382904296875,21.382904296875,21.382904296875,0
2021-10-28,22.573294,22.573294,22.044232421875,22.044232421875,4216900
2021-10-29,22.044231376262623,22.39693907828283,21.77970059974748,21.8237890625,3560900
2021-11-01,21.8237890625,21.8237890625,21.8237890625,21.8237890625,0
2021-11-02,21.16246345766129,21.86787890625,21.118374992124497,21.86787890625,2904900
2021-11-03,21.691525188873623,21.95605598385989,19.92798655563187,20.060251953125,5180500
2021-11-04,20.28069560980444,21.162464984143764,19.97207632878568,20.853845703125,2899600
2021-11-05,20.85384364013672,21.29472828369141,20.80975517578125,21.162462890625,1584300
2021-11-08,21.471082490808826,22.00014407169117,21.16246323529412,21.73561328125,3120600
2021-11-09,21.91196608846696,21.91196608846696,21.25063914414703,21.515169921875,2631900
2021-11-10,21.51516908700981,22.485115234375,21.250638319546567,22.485115234375,5289500
2021-11-11,23.102353356031127,23.102353356031127,22.04423030155642,22.66146875,5484000
2021-11-12,22.66147104779412,23.984125,22.66147104779412,23.984125,7471200
2021-11-15,24.2486566005609,24.46909893329327,23.719595002003203,24.072302734375,5372800
2021-11-16,23.80777125169224,24.86589441843412,23.10235580719765,24.425009765625,5193600
2021-11-17,24.07230064278218,24.160477568213626,23.631416015625,23.631416015625,2637200
2021-11-18,23.631417511792453,24.072302166863206,22.97009052918632,23.36688671875,3535300
2021-11-19,23.36688805958581,23.98412661210317,21.7356147422185,22.220587890625,5031300
2021-11-22,22.22058442164179,22.308761343949893,20.67748828125,20.67748828125,5510000
2021-11-23,20.10433996875,22.044232421875,20.10433996875,22.044232421875,2313600
2021-11-24,22.749646433491986,22.83782335765281,22.000142578125,22.000142578125,2504700
2021-11-25,22.044232768397173,22.39694049269153,21.60334811302923,21.86787890625,2676400
2021-11-26,22.04423174520177,23.146443332461864,21.42699325633612,22.396939453125,4280400
2021-11-29,21.603349081503374,23.190533911981177,21.603349081503374,22.837826171875,4184400
2021-11-30,23.366884436446632,24.072299815660116,23.01417674683989,23.54323828125,5005600
2021-12-01,23.366886488970582,23.543240349264707,23.102355698529408,23.23462109375,2419700
2021-12-02,23.01417978295348,23.71959525522791,23.01417978295348,23.455064453125,2824000
2021-12-03,23.80776907169118,23.80776907169118,22.485115234375,22.485115234375,3030900
2021-12-06,22.220584466911767,22.88191138556985,22.04423062193628,22.485115234375,2201200
2021-12-07,22.881913257827613,22.926001722678915,22.48511707416586,22.793736328125,2111100
2021-12-08,22.926,23.27870769230769,22.83782307692308,22.926,2434900
2021-12-09,23.11088847734064,23.48066269297809,23.018444923431275,23.20333203125,1724400
2021-12-10,23.341998603835503,24.405099530346824,23.341998603835503,23.989103515625,3936700
2021-12-13,24.49754097732843,24.543762752757356,23.57310546875,23.57310546875,3409400
2021-12-14,23.11089091919456,23.11089091919456,22.001568155073222,22.09401171875,7397300
2021-12-15,21.308238143762942,22.92600025879917,21.308238143762942,22.3251171875,3863900
2021-12-16,22.186453718354432,22.46378438983386,21.72423593255538,21.909123046875,2626900
2021-12-17,21.63179237539557,22.46378438983386,21.493127039655853,21.909123046875,2729700
2021-12-20,21.81667931058114,21.862901088781523,21.077130859375,21.077130859375,3620700
2021-12-21,21.077130275974024,21.631791599025977,20.52246895292208,21.3544609375,3318900
2021-12-22,21.770457942996405,21.770457942996405,20.753578803408463,20.892244140625,2508200
2021-12-23,20.799799605839933,21.123352044153,20.19891650611567,20.430025390625,2314200
2021-12-24,20.753576171875,20.98468503793152,20.29135843976197,20.753576171875,1887400
2021-12-27,21.077130267251132,21.077130267251132,20.38380361372313,20.430025390625,1450800
2021-12-28,20.522468664148352,21.53934774210165,20.29135978279533,21.030908203125,3368500
2021-12-29,20.98468769876936,21.35446193134679,20.84602236155282,20.892244140625,1316900
2021-12-30,20.799799019949777,21.123351449148995,20.66113369315011,20.70735546875,1092300
2021-12-31,20.89224365562081,21.07713076761745,20.61491298762584,20.661134765625,1323800
2022-01-03,20.661134765625,20.661134765625,20.661134765625,20.661134765625,0
2022-01-04,20.75358004543672,22.09401171875,20.75358004543672,22.09401171875,3935700
2022-01-05,22.55622734375,22.9260015625,22.140231347656247,22.186453125,3077700
2022-01-06,22.186453025477707,22.186453025477707,21.77045703125,21.77045703125,1903000
2022-01-07,21.678012599734043,22.001565026595745,21.354460172872344,21.724234375,1960700
2022-01-10,21.446906657608697,22.140233381453804,21.16957596807065,21.26201953125,3443800
2022-01-11,21.16957441577577,21.909122866981907,20.984687302974237,21.077130859375,2087000
2022-01-12,21.0771295212766,21.90912147606383,20.661133543882983,21.724234375,2281200
2022-01-13,22.32511887078536,22.32511887078536,20.984687302974237,21.077130859375,1453200
2022-01-14,20.476248324652776,21.40068391493056,20.476248324652776,20.79980078125,1008000
2022-01-17,21.1695751976432,21.1695751976432,19.36692578125,19.36692578125,3023600
2022-01-18,18.8584871484375,19.36692675292969,18.1189386328125,18.488712890625,1574300
2022-01-19,18.488709984756092,18.950927734375,18.44248820979421,18.950927734375,739200
2022-01-20,18.95092796254381,19.782919921875,18.858484411507007,19.782919921875,867300
2022-01-21,20.152693482035023,20.152693482035023,19.135814453125,19.135814453125,1270200
2022-01-24,18.026492572053108,18.81226276109132,17.84160546875,17.84160546875,1948600
2022-01-25,17.102056980085013,18.488710248740556,17.102056980085013,18.350044921875,828700
2022-01-26,18.581156342032067,18.581156342032067,17.656720703125,17.656720703125,1120400
2022-01-27,17.749162499999997,17.749162499999997,17.24072294921875,17.564275390625,556000
2022-01-28,17.8416062541336,17.8416062541336,17.2869449198082,17.47183203125,814000
2022-01-31,17.47183203125,17.47183203125,17.47183203125,17.47183203125,0
2022-02-01,17.47183203125,17.47183203125,17.47183203125,17.47183203125,0
2022-02-02,17.47183203125,17.47183203125,17.47183203125,17.47183203125,0
2022-02-03,17.47183203125,17.47183203125,17.47183203125,17.47183203125,0
2022-02-04,17.47183203125,17.47183203125,17.47183203125,17.47183203125,0
2022-02-07,17.887827457843443,18.67359765625,17.74916212871287,18.67359765625,995400
2022-02-08,18.673597859893366,19.6904769512737,18.39626719860782,19.50558984375,1323200
2022-02-09,19.505590608798965,20.060251953125,19.413147051411293,20.060251953125,1053800
2022-02-10,20.15269393168605,20.383802807049417,19.413145530523256,19.87536328125,1291100
2022-02-11,20.060250189887157,20.060250189887157,19.59803244357639,19.967806640625,588700
2022-02-14,19.413147361193587,20.33758294982185,19.413147361193587,19.459369140625,983700
2022-02-15,19.459369140625,19.459369140625,19.459369140625,19.459369140625,0
2022-02-16,19.921584490574823,20.152693359375,19.875362716814795,20.152693359375,712400
2022-02-17,20.152693739149303,20.29135906304253,19.782919542100696,19.967806640625,498000
2022-02-18,19.690478582974137,20.24513995150862,19.598035021551723,20.106474609375,834400
2022-02-21,19.875365001037057,20.93846591969718,19.875365001037057,20.892244140625,1957800
2022-02-22,20.6611326254524,20.846019718297608,19.875362480860247,20.753576171875,1320600
2022-02-23,20.753576171875,21.077128584354124,20.522467305818484,20.753576171875,833800
2022-02-24,20.614914197198274,20.799801320043105,19.598035021551723,20.106474609375,1868800
2022-02-25,20.152696188501142,20.476248650243136,20.152696188501142,20.19891796875,605700
2022-02-28,20.15269445398352,21.123351755666206,19.9678073489011,21.030908203125,1600600
2022-03-01,21.262017774290392,21.53934844091157,20.98468710766921,21.16957421875,2203300
2022-03-02,21.16957362049549,21.354460726351352,20.52246875,20.52246875,1088300
2022-03-03,20.568691107737443,21.63179199645196,20.522469329967247,21.16957421875,2077300
2022-03-04,21.44690488537118,21.49312666314137,21.16957421875,21.16957421875,2099700
2022-03-07,20.522469329967247,21.53934844091157,20.522469329967247,21.16957421875,1558200
2022-03-08,21.07712896769663,21.123350741748595,20.4300241309691,20.568689453125,1553100
2022-03-09,20.61491289419235,20.799800005351027,19.875364449557647,20.245138671875,1432300
2022-03-10,20.61491135221641,21.16957264420429,20.430024254887115,20.984685546875,1134500
2022-03-11,20.984685542847934,22.417560546875,20.799798445554124,22.417560546875,8258200
2022-03-14,23.110887871413937,23.29577497438525,22.41756123527152,22.5562265625,4111700
2022-03-15,22.37133926977041,23.295774776785716,21.72423441485969,22.648669921875,2869600
2022-03-16,22.648669921875,23.110887675382653,22.186452168367342,22.648669921875,2989600
2022-03-17,22.694891889728485,23.526883853099385,22.463783011014343,22.5562265625,3051300
2022-03-18,22.37134063156513,22.97222374770221,22.00156640625,22.00156640625,2943600
2022-03-21,22.047787217881947,22.648670307677467,21.95534366560571,22.463783203125,2886000
2022-03-22,22.74111405604339,22.74111405604339,22.047787407993283,22.37133984375,2706500
2022-03-23,22.55622734375,22.55622734375,22.001566015625,22.186453125,2775100
2022-03-24,22.00156506696429,23.064665900031887,22.00156506696429,22.648669921875,3721300
2022-03-25,22.926,22.97222177419355,22.55622580645161,22.926,2599100
2022-03-28,22.74111351102941,23.942879672181373,22.64866996017157,23.57310546875,5766600
2022-03-29,23.57310546875,23.98910144761029,23.34199659160539,23.57310546875,2453200
2022-03-30,23.573105230564025,23.804214105373475,22.74111328125,22.74111328125,2920300
2022-03-31,22.64867310081067,22.926003791841,22.09401171875,22.09401171875,2269800
2022-04-01,21.7242345991291,22.5562265625,21.30823861744365,22.5562265625,2868200
2022-04-04,22.64867050297004,23.01844471526343,22.186452737603304,22.37133984375,1716900
2022-04-05,22.37134080845141,22.926002150809715,22.23267547286184,22.83355859375,1672600
2022-04-06,22.74111314445525,24.22020993433852,22.648669595087547,23.7579921875,6678300
2022-04-07,23.89665868557022,23.989102239479585,23.20333203125,23.20333203125,1883200
2022-04-08,23.48066191789216,24.49754097732843,22.97222238817402,23.57310546875,4184000
2022-04-11,23.57310546875,23.57310546875,23.57310546875,23.57310546875,0
2022-04-12,23.573106938428214,24.91353850943688,23.341998046875,23.341998046875,4297000
2022-04-13,23.34199521019345,23.75799116443452,21.816676711309523,23.2957734375,2401000
2022-04-14,23.20333122608418,23.66554897959184,22.510004595822704,22.648669921875,2985900
2022-04-15,22.2788959889282,22.74111374803459,21.539347574357965,22.047787109375,5096500
2022-04-18,21.631791385135138,21.90912204391892,20.52246875,20.52246875,3731900
2022-04-19,20.7997998046875,21.1695740234375,19.9678078125,20.33758203125,2337600
2022-04-20,20.52246727347488,20.75357613916717,19.320701171875,19.320701171875,1772700
2022-04-21,18.997150893702653,19.228259785353533,17.980271770438762,18.30382421875,2768300
2022-04-22,18.30382295582707,18.81226248237782,17.102056802161652,18.44248828125,1850200
2022-04-25,18.534933556997647,18.534933556997647,17.194501953125,17.194501953125,1481500
2022-04-26,16.177622805359544,17.194501953125,15.992735687584004,17.194501953125,1859000
2022-04-27,17.286944628116576,17.3331664051971,16.732283303150272,17.148279296875,1076400
2022-04-28,17.240723732568885,17.656719747563844,17.102058394237233,17.194501953125,1063800
2022-04-29,17.102056946286474,17.65671825265252,16.73228274204244,17.425609375,1070600
2022-05-02,17.425609375,17.425609375,17.425609375,17.425609375,0
2022-05-03,17.425609375,17.425609375,17.425609375,17.425609375,0
2022-05-04,17.749162313432837,18.6273760737329,17.56427520600124,18.581154296875,1833200
2022-05-05,18.76604180080088,18.85848535646985,17.980271577614637,18.396267578125,1249500
2022-05-06,17.70294152700773,18.165159321446573,17.194501953125,17.194501953125,1236600
2022-05-09,16.732283807126084,16.732283807126084,15.9927353515625,15.9927353515625,2511500
2022-05-10,15.06830023036859,16.36251006610577,15.06830023036859,16.2238447265625,979700
2022-05-11,16.54739588253997,16.54739588253997,15.576738582167517,15.900291015625,936000
2022-05-12,15.8078478515625,16.085178515625,14.79096875,14.79096875,1642600
2022-05-13,14.328751179739934,14.883412515729866,13.77408984375,13.77408984375,1612200
2022-05-16,13.86653349905303,14.513638395675503,13.7278681640625,13.7278681640625,948500
2022-05-17,13.727867230628943,14.652302734375,13.727867230628943,14.652302734375,810400
2022-05-18,14.837189856293003,15.253185833572248,14.652302755280008,15.1145205078125,755000
2022-05-19,14.60608058313863,15.16074187110592,14.421193487149534,14.837189453125,675900
2022-05-20,15.06829960818407,15.484295609637003,14.837190718487994,15.1607431640625,923000
2022-05-23,15.438072515089566,15.438072515089566,14.60608058313863,14.837189453125,630100
2022-05-24,14.74474609375,14.929633192104232,14.374971897041537,14.74474609375,694100
2022-05-25,14.975855574324324,15.438073338963964,14.698524915540542,15.3918515625,867600
2022-05-26,15.4380736328125,15.900291406249998,15.39185185546875,15.715404296875,868100
2022-05-27,15.715404296875,16.13140029296875,15.715404296875,15.715404296875,877900
2022-05-30,15.715404199505132,15.946513084791972,15.622960645390396,15.7616259765625,989000
2022-05-31,15.7616259765625,15.99273486184934,15.622960645390396,15.7616259765625,872200
2022-06-01,15.76162645919888,16.22384424392612,15.76162645919888,15.9927353515625,790300
2022-06-02,15.9927353515625,15.9927353515625,15.9927353515625,15.9927353515625,0
2022-06-03,15.900291605029588,15.99273516087278,15.530517381656804,15.6229609375,762900
2022-06-06,15.622960249533582,15.807847353078358,15.299407818330222,15.484294921875,671600
2022-06-07,15.39185165956796,15.715404096856174,14.975855668768824,15.3456298828125,1152100
2022-06-08,15.484295218841371,16.085178316885965,15.438073442068712,15.80784765625,1504600
2022-06-09,15.715403921698446,16.40873056530279,15.715403921698446,16.3625087890625,1129600
2022-06-10,16.1776220703125,17.2869447265625,16.085178515625,16.63983984375,2298600
2022-06-13,15.530516697761191,16.17762156016791,15.484294921875,15.484294921875,1533700
2022-06-14,14.790967679127728,15.62295961107866,14.790967679127728,14.837189453125,767100
2022-06-15,14.790968338815787,15.114520771227385,13.866532817639802,14.051419921875,1564600
2022-06-16,14.606080769984326,14.79096786833856,14.097641249510188,14.74474609375,804300
2022-06-17,14.051420998349837,14.421195235148517,13.774090320750826,14.00519921875,1134200
2022-06-20,14.09764188583583,14.790968535958903,13.450537012387628,13.4967587890625,1161900
2022-06-21,12.942098119703388,14.143864373675848,12.942098119703388,13.6354248046875,640900
2022-06-22,14.14386366928808,14.14386366928808,13.7278676790149,13.9589765625,614400
2022-06-23,13.866533668154764,14.698525688244048,13.774090110367064,14.5598603515625,440900
2022-06-24,14.606081640625,14.6985251953125,14.282529199218748,14.3287509765625,407300
2022-06-27,14.328750214966586,14.6985244140625,14.051419565644654,14.6985244140625,573200
2022-06-28,14.790968059936908,14.790968059936908,14.467415633625787,14.652302734375,623600
2022-06-29,14.374972852194578,14.652303518153316,14.282529296875,14.282529296875,643200
2022-06-30,14.65230341796875,14.65230341796875,13.91275498046875,14.3287509765625,633900
2022-07-01,14.09764277794967,14.28252989634901,13.45053786355198,14.00519921875,417100
2022-07-04,14.051421073717949,14.790969551282052,14.051421073717949,14.4211953125,631800
2022-07-05,14.698524989652318,14.698524989652318,13.86653300910596,13.9589765625,644400
2022-07-06,13.86653330110786,14.190085744800378,13.77408974576714,13.8203115234375,536700
2022-07-07,14.143863967130017,14.143863967130017,13.63542441275606,13.8203115234375,358900
2022-07-08,14.051419541396104,14.513637289468344,13.912754216974433,14.236306640625,421700
2022-07-11,14.00519939145398,14.606082533661576,14.00519939145398,14.3749736328125,650800
2022-07-12,14.3749736328125,14.3749736328125,14.3749736328125,14.3749736328125,0
2022-07-13,14.79096836419753,15.253186125578702,14.698524811921295,14.97585546875,918900
2022-07-14,14.744746972656248,14.975855859375,14.65230341796875,14.79096875,562600
2022-07-15,14.79096875,15.206964746093748,14.55985986328125,14.79096875,704300
2022-07-18,14.883411916473763,15.345629677854935,14.744746588059414,14.97585546875,666500
2022-07-19,15.068299021026236,15.068299021026236,14.698524811921295,14.97585546875,431400
2022-07-20,15.206964154764188,15.253185930310584,14.975855277032208,15.068298828125,758000
2022-07-21,15.16074237921779,15.576738359135351,14.975855277032208,15.068298828125,1205200
2022-07-22,14.92963300111955,15.253185419100468,14.837189453125,14.837189453125,597100
2022-07-25,14.790969246031748,14.929634582713293,14.5598603515625,14.5598603515625,654600
2022-07-26,14.6060810546875,14.883411707624605,14.467415728218946,14.6060810546875,471100
2022-07-27,14.513637503708464,14.652302830177018,14.328750401750394,14.6060810546875,375800
2022-07-28,14.883412109375,15.160742769798135,14.744746779163432,14.883412109375,715700
2022-07-29,15.022077341935953,15.068299118372678,14.883412012625774,14.9296337890625,508800
2022-08-01,14.790967803030304,15.34562909564394,14.790967803030304,15.253185546875,1309100
2022-08-02,15.253186137490644,15.576738570710145,15.253186137490644,15.4380732421875,1154100
2022-08-03,15.068299793061756,15.530517578125,15.068299793061756,15.530517578125,754800
2022-08-04,15.761625675407,15.761625675407,15.299407913664858,15.4380732421875,917500
2022-08-05,15.345630464099704,15.576739356631323,15.29940868559338,15.530517578125,803400
2022-08-08,15.576738964843749,15.94651318359375,15.5305171875,15.715404296875,931500
2022-08-09,15.715404692150296,15.854070027669271,15.484295799618677,15.530517578125,591800
2022-08-10,15.622960742187498,15.8078478515625,15.345630078125,15.715404296875,1226900
2022-08-11,15.900290904850744,15.94651268073694,15.25318604244403,15.484294921875,855600
2022-08-12,15.345629786036035,15.576738668355857,15.206964456644144,15.3918515625,822800
2022-08-15,15.4380732421875,15.715403899232786,15.391851466013286,15.4380732421875,525800
2022-08-16,15.715404394819322,16.085178615873893,15.622960839555676,15.6691826171875,1330600
2022-08-17,15.669182123058572,15.761625675407,15.4380732421875,15.4380732421875,631800
2022-08-18,15.438073831697787,15.484295609637003,15.06829960818407,15.1607431640625,836100
2022-08-19,15.068299118372678,15.299408000556308,14.790968459752325,14.9296337890625,943100
2022-08-22,14.744746972656248,15.0682994140625,14.6985251953125,14.79096875,664100
2022-08-23,14.790967803030304,15.253185546875,14.790967803030304,15.253185546875,464600
2022-08-24,15.253185833572248,15.253185833572248,15.068298732559253,15.1145205078125,443900
2022-08-25,15.114520223721591,15.253185546875,15.114520223721591,15.253185546875,352000
2022-08-26,15.253185930310584,15.438073032496169,15.068298828125,15.068298828125,381900
2022-08-29,14.79096875,14.975855859375,14.5136380859375,14.79096875,856700
2022-08-30,14.79096786833856,14.97585496669279,14.606080769984326,14.74474609375,389400
2022-08-31,14.698524319161445,14.837189642927116,14.51363722080721,14.74474609375,288700
2022-09-01,14.74474609375,14.74474609375,14.74474609375,14.74474609375,0
2022-09-02,14.74474609375,14.74474609375,14.74474609375,14.74474609375,0
2022-09-05,14.744746588059414,14.97585546875,14.698524811921295,14.97585546875,312800
2022-09-06,14.975855859375,15.160742968749998,14.744746972656248,14.79096875,519600
2022-09-07,14.790968851132686,14.790968851132686,14.14386396389563,14.282529296875,835200
2022-09-08,14.374973050692182,14.42119482899023,14.143864159201954,14.1900859375,365300
2022-09-09,14.374972753906247,14.744746972656248,14.1438638671875,14.3287509765625,332800
2022-09-12,14.374972753906247,14.606081640625,14.3287509765625,14.3287509765625,320300
2022-09-13,14.374971965046672,14.513637289468344,14.236306640625,14.236306640625,282000
2022-09-14,14.051420700571896,14.374973150914013,13.866533586090688,14.1438642578125,443400
2022-09-15,14.328750190239449,14.374971965046672,14.143863091010552,14.236306640625,307500
2022-09-16,14.236307815053106,14.32875137229371,14.097642479192196,14.1438642578125,380300
2022-09-19,14.1438638671875,14.236307421875,13.866533203125,13.866533203125,535300
2022-09-20,13.86653272284836,14.0976416015625,13.820310947105533,14.0976416015625,317700
2022-09-21,14.097642479192196,14.282529593673408,13.95897714333129,14.1438642578125,335100
2022-09-22,14.14386463341346,14.467417092347755,14.051421073717949,14.4211953125,626400
2022-09-23,14.757689561267828,14.757689561267828,14.276983060900797,14.3250537109375,426400
2022-09-26,14.132771259014424,14.325053861177883,13.411711500901442,13.7482060546875,689600
2022-09-27,13.796276886705598,14.37312470078388,13.555923630839647,14.2769833984375,752000
2022-09-28,14.132771259014424,14.325053861177883,13.7482060546875,13.7482060546875,539200
2022-09-29,14.132771650598404,14.180842302471188,13.507853176252215,13.555923828125,511800
2022-09-30,13.459782608695653,13.459782608695653,12.78679347826087,13.2675,460600
2022-10-03,13.36363983463035,13.41171048151751,12.35415625,12.35415625,565500
2022-10-04,12.402227758789062,12.690651660156249,11.5369560546875,11.5369560546875,545000
2022-10-05,11.87344986060358,12.017661802230345,11.53695533014113,11.9215205078125,366400
2022-10-06,11.921521374458877,11.921521374458877,11.1043203125,11.1043203125,501000
2022-10-07,11.104319831031976,11.104319831031976,10.335189453125,10.335189453125,872500
2022-10-10,9.710271545960024,10.815896523965373,9.710271545960024,10.6716845703125,491000
2022-10-11,10.91203730562201,10.91203730562201,9.95062432715311,10.046765625,261500
2022-10-12,10.046765530927464,10.719754609554183,9.902553585507452,10.4794013671875,306400
2022-10-13,10.383260070240825,10.62361331260751,10.190977476347475,10.4794013671875,191700
2022-10-14,10.767825872747748,10.863967175182996,10.479401965442005,10.6716845703125,270700
2022-10-17,10.479401965442005,10.91203782640062,10.383260663006755,10.6716845703125,245200
2022-10-18,10.67168453125,10.912037786458331,10.67168453125,10.815896484375,264800
2022-10-19,10.863967135416669,10.9601084375,10.623613880208334,10.815896484375,144800
2022-10-20,10.81589618220992,10.960108131306054,10.575542933716369,10.7197548828125,356000
2022-10-21,10.863967022235576,10.863967022235576,9.9986953125,9.9986953125,425900
2022-10-24,10.094836450950384,10.38326034954897,9.306477794780928,9.3257060546875,477400
2022-10-25,9.325705699760372,9.662200235318736,8.700787276580554,9.1526513671875,795300
2022-10-26,9.143037574453867,9.56605929188391,9.085352794804315,9.1045810546875,296200
2022-10-27,9.210336585240238,9.517988746751394,9.133423544862447,9.4795322265625,311900
2022-10-28,9.479532359993811,9.758342135287748,9.373776927985768,9.710271484375,353100
2022-10-31,9.566059233398438,9.806412480468753,9.431461415039063,9.6141298828125,408700
2022-11-01,9.80641244612069,9.80641244612069,9.614129849137932,9.758341796875,330800
2022-11-02,9.758342135287748,9.854483437113242,9.51798888072401,9.710271484375,232200
2022-11-03,9.614130182549506,9.758342135287748,9.479532359993811,9.710271484375,288000
2022-11-04,9.614129475744354,9.80641206525924,9.22956429671458,9.364162109375,240700
2022-11-07,9.383391487306843,9.421848009795806,8.71040234375,8.71040234375,469000
2022-11-08,8.172009679773351,8.941140002575548,8.172009679773351,8.748857421875,312300
2022-11-09,9.037281292925824,9.037281292925824,8.71040090573489,8.748857421875,219300
2022-11-10,8.748858148243801,8.748858148243801,8.14316796875,8.14316796875,788400
2022-11-11,8.220081371550865,8.43159223725159,8.123940068959627,8.13355419921875,481400
2022-11-14,7.69130360756538,8.085482917453104,7.595162312470812,7.72014599609375,451000
2022-11-15,7.258668413889935,7.691304279618474,7.18175537109375,7.18175537109375,815800
2022-11-16,6.681820412111819,7.68168994140625,6.681820412111819,7.68168994140625,777800
2022-11-17,8.027798186888177,8.027798186888177,7.700917781673569,7.9797275390625,229100
2022-11-18,7.9797280118153715,8.172010614509718,7.643233457100265,8.162396484375,327500
2022-11-21,8.095097536440248,8.441206219708478,8.095097536440248,8.3066083984375,256200
2022-11-22,8.306607878619154,8.758471964608852,8.296993749130012,8.63348828125,612600
2022-11-23,8.65271638569079,8.662330515008223,8.38352076480263,8.4027490234375,288100
2022-11-24,8.18162491577433,8.38352165282634,8.13355426409528,8.248923828125,239700
2022-11-25,8.441206437109818,8.508505349478575,8.373907524741062,8.470048828125,210200
2022-11-28,8.527733575711583,9.0565107421875,8.527733575711583,9.0565107421875,833600
2022-11-29,9.508374454101562,9.662200532226564,9.2295646875,9.6141298828125,868700
2022-11-30,9.421847866881128,9.950625043083638,9.421847866881128,9.8064130859375,783400
2022-12-01,9.758342096989333,10.190977953506096,9.758342096989333,9.8544833984375,688300
2022-12-02,9.662200465526396,9.9025537109375,9.585287426994842,9.9025537109375,440500
2022-12-05,10.287119521949403,10.287119521949403,9.902554306175595,10.0948369140625,471200
2022-12-06,10.094836652057928,10.287119254954268,9.8544833984375,9.8544833984375,1112200
2022-12-07,9.662201171875,9.854483782260573,9.614130519278609,9.662201171875,410500
2022-12-08,9.662200465526396,10.142906956348604,9.662200465526396,9.9025537109375,353700
2022-12-09,9.902554226345488,10.3832607421875,9.758342271592882,10.3832607421875,707400
2022-12-12,10.57554296875,10.863966867897728,10.38326036931818,10.57554296875,638200
2022-12-13,10.575543348524306,10.575543348524306,9.998695529513888,10.3832607421875,424200
2022-12-14,10.527472738776408,10.719755345877347,10.190978176349764,10.239048828125,478200
2022-12-15,10.335189790814836,10.335189790814836,10.190977840245326,10.287119140625,161900
2022-12-16,10.23904874785959,10.671684610445205,9.99869549086758,10.52747265625,810900
2022-12-19,10.6716845703125,10.91203782640062,10.527472616659628,10.6716845703125,786100
2022-12-20,10.57554347826087,10.671684782608695,9.950625,9.950625,1280800
2022-12-21,9.9986953125,10.190977914663462,9.575673587740384,9.9986953125,539700
2022-12-22,10.239048604230184,10.287119254954268,9.758342096989333,9.8544833984375,185500
2022-12-23,9.8544833984375,9.95062469988567,9.614130144817077,9.8544833984375,153700
2022-12-26,9.854483165450509,9.90255381503807,9.421847319162437,9.46991796875,374100
2022-12-27,9.277635909734988,9.998695695465686,9.277635909734988,9.8064130859375,382800
2022-12-28,10.094836273923445,10.190977571770334,9.66220043361244,10.046765625,214000
2022-12-29,9.854483061855278,10.142906956348604,9.854483061855278,9.9025537109375,130600
2022-12-30,10.094836956521736,10.094836956521736,9.854483695652174,9.950625,235300
2023-01-02,9.950625,9.950625,9.950625,9.950625,0
2023-01-03,9.998694852941176,10.62361328125,9.998694852941176,10.62361328125,662100
2023-01-04,11.15239100191886,11.24853230365954,10.671684493215462,10.9601083984375,845100
2023-01-05,11.0081787109375,11.248531957901202,10.86396676275928,11.0081787109375,494000
2023-01-06,10.960108477618244,11.15239108248874,10.479401965442005,10.6716845703125,443200
2023-01-09,10.671684610445205,10.960108518835616,10.52747265625,10.52747265625,365200
2023-01-10,10.671684420072117,11.2485322265625,10.671684420072117,11.2485322265625,1461700
2023-01-11,12.017661802230345,12.017661802230345,11.53695533014113,11.9215205078125,1200400
2023-01-12,12.01766199010019,12.594509765625,11.921520694179389,12.594509765625,1783500
2023-01-13,12.78679273407219,12.931004682200822,12.017662344052807,12.4022275390625,1942600
2023-01-16,12.40222744030899,12.83486328125,12.40222744030899,12.83486328125,1048000
2023-01-17,12.9310048828125,13.267499433666355,12.546439681836665,12.9310048828125,1310700
2023-01-18,13.411711139547414,13.411711139547414,12.450298154633622,12.546439453125,1409500
2023-01-19,12.594509405838815,13.26749845805921,12.35415617290296,12.7867919921875,1216500
2023-01-20,12.7867919921875,12.7867919921875,12.7867919921875,12.7867919921875,0
2023-01-23,12.7867919921875,12.7867919921875,12.7867919921875,12.7867919921875,0
2023-01-24,12.7867919921875,12.7867919921875,12.7867919921875,12.7867919921875,0
2023-01-25,12.7867919921875,12.7867919921875,12.7867919921875,12.7867919921875,0
2023-01-26,12.7867919921875,12.7867919921875,12.7867919921875,12.7867919921875,0
2023-01-27,12.83486417196085,13.363641347584707,12.83486417196085,13.1232880859375,915500
2023-01-30,13.171358695652174,13.555923913043475,13.171358695652174,13.2675,1835300
2023-01-31,13.219428574831229,13.7962763671875,12.979075328016116,13.7962763671875,1172500
2023-02-01,13.796276261118914,13.84434691011236,12.83486328125,12.83486328125,1223700
2023-02-02,12.6906513671875,12.979075261896307,12.306086174242424,12.6906513671875,880600
2023-02-03,12.786793189723996,13.267499700615875,12.69065188754562,13.1713583984375,647700
2023-02-06,13.02714652445779,13.21942912998484,12.498369359258396,12.8829345703125,346600
2023-02-07,13.027145278695915,13.075215925480768,12.017661696213942,12.4983681640625,807300
2023-02-08,12.738722016305632,12.834863314541902,11.681167735706676,12.6906513671875,566800
2023-02-09,12.786792357466604,12.979074949308206,12.498368469704198,12.594509765625,493600
2023-02-10,12.594510331958643,13.219428783544377,12.594510331958643,12.9310048828125,868400
2023-02-13,12.882934344951924,13.7482060546875,12.594510441706731,13.7482060546875,2257700
2023-02-14,13.940488385509342,13.940488385509342,13.219428641431271,13.5078525390625,904800
2023-02-15,13.50785234309678,14.42119467234532,13.411711045281145,14.3731240234375,2425700
2023-02-16,14.469265963541668,14.469265963541668,14.036630104166669,14.4211953125,1359100
2023-02-17,14.469265354465794,14.709618599556588,14.084700162320525,14.228912109375,1123900
2023-02-20,14.32505389740089,14.90190170534992,14.228912596076052,14.8538310546875,2139500
2023-02-21,14.901901822916669,15.094184427083334,14.4211953125,14.4211953125,1312500
2023-02-22,14.036630346852837,14.757690124944594,13.555923828125,13.555923828125,2138300
2023-02-23,13.65206457641196,14.469265625,13.50785262666113,14.469265625,1688800
2023-02-24,14.709618874584718,15.094184073920266,14.421194975083056,14.469265625,1331300
2023-02-27,14.03662954618174,14.661547984881611,13.988558897050982,14.0847001953125,1059500
2023-02-28,14.325053941127234,14.421195242745537,13.4597822265625,13.4597822265625,1164300
2023-03-01,13.459782079409248,14.084700533096106,13.459782079409248,14.0366298828125,838300
2023-03-02,13.9404886191609,14.228912521626295,13.8443473183391,13.89241796875,513100
2023-03-03,13.940488247920223,14.421194739227817,13.844346949658702,14.0847001953125,1637500
2023-03-06,14.421194739227817,14.565406686620094,14.03662954618174,14.0847001953125,667000
2023-03-07,14.084700036779626,14.90190106280438,14.036629388189937,14.805759765625,2010400
2023-03-08,14.613477764423076,15.046113619290866,14.613477764423076,14.99804296875,1410400
2023-03-09,14.998042359983764,15.190324954342532,14.805759765625,14.805759765625,1847600
2023-03-10,14.565406961121017,14.709618911231123,14.276983060900797,14.3250537109375,1884100
2023-03-13,14.132771110790689,14.61347761115772,14.132771110790689,14.3250537109375,1038100
2023-03-14,14.32505351018075,14.51733610763284,13.652064419098432,13.7962763671875,1709800
2023-03-15,14.373123991100996,14.5173359375,13.940488151903974,14.5173359375,876300
2023-03-16,14.421194705447634,14.421194705447634,14.180841460356842,14.228912109375,696200
2023-03-17,14.421194705447634,14.421194705447634,14.132770811338684,14.228912109375,406700
2023-03-20,14.084700533096106,14.613477686215754,14.0366298828125,14.0366298828125,846100
2023-03-21,14.469266003130262,14.469266003130262,13.94048884022517,14.2769833984375,569400
2023-03-22,14.373124585120507,14.998043045343138,14.325053934334152,14.709619140625,2549000
2023-03-23,14.709619102700245,15.046113657337177,14.565407150712987,14.8538310546875,1124600
2023-03-24,14.99804273745888,15.04611338725843,14.469265589663856,14.6134775390625,1387300
2023-03-27,14.709618468445615,14.805759765625,14.51733587408685,14.805759765625,1019100
2023-03-28,14.998043045343138,15.334537600847632,14.709619140625,14.709619140625,2510700
2023-03-29,14.709618437248794,15.238395570613948,14.709618437248794,14.9499716796875,1205000
2023-03-30,15.094184000916124,15.142254650600568,14.61347750407166,14.757689453125,1401000
2023-03-31,14.757689181498344,14.805759830298014,14.5173359375,14.5173359375,1408300
2023-04-03,14.661547788761052,14.9499716796875,14.469265194810088,14.9499716796875,1415600
2023-04-04,15.046113619290866,15.19032557091346,14.853831017127405,14.99804296875,1895100
2023-04-05,14.90190170534992,14.998043006674758,14.613477801375408,14.8538310546875,1339600
2023-04-06,14.805760102809447,15.142254650600568,14.709618803440554,14.757689453125,1578700
2023-04-07,14.709618468445615,14.805759765625,14.56540652267654,14.805759765625,902600
2023-04-10,14.709619300063776,14.85383125398597,14.132771484375,14.132771484375,2378500
2023-04-11,13.940488546080507,14.228912447033895,13.940488546080507,14.180841796875,1172400
2023-04-12,14.276982791835536,14.325053440966297,14.03662954618174,14.0847001953125,607500
2023-04-13,14.084700533096106,14.22891248394692,13.988559232528896,14.0366298828125,449600
2023-04-14,14.084700228987067,14.18084152747845,13.94048828125,13.94048828125,610000
2023-04-17,13.94048887914541,14.132771484375,13.89241822783801,14.132771484375,192100
2023-04-18,14.180841460356842,14.325053407411318,14.036629513302366,14.228912109375,740600
2023-04-19,14.373124434797733,14.373124434797733,14.0366298828125,14.0366298828125,380200
2023-04-20,13.940488918868128,14.18084217608999,13.940488918868128,13.9885595703125,597000
2023-04-21,13.74820578708852,13.844347086298932,13.363640590246884,13.5078525390625,2016900
2023-04-24,13.219429049526688,13.507852956061816,13.12328774734831,13.1713583984375,869800
2023-04-25,13.411711346794576,13.459781996783088,13.075216796875,13.075216796875,568600
2023-04-26,13.171358438076568,13.171358438076568,12.931005181907286,13.027146484375,653000
2023-04-27,13.027146484375,13.363641043011992,13.027146484375,13.027146484375,472000
2023-04-28,13.075216761363636,13.267499360795457,13.075216761363636,13.2194287109375,321800
2023-05-01,13.2194287109375,13.2194287109375,13.2194287109375,13.2194287109375,0
2023-05-02,13.2194287109375,13.2194287109375,13.2194287109375,13.2194287109375,0
2023-05-03,13.2194287109375,13.2194287109375,13.2194287109375,13.2194287109375,0
2023-05-04,13.123287633889134,13.603994140625,13.123287633889134,13.603994140625,972100
2023-05-05,13.555923489951414,13.603994140625,13.31557023658348,13.603994140625,497400
2023-05-08,13.603993838272908,13.652064487878112,13.459781889457291,13.5078525390625,304400
2023-05-09,13.555923188667704,13.700135137483317,13.459781889457291,13.5078525390625,314500
2023-05-10,13.603994479997784,13.603994479997784,13.411711872506649,13.555923828125,491600
2023-05-11,13.652065090460528,13.844347697368422,13.652065090460528,13.7001357421875,625000
2023-05-12,13.7001353671064,14.084700570393595,13.555923415873702,13.89241796875,814200
2023-05-15,13.940488350022006,14.036629648987676,13.55592315415933,13.652064453125,480700
2023-05-16,13.892417700539172,13.892417700539172,13.55592315415933,13.652064453125,540200
2023-05-17,13.796276436693727,13.796276436693727,13.5078525390625,13.5078525390625,394000
2023-05-18,13.555923913043475,13.60399456521739,13.2675,13.2675,743000
2023-05-19,13.315570652173912,13.363641304347826,13.075217391304347,13.2675,442900
2023-05-22,13.267499837239583,13.892418307834202,13.267499837239583,13.84434765625,925400
2023-05-23,13.98855899950484,13.98855899950484,13.603993803642163,13.652064453125,468900
2023-05-24,13.652064453125,13.652064453125,13.652064453125,13.652064453125,0
2023-05-25,13.507852471009365,14.036629614002614,13.507852471009365,13.7962763671875,875900
2023-05-26,13.844347016550522,13.98855896463959,13.748205717824478,13.7962763671875,704600
2023-05-29,13.988559232528896,14.0366298828125,13.796276631394475,14.0366298828125,1283800
2023-05-30,14.22891234066612,14.66154818886205,14.036629741467928,14.6134775390625,2415900
2023-05-31,14.805759830298014,14.805759830298014,14.421194639900662,14.5173359375,1125900
2023-06-01,14.469265963541668,14.517336614583334,14.276983359375,14.4211953125,1050600
2023-06-02,14.517336274916945,14.805760174418603,14.276983025332225,14.469265625,1803000
2023-06-05,14.469265625,14.61347757475083,14.373124325166112,14.469265625,817400
2023-06-06,14.421194975083056,14.61347757475083,14.276983025332225,14.469265625,872500
2023-06-07,14.56540711388221,14.99804296875,14.56540711388221,14.99804296875,2035900
2023-06-08,14.901901782951732,14.998043084777228,14.5654072265625,14.5654072265625,954600
2023-06-09,14.565407265625002,14.613477916666668,14.228912708333333,14.4211953125,1274400
2023-06-12,14.421195273824258,14.5654072265625,14.325053971998765,14.5654072265625,574400
2023-06-13,14.61347757475083,14.661548224667772,14.469265625,14.469265625,410300
2023-06-14,14.61347761115772,14.61347761115772,14.276983060900797,14.3250537109375,492300
2023-06-15,14.276983438297195,14.325054089604592,14.084700833067602,14.132771484375,633800
2023-06-16,14.132771484375,14.469266043526789,14.132771484375,14.132771484375,942700
2023-06-19,14.37312470078388,14.42119535195707,13.98855949139836,14.2769833984375,741200
2023-06-20,14.37312429006476,14.66154818886205,14.276982990465669,14.6134775390625,836100
2023-06-21,14.709618605769233,15.6229609375,14.421194711538462,15.6229609375,4854100
2023-06-22,15.6229609375,15.6229609375,15.6229609375,15.6229609375,0
2023-06-23,15.67103192515432,15.863314525462965,15.43067867476852,15.574890625,2257000
2023-06-26,15.67103125,15.67103125,15.09418347392638,15.67103125,2024600
2023-06-27,15.863313811977584,16.055596403637917,15.622960572402166,15.8152431640625,1288500
2023-06-28,15.86331384202454,15.86331384202454,15.622960601993864,15.67103125,732600
2023-06-29,15.67103192515432,16.151738425925924,15.382608024691358,15.574890625,1251200
2023-06-30,15.47874932484568,15.574890625,15.334537374614198,15.574890625,820500
2023-07-03,15.67103125,16.103667082055214,15.622960601993864,15.67103125,979900
2023-07-04,15.86331414943788,15.86331414943788,15.478748957936356,15.7671728515625,1101700
2023-07-05,16.00752501148897,16.53630211397059,16.00752501148897,16.34401953125,2569000
2023-07-06,16.247879274653815,16.247879274653815,15.863314084721184,16.0555966796875,1142800
2023-07-07,16.055596259538518,16.536302734375,15.863313669603924,16.536302734375,1084300
2023-07-10,16.536302734375,16.632444029342295,16.199808201989462,16.536302734375,1409500
2023-07-11,16.58437346956623,16.632444117304104,16.055596344449626,16.1036669921875,2163500
2023-07-12,16.151737639925372,16.344020230876865,15.95945504897388,16.1036669921875,819600
2023-07-13,16.295949612904742,16.295949612904742,15.815243134647966,15.959455078125,1646700
2023-07-14,15.959454365808822,16.34401953125,15.959454365808822,16.34401953125,1729800
2023-07-17,16.536303443030974,16.536303443030974,16.151738246681415,16.2959501953125,1271600
2023-07-18,16.247879545768804,16.392091494399885,16.055596947594026,16.2959501953125,1448300
2023-07-19,16.295949923395398,16.344020572136976,16.00752603094592,16.0555966796875,1114700
2023-07-20,16.055595657169118,16.48823146829044,15.959454365808822,16.34401953125,2410000
2023-07-21,16.440162109375,16.584374057702853,16.344020810489766,16.440162109375,1691200
2023-07-24,16.536303008595986,16.968938843123208,16.34402041547278,16.77665625,2101100
2023-07-25,16.776656655473317,16.824727304915935,16.392091459932384,16.440162109375,1187900
2023-07-26,16.440162143943585,16.440162143943585,16.055596947594026,16.2959501953125,1577600
2023-07-27,16.344020572136976,16.344020572136976,15.38260759730539,16.0555966796875,2186900
2023-07-28,16.0555966796875,16.199808625912237,15.815243435979603,16.0555966796875,1369900
2023-07-31,16.00752599916543,16.19980859375,15.959455350519288,16.19980859375,1061400
2023-08-01,16.199808930896577,16.728586077008927,16.15173828125,16.15173828125,2319700
2023-08-02,16.151738246681415,16.440162143943585,16.103667597137722,16.2959501953125,1003000
2023-08-03,16.344020201553253,16.39209084920488,16.151737610946746,16.24787890625,1062000
2023-08-04,16.344020201553253,16.39209084920488,16.10366696329512,16.24787890625,1155700
2023-08-07,16.39209013163837,16.77665529601698,16.247878194996385,16.632443359375,2176600
2023-08-08,16.82472598805147,16.82472598805147,16.344019531249998,16.34401953125,1364300
2023-08-09,16.344020844856193,16.440162143943585,16.19980889622511,16.2959501953125,1093500
2023-08-10,16.295949989877094,16.295949989877094,15.719102202624809,15.7671728515625,1678700
2023-08-11,15.767173189029052,15.863314488962155,15.28646668936353,15.7191025390625,1521800
2023-08-14,15.76717281910876,16.151738009818732,15.719102170270014,15.911384765625,984500
2023-08-15,16.007526475694444,16.055597125771605,15.382608024691358,15.574890625,1856700
2023-08-16,15.622960632135255,16.00752581692628,15.382607391640867,15.5268193359375,1838500
2023-08-17,15.382608134920634,15.478749435763888,15.046113581969244,15.1422548828125,3324300
2023-08-18,15.142254476189208,15.142254476189208,14.0847001953125,14.0847001953125,2095300
2023-08-21,14.08470029847051,14.18084159743618,13.507852504676496,13.652064453125,993400
2023-08-22,13.652064829799109,13.748206131417412,12.786793115234376,13.4597822265625,1507200
2023-08-23,13.652064487878112,13.74820578708852,13.459781889457291,13.5078525390625,464200
2023-08-24,13.652064353135666,14.0847001953125,13.652064353135666,14.0847001953125,1108900
2023-08-25,14.180841909555287,14.27698321063702,13.7482060546875,13.7482060546875,948800
2023-08-28,14.036629614002614,14.036629614002614,13.748205717824478,13.7962763671875,377900
2023-08-29,13.94048900082237,14.036630304276317,13.7001357421875,13.7001357421875,892100
2023-08-30,13.748205981110871,14.0366298828125,13.70013533082727,14.0366298828125,686500
2023-08-31,14.180841760827391,14.565406961121017,14.180841760827391,14.3250537109375,1285200
2023-09-01,14.3250537109375,14.3250537109375,14.3250537109375,14.3250537109375,0
2023-09-04,14.3250537109375,14.3250537109375,14.3250537109375,14.3250537109375,0
2023-09-05,14.5173359375,14.661547883899008,14.469265288700331,14.5173359375,686400
2023-09-06,14.565406586299668,14.613477235099335,14.276982693501656,14.5173359375,874100
2023-09-07,14.661547883899008,15.094183723096029,14.5173359375,14.5173359375,1464900
2023-09-08,14.709619140625,14.709619140625,14.517336537479576,14.709619140625,848600
2023-09-11,14.901901743770424,14.998043045343138,14.613477839052289,14.709619140625,1576700
2023-09-12,14.61347750407166,14.757689453125,14.517336204702769,14.757689453125,587400
2023-09-13,14.805760033945688,15.238395879093453,14.805760033945688,15.04611328125,1816900
2023-09-14,15.09418389660799,15.1903251953125,14.901901299198972,15.1903251953125,1315300
2023-09-15,15.190324954342532,15.238395602932224,14.805759765625,14.805759765625,558200
2023-09-18,14.80576021130453,14.853830861341232,14.180841760827391,14.3250537109375,887100
2023-09-19,14.517336385648544,14.517336385648544,13.748205981110871,14.0366298828125,898400
2023-09-20,13.844347537878788,14.325054049610692,13.796276886705598,14.2769833984375,506700
2023-09-21,14.421194705447634,14.565406652502112,14.132770811338684,14.228912109375,575200
2023-09-22,14.036629957932693,14.036629957932693,13.459782151442306,13.7482060546875,1093500
2023-09-25,13.940487510279604,13.940487510279604,12.7867919921875,12.7867919921875,686100
2023-09-26,12.786793561921296,13.21942943431713,12.594510951967592,12.979076171875,846900
2023-09-27,12.979076171875,13.123288129340278,12.594510951967592,12.979076171875,346400
2023-09-28,13.02714618305646,13.075216833178438,12.73872228232458,12.9310048828125,284700
2023-09-29,13.075217433608058,13.219429390596382,13.027146781278615,13.1232880859375,281800
2023-10-02,13.171358695652174,13.555923913043475,13.171358695652174,13.2675,432100
2023-10-03,13.267499122191012,13.50785236715824,12.83486328125,12.83486328125,575900
2023-10-04,12.498369031714684,12.97907553293448,12.498369031714684,12.9310048828125,307600
2023-10-05,13.075217391304347,13.363641304347826,12.97907608695652,13.2675,531800
2023-10-06,13.267499325539568,13.363640625,13.027146076888489,13.363640625,207300
2023-10-09,13.363641304347826,13.363641304347826,13.171358695652174,13.2675,250200
2023-10-10,13.267499623325891,13.652064829799109,13.267499623325891,13.4597822265625,473900
2023-10-11,13.4597822265625,13.507852877371652,13.219428972516742,13.4597822265625,266700
2023-10-12,13.50785321810596,13.652065174171147,13.363641262040773,13.4117119140625,397600
2023-10-13,13.315570652173912,13.315570652173912,13.027146739130432,13.2675,318300
2023-10-16,13.219429390596382,13.315570695255266,13.027146781278615,13.1232880859375,248400
2023-10-17,13.171358781828705,13.171358781828705,12.979076171875,12.979076171875,204500
2023-10-18,13.027145660400391,13.027145660400391,12.161873992919922,12.3060859375,496100
2023-10-19,12.11380347079918,12.402227362961064,11.68116763255635,11.72923828125,722500
2023-10-20,11.53695533014113,11.9215205078125,11.53695533014113,11.9215205078125,386800
2023-10-23,12.017662519290123,12.017662519290123,11.58502666859568,11.68116796875,221800
2023-10-24,11.68116763255635,11.777308929943649,11.633096983862703,11.72923828125,124900
2023-10-25,11.873449888392855,11.921520535714286,11.72923794642857,11.77730859375,132500
2023-10-26,11.729238812362938,11.729238812362938,10.9601083984375,10.9601083984375,565000
2023-10-27,10.960107727581525,11.0562490234375,10.575542544157608,11.0562490234375,271500
2023-10-30,11.056249053551763,11.056249053551763,10.81589581325716,10.912037109375,142100
2023-10-31,10.912037481607342,10.912037481607342,10.671684233113789,10.7197548828125,277400
2023-11-01,10.863967175182996,10.863967175182996,10.575543267877253,10.6716845703125,233400
2023-11-02,10.767825079449151,11.39274349923861,10.71975443177304,11.3446728515625,436100
2023-11-03,11.536955784574468,11.633097082779257,11.248531889960104,11.2966025390625,244300
2023-11-06,11.5369560546875,11.585026704915364,11.392744104003905,11.5369560546875,251900
2023-11-07,11.785597826086956,11.785597826086956,11.4375,11.4375,200700
2023-11-08,11.437499679815572,12.18342357197746,11.288314901383195,12.1336953125,436000
2023-11-09,12.13369556760204,12.332608609693878,12.083967307079082,12.183423828125,342000
2023-11-10,11.93478182164634,12.38233613995808,11.93478182164634,12.2331513671875,502300
2023-11-13,12.2331513671875,12.43206439754827,12.133694852007112,12.2331513671875,212800
2023-11-14,12.332608609693878,12.332608609693878,12.083967307079082,12.183423828125,268500
2023-11-15,12.382336400082236,12.382336400082236,12.233151624177632,12.2828798828125,381600
2023-11-16,12.133695106907895,12.2828798828125,12.083966848273027,12.2828798828125,193800
2023-11-17,12.332608826188016,12.382337087583936,11.437500121061468,12.0342392578125,531900
2023-11-20,11.93478196914226,11.93478196914226,11.785597194527982,11.8850537109375,204000
2023-11-21,12.034238485551777,12.034238485551777,11.83532545273274,11.8850537109375,231500
2023-11-22,11.934782481846472,11.9845107421875,11.835325961164418,11.9845107421875,353400
2023-11-23,12.03423921678046,12.03423921678046,11.835326171875,11.835326171875,280900
2023-11-24,11.785597399695446,11.785597399695446,11.487227845272775,11.735869140625,282100
2023-11-27,11.835325870104615,11.835325870104615,11.437499790437233,11.5866845703125,267000
2023-11-28,11.78559761014619,11.78559761014619,11.536956310354078,11.5866845703125,205400
2023-11-29,11.63641287579114,11.78559765625,11.63641287579114,11.78559765625,197100
2023-11-30,11.785597496157786,12.1336953125,11.58668445824795,12.1336953125,797000
2023-12-01,12.13369556760204,12.282880349170918,11.984510786033162,12.183423828125,254700
2023-12-04,12.233151474840058,12.780162313145915,12.233151474840058,12.6309775390625,1016000
2023-12-05,12.630978050231931,12.929347610473632,12.481793270111083,12.7304345703125,532900
2023-12-06,12.73043431372549,12.929347349877451,12.48179301853554,12.6807060546875,432900
2023-12-07,12.6807057421875,12.7801622578125,12.233151421875,12.432064453125,573800
2023-12-08,12.531521437121976,12.730434475806453,12.3326083984375,12.3326083984375,235500
2023-12-11,12.3823361953125,12.53152096875,12.3326079375,12.432064453125,207000
2023-12-12,12.432065174761547,12.531521696159638,12.332608653363453,12.3823369140625,201800
2023-12-13,12.382336347415125,12.581249381108538,11.93478202160494,12.083966796875,336200
2023-12-14,12.13369578060434,12.282880564792096,12.0342392578125,12.0342392578125,258200
2023-12-15,12.183423783551609,12.183423783551609,11.785597700823391,11.9845107421875,585700
2023-12-18,11.8850537109375,12.083966743756536,11.8850537109375,11.8850537109375,274900
2023-12-19,11.835325708007812,11.9347822265625,11.835325708007812,11.9347822265625,100800
2023-12-20,11.984510485839843,12.083967004394532,11.885053967285156,11.9347822265625,73300
2023-12-21,11.984510485839843,11.984510485839843,11.885053967285156,11.9347822265625,80700
2023-12-22,11.984510485839843,12.034238745117188,11.835325708007812,11.9347822265625,157000
2023-12-25,11.93478273502066,12.08396751920842,11.88505447362474,12.0342392578125,166700
2023-12-26,12.13369578060434,12.13369578060434,11.98451099641658,12.0342392578125,177300
2023-12-27,12.08396751920842,12.08396751920842,11.98451099641658,12.0342392578125,161100
2023-12-28,12.034238745117188,12.034238745117188,11.9347822265625,11.9347822265625,202100
2023-12-29,12.034238745117188,12.034238745117188,11.9347822265625,11.9347822265625,273100
2024-01-01,11.9347822265625,11.9347822265625,11.9347822265625,11.9347822265625,0
2024-01-02,11.9347822265625,12.034238745117188,11.885053967285156,11.9347822265625,154500
2024-01-03,11.93478232106855,12.43206491777974,11.88505406139743,12.3326083984375,548400
2024-01-04,12.43206491777974,12.43206491777974,12.3326083984375,12.3326083984375,567100
2024-01-05,12.332608653363453,12.432065174761547,12.233152131965362,12.3823369140625,236200
2024-01-08,12.382336750030518,12.979075870513917,12.382336750030518,12.7304345703125,853200
2024-01-09,12.929347349877451,12.929347349877451,12.531521277573528,12.6807060546875,256300
2024-01-10,12.680706310272218,12.780162830352785,12.481793270111083,12.7304345703125,426200
2024-01-11,12.73043405511811,12.73043405511811,12.53152102300689,12.6309775390625,245700
2024-01-12,12.53152122758964,12.680706004108565,12.332608192231074,12.48179296875,375800
2024-01-15,12.43206439754827,12.531520912728658,12.2331513671875,12.2331513671875,227100
2024-01-16,12.133695610567267,12.3823369140625,12.133695610567267,12.3823369140625,147200
2024-01-17,12.432065174761547,12.531521696159638,12.332608653363453,12.3823369140625,221000
2024-01-18,12.282880434782609,12.58125,12.282880434782609,12.58125,199600
2024-01-19,12.63097800409226,12.63097800409226,12.531521484375,12.531521484375,214400
2024-01-22,12.531521739130437,12.58125,12.432065217391305,12.58125,187200
2024-01-23,12.58124953661152,12.73043431372549,12.58124953661152,12.6807060546875,215700
2024-01-24,12.680705797090305,12.929347087229331,12.581249281034694,12.6309775390625,413000
2024-01-25,12.6309775390625,12.6309775390625,12.6309775390625,12.6309775390625,0
2024-01-26,12.53152102300689,12.6309775390625,12.43206450695128,12.6309775390625,182300
2024-01-29,12.63097779564951,12.73043431372549,12.58124953661152,12.6807060546875,157400
2024-01-30,12.680706310272218,12.780162830352785,12.58124979019165,12.7304345703125,268300
2024-01-31,12.730434262948208,12.829890780627489,12.48179296875,12.48179296875,373600
2024-02-01,12.48179296875,12.630977745268924,12.432064709910357,12.48179296875,186900
2024-02-02,12.48179296875,12.48179296875,12.48179296875,12.48179296875,0
2024-02-05,12.43206475949755,12.78016257276348,12.43206475949755,12.6807060546875,246000
2024-02-06,12.6807060546875,12.73043431372549,12.58124953661152,12.6807060546875,121000
2024-02-07,12.730434410646389,13.177988745395677,12.630977891813211,13.0785322265625,674100
2024-02-08,13.0785322265625,13.0785322265625,13.0785322265625,13.0785322265625,0
2024-02-09,13.0785322265625,13.0785322265625,13.0785322265625,13.0785322265625,0
2024-02-15,13.078531969376192,13.22771674469227,12.979075452498806,13.0288037109375,403600
2024-02-16,13.028803967145912,13.128260485979084,12.929347448312738,13.0785322265625,276500
2024-02-19,13.078531819963988,13.426629625058084,13.078531819963988,13.3769013671875,720600
2024-02-20,13.476358653349036,13.5260869140625,13.277445610495176,13.5260869140625,570100
2024-02-21,13.526086400462962,13.526086400462962,13.327173365162036,13.4266298828125,437800
2024-02-22,13.327173314144735,13.476358090049342,13.227716796875,13.227716796875,374000
2024-02-23,13.37690152000835,13.37690152000835,12.929347194060114,13.0288037109375,428800
2024-02-26,12.929347194060114,13.078531969376192,12.929347194060114,13.0288037109375,318000
2024-02-27,13.028804264808768,13.327173828125,12.979076004256063,13.327173828125,495200
2024-02-28,13.426630349230413,13.426630349230413,13.22771730701959,13.327173828125,192000
2024-02-29,13.327173054245282,13.376901311910377,13.078531765919813,13.17798828125,230900
2024-03-01,13.177988538240132,13.376901572779603,13.078532020970394,13.227716796875,233400
2024-03-04,13.426630349230413,13.426630349230413,13.22771730701959,13.327173828125,281500
2024-03-05,13.277444796580188,13.376901311910377,13.128260023584906,13.17798828125,245300
2024-03-06,13.177988745395677,13.227717004812265,13.028803967145912,13.0785322265625,292900
2024-03-07,13.078531765919813,13.17798828125,13.028803508254718,13.17798828125,229300
2024-03-08,13.22771674469227,13.277445003130962,12.979075452498806,13.0288037109375,323600
2024-03-11,12.979076171875,13.078532694264847,12.929347910680075,12.979076171875,207700
2024-03-12,12.979076171875,13.078532694264847,12.929347910680075,12.979076171875,260300
2024-03-13,13.078531765919813,13.17798828125,12.979075250589622,13.17798828125,272400
2024-03-14,13.22771734978171,13.92391299977022,13.12826082835478,13.5260869140625,1038800
2024-03-15,13.526086956521738,13.725,13.476358695652172,13.725,430600
2024-03-18,13.724999648876404,13.774727908473782,12.97907575491573,13.2774453125,639100
2024-03-19,13.2774453125,13.476358350889514,13.128260533707866,13.2774453125,179900
2024-03-20,13.177989046466884,13.476358609783116,13.177989046466884,13.327173828125,159400
2024-03-21,13.327173365162036,13.4266298828125,13.277445106336804,13.4266298828125,198400
2024-03-22,13.426629625058084,13.57581439866984,13.327173109316917,13.3769013671875,304000
2024-03-25,13.32717387120864,13.72499995691636,13.32717387120864,13.5260869140625,419400
2024-03-26,13.526086400462962,13.526086400462962,13.4266298828125,13.4266298828125,231500
2024-03-27,13.426630138664668,13.575814917983164,13.426630138664668,13.4763583984375,265600
2024-03-28,13.526086658210332,13.526086658210332,13.376901878891834,13.4763583984375,234200
2024-03-29,13.476358350889514,13.476358350889514,13.2774453125,13.2774453125,244700
2024-04-01,13.376901572779603,13.376901572779603,13.128260279605264,13.227716796875,167500
2024-04-02,13.22771709957334,13.625543177755995,13.078532320254842,13.4763583984375,374800
2024-04-03,13.57581439866984,13.57581439866984,13.3769013671875,13.3769013671875,356800
2024-04-04,13.376901311910377,13.376901311910377,12.82989047759434,13.17798828125,801900
2024-04-05,13.177988957331731,13.177988957331731,12.829891135817308,12.92934765625,380300
2024-04-08,12.929347610473632,13.0288041305542,12.680706310272218,12.7304345703125,517700
2024-04-09,12.680705797090305,12.73043405511811,12.43206450695128,12.6309775390625,464400
2024-04-10,12.581249486429282,12.780162521787847,12.432064709910357,12.48179296875,387300
2024-04-11,12.48179296875,12.630977745268924,12.382336451070715,12.48179296875,611500
2024-04-12,12.531521484375,12.531521484375,12.332608444940476,12.531521484375,275100
2024-04-15,12.481793345597769,12.531521605938796,11.9845107421875,11.9845107421875,407800
2024-04-16,11.93478217690678,11.93478217690678,11.338043068061442,11.735869140625,557600
2024-04-17,11.835325870104615,11.835325870104615,11.338043270520387,11.5866845703125,386000
2024-04-19,11.139130392699116,11.338043435425885,10.791032567927267,11.2385869140625,564500
2024-04-22,11.188858141217912,11.338042916434151,10.940216849190849,11.1391298828125,418100
2024-04-23,11.139130090497735,11.288314868495474,10.840760534502262,10.9899453125,242600
2024-04-24,10.989945158305922,11.437499486019735,10.940216899671054,11.33804296875,431300
2024-04-25,11.338042916434151,11.338042916434151,11.089401624407088,11.1391298828125,64500
2024-04-26,11.139130138888888,11.338043177083334,11.039673619791667,11.1888583984375,105600
2024-04-29,11.1888583984375,11.1888583984375,11.1888583984375,11.1888583984375,0
2024-04-30,11.1888583984375,11.1888583984375,11.1888583984375,11.1888583984375,0
2024-05-02,11.188858349830316,11.188858349830316,10.741304015837104,10.9899453125,502100
2024-05-03,11.089402303617296,11.089402303617296,10.8904892578125,10.8904892578125,155600
2024-05-06,11.089402173913044,11.4375,10.890489130434782,11.4375,261000
2024-05-07,11.536955954218106,12.083966796875,11.536955954218106,12.083966796875,564900
2024-05-08,12.083967478006826,12.083967478006826,11.437500082064076,11.835326171875,227000
2024-05-09,11.735869396097046,11.984510696861816,11.735869396097046,11.78559765625,113200
2024-05-10,11.835325708007812,11.984510485839843,11.636412670898435,11.9347822265625,232600
2024-05-13,11.93478196914226,12.034238485551777,11.785597194527982,11.8850537109375,104900
2024-05-14,11.83532545273274,11.8850537109375,11.68614067811846,11.8850537109375,59600
2024-05-15,11.636413126969536,11.885054433101365,11.636413126969536,11.835326171875,84100
2024-05-16,11.9347822265625,12.133695263671877,11.835325708007812,11.9347822265625,177200
2024-05-17,11.9347822265625,12.083967004394532,11.9347822265625,11.9347822265625,215400
2024-05-20,11.98451099641658,12.0342392578125,11.93478273502066,12.0342392578125,149600
2024-05-21,12.034238745117188,12.083967004394532,11.885053967285156,11.9347822265625,76200
2024-05-22,11.934782274590162,12.332608350409837,11.934782274590162,12.1336953125,337800
2024-05-23,12.133695055298354,12.23315157214506,12.083966796875,12.083966796875,206500
2024-05-24,11.93478269432773,12.133695739233191,11.835326171875,11.835326171875,292500
2024-05-27,11.83532545273274,11.93478196914226,11.73586893632322,11.8850537109375,82100
2024-05-28,11.785597496157786,12.1336953125,11.785597496157786,12.1336953125,254900
2024-05-29,11.984510079236534,12.43206439754827,11.93478182164634,12.2331513671875,351000
2024-05-30,12.13369556760204,12.183423828125,11.885054264987245,12.183423828125,504200
2024-05-31,12.382336347415125,12.382336347415125,12.034238538451646,12.083966796875,146000
2024-06-03,12.083966796875,12.083966796875,12.083966796875,12.083966796875,0
2024-06-04,12.1336953125,12.282880090932377,12.03423879354508,12.1336953125,142600
2024-06-05,12.034238485551777,12.282879776575577,11.8850537109375,11.8850537109375,354500
2024-06-06,11.885053967285156,12.083967004394532,11.835325708007812,11.9347822265625,207900
2024-06-07,12.03423921678046,12.03423921678046,11.735869649422268,11.835326171875,385700
2024-06-10,11.83532545273274,12.034238485551777,11.83532545273274,11.8850537109375,240300
2024-06-11,11.984510955554097,11.984510955554097,11.785597910648631,11.835326171875,163500
2024-06-12,11.835326171875,11.93478269432773,11.735869649422268,11.835326171875,168700
2024-06-13,11.83532545273274,11.984510227347018,11.785597194527982,11.8850537109375,181100
2024-06-14,11.934782169117646,12.6807060546875,11.934782169117646,12.6807060546875,1906200
2024-06-17,12.929347087229331,12.929347087229331,12.581249281034694,12.6309775390625,657200
2024-06-18,12.63097784447394,13.327173473696911,12.481793066783302,12.879619140625,1161700
2024-06-19,12.87961935043335,13.0288041305542,12.630978050231931,12.7304345703125,376300
2024-06-20,12.630978343510536,13.028804433069924,12.53152182112069,12.979076171875,704200
2024-06-21,13.078531765919813,13.476357827240566,13.078531765919813,13.17798828125,1165200
2024-06-24,13.227717217548076,13.42663025841346,12.730434615384617,12.92934765625,512300
2024-06-25,12.92934765625,13.028804176682693,12.78016287560096,12.92934765625,291600
2024-06-26,12.929347399855212,13.227716955236486,12.680706103704152,12.879619140625,405000
2024-06-27,13.078532652146157,13.078532652146157,12.680706563867949,12.7801630859375,302900
2024-06-28,12.630978050231931,12.979075870513917,12.630978050231931,12.7304345703125,363300
2024-07-01,12.730434615384617,12.92934765625,12.680706355168269,12.92934765625,223400
2024-07-02,12.929347141472867,13.277444949127906,12.829890625,12.829890625,386200
2024-07-03,12.979075399709302,12.979075399709302,12.780162366763566,12.829890625,186000
2024-07-04,12.829890625,12.929347141472867,12.630977592054265,12.829890625,464100
2024-07-05,12.680705850290698,12.929347141472867,12.680705850290698,12.829890625,281900
2024-07-08,12.929347294560184,13.575814659288197,12.730434259259258,13.4266298828125,1842700
2024-07-09,13.5260869140625,13.575815174775965,13.42663039263557,13.5260869140625,770900
2024-07-10,13.625542656540429,13.724999172281596,13.27744485144633,13.3769013671875,649800
2024-07-11,13.526086400462962,13.526086400462962,13.227716847511577,13.4266298828125,857500
2024-07-12,13.42663002825798,14.122825659352836,13.37690176889406,14.023369140625,1796000
2024-07-15,14.122825916519432,14.122825916519432,13.824456354902829,14.07309765625,568400
2024-07-16,14.073096937582529,14.470922999422315,13.923912164392604,14.1228251953125,980000
2024-07-17,14.421195215536349,14.421195215536349,13.526086546985816,14.023369140625,943000
2024-07-18,13.923912573066549,14.023369091445597,13.476358240360836,13.8244560546875,687500
2024-07-19,13.62554347826087,13.973641304347826,13.476358695652172,13.725,429100
2024-07-22,13.72499995691636,13.774728217629823,12.92934778550092,13.5260869140625,854700
2024-07-23,13.5758150390625,13.5758150390625,12.92934765625,12.92934765625,601000
2024-07-24,12.7304345703125,12.87961935043335,12.481793270111083,12.7304345703125,579800
2024-07-25,12.481792817344962,12.829890625,12.481792817344962,12.829890625,412800
2024-07-26,12.829890677182728,13.0288037109375,12.730434160305345,13.0288037109375,213800
2024-07-29,12.979075916466346,13.128260697115383,12.78016287560096,12.92934765625,240700
2024-07-30,12.929347910680075,12.979076171875,12.730434865900383,12.979076171875,314200
2024-07-31,12.929347610473632,12.979075870513917,12.7304345703125,12.7304345703125,374300
2024-08-01,12.78016295440051,12.78016295440051,12.083967307079082,12.183423828125,894800
2024-08-02,12.0342392578125,12.233152303396176,11.735869689436983,12.0342392578125,715700
2024-08-05,11.735869302674674,12.233151900245634,11.338043224617904,11.387771484375,635600
2024-08-06,11.437499835179324,11.78559765625,11.338043314873415,11.78559765625,316200
2024-08-07,11.93478217690678,11.93478217690678,11.487227845272775,11.735869140625,163400
2024-08-08,11.735869649422268,12.083967478006826,11.38777182083771,11.835326171875,553700
2024-08-09,11.9347822265625,11.9347822265625,11.785597448730469,11.9347822265625,224700
2024-08-12,11.984510227347018,11.984510227347018,11.73586893632322,11.8850537109375,217900
2024-08-13,11.885054391192574,11.885054391192574,11.536956563835467,11.6364130859375,343500
2024-08-14,11.636412622484109,11.735869140625,11.43749958620233,11.735869140625,732800
2024-08-15,11.686141304347826,11.686141304347826,11.4375,11.4375,265800
2024-08-16,11.586684363413664,11.93478217690678,11.53695610434322,11.735869140625,532800
2024-08-19,11.735869037828948,12.2828798828125,11.63641252055921,12.2828798828125,976700
2024-08-20,12.2828798828125,12.332608141447368,12.083966848273027,12.2828798828125,305700
2024-08-21,12.2828798828125,12.382336400082236,12.133695106907895,12.2828798828125,524100
2024-08-22,12.233152261685923,12.28288052291229,11.735869649422268,11.835326171875,1393000
2024-08-23,11.835325658765887,11.885053917836334,11.686140881554554,11.735869140625,742500
2024-08-26,11.835325708007812,12.18342352294922,11.785597448730469,11.9347822265625,546600
2024-08-27,12.034238538451646,12.133695055298354,11.885053763181585,12.083966796875,295000
2024-08-28,12.083967100081903,12.531521437121976,12.083967100081903,12.3326083984375,860400
2024-08-29,12.332608609693878,12.332608609693878,12.13369556760204,12.183423828125,161300
2024-08-30,12.18342357197746,12.282880090932377,11.934782274590162,12.1336953125,280700
2024-09-04,11.735869440482366,12.034239002528526,11.735869440482366,11.9845107421875,370600
2024-09-05,12.03423921678046,12.083967478006826,11.785597910648631,11.835326171875,355500
2024-09-06,11.83532545273274,11.8850537109375,11.785597194527982,11.8850537109375,321800
2024-09-09,11.93478269432773,12.133695739233191,11.835326171875,11.835326171875,403200
2024-09-10,11.93478269432773,11.93478269432773,11.735869649422268,11.835326171875,416200
2024-09-11,11.93478196914226,11.93478196914226,11.68614067811846,11.8850537109375,539400
2024-09-12,11.885053967285156,11.984510485839843,11.785597448730469,11.9347822265625,466600
2024-09-13,11.93478269432773,11.93478269432773,11.735869649422268,11.835326171875,354000
2024-09-16,11.835326171875,11.93478269432773,11.735869649422268,11.835326171875,219300
2024-09-17,11.68614067811846,11.8850537109375,11.68614067811846,11.8850537109375,266100
2024-09-18,11.83532545273274,11.93478196914226,11.83532545273274,11.8850537109375,453300
2024-09-19,11.93478273502066,12.08396751920842,11.88505447362474,12.0342392578125,281000
2024-09-20,12.034238745117188,12.083967004394532,11.9347822265625,11.9347822265625,706400
2024-09-23,11.934782481846472,12.083967262869551,11.934782481846472,11.9845107421875,233600
2024-09-24,11.9845107421875,12.034239002528526,11.835325961164418,11.9845107421875,271800
2024-09-25,11.98451099641658,12.282880564792096,11.98451099641658,12.0342392578125,827700
2024-09-26,12.0342392578125,12.13369578060434,11.98451099641658,12.0342392578125,220700
2024-09-27,12.083967004394532,12.083967004394532,11.885053967285156,11.9347822265625,441600
2024-09-30,11.984510485839843,12.034238745117188,11.835325708007812,11.9347822265625,252000
2024-10-01,11.9845107421875,11.9845107421875,11.835325961164418,11.9845107421875,657200
2024-10-02,11.984510955554097,11.984510955554097,11.785597910648631,11.835326171875,521600
2024-10-03,11.835325658765887,11.93478217690678,11.686140881554554,11.735869140625,451000
2024-10-04,11.785597910648631,11.835326171875,11.686141388195905,11.835326171875,312900
2024-10-07,11.785597910648631,11.835326171875,11.636413126969536,11.835326171875,380500
2024-10-08,11.636412367021276,11.735868882978725,11.586684109042553,11.686140625,491500
2024-10-09,11.686140625,11.686140625,11.53695585106383,11.686140625,728600
2024-10-10,11.735869090113146,11.785597348969558,11.5369560546875,11.5369560546875,380100
2024-10-11,11.536956310354078,11.636412830270924,11.487228050395656,11.5866845703125,483300
2024-10-14,11.686141304347826,11.686141304347826,11.387771739130434,11.4375,552200
2024-10-15,11.487228003889191,11.487228003889191,11.338043224617904,11.387771484375,471200
2024-10-16,11.33804347826087,11.4375,11.238586956521738,11.4375,220700
2024-10-17,11.4375,11.4375,11.33804347826087,11.4375,289200
2024-10-18,11.487227744654604,11.536956003289474,11.28831471011513,11.33804296875,403500
2024-10-21,11.43749928131764,11.686140570041935,11.43749928131764,11.4872275390625,642600
2024-10-22,11.487227845272775,11.785597399695446,11.487227845272775,11.735869140625,806700
2024-10-23,11.785597399695446,11.835325658765887,11.586684363413664,11.735869140625,617100
2024-10-24,11.73586935018777,11.78559761014619,11.5866845703125,11.5866845703125,598000
2024-10-25,11.63641304347826,11.63641304347826,11.4375,11.4375,469200
2024-10-28,11.586684782608696,11.586684782608696,11.33804347826087,11.4375,473600
2024-10-29,11.387771278118263,11.5369560546875,11.338043019261852,11.5369560546875,420700
2024-10-30,11.536956310354078,11.686141090229349,11.487228050395656,11.5866845703125,383800
2024-10-31,11.487228050395656,11.5866845703125,11.487228050395656,11.5866845703125,123800
2024-11-01,11.487228302784455,11.6364130859375,11.487228302784455,11.6364130859375,182300
2024-11-04,11.5866845703125,11.636412830270924,11.487228050395656,11.5866845703125,214900
2024-11-05,11.586684824886484,11.686141346988514,11.536956563835467,11.6364130859375,176900
2024-11-06,11.63641287579114,11.78559765625,11.586684615638186,11.78559765625,474400
2024-11-07,11.735869140625,11.785597399695446,11.636412622484109,11.735869140625,251800
2024-11-08,11.735868882978725,11.735868882978725,11.586684109042553,11.686140625,188900
2024-11-11,11.735868882978725,11.735868882978725,11.53695585106383,11.686140625,150900
2024-11-12,11.636412622484109,11.785597399695446,11.636412622484109,11.735869140625,196700
2024-11-13,11.686140881554554,11.735869140625,11.487227845272775,11.735869140625,219800
2024-11-14,11.636412367021276,11.83532539893617,11.586684109042553,11.686140625,212600
2024-11-15,11.686141135944093,11.984510696861816,11.48722809533228,11.78559765625,532200
2024-11-18,11.686140881554554,11.785597399695446,11.487227845272775,11.735869140625,186800
2024-11-19,11.735869090113146,11.735869090113146,11.5369560546875,11.5369560546875,83500
2024-11-20,11.487227795831089,11.636412572400324,11.437499536974675,11.5369560546875,131400
2024-11-21,11.487228050395656,11.5866845703125,11.437499790437233,11.5866845703125,112900
2024-11-22,11.586684054552215,11.586684054552215,11.4872275390625,11.4872275390625,86600
2024-11-25,11.43749928131764,11.636412312297075,11.43749928131764,11.4872275390625,265100
2024-11-26,11.4872275390625,11.636412312297075,11.43749928131764,11.4872275390625,116700
2024-11-27,11.437499790437233,11.5866845703125,11.437499790437233,11.5866845703125,307200
2024-11-28,11.5369560546875,11.636412572400324,11.5369560546875,11.5369560546875,146100
2024-11-29,11.5369560546875,11.586684313543913,11.487227795831089,11.5369560546875,180700
2024-12-02,11.586684363413664,11.835325658765887,11.586684363413664,11.735869140625,699500
2024-12-03,11.735869396097046,11.835325916402953,11.686141135944093,11.78559765625,269800
2024-12-04,11.785597399695446,11.835325658765887,11.735869140625,11.735869140625,310800
2024-12-05,11.735869649422268,11.835326171875,11.636413126969536,11.835326171875,278500
2024-12-06,11.984510485839843,12.083967004394532,11.785597448730469,11.9347822265625,507200
2024-12-09,11.984510485839843,12.034238745117188,11.9347822265625,11.9347822265625,222000
2024-12-10,12.0342392578125,12.13369578060434,11.93478273502066,12.0342392578125,269800
2024-12-11,12.083967478006826,12.083967478006826,11.835326171875,11.835326171875,184700
2024-12-12,11.93478269432773,11.93478269432773,11.785597910648631,11.835326171875,136300
2024-12-13,11.785597140957448,11.83532539893617,11.636412367021276,11.686140625,270300
2024-12-16,11.636412830270924,11.78559761014619,11.536956310354078,11.5866845703125,214200
2024-12-17,11.636412367021276,11.686140625,11.487227593085109,11.686140625,179900
2024-12-18,11.636412367021276,11.735868882978725,11.586684109042553,11.686140625,30300
2024-12-19,11.487228050395656,11.636412830270924,11.437499790437233,11.5866845703125,156300
2024-12-20,11.636412830270924,11.636412830270924,11.487228050395656,11.5866845703125,103500
2024-12-23,11.586684824886484,11.686141346988514,11.536956563835467,11.6364130859375,101800
2024-12-24,11.6364130859375,11.735869608039527,11.586684824886484,11.6364130859375,185300
2024-12-25,11.636412419913702,12.083966743756536,11.636412419913702,11.8850537109375,700600
2024-12-26,11.885054433101365,12.03423921678046,11.835326171875,11.835326171875,237500
2024-12-27,11.93478265224359,11.93478265224359,11.6364130859375,11.6364130859375,415000
2024-12-30,11.6364130859375,11.735869608039527,11.586684824886484,11.6364130859375,147100
2024-12-31,11.6364130859375,11.785597869090545,11.6364130859375,11.6364130859375,167800
2025-01-02,11.78559765625,11.78559765625,11.63641287579114,11.78559765625,140100
2025-01-03,11.785597140957448,11.83532539893617,11.686140625,11.686140625,152100
2025-01-06,11.63641287579114,11.984510696861816,11.63641287579114,11.78559765625,365800
2025-01-07,11.735868882978725,11.934781914893618,11.686140625,11.686140625,372400
2025-01-08,11.636412622484109,11.785597399695446,11.636412622484109,11.735869140625,151500
2025-01-09,11.686140625,11.83532539893617,11.686140625,11.686140625,118500
2025-01-10,11.686140625,11.885053656914891,11.686140625,11.686140625,355900
2025-01-13,11.686141388195905,11.885054433101365,11.636413126969536,11.835326171875,352100
2025-01-14,11.835325658765887,11.885053917836334,11.735869140625,11.735869140625,176200
2025-01-15,11.835325846354166,12.531521484375,11.785597586495536,12.531521484375,2099800
2025-01-16,11.835325846354166,12.531521484375,11.785597586495536,12.531521484375,2099800
2025-01-17,12.481793224516368,12.780162783668157,12.481793224516368,12.531521484375,1505400
2025-01-20,12.53152102300689,12.6309775390625,12.332607990895667,12.6309775390625,653300
2025-01-21,12.63097800409226,12.63097800409226,12.382336704799108,12.531521484375,652200
2025-01-22,12.53152117598684,12.63097769325658,12.2828798828125,12.2828798828125,795100
2025-01-23,12.233151879095262,12.481793177450855,12.233151879095262,12.3326083984375,547600
2025-01-24,12.3326079375,12.4817927109375,12.2828796796875,12.432064453125,365800
2025-01-27,12.432064453125,12.432064453125,12.432064453125,12.432064453125,0
2025-01-28,12.432064453125,12.432064453125,12.432064453125,12.432064453125,0
2025-01-29,12.432064453125,12.432064453125,12.432064453125,12.432064453125,0
2025-01-30,12.432064453125,12.432064453125,12.432064453125,12.432064453125,0
2025-01-31,12.432064453125,12.432064453125,12.432064453125,12.432064453125,0
2025-02-03,12.3326079375,12.730434,12.3326079375,12.432064453125,671200
2025-02-04,12.481793224516368,12.879619303385416,12.43206496465774,12.531521484375,1232700
2025-02-05,12.581249226562498,12.630977484375,12.3823361953125,12.432064453125,779900
2025-02-06,12.432064453125,12.4817927109375,12.2828796796875,12.432064453125,609600
2025-02-07,12.531521696159638,12.730434738955822,12.3823369140625,12.3823369140625,592100
2025-02-10,12.382336870216838,12.680706433354592,12.183423828125,12.183423828125,718400
2025-02-11,12.183423109597308,12.38233613995808,12.183423109597308,12.2331513671875,778500
2025-02-12,12.332608192231074,12.630977745268924,12.332608192231074,12.48179296875,906500
2025-02-13,12.43206450695128,12.6309775390625,12.43206450695128,12.6309775390625,756700
2025-02-14,12.829891043526786,12.829891043526786,12.531521484375,12.531521484375,1178100
2025-02-17,12.68070660470546,13.327174000239465,12.581250082315613,12.979076171875,2193300
2025-02-18,13.028803657945735,13.128260174418603,12.780162366763566,12.829890625,1011700
2025-02-19,12.879619396033654,13.028804176682693,12.829891135817308,12.92934765625,829900
2025-02-20,13.02880391831564,13.02880391831564,12.829890881394787,12.879619140625,809800
2025-02-21,12.730434615384617,13.07853243689904,12.730434615384617,12.92934765625,853700
2025-02-24,12.92934765625,13.07853243689904,12.829891135817308,12.92934765625,612100
2025-02-25,12.92934765625,13.028804176682693,12.78016287560096,12.92934765625,518800
2025-02-26,12.929347141472867,13.32717320736434,12.730434108527133,12.829890625,887100
2025-02-27,12.879618883236434,12.929347141472867,12.630977592054265,12.829890625,691000
2025-02-28,12.780162830352785,12.780162830352785,12.630978050231931,12.7304345703125,581200
2025-03-03,12.780162521787847,12.780162521787847,12.48179296875,12.48179296875,765800
2025-03-04,12.481793224516368,12.63097800409226,12.43206496465774,12.531521484375,573500
2025-03-05,12.53152096875,12.630977484375,12.432064453125,12.432064453125,399100
2025-03-06,12.432064709910357,12.53152122758964,12.332608192231074,12.48179296875,372100
2025-03-07,12.581249226562498,12.581249226562498,12.3823361953125,12.432064453125,559700
2025-03-10,12.58124974423363,12.63097800409226,12.43206496465774,12.531521484375,467300
2025-03-11,12.432065217391305,12.630978260869565,12.332608695652176,12.58125,631900
2025-03-12,12.680706263950894,12.680706263950894,12.481793224516368,12.531521484375,389800
2025-03-13,12.531521696159638,12.581249956858684,12.332608653363453,12.3823369140625,478300
2025-03-14,12.33260808899177,12.432064605838477,12.083966796875,12.083966796875,718900
2025-03-17,12.18342331372171,12.18342331372171,12.083966796875,12.083966796875,363800
2025-03-18,12.08396751920842,12.183424042000258,12.0342392578125,12.0342392578125,431700
2025-03-19,11.98451099641658,12.13369578060434,11.98451099641658,12.0342392578125,228200
2025-03-20,12.133695055298354,12.18342331372171,11.93478202160494,12.083966796875,484500
2025-03-21,12.083967004394532,12.133695263671877,11.885053967285156,11.9347822265625,342200
2025-03-24,12.183423783551609,12.183423783551609,11.934782481846472,11.9845107421875,171100
2025-03-25,11.98451099641658,12.08396751920842,11.98451099641658,12.0342392578125,172300
2025-03-26,12.034238538451646,12.133695055298354,12.034238538451646,12.083966796875,174700
2025-03-27,12.083966796875,12.083966796875,11.984510280028292,12.083966796875,117900
2025-03-28,12.08396751920842,12.08396751920842,11.93478273502066,12.0342392578125,178200
2025-03-31,11.93478196914226,11.984510227347018,11.8850537109375,11.8850537109375,304900
2025-04-01,11.885053967285156,11.984510485839843,11.835325708007812,11.9347822265625,173700
2025-04-02,11.93478196914226,11.984510227347018,11.8850537109375,11.8850537109375,311700
2025-04-03,11.08940234375,11.33804365190583,11.08940234375,11.08940234375,2072800
2025-04-04,10.34347759433962,10.79103191332547,10.34347759433962,10.542390625,876500
2025-04-08,10.393206566739034,10.393206566739034,9.8064130859375,9.8064130859375,1069300
2025-04-09,9.12016258295531,9.746738638272848,9.12016258295531,9.2494560546875,999900
2025-04-10,9.895923828125,9.895923828125,9.895923828125,9.895923828125,83800
2025-04-11,10.542390625,10.542390625,10.045108048349055,10.542390625,1026300
2025-04-14,10.741304176401869,10.791032436477805,10.442934615946262,10.64184765625,382000
2025-04-15,10.84076069655374,10.84076069655374,10.492662876022196,10.64184765625,360700
2025-04-16,10.49266312681686,10.79103269440407,10.49266312681686,10.691576171875,188000
2025-04-17,10.641847910610466,10.691576171875,10.49266312681686,10.691576171875,144200
2025-04-18,10.840760485671083,10.890488744779669,10.691575708345333,10.7910322265625,216200
2025-04-21,10.691575453016494,10.791031968858508,10.542390679253472,10.7413037109375,229100
2025-04-22,10.741304129464286,10.741304129464286,9.99538023158482,10.4429345703125,371000
2025-04-23,10.64184765625,10.691575916325933,10.54239113609813,10.64184765625,127200
2025-04-24,10.641847910610466,10.79103269440407,10.59211964934593,10.691576171875,176100
2025-04-25,10.791032481902237,11.188858564184343,10.791032481902237,10.8407607421875,193600
2025-04-28,10.940216952758217,10.940216952758217,10.592119140625,10.592119140625,254000
2025-04-29,10.7413037109375,10.791031968858508,10.641847195095488,10.7413037109375,113600
2025-04-30,10.7413037109375,10.7413037109375,10.7413037109375,10.7413037109375,0
2025-05-01,10.7413037109375,10.7413037109375,10.7413037109375,10.7413037109375,0
2025-05-02,10.7413037109375,10.7413037109375,10.7413037109375,10.7413037109375,0
2025-05-05,10.7413037109375,10.7413037109375,10.7413037109375,10.7413037109375,0
2025-05-06,10.7910322265625,10.840760485671083,10.59211919012817,10.7910322265625,235200
2025-05-07,10.7910322265625,10.940217003888248,10.741303967453918,10.7910322265625,468600
2025-05-08,10.791032481902237,10.890489002472762,10.741304221616971,10.8407607421875,204400
2025-05-09,10.890489046663852,11.039673828125,10.791032525689753,11.039673828125,427100
2025-05-12,11.039673828125,11.039673828125,11.039673828125,11.039673828125,0
2025-05-13,10.989945055042613,11.039673313210228,10.890488538707386,10.940216796875,252700
2025-05-14,11.089402088612047,11.139130349099098,10.9402173071509,11.039673828125,307100
2025-05-15,11.089401624407088,11.188858141217912,10.98994510759626,11.1391298828125,364500
2025-05-16,11.28831471011513,11.33804296875,11.139129934210526,11.33804296875,216500
2025-05-19,11.08940183116516,11.238586609162896,10.94021705316742,10.9899453125,177200
2025-05-20,11.08940183116516,11.238586609162896,10.94021705316742,10.9899453125,177200
2025-05-21,10.940217262758027,11.139130303899083,10.8407607421875,10.8407607421875,250100
2025-05-22,11.139130349099098,11.139130349099098,10.9402173071509,11.039673828125,234000
2025-05-23,11.089401571377842,11.139129829545457,10.940216796875,10.940216796875,319100
2025-05-26,10.98994556763795,11.089402088612047,10.791032525689753,11.039673828125,229200
2025-05-27,10.98994556763795,11.089402088612047,10.791032525689753,11.039673828125,229200
2025-05-28,11.188858192845396,11.33804296875,11.188858192845396,11.33804296875,397100
2025-05-29,11.487227744654604,11.487227744654604,11.28831471011513,11.33804296875,216000
2025-05-30,11.338043435425885,11.43749995678927,11.188858653380809,11.2385869140625,97400
2025-06-02,11.03967341694079,11.437499486019735,11.03967341694079,11.33804296875,154000
2025-06-03,11.03967341694079,11.437499486019735,11.03967341694079,11.33804296875,154000
2025-06-04,11.437499486019735,11.437499486019735,0.4765624684669156,11.33804296875,144700
2025-06-05,11.43749922563326,11.43749922563326,11.13912968061674,11.288314453125,242200
2025-06-06,11.288314964860808,11.536956263646289,11.288314964860808,11.387771484375,163100
2025-06-09,11.238587128643498,11.238587128643498,11.08940234375,11.08940234375,172100
2025-06-10,11.238587128643498,11.238587128643498,11.08940234375,11.08940234375,172100
2025-06-11,11.089401624407088,11.238586399623326,11.089401624407088,11.1391298828125,166400
2025-06-12,11.338042870685143,11.8850537109375,11.13912983786611,11.8850537109375,768200
2025-06-13,12.083966743756536,12.083966743756536,11.73586893632322,11.8850537109375,608500
2025-06-16,11.437499790437233,11.835325870104615,11.437499790437233,11.5866845703125,259400
2025-06-17,11.437499790437233,11.835325870104615,11.437499790437233,11.5866845703125,259400
2025-06-18,11.636412830270924,11.686141090229349,11.536956310354078,11.5866845703125,167100
2025-06-19,11.536956310354078,11.686141090229349,11.536956310354078,11.5866845703125,131300
2025-06-20,11.586684824886484,11.735869608039527,11.586684824886484,11.6364130859375,218700
2025-06-23,11.48722813877723,12.034239002528526,11.288315097413122,11.9845107421875,786400
2025-06-24,11.48722813877723,12.034239002528526,11.288315097413122,11.9845107421875,786400
2025-06-25,12.282880304233665,12.282880304233665,11.835325961164418,11.9845107421875,413300
2025-06-26,12.133695055298354,12.18342331372171,11.93478202160494,12.083966796875,329000
2025-06-27,11.98451099641658,12.13369578060434,11.98451099641658,12.0342392578125,329000
2025-06-30,11.835325708007812,11.984510485839843,11.785597448730469,11.9347822265625,213400
2025-07-01,11.835325708007812,11.984510485839843,11.785597448730469,11.9347822265625,213400
2025-07-02,11.934782274590162,12.282880090932377,11.934782274590162,12.1336953125,476900
2025-07-03,12.133695652173913,12.630978260869565,11.934782608695652,12.58125,1016700
2025-07-04,12.53152117598684,12.63097769325658,12.233151624177632,12.2828798828125,907100
2025-07-07,12.630978094951924,12.92934765625,12.53152157451923,12.92934765625,990500
2025-07-08,12.630978094951924,12.92934765625,12.53152157451923,12.92934765625,990500
2025-07-09,13.128260174418603,13.128260174418603,12.829890625,12.829890625,564700
2025-07-10,12.829891090393067,12.929347610473632,12.680706310272218,12.7304345703125,912700
2025-07-11,12.68070590186665,13.0288037109375,12.68070590186665,13.0288037109375,984600
2025-07-14,13.128260023584906,13.17798828125,12.979075250589622,13.17798828125,864000
2025-07-15,13.128260023584906,13.17798828125,12.979075250589622,13.17798828125,864000
2025-07-16,13.17798848625358,13.22771674469227,12.979075452498806,13.0288037109375,462700
2025-07-17,13.028803967145912,13.128260485979084,12.929347448312738,13.0785322265625,446200
2025-07-18,13.128260955459773,13.177989216654694,12.780163127095308,12.979076171875,567400
2025-07-21,13.526086704545454,13.675271484375,13.37690192471591,13.675271484375,2386200
2025-07-22,13.526086704545454,13.675271484375,13.37690192471591,13.675271484375,2386200
2025-07-23,13.824456354902829,14.27201069732774,13.675271574094522,14.07309765625,1731200
2025-07-24,14.222281863436372,14.222281863436372,13.7747275390625,13.7747275390625,1263900
2025-07-25,14.172554391043526,14.172554391043526,13.675271780831473,13.9239130859375,1247900
2025-07-28,14.868749227987752,14.918477486275338,14.222281870249155,14.719564453125,1416900
2025-07-29,14.868749227987752,14.918477486275338,14.222281870249155,14.719564453125,1416900
2025-07-30,14.868749820560954,14.868749820560954,13.923912875441696,14.07309765625,1684200
2025-07-31,14.073097447962194,14.2222822265625,13.177988776360358,14.2222822265625,1224800
2025-08-01,14.321738226232394,14.321738226232394,13.72499913347271,14.1228251953125,538200
2025-08-04,13.923912164392604,14.172553453042472,13.72499913347271,14.1228251953125,577100
2025-08-05,13.923912164392604,14.172553453042472,13.72499913347271,14.1228251953125,577100
2025-08-06,14.520651683340828,14.520651683340828,13.8244560546875,13.8244560546875,1025500
2025-08-07,13.923912760416666,14.769293178013394,13.824456240699403,14.6201083984375,2062700
2025-08-08,14.819021658539013,15.614673828125,14.371467313146896,15.614673828125,2552000
2025-08-11,17.3551625917016,17.3551625917016,16.01249958317454,16.310869140625,1367600
2025-08-12,17.3551625917016,17.3551625917016,16.01249958317454,16.310869140625,1367600
2025-08-13,16.41032559675656,17.15624948751822,16.111956040451894,17.05679296875,2757600
2025-08-14,17.305433478860294,17.305433478860294,16.310868336397057,16.907607421875,1841600
2025-08-15,16.85787957288548,16.907607831212577,16.310868731287425,16.60923828125,1739500
2025-08-18,16.41032559675656,17.10652122813411,16.41032559675656,17.05679296875,3124200
2025-08-19,16.41032559675656,17.10652122813411,16.41032559675656,17.05679296875,3124200
2025-08-20,17.75298860012755,17.80271685951166,17.05679296875,17.05679296875,1951700
2025-08-21,17.205977381175153,17.255705639502246,16.211412214633235,16.60923828125,1869400
2025-08-22,16.410326171875,16.509782694128788,16.012500082859848,16.410326171875,1066100
2025-08-25,15.913043016975308,16.36059735182774,15.913043016975308,16.1119560546875,1116600
2025-08-26,15.913043016975308,16.36059735182774,15.913043016975308,16.1119560546875,1116600
2025-08-27,16.50978302452065,17.056793907863202,16.0622286654222,16.857880859375,1318500
2025-08-28,16.808151418585528,17.35516226356908,16.509781866776315,17.007064453125,1530100
2025-08-29,17.30543359375,17.30543359375,16.808151019216954,17.30543359375,1044400
2025-09-01,17.30543359375,17.30543359375,17.30543359375,17.30543359375,0
2025-09-02,17.30543359375,17.30543359375,17.30543359375,17.30543359375,0
2025-09-03,17.802717477425638,17.802717477425638,17.40489138854462,17.554076171875,608600
2025-09-04,17.802717477425638,17.802717477425638,17.40489138854462,17.554076171875,608600
2025-09-05,17.55407514214721,17.65353165853331,17.255705592988896,17.355162109375,562800
2025-09-08,17.305434524890988,17.305434524890988,16.509782362827035,17.106521484375,1148100
2025-09-09,17.305434524890988,17.305434524890988,16.509782362827035,17.106521484375,1148100
2025-09-10,17.305434524890988,17.305434524890988,17.007064964117006,17.106521484375,424400
2025-09-11,17.305434782608696,18.3,17.25570652173913,18.3,2522200
2025-09-12,18.4,18.75,18.05,18.2,1050100
2025-09-15,18.2,18.2,18.2,18.2,0
2025-09-16,18.5,19.2,18.35,19.05,947300
2025-09-17,19.2,19.2,18.55,18.6,735600
2025-09-18,18.6,18.6,18.05,18.05,1538400
2025-09-19,18.05,18.15,17.75,18.0,649600
2025-09-22,18.3,18.3,17.05,17.1,1041200
2025-09-23,18.3,18.3,17.05,17.1,1041200
2025-09-24,17.4,17.9,17.3,17.6,527300
2025-09-25,17.8,17.8,17.4,17.75,226100
2025-09-26,17.8,18.1,17.65,17.85,442800
2025-09-29,17.5,17.75,17.2,17.2,312000
2025-09-30,17.5,17.75,17.2,17.2,312000
2025-10-01,17.15,17.15,16.6,16.9,751000
2025-10-02,16.65,16.9,16.65,16.8,208100
2025-10-03,16.8,17.3,16.7,17.0,547500
2025-10-06,17.8,18.0,17.0,17.95,664000
2025-10-07,17.8,18.0,17.0,17.95,664000
2025-10-08,18.1,18.15,17.55,17.65,290000
2025-10-09,17.65,17.9,17.25,17.45,301800
2025-10-10,17.65,18.0,17.6,17.9,600700
2025-10-13,17.8,18.0,17.6,17.9,327700
2025-10-14,17.8,18.0,17.6,17.9,327700
2025-10-15,17.95,17.95,17.45,17.5,434600
2025-10-16,17.4,17.6,17.1,17.15,432000
2025-10-17,17.2,17.8,17.0,17.75,409000
2025-10-20,17.65,18.85,17.65,18.0,2097000
2025-10-21,17.65,18.85,17.65,18.0,2097000
2025-10-22,18.25,18.8,18.0,18.8,1325200
2025-10-23,19.0,20.1,18.9,20.1,2771500
2025-10-24,21.0,21.0,18.7,18.7,1891100
2025-10-27,17.3,18.45,17.3,17.65,829500
2025-10-28,17.3,18.45,17.3,17.65,829500
2025-10-29,17.4,17.55,16.45,17.1,1660000
2025-10-30,17.3,17.3,16.9,17.2,516700
2025-10-31,17.0,17.05,16.75,16.75,593100
2025-11-03,16.95,17.0,16.0,16.1,611400
2025-11-04,16.1,16.3,15.5,16.3,599300
2025-11-05,16.1,16.3,15.5,16.3,599300
2025-11-06,16.0,16.2,15.95,15.95,183000
2025-11-07,16.1,16.2,15.7,15.9,330100
2025-11-10,16.0,16.2,15.9,15.9,224000
2025-11-11,16.1,16.1,15.75,15.85,151000
2025-11-12,16.25,16.3,15.85,16.15,347900
2025-11-13,16.15,16.5,16.15,16.35,155800
2025-11-14,16.0,16.4,16.0,16.2,220800
2025-11-17,16.35,16.4,16.15,16.25,535200
2025-11-18,16.4,16.4,16.15,16.2,142800
2025-11-19,16.25,16.4,16.15,16.15,306000
2025-11-20,16.3,16.3,15.8,16.0,280400
2025-11-21,16.0,16.1,15.8,15.85,224400
2025-11-24,15.8,16.1,15.7,15.7,209400
2025-11-25,15.8,15.85,15.1,15.1,499200
2025-11-26,15.5,15.5,15.15,15.2,428800
2025-11-27,15.3,15.5,15.3,15.3,144900
2025-11-28,15.3,15.9,15.25,15.75,436800
2025-12-01,15.75,15.9,15.55,15.6,98100
2025-12-02,15.6,15.75,15.5,15.75,274200
2025-12-03,15.75,16.15,15.6,15.6,357400
2025-12-04,15.75,16.15,15.6,15.6,357400
2025-12-05,15.75,15.85,15.3,15.3,408500
2025-12-08,15.3,15.6,15.3,15.45,274700
2025-12-09,15.5,15.5,15.1,15.2,388100
2025-12-10,15.45,15.45,15.1,15.15,282000
2025-12-11,15.15,15.3,14.85,14.95,489900
2025-12-12,14.8,15.1,14.45,14.5,343900
2025-12-15,14.5,15.0,14.15,14.85,436200
2025-12-16,14.85,15.6,14.85,15.6,385600
2025-12-17,15.75,15.75,15.4,15.4,116900
2025-12-18,15.75,15.75,15.4,15.4,116900
2025-12-19,15.3,15.5,15.2,15.4,199700
2025-12-22,16.0,16.0,15.5,15.7,232000
2025-12-23,15.7,15.7,15.5,15.55,138200
2025-12-24,15.55,15.65,15.45,15.5,88000
2025-12-25,15.55,15.65,15.45,15.5,88000
2025-12-26,15.3,15.5,15.0,15.45,162800
2025-12-29,15.45,15.5,15.1,15.3,97100
2025-12-30,15.05,15.6,14.9,15.6,270700
2025-12-31,15.5,16.5,15.2,16.5,349700
2026-01-01,16.5,16.5,16.5,16.5,0
2026-01-02,16.5,16.5,16.5,16.5,0
2026-01-05,16.0,16.0,15.5,15.5,270300
2026-01-06,15.5,15.75,15.25,15.6,154300
2026-01-07,15.4,15.9,15.25,15.7,224900
2026-01-08,16.0,16.2,15.75,15.8,514100
2026-01-09,15.85,16.9,15.85,16.5,1314400
2026-01-12,16.55,16.9,16.3,16.5,468700
2026-01-13,16.6,16.65,16.2,16.3,535400
2026-01-14,16.35,17.1,16.0,16.1,988700
2026-01-15,16.2,16.8,16.2,16.7,634900
2026-01-16,17.25,17.25,16.8,16.85,723500
2026-01-19,16.9,17.3,16.9,17.05,485500
2026-01-20,17.2,17.35,16.8,16.8,506100
2026-01-21,16.7,16.9,16.15,16.3,1097300
2026-01-22,16.6,16.9,16.3,16.3,900900
2026-01-23,16.3,16.7,16.3,16.45,730300
2026-01-26,16.35,16.7,15.5,15.5,1307900
2026-01-27,15.5,15.75,14.75,15.0,1105200
2026-01-28,15.0,15.45,14.7,14.85,778900
2026-01-29,14.85,15.25,14.65,14.85,818000
2026-01-30,15.15,15.15,14.75,14.85,825700
2026-02-02,14.9,15.0,14.45,14.8,1781600
2026-02-03,14.8,15.2,14.8,15.1,812100
2026-02-04,15.1,15.85,15.1,15.7,679600
2026-02-05,15.7,15.7,15.25,15.55,592100
2026-02-06,15.4,15.4,15.0,15.3,635000
2026-02-09,15.35,15.4,15.1,15.1,117100
2026-02-10,15.2,15.2,15.0,15.0,155800
2026-02-11,15.0,15.55,15.0,15.4,400300
2026-02-12,15.45,15.5,15.25,15.3,86600
2026-02-13,15.45,15.5,15.25,15.4,281000
2026-02-16,15.4,15.4,15.4,15.4,0
2026-02-17,15.4,15.4,15.4,15.4,0
2026-02-18,15.4,15.4,15.4,15.4,0
2026-02-19,15.4,15.4,15.4,15.4,0
2026-02-20,15.4,15.4,15.4,15.4,0
2026-02-23,15.55,16.15,15.5,16.1,733500
2026-02-24,16.15,16.5,16.0,16.5,859200
2026-02-25,16.5,16.7,16.3,16.6,701900
2026-02-26,16.6,16.7,16.3,16.5,787400
2026-02-27,16.7,17.05,16.3,17.05,1716000
2026-03-02,16.5,18.05,16.4,18.0,2355900
2026-03-03,16.5,18.05,16.4,18.0,2355900
2026-03-04,18.0,18.1,17.0,17.5,1648000
2026-03-05,17.5,17.65,17.2,17.5,485100
2026-03-06,17.5,17.5,17.0,17.1,850200
2026-03-09,15.95,16.1,15.95,15.95,301100
2026-03-10,16.2,16.2,14.85,15.6,1439100
2026-03-11,15.85,16.65,15.8,16.5,851600
2026-03-12,16.55,16.65,16.0,16.45,369700
2026-03-13,16.2,17.6,15.6,16.9,943300
2026-03-16,17.25,17.25,16.45,16.45,656500
2026-03-17,16.45,16.8,16.1,16.2,342200
2026-03-18,16.15,16.45,15.7,16.2,563600
2026-03-19,16.2,16.3,15.8,15.9,383700
2026-03-20,15.8,15.9,15.35,15.55,699400
2026-03-23,15.2,15.4,14.5,14.5,1293900
2026-03-24,14.8,14.9,14.45,14.45,336400
2026-03-25,14.55,15.1,14.55,14.9,599800
2026-03-26,15.1,15.1,14.6,14.7,306300
2026-03-27,14.65,15.1,14.65,15.05,311600
2026-03-30,14.95,15.1,14.7,15.1,335100
2026-03-31,15.1,15.3,15.05,15.25,304200
2026-04-01,15.35,15.5,15.25,15.4,194600
2026-04-02,15.4,15.4,14.9,15.15,303700
2026-04-03,15.25,15.25,14.8,14.95,206000
2026-04-06,14.9,14.9,14.6,14.6,227700
2026-04-07,14.6,14.8,14.5,14.6,256000
2026-04-08,15.3,15.3,14.9,15.1,384200
2026-04-09,15.0,15.7,14.9,15.55,597900
2026-04-10,15.85,15.85,15.3,15.35,410500
2026-04-13,15.2,15.55,15.0,15.05,488200
2026-04-14,15.35,15.65,15.15,15.6,373600
2026-04-15,16.05,16.05,15.4,15.4,514100
2026-04-16,15.4,15.55,15.2,15.2,362400
2026-04-17,15.3,15.6,15.1,15.1,627800
2026-04-20,15.2,15.45,15.1,15.1,203100
2026-04-21,15.3,15.55,15.15,15.3,447700
2026-04-22,15.4,15.5,15.25,15.25,321600
2026-04-23,15.25,15.35,14.9,15.1,465700
2026-04-24,15.0,15.3,15.0,15.05,244200
2026-04-27,15.05,15.05,15.05,15.05,0
2026-04-28,15.05,15.15,14.75,14.75,256800
2026-04-29,15.0,15.0,14.6,14.8,281000
2026-04-30,14.8,14.8,14.8,14.8,0
2026-05-01,14.8,14.8,14.8,14.8,0
2026-05-04,15.0,15.0,14.65,14.65,210400
2026-05-05,14.75,14.75,14.5,14.55,412200
2026-05-06,14.6,15.0,14.6,14.75,308800
2026-05-07,14.9,15.0,14.7,14.7,330800
2026-05-08,14.85,14.85,14.35,14.4,657100
2026-05-11,14.55,14.55,14.2,14.35,242200
2026-05-12,14.35,14.45,14.2,14.3,136000
2026-05-13,14.25,14.35,14.25,14.35,143000
2026-05-14,14.4,14.45,14.1,14.2,412100
2026-05-15,14.25,14.25,13.8,13.8,545300
2026-05-18,13.85,13.9,13.65,13.9,250800
2026-05-19,13.9,14.05,13.8,13.95,245900
2026-05-20,14.0,14.1,13.5,13.85,380300
2026-05-21,13.8,13.9,13.6,13.85,168300
2026-05-22,14.0,14.0,13.7,13.8,175800
2026-05-25,13.8,13.95,13.8,13.95,131700
2026-05-26,14.0,14.0,13.8,13.95,113700
2026-05-27,13.95,14.0,13.8,13.9,138700
2026-05-28,13.95,13.95,13.75,13.8,96700
2026-05-29,13.6,13.7,13.6,13.6,121100
2026-06-01,13.6,13.8,13.55,13.8,87500
2026-06-02,14.25,14.25,13.75,13.75,193000
2026-06-03,13.75,13.8,13.65,13.7,69000
2026-06-04,13.7,13.85,13.5,13.5,398600
2026-06-05,13.65,13.8,13.55,13.7,95100
2026-06-08,13.65,13.65,13.4,13.55,205300
2026-06-09,13.6,13.8,13.35,13.8,86300
2026-06-10,13.55,13.95,13.55,13.95,136800
2026-06-11,13.95,13.95,13.75,13.75,39000
2026-06-12,13.75,13.8,13.3,13.6,156600
2026-06-15,13.55,13.75,13.55,13.65,147300
2026-06-16,13.65,13.85,13.65,13.8,87900
2026-06-17,13.8,13.9,13.75,13.85,64100
2026-06-18,13.9,13.95,13.65,13.65,147700
2026-06-19,14.0,14.0,13.65,13.85,221800
2026-06-22,13.9,13.9,13.75,13.75,81700
2026-06-23,13.75,13.8,13.65,13.7,218500
2026-06-24,13.7,13.8,13.55,13.7,111800
2026-06-25,13.7,13.75,13.6,13.75,150600
2026-06-26,13.6,13.75,13.55,13.65,251700
2026-06-29,13.4,13.65,13.4,13.55,117900
2026-06-30,13.65,13.65,13.35,13.35,324300
2026-07-01,13.65,13.65,13.35,13.35,324300
2026-07-02,13.6,13.65,13.45,13.45,100400
2026-07-03,13.5,13.5,13.35,13.35,86600
2026-07-06,13.35,13.5,13.05,13.2,244100
2026-07-07,13.05,13.3,12.95,13.25,198500
2026-07-08,13.25,13.3,13.0,13.0,160000
2026-07-09,13.0,13.3,13.0,13.3,219700
2026-07-10,13.3,13.35,13.1,13.1,59600
2026-07-13,13.25,13.25,12.5,12.65,479900
2026-07-14,12.6,12.8,12.5,12.7,206200
2026-07-15,12.7,12.85,12.65,12.7,148500
2026-07-16,12.7,12.8,12.45,12.75,149300
2026-07-17,12.75,12.75,12.5,12.5,106100
2026-07-20,12.5,12.55,12.0,12.05,250000
2026-07-21,12.0,12.35,12.0,12.2,159200
2026-07-22,12.05,12.25,12.0,12.2,102900
2026-07-23,12.0,12.3,11.85,12.3,164900
2026-07-24,12.3,12.3,12.1,12.2,49400
2026-07-27,12.3,12.3,11.65,11.65,94900
2026-07-28,11.45,12.0,11.45,11.9,181600
2026-07-29,12.0,12.1,11.85,11.95,41600
2026-07-30,11.75,12.35,11.75,12.3,216100
2026-07-31,12.3,12.35,12.15,12.2,85500
2026-08-03,12.2,12.5,12.2,12.45,204400
2026-08-04,12.45,13.3,12.45,13.2,430500
2026-08-05,13.4,14.0,13.05,13.2,251100
2026-08-06,13.25,13.25,12.75,13.05,144100
2026-08-07,12.8,13.15,12.8,12.95,446400
2026-08-10,13.2,13.3,13.05,13.3,214300
2026-08-11,13.35,13.35,13.2,13.25,101300
2026-08-12,13.25,13.65,13.25,13.3,312900
2026-08-13,13.35,13.35,13.0,13.25,260100
2026-08-14,13.3,13.3,12.8,13.0,221700
