date,parkinson_volatility
2010-02-22,0.00032143090644800774
2010-02-23,0.00018215031761945042
2010-02-24,0.0007342770891589369
2010-02-25,0.0007454507974101227
2010-02-26,0.0005137185871766388
2010-03-01,0.0007454507974101227
2010-03-02,0.0003312465320614443
2010-03-03,0.0005137185871766271
2010-03-04,0.0003120466833781696
2010-03-05,8.03491482789075e-05
2010-03-08,0.0003075072159496347
2010-03-09,0.00047702847045849557
2010-03-10,0.00017170687403507477
2010-03-11,0.00017170687403507477
2010-03-12,0.0001717068740350714
2010-03-15,0.0004441349713749016
2010-03-16,0.00016923506311330245
2010-03-17,0.0009489326279308965
2010-03-18,0.0004985508039768414
2010-03-19,7.686861678853122e-05
2010-03-22,0.00031668737767859544
2010-03-23,7.686861678853122e-05
2010-03-24,1.9357861585309734e-05
2010-03-25,1.9644278992122496e-05
2010-03-26,8.034914827890986e-05
2010-03-29,0.0009920802002855317
2010-03-30,0.00031668737767859544
2010-03-31,7.800322946852464e-05
2010-04-01,0.00017945161968868558
2010-04-02,7.800322946852464e-05
2010-04-05,0.00017423106750213637
2010-04-06,0.0006820181570344521
2010-04-07,0.00045043432055151225
2010-04-08,0.0003030661342653652
2010-04-09,0.00016445091069331022
2010-04-12,0.00016445091069331353
2010-04-13,7.360942772106464e-05
2010-04-14,0.0009085426309588215
2010-04-15,7.256899451158783e-05
2010-04-16,0.00043192322007762064
2010-04-19,0.00014143570449193663
2010-04-20,0.0
2010-04-21,0.0036127620553886687
2010-04-22,0.0007037087795207542
2010-04-23,0.0
2010-04-26,0.0006949096384602263
2010-04-27,0.002282563819189233
2010-04-28,0.0013255986285454367
2010-04-29,0.00046566803391487316
2010-04-30,0.0
2010-05-03,0.0
2010-05-04,0.0010543464147448865
2010-05-05,0.0018638755603416386
2010-05-06,0.0007626921911565814
2010-05-07,0.0003214306037492246
2010-05-10,0.003396777896356413
2010-05-11,0.00020448301609926945
2010-05-12,0.0004888085667212992
2010-05-13,1.4177519780237821e-05
2010-05-14,0.0007311326808109499
2010-05-17,0.00014524639606423902
2010-05-18,0.0027306530475425567
2010-05-19,6.412170726696295e-05
2010-05-20,1.7515012112046254e-05
2010-05-21,0.00029446777993363116
2010-05-24,0.0008585782707238012
2010-05-25,0.0
2010-05-26,0.00013958676340337315
2010-05-27,0.0005268945186465076
2010-05-28,0.0020055240036119604
2010-05-31,0.0007037087795207542
2010-06-01,0.002523748256632187
2010-06-02,1.4916296370266379e-05
2010-06-03,0.00012446173479822755
2010-06-04,0.00012446173479822755
2010-06-07,1.4916296370266379e-05
2010-06-08,1.4916296370266379e-05
2010-06-09,0.000703708779520761
2010-06-10,0.0007037087795207474
2010-06-11,0.0011489718660657663
2010-06-14,0.0003635527375329157
2010-06-15,0.0
2010-06-16,0.0007218177884691815
2010-06-17,0.0
2010-06-18,0.0002311888875254366
2010-06-21,0.00012921808584287183
2010-06-22,0.0003635527375329157
2010-06-23,0.00012921808584287183
2010-06-24,0.0006778030585844258
2010-06-25,0.00023118888752543255
2010-06-28,0.0002311888875254366
2010-06-29,0.0001260175896497723
2010-06-30,0.0003544884714677389
2010-07-01,0.00022544471505080496
2010-07-02,0.0005137179875442265
2010-07-05,0.0
2010-07-06,0.0007218177884691815
2010-07-07,0.0007218177884691815
2010-07-08,0.0014098030758911066
2010-07-09,1.5508656184658135e-05
2010-07-12,0.0003778108337153885
2010-07-13,0.0014457415959995951
2010-07-14,0.0005202460831821763
2010-07-15,1.4916296370266379e-05
2010-07-16,0.00023118888752543255
2010-07-19,0.0
2010-07-20,0.0001276043659911648
2010-07-21,0.0005202460831821822
2010-07-22,0.0
2010-07-23,5.635729166251078e-05
2010-07-26,0.0
2010-07-27,0.0007311326808109499
2010-07-28,0.0002498030269470379
2010-07-29,1.5508656184658135e-05
2010-07-30,1.4916296370266379e-05
2010-08-02,6.0051436677318435e-05
2010-08-03,0.00023414368234832462
2010-08-04,1.530752975189712e-05
2010-08-05,0.0
2010-08-06,0.0005929427898974878
2010-08-09,0.0006010397664984158
2010-08-10,0.0008237592501995748
2010-08-11,0.0
2010-08-12,7.467240790344582e-05
2010-08-13,0.0
2010-08-16,0.0
2010-08-17,0.00029446777993363116
2010-08-18,0.0014600892515940788
2010-08-19,0.0008830305402480607
2010-08-20,0.0003120466833781742
2010-08-23,0.0003075072159496347
2010-08-24,8.034914827890986e-05
2010-08-25,2.2187218751063124e-05
2010-08-26,0.0
2010-08-27,0.0008053253942079245
2010-08-30,0.0
2010-08-31,0.0
2010-09-01,0.00018773363186744008
2010-09-02,0.0
2010-09-03,0.0
2010-09-06,0.0004912176420476598
2010-09-07,0.0004912176420476598
2010-09-08,2.085794203091142e-05
2010-09-09,0.0007233572078191944
2010-09-10,0.0007233572078191874
2010-09-13,0.0015923562389066886
2010-09-14,2.0237286255872657e-05
2010-09-15,0.0019808145136944884
2010-09-16,8.03491482789075e-05
2010-09-17,0.0003075072159496347
2010-09-20,0.0
2010-09-21,0.0016161400690047063
2010-09-22,0.0
2010-09-23,0.0
2010-09-24,0.0
2010-09-27,0.0
2010-09-28,0.0015923562389066886
2010-09-29,0.0009489326279309044
2010-09-30,1.9937845851882706e-05
2010-10-01,7.916316103137003e-05
2010-10-04,0.00073427708915893
2010-10-05,2.085794203091142e-05
2010-10-06,0.0
2010-10-07,2.054390899209021e-05
2010-10-08,0.0
2010-10-11,0.00018215031761944687
2010-10-12,0.0
2010-10-13,0.0
2010-10-14,0.0
2010-10-15,0.0005137185871766388
2010-10-18,0.00018491038101818325
2010-10-19,0.00018491038101818325
2010-10-20,2.1507184379892917e-05
2010-10-21,8.536998078532989e-05
2010-10-22,2.1178438984304466e-05
2010-10-25,0.0
2010-10-26,0.0
2010-10-27,0.0003312465320614443
2010-10-28,0.0
2010-10-29,0.0
2010-11-01,0.0013880138926723568
2010-11-02,0.0
2010-11-03,0.0
2010-11-04,0.0
2010-11-05,0.0
2010-11-08,0.0007568768218061707
2010-11-09,8.669872381104974e-05
2010-11-10,0.0
2010-11-11,0.0
2010-11-12,0.0
2010-11-15,2.483943007215687e-05
2010-11-16,2.703710956476029e-05
2010-11-17,0.0007001687466069832
2010-11-18,0.001035589575523191
2010-11-19,0.0010173362216930098
2010-11-22,0.0018750979871990532
2010-11-23,0.0
2010-11-24,0.0
2010-11-25,0.0015777586447528727
2010-11-26,0.0006532974244218093
2010-11-29,0.0
2010-11-30,0.0
2010-12-01,0.0009172915432046784
2010-12-02,9.087656646863829e-05
2010-12-03,0.00018773363186743653
2010-12-06,0.0008053253942079245
2010-12-07,0.0008872061271589939
2010-12-08,0.0
2010-12-09,0.0006010386433903801
2010-12-10,0.0
2010-12-13,0.0005818781135191805
2010-12-14,0.0005913441741131741
2010-12-15,0.0009172915432046784
2010-12-16,1.778258931114894e-32
2010-12-17,0.0016041836502961341
2010-12-20,0.00010188289232195977
2010-12-21,2.703710956476029e-05
2010-12-22,0.0006423121850077952
2010-12-23,0.0
2010-12-24,0.0002094411135246094
2010-12-27,0.00036355204144176566
2010-12-28,0.0003312465320614443
2010-12-29,0.0005137185871766388
2010-12-30,8.407154023412797e-05
2010-12-31,0.00018773363186743653
2011-01-03,0.0
2011-01-04,0.00201385995229917
2011-01-05,0.0
2011-01-06,0.00023118961159264897
2011-01-07,0.0006532974244218093
2011-01-10,1.778258931114894e-32
2011-01-11,0.00028622933812536347
2011-01-12,0.0015592792236585641
2011-01-13,0.00026113270512718333
2011-01-14,0.0
2011-01-17,0.00024335529968820907
2011-01-18,0.0004684710553030453
2011-01-19,0.0007522750664350545
2011-01-20,0.0002757730252621038
2011-01-21,0.0002757730252620995
2011-01-24,0.00049486478251249
2011-01-25,0.0
2011-01-26,0.00049486478251249
2011-01-27,0.0
2011-01-28,0.00049486478251249
2011-01-31,1.778258931114894e-32
2011-02-01,1.778258931114894e-32
2011-02-02,1.778258931114894e-32
2011-02-03,1.778258931114894e-32
2011-02-04,1.778258931114894e-32
2011-02-07,1.778258931114894e-32
2011-02-08,0.0
2011-02-09,0.0010736118178815018
2011-02-10,0.0007662135708972778
2011-02-11,0.0
2011-02-14,0.0004948647825124957
2011-02-15,0.0
2011-02-16,0.0
2011-02-17,3.240502139459918e-05
2011-02-18,3.36695095330348e-05
2011-02-21,3.717524173397353e-05
2011-02-22,0.0
2011-02-23,0.000858578737171446
2011-02-24,0.0
2011-02-25,0.0025607148007332713
2011-02-28,0.0018230709644818167
2011-03-01,0.0
2011-03-02,0.0
2011-03-03,0.0018230709644818273
2011-03-04,0.0019808156815381175
2011-03-07,0.0007287876157180264
2011-03-08,0.00017423158858299642
2011-03-09,0.0007454507449996188
2011-03-10,0.0
2011-03-11,0.00016681776271629877
2011-03-14,0.0
2011-03-15,0.0001863145677616817
2011-03-16,0.0007990192595165166
2011-03-17,0.003355920799402561
2011-03-18,0.0005010342415660959
2011-03-21,0.0
2011-03-22,0.0013583538271989227
2011-03-23,0.00020944045797368068
2011-03-24,0.00043392380026940664
2011-03-25,0.0
2011-03-28,0.0
2011-03-29,0.0
2011-03-30,0.0
2011-03-31,0.0019327574088850942
2011-04-01,0.0
2011-04-04,0.0008585771046053019
2011-04-05,0.0
2011-04-06,0.0002199119512445249
2011-04-07,0.0002199119512445249
2011-04-08,0.0
2011-04-11,0.0
2011-04-12,0.0
2011-04-13,0.0
2011-04-14,0.0
2011-04-15,0.0
2011-04-18,0.0
2011-04-19,0.0
2011-04-20,0.0005548118530169715
2011-04-21,0.0009737505054210296
2011-04-22,0.0
2011-04-25,0.0
2011-04-26,6.0051436677318435e-05
2011-04-27,0.0005137179875442206
2011-04-28,7.113035724459574e-32
2011-04-29,0.0
2011-05-02,0.0
2011-05-03,0.0
2011-05-04,6.163171552529469e-05
2011-05-05,0.0
2011-05-06,0.0
2011-05-09,6.163171552529469e-05
2011-05-10,0.0
2011-05-11,6.163171552529469e-05
2011-05-12,6.163171552529469e-05
2011-05-13,0.0
2011-05-16,6.327520431868917e-05
2011-05-17,6.163171552529469e-05
2011-05-18,0.0
2011-05-19,0.0
2011-05-20,0.0002498030269470379
2011-05-23,0.0
2011-05-24,0.0
2011-05-25,0.0005548118530169715
2011-05-26,0.0
2011-05-27,0.0023107784337991076
2011-05-30,5.853062777521891e-05
2011-05-31,0.0
2011-06-01,0.0002199119512445249
2011-06-02,0.00045471203053562846
2011-06-03,0.0008181639183805422
2011-06-06,0.0
2011-06-07,0.0
2011-06-08,0.0005010342415660959
2011-06-09,0.0009250499571237341
2011-06-10,0.0005137179875442206
2011-06-13,5.565832761481187e-05
2011-06-14,0.0013583538271989414
2011-06-15,0.002537735757290297
2011-06-16,0.0
2011-06-17,0.0
2011-06-20,0.0
2011-06-21,0.002082480076385079
2011-06-22,0.0
2011-06-23,0.0019327574088851053
2011-06-24,5.430183168459587e-05
2011-06-27,0.0020306918625922704
2011-06-28,0.0
2011-06-29,0.0
2011-06-30,0.0
2011-07-01,0.0
2011-07-04,0.001716813862870426
2011-07-05,0.0
2011-07-06,0.0
2011-07-07,0.0017168138628704465
2011-07-08,0.0006351446596257064
2011-07-11,0.0
2011-07-12,0.0
2011-07-13,0.0
2011-07-14,0.0
2011-07-15,0.0
2011-07-18,0.0
2011-07-19,0.002811659757531535
2011-07-20,0.0003030661342653652
2011-07-21,0.0006920142090030368
2011-07-22,0.0
2011-07-25,0.0
2011-07-26,0.002103746546626064
2011-07-27,0.0
2011-07-28,0.0
2011-07-29,0.0
2011-08-01,7.467240790344809e-05
2011-08-02,0.0007126747714463329
2011-08-03,0.0
2011-08-04,0.0021037465466260527
2011-08-05,0.0
2011-08-08,0.0019808145136944884
2011-08-09,0.0
2011-08-10,0.0013255979946218484
2011-08-11,0.0
2011-08-12,0.0
2011-08-15,0.0
2011-08-16,0.0
2011-08-17,0.0008053253942079245
2011-08-18,0.0
2011-08-19,9.233646344977932e-05
2011-08-22,0.0008053253942079245
2011-08-23,0.0
2011-08-24,0.0
2011-08-25,0.0008053253942079245
2011-08-26,0.0
2011-08-29,0.0
2011-08-30,7.91631610313677e-05
2011-08-31,0.002040892438783403
2011-09-01,0.0003030661342653697
2011-09-02,0.0
2011-09-05,0.0027306507853189013
2011-09-06,0.000653296220484407
2011-09-07,7.25689945115856e-05
2011-09-08,0.00027833359256739887
2011-09-09,0.0
2011-09-12,0.0
2011-09-13,0.00029446777993364005
2011-09-14,0.0
2011-09-15,0.0006532962204844136
2011-09-16,0.00032143090644800774
2011-09-19,0.0
2011-09-20,0.0
2011-09-21,0.0
2011-09-22,0.0006920142090030302
2011-09-23,7.467240790344582e-05
2011-09-26,0.000312046683378165
2011-09-27,7.467240790344582e-05
2011-09-28,7.055322144852408e-05
2011-09-29,0.0
2011-09-30,0.00029446777993364005
2011-10-03,0.0
2011-10-04,8.156123777307834e-05
2011-10-05,0.0
2011-10-06,0.003077564753755516
2011-10-07,0.0
2011-10-10,0.0
2011-10-11,0.0
2011-10-12,0.0
2011-10-13,0.0014549415343871257
2011-10-14,0.0
2011-10-17,0.0
2011-10-18,0.0019808145136944884
2011-10-19,0.0003522779604716598
2011-10-20,9.536382246785236e-05
2011-10-21,0.0
2011-10-24,0.0014549415343871257
2011-10-25,0.0
2011-10-26,8.669872381104974e-05
2011-10-27,0.0
2011-10-28,0.0
2011-10-31,0.0
2011-11-01,0.0
2011-11-02,0.0
2011-11-03,0.0
2011-11-04,9.233646344978184e-05
2011-11-07,0.001409800417446213
2011-11-08,0.00033124653206143955
2011-11-09,0.0
2011-11-10,0.001212774124150372
2011-11-11,0.0
2011-11-14,0.0
2011-11-15,0.0
2011-11-16,0.0
2011-11-17,0.0
2011-11-18,0.0
2011-11-21,0.003077564753755516
2011-11-22,0.0
2011-11-23,0.001366725349464388
2011-11-24,0.0
2011-11-25,0.0
2011-11-28,0.0
2011-11-29,0.0
2011-11-30,0.0
2011-12-01,0.0
2011-12-02,0.0
2011-12-05,7.916316103137003e-05
2011-12-06,0.0
2011-12-07,0.0
2011-12-08,0.0
2011-12-09,0.0
2011-12-12,0.0
2011-12-13,0.00073427708915893
2011-12-14,0.0
2011-12-15,0.0
2011-12-16,0.0006532962204844136
2011-12-19,0.0006010397664984158
2011-12-20,0.0005548118530169715
2011-12-21,0.0002311888875254366
2011-12-22,0.0009489338538751427
2011-12-23,0.002250302342446832
2011-12-26,0.000540581303241101
2011-12-27,0.000540581303241101
2011-12-28,0.0028963294787646412
2011-12-29,0.0
2011-12-30,0.0026530987303621054
2012-01-02,0.0
2012-01-03,0.002439275680980047
2012-01-04,0.0
2012-01-05,0.0005850084244059989
2012-01-06,0.002439275680980047
2012-01-09,0.002250302342446832
2012-01-10,0.0
2012-01-11,0.0
2012-01-12,0.0
2012-01-13,0.0
2012-01-16,0.0
2012-01-17,0.0
2012-01-18,0.001716813862870426
2012-01-19,0.0006010397664984158
2012-01-20,0.00026349003427464634
2012-01-23,0.0
2012-01-24,0.0
2012-01-25,0.0
2012-01-26,0.0
2012-01-27,0.0
2012-01-30,0.0
2012-01-31,6.327520431868917e-05
2012-02-01,6.676571243435512e-05
2012-02-02,6.327520431868917e-05
2012-02-03,0.0
2012-02-06,0.0
2012-02-07,0.0
2012-02-08,0.0
2012-02-09,0.0
2012-02-10,0.0002862302358621827
2012-02-13,0.001815686347264621
2012-02-14,0.002811659757531535
2012-02-15,0.0
2012-02-16,0.0
2012-02-17,0.003077564753755516
2012-02-20,0.0007342770891589369
2012-02-21,0.001366725349464388
2012-02-22,0.001248723993834147
2012-02-23,0.0003030661342653652
2012-02-24,0.0018683576742083497
2012-02-27,0.0011453754728034246
2012-02-28,0.0
2012-02-29,0.0
2012-03-01,0.0
2012-03-02,0.001248723993834147
2012-03-05,0.0006351446596257064
2012-03-06,0.0016703798015835476
2012-03-07,0.00027833359256739887
2012-03-08,0.0
2012-03-09,0.0
2012-03-12,7.686861678853122e-05
2012-03-13,0.001248723993834156
2012-03-14,0.0007342770891589369
2012-03-15,0.0008053253942079173
2012-03-16,0.0
2012-03-19,0.0
2012-03-20,0.00073427708915893
2012-03-21,7.686861678853122e-05
2012-03-22,0.0
2012-03-23,0.00029446777993363555
2012-03-26,0.0011453754728034246
2012-03-27,0.0012127741241503812
2012-03-28,0.0
2012-03-29,0.001248723993834147
2012-03-30,0.0
2012-04-02,0.0
2012-04-03,7.91631610313677e-05
2012-04-04,0.0
2012-04-05,7.686861678853122e-05
2012-04-06,0.0
2012-04-09,0.0028963294787646412
2012-04-10,0.0
2012-04-11,0.0
2012-04-12,7.467240790344809e-05
2012-04-13,0.000312046683378165
2012-04-16,7.916316103137003e-05
2012-04-17,0.0006722372503752391
2012-04-18,0.0002862302358621783
2012-04-19,0.0
2012-04-20,0.0002862302358621827
2012-04-23,0.00029446777993363116
2012-04-24,0.001212774124150372
2012-04-25,7.467240790344582e-05
2012-04-26,0.00029446777993363555
2012-04-27,0.0011783521946216828
2012-04-30,0.0
2012-05-01,0.0
2012-05-02,0.0002862302358621827
2012-05-03,0.0006532962204844136
2012-05-04,6.862028663192471e-05
2012-05-07,0.0010543452979910077
2012-05-08,0.0002371543763559024
2012-05-09,0.0009489338538751427
2012-05-10,0.0036127620553886687
2012-05-11,0.00024335604256331427
2012-05-14,0.0009737505054210374
2012-05-15,0.0005696100849557004
2012-05-16,0.0
2012-05-17,0.0002498030269470379
2012-05-18,0.00025650964698290755
2012-05-21,0.0002371543763559024
2012-05-22,0.0002371543763559024
2012-05-23,6.163171552529469e-05
2012-05-24,0.00025650964698290755
2012-05-25,6.163171552529469e-05
2012-05-28,0.0005850084244059989
2012-05-29,0.0
2012-05-30,6.163171552529469e-05
2012-05-31,0.0
2012-06-01,0.0023737228938208073
2012-06-04,0.0025788013758685463
2012-06-05,0.0
2012-06-06,0.0
2012-06-07,0.0
2012-06-08,0.0011137641601877716
2012-06-11,0.0006177392918134878
2012-06-12,0.0
2012-06-13,0.0006532962204844136
2012-06-14,7.467240790344809e-05
2012-06-15,0.0
2012-06-18,0.0006920142090030166
2012-06-19,0.0006920142090030166
2012-06-20,0.0
2012-06-21,0.00029446777993363555
2012-06-22,0.0006722372503752391
2012-06-25,0.0003030661342653652
2012-06-26,0.0
2012-06-27,7.467240790344582e-05
2012-06-28,0.0
2012-06-29,0.001248723993834147
2012-07-02,0.0003120466833781696
2012-07-03,0.001248723993834147
2012-07-04,0.0
2012-07-05,0.0013255979946218484
2012-07-06,8.156123777307834e-05
2012-07-09,0.0
2012-07-10,0.0
2012-07-11,0.0
2012-07-12,0.0
2012-07-13,7.916316103137003e-05
2012-07-16,0.0007126747714463329
2012-07-17,0.0002862302358621827
2012-07-18,6.498531972778682e-05
2012-07-19,0.0006010397664984158
2012-07-20,0.0017652119201227818
2012-07-23,0.0
2012-07-24,0.0
2012-07-25,0.0
2012-07-26,0.0011137641601877799
2012-07-27,7.256899451158783e-05
2012-07-30,7.256899451158783e-05
2012-07-31,0.0017652119201227818
2012-08-01,0.0
2012-08-02,0.0002862302358621827
2012-08-03,7.467240790344809e-05
2012-08-06,0.0
2012-08-07,0.0
2012-08-08,0.0011783521946216828
2012-08-09,0.0
2012-08-10,0.0
2012-08-13,7.055322144852408e-05
2012-08-14,7.055322144852408e-05
2012-08-15,0.0
2012-08-16,0.0
2012-08-17,7.256899451158783e-05
2012-08-20,0.0006351446596257064
2012-08-21,0.0
2012-08-22,0.0
2012-08-23,8.407154023412797e-05
2012-08-24,0.002103746546626064
2012-08-27,0.0
2012-08-28,7.686861678853122e-05
2012-08-29,7.686861678853122e-05
2012-08-30,7.467240790344809e-05
2012-08-31,0.0003030661342653652
2012-09-03,0.0
2012-09-04,7.467240790344582e-05
2012-09-05,0.000312046683378165
2012-09-06,7.686861678853122e-05
2012-09-07,0.0
2012-09-10,7.686861678853122e-05
2012-09-11,0.0
2012-09-12,9.233646344977932e-05
2012-09-13,0.0
2012-09-14,0.00035227796047165497
2012-09-17,0.0
2012-09-18,8.407154023412797e-05
2012-09-19,0.0007568768218061637
2012-09-20,0.001366725349464388
2012-09-21,0.0
2012-09-24,0.0
2012-09-25,0.0
2012-09-26,0.0
2012-09-27,0.0
2012-09-28,0.0
2012-10-01,0.0031746322858796573
2012-10-02,0.0
2012-10-03,0.0003312465320614443
2012-10-04,8.669872381104974e-05
2012-10-05,0.0
2012-10-08,0.0007568768218061637
2012-10-09,0.0
2012-10-10,0.0019808145136944884
2012-10-11,0.0
2012-10-12,0.0006920142090030166
2012-10-15,0.0
2012-10-16,0.0003030661342653652
2012-10-17,0.0003030661342653652
2012-10-18,0.0
2012-10-19,0.0
2012-10-22,0.0006920142090030166
2012-10-23,0.0
2012-10-24,0.0003120466833781696
2012-10-25,0.0
2012-10-26,0.0
2012-10-29,0.0
2012-10-30,0.0
2012-10-31,0.0
2012-11-01,0.0
2012-11-02,7.467240790344809e-05
2012-11-05,0.0007126747714463329
2012-11-06,0.0
2012-11-07,0.0007126747714463329
2012-11-08,0.0
2012-11-09,0.0
2012-11-12,0.00073427708915893
2012-11-13,0.0
2012-11-14,0.00073427708915893
2012-11-15,0.0
2012-11-16,0.00033124653206143955
2012-11-19,0.0
2012-11-20,0.0007568768218061637
2012-11-21,0.0
2012-11-22,0.0
2012-11-23,0.0
2012-11-26,0.0
2012-11-27,0.0
2012-11-28,0.0007568768218061637
2012-11-29,0.0
2012-11-30,0.00073427708915893
2012-12-03,0.0
2012-12-04,0.0
2012-12-05,0.0
2012-12-06,0.0
2012-12-07,0.0
2012-12-10,0.0006532962204844136
2012-12-11,0.0
2012-12-12,0.0006532962204844136
2012-12-13,0.0006532962204844136
2012-12-14,0.0
2012-12-17,0.0
2012-12-18,0.0
2012-12-19,7.91631610313677e-05
2012-12-20,0.0
2012-12-21,0.0
2012-12-24,0.0
2012-12-25,7.467240790344809e-05
2012-12-26,0.00029446777993363116
2012-12-27,0.00029446777993363116
2012-12-28,0.0
2012-12-31,0.0
2013-01-01,0.0
2013-01-02,0.0
2013-01-03,0.0
2013-01-04,0.0002371543763559024
2013-01-07,0.0005268945186465018
2013-01-08,0.00032143090644800774
2013-01-09,7.686861678853122e-05
2013-01-10,0.0
2013-01-11,7.916316103137003e-05
2013-01-14,0.0
2013-01-15,0.00073427708915893
2013-01-16,0.0003030661342653652
2013-01-17,0.0
2013-01-18,0.0
2013-01-21,0.005003567204827112
2013-01-22,0.0
2013-01-23,0.00073427708915893
2013-01-24,0.0
2013-01-25,0.0
2013-01-28,0.0
2013-01-29,0.0
2013-01-30,0.0
2013-01-31,0.0
2013-02-01,0.002811659757531535
2013-02-04,0.0
2013-02-05,0.0
2013-02-06,0.0
2013-02-07,0.0
2013-02-08,0.0
2013-02-11,0.0
2013-02-12,0.0
2013-02-13,0.0
2013-02-14,0.0
2013-02-15,0.0
2013-02-18,0.0
2013-02-19,0.0
2013-02-20,0.0
2013-02-21,0.0006920142090030166
2013-02-22,0.0
2013-02-25,0.0036650147743946164
2013-02-26,0.001815686347264621
2013-02-27,0.0
2013-02-28,0.0
2013-03-01,0.000312046683378165
2013-03-04,0.0
2013-03-05,0.003077564753755516
2013-03-06,0.0003522779604716598
2013-03-07,0.0
2013-03-08,0.0
2013-03-11,0.00035227796047165497
2013-03-12,0.0
2013-03-13,0.0003415203181842953
2013-03-14,0.0
2013-03-15,8.669872381104974e-05
2013-03-18,0.0
2013-03-19,0.0
2013-03-20,0.0
2013-03-21,0.0
2013-03-22,0.00034152031818430486
2013-03-25,0.0
2013-03-26,0.0008313119559292606
2013-03-27,8.945100797464275e-05
2013-03-28,0.0
2013-03-29,0.0015022864907066002
2013-04-01,0.00037537615658549226
2013-04-02,8.945100797464523e-05
2013-04-03,0.0
2013-04-04,0.0
2013-04-05,0.0
2013-04-08,0.0
2013-04-09,8.669872381104974e-05
2013-04-10,8.407154023412797e-05
2013-04-11,0.0
2013-04-12,0.0003214309064480124
2013-04-15,0.0003214309064480124
2013-04-16,0.0
2013-04-17,0.00073427708915893
2013-04-18,0.0
2013-04-19,0.0
2013-04-22,0.0
2013-04-23,0.0
2013-04-24,0.0
2013-04-25,0.0
2013-04-26,0.001454941534387135
2013-04-29,0.0
2013-04-30,0.0
2013-05-01,0.0
2013-05-02,0.0
2013-05-03,8.669872381104974e-05
2013-05-06,0.0
2013-05-07,0.0
2013-05-08,0.0
2013-05-09,0.0012862998459195667
2013-05-10,7.916316103137003e-05
2013-05-13,0.0
2013-05-14,0.0
2013-05-15,0.0
2013-05-16,0.0
2013-05-17,0.0
2013-05-20,0.002169550617264296
2013-05-21,0.0014098004174462316
2013-05-22,0.0031746322858796426
2013-05-23,0.0
2013-05-24,0.00073427708915893
2013-05-27,7.686861678852891e-05
2013-05-28,0.001248723993834156
2013-05-29,0.0006722372503752458
2013-05-30,0.0012127741241503812
2013-05-31,0.001212774124150372
2013-06-03,0.0
2013-06-04,0.0019233516056083226
2013-06-05,0.0
2013-06-06,0.0
2013-06-07,0.0003120466833781742
2013-06-10,7.916316103137003e-05
2013-06-11,0.0013255979946218395
2013-06-12,0.0
2013-06-13,0.0013255979946218575
2013-06-14,0.0
2013-06-17,0.0
2013-06-18,0.0
2013-06-19,0.0
2013-06-20,0.0
2013-06-21,0.0
2013-06-24,0.0013667253494643974
2013-06-25,0.0
2013-06-26,0.0
2013-06-27,8.407154023412797e-05
2013-06-28,0.0
2013-07-01,0.0
2013-07-02,0.0013667253494643974
2013-07-03,0.0
2013-07-04,0.0
2013-07-05,0.0
2013-07-08,0.0003415203181842953
2013-07-09,0.0007805386970928275
2013-07-10,0.0
2013-07-11,0.0
2013-07-12,0.0041271988010530185
2013-07-15,7.256899451158783e-05
2013-07-16,7.467240790344809e-05
2013-07-17,7.256899451158783e-05
2013-07-18,0.0
2013-07-19,7.256899451159006e-05
2013-07-22,7.256899451159006e-05
2013-07-23,0.00029446777993364005
2013-07-24,7.467240790344809e-05
2013-07-25,0.00029446777993363555
2013-07-26,0.0
2013-07-29,0.0003030661342653697
2013-07-30,0.001248723993834156
2013-07-31,0.00029446777993364005
2013-08-01,7.055322144852408e-05
2013-08-02,0.0002862302358621827
2013-08-05,7.055322144852408e-05
2013-08-06,7.256899451159006e-05
2013-08-07,0.00029446777993363555
2013-08-08,7.467240790344809e-05
2013-08-09,7.467240790344809e-05
2013-08-12,7.467240790344809e-05
2013-08-13,7.467240790344809e-05
2013-08-14,0.0
2013-08-15,7.467240790344809e-05
2013-08-16,0.0003030661342653652
2013-08-19,7.467240790344809e-05
2013-08-20,7.686861678853122e-05
2013-08-21,0.0003120466833781696
2013-08-22,0.0003030661342653652
2013-08-23,0.0003120466833781696
2013-08-26,0.00073427708915893
2013-08-27,0.0013667253494643974
2013-08-28,0.0007568768218061637
2013-08-29,0.0013667253494643974
2013-08-30,0.0007568768218061707
2013-09-02,0.0
2013-09-03,0.0007342770891589438
2013-09-04,0.00033124653206143955
2013-09-05,0.0003312465320614443
2013-09-06,0.0
2013-09-09,0.0
2013-09-10,0.0003522779604716501
2013-09-11,0.0007805386970928275
2013-09-12,0.0007805386970928275
2013-09-13,0.0003415203181842953
2013-09-16,0.0007805386970928275
2013-09-17,0.0007805386970928275
2013-09-18,0.0021695506172642845
2013-09-19,0.0008053253942079318
2013-09-20,0.0008053253942079318
2013-09-23,0.0
2013-09-24,0.0003522779604716501
2013-09-25,0.0003415203181842953
2013-09-26,0.0007568768218061637
2013-09-27,8.407154023413038e-05
2013-09-30,0.00073427708915893
2013-10-01,0.00073427708915893
2013-10-02,0.001248723993834156
2013-10-03,0.000653296220484407
2013-10-04,0.0003030661342653697
2013-10-07,0.0006920142090030302
2013-10-08,0.0036650147743946303
2013-10-09,0.0006351446596257064
2013-10-10,0.0003030661342653697
2013-10-11,0.001212774124150372
2013-10-14,7.467240790344809e-05
2013-10-15,7.467240790344809e-05
2013-10-16,0.00029446777993364005
2013-10-17,0.0002862302358621827
2013-10-18,0.00029446777993363555
2013-10-21,0.0006532962204844136
2013-10-22,7.467240790344809e-05
2013-10-23,7.467240790344809e-05
2013-10-24,0.00029446777993363555
2013-10-25,7.467240790344809e-05
2013-10-28,0.0003030661342653652
2013-10-29,0.0003030661342653697
2013-10-30,0.00029446777993364005
2013-10-31,0.0006722372503752458
2013-11-01,7.686861678853122e-05
2013-11-04,0.0006722372503752458
2013-11-05,0.00029446777993363555
2013-11-06,7.467240790344809e-05
2013-11-07,0.00029446777993363555
2013-11-08,0.0002862302358621783
2013-11-11,7.256899451159006e-05
2013-11-12,0.0
2013-11-13,0.0009489338538751427
2013-11-14,0.0008380052548160954
2013-11-15,0.001427601304464856
2013-11-18,0.0013583538271989318
2013-11-19,0.0012057677934257727
2013-11-20,0.0007454507449996258
2013-11-21,0.002364577515948799
2013-11-22,0.0004888085667212935
2013-11-25,0.000454712030535634
2013-11-26,0.000454712030535634
2013-11-27,0.0011783543197059706
2013-11-28,0.0006674254742052495
2013-11-29,0.000387785479064807
2013-12-02,0.0006820181111698877
2013-12-03,0.0003635509526851332
2013-12-04,0.0018606912280215054
2013-12-05,0.001248726863309749
2013-12-06,0.0005137195765708016
2013-12-09,0.0002757730252620995
2013-12-10,0.0015890051480484974
2013-12-11,0.002896337019654924
2013-12-12,0.0019808156815381063
2013-12-13,0.0003794471331513639
2013-12-16,0.0015351457672380896
2013-12-17,0.00035597589960290136
2013-12-18,0.0006396109348393567
2013-12-19,0.00035597589960289643
2013-12-20,0.000639610934839363
2013-12-23,0.00016681776271630218
2013-12-24,0.0003794471331513639
2013-12-25,0.0006970948092538135
2013-12-26,0.00017423158858299642
2013-12-27,0.00040531360491463236
2013-12-30,0.0007454507449996258
2013-12-31,0.0007626921911565884
2014-01-01,0.0
2014-01-02,0.0
2014-01-03,0.003736475942468045
2014-01-06,0.00017812525137784552
2014-01-07,0.00017812525137784552
2014-01-08,0.0010543432878356066
2014-01-09,0.000387785479064807
2014-01-10,0.00017423158858299642
2014-01-13,4.4037473831922035e-05
2014-01-14,0.00040531360491463236
2014-01-15,0.00017812525137784552
2014-01-16,0.00017812525137784552
2014-01-17,0.0007454507449996258
2014-01-20,0.0017168137162947
2014-01-21,0.0017570045549077482
2014-01-22,0.0007454507449996258
2014-01-23,0.0007287876157180402
2014-01-24,0.0007287876157180402
2014-01-27,0.0004053136049146376
2014-01-28,0.0
2014-01-29,0.0
2014-01-30,0.0
2014-01-31,0.0
2014-02-03,0.0
2014-02-04,0.0
2014-02-05,0.0
2014-02-06,0.00039640670385193764
2014-02-07,0.0007126769270943486
2014-02-10,0.0015351457672380996
2014-02-11,0.0009687097889351197
2014-02-12,0.0006396109348393567
2014-02-13,0.00016328707697613564
2014-02-14,0.0014098004856114587
2014-02-17,0.0003713703361799955
2014-02-18,0.0003635509526851332
2014-02-19,0.0
2014-02-20,0.00014720885545934853
2014-02-21,0.0009687097889351197
2014-02-24,0.0003346190238498069
2014-02-25,0.00035597589960289643
2014-02-26,0.0006134997335379944
2014-02-27,0.0003415214069869921
2014-02-28,0.0001533423422427626
2014-03-03,0.0006134997335379944
2014-03-04,0.0003635509526851332
2014-03-05,0.00015655383120614545
2014-03-06,0.00040531360491463236
2014-03-07,0.00017423158858299642
2014-03-10,0.0003877854790648019
2014-03-11,0.00017046425006312768
2014-03-12,0.00039640670385193764
2014-03-13,0.00018215087462874636
2014-03-14,0.0007287876157180402
2014-03-17,0.0003794471331513639
2014-03-18,0.00016681776271629546
2014-03-19,0.0003794471331513639
2014-03-20,0.00016328707697613564
2014-03-21,0.0013808595336977309
2014-03-24,0.0001284070200878463
2014-03-25,0.0
2014-03-26,0.0028282983284552182
2014-03-27,0.0010736118178815018
2014-03-28,0.001017336221693002
2014-03-31,0.00046014111243204193
2014-04-01,0.0011346904362208464
2014-04-02,0.0003279278250171021
2014-04-03,0.0016195808253347912
2014-04-04,0.0007126756924955133
2014-04-07,0.000256508843069172
2014-04-08,0.0007126756924955201
2014-04-09,0.0
2014-04-10,0.001035589575523191
2014-04-11,0.0011137640644647096
2014-04-14,0.00048582427362825004
2014-04-15,0.0011346904362208464
2014-04-16,0.000554811886667309
2014-04-17,0.0016195808253347912
2014-04-18,0.0021362724945657953
2014-04-21,0.0017511747516599024
2014-04-22,0.0
2014-04-23,0.0012735912901136422
2014-04-24,0.0003346190238498022
2014-04-25,0.0009489321375534008
2014-04-28,0.0013256011642413601
2014-04-29,0.0003486352368400651
2014-04-30,0.0
2014-05-01,0.0
2014-05-02,0.0
2014-05-05,0.000626348362750278
2014-05-06,0.0015022819167259767
2014-05-07,0.00032792782501710676
2014-05-08,0.001409800485611468
2014-05-09,0.0009687097889351275
2014-05-12,0.0015022819167259767
2014-05-13,0.0035728828511434347
2014-05-14,0.0011014830183617872
2014-05-15,0.0015690950683413132
2014-05-16,0.0006970948092538203
2014-05-19,0.0010775305212178685
2014-05-20,0.0006674254742052495
2014-05-21,0.0006820181111698877
2014-05-22,0.0006820181111698877
2014-05-23,4.4037473831922035e-05
2014-05-26,0.00041452931477045613
2014-05-27,0.001126251744304919
2014-05-28,0.0003877854790648019
2014-05-29,0.00039640670385193764
2014-05-30,4.4037473831922035e-05
2014-06-02,0.0
2014-06-03,4.6050401774596124e-05
2014-06-04,0.00041452931477045613
2014-06-05,0.0004240576595601964
2014-06-06,0.0007626921911565884
2014-06-09,0.00041452931477045613
2014-06-10,0.00043392380026940664
2014-06-11,0.00043392380026940664
2014-06-12,0.00041452931477045613
2014-06-13,4.5027905410200137e-05
2014-06-16,0.00041452931477045613
2014-06-17,4.5027905410200137e-05
2014-06-18,0.00017812525137784552
2014-06-19,0.0004053136049146376
2014-06-20,0.0
2014-06-23,0.00039640670385193764
2014-06-24,0.0006674254742052561
2014-06-25,0.0009297574949501697
2014-06-26,0.00015022864194957602
2014-06-27,0.0009687097889351354
2014-06-30,0.0014098004856114587
2014-07-01,0.000156553831206152
2014-07-02,0.0013808595336977402
2014-07-03,0.0003486352368400651
2014-07-04,0.0003486352368400651
2014-07-07,3.7941031043273896e-05
2014-07-08,3.8732180995959846e-05
2014-07-09,0.00015655383120614545
2014-07-10,3.9546854301628446e-05
2014-07-11,0.0
2014-07-14,0.0
2014-07-15,0.00015655383120614545
2014-07-16,0.00015986581035247347
2014-07-17,4.0388265144830964e-05
2014-07-18,0.0018994888125449059
2014-07-21,3.7175241733975145e-05
2014-07-22,0.00034863523684006993
2014-07-23,3.8732180995959846e-05
2014-07-24,0.0
2014-07-25,3.7941031043273896e-05
2014-07-28,0.000156553831206152
2014-07-29,3.9546854301633427e-05
2014-07-30,7.113035724459574e-32
2014-07-31,4.03882651448293e-05
2014-08-01,0.0
2014-08-04,0.00015986581035247675
2014-08-05,0.00015986581035247675
2014-08-06,3.8732180995959846e-05
2014-08-07,0.0
2014-08-08,3.7941031043273896e-05
2014-08-11,0.0
2014-08-12,3.8732180995959846e-05
2014-08-13,0.0
2014-08-14,0.0009111515970530022
2014-08-15,0.0012735912901136422
2014-08-18,0.0003279278250171021
2014-08-19,3.7941031043273896e-05
2014-08-20,0.0
2014-08-21,3.8732180995959846e-05
2014-08-22,0.00015655383120614545
2014-08-25,3.8732180995959846e-05
2014-08-26,0.0
2014-08-27,3.8732180995959846e-05
2014-08-28,0.0001533423422427626
2014-08-29,0.0001502286419495728
2014-09-01,0.0
2014-09-02,0.0
2014-09-03,0.0001442791897240923
2014-09-04,0.000141436146234796
2014-09-05,0.0
2014-09-08,0.00012143563129821914
2014-09-09,0.003096623199261878
2014-09-10,0.0001333935479162888
2014-09-11,0.0002916837435177029
2014-09-12,0.0011137640644647096
2014-09-15,0.0
2014-09-16,2.483943007215687e-05
2014-09-17,0.0013029261975062824
2014-09-18,0.00026113270512718333
2014-09-19,0.0
2014-09-22,0.0002757730252621038
2014-09-23,0.0
2014-09-24,0.0001284070200878463
2014-09-25,0.0001284070200878463
2014-09-26,0.00013599646392445274
2014-09-29,3.302880312285951e-05
2014-09-30,0.0
2014-10-01,0.0001284070200878463
2014-10-02,0.0
2014-10-03,0.00013086467570661424
2014-10-06,0.00048582427362825004
2014-10-07,0.00027076012111179387
2014-10-08,3.06383556581081e-05
2014-10-09,3.121045209629392e-05
2014-10-10,3.240502139459918e-05
2014-10-13,0.0001333935479162888
2014-10-14,0.0
2014-10-15,3.240502139459918e-05
2014-10-16,0.00013599646392445274
2014-10-17,3.302880312285951e-05
2014-10-20,0.0
2014-10-21,0.0001284070200878463
2014-10-22,0.0
2014-10-23,0.0
2014-10-24,3.240502139459918e-05
2014-10-27,0.00013599646392445274
2014-10-28,0.00013599646392445274
2014-10-29,0.0002862293381253678
2014-10-30,0.0001333935479162888
2014-10-31,3.240502139459918e-05
2014-11-03,3.179991440652389e-05
2014-11-04,0.0001284070200878463
2014-11-05,0.00028622933812536347
2014-11-06,0.0002862293381253678
2014-11-07,0.0002757730252621038
2014-11-10,2.849833241992588e-05
2014-11-11,2.9011274255929433e-05
2014-11-12,0.0
2014-11-13,2.95392965866396e-05
2014-11-14,0.0004948647825124957
2014-11-17,0.0007805372819989432
2014-11-18,0.0
2014-11-19,0.00012369496952945695
2014-11-20,0.000256508843069172
2014-11-21,0.00044413414712854963
2014-11-24,0.0
2014-11-25,3.008074023698268e-05
2014-11-26,0.0
2014-11-27,3.121045209629392e-05
2014-11-28,3.063835565810664e-05
2014-12-01,0.0002809299578755186
2014-12-02,0.0002809299578755186
2014-12-03,3.008074023698268e-05
2014-12-04,3.008074023698268e-05
2014-12-05,0.0
2014-12-08,0.0
2014-12-09,0.00028622933812536347
2014-12-10,0.0001284070200878463
2014-12-11,3.179991440652389e-05
2014-12-12,0.0
2014-12-15,0.0
2014-12-16,0.00013086467570661424
2014-12-17,0.0027842678559430803
2014-12-18,0.0003279278250171021
2014-12-19,3.7941031043273896e-05
2014-12-22,0.00014720885545934222
2014-12-23,0.0001533423422427626
2014-12-24,0.0001533423422427626
2014-12-25,0.0001533423422427626
2014-12-26,0.0001533423422427626
2014-12-29,0.00035597589960289643
2014-12-30,0.0003559758996029062
2014-12-31,0.0003486352368400651
2015-01-01,0.0
2015-01-02,0.0
2015-01-05,3.7941031043273896e-05
2015-01-06,3.7941031043273896e-05
2015-01-07,0.0003090083465447429
2015-01-08,3.063835565810664e-05
2015-01-09,0.00012369496952945982
2015-01-12,0.00013086467570661424
2015-01-13,3.240502139459918e-05
2015-01-14,0.0002972918508750629
2015-01-15,0.0001333935479162888
2015-01-16,0.0001284070200878463
2015-01-19,0.00030306705802857074
2015-01-20,0.0001333935479162888
2015-01-21,0.00013599646392445274
2015-01-22,3.240502139459918e-05
2015-01-23,0.0001333935479162888
2015-01-26,3.302880312286104e-05
2015-01-27,0.0
2015-01-28,0.0
2015-01-29,0.0
2015-01-30,0.0
2015-02-02,3.4330327915547775e-05
2015-02-03,0.00031513001714997
2015-02-04,3.5009481455673767e-05
2015-02-05,3.5009481455673767e-05
2015-02-06,3.5009481455673767e-05
2015-02-09,0.00013867629265460244
2015-02-10,3.5009481455673767e-05
2015-02-11,3.5009481455673767e-05
2015-02-12,0.00013867629265460244
2015-02-13,0.00013867629265460244
2015-02-16,0.0
2015-02-17,0.0
2015-02-18,0.0
2015-02-19,0.0
2015-02-20,0.0
2015-02-23,0.0
2015-02-24,0.0
2015-02-25,0.0002916837435177029
2015-02-26,0.0002757730252620995
2015-02-27,0.00012369496952945695
2015-03-02,0.00012369496952945695
2015-03-03,0.00028622933812536347
2015-03-04,0.00048582427362825004
2015-03-05,0.0002757730252621038
2015-03-06,0.00028622933812536347
2015-03-09,3.121045209629392e-05
2015-03-10,0.00012601797573380636
2015-03-11,0.00027076012111179815
2015-03-12,0.0002757730252620995
2015-03-13,0.00012143563129821914
2015-03-16,0.00012143563129821625
2015-03-17,0.00012369496952945982
2015-03-18,0.0002757730252620995
2015-03-19,0.00012369496952945695
2015-03-20,0.00026587941508773025
2015-03-23,0.0008420584375076285
2015-03-24,0.00014143614623479288
2015-03-25,0.000565855486890159
2015-03-26,0.00031513001714996537
2015-03-27,0.000565855486890159
2015-03-30,3.643106698328775e-05
2015-03-31,0.00032792782501710676
2015-04-01,0.0006010398044412865
2015-04-02,0.0001502286419495728
2015-04-03,0.0005889555637677408
2015-04-06,0.0009489321375534242
2015-04-07,3.794103104327553e-05
2015-04-08,0.0009297574949501697
2015-04-09,0.0006010398044412865
2015-04-10,0.0001502286419495728
2015-04-13,0.0003415214069869921
2015-04-14,0.0006134997335379944
2015-04-15,0.0006134997335379944
2015-04-16,3.717524173397353e-05
2015-04-17,0.0003415214069869921
2015-04-20,0.0003635509526851381
2015-04-21,0.00016328707697613564
2015-04-22,0.00015986581035247347
2015-04-23,0.00015655383120614545
2015-04-24,0.0009891125431985535
2015-04-27,0.0003713703361799955
2015-04-28,0.0
2015-04-29,0.0
2015-04-30,0.0
2015-05-01,0.0
2015-05-04,0.0003964067038519274
2015-05-05,0.002258801213911224
2015-05-06,0.0011783543197059793
2015-05-07,0.0007454507449996188
2015-05-08,0.0011518569132625519
2015-05-11,0.0011783543197059793
2015-05-12,0.001640462653823572
2015-05-13,0.00019508191934724294
2015-05-14,0.0004240576595601911
2015-05-15,0.0011783543197059793
2015-05-18,0.0007454507449996188
2015-05-19,0.0007454507449996188
2015-05-20,0.00018215087462874636
2015-05-21,0.0010775305212178932
2015-05-22,0.001031900492786877
2015-05-25,3.95468543016301e-05
2015-05-26,0.0006396109348393501
2015-05-27,0.0
2015-05-28,0.0003635509526851381
2015-05-29,0.0003635509526851332
2015-06-01,0.0
2015-06-02,3.302880312286104e-05
2015-06-03,0.0034050485194346493
2015-06-04,0.0008585787371714534
2015-06-05,0.0005440883891228172
2015-06-08,0.0008585787371714534
2015-06-09,0.0005658554868901529
2015-06-10,0.00032792782501710676
2015-06-11,0.00031513001714996537
2015-06-12,0.0005658554868901651
2015-06-15,0.0005889555637677408
2015-06-16,0.00014720885545934536
2015-06-17,0.00014720885545934536
2015-06-18,0.0003415214069869921
2015-06-19,0.000554811886667309
2015-06-22,0.000875583517104353
2015-06-23,0.00032143141094631165
2015-06-24,3.643106698328615e-05
2015-06-25,0.0003346190238498022
2015-06-26,0.00014720885545934536
2015-06-29,0.0003415214069869921
2015-06-30,0.0001502286419495728
2015-07-01,0.0001533423422427626
2015-07-02,0.0005889555637677347
2015-07-03,0.00014720885545934536
2015-07-06,0.0005772322724307751
2015-07-07,0.00014720885545934536
2015-07-08,0.0003415214069869921
2015-07-09,0.00015334234224276583
2015-07-10,0.00015334234224276583
2015-07-13,0.0001502286419495728
2015-07-14,0.0001502286419495728
2015-07-15,0.0003415214069869921
2015-07-16,0.0001533423422427626
2015-07-17,0.00015655383120614222
2015-07-20,0.00015986581035247347
2015-07-21,0.0003635509526851381
2015-07-22,4.0388265144830964e-05
2015-07-23,0.0003635509526851332
2015-07-24,0.0003713703361800005
2015-07-27,0.001031900492786877
2015-07-28,0.00015986581035247675
2015-07-29,0.0006134997335380008
2015-07-30,0.00015334234224276583
2015-07-31,0.0001533423422427626
2015-08-03,0.0003635509526851332
2015-08-04,0.0003635509526851381
2015-08-05,0.0010543432878355984
2015-08-06,0.0015022819167259671
2015-08-07,0.0003713703361799955
2015-08-10,0.0003713703361799955
2015-08-11,4.21537008027072e-05
2015-08-12,0.0006674254742052561
2015-08-13,0.0003794471331513639
2015-08-14,0.0006970948092538069
2015-08-17,0.0011518569132625434
2015-08-18,0.0007454507449996258
2015-08-19,0.0007454507449996188
2015-08-20,0.0001863145677616817
2015-08-21,0.0017986234085805
2015-08-24,0.0032763728427058756
2015-08-25,0.0015022865356966127
2015-08-26,0.0020306918625922704
2015-08-27,0.002663970738918236
2015-08-28,5.173163737797097e-05
2015-08-31,0.0
2015-09-01,0.0008799161798398969
2015-09-02,0.0
2015-09-03,0.0008380052548161029
2015-09-04,0.0007626921911565814
2015-09-07,0.00045471203053562846
2015-09-08,4.9339695061930554e-05
2015-09-09,0.00045471203053562846
2015-09-10,0.0008181639183805492
2015-09-11,0.0004656680339148788
2015-09-14,0.00046566803391488433
2015-09-15,0.00020448301609926576
2015-09-16,0.0013255986285454367
2015-09-17,0.00047703083128046973
2015-09-18,5.299238621388765e-05
2015-09-21,0.00021458044509940367
2015-09-22,5.299238621388765e-05
2015-09-23,5.4301831684593936e-05
2015-09-24,0.0002199119512445249
2015-09-25,0.0008380052548161029
2015-09-28,0.00020944045797367312
2015-09-29,0.00021458044509939985
2015-09-30,0.0004888085667212935
2015-10-01,0.0012341586017167142
2015-10-02,0.0
2015-10-05,0.0012341586017167142
2015-10-06,0.00041452931477045613
2015-10-07,4.6050401774594335e-05
2015-10-08,4.6050401774596124e-05
2015-10-09,0.0012057677934257727
2015-10-12,0.0007805386970928275
2015-10-13,0.0001863145677616817
2015-10-14,0.00019062263703977165
2015-10-15,0.0012057677934257727
2015-10-16,0.0001863145677616817
2015-10-19,0.0007626921911565884
2015-10-20,0.00040531360491463236
2015-10-21,0.00041452931477045613
2015-10-22,0.00017812525137784202
2015-10-23,0.0007287876157180402
2015-10-26,0.0016404626538235618
2015-10-27,0.00017423158858299992
2015-10-28,4.4037473831922035e-05
2015-10-29,0.0
2015-10-30,0.00017812525137784202
2015-11-02,4.403747383192029e-05
2015-11-03,4.4037473831922035e-05
2015-11-04,0.0016404626538235822
2015-11-05,0.002159969261872433
2015-11-06,0.0010543432878356066
2015-11-09,0.0020674813632485
2015-11-10,0.0003635509526851332
2015-11-11,0.0006532931676481565
2015-11-12,0.00016681776271629546
2015-11-13,0.00016681776271629877
2015-11-16,0.0006970948092538135
2015-11-17,0.00017423158858299992
2015-11-18,0.0001863145677616817
2015-11-19,0.0022085500838633166
2015-11-20,0.000387785479064807
2015-11-23,0.0003964067038519274
2015-11-24,0.0011518569132625519
2015-11-25,0.0007287876157180402
2015-11-26,0.0011262517443049274
2015-11-27,0.0003964067038519274
2015-11-30,0.0001863145677616817
2015-12-01,0.0001863145677616817
2015-12-02,0.0011518569132625434
2015-12-03,0.0001863145677616817
2015-12-04,0.00043392380026940664
2015-12-07,0.0004441327733863295
2015-12-08,0.00020448301609926576
2015-12-09,0.0007990192595165166
2015-12-10,0.0012057677934257727
2015-12-11,0.0007990192595165166
2015-12-14,0.00045471203053562846
2015-12-15,0.00045471203053562846
2015-12-16,0.00020448301609926576
2015-12-17,0.00020448301609926576
2015-12-18,5.173163737797097e-05
2015-12-21,5.173163737797097e-05
2015-12-22,5.299238621388765e-05
2015-12-23,0.00020944045797367312
2015-12-24,0.00020448301609926576
2015-12-25,0.0
2015-12-28,0.0013255986285454367
2015-12-29,0.0
2015-12-30,0.0019808181469870294
2015-12-31,0.0008585771046053019
2016-01-04,0.0019808181469870407
2016-01-05,0.0013923280537383774
2016-01-06,0.0008799161798399043
2016-01-07,0.0005137179875442265
2016-01-08,0.0009020607011159084
2016-01-11,0.002136269188150435
2016-01-12,0.0015022865356966225
2016-01-13,0.002250302342446844
2016-01-14,0.0024392756809800587
2016-01-15,0.0025788013758685584
2016-01-18,0.005003567204827129
2016-01-19,0.0
2016-01-20,0.0018683576742083389
2016-01-21,0.0003030661342653697
2016-01-22,0.0012862998459195578
2016-01-25,0.0002862302358621827
2016-01-26,0.0011137641601877799
2016-01-27,0.0002783335925673945
2016-01-28,0.0006177392918134878
2016-01-29,0.0006177392918134878
2016-02-01,0.0011137641601877799
2016-02-02,7.686861678853122e-05
2016-02-03,0.0018683576742083497
2016-02-04,0.0037729916350131227
2016-02-05,0.0
2016-02-15,0.0007126747714463329
2016-02-16,7.256899451158783e-05
2016-02-17,0.00027075929516903117
2016-02-18,0.000540581303241101
2016-02-19,0.0021921768749113488
2016-02-22,0.0002311888875254366
2016-02-23,0.0002311888875254366
2016-02-24,0.0
2016-02-25,5.853062777521891e-05
2016-02-26,0.0005010342415660959
2016-02-29,0.0009250499571237341
2016-03-01,5.7068439897870046e-05
2016-03-02,0.00022544471505080496
2016-03-03,0.0009250499571237416
2016-03-04,0.0038007369371398873
2016-03-07,0.005276486537796131
2016-03-08,0.0005548118530169777
2016-03-09,0.0
2016-03-10,5.853062777521891e-05
2016-03-11,0.0009737505054210374
2016-03-14,0.0002311888875254366
2016-03-15,0.0015022865356966127
2016-03-16,0.0005137179875442265
2016-03-17,0.0005137179875442265
2016-03-18,5.7068439897870046e-05
2016-03-21,0.0009489338538751504
2016-03-22,0.0005268945186465076
2016-03-23,0.0009489338538751504
2016-03-24,5.7068439897870046e-05
2016-03-25,0.0009995582853251572
2016-03-28,0.0015418441154000566
2016-03-29,0.002192176874911337
2016-03-30,0.0015418441154000566
2016-03-31,0.0009995582853251572
2016-04-01,0.0
2016-04-04,0.0002634900342746506
2016-04-05,0.0002634900342746506
2016-04-06,0.0002498030269470379
2016-04-07,0.0
2016-04-08,0.0
2016-04-11,0.0015418441154000757
2016-04-12,0.0010834438917707951
2016-04-13,0.0006177392918134878
2016-04-14,0.0010543452979910077
2016-04-15,0.0
2016-04-19,7.055322144852408e-05
2016-04-20,0.0010834438917707951
2016-04-21,0.0025788013758685584
2016-04-22,0.0
2016-04-25,0.0002862302358621827
2016-04-26,7.055322144852408e-05
2016-04-27,0.0010834438917707951
2016-04-28,0.0006177392918134878
2016-04-29,6.676571243435512e-05
2016-05-04,0.0025788013758685584
2016-05-05,7.256899451159006e-05
2016-05-06,0.0011137641601877716
2016-05-09,0.0
2016-05-10,0.001716813862870436
2016-05-11,0.0011137641601877716
2016-05-12,0.0032763730497948414
2016-05-13,0.0024392756809800587
2016-05-16,0.0025788013758685463
2016-05-17,0.0011137641601877799
2016-05-18,7.467240790344582e-05
2016-05-19,0.00029446777993363555
2016-05-20,0.0017652119201227818
2016-05-23,0.0006920142090030233
2016-05-24,0.0019233516056083436
2016-05-25,0.0
2016-05-26,7.467240790344582e-05
2016-05-27,0.0006351446596257064
2016-05-30,0.0023737228938208073
2016-05-31,6.676571243435725e-05
2016-06-01,0.0006010397664984095
2016-06-02,6.86202866319269e-05
2016-06-03,0.0010543452979909996
2016-06-06,0.0
2016-06-07,0.0017652119201227922
2016-06-08,0.0
2016-06-09,0.0017652119201227922
2016-06-10,6.676571243435512e-05
2016-06-13,0.0
2016-06-14,0.0006177392918134878
2016-06-15,6.862028663192471e-05
2016-06-16,0.0002862302358621827
2016-06-17,0.0
2016-06-20,0.0002862302358621827
2016-06-21,0.0011783521946216828
2016-06-22,0.0006351446596257064
2016-06-23,0.0002862302358621827
2016-06-24,0.00029446777993363555
2016-06-27,7.686861678853122e-05
2016-06-28,0.0006920142090030302
2016-06-29,7.467240790344582e-05
2016-06-30,0.0006920142090030302
2016-07-01,0.0006920142090030302
2016-07-04,0.0003030661342653652
2016-07-05,7.467240790344582e-05
2016-07-06,7.467240790344582e-05
2016-07-07,7.467240790344582e-05
2016-07-08,7.686861678853122e-05
2016-07-11,0.00029446777993363555
2016-07-12,0.0007126747714463397
2016-07-13,0.0
2016-07-14,0.0
2016-07-15,0.0
2016-07-18,0.001248723993834147
2016-07-19,0.0007126747714463329
2016-07-20,0.0003120466833781742
2016-07-21,0.00033124653206143955
2016-07-22,0.0003312465320614443
2016-07-25,0.0
2016-07-26,0.0012862998459195578
2016-07-27,0.0
2016-07-28,0.0008053253942079318
2016-07-29,0.00150228649070661
2016-08-01,0.006431044376999511
2016-08-02,0.004003783035329269
2016-08-03,0.0027306550496112984
2016-08-04,0.0018417394662532838
2016-08-05,0.0004441341471285605
2016-08-08,0.0029312765738496054
2016-08-09,0.004632276532514315
2016-08-10,0.0005336729320894906
2016-08-11,0.002136272494565784
2016-08-12,0.001224583892540779
2016-08-15,0.0010934115788884024
2016-08-16,0.0009822423826990096
2016-08-17,0.00037537615658549226
2016-08-18,0.00037537615658550223
2016-08-19,9.854254491401321e-05
2016-08-22,9.854254491401321e-05
2016-08-23,0.0016041836502961341
2016-08-24,0.0023107783193415986
2016-08-25,9.536382246785236e-05
2016-08-26,0.0
2016-08-29,0.002549954075090997
2016-08-30,0.0015022864907065904
2016-08-31,9.536382246785492e-05
2016-09-01,0.001409800417446213
2016-09-05,0.0007342770891589369
2016-09-06,0.0
2016-09-07,0.0
2016-09-08,0.0032763728427058756
2016-09-09,0.00307756475375553
2016-09-12,0.006961834382221061
2016-09-13,0.0
2016-09-14,0.0004385185216528449
2016-09-15,0.0004145280326178555
2016-09-16,9.536382246785492e-05
2016-09-19,0.001621746874079154
2016-09-20,0.0013255979946218666
2016-09-21,0.0016161400690047063
2016-09-22,0.0008204600773382279
2016-09-23,0.006065208380414324
2016-09-26,0.005550433421293275
2016-09-27,0.0006669283030553754
2016-09-28,0.00467871977971596
2016-09-29,0.003462527758265767
2016-09-30,0.0
2016-10-03,0.0011783521946216828
2016-10-04,0.0025075829822941956
2016-10-05,0.0011137641601877799
2016-10-06,0.0009995582853251572
2016-10-07,0.005398135206883931
2016-10-10,0.001502286003314918
2016-10-11,0.002237300295026513
2016-10-12,1.151236345450985e-05
2016-10-13,0.0008585762840038727
2016-10-14,0.00027075929516902694
2016-10-17,0.0
2016-10-18,6.862028663192471e-05
2016-10-19,8.29167574330205e-05
2016-10-20,0.006935805474022742
2016-10-21,5.95116069157391e-07
2016-10-24,0.0005137179875442265
2016-10-25,0.0009514352283627385
2016-10-26,0.002178710813363602
2016-10-27,0.0007805376863113517
2016-10-28,6.86202866319269e-05
2016-10-31,0.00012336869516875527
2016-11-01,0.0
2016-11-02,0.0006010397664984095
2016-11-03,0.0
2016-11-04,0.0019212369829350745
2016-11-07,0.0016465023479943493
2016-11-08,0.001231407685619642
2016-11-09,0.0
2016-11-10,2.296096876790742e-05
2016-11-11,0.0013620663363489878
2016-11-14,0.00516176117077146
2016-11-15,0.002427974961786524
2016-11-16,0.0008830305402480607
2016-11-17,0.000653296220484407
2016-11-18,0.001192664117264255
2016-11-21,8.407154023412557e-05
2016-11-22,0.0
2016-11-23,0.0006571485588135691
2016-11-24,0.0032185520320708694
2016-11-25,0.0
2016-11-28,0.0011324017735924409
2016-11-29,0.0
2016-11-30,0.0
2016-12-01,4.362413287919853e-05
2016-12-02,3.6232695830904017e-06
2016-12-05,0.0
2016-12-06,0.0
2016-12-07,0.0
2016-12-08,0.0
2016-12-09,3.9546975960772305e-05
2016-12-12,0.0024166566705720615
2016-12-13,0.0011948569554616352
2016-12-14,0.005929488784180124
2016-12-15,0.0018638794753733266
2016-12-16,0.0018713489408102094
2016-12-19,0.001702093309219296
2016-12-20,0.0
2016-12-21,0.00048483465649971783
2016-12-22,0.0
2016-12-23,9.459405618682908e-05
2016-12-26,0.0003578496731909963
2016-12-27,0.0008053235698322243
2016-12-28,0.00361986886764375
2016-12-29,0.000707426448059134
2016-12-30,2.9539296586641036e-05
2017-01-03,0.001223047009581761
2017-01-04,0.00011625929661101294
2017-01-05,0.001372758030068757
2017-01-06,0.0026178292573544168
2017-01-09,0.00041452803261785015
2017-01-10,0.0
2017-01-11,0.00023514047516172364
2017-01-12,0.003150403459548344
2017-01-13,0.0
2017-01-16,0.0
2017-01-17,0.0
2017-01-18,0.00026760644009833797
2017-01-19,0.006533429968925109
2017-01-20,0.004178168956276662
2017-01-23,0.006489748941174041
2017-01-24,0.003024083751794282
2017-01-25,0.006111535543111811
2017-01-26,0.0
2017-02-03,7.113035724459574e-32
2017-02-06,0.0
2017-02-07,0.0012850647209693374
2017-02-08,5.468385523056826e-05
2017-02-09,0.0016478661172454642
2017-02-10,0.00036355204144176566
2017-02-13,0.0012774820278818656
2017-02-14,0.0060856153904566045
2017-02-15,0.0009096297307365927
2017-02-16,0.005781235758068546
2017-02-17,0.005421408833574413
2017-02-20,0.0015315980958192834
2017-02-21,0.002007791213522506
2017-02-22,0.0011137641601877716
2017-02-23,0.002561629538876583
2017-02-24,0.00045687207101504816
2017-02-27,7.256899451159006e-05
2017-02-28,0.00029446777993363555
2017-03-01,0.00029446777993363555
2017-03-02,0.001083443891770787
2017-03-03,0.0042235567398166635
2017-03-06,0.00025650964698290755
2017-03-07,0.0010650325643902394
2017-03-08,0.0
2017-03-09,0.0
2017-03-10,0.0
2017-03-13,0.0
2017-03-14,0.0004888085667212992
2017-03-15,5.565832761481187e-05
2017-03-16,0.0013923280537383774
2017-03-17,5.2992386213889554e-05
2017-03-20,2.099279071303324e-06
2017-03-21,0.0004573185669090127
2017-03-22,5.299238621388765e-05
2017-03-23,3.399703968365699e-05
2017-03-24,3.399703968365699e-05
2017-03-27,0.000204483016099262
2017-03-28,0.00032530620639860717
2017-03-29,0.001120671287809882
2017-03-30,0.0037073662450142837
2017-03-31,0.00029192378811776444
2017-04-03,5.430183168459587e-05
2017-04-04,5.565832761481187e-05
2017-04-05,0.0009368809760138541
2017-04-07,8.238536400609693e-05
2017-04-10,0.0027306549865921737
2017-04-11,0.00042684083106608926
2017-04-12,0.00021991195124452877
2017-04-13,0.0034625277582657804
2017-04-14,6.498531972778682e-05
2017-04-17,0.001862161234095729
2017-04-18,0.001862161234095729
2017-04-19,0.0069379735206688345
2017-04-20,0.00014720838639720245
2017-04-21,1.0341643518970125e-05
2017-04-24,7.256899451158783e-05
2017-04-25,0.0035616150635655983
2017-04-26,0.0033731646161517456
2017-04-27,0.005088935763908221
2017-04-28,0.0
2017-05-03,0.0001492122600659571
2017-05-04,6.676571243435512e-05
2017-05-05,0.00014921226006595387
2017-05-08,0.00013015567899482395
2017-05-09,0.0012980724536797682
2017-05-10,0.0005010342415660959
2017-05-11,0.0008380052548161029
2017-05-12,0.000580545022090428
2017-05-15,0.0037254681417740257
2017-05-16,0.001579769064688042
2017-05-17,0.00013483154012631512
2017-05-18,0.00018215087462874636
2017-05-19,0.0011198566440293975
2017-05-22,0.00030750803711634115
2017-05-23,0.0005548118866673029
2017-05-24,0.0022209560850204543
2017-05-25,0.00028622933812536347
2017-05-26,0.0007805372819989432
2017-05-29,0.0014728837158885066
2017-05-30,0.0017695142675167937
2017-05-31,0.0013256011642413695
2017-06-01,0.0011783521946216828
2017-06-02,0.0010543452979909996
2017-06-05,0.00046014111243204193
2017-06-06,0.0004289481888474896
2017-06-07,0.002540943764201831
2017-06-08,0.0007126756924955268
2017-06-09,0.0001072211154787468
2017-06-12,0.00024762507910209593
2017-06-13,0.0
2017-06-14,0.0007001687466069832
2017-06-15,2.9011274255930863e-05
2017-06-16,0.002705798559457635
2017-06-19,0.0009172915432046784
2017-06-20,0.0006532974244218027
2017-06-21,0.0006532974244218027
2017-06-22,0.0009329115446831178
2017-06-23,0.00023919647534335716
2017-06-26,0.0027788280522360012
2017-06-27,0.0017168138079045458
2017-06-28,0.00011299013853473631
2017-06-29,0.0010903307948337045
2017-06-30,0.0005313995565678248
2017-07-03,0.00044413414712854963
2017-07-04,0.002549954075090985
2017-07-05,0.0006316063865033442
2017-07-06,0.0005137201062468659
2017-07-07,0.0001546152506889389
2017-07-10,0.0007939138211848379
2017-07-11,0.0006532974244218027
2017-07-12,2.525736579821722e-05
2017-07-13,0.0008799133904265152
2017-07-14,0.001454941534387135
2017-07-17,0.0008053253942079318
2017-07-18,0.0006010386433903739
2017-07-19,0.0005726417787856657
2017-07-20,0.0004273095515315416
2017-07-21,0.001248723993834156
2017-07-24,0.0015546640386548938
2017-07-25,0.0028208899433978933
2017-07-26,0.001806350802968783
2017-07-27,0.0007702639543814935
2017-07-28,0.0
2017-07-31,0.0
2017-08-01,7.016028448614744e-05
2017-08-02,0.0014178491569393976
2017-08-03,0.0012635547768485697
2017-08-04,0.0024244749909899718
2017-08-07,0.0005684512832491404
2017-08-08,0.000637690238450054
2017-08-09,0.004294459963922222
2017-08-10,0.0030136970555493608
2017-08-11,0.001886424066202515
2017-08-14,7.256895631188127e-05
2017-08-15,0.00046566924140804627
2017-08-16,0.0016745218848236542
2017-08-17,0.0006694809725928261
2017-08-18,0.0008799156757287055
2017-08-21,0.0019327563145639574
2017-08-22,0.0009020602825052611
2017-08-23,0.0003937230028934534
2017-08-24,0.0018781792650162904
2017-08-25,0.0005109604359530513
2017-08-28,0.001839159600893094
2017-08-29,0.0015240731268962872
2017-08-30,0.0006920138339896263
2017-08-31,0.0005060501688553843
2017-09-01,0.00026911799262386367
2017-09-04,0.0
2017-09-05,0.0029020178650214384
2017-09-06,0.001113763585849559
2017-09-07,0.001582990311322155
2017-09-08,0.002439274439582376
2017-09-11,0.002007791834040294
2017-09-12,0.0015634751855911986
2017-09-13,0.000525969466280084
2017-09-14,0.0012245832303673
2017-09-15,0.0019129178112328041
2017-09-18,0.00020944036432362812
2017-09-19,0.0002896198541587065
2017-09-20,0.0016243244366397692
2017-09-21,0.0005440881440275531
2017-09-22,0.0019284741263022982
2017-09-25,0.0008361713726855361
2017-09-26,0.00019062255572359273
2017-09-27,0.0003877865015243164
2017-09-28,0.0005307517022353466
2017-09-29,0.001604182905616495
2017-10-02,3.563114740513617e-05
2017-10-03,0.000396405294866414
2017-10-04,0.00017812515956314675
2017-10-05,0.0002548077686974633
2017-10-06,0.0003708239844260838
2017-10-09,0.001753862154766564
2017-10-10,0.0003346198854358187
2017-10-11,0.00015022857083636155
2017-10-12,8.669868639868815e-05
2017-10-13,0.0009687111678789704
2017-10-16,0.0014874748850694727
2017-10-17,0.0002570170174246191
2017-10-18,0.0003346198854358187
2017-10-19,0.001127148976773797
2017-10-20,0.0008568691284163714
2017-10-23,0.0018087802542898711
2017-10-24,0.001178351569597232
2017-10-25,0.0011518585079825009
2017-10-26,0.0005548115838144644
2017-10-27,0.000692013833989633
2017-10-30,0.00038691098072463444
2017-10-31,0.00011978143706961394
2017-11-01,0.00038691098072463444
2017-11-02,0.0005486454954928421
2017-11-03,0.0007126766331421704
2017-11-06,0.0006970944537994648
2017-11-07,0.001698727204442148
2017-11-08,0.00018593008495671487
2017-11-09,0.0001878639900599631
2017-11-10,0.0006134994400710101
2017-11-13,0.0003261155616520883
2017-11-14,0.0003486361307775601
2017-11-15,8.760182818121803e-05
2017-11-16,0.00011322573660378552
2017-11-17,0.0003909853050375774
2017-11-20,6.366377231240857e-05
2017-11-21,3.873180118014154e-05
2017-11-22,0.0003030659712484751
2017-11-23,0.00022173324547367632
2017-11-24,0.00033461988543582343
2017-11-27,0.0005602925899829384
2017-11-28,0.0004226772010168567
2017-11-29,0.00013867622958451948
2017-11-30,7.83869850857332e-05
2017-12-01,0.0002135373045978662
2017-12-04,0.0007952705870216436
2017-12-05,0.000780538360165602
2017-12-06,0.0005137193067359163
2017-12-07,0.0004027387261551645
2017-12-08,0.00029729262518046653
2017-12-11,0.0008755847020353158
2017-12-12,0.0009020602825052533
2017-12-13,0.0003435634837873055
2017-12-14,0.0008585767158993226
2017-12-15,0.0003030659712484705
2017-12-18,0.0003030659712484705
2017-12-19,0.00041452783703542994
2017-12-20,0.0005440881440275531
2017-12-21,0.0003090091484259724
2017-12-22,0.0003030659712484705
2017-12-25,0.0008104239313229444
2017-12-26,0.0003877865015243164
2017-12-27,0.0017168129834163463
2017-12-28,0.0004684708594874442
2017-12-29,0.00036687253496566456
2018-01-01,0.0
2018-01-02,0.0004770291143184547
2018-01-03,0.0002757737484788268
2018-01-04,0.0002757737484788268
2018-01-05,0.00027075915751201035
2018-01-08,0.00019238772689115984
2018-01-09,0.00037023889628441805
2018-01-10,0.000601039462955598
2018-01-11,0.0013256004184481849
2018-01-12,0.000948933402211387
2018-01-15,0.0016312776581010146
2018-01-16,0.0006316048954203315
2018-01-17,0.0015144832295271601
2018-01-18,0.0005378026525227619
2018-01-19,0.0005137193067359222
2018-01-22,0.0
2018-01-23,0.0
2018-01-24,0.0
2018-01-25,0.0010264030992344743
2018-01-26,0.0029464444192431345
2018-01-29,0.0026930080050373813
2018-01-30,0.005181729465042008
2018-01-31,0.001360107822120719
2018-02-01,0.0005850081329273625
2018-02-02,0.0003981635110415867
2018-02-05,0.0003193102696487561
2018-02-06,0.002473074217593745
2018-02-07,0.0006707508248781188
2018-02-08,0.00079101909796783
2018-02-09,0.001647865393622414
2018-02-12,0.0012088748360992946
2018-02-13,0.002005522962564822
2018-02-14,0.0
2018-02-15,0.0
2018-02-16,0.0
2018-02-19,0.0
2018-02-20,0.0
2018-02-21,0.00026749170475182777
2018-02-22,0.0003415201719273676
2018-02-23,0.0006454225659727941
2018-02-26,0.0006226381970057616
2018-02-27,0.001815685390732617
2018-02-28,0.0
2018-03-01,0.0003835821397101929
2018-03-02,0.0003249504702482643
2018-03-05,0.0024093378786591052
2018-03-06,0.0012610665076403045
2018-03-07,0.00030601591814625713
2018-03-08,0.00043106928224870094
2018-03-09,0.0011896608522369827
2018-03-12,0.0017327220461829675
2018-03-13,0.0017168129834163567
2018-03-14,0.0006787339333348793
2018-03-15,0.0002114739527098425
2018-03-16,0.002648638496701115
2018-03-19,0.001502285815856572
2018-03-20,0.0013764905484993718
2018-03-21,0.000384178564400543
2018-03-22,0.0002916827002894018
2018-03-23,0.00021563100367644048
2018-03-26,0.0011672028167758314
2018-03-27,0.000948933402211387
2018-03-28,0.0007662117882490576
2018-03-29,0.000712676633142157
2018-03-30,0.0004326706011076601
2018-04-02,0.000329818356740845
2018-04-03,0.001604182905616505
2018-04-04,0.00021633575013685962
2018-04-05,0.00046197267937296907
2018-04-06,0.00019969940147627279
2018-04-09,0.0005726404407607989
2018-04-10,0.0003846267963252848
2018-04-11,0.0005772319510342484
2018-04-12,0.00014143606828012222
2018-04-13,9.087651962818381e-05
2018-04-16,0.0002772320887199816
2018-04-17,0.0014451860595471188
2018-04-18,0.001007119381033161
2018-04-19,0.0012341557075126563
2018-04-20,0.0009640925431955244
2018-04-23,0.0010876984415918126
2018-04-24,0.00021284617784111167
2018-04-25,0.0
2018-04-26,0.002030693944733131
2018-04-27,0.004039200404491247
2018-04-30,0.0
2018-05-01,0.0
2018-05-02,0.0012487262950965014
2018-05-03,0.0016500241656839509
2018-05-04,0.0016258040542996032
2018-05-07,0.001687568375248284
2018-05-08,0.0009096278762163749
2018-05-09,0.0002311887789154557
2018-05-10,0.000526894269506633
2018-05-11,0.00023514108171091838
2018-05-14,0.0005359611960792211
2018-05-15,0.0002813314849294676
2018-05-16,0.0005313987247741469
2018-05-17,0.0004289479829705675
2018-05-18,0.00016539180143817182
2018-05-21,0.00016398411137342735
2018-05-22,0.00023919561173470867
2018-05-23,0.00016826211076902115
2018-05-24,0.0009096278762163978
2018-05-25,9.459313238314127e-05
2018-05-28,0.001028512787412469
2018-05-29,0.0008656026185952039
2018-05-30,0.0002128461778411155
2018-05-31,0.00021284617784111167
2018-06-01,0.0006109766363084501
2018-06-04,0.001886424066202515
2018-06-05,0.0007012930617584312
2018-06-06,0.00045114331353017723
2018-06-07,0.00044761804081681135
2018-06-08,0.00019969940147627279
2018-06-11,0.000537802652522756
2018-06-12,0.0003415201719273628
2018-06-13,0.00019062255572359273
2018-06-14,0.0012438408876225856
2018-06-15,0.0005636202730929106
2018-06-18,0.00027504888992081414
2018-06-19,0.000601039462955598
2018-06-20,0.0011069166996391785
2018-06-21,0.0002492979395835862
2018-06-22,0.0002908942630542881
2018-06-25,0.0008656026185952039
2018-06-26,0.00031073932571304
2018-06-27,0.0022810575062877396
2018-06-28,0.0016941063083077896
2018-06-29,0.0004948645273969961
2018-07-02,0.001604182905616495
2018-07-03,0.0003522778072497199
2018-07-04,0.0018316521241855458
2018-07-05,0.0016779861125323424
2018-07-06,0.0005193045112882393
2018-07-09,0.001076406797606447
2018-07-10,0.0009020602825052611
2018-07-11,0.0007886718766827534
2018-07-12,0.000508223731670641
2018-07-13,0.0006746623050007561
2018-07-16,0.0027306537262098475
2018-07-17,0.002136271350037088
2018-07-18,0.000831311585593569
2018-07-19,0.00041452783703542994
2018-07-20,0.0007646443396800284
2018-07-23,0.000348636130777565
2018-07-24,0.0
2018-07-25,0.0012828165898150004
2018-07-26,0.000728787235746806
2018-07-27,0.0016221702798124653
2018-07-30,0.0003396172576821719
2018-07-31,0.0013553234351116649
2018-08-01,0.00022860901441517002
2018-08-02,0.00028948310986789396
2018-08-03,0.0014855591887318691
2018-08-06,0.00040082285098517746
2018-08-07,0.00018215079867288267
2018-08-08,0.0017880802785117055
2018-08-09,0.0014366277782627548
2018-08-10,0.0024915659730144362
2018-08-13,0.0012635564980697938
2018-08-14,0.00040988242432818455
2018-08-15,0.0011919422436040572
2018-08-16,0.00024057044915363367
2018-08-17,0.00014223973350903718
2018-08-20,9.963745825215283e-05
2018-08-21,0.00021633575013685962
2018-08-22,0.00025379483434442336
2018-08-23,0.00037137131897595145
2018-08-24,0.0010209481957193156
2018-08-27,0.00012468255354354958
2018-08-28,0.00016156353418078382
2018-08-29,0.0001668176961466398
2018-08-30,0.0005425816407463848
2018-08-31,4.5027466661270445e-05
2018-09-03,0.0
2018-09-04,0.001434157356175671
2018-09-05,0.0015453598212401738
2018-09-06,0.0008585767158993152
2018-09-07,0.0004871003195385828
2018-09-10,0.00015655375555467476
2018-09-11,0.0006134994400710101
2018-09-12,0.0002748516972212108
2018-09-13,0.0002335480874162885
2018-09-14,0.00045317648603595444
2018-09-17,0.0002199118504837692
2018-09-18,0.0013634966777464536
2018-09-19,0.0007591959842275597
2018-09-20,0.000508905842638879
2018-09-21,0.000513719306735928
2018-09-24,0.00037365180752396254
2018-09-25,0.00090617630024781
2018-09-26,0.000780538360165595
2018-09-27,0.0004858240668315093
2018-09-28,0.0002683030003293388
2018-10-01,0.00018888156763435205
2018-10-02,0.0018092585035113093
2018-10-03,0.000513719306735928
2018-10-04,0.00023315236829965646
2018-10-05,0.00010630263293360411
2018-10-08,0.00033853701065714485
2018-10-09,0.0006820178359825583
2018-10-10,0.00023715534961443865
2018-10-11,0.0009405228489614178
2018-10-12,0.0018583076398146965
2018-10-15,0.0002454769046217183
2018-10-16,0.0006820178359825583
2018-10-17,0.0007610997972022242
2018-10-18,0.0006645628502992972
2018-10-19,0.0013371595765152011
2018-10-22,0.0010721106409193736
2018-10-23,0.0006263509662879356
2018-10-24,0.0014396558631597776
2018-10-25,0.000948933402211387
2018-10-26,0.00023315236829966042
2018-10-29,0.00016398411137342735
2018-10-30,0.00010361707263958487
2018-10-31,0.0013583506089910608
2018-11-01,0.0004656692414080353
2018-11-02,0.0009526894864249368
2018-11-05,0.00031021874980343393
2018-11-06,8.737472428396373e-05
2018-11-07,0.000855234633201396
2018-11-08,0.0007287872357468198
2018-11-09,0.0010543447690025366
2018-11-12,0.0031173120409275948
2018-11-13,0.0017281541032480008
2018-11-14,0.0015959818142852352
2018-11-15,0.001246502093145444
2018-11-16,0.00031367269395889824
2018-11-19,0.0005929425296469791
2018-11-20,0.00019969940147628382
2018-11-21,0.001019591265567216
2018-11-22,0.0002386830848445305
2018-11-23,0.00018814272353318912
2018-11-26,0.001914236962259788
2018-11-27,0.0005682996371297817
2018-11-28,0.00010985690263285793
2018-11-29,0.00028224034521004426
2018-11-30,0.0006162593833521687
2018-12-03,0.00026207121391977784
2018-12-04,0.0011534880200803088
2018-12-05,0.0002153300233078342
2018-12-06,0.00042309096154339817
2018-12-07,0.00041173117243725337
2018-12-10,0.0005734018792731868
2018-12-11,0.00016517405661987234
2018-12-12,0.0
2018-12-13,0.000142374343477168
2018-12-14,0.00024980290495886645
2018-12-17,0.000142374343477168
2018-12-18,0.0003438677556890243
2018-12-19,0.0002634899021241484
2018-12-20,0.00020241200987738253
2018-12-21,0.00017364384341450064
2018-12-24,0.000261718332223193
2018-12-25,0.0004319222104768927
2018-12-26,0.00011062786531178017
2018-12-27,0.00018405496299741847
2018-12-28,0.000215330023307838
2018-12-31,0.0
2019-01-01,0.0
2019-01-02,0.001624624195833229
2019-01-03,0.001677986112532332
2019-01-04,0.000948933402211387
2019-01-07,0.0011049720433258126
2019-01-08,0.00010951683717675498
2019-01-09,0.0001642387149557301
2019-01-10,4.8956731489815785e-05
2019-01-11,0.001160589358266565
2019-01-14,0.00010037760114974529
2019-01-15,0.00036219764461909755
2019-01-16,0.00014720877268361652
2019-01-17,0.00012415434780673837
2019-01-18,0.00032143224188558396
2019-01-21,0.000245172213721453
2019-01-22,0.0003075070701629046
2019-01-23,0.00013942084657739994
2019-01-24,9.266562127085583e-05
2019-01-25,0.00036355188080544783
2019-01-28,0.001178351569597232
2019-01-29,0.0003030659712484751
2019-01-30,0.0001954312980249155
2019-01-31,0.0002328703272508983
2019-02-01,0.00047016398420397337
2019-02-04,0.0
2019-02-05,0.0
2019-02-06,0.0
2019-02-07,0.0
2019-02-08,0.0
2019-02-11,9.200897454378092e-05
2019-02-12,0.00019062255572358552
2019-02-13,0.0001121943392850785
2019-02-14,7.104917979646995e-05
2019-02-15,5.507085905684464e-05
2019-02-18,0.0
2019-02-19,0.0005226477823818875
2019-02-20,0.00010833896021410089
2019-02-21,5.354775995237009e-05
2019-02-22,0.0002528995105446629
2019-02-25,0.0004634460036535778
2019-02-26,9.008037539101755e-05
2019-02-27,3.954720007020888e-05
2019-02-28,0.0004536358439885373
2019-03-01,9.332932276922515e-05
2019-03-04,0.0008109934625163131
2019-03-05,0.00010759176005201696
2019-03-06,0.00013086460632663895
2019-03-07,2.6850542464381932e-05
2019-03-08,0.0
2019-03-11,7.308639786228976e-05
2019-03-12,7.360939357491931e-05
2019-03-13,7.521251067128255e-05
2019-03-14,0.0003075070701628955
2019-03-15,0.0008012805002058216
2019-03-18,0.0009701474707611288
2019-03-19,0.0004858240668314981
2019-03-20,0.0001279237486872551
2019-03-21,0.00021579333148894807
2019-03-22,0.00012889292225509193
2019-03-25,0.0001950818141144215
2019-03-26,0.00013599639042359378
2019-03-27,8.669868639868815e-05
2019-03-28,4.895673148981393e-05
2019-03-29,0.00022243981197817467
2019-04-01,0.00030189792511815485
2019-04-02,6.624960164255294e-05
2019-04-03,0.00031762778518072503
2019-04-04,0.000780538360165595
2019-04-05,4.6050807287981636e-05
2019-04-08,0.00018352304426866105
2019-04-09,0.00036085096160755673
2019-04-10,0.001008694558824453
2019-04-11,0.0002433559252671744
2019-04-12,0.00041452783703543514
2019-04-15,0.0
2019-04-16,0.0003704383588591079
2019-04-17,0.00018491085578291292
2019-04-18,0.0001313645965128095
2019-04-19,0.0002433559252671744
2019-04-22,0.00012696546551235307
2019-04-23,4.639968327370063e-05
2019-04-24,0.00022074969461647088
2019-04-25,0.00026046384165494664
2019-04-26,0.0006583814188161655
2019-04-29,0.0
2019-04-30,0.0
2019-05-01,0.0
2019-05-02,0.0001574471354595452
2019-05-03,0.000408351296728617
2019-05-06,0.00141500061727874
2019-05-07,0.00013842934916957506
2019-05-08,0.0002944676238050888
2019-05-09,0.00011140697248722089
2019-05-10,0.001629169158456296
2019-05-13,0.0005205307370936083
2019-05-14,0.0005734018792731927
2019-05-15,7.91631175083802e-05
2019-05-16,0.00037659002546166224
2019-05-17,0.0007503163812168443
2019-05-20,0.0004382551016310126
2019-05-21,0.0006685309486257001
2019-05-22,0.00029998875274307425
2019-05-23,0.0014396558631597776
2019-05-24,0.0002826795162280416
2019-05-27,0.00022265244059104373
2019-05-28,0.0004979341535347186
2019-05-29,0.0003457632957464058
2019-05-30,0.0006532958765024985
2019-05-31,0.0024080921293644034
2019-06-03,0.0007325826339684468
2019-06-04,0.00015764670274681975
2019-06-05,0.0004837080986682371
2019-06-06,0.00041158476430221244
2019-06-07,0.00019197820988500544
2019-06-10,0.001204027926362283
2019-06-11,0.0009003914235948071
2019-06-12,7.800319221984619e-05
2019-06-13,7.800319221984619e-05
2019-06-14,5.9830624769896233e-05
2019-06-17,0.0003621976446191025
2019-06-18,8.217870143122637e-05
2019-06-19,6.232810338665966e-05
2019-06-20,0.00010000650261353885
2019-06-21,0.00024335592526716627
2019-06-24,0.00015508159659231136
2019-06-25,0.00010420499805395209
2019-06-26,0.0013403383231849432
2019-06-27,0.00016984816626058197
2019-06-28,0.00011967236531461524
2019-07-01,0.0001179472867914549
2019-07-02,0.0002362889348309955
2019-07-03,0.000123238030507426
2019-07-04,0.0002433559252671703
2019-07-05,0.00027679337431139335
2019-07-08,7.800319221984619e-05
2019-07-09,6.094687514772576e-05
2019-07-10,0.000126965465512356
2019-07-11,4.605080728797806e-05
2019-07-12,0.00015219889912823422
2019-07-15,6.005140792206353e-05
2019-07-16,0.0002757737484788268
2019-07-17,5.6056032471224006e-05
2019-07-18,5.6863330890511254e-05
2019-07-19,9.502011123987138e-05
2019-07-22,0.00012323803050742893
2019-07-23,3.0979747623094674e-05
2019-07-24,6.140213858531433e-05
2019-07-25,0.0
2019-07-26,0.0
2019-07-29,0.0
2019-07-30,0.0
2019-07-31,3.277707154754488e-05
2019-08-01,8.407150450936629e-05
2019-08-02,0.00013288188129517776
2019-08-05,0.00016171908229029445
2019-08-06,0.0
2019-08-07,0.0005889552877360028
2019-08-08,5.0513942682982146e-05
2019-08-09,8.805870038131931e-05
2019-08-12,0.00036068315451555306
2019-08-13,5.256719703465099e-05
2019-08-14,0.0001437036948365199
2019-08-15,3.732630520364091e-05
2019-08-16,7.286396169788373e-05
2019-08-19,0.00014720877268361652
2019-08-20,0.00011524543845060068
2019-08-21,0.00020448290316844636
2019-08-22,0.0002839399542891182
2019-08-23,3.628536641001228e-05
2019-08-26,0.00011899703202152398
2019-08-27,0.00011899703202152965
2019-08-28,7.286396169788823e-05
2019-08-29,9.693359740133095e-05
2019-08-30,0.00012193226574197125
2019-09-02,0.0
2019-09-03,9.536377930874998e-05
2019-09-04,5.430130008250038e-05
2019-09-05,0.0001224320158915737
2019-09-06,0.0003815055548022691
2019-09-09,0.0003227155946139609
2019-09-10,0.0004997243785758416
2019-09-11,0.00011524543845060068
2019-09-12,8.945096876668323e-05
2019-09-13,5.0315260015399804e-05
2019-09-16,0.00013922169671348777
2019-09-17,0.00017563248200661903
2019-09-18,7.375985220204805e-05
2019-09-19,0.00014961722271129938
2019-09-20,5.1731131572796064e-05
2019-09-23,0.0003266121102783216
2019-09-24,7.227573891457148e-05
2019-09-25,2.3840156889966095e-05
2019-09-26,0.0005016883854755495
2019-09-27,0.0002927919090462501
2019-09-30,0.0001891700717224133
2019-10-01,6.52352380737245e-05
2019-10-02,0.0001950818141144215
2019-10-03,0.0003984749985781819
2019-10-04,0.00019209183334832196
2019-10-07,0.00011036997843532002
2019-10-08,3.473546767268755e-05
2019-10-09,6.781608967756179e-05
2019-10-10,0.00010994216648986919
2019-10-11,0.00016171908229029445
2019-10-14,0.00010579748834038006
2019-10-15,0.00013390805589476665
2019-10-16,0.0001082555542280332
2019-10-17,4.783559735830776e-05
2019-10-18,0.00041766879435045314
2019-10-21,0.0002433559252671703
2019-10-22,0.00021258125305400577
2019-10-23,8.217870143122875e-05
2019-10-24,0.00015804697733395973
2019-10-25,6.399971362523134e-05
2019-10-28,8.156195465163642e-05
2019-10-29,0.00010226444604885448
2019-10-30,2.0237463459301315e-05
2019-10-31,0.00018491085578291292
2019-11-01,8.280247031982733e-05
2019-11-04,0.0007745205194066583
2019-11-05,0.00031389047818948144
2019-11-06,0.00016616728543769258
2019-11-07,0.00023391426150511452
2019-11-08,0.00016747193319045388
2019-11-11,6.835061554450424e-05
2019-11-12,5.0513942682982146e-05
2019-11-13,1.2653209449244755e-05
2019-11-14,8.909982228800275e-05
2019-11-15,2.2274267745201753e-05
2019-11-18,3.4599514679663694e-05
2019-11-19,0.00019814215449913492
2019-11-20,8.805870038131931e-05
2019-11-21,0.00011210644257751531
2019-11-22,0.00020448290316844636
2019-11-25,0.00014720877268361652
2019-11-26,9.38317895305762e-05
2019-11-27,9.3454560397899e-05
2019-11-28,5.2992851040813454e-05
2019-11-29,3.702436958744627e-05
2019-12-02,0.00011996355498670688
2019-12-06,0.00018052432472319811
2019-12-09,0.00022090254427290797
2019-12-10,0.00012143556928007382
2019-12-11,3.121072683797158e-05
2019-12-12,0.0013256004184481758
2019-12-13,0.0005336726463806482
2019-12-16,0.0007001697312978549
2019-12-17,0.00021795035303722417
2019-12-18,6.498528735683225e-05
2019-12-19,0.00011709870199853422
2019-12-20,0.00011709870199852853
2019-12-23,6.706951336235733e-05
2019-12-24,0.00027833344909364445
2019-12-25,0.00019238772689115984
2019-12-26,6.799356613544748e-05
2019-12-27,0.00011923756473188318
2019-12-30,0.0002977308469760548
2019-12-31,0.00014143606828012533
2020-01-01,0.0
2020-01-02,2.775303060451256e-05
2020-01-03,0.0002964190792743766
2020-01-06,0.00014206055031642723
2020-01-07,0.00021315990977198814
2020-01-08,0.0001465500766776779
2020-01-09,0.0001181608743023556
2020-01-10,0.00018888156763435563
2020-01-13,0.00019238772689116347
2020-01-14,0.0003771121309614722
2020-01-15,0.00035704441733703607
2020-01-16,0.00031134162021099294
2020-01-17,9.108294851024252e-05
2020-01-20,0.0001472087726836197
2020-01-21,8.904982734508145e-05
2020-01-22,6.616417079753852e-05
2020-01-23,0.0
2020-01-24,0.0
2020-01-27,0.0
2020-01-28,0.0
2020-01-29,0.0
2020-01-30,0.0008788815811582903
2020-01-31,0.0013123032149091605
2020-02-03,0.0
2020-02-04,0.0007896974985550177
2020-02-05,0.00024195717451177276
2020-02-06,0.0015690944280078263
2020-02-07,0.0009637091498024538
2020-02-10,0.0003095580885539036
2020-02-11,9.283088132969673e-05
2020-02-12,0.0006746623050007561
2020-02-13,0.0004770291143184547
2020-02-14,0.00024849317410639615
2020-02-17,0.00031797084612492234
2020-02-18,9.536377930874998e-05
2020-02-19,0.00017046416410772627
2020-02-20,0.0001668176961466432
2020-02-21,0.00021170173367467918
2020-02-24,0.00041925267811105017
2020-02-25,0.0005019915678686909
2020-02-26,0.00023919561173470466
2020-02-27,0.00010539596065278614
2020-02-28,0.00019062255572359273
2020-03-02,0.00024476684087043165
2020-03-03,0.0015279105826357738
2020-03-05,7.094956325181199e-05
2020-03-06,0.0002798864137171549
2020-03-09,0.0005258629149312254
2020-03-10,0.001594497466766376
2020-03-11,0.001294020759763989
2020-03-12,0.001847476480582491
2020-03-13,0.001955521067996093
2020-03-16,0.0003457632957464058
2020-03-17,0.0009368783590524473
2020-03-18,0.00012523636040937875
2020-03-19,0.0003635518808054429
2020-03-20,0.0006949102160679272
2020-03-23,0.0017281541032480115
2020-03-24,0.0006351443298812206
2020-03-25,0.0011783515695972407
2020-03-26,0.0004999024476249702
2020-03-27,0.00033919654802442916
2020-03-30,0.0018549759773295307
2020-03-31,0.0037648338568786618
2020-04-01,0.003383079761898463
2020-04-02,0.0
2020-04-03,0.0008272324775721577
2020-04-06,0.0007225268045581291
2020-04-07,0.0012325525155314735
2020-04-08,0.0019446061708038576
2020-04-09,0.0005805454984189774
2020-04-10,0.0010671308918508448
2020-04-13,0.0013256004184481758
2020-04-14,0.0008329773470364805
2020-04-15,0.0002505350124817786
2020-04-16,0.0007990188233099994
2020-04-17,0.00031389047818948144
2020-04-20,0.00032143224188558396
2020-04-21,0.0008002741263555235
2020-04-22,0.0019030774227556638
2020-04-23,0.00022973232066525017
2020-04-24,0.00013254244332356707
2020-04-27,0.0
2020-04-28,0.0008685207296290839
2020-04-29,0.0005906591655212302
2020-04-30,0.0
2020-05-01,0.0
2020-05-04,0.00032143224188558396
2020-05-05,0.0004828655806977962
2020-05-06,0.00033735468144020287
2020-05-07,0.0011369268619685815
2020-05-08,0.0003492940408316966
2020-05-11,0.00024195717451177276
2020-05-12,0.002521587265626082
2020-05-13,0.001599910467945372
2020-05-14,0.0011469136208987459
2020-05-15,0.0
2020-05-18,0.0
2020-05-19,0.00020944036432362812
2020-05-20,0.0
2020-05-21,9.640604509749712e-05
2020-05-22,4.355524929988784e-05
2020-05-25,0.0006820178359825583
2020-05-26,0.00020180445175503893
2020-05-27,0.0010155366694952024
2020-05-28,0.0003249504702482643
2020-05-29,0.00013157975561527973
2020-06-01,0.000601039462955598
2020-06-02,0.00026636205895435704
2020-06-03,0.00013376073320736472
2020-06-04,0.00013376073320736772
2020-06-05,0.0017351892153175193
2020-06-08,0.0
2020-06-09,0.0
2020-06-10,0.0005949513531315158
2020-06-11,0.0021081908523426286
2020-06-12,0.000737048195066966
2020-06-15,0.00028623008623927576
2020-06-16,0.0007979136544609221
2020-06-17,0.00027679337431139335
2020-06-18,0.00013828857053840623
2020-06-19,0.0005249813052058801
2020-06-22,0.00016862614575700952
2020-06-23,0.00013157975561527973
2020-06-24,0.00046912097723260507
2020-06-25,0.00041452783703543514
2020-06-26,0.00013906552101794085
2020-06-29,0.0016277047868405862
2020-06-30,0.000385484693061477
2020-07-01,0.0005289661026737336
2020-07-02,0.0001497915122471237
2020-07-03,0.00019737035298715772
2020-07-06,0.00011232637830032602
2020-07-07,0.0003048307923436117
2020-07-08,0.00019283285079235588
2020-07-09,0.00035529997195322504
2020-07-10,0.0
2020-07-13,0.0001446922615075245
2020-07-14,0.00019283285079234864
2020-07-15,0.0001438677510430202
2020-07-16,2.6423254954346278e-05
2020-07-17,0.00010660745821033008
2020-07-20,0.00013984903782383778
2020-07-21,0.0002961577662442681
2020-07-22,7.777426792466483e-05
2020-07-23,0.00011433526213148092
2020-07-24,0.0013256004184481758
2020-07-27,0.00025312289679355423
2020-07-28,0.0015622150172302663
2020-07-29,0.0014051707163386638
2020-07-30,0.00025312289679355423
2020-07-31,0.0002565095200490746
2020-08-03,0.00032143224188558396
2020-08-04,0.0003050278346786899
2020-08-05,9.058869613876308e-05
2020-08-06,0.00013254244332356707
2020-08-07,9.233642232945855e-05
2020-08-10,9.116571705268855e-05
2020-08-11,0.000780538360165602
2020-08-12,0.00020693936712623323
2020-08-13,5.267312844666116e-05
2020-08-14,0.00016378448081041868
2020-08-17,0.00022265244059104373
2020-08-18,0.00012446205893660453
2020-08-19,8.45872995617263e-05
2020-08-20,0.00012143556928007672
2020-08-21,0.00012143556928007672
2020-08-24,8.156195465163879e-05
2020-08-25,0.0002534958655071101
2020-08-26,0.0005107491363007572
2020-08-27,0.0003030659712484705
2020-08-28,7.553941417365605e-05
2020-08-31,0.00019969940147627645
2020-09-01,0.00011433526213148092
2020-09-02,0.0
2020-09-03,7.91631175083802e-05
2020-09-04,0.0002611317779771788
2020-09-07,0.00157209966094214
2020-09-08,0.002439274439582376
2020-09-09,0.00020832324350507746
2020-09-10,0.0003753759880485714
2020-09-11,0.0
2020-09-14,0.0019497180757814287
2020-09-15,0.00038198326730554073
2020-09-16,8.625234406657879e-05
2020-09-17,0.00019660305231554458
2020-09-18,8.536993813714757e-05
2020-09-21,0.0005295900360654258
2020-09-22,0.00046967929881048365
2020-09-23,0.00023715534961444258
2020-09-24,0.00012017219880266086
2020-09-25,0.0007434605540179183
2020-09-28,0.0001668176961466432
2020-09-29,0.0006532958765025048
2020-09-30,0.0003654834220766881
2020-10-01,0.0002433559252671703
2020-10-02,0.0004672670783024558
2020-10-05,0.0012992051300672837
2020-10-06,0.0003151288840448449
2020-10-07,7.91631175083802e-05
2020-10-08,0.0005801297467646801
2020-10-09,0.0005801297467646678
2020-10-12,0.0005715011239246714
2020-10-13,0.00018398390698129297
2020-10-14,0.00032143224188558396
2020-10-15,5.593642194748558e-05
2020-10-16,0.00018584482771218151
2020-10-19,0.0016634028015960478
2020-10-20,0.00047211024829119943
2020-10-21,0.0004486210331452942
2020-10-22,0.00018773412637765693
2020-10-23,0.00031825715501062897
2020-10-26,0.0001812445012988807
2020-10-27,0.00018773412637765693
2020-10-28,0.001991349174911438
2020-10-29,0.0010319018449568768
2020-10-30,0.00024849317410639615
2020-11-02,2.2303470622846174e-05
2020-11-03,0.00039573215782593563
2020-11-04,0.0011164601082299882
2020-11-05,0.00028224034521004426
2020-11-06,0.000508905842638879
2020-11-09,0.00048139646214947443
2020-11-10,0.0005902798875395566
2020-11-11,0.00019062255572358907
2020-11-12,0.0015970716538411648
2020-11-13,0.0005452642112067798
2020-11-16,0.001946708634547834
2020-11-17,0.0005596795875590665
2020-11-18,0.0008962035068244863
2020-11-19,0.00017120779528927653
2020-11-20,4.326948000991758e-05
2020-11-23,0.00130292735435303
2020-11-24,0.00032143224188558396
2020-11-25,0.00016826211076901435
2020-11-26,0.0003355927680030358
2020-11-27,6.163168562753593e-05
2020-11-30,0.0007568787878885978
2020-12-01,0.00011605078796704556
2020-12-02,0.0003445429408151824
2020-12-03,0.00011816087430235846
2020-12-04,0.00019062255572358907
2020-12-07,0.0002410733302694705
2020-12-08,0.000384178564400543
2020-12-09,0.001044905407667372
2020-12-10,0.00017812515956315022
2020-12-11,0.00014988847139506929
2020-12-14,0.00036355188080543796
2020-12-15,0.0008818949315503669
2020-12-16,0.00018052432472319464
2020-12-17,0.00034454294081516805
2020-12-18,0.0002141052789005774
2020-12-21,0.0003044221601872427
2020-12-22,0.00011923756473187742
2020-12-23,0.0006503785040957656
2020-12-24,0.0003085458003526583
2020-12-25,0.0018298271354599274
2020-12-28,0.0003975028116085092
2020-12-29,0.0001303124023569068
2020-12-30,0.0003666497452339066
2020-12-31,0.0015908880355043184
2021-01-01,0.0
2021-01-04,0.00045114331353017723
2021-01-05,0.00024335592526716627
2021-01-06,0.0002472933131123061
2021-01-07,0.0006929334425768593
2021-01-08,0.00046566924140804627
2021-01-11,9.38317895305762e-05
2021-01-12,0.00023118877891545173
2021-01-13,0.0005772319510342546
2021-01-14,0.0002472933131123102
2021-01-15,0.00014602629790205733
2021-01-18,0.00024142240303240634
2021-01-19,0.0032226912716587647
2021-01-20,0.0018092585035112986
2021-01-21,0.0017621265014445679
2021-01-22,0.0007126766331421704
2021-01-25,0.0004601408836931073
2021-01-26,0.0012774817078107462
2021-01-27,0.002599706006678121
2021-01-28,0.0007316869359220033
2021-01-29,0.003330608759865999
2021-02-01,0.0016258040542996136
2021-02-02,0.0011656230650303509
2021-02-03,0.0011783515695972149
2021-02-04,0.00022886504260613344
2021-02-05,0.00011242083464569284
2021-02-08,0.0009587457801132107
2021-02-09,0.0008138501451452092
2021-02-10,0.0
2021-02-11,0.0
2021-02-12,0.0
2021-02-15,0.0
2021-02-16,0.0
2021-02-17,0.0005035319243755564
2021-02-18,0.0009217136707143521
2021-02-19,0.00046566924140804627
2021-02-22,0.0012113677925782548
2021-02-23,4.842868482667813e-05
2021-02-24,0.0002862300862392801
2021-02-25,0.001766916266267044
2021-02-26,0.00041452783703542994
2021-03-01,0.0002399440575319732
2021-03-02,0.00019417753111776548
2021-03-03,0.0016331083380700738
2021-03-04,0.0018377551844721738
2021-03-05,0.0011379615632764355
2021-03-08,0.0005452642112067738
2021-03-09,0.0001668176961466432
2021-03-10,0.0004326706011076601
2021-03-11,0.00019969940147628013
2021-03-12,8.121264021112251e-05
2021-03-15,0.0008336305300510942
2021-03-16,0.0005664455824174519
2021-03-17,0.0004216454514052433
2021-03-18,0.0002789292099197809
2021-03-19,6.005140792206353e-05
2021-03-22,0.00016398411137343738
2021-03-23,0.0003877865015243114
2021-03-24,0.0007522761120732826
2021-03-25,0.0004948645273970017
2021-03-26,0.001875101398819714
2021-03-29,0.00011399672409327121
2021-03-30,4.423315568474958e-05
2021-03-31,0.00017577350708968128
2021-04-01,0.00033853701065714485
2021-04-02,0.0002412623172954716
2021-04-05,6.217232739238982e-05
2021-04-06,0.0005883294015462654
2021-04-07,5.803719496610236e-05
2021-04-08,5.828338242291954e-05
2021-04-09,4.108124627590768e-05
2021-04-12,8.052071014060674e-05
2021-04-13,0.0006249792494071045
2021-04-14,0.0002542442802992533
2021-04-15,0.0001420605503164303
2021-04-16,0.00035704441733703607
2021-04-19,0.0001854703916328859
2021-04-20,0.00012255743350155656
2021-04-21,0.0
2021-04-22,0.004213626684071908
2021-04-23,0.0016273651258706728
2021-04-26,0.00036687253496565963
2021-04-27,0.00012255743350155656
2021-04-28,0.0004948645273970017
2021-04-29,0.00031996094052625214
2021-04-30,0.0
2021-05-03,0.0
2021-05-04,0.001393612813758723
2021-05-05,8.945096876668572e-05
2021-05-06,0.00018547039163289655
2021-05-07,0.0001203290390873702
2021-05-10,0.00012369491639862974
2021-05-11,0.0005956232301527041
2021-05-12,0.00044413393022174093
2021-05-13,6.109806540504641e-05
2021-05-14,8.407150450936629e-05
2021-05-17,0.0010363327243328659
2021-05-18,0.0005617484616743492
2021-05-19,0.0003030659712484705
2021-05-20,0.0003991576532544774
2021-05-21,0.0009875216299628578
2021-05-24,0.00037236645643786966
2021-05-25,0.0007558746193194009
2021-05-26,0.0004161862656329574
2021-05-27,0.0018036160240430792
2021-05-28,0.001392329916285029
2021-05-31,0.0004928338537042155
2021-06-01,0.0005808959518493293
2021-06-02,0.0005313987247741469
2021-06-03,0.0016745218848236638
2021-06-04,0.0016510536440490357
2021-06-07,0.0006674251412029341
2021-06-08,0.0
2021-06-09,0.0018627051027449808
2021-06-10,0.0014022726665761022
2021-06-11,0.0009111528209277753
2021-06-14,0.0020824790972218538
2021-06-15,0.0032541629936475597
2021-06-16,0.0010615084973071372
2021-06-17,0.0021051181433973565
2021-06-18,0.001148970112702469
2021-06-21,0.0013852566160675016
2021-06-22,0.0012325525155314735
2021-06-23,0.0027306537262098605
2021-06-24,0.0008321707087788186
2021-06-25,0.0008321707087788334
2021-06-28,0.0004249414783593547
2021-06-29,0.0009744756009136497
2021-06-30,0.0023524573532075995
2021-07-01,0.00042070671507445453
2021-07-02,0.0002441013563053619
2021-07-05,0.0
2021-07-06,0.0
2021-07-07,0.0
2021-07-08,0.0
2021-07-09,0.0008526223835437579
2021-07-12,0.0
2021-07-13,0.000513719306735928
2021-07-14,0.0
2021-07-15,0.0011783515695972407
2021-07-16,0.0
2021-07-19,0.0006128973569977364
2021-07-20,0.0024779600713828727
2021-07-21,0.0007745205194066725
2021-07-22,0.0016011294206767328
2021-07-23,0.0004948645273969961
2021-07-26,0.0028748099476175047
2021-07-27,0.0002965825755929263
2021-07-28,0.0003030659712484705
2021-07-29,0.0002011532126175233
2021-07-30,9.570931524687601e-05
2021-08-02,0.0007834518687185438
2021-08-03,0.00024335592526716627
2021-08-04,0.0
2021-08-05,0.0008585767158993226
2021-08-06,0.0005067402419528647
2021-08-09,0.0026200159389278004
2021-08-10,0.0
2021-08-11,0.00048340147352749727
2021-08-12,0.0008237599509796118
2021-08-13,0.0017511761846143116
2021-08-16,0.0003522778072497199
2021-08-17,0.0
2021-08-18,0.0012932259198798785
2021-08-19,0.00033735468144020287
2021-08-20,0.0021531555917016203
2021-08-23,0.0012024944201033435
2021-08-24,0.0008893052340396196
2021-08-25,0.0004441339302217464
2021-08-26,0.001022000583823296
2021-08-27,0.001604182905616515
2021-08-30,0.0012762510084091375
2021-08-31,0.0006164298340468984
2021-09-01,0.0012388532300354068
2021-09-02,0.0
2021-09-03,0.0
2021-09-06,0.0008329773470364733
2021-09-07,0.0015579184899845054
2021-09-08,0.0
2021-09-09,0.0006905724295181187
2021-09-10,0.0004858240668315036
2021-09-13,0.0019307065333728508
2021-09-14,0.001604182905616495
2021-09-15,0.002093998803151819
2021-09-16,0.0006490386120640633
2021-09-17,0.00031306892567211877
2021-09-20,0.0006663220754441087
2021-09-21,0.0
2021-09-22,0.0
2021-09-23,0.0001944352550152003
2021-09-24,0.0001742315175264758
2021-09-27,0.000742849887277627
2021-09-28,0.0006579553592372671
2021-09-29,0.00028623008623927576
2021-09-30,3.954720007020888e-05
2021-10-01,0.00018215079867288267
2021-10-04,0.0011472761297445916
2021-10-05,0.0003040445292991404
2021-10-06,0.0
2021-10-07,0.0009428769780599503
2021-10-08,0.0
2021-10-11,0.0
2021-10-12,0.0004586502339422696
2021-10-13,9.233642232946107e-05
2021-10-14,0.0
2021-10-15,0.0007903138323951855
2021-10-18,0.0
2021-10-19,7.033440828528264e-05
2021-10-20,0.0007568787878885978
2021-10-21,0.0013336760011492936
2021-10-22,0.0003589781880692482
2021-10-25,0.0
2021-10-26,0.0
2021-10-27,0.0
2021-10-28,0.00039337514704827184
2021-10-29,0.001393904628697413
2021-11-01,0.0
2021-11-02,0.0003473258751427824
2021-11-03,0.0014018184156227647
2021-11-04,0.002738465466556075
2021-11-05,0.0005696098049102555
2021-11-08,0.0005696098049102615
2021-11-09,0.00020721503700298115
2021-11-10,0.000660303818161452
2021-11-11,0.0016634028015960276
2021-11-12,0.0005084117631616156
2021-11-15,0.0013256004184481667
2021-11-16,0.0007678766993968461
2021-11-17,0.0002318061712815528
2021-11-18,0.0014609883336969436
2021-11-19,0.001716812983416336
2021-11-22,0.0003030659712484751
2021-11-23,0.0015322450741413892
2021-11-24,0.0002634899021241568
2021-11-25,0.0004665285948006483
2021-11-26,0.00029113045821312604
2021-11-29,0.0010054316303040856
2021-11-30,0.0001455238804377894
2021-12-01,0.0010603725365624182
2021-12-02,0.000897067571401885
2021-12-03,0.0011262491278735515
2021-12-06,0.0013177922953656555
2021-12-07,0.00045203113929783014
2021-12-08,0.00041452783703543514
2021-12-09,0.0003517540836937002
2021-12-10,0.00031204651306165513
2021-12-13,0.0007167826733913908
2021-12-14,0.0004216454514052433
2021-12-15,0.00023919561173470067
2021-12-16,0.00039908548889678577
2021-12-17,0.000418063922715248
2021-12-20,0.0004260043729378465
2021-12-21,0.0005221313350003801
2021-12-22,0.0003321624637397257
2021-12-23,0.0010664521526069328
2021-12-24,0.00048263007014282764
2021-12-27,0.00030661107459818536
2021-12-28,0.00012972162096074445
2021-12-29,0.00013438568858446085
2021-12-30,9.824700657163368e-05
2021-12-31,6.596547364943838e-05
2022-01-03,0.0
2022-01-04,0.00025200891629781845
2022-01-05,0.0020725577685417333
2022-01-06,0.0003415201719273628
2022-01-07,0.00018421498961986092
2022-01-10,0.0012872397905681465
2022-01-11,0.0007083263157506719
2022-01-12,0.0018063484692869612
2022-01-13,0.00085857671589933
2022-01-14,0.0006401497417253786
2022-01-17,0.0028053040805440838
2022-01-18,0.0005393163674050511
2022-01-19,0.0005318110826523972
2022-01-20,0.0008017123845640428
2022-01-21,0.0005929425296469791
2022-01-24,0.0017407596538930984
2022-01-25,0.0007861557661298926
2022-01-26,0.0011699751219356163
2022-01-27,0.0003075070701629046
2022-01-28,0.0003877865015243114
2022-01-31,0.0
2022-02-01,0.0
2022-02-02,0.0
2022-02-03,0.0
2022-02-04,0.0
2022-02-07,0.00041305236858688054
2022-02-08,0.001579767227397105
2022-02-09,0.00018937655097202934
2022-02-10,0.0002206377056754587
2022-02-11,0.00035169902285124853
2022-02-14,0.0026785780631090623
2022-02-15,0.0
2022-02-16,0.0004574135525126257
2022-02-17,0.0006081124418199828
2022-02-18,0.0005137193067359222
2022-02-21,0.0005629606073235221
2022-02-22,0.00031204651306165963
2022-02-23,0.001030740547620805
2022-02-24,0.0006113236830059863
2022-02-25,0.0006722368913242427
2022-02-28,0.0014437082282464297
2022-03-01,9.358005028201844e-05
2022-03-02,0.001417176121985155
2022-03-03,0.0004463690237796666
2022-03-04,0.0003312479058531643
2022-03-07,0.0008894670438519231
2022-03-08,0.00044761804081681683
2022-03-09,0.0008053250411028007
2022-03-10,0.0009325253246249801
2022-03-11,0.0014882770936656836
2022-03-14,0.000797574063839774
2022-03-15,0.004812551888491007
2022-03-16,0.0002930701998955005
2022-03-17,0.0011273447388269614
2022-03-18,0.0004063231038421405
2022-03-21,0.00048168974895391873
2022-03-22,0.0004573199394948528
2022-03-23,0.0008836383268216456
2022-03-24,0.0007227887719906322
2022-03-25,0.0005041597201900314
2022-03-28,0.0012245832303673
2022-03-29,0.00047058869967734566
2022-03-30,0.0011783515695972407
2022-03-31,0.0006205897959312857
2022-04-01,0.001502285815856572
2022-04-04,0.000215330023307838
2022-04-05,0.0009822419070433482
2022-04-06,0.000780538360165602
2022-04-07,0.0017415943219532919
2022-04-08,0.0004053146694652663
2022-04-11,0.0
2022-04-12,0.001985721715041084
2022-04-13,0.00044737644320451734
2022-04-14,0.00043565759121869026
2022-04-15,0.001046946627522997
2022-04-18,0.0005841599126186854
2022-04-19,0.001812611566820422
2022-04-20,0.003790479518534756
2022-04-21,0.0038400886947440797
2022-04-22,0.0023309144482725874
2022-04-25,0.0006610894327832602
2022-04-26,0.0005323065460378602
2022-04-27,0.002439274439582376
2022-04-28,0.0011241536671069887
2022-04-29,0.002907322412291487
2022-05-02,0.0
2022-05-03,0.0
2022-05-04,0.0006978248221841655
2022-05-05,0.002718805048092
2022-05-06,0.003891832099595332
2022-05-09,0.004664584875132277
2022-05-10,0.003934326733647405
2022-05-11,0.000948933402211387
2022-05-12,0.0029149735519280267
2022-05-13,0.0023591095293102665
2022-05-16,0.006061941580089289
2022-05-17,0.0070634845688837275
2022-05-18,0.0009223333139144171
2022-05-19,0.0023220340004251453
2022-05-20,0.0006754736940594594
2022-05-23,0.0026657920078382723
2022-05-24,0.0005522600783119569
2022-05-25,0.0015121978932433778
2022-05-26,0.0005895821733087472
2022-05-27,0.0016271284553523396
2022-05-30,0.0021779956748525114
2022-05-31,0.0010147671084972498
2022-06-01,0.003944137560643418
2022-06-02,0.0
2022-06-03,0.003745094890353875
2022-06-06,0.0025846281986468414
2022-06-07,0.0036888126974549806
2022-06-08,0.0010834433407291087
2022-06-09,0.0011022460304502214
2022-06-10,0.003920652993598405
2022-06-13,0.003035429565788984
2022-06-14,0.0015829903113221452
2022-06-15,0.001632722675688895
2022-06-16,0.0011321974564828462
2022-06-17,0.001856455608834916
2022-06-20,0.0021362713500371
2022-06-21,0.0013345778417312118
2022-06-22,0.002889419088585732
2022-06-23,0.003989006999466091
2022-06-24,0.0006645628502992972
2022-06-27,0.0006351443298812206
2022-06-28,0.002352457353207587
2022-06-29,0.004184390311508944
2022-06-30,0.0019093793439797758
2022-07-01,0.002266293750110442
2022-07-04,0.0027743995259557146
2022-07-05,0.0023457131057184567
2022-07-06,0.004165211339696224
2022-07-07,0.0008662456103329776
2022-07-08,0.00043644189367201777
2022-07-11,0.0013225720844619881
2022-07-12,0.0
2022-07-13,0.000700470847540557
2022-07-14,0.0003286603704167965
2022-07-15,0.0006141659331731898
2022-07-18,0.0006674251412029341
2022-07-19,0.0001798339264000237
2022-07-20,0.0008730197313067953
2022-07-21,0.0023010680232587797
2022-07-22,0.0005238385234031948
2022-07-25,0.00022667496784194058
2022-07-26,0.0013079152597626166
2022-07-27,0.0006532958765025048
2022-07-28,0.0003554448535470686
2022-07-29,0.0006898912305095281
2022-08-01,0.0035497365122473122
2022-08-02,0.0003286603704167965
2022-08-03,0.001701624874375806
2022-08-04,0.0002649201418834932
2022-08-05,0.00022422419173112083
2022-08-08,0.0016393274116610931
2022-08-09,0.0005795484443991663
2022-08-10,0.0002713095498584776
2022-08-11,0.0005889552877359967
2022-08-12,0.0012786525221832187
2022-08-15,0.0004339222486483251
2022-08-16,6.676567872402657e-05
2022-08-17,0.0008197247839231276
2022-08-18,0.00022675101252918472
2022-08-19,0.0003953764851197912
2022-08-22,0.00044069034335915446
2022-08-23,0.0008104239313229372
2022-08-24,0.0001533422542400956
2022-08-25,0.00024886632983760134
2022-08-26,0.0010033279022393048
2022-08-29,0.0011924150750505162
2022-08-30,0.00029390745727797454
2022-08-31,0.0017625428532219774
2022-09-01,0.0
2022-09-02,0.0
2022-09-05,0.0002757737484788268
2022-09-06,0.0008272324775721577
2022-09-07,0.002410851874729393
2022-09-08,0.0009111528209277674
2022-09-09,0.0005178259217087074
2022-09-12,0.000615311022535866
2022-09-13,0.0003621132562308521
2022-09-14,0.00026061205029146106
2022-09-15,0.0002697024057267953
2022-09-16,0.0009148283738568977
2022-09-19,0.0017833189286359048
2022-09-20,0.0020427034389488815
2022-09-21,0.0005336726463806602
2022-09-22,0.0015091152615482938
2022-09-23,0.00039378972795833605
2022-09-26,0.0013256004184481849
2022-09-27,0.0010221566315737698
2022-09-28,0.0005896559903547273
2022-09-29,0.003721052928072309
2022-09-30,0.002615552845308477
2022-10-03,0.0021081908523426286
2022-10-04,0.0018934429264619616
2022-10-05,0.000624614219326737
2022-10-06,0.0019473562326792764
2022-10-07,0.0010382404148147758
2022-10-10,0.0032763713930836296
2022-10-11,0.0014010240075152305
2022-10-12,0.0016421792360370967
2022-10-13,0.0003806207489338897
2022-10-14,0.0005368453291271342
2022-10-17,0.0010360924882361839
2022-10-18,0.0008113287613913146
2022-10-19,0.0004934573429575545
2022-10-20,0.0004326706011076601
2022-10-21,0.0018389403660839549
2022-10-24,0.001472881958537891
2022-10-25,0.0049010538696163935
2022-10-26,0.0006396106224371282
2022-10-27,0.001134689845617302
2022-10-28,0.0004738900861090162
2022-10-31,0.002808353553559768
2022-11-01,0.00023756130826432632
2022-11-02,0.0005682996371297817
2022-11-03,0.00044103289641539656
2022-11-04,0.002054448825113092
2022-11-07,0.0018344455793218443
2022-11-08,0.0002887275075774171
2022-11-09,0.0034231792211766605
2022-11-10,0.0026785780631090753
2022-11-11,0.0027588405114696095
2022-11-14,0.0001884500474638331
2022-11-15,5.4973772679866105e-05
2022-11-16,0.006755576744497538
2022-11-17,0.0030894559665569695
2022-11-18,0.002529364784665507
2022-11-21,0.0004233140073839428
2022-11-22,0.006037304087736642
2022-11-23,0.0013833438384317654
2022-11-24,0.0010209481957193234
2022-11-25,0.002043015441763464
2022-11-28,0.0006988004337795455
2022-11-29,0.0029564885701524953
2022-11-30,0.0016303319625975733
2022-12-01,0.0013727591207764718
2022-12-02,0.0023002386501580897
2022-12-05,0.0015022858158565814
2022-12-06,0.00558863996115364
2022-12-07,0.0009757015935607881
2022-12-08,0.002406163127208543
2022-12-09,0.0009096278762163675
2022-12-12,0.0009074993778519122
2022-12-13,0.0032763713930836426
2022-12-14,0.0007656234306445394
2022-12-15,0.0008214211621285624
2022-12-16,0.0009955214028246223
2022-12-19,0.0012293554907529187
2022-12-20,0.0019729025815151844
2022-12-21,0.0037572794888872736
2022-12-22,0.0037254694709606385
2022-12-23,0.0011162440261948047
2022-12-26,0.002998520077448721
2022-12-27,0.0018545467383116613
2022-12-28,0.000884659808497405
2022-12-29,0.0004937879046541108
2022-12-30,0.0002487107461985069
2023-01-02,0.0
2023-01-03,0.000862231685577041
2023-01-04,0.00040638254068461573
2023-01-05,0.001888885697053784
2023-01-06,0.0004876122292302984
2023-01-09,0.00040722858097796873
2023-01-10,0.0010697160203659265
2023-01-11,0.00037403393060021875
2023-01-12,0.003092209134291346
2023-01-13,0.001186317747228239
2023-01-16,0.0003415201719273628
2023-01-17,0.001604182905616505
2023-01-18,0.001081698495970322
2023-01-19,0.00034262917849269356
2023-01-20,0.0
2023-01-23,0.0
2023-01-24,0.0
2023-01-25,0.0
2023-01-26,0.0
2023-01-27,0.00043575254552669454
2023-01-30,0.0009550483767214051
2023-01-31,0.001283192729706104
2023-02-01,0.002439274439582376
2023-02-02,0.0017168129834163463
2023-02-03,0.0008071405344839432
2023-02-06,0.000948933402211387
2023-02-07,0.0016173148106160325
2023-02-08,0.0026309151730216623
2023-02-09,0.0011967732178203658
2023-02-10,0.0010417871140837526
2023-02-13,0.0017803475866108695
2023-02-14,0.0005548115838144584
2023-02-15,0.0018884036945258592
2023-02-16,0.0004755865332638897
2023-02-17,0.0007212016894528196
2023-02-20,0.0005974204770222693
2023-02-21,0.0005838876621671375
2023-02-22,0.0027066356552086484
2023-02-23,0.0021037494099438872
2023-02-24,0.0011054445958213388
2023-02-27,0.001017335720315388
2023-02-28,0.0005171081982699715
2023-03-01,0.0016725471418623254
2023-03-02,0.0006637183000368056
2023-03-03,0.0003802676883124762
2023-03-06,0.00047078194244724034
2023-03-07,0.0002843420933896802
2023-03-08,0.001308388571214024
2023-03-09,0.00010874980922332364
2023-03-10,0.0009105805175282992
2023-03-13,0.00039144550627194443
2023-03-14,0.001502285815856572
2023-03-15,0.000406611919292956
2023-03-16,0.0002733967396637134
2023-03-17,0.00034486345966780897
2023-03-20,0.0004738900861090162
2023-03-21,0.00035873986235399025
2023-03-22,0.00011904071107345965
2023-03-23,0.0002235773635607234
2023-03-24,0.0003090091484259769
2023-03-27,9.38317895305762e-05
2023-03-28,0.00023265913219102798
2023-03-29,0.00020611565022094936
2023-03-30,0.0006344613623841627
2023-03-31,0.00011748328321509551
2023-04-03,0.00034152017192735803
2023-04-04,0.0006351443298812206
2023-04-05,0.0003077435112857515
2023-04-06,0.0013012074192802045
2023-04-07,0.0001786920322942089
2023-04-10,0.0006949102160679272
2023-04-11,0.00026911799262386367
2023-04-12,0.00041452783703543514
2023-04-13,0.00019357816449623133
2023-04-14,0.0011999182881840826
2023-04-17,0.0003383888798704304
2023-04-18,0.0015290908904087173
2023-04-19,0.0008811956087041662
2023-04-20,0.0007715376667919355
2023-04-21,0.0019233542649755224
2023-04-24,0.000612095957437952
2023-04-25,0.0008373535304775213
2023-04-26,0.00019845214322845032
2023-04-27,0.00021991185048376538
2023-04-28,0.00016993596132528025
2023-05-01,0.0
2023-05-02,0.0
2023-05-03,0.0
2023-05-04,0.0004094639910983573
2023-05-05,0.0004712978388520338
2023-05-08,0.0004374338193970896
2023-05-09,0.0001418679621985321
2023-05-10,0.00029940030091986554
2023-05-11,0.00021070790005551883
2023-05-12,6.778657783545335e-05
2023-05-15,0.000185470391632893
2023-05-16,0.00023467086621949736
2023-05-17,0.00032047474473994263
2023-05-18,0.00026507977591747484
2023-05-19,0.0005790126328083929
2023-05-22,0.00016888689454844336
2023-05-23,0.0002732491981786273
2023-05-24,0.0
2023-05-25,0.00014675228069263707
2023-05-26,5.618103519250762e-05
2023-05-29,0.0005754594717725686
2023-05-30,0.0002145803237010339
2023-05-31,0.00011996355498670113
2023-06-01,0.00020087941627580481
2023-06-02,0.00025200891629781433
2023-06-05,0.0003075070701629046
2023-06-06,0.000266133606323689
2023-06-07,0.0001895316323472527
2023-06-08,0.0010278458678305497
2023-06-09,0.00029362797325505925
2023-06-12,0.0004756972685444336
2023-06-13,0.00038016033258822627
2023-06-14,0.0004701639842039678
2023-06-15,0.00015334225424008916
2023-06-16,0.00011232637830032602
2023-06-19,0.00011467531048206354
2023-06-20,0.00011265749743093073
2023-06-21,0.00012784965004621258
2023-06-22,0.0
2023-06-23,0.0002594144114964507
2023-06-26,0.00042649286626031716
2023-06-27,0.00028948310986789846
2023-06-28,0.000730278863382547
2023-06-29,0.0004202073370897633
2023-06-30,0.0001375181132153066
2023-07-03,0.0009592664319287775
2023-07-04,0.00018556939686003947
2023-07-05,0.00046197267937297465
2023-07-06,0.0004156544872261953
2023-07-07,0.00043819914224643475
2023-07-10,0.00010851249631995747
2023-07-11,0.00030466971787253435
2023-07-12,0.00018458289906937166
2023-07-13,0.00018215079867288267
2023-07-14,0.00029832998544265565
2023-07-17,0.00016071201770276097
2023-07-18,0.00021170173367467918
2023-07-19,0.00029406734163584897
2023-07-20,0.00017046416410772627
2023-07-21,0.00011086671783006277
2023-07-24,5.18690845022427e-05
2023-07-25,0.0002765014763569657
2023-07-26,7.769127253494784e-05
2023-07-27,0.000167718264687439
2023-07-28,0.00025112301834931866
2023-07-31,0.00018656382452630592
2023-08-01,0.0002407158580555018
2023-08-02,0.00017423151752647242
2023-08-03,0.0001732780557379142
2023-08-04,3.3577049624465826e-05
2023-08-07,0.00021516308421841345
2023-08-08,0.0001452458792636517
2023-08-09,7.895030576152578e-05
2023-08-10,0.00024137183243214526
2023-08-11,0.0018208515957045656
2023-08-14,0.0004529929382127024
2023-08-15,0.00012041361876120643
2023-08-16,0.00023447535929825745
2023-08-17,0.0001879127236836419
2023-08-18,0.0016404619692990678
2023-08-21,0.0008862599873118616
2023-08-22,0.001502285815856572
2023-08-23,0.0001764406330131131
2023-08-24,0.0004276062081973383
2023-08-25,0.0009715869708897498
2023-08-28,0.0001304819384115037
2023-08-29,0.00041452783703543514
2023-08-30,0.0013062088564155957
2023-08-31,2.672740878153946e-05
2023-09-01,0.0
2023-09-04,0.0
2023-09-05,0.00014345813619466024
2023-09-06,0.0002118358944364931
2023-09-07,0.0003321624637397257
2023-09-08,8.383861054471355e-05
2023-09-11,0.0003835821397101979
2023-09-12,0.00013193953064372137
2023-09-13,0.0005249813052058801
2023-09-14,0.0008023481432892754
2023-09-15,0.0002311887789154557
2023-09-18,0.0004665285948006483
2023-09-19,0.0003285267822984327
2023-09-20,0.0014358722501241687
2023-09-21,0.0005010324318887497
2023-09-22,0.002197614235775834
2023-09-25,0.0015598442232219038
2023-09-26,0.0017921240269046217
2023-09-27,0.002015148415170507
2023-09-28,0.00039206037296710914
2023-09-29,0.0003877865015243215
2023-10-02,0.0012487262950965014
2023-10-03,0.0015179251362139722
2023-10-04,0.000708963565825355
2023-10-05,0.0013324685844828743
2023-10-06,0.0009901774716183657
2023-10-09,0.0004039245622097661
2023-10-10,0.001632294322175277
2023-10-11,0.0003562752820629474
2023-10-12,0.0008120441718827768
2023-10-13,0.0005934437805396478
2023-10-16,0.0006879892270572972
2023-10-17,0.002464963192251642
2023-10-18,0.002746057189255152
2023-10-19,0.0018199890311240436
2023-10-20,0.002395275786197238
2023-10-23,0.0006226381970057616
2023-10-24,0.00023467086621949736
2023-10-25,0.0009154793094217424
2023-10-26,0.0010280158053158463
2023-10-27,0.002034085856079499
2023-10-30,0.0027306537262098605
2023-10-31,0.0028813348299009402
2023-11-01,0.0011876993894643394
2023-11-02,0.001034954574167633
2023-11-03,0.000725521700790726
2023-11-06,0.00019897839930704
2023-11-07,0.0007749809549444836
2023-11-08,0.001669213220033299
2023-11-09,0.0005734018792731868
2023-11-10,0.0003760142220431623
2023-11-13,0.0006645628502992972
2023-11-14,0.00020378908802810955
2023-11-15,0.0002852837469819697
2023-11-16,0.0009212842848685975
2023-11-17,0.0011247693715111574
2023-11-20,0.00029796323914414323
2023-11-21,9.821753039519029e-05
2023-11-22,0.00031204651306165963
2023-11-23,0.0009737522367063043
2023-11-24,0.0013528085152115848
2023-11-27,0.0005791613947948248
2023-11-28,0.0006093034032092477
2023-11-29,0.0002051802676801785
2023-11-30,0.00017541585152510314
2023-12-01,8.464490297045389e-05
2023-12-04,0.0005658552269393287
2023-12-05,0.00011299008287264832
2023-12-06,0.0008053250411028007
2023-12-07,0.0010577068710006866
2023-12-08,0.0003682135478703667
2023-12-11,0.0002549074022745136
2023-12-12,0.0002240419878741365
2023-12-13,0.0008694922121362904
2023-12-14,0.00045569058476485196
2023-12-15,0.00016302005847607443
2023-12-18,0.0002565095200490746
2023-12-19,0.0001234869265658264
2023-12-20,4.8525030500679944e-05
2023-12-21,0.00046465669989232696
2023-12-22,0.0002386830848445305
2023-12-25,0.00018451273615188775
2023-12-26,7.539386113242236e-05
2023-12-27,0.000295404800053147
2023-12-28,2.341939569809637e-05
2023-12-29,2.3269149750495665e-05
2024-01-01,0.0
2024-01-02,0.00011190706107699928
2024-01-03,0.0002639093561547603
2024-01-04,5.7792564069033315e-05
2024-01-05,0.00032244477712585034
2024-01-08,8.751088048870433e-05
2024-01-09,7.211360763447043e-05
2024-01-10,0.00025812679022938276
2024-01-11,0.00011013631754150172
2024-01-12,0.000676557825279174
2024-01-15,0.0006129936307072376
2024-01-16,0.00036113384892000566
2024-01-17,0.00011904071107345679
2024-01-18,7.995083447140309e-05
2024-01-19,9.630105154658228e-05
2024-01-22,4.836461370132728e-05
2024-01-23,7.942439133402424e-05
2024-01-24,0.00012184173089146145
2024-01-25,0.0
2024-01-26,0.0001497188546147456
2024-01-29,0.00012224993366766909
2024-01-30,8.156195465163642e-05
2024-01-31,6.390846743935633e-05
2024-02-01,0.00011983106444139811
2024-02-02,0.0
2024-02-05,3.582871695907384e-05
2024-02-06,0.0003516990228512534
2024-02-07,4.665131341732532e-05
2024-02-08,0.0
2024-02-09,0.0
2024-02-15,0.00013468550790597488
2024-02-16,9.29302496584761e-05
2024-02-19,0.00023265913219102
2024-02-20,0.00018215079867288267
2024-02-21,6.044072998304418e-05
2024-02-22,0.00021079281127660618
2024-02-23,0.000401459954123991
2024-02-26,0.0016954696082083233
2024-02-27,0.00045203113929783014
2024-02-28,0.00022511337901908972
2024-02-29,0.0005992905011961322
2024-03-01,0.0001697253674301644
2024-03-04,0.00030571898956658505
2024-03-05,0.0005452642112067798
2024-03-06,0.0003326867698814561
2024-03-07,0.00019062255572358907
2024-03-08,0.00046211969538779117
2024-03-11,0.0009840921088265031
2024-03-12,0.0005390355680269923
2024-03-13,0.0006716131014317837
2024-03-14,0.0005239230458729188
2024-03-15,0.00042405876882930626
2024-03-18,0.003153013264814479
2024-03-19,0.00019969940147627279
2024-03-20,0.00013280343381390504
2024-03-21,0.0004701639842039678
2024-03-22,0.0001668176961466398
2024-03-25,0.0008685207296290762
2024-03-26,0.0002469063334111943
2024-03-27,8.996544470138602e-05
2024-03-28,0.00010420499805395209
2024-03-29,0.00010599911320287729
2024-04-01,0.0002461900627995252
2024-04-02,0.00013086460632663895
2024-04-03,0.00018953163234724908
2024-04-04,9.180150476145077e-05
2024-04-05,0.00030661107459818536
2024-04-08,0.001001063284583442
2024-04-09,0.00024635831637995876
2024-04-10,0.0001668176961466432
2024-04-11,0.00012840696389226542
2024-04-12,7.0116647774463e-05
2024-04-15,0.0028626189002644957
2024-04-16,0.0005454691338655114
2024-04-17,0.00032465508355838393
2024-04-19,0.0003415201719273628
2024-04-22,0.00020800570761230774
2024-04-23,0.00039732921667588506
2024-04-24,0.000348636130777565
2024-04-25,0.00010759176005201696
2024-04-26,0.00018341693726150625
2024-04-29,0.0
2024-04-30,0.0
2024-05-02,0.00015547213528172498
2024-05-03,6.699336055590519e-05
2024-05-06,0.0005327811157724892
2024-05-07,0.0001202291961342789
2024-05-08,0.0007552301374053785
2024-05-09,0.000913447439200273
2024-05-10,0.00034262917849269356
2024-05-13,0.000218470845010742
2024-05-14,0.0002481673509074611
2024-05-15,0.0003393182519646133
2024-05-16,0.00011335458586658819
2024-05-17,0.0005268942695066274
2024-05-20,0.000396405294866414
2024-05-21,0.00017206363354829528
2024-05-22,0.00014812816997667794
2024-05-23,0.00032143224188558857
2024-05-24,0.001231038856531993
2024-05-27,0.00011048708783139301
2024-05-28,8.945096876668572e-05
2024-05-29,0.0005719389199484642
2024-05-30,0.0002525322243851961
2024-05-31,0.0009006945077856768
2024-06-03,0.0
2024-06-04,9.287602898397372e-05
2024-06-05,0.00040257158356324575
2024-06-06,0.00024762573459524484
2024-06-07,0.0002205521245668343
2024-06-10,0.0008855314559608585
2024-06-11,0.0004934573429575545
2024-06-12,0.0001649205640532054
2024-06-13,0.00016259431736268201
2024-06-14,0.0011887851380986572
2024-06-17,0.00016034914159742116
2024-06-18,7.846408350967475e-05
2024-06-19,0.0003375513057397081
2024-06-20,0.00031952151979544206
2024-06-21,0.00025650952004907876
2024-06-24,0.0015437240563670178
2024-06-25,0.0002212757810908011
2024-06-26,0.00030964489701666877
2024-06-27,0.00011959973355823513
2024-06-28,0.0004170950614739174
2024-07-01,0.00024864672475257164
2024-07-02,9.973790386117777e-05
2024-07-03,6.49852873568301e-05
2024-07-04,0.00013681262258051393
2024-07-05,0.00013559101088263188
2024-07-08,6.421678306239318e-05
2024-07-09,0.0010095902233823357
2024-07-10,0.0002118358944364931
2024-07-11,5.9199602387839114e-05
2024-07-12,0.0010572749341472665
2024-07-15,0.0002529465146463999
2024-07-16,0.0004934573429575545
2024-07-17,0.0017776303771007524
2024-07-18,0.0002944676238050888
2024-07-19,0.0004053146694652663
2024-07-22,0.0007308394047145432
2024-07-23,0.001969120390255331
2024-07-24,0.0005992258715140458
2024-07-25,0.0002887936700334031
2024-07-26,2.8753073374578065e-05
2024-07-29,6.327517321708716e-05
2024-07-30,0.00037647941521501573
2024-07-31,0.00020387562163828637
2024-08-01,0.0017063283885389315
2024-08-02,0.0017833189286358946
2024-08-05,0.001347011302469401
2024-08-06,0.0003852556401492676
2024-08-07,0.0001126273352302048
2024-08-08,0.0001786920322942089
2024-08-09,0.0001084072731931809
2024-08-12,7.256895631188127e-05
2024-08-13,5.70678804751818e-05
2024-08-14,8.833454138678977e-05
2024-08-15,0.00013086460632663895
2024-08-16,0.0005548115838144644
2024-08-19,0.00010282334139051516
2024-08-20,0.0002433559252671703
2024-08-21,8.381537438942484e-05
2024-08-22,8.407150450936629e-05
2024-08-23,0.0004387616563118602
2024-08-26,0.00023967949956017805
2024-08-27,2.1243691183320806e-05
2024-08-28,0.00012484830925390218
2024-08-29,5.565881512707294e-05
2024-08-30,8.751088048870187e-05
2024-09-04,7.326010872701598e-05
2024-09-05,0.00017756098010677967
2024-09-06,0.0001325424433235701
2024-09-09,7.349268825290038e-05
2024-09-10,0.00017314248608157963
2024-09-11,8.861168053733189e-05
2024-09-12,4.308052677971578e-05
2024-09-13,8.945096876668572e-05
2024-09-16,0.00020480789677034997
2024-09-17,0.00018215079867288267
2024-09-18,0.00012962704878129058
2024-09-19,0.00012840696389226244
2024-09-20,2.1707662928817727e-05
2024-09-23,4.2812733308299414e-05
2024-09-24,8.945096876668572e-05
2024-09-25,1.4044985328808787e-05
2024-09-26,0.00021722155255187687
2024-09-27,0.00016279177520596137
2024-09-30,0.00013518744122128658
2024-10-01,0.00011709870199853138
2024-10-02,5.173113157279417e-05
2024-10-03,0.00034454294081517764
2024-10-04,0.00026035276813364197
2024-10-07,5.2514351124262585e-05
2024-10-08,3.9904559061806075e-05
2024-10-09,0.00013518744122128658
2024-10-10,3.8617377336138626e-05
2024-10-11,2.9539008898299916e-05
2024-10-14,0.00011501687814245794
2024-10-15,6.557075517899347e-05
2024-10-16,9.824700657163627e-05
2024-10-17,9.883932772554269e-05
2024-10-18,6.557075517899347e-05
2024-10-21,0.00011501687814246075
2024-10-22,0.00047415048655687845
2024-10-23,0.00018659710967683217
2024-10-24,5.299285104081153e-05
2024-10-25,6.799356613544748e-05
2024-10-28,4.125718624377152e-05
2024-10-29,0.00016229880354480682
2024-10-30,6.67656787240244e-05
2024-10-31,2.0606251430580355e-05
2024-11-01,6.616417079753852e-05
2024-11-04,0.00013888564462428084
2024-11-05,8.156195465163642e-05
2024-11-06,0.0011040526788208419
2024-11-07,0.00047173502926005844
2024-11-08,0.0005425816407463848
2024-11-11,0.000863251097739755
2024-11-12,0.00021751802933371258
2024-11-13,0.000328526782298428
2024-11-14,0.00044654165254015126
2024-11-15,0.000704820949043386
2024-11-18,0.000396405294866414
2024-11-19,0.0012522335186399068
2024-11-20,0.0004991223888437681
2024-11-21,0.0001842149896198574
2024-11-22,7.134929148930297e-05
2024-11-25,7.094956325181421e-05
2024-11-26,0.00027075915751201464
2024-11-27,9.963745825215283e-05
2024-11-28,0.0002223454081314337
2024-11-29,0.00039422385464744767
2024-12-02,0.00021170173367467544
2024-12-03,0.0002634899021241484
2024-12-04,0.00013157975561527973
2024-12-05,0.0020234540813944646
2024-12-06,0.0008039912263130877
2024-12-09,0.0002680813722248943
2024-12-10,0.0006039368429232973
2024-12-11,0.0006853256315857745
2024-12-12,0.00021353730459787375
2024-12-13,0.0006953947140775806
2024-12-16,0.0005440881440275531
2024-12-17,0.0006690233010088646
2024-12-18,0.00021353730459787
2024-12-19,0.0003090091484259769
2024-12-20,0.0006787339333348725
2024-12-23,0.00014004595168657974
2024-12-24,0.00017681290094644512
2024-12-25,0.00010643311203914382
2024-12-26,0.000758097040244958
2024-12-27,0.0004441339302217518
2024-12-30,0.00011531086653863884
2024-12-31,0.0002762365150952834
2025-01-02,0.00014720877268361337
2025-01-03,0.00023236394146303345
2025-01-06,0.0009943152523093424
2025-01-07,0.0003733655993953899
2025-01-08,0.00020394296366928633
2025-01-09,0.00016328699639187855
2025-01-10,0.000594548772508185
2025-01-13,0.00038567572657660914
2025-01-14,0.00017233239935830023
2025-01-15,0.00026636205895435704
2025-01-16,0.00026636205895435704
2025-01-17,6.498528735683436e-05
2025-01-20,0.0001240228208421359
2025-01-21,0.000367430398555248
2025-01-22,0.00013086460632663895
2025-01-23,2.403516975197337e-05
2025-01-24,0.0009489334022113946
2025-01-27,0.0
2025-01-28,0.0
2025-01-29,0.0
2025-01-30,0.0
2025-01-31,0.0
2025-02-03,0.00011365968743652314
2025-02-04,0.000507804652547812
2025-02-05,0.00018737769478813836
2025-02-06,0.0002978625024752067
2025-02-07,7.553941417365605e-05
2025-02-10,0.0005352554613907282
2025-02-11,8.107354251403114e-05
2025-02-12,0.0003972030372357624
2025-02-13,0.0005514785404128077
2025-02-14,7.963434284092373e-05
2025-02-17,7.91631175083802e-05
2025-02-18,0.00011299008287264553
2025-02-19,0.000197370352987154
2025-02-20,0.00014806221347482174
2025-02-21,0.00029958200100701105
2025-02-24,0.00014892309772469834
2025-02-25,0.0001480622134748186
2025-02-26,4.876715631545536e-05
2025-02-27,0.00024057044915363367
2025-02-28,0.00010361707263958218
2025-03-03,0.00014305026825760654
2025-03-04,0.00014720877268361652
2025-03-05,0.00010909397132349213
2025-03-06,0.0001480622134748186
2025-03-07,0.00035127898424068294
2025-03-10,0.00035733640700351974
2025-03-11,0.00024476684087042754
2025-03-12,7.46723680309136e-05
2025-03-13,0.00010722105544915411
2025-03-14,4.848485155999002e-05
2025-03-17,7.597861130870828e-05
2025-03-18,0.00024195717451177678
2025-03-19,0.00010783996555598462
2025-03-20,0.00014979151224712693
2025-03-21,0.00020087941627580118
2025-03-24,0.00020693936712623694
2025-03-25,0.00011570460771855333
2025-03-26,0.00015796107596924647
2025-03-27,5.267312844666116e-05
2025-03-28,5.299285104081153e-05
2025-03-31,0.0001618080678041483
2025-04-01,5.267312844666116e-05
2025-04-02,1.3168041726449e-05
2025-04-03,6.044072998304418e-05
2025-04-04,1.7515166114442294e-05
2025-04-08,0.000316687225314699
2025-04-09,0.0010876984415918126
2025-04-10,0.0
2025-04-11,0.0001656281779142473
2025-04-14,0.0010687454972743316
2025-04-15,0.0003827494758500126
2025-04-16,0.0006663220754441087
2025-04-17,0.00033236621318696093
2025-04-18,0.0006406479955801485
2025-04-21,0.00037057807858908217
2025-04-22,0.0021149766133057267
2025-04-23,0.00031102910097836905
2025-04-24,0.0014276006376431002
2025-04-25,0.00029919860575175185
2025-04-28,0.0002481673509074611
2025-04-29,0.00039553055105915344
2025-04-30,0.0
2025-05-01,0.0
2025-05-02,0.0
2025-05-05,0.0
2025-05-06,0.00019188089856745296
2025-05-07,0.0033868519597281387
2025-05-08,0.00045275949313690073
2025-05-09,0.0003753759880485664
2025-05-12,0.0
2025-05-13,0.00048663564635295246
2025-05-14,0.0003070088107104904
2025-05-15,0.0001931517429455231
2025-05-16,0.002049299042348
2025-05-19,0.00019969940147627645
2025-05-20,0.00019969940147627645
2025-05-21,0.0010264030992344743
2025-05-22,0.00031931026964875147
2025-05-23,0.0001452458792636517
2025-05-26,0.00285823563762516
2025-05-27,0.00285823563762516
2025-05-28,0.0002199118504837692
2025-05-29,0.00042494147835936
2025-05-30,0.00042494147835936
2025-06-02,0.000699289007076626
2025-06-03,0.000699289007076626
2025-06-04,0.00027577374847882253
2025-06-05,0.00033942784152591823
2025-06-06,0.00021856049232150325
2025-06-09,0.00012840696389226542
2025-06-10,0.00012840696389226542
2025-06-11,0.0002862300862392801
2025-06-12,0.00021991185048376538
2025-06-13,0.0001668176961466398
2025-06-16,0.0006532958765024985
2025-06-17,0.0006532958765024985
2025-06-18,0.00015796107596924647
2025-06-19,0.000210707900055515
2025-06-20,0.00011923756473188318
2025-06-23,0.00042649286626031174
2025-06-24,0.00042649286626031174
2025-06-25,0.00046395764309595483
2025-06-26,0.00046395764309596036
2025-06-27,0.0007555206840172563
2025-06-30,0.0013385568300857604
2025-07-01,0.0013385568300857604
2025-07-02,0.0017011220805160678
2025-07-03,0.0015870591919117786
2025-07-04,0.004356695210410863
2025-07-07,0.0019645995890444036
2025-07-08,0.0019645995890444036
2025-07-09,0.0004145278370354404
2025-07-10,0.00089233062540248
2025-07-11,0.0015900075946631027
2025-07-14,0.000495944675348228
2025-07-15,0.000495944675348228
2025-07-16,0.00017891953934518035
2025-07-17,0.0003445429408151729
2025-07-18,0.0009612226588542613
2025-07-21,0.0007311332792358233
2025-07-22,0.0007311332792358233
2025-07-23,0.0016954696082083233
2025-07-24,0.0009368783590524396
2025-07-25,0.0005313987247741469
2025-07-28,0.0007098048921982791
2025-07-29,0.0007098048921982791
2025-07-30,0.0025966307430116543
2025-07-31,0.0018417385501288425
2025-08-01,0.0006849937702418514
2025-08-04,0.002350235642908884
2025-08-05,0.002350235642908884
2025-08-06,0.0028884782618898673
2025-08-07,0.0014549408911935587
2025-08-08,0.0006437298174230873
2025-08-11,0.0011783515695972407
2025-08-12,0.0011783515695972407
2025-08-13,0.0005466129635803672
2025-08-14,0.0004575564909706562
2025-08-15,0.0005041597201900257
2025-08-18,0.0011137635858495503
2025-08-19,0.0011137635858495503
2025-08-20,0.0009489334022113946
2025-08-21,0.0017941724038593252
2025-08-22,0.0009241844824466363
2025-08-25,0.0014665650135286552
2025-08-26,0.0014665650135286552
2025-08-27,0.0012850637506150887
2025-08-28,0.0003178635798964725
2025-08-29,0.0016128959359999829
2025-09-01,0.0
2025-09-02,0.0
2025-09-03,0.0004858240668314981
2025-09-04,0.0004858240668314981
2025-09-05,0.0004770291143184547
2025-09-08,0.0016502137340558705
2025-09-09,0.0016502137340558705
2025-09-10,0.0011616876911243882
2025-09-11,0.0001954312980249155
2025-09-12,0.0009556843322427632
2025-09-15,0.0
2025-09-16,0.0009754413412257164
2025-09-17,0.000783235494227931
2025-09-18,0.00016445133784114612
2025-09-19,0.0002955222615934891
2025-09-22,0.001195931985111627
2025-09-23,0.001195931985111627
2025-09-24,0.0011959319851116443
2025-09-25,0.00029872039582689875
2025-09-26,0.00022304813201033804
2025-09-29,0.00022706374062455298
2025-09-30,0.00022706374062455298
2025-10-01,0.0009960581744027574
2025-10-02,0.001115641946847684
2025-10-03,0.0007175763642488253
2025-10-06,0.0007952705870216436
2025-10-07,0.0007952705870216436
2025-10-08,0.0013601078221207286
2025-10-09,0.001258717880626641
2025-10-10,0.0010382404148147676
2025-10-13,0.0011573612140354233
2025-10-14,0.0011573612140354233
2025-10-15,0.001160352085737059
2025-10-16,0.0005105027856681663
2025-10-17,0.0007311332792358166
2025-10-20,0.003329084026798314
2025-10-21,0.003329084026798314
2025-10-22,0.0015223804016968427
2025-10-23,0.00027075915751201464
2025-10-24,0.00042824436214114177
2025-10-27,0.001397960068602543
2025-10-28,0.001397960068602543
2025-10-29,0.0018156853907326065
2025-10-30,0.00026799833248149994
2025-10-31,0.0004268423047006959
2025-11-03,0.000899059669141855
2025-11-04,0.0018975697246219963
2025-11-05,0.0018975697246219963
2025-11-06,0.00021836845846526207
2025-11-07,0.0014642290687835542
2025-11-10,0.0010999149705307747
2025-11-11,0.0006486857200020537
2025-11-12,7.282698774753273e-05
2025-11-13,0.00044103289641539656
2025-11-14,8.945096876668572e-05
2025-11-17,5.3176858378926505e-05
2025-11-18,0.0013079152597626166
2025-11-19,0.00034374359598629
2025-11-20,0.0008499732911911781
2025-11-21,0.0006358557866780769
2025-11-24,0.00043680363386210466
2025-11-25,0.00029796323914414323
2025-11-26,0.00041452783703543514
2025-11-27,0.000261718332223193
2025-11-28,0.00017541585152510314
2025-12-01,0.00020172869938104955
2025-12-02,0.000676123859772005
2025-12-03,0.00011024137302704707
2025-12-04,0.00011024137302704707
2025-12-05,0.00027930253234220595
2025-12-08,0.00025742410055122996
2025-12-09,0.0005230787407928952
2025-12-10,0.000264920141883489
2025-12-11,9.536377930874998e-05
2025-12-12,0.0004894102830529136
2025-12-15,0.0003238448438996581
2025-12-16,0.0013057295322670254
2025-12-17,9.818152196857114e-05
2025-12-18,9.818152196857114e-05
2025-12-19,4.387610370290647e-05
2025-12-22,0.00017046416410772285
2025-12-23,0.00023118877891545173
2025-12-24,0.00012278367136260123
2025-12-25,0.00012278367136260123
2025-12-26,0.00024793501224994435
2025-12-29,0.00021337751533276482
2025-12-30,4.6050807287981636e-05
2025-12-31,0.00047520799432571514
2026-01-01,0.0
2026-01-02,0.0
2026-01-05,0.0008021626355556661
2026-01-06,0.0001125469618902863
2026-01-07,0.00016487782419083322
2026-01-08,0.0005016883854755438
2026-01-09,0.00020611565022094936
2026-01-12,0.0007649846799065537
2026-01-13,0.000967225035539804
2026-01-14,0.0005527447204106196
2026-01-15,0.0002830315915225396
2026-01-16,0.00015625765148858615
2026-01-19,0.001113763585849559
2026-01-20,0.0005288177096375005
2026-01-21,0.0006192915271084505
2026-01-22,0.0007126766331421704
2026-01-23,0.0011319566935135625
2026-01-26,0.0002433559252671703
2026-01-27,0.00024608799292407285
2026-01-28,0.0002078959604810305
2026-01-29,0.0014915669802919081
2026-01-30,0.00031367269395889824
2026-02-02,0.000520843560835954
2026-02-03,0.0008585767158993226
2026-02-04,0.000948933402211387
2026-02-05,0.0008585767158993226
2026-02-06,0.0009020602825052611
2026-02-09,0.000396405294866414
2026-02-10,0.002136271350037111
2026-02-11,0.00038333695672185876
2026-02-12,8.280247031982733e-05
2026-02-13,4.675253892875232e-05
2026-02-16,0.0
2026-02-17,0.0
2026-02-18,0.0
2026-02-19,0.0
2026-02-20,0.0
2026-02-23,4.4037862078486246e-05
2026-02-24,0.0001729619738969228
2026-02-25,0.0006184807708303904
2026-02-26,0.00037403393060021875
2026-02-27,0.0002354272595532108
2026-03-02,0.0022334625701651628
2026-03-03,0.0022334625701651628
2026-03-04,0.0004339222486483251
2026-03-05,0.0003862947501081552
2026-03-06,0.000574929319953172
2026-03-09,8.262352789395111e-05
2026-03-10,0.0019114869438582715
2026-03-11,0.0008007313338126875
2026-03-12,0.0004024984913984727
2026-03-13,0.00040082285098517746
2026-03-16,0.0002263869789826373
2026-03-17,0.00035597684498148765
2026-03-18,0.000191421881546614
2026-03-19,0.00010630263293360142
2026-03-20,0.0001354114237881191
2026-03-23,0.00154323805852065
2026-03-24,0.0003113416202109884
2026-03-25,0.0003911999645578224
2026-03-26,8.40715045093687e-05
2026-03-27,0.00043080326028878787
2026-03-30,0.0005500068219733946
2026-03-31,0.00026962137350505945
2026-04-01,0.00015720815454379878
2026-04-02,0.00012921842873864055
2026-04-03,0.00012921842873864055
2026-04-06,0.0005405826841054308
2026-04-07,0.00060363086999137
2026-04-08,0.00039259957057169117
2026-04-09,0.0009955214028246142
2026-04-10,0.00014256311869412369
2026-04-13,0.00012094190167687344
2026-04-14,0.0003346198854358187
2026-04-15,0.0004212217111379005
2026-04-16,0.00021722155255187687
2026-04-17,0.000245312769755848
2026-04-20,0.0002772320887199816
2026-04-21,0.00014199791618423204
2026-04-22,0.00011851814498509804
2026-04-23,0.0005435323873005662
2026-04-24,0.00025338101814840374
2026-04-27,0.0
2026-04-28,9.693359740133352e-05
2026-04-29,0.0005094373233154328
2026-04-30,0.0
2026-05-01,0.0
2026-05-04,7.623130300806137e-05
2026-05-05,0.00027305643946287666
2026-05-06,0.00019632514296663445
2026-05-07,0.0001286766007718739
2026-05-08,0.00047499443080962307
2026-05-11,8.121264021112251e-05
2026-05-12,0.00013717775305348645
2026-05-13,0.0001712077952892799
2026-05-14,6.163168562753178e-05
2026-05-15,4.308052677971578e-05
2026-05-18,4.345967911691798e-05
2026-05-19,8.555788153295249e-05
2026-05-20,0.0005983221527411332
2026-05-21,0.0001813348262950956
2026-05-22,0.00018215079867288267
2026-05-25,8.904982734508145e-05
2026-05-26,8.945096876668572e-05
2026-05-27,6.616417079753852e-05
2026-05-28,8.945096876668572e-05
2026-05-29,0.00012032903908737878
2026-06-01,0.0002757737484788268
2026-06-02,0.0003335768896760357
2026-06-03,0.0003415201719273628
2026-06-04,4.980413737904994e-05
2026-06-05,0.00016290162947401316
2026-06-08,0.00048168974895391315
2026-06-09,0.00010695743820427854
2026-06-10,7.72440144828592e-05
2026-06-11,7.72440144828592e-05
2026-06-12,0.00017170625610312562
2026-06-15,5.273684106506473e-05
2026-06-16,5.2482681820162656e-05
2026-06-17,0.0012283988091309629
2026-06-18,0.00022907484027605418
2026-06-19,0.00019238772689116347
2026-06-22,0.00028224034521004426
2026-06-23,0.0004441339302217464
2026-06-24,0.0007160236354063629
2026-06-25,0.0019631351450195545
2026-06-26,0.00018297229120549415
2026-06-29,0.000479205324743285
2026-06-30,0.00028224034521004426
2026-07-01,0.00028224034521004426
2026-07-02,0.0002783334490936401
2026-07-03,0.0002875788152312409
2026-07-06,0.0005388426456573311
2026-07-07,7.83869850857332e-05
2026-07-08,0.000723356857136208
2026-07-09,0.00022657616692720427
2026-07-10,0.0005889552877360028
2026-07-13,0.0009891138505845228
2026-07-14,0.0003635518808054429
2026-07-15,0.0005055089570386341
2026-07-16,0.0008775056220490509
2026-07-17,0.00017233239935830023
2026-07-20,0.002258797150467739
2026-07-21,0.0015453598212401638
2026-07-22,0.0009598454315923544
2026-07-23,0.00125610856109547
2026-07-24,0.00031204651306165963
2026-07-27,0.0011783515695972407
2026-07-28,0.0018023113941956583
2026-07-29,7.869606250187087e-05
2026-07-30,0.0005872587727742492
2026-07-31,0.0006683833489021818
2026-08-03,0.0001950818141144215
2026-08-04,0.00010722105544915683
2026-08-05,0.0001863144695427946
2026-08-06,0.00010783996555598462
2026-08-07,0.00029786250247521115
2026-08-10,0.00035733640700352467
2026-08-11,0.00013984903782383778
2026-08-12,0.0008158757254870445
2026-08-13,0.00034152017192735803
2026-08-14,0.0005872587727742492
