date,open,high,low,close,volume
2010-02-22,13.556744394479033,13.782689882383528,13.5002578125,13.5002578125,2803143
2010-02-23,13.387284094221265,13.443770673861383,13.104852036032264,13.2178251953125,1631018
2010-02-24,13.104851787727982,13.33079810200734,12.991879470599882,13.2743115234375,1926440
2010-02-25,13.274312284487577,13.330798866295934,12.99188021545741,13.1048525390625,3448686
2010-02-26,13.104851787727982,13.2743115234375,13.048365209158142,13.2743115234375,1722858
2010-03-01,13.443770978782393,13.669717302467609,13.387284397861093,13.556744140625,5270267
2010-03-02,13.613230499690449,13.613230499690449,13.3872841796875,13.3872841796875,2809082
2010-03-03,13.556743888877646,13.726202788483109,13.500257309005294,13.61323046875,4366108
2010-03-04,13.66971781655759,13.72620355959159,13.443771484375,13.443771484375,2830264
2010-03-05,13.443771484375,13.500258067420647,13.387284901329352,13.443771484375,2514985
2010-03-08,13.556744394479033,13.669717558437094,13.44377123052097,13.5002578125,3420499
2010-03-09,13.500257559703698,13.613230721546303,13.443770978782393,13.556744140625,4026236
2010-03-10,13.556744394479033,13.669717558437094,13.44377123052097,13.5002578125,3770513
2010-03-11,13.556743919689712,13.613230499690449,13.3872841796875,13.3872841796875,3911508
2010-03-12,13.5002578125,13.5002578125,13.38728464854194,13.5002578125,3428707
2010-03-15,13.613231233511945,13.66971781655759,13.443771484375,13.443771484375,4319739
2010-03-16,13.330798127770016,13.38728386643744,13.048365234375,13.048365234375,5070461
2010-03-17,13.048364892511584,13.104851469710656,12.878906000925928,12.935392578125,4051301
2010-03-18,12.935392578125,12.991879155324073,12.822419423726856,12.935392578125,3085728
2010-03-19,12.935393335266118,12.935393335266118,12.76593359375,12.76593359375,3696048
2010-03-22,12.76593359375,12.878906754760749,12.709447853256233,12.76593359375,2957204
2010-03-23,12.765933003507104,12.93539273718812,12.652960687731326,12.709447265625,3414895
2010-03-24,12.765934314741887,12.87890748213311,12.709448571057932,12.8224208984375,1864417
2010-03-25,12.765934240787608,12.822420824155987,12.6529619140625,12.6529619140625,4285339
2010-03-26,12.53998828125,12.652961443787865,12.53998828125,12.53998828125,2640752
2010-03-29,12.539988535539385,12.65296170036815,12.483501953125,12.483501953125,3012938
2010-03-30,12.48350187491991,12.539988456980424,12.31404296875,12.31404296875,3700602
2010-03-31,12.314042242792926,12.427014560242196,12.2575556640625,12.2575556640625,2456022
2010-04-01,12.257556214916953,12.709448025056798,12.20106963364802,12.53998828125,3763386
2010-04-02,12.539987806700132,12.596474385831447,12.4270146484375,12.4270146484375,2469880
2010-04-05,12.596474385831447,12.596474385831447,12.4270146484375,12.4270146484375,2351985
2010-04-06,12.483501699981067,12.53998828125,12.427015118712134,12.53998828125,3336456
2010-04-07,12.596474609375,12.596474609375,12.483501449107491,12.596474609375,2704375
2010-04-08,12.539987806700132,12.596474385831447,12.4270146484375,12.4270146484375,2039477
2010-04-09,12.539988535539385,12.596475117953768,12.427015370710617,12.483501953125,3028547
2010-04-12,12.539987806700132,12.539987806700132,12.4270146484375,12.4270146484375,3001746
2010-04-13,12.427015370710617,12.483501953125,12.314043045893484,12.483501953125,2274444
2010-04-14,12.370529296875,12.427015037764376,12.257556135073024,12.370529296875,2739140
2010-04-15,12.427015292859396,12.427015292859396,12.257556386689489,12.31404296875,2704359
2010-04-16,12.427014560242196,12.427014560242196,12.2575556640625,12.2575556640625,1840022
2010-04-19,12.257556169935793,12.257556169935793,12.1445830078125,12.1445830078125,1907740
2010-04-20,12.088096344783128,12.25755608681898,11.9751240234375,11.9751240234375,2868486
2010-04-21,12.031609965456356,12.144582280805206,11.91863681009594,12.088095703125,2768180
2010-04-22,12.2575564634791,12.65296170036815,12.201069881064717,12.483501953125,3112011
2010-04-23,12.483501953125,12.483501953125,12.483501953125,12.483501953125,0
2010-04-26,12.596474862518932,12.596474862518932,12.427015118712134,12.53998828125,3831790
2010-04-27,12.427015118712134,12.53998828125,12.37052937745482,12.53998828125,2490574
2010-04-28,12.4270146484375,12.483501227568818,12.314042330186457,12.4270146484375,3120950
2010-04-29,12.427015292859396,12.427015292859396,12.31404296875,12.31404296875,3148315
2010-04-30,12.31404296875,12.31404296875,12.31404296875,12.31404296875,0
2010-05-03,12.31404296875,12.31404296875,12.31404296875,12.31404296875,0
2010-05-04,12.539988571126033,12.8789072265625,12.539988571126033,12.8789072265625,11503092
2010-05-05,12.822420174255372,13.274311978286748,12.76593359375,12.76593359375,6177136
2010-05-06,12.87890748213311,12.935394065828724,12.765934314741887,12.8224208984375,2830949
2010-05-07,12.70944849743088,12.765934240787608,12.539988747325742,12.6529619140625,4958490
2010-05-10,12.539988456980424,12.596475039040936,12.31404296875,12.31404296875,4438228
2010-05-11,12.483501953125,12.539988535539385,12.370529628307867,12.483501953125,3337979
2010-05-12,12.370528909317771,12.4270146484375,12.25755575105514,12.4270146484375,3729169
2010-05-13,12.31404296875,12.427015292859396,12.257556386689489,12.31404296875,4532108
2010-05-14,12.314042242792926,12.370528821523353,12.2575556640625,12.2575556640625,2947732
2010-05-17,12.20106925002966,12.25755582952258,11.975123772069583,12.0316103515625,3648096
2010-05-18,11.9186376953125,11.975124277188058,11.862151113436942,11.9186376953125,3199222
2010-05-19,11.86215107193083,11.86215107193083,11.523232421875,11.523232421875,3630233
2010-05-20,11.57971818402626,12.088095703125,11.57971818402626,12.088095703125,6512258
2010-05-21,12.088095703125,12.088095703125,11.636204761706468,12.088095703125,3643070
2010-05-24,11.749179041031352,11.8621513671875,11.692692457947455,11.8621513671875,2065806
2010-05-25,11.8621513671875,11.8621513671875,11.8621513671875,11.8621513671875,0
2010-05-26,11.749178965533424,11.805664708242707,11.6926923828125,11.6926923828125,2031696
2010-05-27,11.636205800091576,11.6926923828125,11.57971921737065,11.6926923828125,1346621
2010-05-28,11.862151033919686,11.918637615416587,11.692692129440596,11.7491787109375,3508501
2010-05-31,11.74917823655745,11.805663975762084,11.636205078125,11.636205078125,1433329
2010-06-01,11.636205330441062,11.692691910882123,11.57971875,11.57971875,2133753
2010-06-02,11.4667451171875,11.523231695303776,11.35377280096652,11.4667451171875,4526519
2010-06-03,11.523231919692552,11.636205078125,11.466745340476328,11.636205078125,2223979
2010-06-04,11.466745340476328,11.692691657341223,11.466745340476328,11.636205078125,3861942
2010-06-07,11.46674584019709,11.63620558523082,11.46674584019709,11.523232421875,1894294
2010-06-08,11.749178491323187,11.749178491323187,11.523232169558936,11.57971875,7527139
2010-06-09,11.692691910882123,11.692691910882123,11.57971875,11.57971875,1732924
2010-06-10,11.57971921737065,11.6926923828125,11.57971921737065,11.6926923828125,2128728
2010-06-11,11.749178965533424,11.805664708242707,11.6926923828125,11.6926923828125,1558716
2010-06-14,11.692692129440596,11.805664452422782,11.692692129440596,11.7491787109375,1254903
2010-06-15,11.7491787109375,11.7491787109375,11.7491787109375,11.7491787109375,0
2010-06-16,11.7491787109375,11.862151033919686,11.7491787109375,11.7491787109375,1170784
2010-06-17,11.805664452422782,11.805664452422782,11.692692129440596,11.7491787109375,1500363
2010-06-18,11.692692129440596,11.805664452422782,11.692692129440596,11.7491787109375,2523056
2010-06-21,11.805664531561384,11.9186376953125,11.749178789697456,11.9186376953125,2811153
2010-06-22,12.314042409015496,12.314042409015496,11.975123772069583,12.0316103515625,20905598
2010-06-23,11.975124277188058,12.088096600927548,11.9186376953125,11.9186376953125,1030535
2010-06-24,11.918637950271398,12.03161111643919,11.8621513671875,11.8621513671875,1069884
2010-06-25,11.749178491323187,11.805664231752644,11.57971875,11.57971875,2157189
2010-06-28,11.692691657341223,11.805663975762084,11.636205078125,11.636205078125,1773186
2010-06-29,11.8621513671875,11.8621513671875,11.749179041031352,11.8621513671875,1804388
2010-06-30,11.7491787109375,11.862151033919686,11.7491787109375,11.7491787109375,2436119
2010-07-01,11.749178322880354,11.86215064213124,11.692691743249116,11.8056640625,1841286
2010-07-02,11.86215064213124,11.86215064213124,11.749178322880354,11.8056640625,2899262
2010-07-05,11.749178322880354,11.86215064213124,11.749178322880354,11.8056640625,3139878
2010-07-06,11.749178965533424,11.862151290963634,11.636205800091576,11.6926923828125,7953841
2010-07-07,10.44745137745842,10.568933868366036,10.265228481108696,10.3259697265625,2659182
2010-07-08,10.508192622912228,10.508192622912228,10.265228481108696,10.3259697265625,2258006
2010-07-09,10.325968778942046,10.386710018821592,10.2652275390625,10.2652275390625,1492899
2010-07-12,10.26522756817682,10.32596880822864,10.204486328125,10.204486328125,1095617
2010-07-13,10.325968558162424,10.4474501953125,10.20448608100075,10.4474501953125,2898876
2010-07-14,10.4474501953125,10.508191433893336,10.325968558162424,10.4474501953125,4233891
2010-07-15,10.4474501953125,10.508191433893336,10.325968558162424,10.4474501953125,4179412
2010-07-16,10.447449196911345,10.5081904296875,10.386708804146709,10.5081904296875,3337749
2010-07-19,10.38671070213503,10.56893359375,10.38671070213503,10.56893359375,3319792
2010-07-20,10.56893359375,10.629673997613876,10.508192349874452,10.56893359375,2442910
2010-07-21,10.447449196911345,10.568931662463656,10.447449196911345,10.5081904296875,1731687
2010-07-22,10.5081904296875,10.568931662463656,10.5081904296875,10.5081904296875,2655939
2010-07-23,10.56893359375,10.629673997613876,10.508192349874452,10.56893359375,2631440
2010-07-26,10.56893359375,10.56893359375,10.56893359375,10.56893359375,0
2010-07-27,10.629673997613876,10.629673997613876,10.508192349874452,10.56893359375,4315842
2010-07-28,10.5081904296875,10.629672055228292,10.5081904296875,10.5081904296875,1422616
2010-07-29,10.447449196911345,10.5081904296875,10.325967571370551,10.5081904296875,1407520
2010-07-30,10.3867099609375,10.447450360466927,10.32596872139646,10.3867099609375,1037684
2010-08-02,10.386710972016306,10.386710972016306,10.265228481108696,10.3259697265625,768803
2010-08-03,10.3259697265625,10.386710972016306,10.265228481108696,10.3259697265625,1557276
2010-08-04,10.26522756817682,10.32596880822864,10.204486328125,10.204486328125,1342293
2010-08-05,10.204486299182951,10.2652275390625,10.143745899315023,10.2652275390625,1225392
2010-08-06,10.20448652525126,10.265227766476457,10.0830048828125,10.0830048828125,445500
2010-08-09,10.022262909414223,10.083004146201988,9.718558405498545,9.8400400390625,1687461
2010-08-10,9.84004146189263,9.84004146189263,9.475595668491795,9.5363369140625,3049170
2010-08-11,9.597076144678178,9.718558620946824,9.475594508421125,9.6578173828125,2492333
2010-08-12,9.6578176051489,9.6578176051489,9.41485348702983,9.4755947265625,2556965
2010-08-13,9.2933718479761,9.53633596609517,9.2933718479761,9.4755947265625,2113872
2010-08-16,9.475594508421125,9.718558620946824,9.475594508421125,9.6578173828125,1489259
2010-08-17,9.71855859375,9.71855859375,9.536335719868564,9.71855859375,2121378
2010-08-18,9.657817410181456,9.71855864848791,9.475594535273684,9.597076171875,2657907
2010-08-19,9.597076171875,9.657817410181456,9.536335773580138,9.597076171875,1684799
2010-08-20,9.597076144678178,9.6578173828125,9.536335746555446,9.6578173828125,3207762
2010-08-23,9.536335746555446,9.718558620946824,9.536335746555446,9.6578173828125,1289811
2010-08-24,9.59707731962151,9.657818565192212,9.5363369140625,9.5363369140625,2176111
2010-08-25,9.4755947265625,9.59707636561623,9.41485348702983,9.4755947265625,3798289
2010-08-26,9.475595668491795,9.5363369140625,9.414854422921094,9.5363369140625,1245416
2010-08-27,9.536335773580138,9.657817410181456,9.414853296967229,9.597076171875,1200411
2010-08-30,9.718558405498545,9.96152251263803,9.657817168710777,9.8400400390625,1474744
2010-08-31,9.840040013370826,9.961522486629171,9.718558380124048,9.90078125,1697161
2010-09-01,9.900781275850266,9.96152251263803,9.779298802274736,9.8400400390625,959017
2010-09-02,9.8400400390625,9.8400400390625,9.8400400390625,9.8400400390625,0
2010-09-03,9.8400400390625,9.8400400390625,9.8400400390625,9.8400400390625,0
2010-09-06,9.84004078766036,10.20448655608964,9.7792995462516,10.022263671875,2263458
2010-09-07,9.961522705595778,9.961522705595778,9.71855859375,9.71855859375,1168576
2010-09-08,9.71855864848791,9.71855864848791,9.597076171875,9.597076171875,961198
2010-09-09,9.71855859375,9.71855859375,9.597076117821317,9.71855859375,710274
2010-09-10,9.718559810762915,9.718559810762915,9.5363369140625,9.5363369140625,1105360
2010-09-13,9.597076394764857,9.597076394764857,9.414853515625,9.414853515625,781916
2010-09-14,9.59707636561623,9.59707636561623,9.4755947265625,9.4755947265625,933754
2010-09-15,9.4755947265625,9.53633596609517,9.41485348702983,9.4755947265625,561949
2010-09-16,9.41485348702983,9.53633596609517,9.41485348702983,9.4755947265625,943072
2010-09-17,9.475595668491795,9.59707731962151,9.475595668491795,9.5363369140625,782653
2010-09-20,9.597076117821317,9.71855859375,9.536335719868564,9.71855859375,2105942
2010-09-21,9.71855859375,9.71855859375,9.597076117821317,9.71855859375,1334717
2010-09-22,9.71855859375,9.779298991702753,9.71855859375,9.71855859375,1172867
2010-09-23,9.71855859375,9.71855859375,9.71855859375,9.71855859375,0
2010-09-24,9.71855859375,9.779298991702753,9.657817355785658,9.71855859375,1994436
2010-09-27,9.657817687693466,10.204486328125,9.597076447641646,10.204486328125,2567232
2010-09-28,9.961523933863043,10.3259697265625,9.961523933863043,10.3259697265625,4346204
2010-09-29,10.325969038907155,10.325969038907155,10.022263671875,10.022263671875,829711
2010-09-30,10.022263611662336,10.14374609375,9.961523210630135,10.14374609375,1156936
2010-10-01,10.022263419555932,10.2652275390625,10.022263419555932,10.2652275390625,2132480
2010-10-04,10.204486328125,10.26522756817682,10.022263447981157,10.204486328125,2017306
2010-10-05,10.022263447981157,10.204486328125,9.961523047940952,10.204486328125,2044864
2010-10-06,10.204486299182951,10.2652275390625,10.143745899315023,10.2652275390625,2904583
2010-10-07,10.2652275390625,10.325968778942046,10.143745899315023,10.2652275390625,2007053
2010-10-08,10.143745928084796,10.204486328125,10.083004688032975,10.204486328125,859874
2010-10-11,10.083004852706168,10.14374609375,10.083004852706168,10.14374609375,1448022
2010-10-12,10.143745330343483,10.143745330343483,9.9615224609375,9.9615224609375,1919381
2010-10-13,9.8400400390625,9.96152251263803,9.8400400390625,9.8400400390625,414600
2010-10-14,9.961523533729371,9.961523533729371,9.7792998046875,9.7792998046875,680875
2010-10-15,9.657817355785658,9.840040229667094,9.657817355785658,9.71855859375,681442
2010-10-18,9.718558620946824,9.779299019069557,9.597076144678178,9.6578173828125,749005
2010-10-19,9.657817410181456,9.71855864848791,9.536335773580138,9.597076171875,1721632
2010-10-20,9.53633599505931,9.53633599505931,9.2933718762023,9.414853515625,1783036
2010-10-21,9.41485348702983,9.53633596609517,9.35411308750877,9.4755947265625,1653063
2010-10-22,9.35411328125,9.414853682029108,9.293372040459264,9.35411328125,3250699
2010-10-25,9.354113311298356,9.41485371227258,9.232630829326643,9.2933720703125,1619246
2010-10-26,9.2933718479761,9.59707636561623,9.2933718479761,9.4755947265625,1752957
2010-10-27,9.475594922819845,9.536336163610578,9.35411328125,9.35411328125,2486938
2010-10-28,9.354114017362084,9.5363369140625,9.354114017362084,9.5363369140625,2380926
2010-10-29,9.536335719868564,9.71855859375,9.475594481904222,9.71855859375,3001574
2010-11-01,9.657817410181456,9.71855864848791,9.536335773580138,9.597076171875,945437
2010-11-02,9.597076171875,9.657817410181456,9.475594535273684,9.597076171875,1714835
2010-11-03,9.53633599505931,9.597076394764857,9.414853515625,9.414853515625,1266898
2010-11-04,9.41485348702983,9.53633596609517,9.41485348702983,9.4755947265625,1053459
2010-11-05,9.597076144678178,9.718558620946824,9.536335746555446,9.6578173828125,2097473
2010-11-08,9.657817410181456,9.657817410181456,9.536335773580138,9.597076171875,1902316
2010-11-09,9.53633599505931,9.597076394764857,9.414853515625,9.414853515625,2748993
2010-11-10,9.354113311298356,9.475594953258437,9.2933720703125,9.2933720703125,928344
2010-11-11,9.293372100558544,9.354113341742083,9.232630859375,9.232630859375,1052128
2010-11-12,9.17188885886062,9.17188885886062,8.989665990407659,9.0504072265625,2205921
2010-11-15,9.111148708324558,9.111148708324558,8.807443359375,8.807443359375,1690945
2010-11-16,8.625221644673138,8.807444542517027,8.564480398721274,8.685962890625,1133272
2010-11-17,8.685960959006486,8.807442583882947,8.6252197265625,8.6252197265625,2152971
2010-11-18,8.625220899205006,8.746702540597509,8.5037392578125,8.5037392578125,3543400
2010-11-19,8.685962170528171,8.685962170528171,8.442998046875,8.442998046875,4219078
2010-11-22,8.3822568059588,8.5037392877912,8.3822568059588,8.442998046875,2426101
2010-11-23,8.442998046875,8.564479688695771,8.442998046875,8.442998046875,2383928
2010-11-24,8.442998017110435,8.56447965850294,8.442998017110435,8.5037392578125,2326702
2010-11-25,8.564478494118514,8.74670135143896,8.50373810168604,8.6252197265625,976705
2010-11-26,8.625220731710018,8.685961971232537,8.5644794921875,8.5644794921875,1008525
2010-11-29,8.564478494118514,8.685960959006486,8.564478494118514,8.6252197265625,2022050
2010-11-30,8.807443306396285,9.050407416092131,8.746702068969428,8.92892578125,5669111
2010-12-01,8.928925834959458,8.928925834959458,8.74670212158277,8.807443359375,1326305
2010-12-02,8.807444041588314,9.1111494140625,8.746702799091144,9.1111494140625,1723530
2010-12-03,9.35411308750877,9.53633596609517,9.2933718479761,9.4755947265625,7344592
2010-12-06,9.536336163610578,9.597076564389686,9.35411328125,9.35411328125,6050787
2010-12-07,9.29337114170804,9.354112376624562,9.171888671875,9.171888671875,1832983
2010-12-08,9.111148736298237,9.171889134265369,8.7467021484375,8.7467021484375,3761965
2010-12-09,8.746702799091144,9.1111494140625,8.746702799091144,9.1111494140625,2204065
2010-12-10,9.17188939676799,9.475594755342156,9.17188939676799,9.414853515625,4045673
2010-12-13,9.8400400390625,9.8400400390625,9.779298802274736,9.8400400390625,5761853
2010-12-14,10.325968778942046,10.325968778942046,10.022263419555932,10.2652275390625,21059295
2010-12-15,10.568931662463656,10.751154520780604,10.447449196911345,10.5081904296875,12984517
2010-12-16,10.20448655608964,10.325969038907155,10.022263671875,10.022263671875,4596590
2010-12-17,10.022263447981157,10.204486328125,9.657817687693466,10.204486328125,4502786
2010-12-20,10.20448575312273,10.265226989751904,9.90078125,9.90078125,5940541
2010-12-21,9.840040229667094,9.840040229667094,9.536335719868564,9.71855859375,6871873
2010-12-22,9.840040229667094,9.900781467631436,9.71855859375,9.71855859375,6103396
2010-12-23,9.71855859375,9.71855859375,9.71855859375,9.71855859375,0
2010-12-24,9.4755947265625,9.59707636561623,9.35411308750877,9.4755947265625,3120401
2010-12-27,9.475595668491795,9.59707731962151,9.414854422921094,9.5363369140625,2244255
2010-12-28,9.536335719868564,9.779298991702753,9.536335719868564,9.71855859375,4768055
2010-12-29,9.71855859375,9.779298991702753,9.597076117821317,9.71855859375,4581650
2010-12-30,9.6578173828125,9.718558620946824,9.597076144678178,9.6578173828125,4657045
2010-12-31,9.96152251263803,9.96152251263803,9.657817168710777,9.8400400390625,3561413
2011-01-03,9.8400400390625,9.8400400390625,9.8400400390625,9.8400400390625,0
2011-01-04,9.718559810762915,9.84004146189263,9.5363369140625,9.5363369140625,1336714
2011-01-05,9.718558874199166,9.718558874199166,9.414853515625,9.414853515625,2766878
2011-01-06,9.41485348702983,9.4755947265625,9.35411308750877,9.4755947265625,1070679
2011-01-07,9.4755947265625,9.53633596609517,9.41485348702983,9.4755947265625,1630660
2011-01-10,9.4755947265625,9.4755947265625,9.4755947265625,9.4755947265625,0
2011-01-11,9.35411328125,9.414853682029108,9.293372040459264,9.35411328125,4149815
2011-01-12,9.2933718479761,9.4755947265625,9.2933718479761,9.4755947265625,1901736
2011-01-13,9.41485348702983,9.59707636561623,9.41485348702983,9.4755947265625,1366976
2011-01-14,9.41485348702983,9.53633596609517,9.41485348702983,9.4755947265625,1078185
2011-01-17,9.53633596609517,9.59707636561623,9.4755947265625,9.4755947265625,2797410
2011-01-18,9.4755947265625,9.53633596609517,9.4755947265625,9.4755947265625,1464633
2011-01-19,9.4755947265625,9.53633596609517,9.41485348702983,9.4755947265625,1802309
2011-01-20,9.475595668491795,9.59707731962151,9.475595668491795,9.5363369140625,2233918
2011-01-21,9.536335773580138,9.840040285089223,9.536335773580138,9.597076171875,2495491
2011-01-24,9.71855864848791,9.71855864848791,9.536335773580138,9.597076171875,2789876
2011-01-25,9.5363369140625,9.59707731962151,9.475595668491795,9.5363369140625,4219914
2011-01-26,9.597076171875,9.597076171875,9.475594535273684,9.597076171875,499540
2011-01-27,9.597076171875,9.597076171875,9.536335773580138,9.597076171875,573306
2011-01-28,9.597076171875,9.597076171875,9.475594535273684,9.597076171875,1212646
2011-01-31,9.597076171875,9.597076171875,9.597076171875,9.597076171875,0
2011-02-01,9.597076171875,9.597076171875,9.597076171875,9.597076171875,0
2011-02-02,9.597076171875,9.597076171875,9.597076171875,9.597076171875,0
2011-02-03,9.597076171875,9.597076171875,9.597076171875,9.597076171875,0
2011-02-04,9.597076171875,9.597076171875,9.597076171875,9.597076171875,0
2011-02-07,9.597076171875,9.597076171875,9.597076171875,9.597076171875,0
2011-02-08,9.536335746555446,9.718558620946824,9.536335746555446,9.6578173828125,707782
2011-02-09,9.779299019069557,9.840040257203876,9.6578173828125,9.6578173828125,974382
2011-02-10,9.597076144678178,9.718558620946824,9.597076144678178,9.6578173828125,995568
2011-02-11,9.657817410181456,9.657817410181456,9.536335773580138,9.597076171875,1234710
2011-02-14,9.59707731962151,9.59707731962151,9.475595668491795,9.5363369140625,1418368
2011-02-15,9.475594755342156,9.53633599505931,9.354113115919455,9.414853515625,2200752
2011-02-16,9.414853682029108,9.475594922819845,9.35411328125,9.35411328125,1354784
2011-02-17,9.35411328125,9.414853682029108,9.23263079966853,9.35411328125,2141458
2011-02-18,9.23262990679152,9.354112376624562,9.171888671875,9.171888671875,2490322
2011-02-21,8.928925862373662,8.989666260340796,8.7467021484375,8.7467021484375,4606234
2011-02-22,8.442998746829248,8.685962890625,8.442998746829248,8.685962890625,1832473
2011-02-23,8.685961750470367,8.928925862373662,8.685961750470367,8.7467021484375,2309879
2011-02-24,8.746703296565164,8.746703296565164,8.442998746829248,8.685962890625,2050925
2011-02-25,8.92892578125,8.92892578125,8.685961671554152,8.92892578125,890548
2011-02-28,8.928925862373662,8.989666260340796,8.7467021484375,8.7467021484375,1007746
2011-03-01,8.685962890625,8.746703296565164,8.625221644673138,8.685962890625,675735
2011-03-02,8.62522092961197,8.62522092961197,8.3822568059588,8.442998046875,1794393
2011-03-03,8.442998017110435,8.56447965850294,8.382256776408369,8.5037392578125,1672832
2011-03-04,8.5037392877912,8.564479688695771,8.442998046875,8.442998046875,1004504
2011-03-07,8.442998017110435,8.56447965850294,8.442998017110435,8.5037392578125,781944
2011-03-08,8.5037392877912,8.564479688695771,8.442998046875,8.442998046875,959782
2011-03-09,8.442998046875,8.5037392877912,8.3822568059588,8.442998046875,1773746
2011-03-10,8.442998017110435,8.56447965850294,8.442998017110435,8.5037392578125,927452
2011-03-11,8.503739992781112,8.868185788468889,8.503739992781112,8.685962890625,3119778
2011-03-14,8.62522092961197,8.685962170528171,8.442998046875,8.442998046875,2202791
2011-03-15,8.442998246251996,8.50373948860257,8.3215166015625,8.3215166015625,2043873
2011-03-16,8.3215166015625,8.442998246251996,8.3215166015625,8.3215166015625,1782951
2011-03-17,8.382255859375,8.442997093431869,8.321515465329664,8.382255859375,2288835
2011-03-18,8.442998017110435,8.625220899205006,8.32151637571793,8.5037392578125,926333
2011-03-21,8.5037392578125,8.56447965850294,8.5037392578125,8.5037392578125,2242230
2011-03-22,8.5037392877912,8.564479688695771,8.442998046875,8.442998046875,1380982
2011-03-23,8.5037392578125,8.5037392578125,8.442998017110435,8.5037392578125,1345720
2011-03-24,8.442997093431869,8.503738327488739,8.382255859375,8.382255859375,342080
2011-03-25,8.442998017110435,8.5037392578125,8.382256776408369,8.5037392578125,1277434
2011-03-28,8.442998017110435,8.56447965850294,8.442998017110435,8.5037392578125,1889883
2011-03-29,8.503739092676591,8.5644794921875,8.442997853154072,8.5644794921875,2035093
2011-03-30,8.442998046875,8.5037392877912,8.442998046875,8.442998046875,1989692
2011-03-31,8.442998017110435,8.56447965850294,8.442998017110435,8.5037392578125,1817207
2011-04-01,8.503738327488739,8.503738327488739,8.382255859375,8.382255859375,655696
2011-04-04,8.321515465329664,8.442997093431869,8.321515465329664,8.382255859375,624924
2011-04-05,8.382255859375,8.442997093431869,8.321515465329664,8.382255859375,792792
2011-04-06,8.3822568059588,8.5037392877912,8.3822568059588,8.442998046875,2412831
2011-04-07,8.382256776408369,8.5037392578125,8.382256776408369,8.5037392578125,3046663
2011-04-08,8.382255859375,8.442997093431869,8.382255859375,8.382255859375,1205835
2011-04-11,8.382255859375,8.382255859375,8.382255859375,8.382255859375,0
2011-04-12,8.382255859375,8.382255859375,8.382255859375,8.382255859375,0
2011-04-13,8.382255859375,8.442997093431869,8.382255859375,8.382255859375,1710062
2011-04-14,8.3822568059588,8.442998046875,8.32151640505423,8.442998046875,4403302
2011-04-15,8.382255859375,8.442997093431869,8.260774231272796,8.382255859375,2828508
2011-04-18,8.260775359211928,8.3215166015625,8.200034116861355,8.3215166015625,2239653
2011-04-19,8.260774438707127,8.321515674289255,8.200033203125,8.200033203125,683707
2011-04-20,8.078552081070411,8.200033719878698,8.078552081070411,8.13929248046875,309934
2011-04-21,8.139291967542873,8.200033203125,8.0785515719723,8.200033203125,1319663
2011-04-22,8.13929248046875,8.200033719878698,8.13929248046875,8.13929248046875,1359683
2011-04-25,8.139291967542873,8.260774438707127,8.139291967542873,8.200033203125,2658474
2011-04-26,8.139292181216854,8.20003341839357,8.017810546875,8.017810546875,1006033
2011-04-27,7.957070056591743,8.017811299469958,7.77484716796875,7.77484716796875,2437401
2011-04-28,7.835587890625,7.896329129470471,7.774846651779528,7.835587890625,2838081
2011-04-29,7.835587890625,7.896329129470471,7.774846651779528,7.835587890625,691482
2011-05-02,7.835587890625,7.835587890625,7.835587890625,7.835587890625,0
2011-05-03,7.835587890625,7.835587890625,7.835587890625,7.835587890625,0
2011-05-04,7.835588347456931,7.89632958984375,7.835588347456931,7.89632958984375,705006
2011-05-05,7.835587890625,7.896329129470471,7.835587890625,7.835587890625,590625
2011-05-06,7.835587890625,7.896329129470471,7.774846651779528,7.835587890625,1315047
2011-05-09,7.835588410846967,7.835588410846967,7.77484716796875,7.77484716796875,568831
2011-05-10,7.653365069476639,7.835587947319938,7.653365069476639,7.71410546875,870184
2011-05-11,7.7141056650877555,7.7141056650877555,7.531882782606558,7.5926240234375,1660795
2011-05-12,7.531882782606558,7.653365264268442,7.531882782606558,7.5926240234375,1732721
2011-05-13,7.531882782606558,7.5926240234375,7.531882782606558,7.5926240234375,827657
2011-05-16,7.53188232421875,7.714105195609926,7.53188232421875,7.53188232421875,630192
2011-05-17,7.53188232421875,7.592623561353001,7.471141927096076,7.53188232421875,1334405
2011-05-18,7.471141927096076,7.53188232421875,7.471141927096076,7.53188232421875,3021541
2011-05-19,7.471141927096076,7.53188232421875,7.471141927096076,7.53188232421875,1295717
2011-05-20,7.531882980540541,7.531882980540541,7.471142578125,7.471142578125,1185089
2011-05-23,7.41040087890625,7.471142117589232,7.288919241551884,7.41040087890625,2041989
2011-05-24,7.288919241551884,7.41040087890625,7.228178002868903,7.41040087890625,4146954
2011-05-25,7.228177734375,7.2889189708017215,7.106695261521557,7.228177734375,3053206
2011-05-26,7.045954445100619,7.3496593672168755,7.045954445100619,7.228177734375,2203896
2011-05-27,7.28891943359375,7.28891943359375,7.228178193310413,7.28891943359375,873979
2011-05-30,7.28891902308731,7.28891902308731,7.1066953125,7.1066953125,511789
2011-05-31,7.1066953125,7.167436549362438,7.045954495643351,7.1066953125,1364611
2011-06-01,7.106695770938024,7.228178252499477,7.106695770938024,7.16743701171875,1765051
2011-06-02,7.228178193310413,7.410401074148804,7.228178193310413,7.28891943359375,2650033
2011-06-03,7.4104006036435965,7.4104006036435965,7.167436497948278,7.228177734375,1117539
2011-06-06,7.167436497948278,7.228177734375,7.106695261521557,7.228177734375,1463217
2011-06-07,7.228177734375,7.2889189708017215,7.167436497948278,7.228177734375,1197423
2011-06-08,7.228178252499477,7.228178252499477,7.106695770938024,7.16743701171875,2801574
2011-06-09,7.16743701171875,7.16743701171875,7.106695770938024,7.16743701171875,1698039
2011-06-10,7.167436497948278,7.2889189708017215,7.167436497948278,7.228177734375,1635574
2011-06-13,7.228177734375,7.2889189708017215,7.167436497948278,7.228177734375,2210452
2011-06-14,7.228178193310413,7.410401074148804,7.228178193310413,7.28891943359375,2982852
2011-06-15,7.228177734375,7.2889189708017215,7.167436497948278,7.228177734375,2781139
2011-06-16,7.228177734375,7.2889189708017215,7.167436497948278,7.228177734375,2146769
2011-06-17,7.228177734375,7.2889189708017215,7.167436497948278,7.228177734375,4798828
2011-06-20,7.167436497948278,7.228177734375,7.167436497948278,7.228177734375,3098055
2011-06-21,7.167436497948278,7.2889189708017215,7.167436497948278,7.228177734375,814728
2011-06-22,7.228177734375,7.228177734375,7.167436497948278,7.228177734375,655314
2011-06-23,7.167436497948278,7.2889189708017215,7.167436497948278,7.228177734375,629540
2011-06-24,7.228178193310413,7.28891943359375,7.228178193310413,7.28891943359375,1010381
2011-06-27,7.228178193310413,7.349659833865466,7.228178193310413,7.28891943359375,824032
2011-06-28,7.28891943359375,7.349659833865466,7.28891943359375,7.28891943359375,895957
2011-06-29,7.28891943359375,7.349659833865466,7.28891943359375,7.28891943359375,854323
2011-06-30,7.28891943359375,7.349659833865466,7.28891943359375,7.28891943359375,671812
2011-07-01,7.288918540776551,7.6533642578125,7.228177307933388,7.6533642578125,3956485
2011-07-04,8.017811234605738,8.017811234605738,7.835588347456931,7.89632958984375,4470172
2011-07-05,7.896329129470471,7.957069528304342,7.835587890625,7.835587890625,1337832
2011-07-06,7.77484716796875,7.896329653725183,7.714105925090534,7.77484716796875,1359485
2011-07-07,7.714105862683294,7.89632958984375,7.714105862683294,7.89632958984375,2750437
2011-07-08,7.896329364153184,8.07855224609375,7.835588123502453,8.07855224609375,2582031
2011-07-11,8.078552502891997,8.382257035776453,8.078552502891997,8.260775390625,3341332
2011-07-12,8.260775390625,8.442998278358003,8.260775390625,8.260775390625,2643477
2011-07-13,8.260775390625,8.382257035776453,8.200034148043446,8.260775390625,2226129
2011-07-14,8.200033203125,8.260774438707127,8.139291967542873,8.200033203125,2099923
2011-07-15,8.260775390625,8.321516633206553,8.200034148043446,8.260775390625,2437175
2011-07-18,8.260775135015866,8.5037392578125,8.260775135015866,8.5037392578125,2864181
2011-07-19,8.5037392877912,8.564479688695771,8.442998046875,8.442998046875,938299
2011-07-20,8.5037392877912,8.5037392877912,8.442998046875,8.442998046875,2114637
2011-07-21,8.3822568059588,8.5037392877912,8.3822568059588,8.442998046875,1730129
2011-07-22,8.442998046875,8.5037392877912,8.3822568059588,8.442998046875,2101538
2011-07-25,8.382255859375,8.382255859375,8.13929176315906,8.382255859375,1306720
2011-07-26,8.32151640505423,8.442998046875,8.260775164138028,8.442998046875,1024046
2011-07-27,8.382255859375,8.442997093431869,8.382255859375,8.382255859375,300375
2011-07-28,8.3822568059588,8.5037392877912,8.3822568059588,8.442998046875,1152631
2011-07-29,8.442998046875,8.5037392877912,8.3822568059588,8.442998046875,1523530
2011-08-01,8.442996869242053,8.6252197265625,8.442996869242053,8.6252197265625,2157135
2011-08-02,8.68596148965658,9.0504072265625,8.68596148965658,9.0504072265625,3233083
2011-08-03,9.050407946380709,9.2933720703125,8.92892630442063,9.2933720703125,6698043
2011-08-04,9.232630859375,9.354113341742083,9.111149217019548,9.232630859375,7220043
2011-08-05,8.989666734652463,9.232630859375,8.989666734652463,9.232630859375,9226361
2011-08-08,9.232630859375,9.293372100558544,9.171889618191456,9.232630859375,4469946
2011-08-09,9.050407042053504,9.171888671875,9.050407042053504,9.171888671875,12036247
2011-08-10,8.824381621413867,9.303223894770776,8.824381621413867,9.029599609375,1343299
2011-08-11,8.892787965921057,9.02959965717174,8.892787965921057,8.961193359375,1367761
2011-08-12,8.824380901226778,8.961192580587612,8.755974609375,8.755974609375,659425
2011-08-15,8.687568317523224,8.755974609375,8.687568317523224,8.755974609375,1546754
2011-08-16,8.755975370327578,8.961193359375,8.755975370327578,8.961193359375,1319405
2011-08-17,8.961193219195021,9.166412109375,8.961193219195021,9.166412109375,1065875
2011-08-18,9.166411991309698,9.303223678658073,9.166411991309698,9.2348173828125,799890
2011-08-19,9.166411946138323,9.3032236328125,9.166411946138323,9.3032236328125,1840423
2011-08-22,9.234817248265722,9.508441523318668,9.234817248265722,9.4400361328125,1653565
2011-08-23,9.440036016586044,9.576847700256703,9.440036016586044,9.50844140625,1269939
2011-08-24,9.508441362557631,9.645253949942369,9.508441362557631,9.57684765625,1105648
2011-08-25,9.508441362557631,9.645253949942369,9.508441362557631,9.57684765625,1675333
2011-08-26,9.57684765625,9.645253949942369,9.508441362557631,9.57684765625,1201290
2011-08-29,9.57684858250401,9.6452548828125,9.57684858250401,9.6452548828125,915541
2011-08-30,9.645253949942369,9.713660243634736,9.57684765625,9.57684765625,867090
2011-08-31,9.57684765625,9.645253949942369,9.440035973208008,9.57684765625,2396096
2011-09-01,9.44003667238242,10.055690648183791,9.44003667238242,9.85047265625,3104487
2011-09-02,9.85047265625,9.85047265625,9.85047265625,9.85047265625,0
2011-09-05,9.782066357491134,9.918878955008866,9.713660963075077,9.85047265625,2039952
2011-09-06,9.645254664316209,9.918878955008866,9.645254664316209,9.85047265625,2386065
2011-09-07,9.85047265625,9.918878955008866,9.782066357491134,9.85047265625,1044594
2011-09-08,9.918878955008866,9.987284349424923,9.85047265625,9.85047265625,2119958
2011-09-09,9.850472705349835,9.918879004449677,9.78206640625,9.78206640625,1398978
2011-09-12,9.508441362557631,9.713660243634736,9.508441362557631,9.57684765625,1311337
2011-09-13,9.440035973208008,9.713660243634736,9.440035973208008,9.57684765625,1078749
2011-09-14,9.57684858250401,9.71366118312099,9.57684858250401,9.6452548828125,2264796
2011-09-15,9.6452548828125,9.71366118312099,9.57684858250401,9.6452548828125,1451192
2011-09-16,9.6452548828125,9.71366118312099,9.6452548828125,9.6452548828125,2345344
2011-09-19,9.57684858250401,9.71366118312099,9.57684858250401,9.6452548828125,1345898
2011-09-20,9.57684858250401,9.71366118312099,9.57684858250401,9.6452548828125,2687396
2011-09-21,9.7136611328125,9.78206652842388,9.645254832858296,9.7136611328125,2427178
2011-09-22,9.7136611328125,9.78206652842388,9.7136611328125,9.7136611328125,2364392
2011-09-23,9.7136611328125,9.78206652842388,9.7136611328125,9.7136611328125,1861758
2011-09-26,9.7136611328125,9.78206652842388,9.7136611328125,9.7136611328125,2218985
2011-09-27,9.71366118312099,9.71366118312099,9.57684858250401,9.6452548828125,2595287
2011-09-28,9.645254832858296,9.78206652842388,9.576848532904092,9.7136611328125,2765399
2011-09-29,9.7136611328125,9.78206652842388,9.7136611328125,9.7136611328125,3830110
2011-09-30,9.713661011492976,9.9872843992067,9.713661011492976,9.78206640625,1218456
2011-10-03,9.850472607827404,9.987284300329794,9.782066309404806,9.91887890625,1858712
2011-10-04,9.91887890625,9.987284300329794,9.850472607827404,9.91887890625,1525811
2011-10-05,9.91887890625,9.987284300329794,9.850472607827404,9.91887890625,1580381
2011-10-06,9.91887890625,9.987284300329794,9.91887890625,9.91887890625,1262507
2011-10-07,9.918878739485306,10.0556904296875,9.918878739485306,10.0556904296875,1178439
2011-10-10,9.987284300329794,10.05569059875239,9.91887890625,9.91887890625,249712
2011-10-11,9.918878955008866,9.918878955008866,9.713660963075077,9.85047265625,1054584
2011-10-12,9.85047265625,9.918878955008866,9.782066357491134,9.85047265625,1037446
2011-10-13,9.85047265625,9.987284349424923,9.782066357491134,9.85047265625,612571
2011-10-14,9.78206652842388,9.78206652842388,9.7136611328125,9.7136611328125,218562
2011-10-17,9.713660454351196,9.713660454351196,9.3716298828125,9.3716298828125,1020524
2011-10-18,9.3032236328125,9.37162992832097,9.234817337304028,9.3032236328125,599508
2011-10-19,9.303223846266182,9.303223846266182,8.961193265219023,9.098005859375,1155317
2011-10-20,9.029599609375,9.09800590680964,9.029599609375,9.029599609375,490274
2011-10-21,9.02959965717174,9.166412252765218,8.961193359375,8.961193359375,941966
2011-10-24,8.961193311940358,9.234817597336134,8.961193311940358,9.029599609375,132613
2011-10-25,9.02959951592168,9.166412109375,8.961193219195021,9.166412109375,236635
2011-10-26,9.166412204244285,9.166412204244285,8.961193311940358,9.029599609375,186451
2011-10-27,8.961193311940358,9.09800590680964,8.961193311940358,9.029599609375,191203
2011-10-28,9.098005650629853,9.37162992832097,9.029599355121382,9.3032236328125,323410
2011-10-31,9.234817501758876,9.303223798485536,9.166412109375,9.166412109375,1066321
2011-11-01,9.166412156452989,9.166412156452989,9.029599562297012,9.098005859375,432360
2011-11-02,9.09800590680964,9.09800590680964,9.029599609375,9.029599609375,555172
2011-11-03,9.029599609375,9.029599609375,8.892787918848509,9.029599609375,538372
2011-11-04,9.029599609375,9.029599609375,8.961193311940358,9.029599609375,605505
2011-11-07,9.440036177988793,9.440036177988793,9.234817292459915,9.3716298828125,1699443
2011-11-08,9.508441568822322,9.508441568822322,9.303223587636207,9.3716298828125,860064
2011-11-09,9.3032236328125,9.3032236328125,9.166411946138323,9.3032236328125,434228
2011-11-10,9.303223587636207,9.3716298828125,9.166411901626386,9.3716298828125,723444
2011-11-11,9.371629722579344,9.782065677934062,9.371629722579344,9.50844140625,2130504
2011-11-14,9.645253994263404,9.645253994263404,9.440036016586044,9.50844140625,2264661
2011-11-15,9.440036016586044,9.50844140625,9.440036016586044,9.50844140625,483397
2011-11-16,9.645254712393136,9.78206640625,9.576848413293297,9.78206640625,2218701
2011-11-17,9.782066309404806,9.987284300329794,9.782066309404806,9.91887890625,2502136
2011-11-18,9.987284085781337,10.1240966796875,9.850472396217958,10.1240966796875,3445469
2011-11-21,10.192503509174914,10.602939503652149,10.192503509174914,10.534533203125,3147644
2011-11-22,10.1240966796875,10.1240966796875,10.1240966796875,10.1240966796875,0
2011-11-23,10.602938730950063,10.602938730950063,10.19250276638385,10.329314453125,1617920
2011-11-24,10.26090836925088,10.26090836925088,10.05569038273442,10.1240966796875,3439134
2011-11-25,9.918878786434018,10.055690477283775,9.645254500391705,9.9872841796875,3146263
2011-11-28,9.918879004449677,9.9872843992067,9.645254712393136,9.78206640625,2708407
2011-11-29,9.713661011492976,9.78206640625,9.576848413293297,9.78206640625,1524593
2011-11-30,9.713660963075077,9.85047265625,9.576848365557344,9.85047265625,2830434
2011-12-01,9.85047265625,9.85047265625,9.713660963075077,9.85047265625,3222940
2011-12-02,9.782065677934062,9.782065677934062,9.50844140625,9.50844140625,2102536
2011-12-05,9.508441568822322,9.576847863998612,9.303223587636207,9.3716298828125,1557435
2011-12-06,9.234817248265722,9.508441523318668,9.234817248265722,9.4400361328125,1198962
2011-12-07,9.166411744901982,9.576847700256703,9.166411744901982,9.50844140625,3585569
2011-12-08,9.508441362557631,9.645253949942369,9.440035973208008,9.57684765625,1646782
2011-12-09,9.57684858250401,9.71366118312099,9.50844228219552,9.6452548828125,1530035
2011-12-12,9.576848112748417,10.1240966796875,9.576848112748417,10.1240966796875,4419980
2011-12-13,9.987284085781337,10.26090836925088,9.91887869317104,10.1240966796875,2068381
2011-12-14,10.05569038273442,10.1240966796875,9.987284085781337,10.1240966796875,3045084
2011-12-15,9.987284085781337,10.1240966796875,9.91887869317104,10.1240966796875,4621675
2011-12-16,10.05569038273442,10.192502976640585,10.05569038273442,10.1240966796875,2006731
2011-12-19,10.12409672695999,10.192503024232485,10.0556904296875,10.0556904296875,1106230
2011-12-20,10.05569038273442,10.1240966796875,9.987284085781337,10.1240966796875,1942346
2011-12-21,10.055690219931057,10.260908203125,10.055690219931057,10.260908203125,1932180
2011-12-22,10.260908112640324,10.397720703125,10.192502721740746,10.397720703125,2885626
2011-12-23,10.260908112640324,10.534532389266914,10.124096426498406,10.397720703125,3013718
2011-12-26,10.39772162835808,10.602939628003496,10.26090902569924,10.4661279296875,3156037
2011-12-27,10.260908644921004,10.8081572265625,10.260908644921004,10.8081572265625,7504932
2011-12-28,10.602938730950063,10.739751322033982,10.329314453125,10.329314453125,1893517
2011-12-29,9.987283879757976,10.329314453125,9.850472193016827,10.329314453125,2928756
2011-12-30,10.260908157583042,10.397720748666956,10.124096470841891,10.329314453125,4878563
2012-01-02,10.329314453125,10.329314453125,10.329314453125,10.329314453125,0
2012-01-03,10.124097160402483,10.602939453125,10.124097160402483,10.602939453125,1295863
2012-01-04,10.534532841819296,10.9449697265625,10.397721149800097,10.9449697265625,3851567
2012-01-05,10.94496982414428,10.94496982414428,10.73975183211442,10.8081572265625,2455567
2012-01-06,10.671345438181298,10.9449697265625,10.671345438181298,10.9449697265625,4171418
2012-01-09,10.944969221907831,11.4922177734375,10.876562926880933,11.4922177734375,4771941
2012-01-10,11.21859310689942,12.039465905600752,11.21859310689942,11.9026533203125,3759025
2012-01-11,12.039466585139808,12.381496258980034,12.039466585139808,12.2446845703125,5049297
2012-01-12,11.971060380594004,12.381496354092278,11.971060380594004,12.1078720703125,6010433
2012-01-13,12.1078720703125,12.17627836734314,12.039466677624644,12.1078720703125,2427652
2012-01-16,12.039466677624644,12.17627836734314,11.902654083563364,12.1078720703125,1822391
2012-01-17,12.039466677624644,12.17627836734314,12.039466677624644,12.1078720703125,1538022
2012-01-18,12.107871977302183,12.2446845703125,12.039466585139808,12.2446845703125,1053420
2012-01-19,12.107871860556056,12.381496139595573,12.107871860556056,12.31308984375,1220513
2012-01-20,12.31308984375,12.449902435441144,12.2446844522472,12.31308984375,855488
2012-01-23,12.31308984375,12.31308984375,12.31308984375,12.31308984375,0
2012-01-24,12.31308984375,12.31308984375,12.31308984375,12.31308984375,0
2012-01-25,12.31308984375,12.31308984375,12.31308984375,12.31308984375,0
2012-01-26,12.31308984375,12.31308984375,12.31308984375,12.31308984375,0
2012-01-27,12.31308984375,12.31308984375,12.31308984375,12.31308984375,0
2012-01-30,12.31308955044965,12.6551201171875,12.31308955044965,12.6551201171875,1605926
2012-01-31,12.655120782469051,12.9971513671875,12.655120782469051,12.9971513671875,1622740
2012-02-01,12.9971513671875,13.06555766499975,12.928745069375251,12.9971513671875,1161693
2012-02-02,12.997151415252723,13.133963107040376,12.9287451171875,12.9287451171875,2448703
2012-02-03,12.860338988372684,12.997151586303676,12.79193359375,12.79193359375,2193440
2012-02-06,12.791933331282603,13.0655576171875,12.723527033720682,13.0655576171875,2107991
2012-02-07,12.99715120109167,13.133962890625,12.99715120109167,13.133962890625,1549123
2012-02-08,13.065557887328172,13.7496181640625,13.065557887328172,13.7496181640625,4023791
2012-02-09,14.365272343089474,14.433677734375,14.29686604746118,14.433677734375,5104395
2012-02-10,14.433677243519814,15.117738367853915,14.433677243519814,14.98092578125,3325865
2012-02-13,15.596581321022729,15.596581321022729,14.2968662109375,14.2968662109375,1893652
2012-02-14,13.681211963531,13.818024562468004,13.6128056640625,13.6128056640625,2454470
2012-02-15,12.9971513671875,12.9971513671875,12.9971513671875,12.9971513671875,772097
2012-02-16,12.38149609375,12.449902389342284,12.38149609375,12.38149609375,8427053
2012-02-17,12.4499021826174,12.791932750556777,12.313089593704548,12.5867138671875,1048452
2012-02-20,13.133962843930147,13.202369140625,12.99715115488322,13.202369140625,599481
2012-02-21,13.8180242279061,13.8180242279061,12.586714484656802,12.9971513671875,2049360
2012-02-22,12.51830909118735,13.06555766499975,12.51830909118735,12.9971513671875,2214044
2012-02-23,12.997151586303676,12.997151586303676,12.58671469685351,12.79193359375,1914919
2012-02-24,12.586714079750818,13.4075869140625,12.586714079750818,13.4075869140625,3046844
2012-02-27,13.886429592163308,14.0232421875,13.61280530583272,14.0232421875,1639310
2012-02-28,14.7073017578125,14.7073017578125,14.365272094280575,14.7073017578125,5263298
2012-02-29,14.707302059260092,15.3913623046875,14.502084076066144,15.3913623046875,7949233
2012-03-01,15.391362686847245,15.459768984391308,14.91252041272437,15.0493330078125,4270282
2012-03-02,14.980926616465284,15.322956293358406,14.912520319349545,15.1861455078125,3998314
2012-03-05,15.391362754067986,15.938611328125,15.391362754067986,15.938611328125,2878695
2012-03-06,16.691078258885295,16.691078258885295,15.25455147644489,15.4597685546875,2798553
2012-03-07,14.912519736800204,15.049332325687171,14.7073017578125,14.7073017578125,4086862
2012-03-08,14.0232421875,14.0232421875,14.0232421875,14.0232421875,539347
2012-03-09,13.339181640625,13.681211313019103,13.339181640625,13.339181640625,4366398
2012-03-12,12.99715142907738,13.8864296875,12.860338832801409,13.8864296875,9756449
2012-03-13,14.433677643975283,14.570490234375,14.160053367518616,14.570490234375,3395340
2012-03-14,15.2545517578125,15.2545517578125,14.912520273290212,15.2545517578125,6143398
2012-03-15,15.322956456225162,15.938611328125,15.117739371382276,15.938611328125,9468479
2012-03-16,15.93861081844281,16.485859375,15.664987444506982,16.485859375,15056217
2012-03-19,16.21223539465916,16.417452465263676,16.075422808465838,16.1438291015625,2430021
2012-03-20,15.733394243282117,15.938611328125,15.733394243282117,15.938611328125,3066311
2012-03-21,16.0754237340543,16.349047113510128,15.938611139983603,16.212236328125,2319068
2012-03-22,15.733394149632328,16.212236422996302,15.733394149632328,16.075423828125,821753
2012-03-23,16.007017437018952,16.28064262516035,15.938611139983603,16.212236328125,1342947
2012-03-26,16.417453125,16.417453125,16.07542345445768,16.417453125,1922189
2012-03-27,16.2122365194963,16.417453604339187,15.938611328125,15.938611328125,4149487
2012-03-28,16.00701753068935,16.14383012556065,15.801798638382396,16.075423828125,1903738
2012-03-29,16.0070166015625,16.14382918849252,15.93861030809749,16.0070166015625,1884812
2012-03-30,16.07542298308163,16.07542298308163,15.8702041015625,15.8702041015625,1113581
2012-04-02,15.8702041015625,15.8702041015625,15.8702041015625,15.8702041015625,0
2012-04-03,15.596580964989649,15.870204335699835,15.596580964989649,15.7333935546875,1143350
2012-04-04,15.664987259838574,15.7333935546875,15.664987259838574,15.7333935546875,737333
2012-04-05,15.596581647596464,15.938611328125,15.596581647596464,15.938611328125,1139248
2012-04-06,16.007017158612108,16.554265716691145,16.007017158612108,16.417453125,3369402
2012-04-09,16.62267196631068,16.62267196631068,16.485859375,16.485859375,1347224
2012-04-10,16.48585896679135,16.96470121583652,16.41745267282983,16.896294921875,2019226
2012-04-11,17.101515473083474,17.306734375,16.96470287180579,17.306734375,1609338
2012-04-12,17.306733519053445,18.12760546875,17.306733519053445,18.12760546875,3082583
2012-04-13,18.40122949995711,18.40122949995711,17.443544921875,17.443544921875,3207182
2012-04-16,16.89629479157305,17.238326258742962,16.622671426522597,17.101513671875,1947423
2012-04-17,17.101513759443517,17.101513759443517,16.964701171875,16.964701171875,1145218
2012-04-18,16.827892178473977,17.785576775695382,16.759485877431636,17.169921875,1901111
2012-04-19,16.89629470642866,17.443543242457334,16.89629470642866,17.238326171875,1212215
2012-04-20,17.30673215188011,17.648761802453556,17.101513276324773,17.51194921875,1321571
2012-04-23,17.443545167592017,17.5803577688697,17.238328074361156,17.306734375,775603
2012-04-24,17.238326347012034,17.238326347012034,16.964701171875,16.964701171875,722631
2012-04-25,17.033109375,17.23832827935696,17.033109375,17.033109375,712126
2012-04-26,17.101513803759566,17.101513803759566,16.896294921875,16.896294921875,1021228
2012-04-27,17.03310770049664,17.03310770049664,16.827890625,16.827890625,807890
2012-04-30,16.827890625,16.827890625,16.827890625,16.827890625,0
2012-05-01,16.827890625,16.827890625,16.827890625,16.827890625,0
2012-05-02,16.759484420094,16.827890715188005,16.554265534811996,16.691078125,915432
2012-05-03,16.554266101488977,16.622672398924628,16.075423828125,16.075423828125,2300386
2012-05-04,15.870204335699835,16.14382951509554,15.7333935546875,15.7333935546875,2734899
2012-05-07,15.870203929175856,16.417452465263676,15.733393151668,16.1438291015625,3989027
2012-05-08,16.48585896679135,16.896294921875,16.41745267282983,16.896294921875,2375370
2012-05-09,17.375138427334726,17.717169921875,17.033108741480074,17.717169921875,4687264
2012-05-10,17.580355510601777,17.853980678008885,17.30673215188011,17.51194921875,2715906
2012-05-11,17.443543464881696,17.443543464881696,16.896294921875,16.896294921875,2518381
2012-05-14,16.759484511400046,16.896295293647874,16.417453034066636,16.554265625,1307600
2012-05-15,16.417452856635702,17.101513995224025,16.417452856635702,16.827890625,2471595
2012-05-16,17.101513358710168,17.511949303112637,17.101513358710168,17.37513671875,2457259
2012-05-17,17.37513717092017,17.37513717092017,16.896294921875,16.896294921875,3049619
2012-05-18,16.827890625,17.03310770049664,16.55426544609047,16.827890625,1700269
2012-05-21,16.827890306824546,17.101513671875,16.827890306824546,17.101513671875,711652
2012-05-22,17.101513585696463,17.511949535546602,16.96470099951793,17.238326171875,1419596
2012-05-23,17.238326258742962,17.375137036925455,17.101513671875,17.101513671875,2046707
2012-05-24,16.89629677209536,17.10151567645232,16.89629677209536,17.033109375,2013500
2012-05-25,17.03310893250919,17.443544921875,17.03310893250919,17.443544921875,1828009
2012-05-28,17.511951571526023,17.580357872568364,17.169921875,17.169921875,753592
2012-05-29,17.0331072926072,17.306732464964266,16.96470099951793,17.238326171875,1959201
2012-05-30,17.44354301093132,17.511949303112637,17.306732235254124,17.37513671875,1948668
2012-05-31,17.169921773722315,17.443545167592017,17.169921773722315,17.306734375,982700
2012-06-01,17.169919650891487,17.37513671875,17.169919650891487,17.37513671875,1132127
2012-06-04,17.16992197790464,17.30673458080928,16.89629677209536,17.033109375,1787938
2012-06-05,17.033109272915322,17.23832817604234,17.033109272915322,17.169921875,2536142
2012-06-06,17.16991987878573,17.306732464964266,17.16991987878573,17.238326171875,489448
2012-06-07,17.238326258742962,17.30673255217695,17.101513671875,17.101513671875,1724677
2012-06-08,17.16991996530898,17.238326258742962,17.033107378441013,17.101513671875,2153342
2012-06-11,16.96470121583652,17.101513803759566,16.896294921875,16.896294921875,3744052
2012-06-12,16.896295156134375,16.96470145104432,16.759484375,16.759484375,3569324
2012-06-13,16.69107879571049,16.759485093553312,15.938611328125,15.938611328125,6370517
2012-06-14,15.186145460908042,15.528175136744762,15.186145460908042,15.2545517578125,7313119
2012-06-15,15.322955694775612,15.870204241637992,14.7073017578125,14.7073017578125,17047651
2012-06-18,15.254551567322803,15.3229560546875,14.980926383121844,15.3229560546875,3791393
2012-06-19,15.32295600884193,15.528174896378644,15.254551521681895,15.3913623046875,751791
2012-06-20,15.391362168960484,15.87020442697133,15.322955873718143,15.5965810546875,3380002
2012-06-21,15.459768839840304,15.528175136744762,15.2545517578125,15.2545517578125,4411140
2012-06-22,15.254551567322803,15.3229560546875,15.117738975222323,15.3229560546875,3158921
2012-06-25,15.186145271272563,15.391362350737742,15.186145271272563,15.3229560546875,1937784
2012-06-26,14.980926570194672,15.391362542935845,14.980926570194672,15.2545517578125,2760255
2012-06-27,15.117739210696762,15.25455180492824,15.049332913581022,15.1861455078125,1767604
2012-06-28,15.1861455078125,15.25455180492824,15.117739210696762,15.1861455078125,2582589
2012-06-29,15.1861455078125,15.25455180492824,15.049332913581022,15.1861455078125,1326553
2012-07-02,15.0493330078125,15.18614560290063,15.0493330078125,15.0493330078125,2660782
2012-07-03,15.0493330078125,15.117739305356563,15.0493330078125,15.0493330078125,2551223
2012-07-04,15.049332913581022,15.1861455078125,15.049332913581022,15.1861455078125,2260464
2012-07-05,15.117739210696762,15.25455180492824,15.117739210696762,15.1861455078125,843860
2012-07-06,15.117739210696762,15.25455180492824,15.117739210696762,15.1861455078125,935887
2012-07-09,15.1861455078125,15.25455180492824,15.117739210696762,15.1861455078125,1461670
2012-07-10,15.117739210696762,15.25455180492824,15.049332913581022,15.1861455078125,1392480
2012-07-11,15.1177392578125,15.254551852470367,15.1177392578125,15.1177392578125,1695098
2012-07-12,15.117739210696762,15.1861455078125,15.117739210696762,15.1861455078125,1668253
2012-07-13,15.1861455078125,15.25455180492824,15.117739210696762,15.1861455078125,1
2012-07-16,15.186145460908042,15.322956246031389,15.186145460908042,15.2545517578125,900365
2012-07-17,15.186145460908042,15.2545517578125,15.186145460908042,15.2545517578125,759467
2012-07-18,15.2545517578125,15.2545517578125,15.186145460908042,15.2545517578125,688178
2012-07-19,15.186145271272563,15.3229560546875,15.186145271272563,15.3229560546875,1211484
2012-07-20,15.3229560546875,15.459768646787982,15.254551567322803,15.3229560546875,689261
2012-07-23,15.32295596340207,15.528174850330217,15.25455147644489,15.4597685546875,1602501
2012-07-24,15.391362259044785,15.4597685546875,15.32295596340207,15.4597685546875,629561
2012-07-25,15.459768509245857,15.5281748046875,15.322955918362569,15.5281748046875,747459
2012-07-26,15.528174714597954,15.733393599732274,15.528174714597954,15.6649873046875,794718
2012-07-27,15.391361853370022,15.8702041015625,15.391361853370022,15.8702041015625,5581646
2012-07-30,15.391361853370022,15.8702041015625,15.391361853370022,15.8702041015625,5581646
2012-07-31,15.938611328125,16.007017625967826,15.870205030282174,15.938611328125,139815
2012-08-01,15.93861039540221,16.00701668924192,15.8702041015625,15.8702041015625,318997
2012-08-02,15.870205030282174,16.007017625967826,15.801798732439346,15.938611328125,557623
2012-08-03,15.8702041015625,15.93861039540221,15.8702041015625,15.8702041015625,270722
2012-08-06,15.7333935546875,15.870204335699835,15.7333935546875,15.7333935546875,587243
2012-08-07,15.7333935546875,15.80179804085091,15.7333935546875,15.7333935546875,331343
2012-08-08,15.733394338553554,15.801798828125,15.664988040296503,15.801798828125,275244
2012-08-09,15.7333935546875,15.80179804085091,15.7333935546875,15.7333935546875,861594
2012-08-10,15.7333935546875,15.80179804085091,15.7333935546875,15.7333935546875,1400034
2012-08-13,15.66498734992984,15.733393645172178,15.5965810546875,15.5965810546875,119481
2012-08-14,15.459768464202824,15.66498734992984,15.459768464202824,15.5965810546875,294427
2012-08-15,15.596581009642726,15.6649873046875,15.596581009642726,15.6649873046875,383815
2012-08-16,15.66498734992984,15.66498734992984,15.5965810546875,15.5965810546875,172711
2012-08-17,15.66498739557079,15.66498739557079,15.5281748046875,15.5281748046875,331303
2012-08-20,15.52817475944516,15.66498734992984,15.52817475944516,15.5965810546875,447427
2012-08-21,14.8441142578125,15.049332235571354,14.8441142578125,14.8441142578125,296322
2012-08-22,14.1600537109375,14.1600537109375,14.1600537109375,14.1600537109375,173104
2012-08-23,13.4759931640625,13.4759931640625,13.4759931640625,13.4759931640625,2899691
2012-08-24,12.860338990399343,13.7496181640625,12.860338990399343,13.7496181640625,1817842
2012-08-27,13.133963328978862,13.6812119140625,13.06555793410052,13.6812119140625,3773050
2012-08-28,13.339182226642336,13.6812119140625,13.339182226642336,13.6812119140625,1167338
2012-08-29,13.681211192166394,13.681211192166394,13.4075869140625,13.4075869140625,570416
2012-08-30,13.27077592742118,13.74961821328366,13.27077592742118,13.6812119140625,780924
2012-08-31,13.6812119140625,13.6812119140625,13.544400219962998,13.6812119140625,1141779
2012-09-03,13.6812119140625,13.6812119140625,13.6812119140625,13.6812119140625,0
2012-09-04,13.6812119140625,13.74961821328366,13.612805614841342,13.6812119140625,262397
2012-09-05,13.544400219962998,13.74961821328366,13.544400219962998,13.6812119140625,243214
2012-09-06,13.6812119140625,13.6812119140625,13.612805614841342,13.6812119140625,576616
2012-09-07,13.6812119140625,13.6812119140625,13.47599392074184,13.6812119140625,1589613
2012-09-10,13.544400219962998,13.6812119140625,13.47599392074184,13.6812119140625,3933104
2012-09-11,13.47599392074184,13.6812119140625,13.47599392074184,13.6812119140625,1303756
2012-09-12,13.47599392074184,13.6812119140625,13.47599392074184,13.6812119140625,1063235
2012-09-13,13.6812119140625,13.6812119140625,13.47599392074184,13.6812119140625,1291721
2012-09-14,13.6812119140625,13.6812119140625,13.544400219962998,13.6812119140625,455699
2012-09-17,14.023241884332892,14.3652724609375,13.74961760391776,14.3652724609375,999067
2012-09-18,15.049332325687171,15.049332325687171,14.365272094280575,14.7073017578125,1906607
2012-09-19,14.091648318421392,14.707302277123066,14.0232420215625,14.1600537109375,1471160
2012-09-20,14.16005419992498,14.16005419992498,13.47599392074184,13.6812119140625,4174721
2012-09-21,13.6812119140625,13.6812119140625,13.612805614841342,13.6812119140625,4683988
2012-09-24,13.6812119140625,13.6812119140625,13.47599392074184,13.6812119140625,633568
2012-09-25,13.47599392074184,13.6812119140625,13.407587621520682,13.6812119140625,610297
2012-09-26,13.47599392074184,13.6812119140625,13.47599392074184,13.6812119140625,190499
2012-09-27,13.681211963531,13.681211963531,13.475993969468314,13.6128056640625,632065
2012-09-28,13.47599392074184,13.6812119140625,13.27077592742118,13.6812119140625,1936837
2012-10-01,13.544400219962998,13.6812119140625,13.407587621520682,13.6812119140625,988806
2012-10-02,13.544400219962998,13.6812119140625,13.47599392074184,13.6812119140625,255493
2012-10-03,13.544400219962998,13.6812119140625,13.47599392074184,13.6812119140625,737076
2012-10-04,13.47599392074184,13.6812119140625,13.47599392074184,13.6812119140625,1909626
2012-10-05,13.544400219962998,13.6812119140625,13.47599392074184,13.6812119140625,1249430
2012-10-08,13.475993969468314,13.6128056640625,13.475993969468314,13.6128056640625,1043145
2012-10-09,13.544400268936815,13.6128056640625,13.475993969468314,13.6128056640625,928076
2012-10-10,13.544400268936815,13.6128056640625,13.475993969468314,13.6128056640625,1036728
2012-10-11,13.475993969468314,13.6128056640625,13.475993969468314,13.6128056640625,963423
2012-10-12,13.4759931640625,13.544399459442634,13.407586868682367,13.4759931640625,943699
2012-10-15,13.270775227181938,13.4075869140625,13.133962635958603,13.4075869140625,2087617
2012-10-16,13.20236962820002,13.6812119140625,13.20236962820002,13.6812119140625,3136205
2012-10-17,13.47599392074184,13.6812119140625,13.47599392074184,13.6812119140625,1887777
2012-10-18,13.544400219962998,13.6812119140625,13.47599392074184,13.6812119140625,1856437
2012-10-19,13.544400219962998,13.6812119140625,13.47599392074184,13.6812119140625,2129394
2012-10-22,13.475993209674163,13.544399505285831,13.4075869140625,13.4075869140625,439752
2012-10-23,13.407587032498157,13.475993328714086,13.27077534440907,13.339181640625,720262
2012-10-24,13.20236904819314,13.339181640625,13.20236904819314,13.339181640625,666559
2012-10-25,13.133962751977208,13.339181640625,13.065557360104052,13.339181640625,848584
2012-10-26,13.133962751977208,13.339181640625,13.133962751977208,13.339181640625,136539
2012-10-29,13.339181640625,13.339181640625,13.20236904819314,13.339181640625,240845
2012-10-30,13.202369140625,13.33918173401471,13.202369140625,13.202369140625,71965
2012-10-31,13.13396301040663,13.270775605530474,13.0655576171875,13.0655576171875,57832
2012-11-01,13.065557451578073,13.202369140625,12.99715115488322,13.202369140625,690290
2012-11-02,12.58671469685351,12.997151586303676,12.58671469685351,12.79193359375,2847558
2012-11-05,12.244685010711652,12.79193359375,12.244685010711652,12.79193359375,2277075
2012-11-06,12.58671469685351,12.79193359375,12.518309302230826,12.79193359375,899255
2012-11-07,12.586713779230704,12.7235263671875,12.518308389595052,12.7235263671875,1207910
2012-11-08,12.586713779230704,12.7235263671875,12.518308389595052,12.7235263671875,417794
2012-11-09,12.7235263671875,12.7235263671875,12.449902095616656,12.7235263671875,1534475
2012-11-12,12.518308433098008,12.6551201171875,12.518308433098008,12.6551201171875,637291
2012-11-13,12.518308433098008,12.6551201171875,12.518308433098008,12.6551201171875,556946
2012-11-14,12.518308433098008,12.6551201171875,12.518308433098008,12.6551201171875,402415
2012-11-15,12.6551201171875,12.6551201171875,12.518308433098008,12.6551201171875,417902
2012-11-16,12.518308433098008,12.6551201171875,12.518308433098008,12.6551201171875,133114
2012-11-19,12.518308433098008,12.6551201171875,12.38149584466577,12.6551201171875,2276899
2012-11-20,12.518308477073829,12.655120161643923,12.4499021826174,12.5867138671875,137689
2012-11-21,12.5867138671875,12.5867138671875,12.381495888160975,12.5867138671875,1131396
2012-11-22,12.381496003561994,12.51830859375,12.381496003561994,12.51830859375,152351
2012-11-23,12.381496003561994,12.51830859375,12.313089708467992,12.51830859375,328176
2012-11-26,12.381495888160975,12.5867138671875,12.313089593704548,12.5867138671875,326240
2012-11-27,12.4499021826174,12.5867138671875,12.381495888160975,12.5867138671875,224289
2012-11-28,12.381495888160975,12.5867138671875,12.381495888160975,12.5867138671875,153582
2012-11-29,12.4499021826174,12.5867138671875,12.381495888160975,12.5867138671875,132965
2012-11-30,12.655120161643923,12.655120161643923,12.4499021826174,12.5867138671875,484696
2012-12-03,12.6551201171875,12.6551201171875,12.449902138881887,12.6551201171875,176799
2012-12-04,12.518308433098008,12.6551201171875,12.449902138881887,12.6551201171875,302116
2012-12-05,12.518308433098008,12.6551201171875,12.518308433098008,12.6551201171875,638347
2012-12-06,12.518308433098008,12.6551201171875,12.518308433098008,12.6551201171875,121878
2012-12-07,12.58671382297138,12.6551201171875,12.518308433098008,12.6551201171875,941627
2012-12-10,12.6551201171875,12.6551201171875,12.518308433098008,12.6551201171875,778609
2012-12-11,12.58671382297138,12.6551201171875,12.58671382297138,12.6551201171875,726178
2012-12-12,12.518308433098008,12.86033809549311,12.518308433098008,12.6551201171875,472878
2012-12-13,12.6551201171875,12.79193270561974,12.58671382297138,12.6551201171875,254965
2012-12-14,12.791933378093548,12.9971513671875,12.791933378093548,12.9971513671875,135510
2012-12-17,12.997151681874438,13.6128056640625,12.997151681874438,13.6128056640625,1273987
2012-12-18,14.091648533304031,14.091648533304031,13.681211650234738,13.9548359375,970584
2012-12-19,13.9548359375,13.9548359375,13.749617948136752,13.9548359375,1411379
2012-12-20,13.954835985637986,14.023242283775971,13.818024293704816,13.8864296875,1664178
2012-12-21,13.612805566109948,13.954836156648517,13.475993872500206,13.7496181640625,2762286
2012-12-24,13.681211360664392,13.681211360664392,13.270775390625,13.270775390625,478970
2012-12-25,13.2707756540937,13.2707756540937,12.9971513671875,12.9971513671875,331939
2012-12-26,12.791933378093548,12.9971513671875,12.655120782469051,12.9971513671875,340955
2012-12-27,13.270775227181938,13.61280489655473,13.133962635958603,13.4075869140625,157183
2012-12-28,13.407587669999812,13.681211963531,13.407587669999812,13.6128056640625,242781
2012-12-31,13.6128056640625,13.6128056640625,13.6128056640625,13.6128056640625,0
2013-01-01,13.6128056640625,13.6128056640625,13.6128056640625,13.6128056640625,0
2013-01-02,13.6128056640625,13.6128056640625,13.6128056640625,13.6128056640625,0
2013-01-03,13.749617901169412,14.0232421875,13.61280530583272,14.0232421875,353085
2013-01-04,14.0232420215625,14.228460007796391,13.749617738469716,14.1600537109375,367367
2013-01-07,14.16005321095012,14.7073017578125,13.818023547418198,14.7073017578125,1117304
2013-01-08,14.707301512384907,14.98092578125,14.433677243519814,14.98092578125,718895
2013-01-09,14.980926206191976,15.5965810546875,14.775708224807724,15.5965810546875,1066687
2013-01-10,15.596581742039453,15.87020512638205,15.322956549011248,15.801798828125,686797
2013-01-11,15.801798131728992,15.801798131728992,15.5965810546875,15.5965810546875,369330
2013-01-14,15.391362350737742,15.391362350737742,15.186145271272563,15.3229560546875,572758
2013-01-15,15.049332867099128,15.2545517578125,15.049332867099128,15.2545517578125,919967
2013-01-16,15.117739164003586,15.2545517578125,15.049332867099128,15.2545517578125,647214
2013-01-17,15.0493330078125,15.254551900444698,15.0493330078125,15.0493330078125,190228
2013-01-18,15.04933263414518,15.3913623046875,14.912520042454036,15.3913623046875,244825
2013-01-21,15.049332913581022,15.25455180492824,15.049332913581022,15.1861455078125,164291
2013-01-22,14.844115019523096,15.117739305356563,14.844115019523096,15.0493330078125,178356
2013-01-23,14.91252041272437,15.117739305356563,14.91252041272437,15.0493330078125,284477
2013-01-24,15.0493330078125,15.117739305356563,14.980926710268433,15.0493330078125,174999
2013-01-25,15.049332913581022,15.1861455078125,14.980926616465284,15.1861455078125,499493
2013-01-28,15.117738796676653,15.733393645172178,15.117738796676653,15.5965810546875,1399615
2013-01-29,15.322955785593946,15.7333935546875,15.322955785593946,15.7333935546875,1460818
2013-01-30,15.733393645172178,15.733393645172178,15.5965810546875,15.5965810546875,919629
2013-01-31,15.391362168960484,15.5965810546875,15.254551387161332,15.5965810546875,382935
2013-02-01,15.5965810546875,15.5965810546875,15.186145091918991,15.5965810546875,745523
2013-02-04,15.459768509245857,15.596581100129146,15.459768509245857,15.5281748046875,179859
2013-02-05,15.596581100129146,15.596581100129146,15.322955918362569,15.5281748046875,385101
2013-02-06,15.5281748046875,15.596581100129146,15.39136221380421,15.5281748046875,844807
2013-02-07,15.528174942838223,15.596581238888463,15.3229560546875,15.3229560546875,216004
2013-02-08,15.664987441615644,15.664987441615644,15.391362259044785,15.4597685546875,224763
2013-02-11,15.4597685546875,15.4597685546875,15.4597685546875,15.4597685546875,0
2013-02-12,15.4597685546875,15.4597685546875,15.4597685546875,15.4597685546875,0
2013-02-13,15.4597685546875,15.4597685546875,15.4597685546875,15.4597685546875,0
2013-02-14,15.4597685546875,15.4597685546875,15.4597685546875,15.4597685546875,0
2013-02-15,15.4597685546875,15.4597685546875,15.4597685546875,15.4597685546875,0
2013-02-18,15.596581192224216,15.596581192224216,15.3913623046875,15.3913623046875,55043
2013-02-19,15.186145460908042,15.2545517578125,14.980926570194672,15.2545517578125,787923
2013-02-20,14.9125203658257,15.186145555141437,14.9125203658257,15.1177392578125,342268
2013-02-21,15.049332235571354,15.049332235571354,14.8441142578125,14.8441142578125,274648
2013-02-22,14.638895419337045,14.912519691945208,14.570490029442066,14.7757080078125,349362
2013-02-25,14.7757080078125,14.7757080078125,14.707301713574772,14.7757080078125,219253
2013-02-26,14.638895670858364,14.638895670858364,14.433677688961934,14.502083984375,189349
2013-02-27,14.3652724609375,14.3652724609375,13.954835588143414,14.3652724609375,291151
2013-02-28,14.023241484225744,14.7757080078125,14.023241484225744,14.7757080078125,225399
2013-03-01,15.117739305356563,15.117739305356563,14.844115019523096,15.0493330078125,334037
2013-03-04,14.570490760161178,15.04933303515401,14.0232421875,14.0232421875,546278
2013-03-05,13.88642897967794,14.6388955078125,13.88642897967794,14.6388955078125,224262
2013-03-06,14.0916475856955,14.98092578125,14.02324129239354,14.98092578125,214907
2013-03-07,14.980926510878843,14.980926510878843,14.2284599609375,14.2284599609375,262086
2013-03-08,14.3652724609375,14.912520117424991,14.091648180522368,14.3652724609375,180170
2013-03-11,14.912519487948042,14.98092578125,14.570489830123728,14.98092578125,1024761
2013-03-12,14.707301555090966,14.91251953125,14.707301555090966,14.91251953125,408629
2013-03-13,14.980926243580926,15.04933253899399,14.502083984375,14.502083984375,784159
2013-03-14,14.50208353682177,14.98092578125,14.50208353682177,14.98092578125,260136
2013-03-15,14.91251953125,15.186144705252364,14.707301555090966,14.91251953125,1602257
2013-03-18,15.049332118251185,15.049332118251185,14.707301555090966,14.91251953125,120037
2013-03-19,14.775707848591557,14.98092582475059,14.775707848591557,14.91251953125,181876
2013-03-20,14.912519691945208,15.049332280420662,14.7757080078125,14.7757080078125,248995
2013-03-21,14.912519487948042,14.98092578125,14.707301512384907,14.98092578125,166741
2013-03-22,14.775708215631813,14.912519901688764,14.570490234375,14.570490234375,175513
2013-03-25,14.43367744096661,14.7757080078125,14.43367744096661,14.7757080078125,328839
2013-03-26,14.70730196627143,14.70730196627143,14.502083984375,14.502083984375,180806
2013-03-27,14.433677899415684,14.502084195826162,14.22845991452702,14.2968662109375,108096
2013-03-28,14.2284601280311,14.296866425468044,14.0916484375,14.0916484375,113620
2013-03-29,14.228460007796391,14.228460007796391,13.954835724703608,14.1600537109375,39028
2013-04-01,14.160053126159328,14.8441142578125,14.160053126159328,14.8441142578125,236567
2013-04-02,14.8441142578125,14.91251964750362,14.502083691985916,14.8441142578125,518932
2013-04-03,14.91251994816786,14.91251994816786,14.502083984375,14.502083984375,251188
2013-04-04,14.502083939175142,14.707301920431952,14.160053367518616,14.570490234375,178478
2013-04-05,14.707301802463666,14.912519782074408,14.433677528201756,14.6388955078125,265145
2013-04-08,14.43367728543134,14.98092582475059,14.43367728543134,14.91251953125,174471
2013-04-09,14.638895625232095,14.912519901688764,14.570490234375,14.570490234375,171560
2013-04-10,14.502084739773103,14.638896433382843,13.7496181640625,13.7496181640625,538562
2013-04-11,13.74961729471836,14.6388955078125,13.74961729471836,14.6388955078125,599778
2013-04-12,14.638895625232095,14.638895625232095,14.09164797666152,14.570490234375,451055
2013-04-15,14.570490492236642,14.570490492236642,14.16005361811654,14.2968662109375,70367
2013-04-16,13.886429639597983,14.091648533304031,13.886429639597983,13.9548359375,319836
2013-04-17,14.22845991452702,14.2968662109375,13.818023944749696,14.2968662109375,569630
2013-04-18,14.2968662109375,14.2968662109375,13.818023944749696,14.2968662109375,586173
2013-04-19,14.2968662109375,14.2968662109375,14.2968662109375,14.2968662109375,0
2013-04-22,13.954835678745848,14.2284599609375,13.88642938211224,14.2284599609375,395619
2013-04-23,13.954835588143414,14.3652724609375,13.954835588143414,14.3652724609375,606006
2013-04-24,14.3652724609375,14.433677852784202,14.3652724609375,14.3652724609375,535976
2013-04-25,14.433677688961934,14.570490279788064,14.365272297891634,14.502083984375,191122
2013-04-26,14.638895419337045,14.7757080078125,14.50208373520434,14.7757080078125,561670
2013-04-29,14.7757080078125,14.7757080078125,14.7757080078125,14.7757080078125,0
2013-04-30,14.7757080078125,14.7757080078125,14.7757080078125,14.7757080078125,0
2013-05-01,14.7757080078125,14.7757080078125,14.7757080078125,14.7757080078125,0
2013-05-02,14.570490029442066,14.7757080078125,14.570490029442066,14.7757080078125,212281
2013-05-03,14.57049007326828,14.7073017578125,14.365272094280575,14.7073017578125,81793
2013-05-06,14.502083578931932,14.91251953125,14.502083578931932,14.91251953125,367556
2013-05-07,15.049332118251185,15.049332118251185,14.91251953125,14.91251953125,44074
2013-05-08,15.049332074551955,15.049332074551955,14.912519487948042,14.98092578125,501997
2013-05-09,14.912519487948042,15.049332074551955,14.912519487948042,14.98092578125,122703
2013-05-10,14.980926710268433,15.117739305356563,14.91252041272437,15.0493330078125,593632
2013-05-13,15.049332960483568,15.1177392578125,14.980926663154634,15.1177392578125,246761
2013-05-14,15.1177392578125,15.1177392578125,14.980926663154634,15.1177392578125,582071
2013-05-15,15.117738367853915,15.117738367853915,14.98092578125,14.98092578125,345328
2013-05-16,15.049332074551955,15.117738367853915,14.98092578125,14.98092578125,842438
2013-05-17,14.844114142092147,15.049332118251185,14.844114142092147,14.91251953125,424955
2013-05-20,15.05517638799865,15.457721316054071,15.05517638799865,15.377212890625,218036
2013-05-21,15.457720905215265,15.538230262141228,15.296703125,15.296703125,146121
2013-05-22,15.37721268813474,15.457721112503656,14.733140625,14.733140625,203015
2013-05-23,14.894157993036105,14.974667348802022,14.652630859375,14.652630859375,408630
2013-05-24,14.65263147911658,14.733140838287689,14.169578125,14.169578125,578193
2013-05-27,14.1695779207406,14.733140625904335,14.1695779207406,14.330595703125,240468
2013-05-28,14.411105268876636,14.491613694411052,14.089068765828891,14.169578125,421087
2013-05-29,14.250086550534418,14.330595909705528,14.169578125,14.169578125,165775
2013-05-30,14.330595703125,14.330595703125,14.1695779207406,14.330595703125,143450
2013-05-31,14.411105061135538,14.411105061135538,14.25008634511446,14.330595703125,473955
2013-06-03,14.330595909705528,14.330595909705528,14.089068765828891,14.169578125,353435
2013-06-04,14.169577716223504,14.250086139435345,14.089068359375,14.089068359375,368908
2013-06-05,13.92805118651664,14.089068973596651,13.847542759794988,14.008560546875,340064
2013-06-06,13.847542759794988,14.008560546875,13.847542759794988,14.008560546875,94050
2013-06-07,14.089068359375,14.089068359375,13.928050579314656,14.089068359375,158186
2013-06-10,14.089068192600704,14.169577548496209,13.8475419921875,13.8475419921875,427048
2013-06-11,13.92805078125,14.008560139265766,13.847542356870912,13.92805078125,412929
2013-06-12,13.928050574322272,14.00855993114192,13.6865234375,13.6865234375,690566
2013-06-13,13.686523843914667,13.847542562335333,13.525506059130697,13.767033203125,254136
2013-06-14,13.76703283357268,13.76703283357268,13.2839794921875,13.2839794921875,891349
2013-06-17,13.042452317489488,13.6865234375,12.88143453748686,13.6865234375,1047588
2013-06-18,13.606015014317018,13.6865234375,12.961942960669845,13.6865234375,1324537
2013-06-19,13.525506059130697,13.767033203125,13.525506059130697,13.767033203125,1163061
2013-06-20,13.606015019193972,14.089068359375,13.525505662345468,14.089068359375,2128570
2013-06-21,14.089068359375,14.169577716223504,14.00855993616316,14.089068359375,4944417
2013-06-24,13.847542156102818,14.089068359375,13.606015019193972,14.089068359375,1404183
2013-06-25,13.767032799254311,14.089068359375,13.606015019193972,14.089068359375,1962236
2013-06-26,13.68652344240581,14.089068359375,13.606015019193972,14.089068359375,2251167
2013-06-27,14.089068359375,14.089068359375,13.68652344240581,14.089068359375,838707
2013-06-28,13.928050579314656,14.089068359375,13.928050579314656,14.089068359375,334091
2013-07-01,13.928050579314656,14.089068359375,13.928050579314656,14.089068359375,430563
2013-07-02,14.089068359375,14.089068359375,14.00855993616316,14.089068359375,152795
2013-07-03,14.089068359375,14.089068359375,13.928050579314656,14.089068359375,275713
2013-07-04,14.089068359375,14.089068359375,14.00855993616316,14.089068359375,249268
2013-07-05,14.089068359375,14.089068359375,14.00855993616316,14.089068359375,142464
2013-07-08,13.928050579314656,14.089068359375,13.928050579314656,14.089068359375,185855
2013-07-09,14.00855993616316,14.089068359375,13.928050579314656,14.089068359375,139436
2013-07-10,14.0890683543249,14.0890683543249,13.6865234375,13.6865234375,455121
2013-07-11,13.686523280396491,13.8475419921875,13.686523280396491,13.8475419921875,144578
2013-07-12,13.8475419921875,13.92805041444635,13.8475419921875,13.8475419921875,114843
2013-07-15,13.928050987908971,14.008560347119303,13.767033203125,13.767033203125,152201
2013-07-16,13.767033203125,13.847542562335333,13.686523843914667,13.767033203125,115484
2013-07-17,13.767032794319649,13.847542151139292,13.6865234375,13.6865234375,424317
2013-07-18,13.6865234375,13.6865234375,13.606015014317018,13.6865234375,103300
2013-07-19,13.686524051796466,13.686524051796466,13.525506264566827,13.606015625,126124
2013-07-22,13.525505657497373,13.6865234375,13.525505657497373,13.6865234375,62806
2013-07-23,13.525505657497373,13.6865234375,13.444997234314387,13.6865234375,105070
2013-07-24,13.6865234375,13.6865234375,13.444997234314387,13.6865234375,582421
2013-07-25,13.444997234314387,13.6865234375,13.444997234314387,13.6865234375,214426
2013-07-26,13.6865234375,13.6865234375,13.444997234314387,13.6865234375,502205
2013-07-29,13.525505657497373,13.6865234375,13.444997234314387,13.6865234375,333426
2013-07-30,13.525506059130697,13.767033203125,13.525506059130697,13.767033203125,500923
2013-07-31,13.525505657497373,13.6865234375,13.525505657497373,13.6865234375,307823
2013-08-01,13.6865234375,13.6865234375,13.525505657497373,13.6865234375,293336
2013-08-02,13.525505657497373,13.6865234375,13.525505657497373,13.6865234375,170536
2013-08-05,13.606015014317018,13.6865234375,13.525505657497373,13.6865234375,123191
2013-08-06,13.525505859375,13.606015217396305,13.525505859375,13.525505859375,120935
2013-08-07,13.525505657497373,13.6865234375,13.444997234314387,13.6865234375,343282
2013-08-08,13.525506264566827,13.606015625,13.525506264566827,13.606015625,39294
2013-08-09,13.606015625,13.606015625,13.44499783777036,13.606015625,195379
2013-08-12,13.525505859375,13.606015217396305,13.444997434990372,13.525505859375,82032
2013-08-13,13.525506264566827,13.606015625,13.364488477337188,13.606015625,96187
2013-08-14,13.44499783777036,13.606015625,13.44499783777036,13.606015625,58116
2013-08-15,13.44499783777036,13.606015625,13.44499783777036,13.606015625,65573
2013-08-16,13.525506264566827,13.606015625,13.44499783777036,13.606015625,267674
2013-08-19,13.606015625,13.606015625,13.44499783777036,13.606015625,654134
2013-08-20,13.44499783777036,13.606015625,13.364488477337188,13.606015625,364883
2013-08-21,13.606015625,13.606015625,13.44499783777036,13.606015625,168161
2013-08-22,13.44499783777036,13.606015625,13.44499783777036,13.606015625,596516
2013-08-23,13.444997633557056,13.767033203125,13.364488274346725,13.767033203125,1688150
2013-08-26,13.606015625,13.606015625,13.44499783777036,13.606015625,207385
2013-08-27,13.44499783777036,13.606015625,13.44499783777036,13.606015625,172793
2013-08-28,13.444997434990372,13.525505859375,13.364488076969067,13.525505859375,451926
2013-08-29,13.364488477337188,13.606015625,13.364488477337188,13.606015625,1144868
2013-08-30,13.364488477337188,13.606015625,13.364488477337188,13.606015625,298941
2013-09-02,13.606015625,13.606015625,13.606015625,13.606015625,0
2013-09-03,13.44499783777036,13.606015625,13.44499783777036,13.606015625,416586
2013-09-04,13.444997234314387,13.6865234375,13.444997234314387,13.6865234375,443460
2013-09-05,13.767032794319649,13.767032794319649,13.606015014317018,13.6865234375,126373
2013-09-06,13.686523843914667,13.767033203125,13.606015418341029,13.767033203125,181663
2013-09-09,13.767032794319649,13.767032794319649,13.606015014317018,13.6865234375,90475
2013-09-10,13.606015014317018,13.6865234375,13.606015014317018,13.6865234375,396815
2013-09-11,13.6865234375,13.6865234375,13.525505657497373,13.6865234375,107848
2013-09-12,13.606015014317018,13.6865234375,13.606015014317018,13.6865234375,88753
2013-09-13,13.606015014317018,13.6865234375,13.606015014317018,13.6865234375,193016
2013-09-16,14.008560546875,14.089068973596651,13.847542759794988,14.008560546875,517880
2013-09-17,14.089068562730064,14.411105061135538,14.089068562730064,14.330595703125,370559
2013-09-18,14.169577716223504,14.250086139435345,14.089068359375,14.089068359375,108359
2013-09-19,14.00855993114192,14.0890683543249,13.6865234375,13.6865234375,94002
2013-09-20,14.008560333846706,14.572123046875,13.686523830947186,14.572123046875,2829919
2013-09-23,14.169578125,14.330595909705528,14.089068765828891,14.169578125,91556
2013-09-24,14.089068359375,14.250086139435345,14.089068359375,14.089068359375,90131
2013-09-25,14.1695779207406,14.330595703125,14.089068562730064,14.330595703125,170240
2013-09-26,14.169577716223504,14.250086139435345,14.089068359375,14.089068359375,36943
2013-09-27,14.00855993616316,14.250086139435345,13.928050579314656,14.089068359375,74183
2013-09-30,14.08906815972141,14.2500859375,14.008559737650438,14.2500859375,282838
2013-10-01,14.250086760676666,14.250086760676666,14.008560546875,14.008560546875,113465
2013-10-02,13.928050579314656,14.089068359375,13.928050579314656,14.089068359375,91758
2013-10-03,14.008559770341854,14.008559770341854,13.8475419921875,13.8475419921875,177531
2013-10-04,14.089068192600704,14.089068192600704,13.8475419921875,13.8475419921875,34093
2013-10-07,13.8475419921875,14.008559770341854,13.8475419921875,13.8475419921875,74575
2013-10-08,13.847542562335333,13.847542562335333,13.767033203125,13.767033203125,226729
2013-10-09,13.767032794319649,13.847542151139292,13.6865234375,13.6865234375,234495
2013-10-10,13.6865234375,13.767032794319649,13.6865234375,13.6865234375,127490
2013-10-11,13.686523843914667,13.847542562335333,13.686523843914667,13.767033203125,96045
2013-10-14,13.6865234375,13.767032794319649,13.6865234375,13.6865234375,232180
2013-10-15,13.6865234375,13.767032794319649,13.6865234375,13.6865234375,37228
2013-10-16,13.68652403907827,14.008560546875,13.68652403907827,14.008560546875,187078
2013-10-17,14.008560347119303,14.008560347119303,13.767033203125,13.767033203125,60289
2013-10-18,13.767032998855148,13.92805078125,13.767032998855148,13.92805078125,150871
2013-10-21,14.089068563644854,14.089068563644854,13.847542356870912,13.92805078125,194726
2013-10-22,13.767032799254311,14.089068359375,13.767032799254311,14.089068359375,226100
2013-10-23,14.08906815972141,14.2500859375,14.008559737650438,14.2500859375,329578
2013-10-24,14.089068359375,14.169577716223504,14.00855993616316,14.089068359375,198253
2013-10-25,14.169577921660618,14.169577921660618,13.92805078125,13.92805078125,128820
2013-10-28,13.928050987908971,14.008560347119303,13.767033203125,13.767033203125,173933
2013-10-29,13.767033203125,13.847542562335333,13.686523843914667,13.767033203125,253970
2013-10-30,13.847542151139292,13.847542151139292,13.6865234375,13.6865234375,136051
2013-10-31,13.68652364178093,13.767032999802236,13.525505859375,13.525505859375,760771
2013-11-01,13.606015625,13.686524051796466,13.525506264566827,13.606015625,198419
2013-11-04,13.68652364178093,13.68652364178093,13.525505859375,13.525505859375,102267
2013-11-05,13.525506264566827,13.686524051796466,13.525506264566827,13.606015625,48770
2013-11-06,13.606015014317018,13.767032794319649,13.606015014317018,13.6865234375,108371
2013-11-07,13.686524051796466,13.686524051796466,13.606015625,13.606015625,56204
2013-11-08,13.606015217396305,13.68652364178093,13.525505859375,13.525505859375,64695
2013-11-11,13.525506264566827,13.606015625,13.525506264566827,13.606015625,90725
2013-11-12,13.606014848351036,13.606014848351036,13.4449970703125,13.4449970703125,221872
2013-11-13,13.44499764050192,13.525506066117144,13.36448828125,13.36448828125,256606
2013-11-14,13.364488076969067,13.525505859375,13.364488076969067,13.525505859375,80999
2013-11-15,13.606015014317018,13.767032794319649,13.525505657497373,13.6865234375,434743
2013-11-18,14.089068973596651,14.089068973596651,13.92805118651664,14.008560546875,400852
2013-11-19,14.008560546875,14.089068973596651,13.92805118651664,14.008560546875,396102
2013-11-20,14.008559737650438,14.2500859375,14.008559737650438,14.2500859375,476448
2013-11-21,14.2500859375,14.33059529320762,14.2500859375,14.2500859375,686030
2013-11-22,14.25008634511446,14.330595703125,14.1695779207406,14.330595703125,383491
2013-11-25,14.330595703125,14.411105061135538,14.25008634511446,14.330595703125,206696
2013-11-26,14.330595704055472,14.41110506207124,13.92805078125,13.92805078125,420802
2013-11-27,14.169578333955013,14.330596121035024,14.008560546875,14.008560546875,357770
2013-11-28,14.169577525689444,14.652630859375,14.089068169923523,14.652630859375,612180
2013-11-29,14.821052734375,14.9052626953125,14.5684208984375,14.5684208984375,801467
2013-12-02,14.4842109375,14.5684208984375,14.4,14.4842109375,182079
2013-12-03,14.5684208984375,14.5684208984375,14.3157890625,14.4842109375,279406
2013-12-04,14.4842109375,14.4842109375,14.3157890625,14.3157890625,354670
2013-12-05,14.3157890625,14.4,14.1473681640625,14.2315791015625,310412
2013-12-06,14.1473681640625,14.3157890625,14.1473681640625,14.2315791015625,78030
2013-12-09,14.3157890625,14.6526318359375,14.3157890625,14.5684208984375,438674
2013-12-10,14.5684208984375,14.6526318359375,14.4,14.4,161167
2013-12-11,14.4,14.4,14.3157890625,14.3157890625,80025
2013-12-12,14.3157890625,14.4842109375,14.3157890625,14.4842109375,97315
2013-12-13,14.4,14.4842109375,14.3157890625,14.3157890625,46407
2013-12-16,14.3157890625,14.4842109375,14.3157890625,14.3157890625,391174
2013-12-17,14.2315791015625,14.4,14.2315791015625,14.3157890625,65253
2013-12-18,14.3157890625,14.4,14.2315791015625,14.3157890625,104416
2013-12-19,14.4,14.4,14.2315791015625,14.2315791015625,185202
2013-12-20,14.2315791015625,14.3157890625,14.1473681640625,14.2315791015625,927069
2013-12-23,14.2315791015625,14.4,14.2315791015625,14.4,144685
2013-12-24,14.4,14.4,14.1473681640625,14.2315791015625,123808
2013-12-25,14.3157890625,14.3157890625,14.1473681640625,14.2315791015625,88088
2013-12-26,14.1473681640625,14.2315791015625,14.1473681640625,14.2315791015625,45231
2013-12-27,14.2315791015625,14.3157890625,14.1473681640625,14.3157890625,65312
2013-12-30,14.3157890625,14.4,14.1473681640625,14.4,385878
2013-12-31,14.2315791015625,14.4842109375,14.2315791015625,14.4842109375,131206
2014-01-01,14.4842109375,14.4842109375,14.4842109375,14.4842109375,0
2014-01-02,14.4,14.4,14.3157890625,14.4,31183
2014-01-03,14.4,14.4842109375,14.4,14.4842109375,130850
2014-01-06,14.4,14.4842109375,14.4,14.4842109375,64671
2014-01-07,14.5684208984375,14.6526318359375,14.4842109375,14.5684208984375,164516
2014-01-08,14.6526318359375,14.736841796875,14.5684208984375,14.736841796875,399890
2014-01-09,14.4,14.736841796875,14.4,14.736841796875,782265
2014-01-10,14.736841796875,14.736841796875,14.4842109375,14.5684208984375,316991
2014-01-13,14.5684208984375,14.5684208984375,14.4842109375,14.5684208984375,126813
2014-01-14,14.5684208984375,14.5684208984375,14.4,14.5684208984375,124141
2014-01-15,14.5684208984375,14.5684208984375,14.4842109375,14.5684208984375,167378
2014-01-16,14.736841796875,14.9894736328125,14.4842109375,14.9894736328125,731488
2014-01-17,15.15789453125,16.0,15.15789453125,16.0,2579202
2014-01-20,16.589474609375,17.094736328125,16.2526318359375,17.094736328125,1549711
2014-01-21,17.431578125,17.768421875,16.67368359375,17.768421875,2509199
2014-01-22,17.6842109375,18.863158203125,17.6,17.852630859375,1720841
2014-01-23,17.852630859375,17.936841796875,17.431578125,17.6,829623
2014-01-24,17.6,17.6,17.010525390625,17.010525390625,543400
2014-01-27,16.84210546875,16.84210546875,16.67368359375,16.84210546875,348388
2014-01-28,16.84210546875,16.84210546875,16.84210546875,16.84210546875,0
2014-01-29,16.84210546875,16.84210546875,16.84210546875,16.84210546875,0
2014-01-30,16.84210546875,16.84210546875,16.84210546875,16.84210546875,0
2014-01-31,16.84210546875,16.84210546875,16.84210546875,16.84210546875,0
2014-02-03,16.84210546875,16.84210546875,16.84210546875,16.84210546875,0
2014-02-04,16.84210546875,16.84210546875,16.84210546875,16.84210546875,0
2014-02-05,16.84210546875,16.84210546875,16.84210546875,16.84210546875,0
2014-02-06,17.010525390625,17.768421875,16.84210546875,17.6842109375,624161
2014-02-07,17.6842109375,17.768421875,17.347369140625,17.347369140625,504521
2014-02-10,17.431578125,17.5157890625,17.347369140625,17.5157890625,352853
2014-02-11,17.5157890625,17.6,17.263158203125,17.263158203125,629446
2014-02-12,17.263158203125,17.347369140625,17.094736328125,17.347369140625,491743
2014-02-13,17.5157890625,17.5157890625,17.178947265625,17.263158203125,645240
2014-02-14,17.347369140625,17.347369140625,17.178947265625,17.347369140625,346607
2014-02-17,16.84210546875,17.347369140625,16.75789453125,17.263158203125,1044192
2014-02-18,17.347369140625,18.021052734375,17.263158203125,17.6,932555
2014-02-19,17.6,17.6,17.6,17.6,0
2014-02-20,17.347369140625,17.6,17.094736328125,17.347369140625,1107961
2014-02-21,17.094736328125,17.431578125,17.094736328125,17.347369140625,522084
2014-02-24,17.431578125,17.431578125,17.178947265625,17.347369140625,342748
2014-02-25,17.263158203125,18.52631640625,17.178947265625,18.44210546875,2788986
2014-02-26,19.621052734375,19.621052734375,18.610525390625,18.778947265625,3082180
2014-02-27,18.863158203125,19.1157890625,18.27368359375,18.27368359375,1323825
2014-02-28,18.35789453125,18.44210546875,17.852630859375,17.936841796875,1481192
2014-03-03,17.768421875,17.852630859375,16.92631640625,17.010525390625,2277815
2014-03-04,16.84210546875,16.92631640625,16.75789453125,16.84210546875,1978315
2014-03-05,17.010525390625,17.178947265625,16.84210546875,16.84210546875,790186
2014-03-06,16.84210546875,17.010525390625,16.75789453125,16.92631640625,2111600
2014-03-07,17.178947265625,17.768421875,17.094736328125,17.5157890625,1706295
2014-03-10,17.5157890625,17.6842109375,17.431578125,17.5157890625,1161434
2014-03-11,17.5157890625,17.5157890625,17.263158203125,17.263158203125,1240890
2014-03-12,17.5157890625,17.5157890625,17.094736328125,17.178947265625,1157705
2014-03-13,17.094736328125,17.263158203125,17.010525390625,17.263158203125,645073
2014-03-14,17.263158203125,17.347369140625,17.094736328125,17.178947265625,608676
2014-03-17,16.84210546875,17.094736328125,16.67368359375,16.75789453125,1727373
2014-03-18,16.589474609375,16.75789453125,16.505263671875,16.589474609375,1063584
2014-03-19,16.589474609375,16.92631640625,16.589474609375,16.84210546875,1514905
2014-03-20,16.84210546875,16.92631640625,16.75789453125,16.84210546875,2753183
2014-03-21,16.92631640625,17.6842109375,16.84210546875,16.84210546875,9546514
2014-03-24,17.6842109375,17.6842109375,17.431578125,17.6,1606117
2014-03-25,17.6842109375,18.021052734375,17.6,17.768421875,2503368
2014-03-26,17.852630859375,17.852630859375,16.92631640625,16.92631640625,1662844
2014-03-27,17.010525390625,17.094736328125,16.84210546875,17.094736328125,1034407
2014-03-28,17.094736328125,17.094736328125,16.84210546875,17.094736328125,1517755
2014-03-31,16.92631640625,17.094736328125,16.75789453125,16.75789453125,941616
2014-04-01,16.67368359375,16.75789453125,16.421052734375,16.505263671875,994103
2014-04-02,16.505263671875,16.589474609375,16.2526318359375,16.505263671875,1536672
2014-04-03,16.421052734375,16.75789453125,16.421052734375,16.589474609375,251168
2014-04-04,16.589474609375,16.67368359375,16.336841796875,16.589474609375,676198
2014-04-07,16.505263671875,16.505263671875,16.421052734375,16.421052734375,230458
2014-04-08,16.421052734375,16.421052734375,16.336841796875,16.336841796875,636998
2014-04-09,16.336841796875,16.336841796875,16.336841796875,16.336841796875,0
2014-04-10,16.336841796875,16.589474609375,16.336841796875,16.589474609375,448008
2014-04-11,16.336841796875,16.505263671875,16.336841796875,16.336841796875,613759
2014-04-14,16.336841796875,16.589474609375,16.336841796875,16.336841796875,336775
2014-04-15,16.421052734375,16.421052734375,16.2526318359375,16.336841796875,485830
2014-04-16,16.0842109375,16.336841796875,16.0,16.0,556272
2014-04-17,16.336841796875,16.336841796875,16.0842109375,16.336841796875,479156
2014-04-18,16.336841796875,16.336841796875,16.0842109375,16.0842109375,692288
2014-04-21,16.0842109375,16.336841796875,16.0842109375,16.2526318359375,652471
2014-04-22,16.2526318359375,16.2526318359375,16.2526318359375,16.2526318359375,0
2014-04-23,16.421052734375,17.094736328125,16.421052734375,17.010525390625,797679
2014-04-24,17.010525390625,17.178947265625,16.92631640625,16.92631640625,419175
2014-04-25,17.010525390625,17.010525390625,16.67368359375,16.92631640625,646938
2014-04-28,16.75789453125,16.92631640625,16.336841796875,16.336841796875,379299
2014-04-29,16.2526318359375,16.589474609375,16.2526318359375,16.589474609375,217573
2014-04-30,16.589474609375,16.589474609375,16.589474609375,16.589474609375,0
2014-05-01,16.589474609375,16.589474609375,16.589474609375,16.589474609375,0
2014-05-02,16.589474609375,16.589474609375,16.589474609375,16.589474609375,0
2014-05-05,16.505263671875,16.505263671875,16.2526318359375,16.336841796875,518676
2014-05-06,16.0842109375,16.336841796875,16.0842109375,16.1684208984375,565843
2014-05-07,16.0842109375,16.421052734375,16.0842109375,16.336841796875,265940
2014-05-08,16.1684208984375,16.1684208984375,15.663158203125,15.9157890625,2261249
2014-05-09,15.8315791015625,16.336841796875,15.8315791015625,16.0,523604
2014-05-12,15.663158203125,15.9157890625,15.4947373046875,15.578947265625,795066
2014-05-13,15.3263154296875,15.663158203125,15.3263154296875,15.578947265625,497182
2014-05-14,15.578947265625,16.1684208984375,15.4947373046875,16.1684208984375,805766
2014-05-15,16.1684208984375,16.2526318359375,15.0736845703125,16.0,686232
2014-05-16,15.4105263671875,15.4947373046875,15.15789453125,15.3263154296875,3092107
2014-05-19,15.15789453125,15.3263154296875,15.15789453125,15.3263154296875,1291441
2014-05-20,15.24210546875,15.4105263671875,15.24210546875,15.3263154296875,1258738
2014-05-21,15.3263154296875,15.4947373046875,15.24210546875,15.4947373046875,1009363
2014-05-22,15.4105263671875,15.4947373046875,15.3263154296875,15.4105263671875,501184
2014-05-23,15.3263154296875,15.4105263671875,15.24210546875,15.4105263671875,609413
2014-05-26,15.4105263671875,15.4105263671875,15.24210546875,15.4105263671875,783085
2014-05-27,15.4105263671875,15.9157890625,15.3263154296875,15.8315791015625,2412786
2014-05-28,15.8315791015625,16.84210546875,15.8315791015625,16.84210546875,5136305
2014-05-29,16.84210546875,17.5157890625,16.84210546875,17.178947265625,4479000
2014-05-30,17.263158203125,17.431578125,17.010525390625,17.263158203125,3913774
2014-06-02,16.75789453125,17.094736328125,16.75789453125,17.094736328125,1987198
2014-06-03,16.75789453125,17.263158203125,16.67368359375,17.094736328125,1987198
2014-06-04,17.178947265625,17.178947265625,16.75789453125,17.094736328125,1209409
2014-06-05,16.92631640625,17.094736328125,16.84210546875,17.010525390625,796824
2014-06-06,17.094736328125,17.178947265625,16.92631640625,17.094736328125,1406261
2014-06-09,16.92631640625,17.010525390625,16.67368359375,17.010525390625,2193502
2014-06-10,17.010525390625,17.010525390625,16.84210546875,17.010525390625,1303067
2014-06-11,17.010525390625,17.5157890625,16.92631640625,17.5157890625,3964219
2014-06-12,17.5157890625,17.6842109375,17.263158203125,17.431578125,1841765
2014-06-13,17.431578125,17.5157890625,17.263158203125,17.347369140625,927591
2014-06-16,17.852630859375,18.105263671875,17.6,17.6842109375,5838593
2014-06-17,17.768421875,17.852630859375,17.6842109375,17.6842109375,3579873
2014-06-18,17.5157890625,17.768421875,17.5157890625,17.6842109375,4976313
2014-06-19,17.5157890625,17.768421875,17.178947265625,17.6842109375,4983901
2014-06-20,17.6842109375,18.105263671875,17.5157890625,18.105263671875,28101083
2014-06-23,17.6842109375,17.6842109375,17.347369140625,17.347369140625,519745
2014-06-24,17.263158203125,17.5157890625,17.094736328125,17.347369140625,905920
2014-06-25,17.263158203125,17.431578125,17.263158203125,17.347369140625,801752
2014-06-26,17.347369140625,17.431578125,17.263158203125,17.431578125,632890
2014-06-27,17.347369140625,17.5157890625,17.347369140625,17.347369140625,523936
2014-06-30,17.431578125,17.431578125,17.347369140625,17.347369140625,579238
2014-07-01,17.263158203125,17.347369140625,17.178947265625,17.263158203125,515125
2014-07-02,17.178947265625,17.263158203125,17.094736328125,17.094736328125,430397
2014-07-03,17.094736328125,17.263158203125,17.010525390625,17.178947265625,623021
2014-07-04,17.263158203125,17.263158203125,17.094736328125,17.178947265625,396601
2014-07-07,17.263158203125,17.347369140625,17.178947265625,17.263158203125,674796
2014-07-08,17.094736328125,17.263158203125,17.094736328125,17.178947265625,285451
2014-07-09,17.178947265625,17.178947265625,17.094736328125,17.094736328125,201150
2014-07-10,17.094736328125,17.094736328125,16.92631640625,17.010525390625,474465
2014-07-11,17.010525390625,17.010525390625,16.84210546875,16.92631640625,352663
2014-07-14,16.92631640625,17.094736328125,16.92631640625,17.094736328125,260668
2014-07-15,17.094736328125,17.178947265625,17.010525390625,17.094736328125,351310
2014-07-16,17.010525390625,17.178947265625,17.010525390625,17.094736328125,772635
2014-07-17,17.094736328125,17.094736328125,17.010525390625,17.010525390625,289453
2014-07-18,17.010525390625,17.263158203125,17.010525390625,17.178947265625,970460
2014-07-21,17.178947265625,17.178947265625,17.094736328125,17.094736328125,275654
2014-07-22,17.178947265625,17.178947265625,17.010525390625,17.010525390625,93610
2014-07-23,17.010525390625,17.010525390625,16.92631640625,16.92631640625,199856
2014-07-24,16.92631640625,17.094736328125,16.92631640625,17.094736328125,525124
2014-07-25,17.094736328125,17.094736328125,16.92631640625,16.92631640625,353720
2014-07-28,16.92631640625,16.92631640625,16.84210546875,16.84210546875,256167
2014-07-29,16.589474609375,16.75789453125,16.589474609375,16.75789453125,433770
2014-07-30,16.589474609375,16.589474609375,16.505263671875,16.505263671875,164741
2014-07-31,16.421052734375,16.589474609375,16.421052734375,16.589474609375,205722
2014-08-01,16.589474609375,16.589474609375,16.505263671875,16.505263671875,191626
2014-08-04,16.2526318359375,16.421052734375,16.2526318359375,16.421052734375,95653
2014-08-05,16.336841796875,16.421052734375,16.336841796875,16.421052734375,673573
2014-08-06,16.421052734375,16.421052734375,16.421052734375,16.421052734375,246145
2014-08-07,16.2526318359375,16.421052734375,16.2526318359375,16.421052734375,371141
2014-08-08,16.421052734375,16.421052734375,16.2526318359375,16.2526318359375,271628
2014-08-11,16.0842109375,16.0842109375,16.0842109375,16.0842109375,536144
2014-08-12,16.0,16.0,15.9157890625,15.9157890625,326360
2014-08-13,15.9157890625,16.0842109375,15.9157890625,16.0842109375,134971
2014-08-14,16.0842109375,16.336841796875,16.0842109375,16.336841796875,614281
2014-08-15,16.336841796875,16.336841796875,16.1684208984375,16.1684208984375,49839
2014-08-18,16.0842109375,16.1684208984375,16.0842109375,16.1684208984375,145694
2014-08-19,16.1684208984375,16.1684208984375,16.1684208984375,16.1684208984375,187684
2014-08-20,16.0,16.0842109375,16.0,16.0842109375,69931
2014-08-21,16.0842109375,16.0842109375,16.0842109375,16.0842109375,208287
2014-08-22,16.0842109375,16.0842109375,16.0,16.0,336537
2014-08-25,16.2526318359375,16.2526318359375,16.1684208984375,16.1684208984375,349374
2014-08-26,16.0842109375,16.0842109375,15.9157890625,15.9157890625,716965
2014-08-27,15.9157890625,15.9157890625,15.8315791015625,15.8315791015625,289322
2014-08-28,15.8315791015625,16.0,15.8315791015625,16.0,175156
2014-08-29,16.0842109375,16.336841796875,16.0842109375,16.336841796875,794378
2014-09-01,16.336841796875,16.336841796875,16.336841796875,16.336841796875,0
2014-09-02,16.336841796875,16.336841796875,16.336841796875,16.336841796875,0
2014-09-03,16.421052734375,16.421052734375,16.421052734375,16.421052734375,482552
2014-09-04,16.2526318359375,16.421052734375,16.2526318359375,16.421052734375,338770
2014-09-05,16.421052734375,16.505263671875,16.421052734375,16.505263671875,636440
2014-09-08,16.505263671875,16.589474609375,16.505263671875,16.589474609375,584119
2014-09-09,16.589474609375,16.589474609375,16.505263671875,16.505263671875,682135
2014-09-10,16.421052734375,16.84210546875,16.421052734375,16.84210546875,699306
2014-09-11,16.75789453125,16.75789453125,16.67368359375,16.67368359375,321016
2014-09-12,16.67368359375,16.67368359375,16.589474609375,16.589474609375,413736
2014-09-15,16.505263671875,16.505263671875,16.421052734375,16.421052734375,218796
2014-09-16,16.336841796875,16.336841796875,16.1684208984375,16.1684208984375,260038
2014-09-17,16.1684208984375,16.1684208984375,16.0,16.0,311790
2014-09-18,16.0,16.0842109375,16.0,16.0842109375,266700
2014-09-19,16.0842109375,16.0842109375,15.578947265625,15.578947265625,4457744
2014-09-22,15.7473681640625,15.7473681640625,15.663158203125,15.663158203125,234103
2014-09-23,15.663158203125,16.1684208984375,15.663158203125,16.1684208984375,864013
2014-09-24,15.9157890625,15.9157890625,15.7473681640625,15.7473681640625,1464816
2014-09-25,15.7473681640625,15.8315791015625,15.7473681640625,15.8315791015625,167496
2014-09-26,15.8315791015625,15.8315791015625,15.7473681640625,15.7473681640625,76095
2014-09-29,15.7473681640625,16.0,15.7473681640625,16.0,438045
2014-09-30,16.0,16.0842109375,16.0,16.0842109375,1521615
2014-10-01,16.0842109375,16.0842109375,16.0842109375,16.0842109375,477220
2014-10-02,16.0,16.0842109375,16.0,16.0842109375,373171
2014-10-03,16.0,16.0,15.8315791015625,15.8315791015625,535230
2014-10-06,15.8315791015625,16.0842109375,15.8315791015625,16.0842109375,434316
2014-10-07,16.0,16.0,16.0,16.0,218856
2014-10-08,15.8315791015625,15.8315791015625,15.8315791015625,15.8315791015625,102326
2014-10-09,15.8315791015625,16.0,15.8315791015625,16.0,292386
2014-10-10,15.9157890625,15.9157890625,15.8315791015625,15.8315791015625,151382
2014-10-13,15.8315791015625,15.8315791015625,15.663158203125,15.663158203125,193443
2014-10-14,15.663158203125,15.663158203125,15.3263154296875,15.3263154296875,286840
2014-10-15,15.578947265625,15.9157890625,15.578947265625,15.9157890625,559075
2014-10-16,15.9157890625,15.9157890625,15.663158203125,15.663158203125,867468
2014-10-17,15.578947265625,15.578947265625,15.4105263671875,15.4105263671875,609318
2014-10-20,15.4105263671875,15.4947373046875,15.4105263671875,15.4947373046875,646142
2014-10-21,15.4947373046875,15.4947373046875,15.4105263671875,15.4105263671875,737948
2014-10-22,15.3263154296875,15.4105263671875,15.3263154296875,15.4105263671875,267021
2014-10-23,15.4105263671875,15.4105263671875,15.3263154296875,15.3263154296875,444956
2014-10-24,15.3263154296875,15.3263154296875,15.3263154296875,15.3263154296875,138818
2014-10-27,15.3263154296875,15.3263154296875,15.15789453125,15.15789453125,452627
2014-10-28,15.0736845703125,15.4105263671875,15.0736845703125,15.4105263671875,419888
2014-10-29,15.24210546875,15.578947265625,15.24210546875,15.578947265625,298383
2014-10-30,15.578947265625,15.663158203125,15.578947265625,15.663158203125,298193
2014-10-31,15.663158203125,16.0842109375,15.663158203125,16.0842109375,1154570
2014-11-03,16.505263671875,16.505263671875,16.0842109375,16.0842109375,363375
2014-11-04,15.9157890625,15.9157890625,15.9157890625,15.9157890625,281473
2014-11-05,15.7473681640625,15.8315791015625,15.7473681640625,15.8315791015625,234733
2014-11-06,15.8315791015625,15.9157890625,15.8315791015625,15.9157890625,177127
2014-11-07,16.0,16.0,15.9157890625,15.9157890625,201221
2014-11-10,16.0,16.1684208984375,16.0,16.1684208984375,375558
2014-11-11,15.9157890625,16.0842109375,15.9157890625,16.0842109375,482564
2014-11-12,16.1684208984375,16.1684208984375,16.0842109375,16.0842109375,353020
2014-11-13,16.0,16.0,15.8315791015625,15.8315791015625,135113
2014-11-14,15.8315791015625,16.0842109375,15.8315791015625,16.0842109375,226788
2014-11-17,16.2526318359375,16.2526318359375,15.9157890625,15.9157890625,156132
2014-11-18,15.8315791015625,15.8315791015625,15.578947265625,15.578947265625,302586
2014-11-19,15.4947373046875,15.663158203125,15.4947373046875,15.663158203125,49815
2014-11-20,15.663158203125,16.0842109375,15.663158203125,16.0842109375,379050
2014-11-21,16.0,16.0,16.0,16.0,660238
2014-11-24,16.0,16.0,15.7473681640625,15.7473681640625,131895
2014-11-25,16.0,16.0,15.8315791015625,15.8315791015625,355252
2014-11-26,15.8315791015625,15.8315791015625,15.7473681640625,15.7473681640625,855213
2014-11-27,15.663158203125,15.663158203125,15.663158203125,15.663158203125,83873
2014-11-28,15.9157890625,15.9157890625,15.663158203125,15.663158203125,93634
2014-12-01,15.7473681640625,15.8315791015625,15.7473681640625,15.8315791015625,142927
2014-12-02,15.663158203125,15.663158203125,15.578947265625,15.578947265625,85215
2014-12-03,15.578947265625,15.578947265625,15.578947265625,15.578947265625,85820
2014-12-04,15.578947265625,15.663158203125,15.578947265625,15.663158203125,253828
2014-12-05,15.9157890625,15.9157890625,15.663158203125,15.663158203125,200533
2014-12-08,15.663158203125,15.663158203125,15.578947265625,15.578947265625,195688
2014-12-09,15.4947373046875,15.4947373046875,15.3263154296875,15.3263154296875,417489
2014-12-10,15.24210546875,15.3263154296875,15.24210546875,15.3263154296875,205770
2014-12-11,15.15789453125,15.15789453125,14.9894736328125,14.9894736328125,608118
2014-12-12,15.24210546875,15.3263154296875,15.24210546875,15.3263154296875,30150
2014-12-15,15.3263154296875,15.3263154296875,15.15789453125,15.15789453125,163423
2014-12-16,15.0736845703125,15.0736845703125,14.9052626953125,14.9052626953125,273374
2014-12-17,14.9052626953125,14.9052626953125,14.063158203125,14.063158203125,1089780
2014-12-18,13.978947265625,13.978947265625,13.4736845703125,13.4736845703125,3450922
2014-12-19,13.4736845703125,13.4736845703125,13.3894736328125,13.3894736328125,34316470
2014-12-22,14.063158203125,14.3157890625,14.063158203125,14.3157890625,326515
2014-12-23,14.5684208984375,14.736841796875,14.5684208984375,14.736841796875,1765586
2014-12-24,14.4,14.736841796875,14.4,14.736841796875,3171895
2014-12-25,14.736841796875,14.736841796875,14.6526318359375,14.6526318359375,1053063
2014-12-26,14.5684208984375,14.736841796875,14.5684208984375,14.736841796875,1410809
2014-12-29,14.736841796875,14.736841796875,14.6526318359375,14.6526318359375,979830
2014-12-30,14.6526318359375,15.15789453125,14.6526318359375,15.15789453125,1614738
2014-12-31,15.0736845703125,15.15789453125,15.0736845703125,15.15789453125,1773851
2015-01-01,15.15789453125,15.15789453125,15.15789453125,15.15789453125,0
2015-01-02,15.15789453125,15.15789453125,15.15789453125,15.15789453125,0
2015-01-05,14.6526318359375,14.736841796875,14.6526318359375,14.736841796875,373670
2015-01-06,14.5684208984375,14.9894736328125,14.5684208984375,14.9894736328125,516087
2015-01-07,15.0736845703125,15.0736845703125,15.0736845703125,15.0736845703125,743778
2015-01-08,14.9894736328125,15.24210546875,14.9894736328125,15.24210546875,1158240
2015-01-09,15.24210546875,15.578947265625,15.24210546875,15.578947265625,1788683
2015-01-12,15.578947265625,16.0,15.578947265625,16.0,2003300
2015-01-13,15.8315791015625,15.8315791015625,15.8315791015625,15.8315791015625,942518
2015-01-14,15.7473681640625,15.7473681640625,15.578947265625,15.578947265625,890399
2015-01-15,15.578947265625,15.578947265625,15.578947265625,15.578947265625,651082
2015-01-16,15.578947265625,15.578947265625,15.4947373046875,15.4947373046875,660000
2015-01-19,15.663158203125,15.663158203125,15.663158203125,15.663158203125,755024
2015-01-20,15.578947265625,15.578947265625,15.4105263671875,15.4105263671875,208192
2015-01-21,15.663158203125,15.663158203125,15.578947265625,15.578947265625,525813
2015-01-22,15.578947265625,15.8315791015625,15.578947265625,15.8315791015625,813770
2015-01-23,15.8315791015625,15.8315791015625,15.8315791015625,15.8315791015625,1256505
2015-01-26,15.8315791015625,15.8315791015625,15.663158203125,15.663158203125,446559
2015-01-27,15.578947265625,15.578947265625,15.4105263671875,15.4105263671875,951923
2015-01-28,15.4105263671875,16.336841796875,15.4105263671875,16.336841796875,3335960
2015-01-29,16.421052734375,16.421052734375,16.1684208984375,16.1684208984375,1644663
2015-01-30,15.9157890625,16.0,15.9157890625,16.0,1246981
2015-02-02,15.7473681640625,15.8315791015625,15.4105263671875,15.4947373046875,110489
2015-02-03,15.4947373046875,15.4947373046875,14.4842109375,14.4842109375,220461
2015-02-04,14.4842109375,15.0736845703125,14.1473681640625,15.0736845703125,154668
2015-02-05,14.821052734375,15.24210546875,14.821052734375,15.0736845703125,38308
2015-02-06,14.821052734375,15.15789453125,14.821052734375,15.15789453125,14290
2015-02-09,14.9894736328125,15.4105263671875,14.9894736328125,15.0736845703125,71868
2015-02-10,15.15789453125,15.3263154296875,15.15789453125,15.15789453125,45936
2015-02-11,15.15789453125,15.663158203125,15.15789453125,15.663158203125,99351
2015-02-12,15.663158203125,16.0,15.578947265625,15.8315791015625,131086
2015-02-13,15.8315791015625,16.2526318359375,15.8315791015625,16.0842109375,193681
2015-02-16,16.0842109375,16.0842109375,16.0842109375,16.0842109375,0
2015-02-17,16.0842109375,16.0842109375,16.0842109375,16.0842109375,0
2015-02-18,16.0842109375,16.0842109375,16.0842109375,16.0842109375,0
2015-02-19,16.0842109375,16.0842109375,16.0842109375,16.0842109375,0
2015-02-20,16.0842109375,16.0842109375,16.0842109375,16.0842109375,0
2015-02-23,16.0842109375,16.0842109375,16.0842109375,16.0842109375,0
2015-02-24,16.0842109375,16.0842109375,16.0842109375,16.0842109375,0
2015-02-25,16.1684208984375,16.84210546875,16.1684208984375,16.2526318359375,217748
2015-02-26,16.2526318359375,16.589474609375,16.2526318359375,16.505263671875,95486
2015-02-27,16.589474609375,16.67368359375,16.336841796875,16.336841796875,159212
2015-03-02,16.421052734375,16.421052734375,16.1684208984375,16.336841796875,180065
2015-03-03,16.421052734375,16.505263671875,16.336841796875,16.336841796875,151533
2015-03-04,16.336841796875,16.421052734375,16.336841796875,16.421052734375,122082
2015-03-05,16.421052734375,16.421052734375,16.1684208984375,16.2526318359375,107974
2015-03-06,16.2526318359375,16.75789453125,16.2526318359375,16.505263671875,280399
2015-03-09,16.67368359375,17.178947265625,16.589474609375,16.84210546875,340605
2015-03-10,16.92631640625,16.92631640625,16.67368359375,16.67368359375,111456
2015-03-11,17.094736328125,17.431578125,16.92631640625,17.178947265625,456691
2015-03-12,17.178947265625,17.178947265625,16.92631640625,17.178947265625,182153
2015-03-13,17.178947265625,17.263158203125,16.84210546875,16.84210546875,230440
2015-03-16,16.67368359375,16.67368359375,16.1684208984375,16.336841796875,189326
2015-03-17,16.1684208984375,16.421052734375,16.1684208984375,16.336841796875,85052
2015-03-18,16.336841796875,16.336841796875,16.1684208984375,16.1684208984375,86718
2015-03-19,16.1684208984375,16.1684208984375,15.8315791015625,16.0,459745
2015-03-20,16.0,16.421052734375,16.0,16.1684208984375,485324
2015-03-23,16.336841796875,16.505263671875,16.0,16.1684208984375,225511
2015-03-24,16.0842109375,16.0842109375,15.8315791015625,16.0,158464
2015-03-25,16.0,16.2526318359375,15.9157890625,16.0842109375,212139
2015-03-26,16.0842109375,16.2526318359375,16.0,16.0842109375,157966
2015-03-27,16.0842109375,16.1684208984375,15.578947265625,16.0842109375,243911
2015-03-30,15.8315791015625,16.0,15.7473681640625,15.7473681640625,139794
2015-03-31,15.7473681640625,15.9157890625,15.7473681640625,15.7473681640625,97449
2015-04-01,15.7473681640625,15.7473681640625,15.4947373046875,15.7473681640625,202689
2015-04-02,15.7473681640625,15.9157890625,15.4947373046875,15.7473681640625,80370
2015-04-03,15.8315791015625,15.8315791015625,15.578947265625,15.8315791015625,93038
2015-04-06,16.0,16.0,15.663158203125,15.663158203125,59876
2015-04-07,15.663158203125,15.7473681640625,15.4105263671875,15.578947265625,124650
2015-04-08,15.663158203125,15.8315791015625,15.578947265625,15.578947265625,128487
2015-04-09,15.578947265625,15.8315791015625,15.578947265625,15.663158203125,68338
2015-04-10,15.7473681640625,15.9157890625,15.578947265625,15.7473681640625,128929
2015-04-13,15.7473681640625,15.9157890625,15.578947265625,15.578947265625,60739
2015-04-14,15.7473681640625,15.8315791015625,15.4947373046875,15.578947265625,70161
2015-04-15,15.578947265625,15.578947265625,15.4105263671875,15.4105263671875,144487
2015-04-16,15.4105263671875,15.578947265625,15.3263154296875,15.4947373046875,164598
2015-04-17,15.4947373046875,15.578947265625,15.24210546875,15.3263154296875,173769
2015-04-20,15.24210546875,15.3263154296875,15.0736845703125,15.0736845703125,92172
2015-04-21,14.9052626953125,15.15789453125,14.9052626953125,14.9894736328125,117950
2015-04-22,14.9894736328125,14.9894736328125,14.6526318359375,14.6526318359375,113558
2015-04-23,14.6526318359375,14.6526318359375,14.3157890625,14.3157890625,133171
2015-04-24,14.3157890625,14.9052626953125,14.3157890625,14.821052734375,134168
2015-04-27,15.0736845703125,15.0736845703125,14.9052626953125,15.0736845703125,60188
2015-04-28,15.0736845703125,15.0736845703125,15.0736845703125,15.0736845703125,0
2015-04-29,15.0736845703125,15.0736845703125,15.0736845703125,15.0736845703125,0
2015-04-30,15.0736845703125,15.0736845703125,15.0736845703125,15.0736845703125,0
2015-05-01,15.0736845703125,15.0736845703125,15.0736845703125,15.0736845703125,0
2015-05-04,15.0736845703125,15.0736845703125,14.4,14.4,109276
2015-05-05,14.4,14.736841796875,14.3157890625,14.736841796875,89321
2015-05-06,14.821052734375,14.821052734375,14.3157890625,14.4,42176
2015-05-07,14.3157890625,14.5684208984375,14.3157890625,14.4,28338
2015-05-08,14.4,14.6526318359375,14.4,14.4,60178
2015-05-11,14.4,14.6526318359375,14.4,14.4,51028
2015-05-12,14.4,14.4842109375,14.2315791015625,14.3157890625,61561
2015-05-13,14.3157890625,14.4,14.1473681640625,14.1473681640625,46607
2015-05-14,14.1473681640625,14.1473681640625,13.8947373046875,14.063158203125,58334
2015-05-15,13.8947373046875,14.063158203125,13.8105263671875,13.8105263671875,53677
2015-05-18,13.8105263671875,13.8105263671875,13.221052734375,13.8105263671875,108638
2015-05-19,13.8947373046875,14.063158203125,13.8105263671875,13.8105263671875,54797
2015-05-20,13.8947373046875,14.1473681640625,13.8105263671875,14.1473681640625,50557
2015-05-21,14.1473681640625,14.4,14.063158203125,14.3157890625,74693
2015-05-22,14.3157890625,14.9052626953125,14.3157890625,14.9052626953125,190644
2015-05-25,14.736841796875,15.0736845703125,14.736841796875,15.0736845703125,67220
2015-05-26,15.0736845703125,15.4105263671875,15.0736845703125,15.3263154296875,167901
2015-05-27,15.15789453125,15.3263154296875,15.0736845703125,15.24210546875,139614
2015-05-28,15.24210546875,15.9157890625,15.15789453125,15.663158203125,333674
2015-05-29,15.663158203125,15.8315791015625,15.15789453125,15.24210546875,339898
2015-06-01,14.9894736328125,15.8315791015625,14.9894736328125,15.663158203125,272289
2015-06-02,15.4947373046875,15.7473681640625,15.15789453125,15.24210546875,152463
2015-06-03,15.15789453125,15.3263154296875,15.0736845703125,15.24210546875,88594
2015-06-04,15.15789453125,15.4105263671875,15.15789453125,15.15789453125,61501
2015-06-05,15.15789453125,15.4947373046875,15.0736845703125,15.4947373046875,148939
2015-06-08,16.0,16.0,15.4947373046875,15.4947373046875,238315
2015-06-09,15.4105263671875,15.578947265625,15.0736845703125,15.24210546875,157140
2015-06-10,15.24210546875,15.24210546875,15.0736845703125,15.24210546875,75019
2015-06-11,15.3263154296875,15.4947373046875,15.15789453125,15.3263154296875,110629
2015-06-12,15.4105263671875,15.4947373046875,15.24210546875,15.4947373046875,130382
2015-06-15,15.578947265625,15.7473681640625,15.4947373046875,15.578947265625,237283
2015-06-16,15.663158203125,15.7473681640625,15.578947265625,15.578947265625,169646
2015-06-17,15.578947265625,15.578947265625,15.4105263671875,15.578947265625,66264
2015-06-18,15.4105263671875,15.578947265625,15.4105263671875,15.578947265625,76378
2015-06-19,15.578947265625,16.0,15.4947373046875,16.0,2896324
2015-06-22,16.0,16.0842109375,15.8315791015625,15.9157890625,502166
2015-06-23,15.9157890625,15.9157890625,15.7473681640625,15.7473681640625,97929
2015-06-24,15.7473681640625,15.7473681640625,15.4947373046875,15.4947373046875,214906
2015-06-25,15.663158203125,15.663158203125,15.4947373046875,15.4947373046875,15064
2015-06-26,15.4947373046875,15.4947373046875,15.24210546875,15.24210546875,47834
2015-06-29,15.15789453125,15.7473681640625,15.15789453125,15.663158203125,187568
2015-06-30,15.4105263671875,15.9157890625,15.4105263671875,15.663158203125,232714
2015-07-01,15.9157890625,15.9157890625,15.578947265625,15.7473681640625,51457
2015-07-02,15.7473681640625,16.0,15.663158203125,15.9157890625,174180
2015-07-03,16.0,16.0,15.8315791015625,15.9157890625,100305
2015-07-06,16.0,16.0,15.8315791015625,16.0,132576
2015-07-07,15.9157890625,16.421052734375,15.7473681640625,16.421052734375,206145
2015-07-08,16.505263671875,16.84210546875,16.1684208984375,16.75789453125,193608
2015-07-09,16.336841796875,16.75789453125,16.336841796875,16.67368359375,87845
2015-07-10,16.75789453125,16.75789453125,16.505263671875,16.589474609375,47605
2015-07-13,16.589474609375,16.589474609375,16.0,16.0,115632
2015-07-14,16.0,16.589474609375,16.0,16.421052734375,147114
2015-07-15,16.0842109375,16.421052734375,16.0842109375,16.0842109375,23491
2015-07-16,16.0842109375,16.421052734375,16.0,16.336841796875,72057
2015-07-17,16.336841796875,16.336841796875,16.0,16.0842109375,56716
2015-07-20,15.9157890625,16.0,15.7473681640625,15.8315791015625,55178
2015-07-21,15.7473681640625,15.9157890625,15.578947265625,15.9157890625,37026
2015-07-22,15.9157890625,16.1684208984375,15.663158203125,16.0,59822
2015-07-23,16.0,16.0842109375,15.8315791015625,15.9157890625,23564
2015-07-24,15.9157890625,15.9157890625,15.578947265625,15.578947265625,22216
2015-07-27,15.578947265625,16.0,15.578947265625,16.0,58529
2015-07-28,15.7473681640625,15.9157890625,15.663158203125,15.663158203125,36252
2015-07-29,15.578947265625,15.663158203125,15.4105263671875,15.4105263671875,66733
2015-07-30,15.3263154296875,15.4947373046875,15.15789453125,15.4947373046875,71976
2015-07-31,15.4105263671875,16.0842109375,15.4105263671875,16.0,219075
2015-08-03,16.0,16.1684208984375,15.7473681640625,16.0,160213
2015-08-04,16.2526318359375,16.2526318359375,15.9157890625,16.0,52677
2015-08-05,16.2526318359375,16.421052734375,15.9157890625,16.421052734375,168712
2015-08-06,16.421052734375,16.421052734375,15.9157890625,16.0842109375,14554
2015-08-07,16.2526318359375,16.2526318359375,15.9157890625,16.0842109375,31055
2015-08-10,15.578947265625,16.0,15.578947265625,16.0,46686
2015-08-11,15.9157890625,15.9157890625,15.578947265625,15.9157890625,131329
2015-08-12,15.7473681640625,15.9157890625,15.578947265625,15.578947265625,42868
2015-08-13,15.4947373046875,15.4947373046875,14.9052626953125,14.9052626953125,938873
2015-08-14,14.736841796875,14.9052626953125,14.3157890625,14.6526318359375,99438
2015-08-17,14.4842109375,14.6526318359375,14.3157890625,14.4842109375,552579
2015-08-18,14.4,14.4842109375,14.2315791015625,14.4,634754
2015-08-19,14.4842109375,14.5684208984375,14.3157890625,14.4,151204
2015-08-20,14.3157890625,14.4,14.1473681640625,14.3157890625,846260
2015-08-21,14.2315791015625,14.2315791015625,13.8947373046875,13.978947265625,398002
2015-08-24,14.3157890625,14.3157890625,13.0526318359375,13.3894736328125,695198
2015-08-25,13.3894736328125,13.55789453125,13.0526318359375,13.0526318359375,869986
2015-08-26,13.0526318359375,13.3894736328125,13.0526318359375,13.3052626953125,1211428
2015-08-27,13.4736845703125,13.55789453125,13.3052626953125,13.4736845703125,898331
2015-08-28,13.55789453125,14.4,13.55789453125,14.4,491826
2015-08-31,14.3157890625,14.3157890625,13.978947265625,13.978947265625,335445
2015-09-01,13.8947373046875,14.1473681640625,13.8947373046875,13.978947265625,291293
2015-09-02,13.978947265625,13.978947265625,13.978947265625,13.978947265625,0
2015-09-03,13.8947373046875,13.8947373046875,13.3894736328125,13.8947373046875,685805
2015-09-04,13.8947373046875,13.8947373046875,13.55789453125,13.64210546875,309165
2015-09-07,13.55789453125,13.64210546875,13.4736845703125,13.55789453125,332416
2015-09-08,13.4736845703125,13.7263154296875,13.4736845703125,13.7263154296875,230802
2015-09-09,13.8105263671875,14.2315791015625,13.8105263671875,14.1473681640625,285605
2015-09-10,14.1473681640625,14.1473681640625,13.8947373046875,14.1473681640625,448673
2015-09-11,14.063158203125,14.063158203125,13.8105263671875,13.8105263671875,214308
2015-09-14,13.8947373046875,14.063158203125,13.7263154296875,13.7263154296875,86165
2015-09-15,13.64210546875,13.64210546875,13.221052734375,13.221052734375,974177
2015-09-16,13.221052734375,13.64210546875,13.221052734375,13.64210546875,740002
2015-09-17,13.7263154296875,13.7263154296875,13.3052626953125,13.4736845703125,97196
2015-09-18,13.4736845703125,14.1473681640625,13.4736845703125,13.7263154296875,1162966
2015-09-21,13.7263154296875,13.978947265625,13.7263154296875,13.978947265625,278551
2015-09-22,14.1473681640625,14.1473681640625,13.8105263671875,14.063158203125,95522
2015-09-23,14.063158203125,14.063158203125,13.7263154296875,13.978947265625,288728
2015-09-24,13.8947373046875,13.978947265625,13.8105263671875,13.8105263671875,177566
2015-09-25,13.978947265625,14.1473681640625,13.8105263671875,14.063158203125,426288
2015-09-28,14.1473681640625,14.1473681640625,13.7263154296875,13.7263154296875,291388
2015-09-29,13.7263154296875,13.978947265625,13.64210546875,13.7263154296875,181034
2015-09-30,13.7263154296875,13.978947265625,13.7263154296875,13.8105263671875,479524
2015-10-01,13.8105263671875,13.978947265625,13.8105263671875,13.978947265625,251761
2015-10-02,13.978947265625,13.978947265625,13.978947265625,13.978947265625,0
2015-10-05,13.8105263671875,14.063158203125,13.7263154296875,14.063158203125,131776
2015-10-06,14.2315791015625,14.2315791015625,13.978947265625,14.2315791015625,581744
2015-10-07,14.4,14.821052734375,14.3157890625,14.736841796875,1440437
2015-10-08,14.6526318359375,15.15789453125,14.6526318359375,15.15789453125,1223849
2015-10-09,15.3263154296875,15.578947265625,15.24210546875,15.24210546875,810076
2015-10-12,15.15789453125,15.4105263671875,14.9894736328125,15.3263154296875,902416
2015-10-13,15.3263154296875,15.3263154296875,15.15789453125,15.24210546875,510898
2015-10-14,15.3263154296875,15.3263154296875,14.9894736328125,14.9894736328125,605910
2015-10-15,15.24210546875,15.24210546875,14.821052734375,14.821052734375,899353
2015-10-16,14.5,15.2,14.0,14.8,1689520
2015-10-19,14.8,14.9,14.7,14.7,494220
2015-10-20,14.5,14.6,14.2,14.2,675580
2015-10-21,14.2,14.4,14.1,14.1,423800
2015-10-22,14.1,14.7,14.1,14.4,751460
2015-10-23,14.5,14.6,14.3,14.3,176090
2015-10-26,14.5,14.5,14.1,14.1,434050
2015-10-27,14.0,14.1,13.6,13.7,836200
2015-10-28,13.7,13.9,13.5,13.5,534760
2015-10-29,13.5,13.7,13.1,13.7,1053360
2015-10-30,13.6,13.7,13.3,13.6,669010
2015-11-02,13.5,13.5,13.2,13.2,356920
2015-11-03,13.4,13.4,13.2,13.2,261830
2015-11-04,13.2,13.3,13.1,13.1,364340
2015-11-05,13.1,13.1,12.9,12.9,376870
2015-11-06,12.9,13.1,12.9,12.9,303760
2015-11-09,13.0,13.0,12.8,12.9,328070
2015-11-10,12.9,12.9,12.7,12.8,384380
2015-11-11,12.8,12.9,12.7,12.7,192840
2015-11-12,12.4,12.6,12.2,12.3,700990
2015-11-13,12.3,12.7,12.3,12.5,348770
2015-11-16,12.6,12.7,12.5,12.5,265230
2015-11-17,12.5,12.6,12.4,12.5,218500
2015-11-18,12.5,12.5,12.3,12.3,254490
2015-11-19,12.5,12.5,12.2,12.2,182650
2015-11-20,12.2,12.4,12.2,12.3,227070
2015-11-23,12.3,12.5,12.3,12.4,468320
2015-11-24,12.5,12.5,12.3,12.3,277400
2015-11-25,12.3,12.3,12.1,12.1,509990
2015-11-26,12.0,12.0,11.7,11.8,465740
2015-11-27,11.7,11.8,11.5,11.7,428230
2015-11-30,11.6,11.6,10.9,11.0,1199520
2015-12-01,11.0,11.2,10.8,10.9,1097880
2015-12-02,10.8,11.2,10.8,11.2,652480
2015-12-03,11.2,11.6,11.2,11.5,883160
2015-12-04,11.5,11.6,11.2,11.4,621810
2015-12-07,11.3,11.4,11.0,11.0,972490
2015-12-08,11.0,11.4,10.9,11.4,267360
2015-12-09,11.3,11.3,10.8,10.8,1883970
2015-12-10,10.9,11.4,10.9,11.3,954000
2015-12-11,11.5,12.0,11.4,12.0,1136350
2015-12-14,11.9,11.9,11.5,11.7,669640
2015-12-15,11.6,11.7,11.4,11.5,462540
2015-12-16,11.5,11.7,11.3,11.5,898850
2015-12-17,11.6,11.8,11.6,11.6,462510
2015-12-18,11.5,11.8,11.5,11.8,3800550
2015-12-21,11.7,11.8,11.5,11.7,449860
2015-12-22,11.6,11.9,11.6,11.9,1124980
2015-12-23,11.9,11.9,11.6,11.8,560750
2015-12-24,11.8,11.9,11.6,11.6,306940
2015-12-25,11.6,11.7,11.5,11.7,436180
2015-12-28,11.7,11.9,11.6,11.7,623430
2015-12-29,11.7,12.3,11.6,12.0,1098310
2015-12-30,12.1,12.6,12.0,12.6,1406240
2015-12-31,12.6,13.1,12.3,13.1,3528860
2016-01-04,12.7,12.8,12.3,12.6,1127820
2016-01-05,12.6,12.6,12.3,12.3,332490
2016-01-06,12.4,12.9,12.4,12.8,1267100
2016-01-07,12.7,12.8,12.4,12.6,835460
2016-01-08,12.6,12.7,12.3,12.6,452540
2016-01-11,12.6,12.7,12.3,12.3,470190
2016-01-12,12.4,12.5,12.2,12.5,229760
2016-01-13,12.5,12.6,12.3,12.4,158620
2016-01-14,11.9,12.2,11.8,11.9,493350
2016-01-15,11.8,11.9,11.1,11.1,1422060
2016-01-18,10.6,11.1,10.6,10.7,591700
2016-01-19,10.8,11.3,10.8,11.2,308310
2016-01-20,11.2,11.3,10.9,10.9,366490
2016-01-21,10.8,11.3,10.6,10.6,736540
2016-01-22,10.8,10.9,10.6,10.9,382120
2016-01-25,10.9,11.6,10.9,11.6,494380
2016-01-26,11.3,11.4,11.1,11.1,433640
2016-01-27,11.3,11.5,11.2,11.2,300190
2016-01-28,11.2,11.7,11.2,11.3,201130
2016-01-29,11.3,11.5,11.2,11.3,468470
2016-02-01,11.3,11.4,11.2,11.2,323240
2016-02-02,11.2,11.3,11.1,11.1,153230
2016-02-03,11.1,11.1,10.9,11.1,362660
2016-02-04,11.1,11.2,11.0,11.2,274830
2016-02-05,11.2,11.2,11.1,11.2,333120
2016-02-15,11.0,11.2,10.8,11.0,582470
2016-02-16,10.9,11.0,10.9,10.9,716690
2016-02-17,10.9,10.9,10.6,10.6,1636020
2016-02-18,10.6,11.1,10.6,11.0,697250
2016-02-19,10.8,11.1,10.8,11.0,781900
2016-02-22,10.9,11.0,10.8,10.8,876220
2016-02-23,10.9,11.0,10.8,10.9,554120
2016-02-24,10.8,11.4,10.8,11.2,1355180
2016-02-25,11.3,11.4,11.0,11.1,540620
2016-02-26,11.1,11.2,11.0,11.2,278100
2016-02-29,11.2,11.2,11.0,11.0,469130
2016-03-01,11.0,11.1,10.9,10.9,398350
2016-03-02,11.0,11.1,10.9,11.1,425700
2016-03-03,11.2,11.2,11.0,11.0,226030
2016-03-04,11.0,11.1,10.9,11.0,423300
2016-03-07,11.0,11.0,10.9,11.0,420860
2016-03-08,10.9,11.0,10.9,10.9,371220
2016-03-09,11.0,11.0,10.8,10.9,227820
2016-03-10,10.9,11.0,10.8,10.9,130410
2016-03-11,10.9,11.0,10.8,11.0,113110
2016-03-14,11.0,11.0,10.8,11.0,219320
2016-03-15,10.9,10.9,10.8,10.8,424580
2016-03-16,10.8,10.8,10.7,10.7,617340
2016-03-17,10.9,10.9,10.8,10.8,335970
2016-03-18,10.8,10.9,10.4,10.4,6765150
2016-03-21,10.6,10.7,10.6,10.6,298810
2016-03-22,10.7,10.7,10.5,10.6,385610
2016-03-23,10.5,10.6,10.4,10.6,1072500
2016-03-24,10.5,10.6,10.3,10.3,1204500
2016-03-25,10.4,10.4,10.3,10.4,467990
2016-03-28,10.4,10.5,10.3,10.3,383970
2016-03-29,10.3,10.4,10.1,10.1,912290
2016-03-30,10.1,10.4,10.1,10.3,830710
2016-03-31,10.2,10.4,10.1,10.3,689550
2016-04-01,10.3,10.3,10.1,10.3,551560
2016-04-04,10.3,10.3,10.1,10.3,390140
2016-04-05,10.2,10.3,10.1,10.2,351880
2016-04-06,10.2,10.3,10.1,10.3,570660
2016-04-07,10.3,10.3,10.1,10.1,623360
2016-04-08,10.2,10.2,10.1,10.1,417320
2016-04-11,10.1,10.2,10.0,10.1,551250
2016-04-12,10.1,10.2,9.9,10.1,1086420
2016-04-13,10.1,10.3,9.9,10.2,1437600
2016-04-14,10.1,10.3,10.1,10.2,485660
2016-04-15,10.2,10.2,10.1,10.1,125180
2016-04-19,10.1,10.1,10.0,10.0,240700
2016-04-20,10.0,10.1,9.9,10.0,1292850
2016-04-21,9.9,10.4,9.9,10.2,2322450
2016-04-22,10.1,10.3,10.1,10.2,318700
2016-04-25,10.1,10.3,10.1,10.3,805780
2016-04-26,10.2,10.4,10.2,10.2,696460
2016-04-27,10.2,10.2,10.1,10.2,378110
2016-04-28,10.1,10.4,10.1,10.3,1200410
2016-04-29,10.3,10.4,10.2,10.3,339900
2016-05-04,10.2,10.3,10.2,10.2,294080
2016-05-05,10.2,10.3,10.2,10.3,240490
2016-05-06,10.2,10.4,10.2,10.3,470690
2016-05-09,10.2,10.4,10.2,10.3,389820
2016-05-10,10.4,10.4,10.2,10.4,203080
2016-05-11,10.3,10.4,10.3,10.3,324070
2016-05-12,10.3,11.0,10.3,11.0,1933900
2016-05-13,11.3,11.7,11.2,11.7,2671290
2016-05-16,12.4,12.4,11.9,12.1,3430990
2016-05-17,12.0,12.9,11.7,12.7,4426370
2016-05-18,12.6,13.0,12.6,12.6,2684870
2016-05-19,12.5,12.6,12.3,12.4,1267530
2016-05-20,12.2,12.3,11.8,11.9,2787820
2016-05-23,11.9,12.2,11.7,11.7,1564460
2016-05-24,11.8,11.9,11.5,11.5,1510550
2016-05-25,11.6,11.7,11.2,11.2,1358130
2016-05-26,11.3,11.6,10.9,11.0,2142490
2016-05-27,11.0,11.3,10.8,11.3,795400
2016-05-30,11.3,11.3,11.1,11.1,975500
2016-05-31,11.1,11.3,11.0,11.0,1720970
2016-06-01,11.1,11.2,11.0,11.1,532220
2016-06-02,11.1,11.3,11.0,11.2,578720
2016-06-03,11.2,11.3,11.0,11.3,1548070
2016-06-06,11.3,12.0,11.1,12.0,2078010
2016-06-07,12.2,12.3,11.9,11.9,1458150
2016-06-08,11.8,12.2,11.7,12.1,1685930
2016-06-09,12.0,12.1,11.9,12.1,1421620
2016-06-10,12.1,12.1,11.5,11.5,915680
2016-06-13,11.7,11.9,11.4,11.8,2042500
2016-06-14,11.9,11.9,11.7,11.8,352490
2016-06-15,11.8,11.8,11.5,11.7,715860
2016-06-16,11.7,11.8,11.6,11.6,810600
2016-06-17,11.5,11.8,11.3,11.3,2160740
2016-06-20,11.5,11.5,11.3,11.3,801820
2016-06-21,11.4,11.5,11.2,11.5,1032700
2016-06-22,11.5,11.7,11.4,11.5,689770
2016-06-23,11.5,11.6,11.4,11.5,340140
2016-06-24,11.5,11.5,10.7,11.3,1945750
2016-06-27,11.1,11.4,10.9,11.3,731260
2016-06-28,11.2,11.4,11.1,11.3,556280
2016-06-29,11.3,11.5,11.3,11.4,412930
2016-06-30,11.3,11.5,11.2,11.3,684520
2016-07-01,11.3,11.4,11.1,11.3,504630
2016-07-04,11.4,11.4,11.2,11.3,519110
2016-07-05,11.3,11.6,11.2,11.4,1166540
2016-07-06,11.3,11.4,11.2,11.3,358400
2016-07-07,11.3,11.4,11.2,11.2,349120
2016-07-08,11.2,11.3,11.0,11.2,1046230
2016-07-11,11.2,11.3,11.0,11.2,713940
2016-07-12,11.1,11.2,11.0,11.2,501660
2016-07-13,11.1,11.7,11.1,11.5,2043090
2016-07-14,11.5,11.7,11.4,11.5,1864290
2016-07-15,11.6,12.3,11.6,11.9,4121930
2016-07-18,11.9,12.1,11.9,12.1,1142740
2016-07-19,12.1,12.2,11.5,11.6,1118480
2016-07-20,11.4,11.5,11.1,11.2,1972550
2016-07-21,11.2,11.5,11.2,11.3,616450
2016-07-22,11.3,11.3,11.0,11.1,1025910
2016-07-25,11.2,11.2,11.0,11.0,558160
2016-07-26,11.0,11.2,11.0,11.2,383560
2016-07-27,11.2,11.2,11.2,11.2,0
2016-07-28,11.2,11.2,11.0,11.2,750120
2016-07-29,11.0,11.3,11.0,11.3,1192360
2016-08-01,11.3,11.3,11.1,11.2,406670
2016-08-02,11.1,11.2,10.9,11.1,821380
2016-08-03,11.0,11.1,10.8,11.0,416390
2016-08-04,10.9,11.0,10.5,10.5,810520
2016-08-05,10.6,11.0,10.5,11.0,2051050
2016-08-08,10.5,10.9,10.5,10.9,869100
2016-08-09,10.9,10.9,10.7,10.7,190360
2016-08-10,10.8,10.9,10.7,10.8,165580
2016-08-11,10.8,10.9,10.7,10.9,359550
2016-08-12,10.9,11.0,10.7,10.9,406780
2016-08-15,10.7,11.0,10.7,10.9,320470
2016-08-16,10.8,10.9,10.7,10.7,244020
2016-08-17,10.7,10.8,10.6,10.8,774790
2016-08-18,10.8,10.9,10.6,10.6,258770
2016-08-19,10.6,10.7,10.5,10.6,619850
2016-08-22,10.7,10.7,10.5,10.6,108920
2016-08-23,10.5,10.6,10.5,10.5,108640
2016-08-24,10.5,10.6,10.5,10.5,153670
2016-08-25,10.4,10.5,10.3,10.3,217980
2016-08-26,10.5,10.6,10.4,10.5,190480
2016-08-29,10.5,10.6,10.5,10.5,226790
2016-08-30,10.5,10.6,10.4,10.5,200230
2016-08-31,10.4,10.5,10.4,10.4,195100
2016-09-01,10.5,10.5,10.1,10.2,1040380
2016-09-05,10.2,10.3,10.0,10.0,1419180
2016-09-06,10.0,10.2,10.0,10.2,700130
2016-09-07,10.2,10.2,9.9,10.0,741350
2016-09-08,10.0,10.1,9.9,9.9,1084790
2016-09-09,10.0,10.0,9.7,9.9,2496270
2016-09-12,10.0,10.2,9.88,10.0,3968120
2016-09-13,10.0,10.0,9.91,9.99,742300
2016-09-14,9.99,10.1,9.9,10.1,1379170
2016-09-15,10.0,10.1,9.92,10.1,1620470
2016-09-16,10.05,10.05,9.4,9.4,9564610
2016-09-19,9.6,9.9,9.6,9.87,317770
2016-09-20,9.89,9.89,9.59,9.79,337860
2016-09-21,9.59,9.63,9.49,9.52,995760
2016-09-22,9.51,9.69,9.45,9.6,797070
2016-09-23,9.52,9.68,9.5,9.5,315760
2016-09-26,9.5,9.56,9.4,9.41,402320
2016-09-27,9.4,9.5,9.4,9.43,391300
2016-09-28,9.43,9.65,9.42,9.43,452560
2016-09-29,9.43,9.49,9.35,9.39,737210
2016-09-30,9.36,9.39,9.3,9.32,644360
2016-10-03,9.32,9.39,9.05,9.2,1055280
2016-10-04,9.2,9.25,9.1,9.15,606210
2016-10-05,9.1,9.4,9.1,9.35,570610
2016-10-06,9.35,9.68,9.35,9.61,882200
2016-10-07,9.61,9.61,9.5,9.53,456540
2016-10-10,9.55,9.55,9.33,9.37,408880
2016-10-11,9.3,9.33,9.19,9.25,402850
2016-10-12,9.21,9.34,9.18,9.22,477060
2016-10-13,9.23,9.25,9.2,9.2,559870
2016-10-14,9.19,9.33,9.19,9.21,1207130
2016-10-17,9.2,9.33,9.2,9.22,838920
2016-10-18,9.22,9.27,9.21,9.24,246240
2016-10-19,9.23,9.59,9.23,9.48,1107790
2016-10-20,9.49,9.52,9.32,9.32,759310
2016-10-21,9.27,9.3,9.22,9.25,608320
2016-10-24,9.25,9.25,9.2,9.2,622260
2016-10-25,9.2,9.29,9.1,9.1,500800
2016-10-26,9.1,9.16,9.02,9.02,574060
2016-10-27,9.02,9.06,8.95,8.95,905430
2016-10-28,9.0,9.0,8.87,8.87,508880
2016-10-31,8.8,8.86,8.76,8.82,687480
2016-11-01,8.7,8.8,8.45,8.5,877760
2016-11-02,8.4,8.49,8.21,8.25,484870
2016-11-03,8.25,8.3,8.23,8.24,270170
2016-11-04,8.26,8.41,8.26,8.38,182490
2016-11-07,8.35,8.6,8.35,8.42,316170
2016-11-08,8.5,8.5,8.39,8.43,245020
2016-11-09,8.3,8.43,8.01,8.25,372690
2016-11-10,8.3,8.43,8.3,8.4,303510
2016-11-11,8.39,8.4,8.24,8.24,224930
2016-11-14,8.24,8.24,7.95,8.01,1186200
2016-11-15,8.05,8.1,7.8,8.1,480170
2016-11-16,8.01,8.18,8.01,8.1,255980
2016-11-17,8.1,8.1,7.91,7.91,844060
2016-11-18,7.99,7.99,7.8,7.88,531210
2016-11-21,7.88,8.3,7.88,8.3,930630
2016-11-22,8.25,8.35,8.0,8.27,633530
2016-11-23,8.26,8.3,8.23,8.27,349760
2016-11-24,8.27,8.29,8.1,8.22,642570
2016-11-25,8.22,8.22,8.06,8.1,153500
2016-11-28,8.02,8.02,7.77,7.8,1984640
2016-11-29,7.86,7.86,7.45,7.8,2260120
2016-11-30,7.7,7.7,7.38,7.5,2387680
2016-12-01,7.5,7.62,7.5,7.55,939850
2016-12-02,7.55,7.8,7.52,7.74,940350
2016-12-05,7.61,7.64,7.45,7.5,841520
2016-12-06,7.5,7.54,7.36,7.51,1079180
2016-12-07,7.52,7.82,7.4,7.4,1858910
2016-12-08,7.5,7.91,7.47,7.91,1941520
2016-12-09,7.91,7.91,7.71,7.8,769320
2016-12-12,7.54,7.79,7.54,7.61,1239220
2016-12-13,7.61,7.66,7.6,7.62,1350180
2016-12-14,7.64,7.9,7.64,7.9,5855310
2016-12-15,7.95,8.41,7.85,8.0,3490530
2016-12-16,8.0,8.26,7.99,8.2,20938600
2016-12-19,8.2,8.48,8.2,8.42,1904150
2016-12-20,8.41,8.47,8.31,8.4,1689660
2016-12-21,8.34,8.37,8.25,8.26,2297650
2016-12-22,8.25,8.25,8.06,8.2,1285330
2016-12-23,8.14,8.54,8.1,8.34,2047050
2016-12-26,8.44,8.5,8.35,8.35,1216270
2016-12-27,8.32,8.6,8.2,8.6,3001210
2016-12-28,8.65,9.1,8.6,9.1,3725930
2016-12-29,9.14,9.4,9.04,9.4,6526590
2016-12-30,9.3,9.54,9.15,9.45,9635540
2017-01-03,9.16,9.3,8.79,8.79,4992030
2017-01-04,8.61,8.78,8.2,8.2,3363350
2017-01-05,8.45,8.65,8.45,8.58,1287450
2017-01-06,8.55,9.14,8.55,8.78,2703680
2017-01-09,8.66,9.08,8.64,8.99,3038300
2017-01-10,8.92,9.1,8.9,9.0,1232330
2017-01-11,8.97,9.07,8.96,9.03,1349300
2017-01-12,9.03,9.07,9.0,9.04,1797240
2017-01-13,9.06,9.06,8.93,8.95,2017120
2017-01-16,8.95,8.97,8.7,8.96,1291500
2017-01-17,8.81,9.3,8.81,9.24,2350910
2017-01-18,9.28,9.53,9.25,9.45,4600250
2017-01-19,9.46,9.62,9.3,9.59,2582630
2017-01-20,9.53,9.61,9.43,9.5,1869720
2017-01-23,9.45,9.65,9.43,9.55,1821800
2017-01-24,9.55,9.85,9.55,9.85,3116170
2017-01-25,9.85,10.35,9.85,10.2,3438690
2017-01-26,10.2,10.2,10.2,10.2,0
2017-02-03,10.0,10.25,9.96,10.05,2635600
2017-02-06,9.95,10.1,9.94,9.95,2846170
2017-02-07,9.9,9.96,9.76,9.87,1725610
2017-02-08,9.89,10.0,9.76,10.0,3235360
2017-02-09,10.1,10.35,10.0,10.2,2145060
2017-02-10,10.3,10.3,10.1,10.2,1469330
2017-02-13,10.15,10.2,9.9,10.0,1785570
2017-02-14,10.05,10.3,9.97,10.1,2570710
2017-02-15,10.1,10.2,9.95,9.95,2883530
2017-02-16,10.05,10.6,9.96,10.45,6179030
2017-02-17,10.35,11.0,10.35,11.0,7610430
2017-02-20,11.0,11.2,10.95,11.05,5137610
2017-02-21,11.05,11.2,10.8,10.85,5324970
2017-02-22,10.7,10.95,10.6,10.95,3962810
2017-02-23,11.0,11.5,10.95,11.05,5917390
2017-02-24,11.0,11.05,10.3,10.3,10600150
2017-02-27,10.1,10.75,10.1,10.45,3082020
2017-02-28,10.55,10.6,10.25,10.3,1955320
2017-03-01,10.3,10.4,9.9,10.2,2429100
2017-03-02,10.3,10.3,10.1,10.2,729090
2017-03-03,10.2,10.9,10.15,10.9,5044750
2017-03-06,11.0,11.3,10.7,10.8,4251180
2017-03-07,10.7,10.9,10.45,10.5,2221470
2017-03-08,10.45,10.75,10.25,10.6,2451570
2017-03-09,10.6,10.7,10.45,10.45,1621400
2017-03-10,10.45,10.75,10.4,10.45,1867560
2017-03-13,10.55,10.8,10.55,10.55,2546430
2017-03-14,10.55,10.7,10.45,10.45,985280
2017-03-15,10.45,10.55,10.35,10.35,1299350
2017-03-16,10.4,10.45,10.3,10.35,1893910
2017-03-17,10.35,10.45,10.3,10.3,3764970
2017-03-20,10.4,10.6,10.4,10.55,1646200
2017-03-21,10.55,10.75,10.5,10.7,2217160
2017-03-22,10.7,11.1,10.65,10.75,6347030
2017-03-23,10.75,11.5,10.75,11.4,9556890
2017-03-24,11.6,11.85,11.25,11.4,13413190
2017-03-27,11.5,11.65,11.4,11.4,5749350
2017-03-28,11.35,11.4,11.15,11.15,4881550
2017-03-29,11.2,11.25,11.05,11.2,2930270
2017-03-30,11.3,11.5,11.2,11.25,2842790
2017-03-31,11.4,11.85,11.2,11.45,10132150
2017-04-03,11.6,12.25,11.6,12.25,18140820
2017-04-04,12.8,12.8,12.3,12.4,14362330
2017-04-05,12.25,12.6,12.05,12.3,7535020
2017-04-07,11.7,13.15,11.7,13.15,26336490
2017-04-10,13.4,13.8,12.8,12.8,10962740
2017-04-11,12.7,13.0,12.55,12.65,5045820
2017-04-12,12.55,13.0,12.5,12.75,6402260
2017-04-13,12.9,12.9,11.9,11.9,4994400
2017-04-14,11.7,12.2,11.35,11.6,5497070
2017-04-17,11.9,12.0,11.2,11.2,5038810
2017-04-18,11.2,11.3,11.05,11.3,6659720
2017-04-19,11.3,11.7,11.3,11.6,3200840
2017-04-20,11.6,11.9,11.5,11.6,3038720
2017-04-21,11.7,11.8,11.05,11.25,5004420
2017-04-24,11.0,11.4,10.5,10.5,4982210
2017-04-25,10.75,11.2,10.45,11.1,5363000
2017-04-26,11.1,11.85,10.95,11.85,8428630
2017-04-27,11.9,12.6,11.9,12.4,11427550
2017-04-28,12.4,12.4,12.4,12.4,0
2017-05-03,11.55,11.9,11.5,11.65,4246930
2017-05-04,11.6,12.25,11.6,12.15,6460220
2017-05-05,12.15,12.15,11.95,12.1,3470050
2017-05-08,11.8,12.1,11.7,11.75,2700320
2017-05-09,11.75,11.9,11.7,11.9,2410010
2017-05-10,11.9,12.5,11.9,12.4,6651760
2017-05-11,12.6,12.65,12.2,12.35,3610150
2017-05-12,12.2,12.45,12.2,12.2,1873730
2017-05-15,12.35,13.0,12.15,12.65,5718970
2017-05-16,12.6,12.9,12.3,12.35,3540640
2017-05-17,12.5,12.6,12.35,12.5,2663290
2017-05-18,12.5,12.9,12.4,12.45,3435170
2017-05-19,12.45,12.55,12.35,12.4,2610790
2017-05-22,12.4,12.9,12.35,12.7,5150660
2017-05-23,12.8,12.9,12.4,12.4,3420220
2017-05-24,12.5,12.75,12.4,12.55,2937350
2017-05-25,12.55,12.75,12.35,12.4,4879100
2017-05-26,12.4,12.45,12.25,12.3,2984470
2017-05-29,12.45,13.0,12.4,12.7,6539820
2017-05-30,13.0,13.1,12.55,12.6,4936770
2017-05-31,12.6,12.75,12.45,12.5,3648970
2017-06-01,12.6,12.65,12.45,12.65,1142170
2017-06-02,12.65,12.65,12.4,12.4,1721590
2017-06-05,12.6,12.9,12.5,12.7,2279100
2017-06-06,12.75,13.55,12.75,13.55,13478470
2017-06-07,13.9,13.95,13.4,13.45,6012030
2017-06-08,13.6,13.95,13.3,13.8,3670150
2017-06-09,13.8,14.25,13.7,13.9,8232210
2017-06-12,14.0,14.2,13.7,13.8,4834940
2017-06-13,13.9,13.95,13.4,13.9,5375720
2017-06-14,14.1,14.1,13.9,14.0,3775730
2017-06-15,14.0,14.05,13.7,13.75,3015650
2017-06-16,13.7,13.9,13.6,13.9,15373500
2017-06-19,14.0,14.3,13.95,14.15,6721540
2017-06-20,14.3,14.6,14.3,14.55,6390010
2017-06-21,14.55,14.7,14.2,14.6,7121830
2017-06-22,14.55,14.6,14.2,14.3,4770860
2017-06-23,14.2,14.3,13.9,14.2,4049930
2017-06-26,14.2,14.2,13.95,14.2,3266330
2017-06-27,14.4,14.65,14.2,14.35,3374550
2017-06-28,14.4,14.4,14.0,14.2,4267300
2017-06-29,14.2,14.2,13.95,14.1,4432020
2017-06-30,14.1,14.2,13.45,13.8,8296560
2017-07-03,13.8,14.0,13.6,13.6,3454090
2017-07-04,13.6,13.65,12.95,13.2,5322950
2017-07-05,13.0,13.5,12.9,13.45,3235010
2017-07-06,13.6,13.75,13.35,13.45,2208080
2017-07-07,13.45,13.45,13.0,13.0,3089000
2017-07-10,13.1,13.2,12.8,12.85,2950630
2017-07-11,12.85,12.9,12.4,12.6,2802160
2017-07-12,12.6,12.85,12.55,12.6,1922680
2017-07-13,12.6,12.6,12.6,12.6,0
2017-07-14,12.35,12.5,12.05,12.1,3526580
2017-07-17,12.0,12.0,11.4,11.7,4502010
2017-07-18,11.7,12.1,11.5,12.1,2805030
2017-07-19,12.4,12.4,12.05,12.05,1307330
2017-07-20,12.0,12.05,11.8,11.8,1355350
2017-07-21,11.8,12.05,11.7,11.7,2077700
2017-07-24,11.8,11.9,11.65,11.85,2354130
2017-07-25,11.9,12.5,11.85,12.5,3406030
2017-07-26,12.55,12.95,12.5,12.8,4427250
2017-07-27,12.6,12.9,12.6,12.65,1883150
2017-07-28,12.65,12.65,12.65,12.65,0
2017-07-31,12.8,13.2,12.7,13.1,4492180
2017-08-01,13.1,13.1,12.95,13.0,1812500
2017-08-02,12.7,12.9,12.5,12.55,4832580
2017-08-03,12.3,12.7,12.3,12.3,3983410
2017-08-04,12.5,12.75,12.4,12.7,2336320
2017-08-07,12.7,12.75,12.55,12.55,1886350
2017-08-08,12.6,12.6,12.2,12.2,2403020
2017-08-09,12.2,12.2,11.8,11.8,3700060
2017-08-10,11.8,12.1,11.8,11.95,1484820
2017-08-11,11.95,12.1,11.85,11.95,849270
2017-08-14,12.0,12.15,11.95,12.1,786880
2017-08-15,12.25,12.25,11.9,11.9,1378810
2017-08-16,11.9,12.05,11.7,12.0,1952380
2017-08-17,12.05,12.1,11.85,11.85,895770
2017-08-18,11.85,11.9,11.65,11.75,928080
2017-08-21,11.8,11.9,11.6,11.7,1543440
2017-08-22,11.8,11.8,11.6,11.7,961110
2017-08-23,11.75,11.95,11.65,11.8,58245000
2017-08-24,11.7,11.9,11.7,11.75,120970000
2017-08-25,11.75,11.8,11.7,11.8,1158950
2017-08-28,11.8,11.9,11.7,11.75,1104120
2017-08-29,11.75,11.8,11.6,11.6,2181750
2017-08-30,11.75,11.75,11.4,11.45,1985990
2017-08-31,11.4,11.8,11.3,11.7,2599940
2017-09-01,11.65,11.75,11.5,11.6,1408480
2017-09-04,11.6,11.6,11.6,11.6,0
2017-09-05,11.7,11.9,11.5,11.85,2866040
2017-09-06,11.8,11.9,11.65,11.65,1144370
2017-09-07,11.65,11.9,11.65,11.75,1020940
2017-09-08,11.75,11.8,11.65,11.65,912570
2017-09-11,11.7,11.7,11.6,11.6,1153080
2017-09-12,11.6,11.65,11.45,11.45,1544140
2017-09-13,11.5,11.55,11.4,11.5,1356240
2017-09-14,11.55,11.7,11.45,11.7,2108820
2017-09-15,11.7,11.75,11.5,11.5,5536640
2017-09-18,11.55,11.95,11.55,11.8,1770890
2017-09-19,11.8,11.9,11.7,11.75,1529880
2017-09-20,11.75,11.75,11.65,11.7,969630
2017-09-21,11.7,11.7,11.55,11.6,1437280
2017-09-22,11.65,11.75,11.55,11.55,1343360
2017-09-25,11.45,12.35,11.45,12.3,7067150
2017-09-26,12.55,12.8,12.35,12.5,5174150
2017-09-27,12.35,12.45,12.2,12.25,1455920
2017-09-28,12.2,12.9,12.2,12.6,6772290
2017-09-29,12.6,12.65,12.4,12.5,1935010
2017-10-02,12.5,12.65,12.3,12.3,1909860
2017-10-03,12.3,12.3,12.0,12.15,1844640
2017-10-04,12.0,12.35,12.0,12.2,2031090
2017-10-05,12.3,12.35,12.05,12.1,1454260
2017-10-06,12.1,12.3,12.05,12.3,1067440
2017-10-09,12.6,12.6,12.35,12.45,1817050
2017-10-10,12.5,12.5,12.35,12.45,1321470
2017-10-11,12.05,12.2,11.6,11.65,9309570
2017-10-12,11.65,11.9,11.6,11.6,5790330
2017-10-13,11.35,11.6,11.3,11.5,4143320
2017-10-16,11.5,11.6,11.35,11.6,1481020
2017-10-17,11.6,11.6,11.45,11.45,3036700
2017-10-18,11.55,11.55,11.4,11.4,2845200
2017-10-19,11.4,11.6,11.35,11.5,2164080
2017-10-20,11.55,11.55,11.45,11.55,1585160
2017-10-23,11.45,11.5,11.25,11.3,1899440
2017-10-24,11.4,11.4,11.2,11.3,1902950
2017-10-25,11.3,11.4,11.3,11.3,909250
2017-10-26,11.35,11.35,11.1,11.35,1787310
2017-10-27,11.3,11.35,11.1,11.35,1152360
2017-10-30,11.4,11.4,11.15,11.25,1498710
2017-10-31,11.25,11.25,11.0,11.0,1572270
2017-11-01,11.15,11.2,11.05,11.2,1126140
2017-11-02,11.3,11.3,11.1,11.3,1035130
2017-11-03,11.35,11.35,11.1,11.1,700700
2017-11-06,11.25,11.25,11.1,11.2,912390
2017-11-07,11.25,11.25,11.15,11.2,754030
2017-11-08,11.2,11.25,11.15,11.2,1168460
2017-11-09,11.2,11.25,11.1,11.15,594710
2017-11-10,11.1,11.45,11.1,11.4,1951220
2017-11-13,11.5,11.5,11.2,11.2,995580
2017-11-14,11.2,11.3,11.15,11.15,1577250
2017-11-15,11.2,11.45,11.15,11.45,2355030
2017-11-16,11.4,12.05,11.4,12.0,7844650
2017-11-17,12.0,12.15,11.65,11.75,4020830
2017-11-20,11.7,11.85,11.65,11.85,1850790
2017-11-21,11.8,11.95,11.8,11.85,2810990
2017-11-22,11.9,12.4,11.75,12.4,7063090
2017-11-23,12.45,12.6,12.15,12.35,4070330
2017-11-24,12.25,12.45,12.15,12.4,2655650
2017-11-27,12.3,12.7,12.25,12.55,4981930
2017-11-28,12.6,12.65,12.4,12.6,3207750
2017-11-29,12.9,13.3,12.85,13.2,11303760
2017-11-30,13.35,13.4,12.95,13.1,6055990
2017-12-01,13.05,13.1,12.9,13.0,3311710
2017-12-04,13.1,13.7,13.05,13.7,10088860
2017-12-05,13.7,13.7,13.0,13.0,5927870
2017-12-06,13.0,13.25,12.8,13.25,7182320
2017-12-07,13.3,13.35,12.85,13.0,5844310
2017-12-08,12.95,13.05,12.85,12.95,3170840
2017-12-11,12.8,12.85,12.3,12.3,4124060
2017-12-12,12.4,12.55,11.45,12.45,6713650
2017-12-13,12.5,12.5,12.0,12.0,1791790
2017-12-14,11.9,12.5,11.9,12.5,2535990
2017-12-15,12.5,12.7,12.3,12.7,3316180
2017-12-18,12.95,12.95,12.6,12.75,3899560
2017-12-19,12.9,12.9,12.5,12.55,2998760
2017-12-20,12.55,12.75,12.45,12.55,2961790
2017-12-21,12.6,12.65,12.3,12.3,3185360
2017-12-22,12.3,12.65,12.3,12.55,4056860
2017-12-25,12.65,12.75,12.3,12.35,3767280
2017-12-26,12.45,12.6,12.35,12.6,3685430
2017-12-27,12.65,13.1,12.6,12.85,18184020
2017-12-28,12.9,13.1,12.85,12.95,9637560
2017-12-29,13.0,13.05,12.8,12.85,7267650
2018-01-01,12.85,12.85,12.85,12.85,0
2018-01-02,12.85,13.5,12.7,13.4,16330710
2018-01-03,13.5,13.6,13.25,13.35,15695370
2018-01-04,13.35,13.85,13.35,13.6,26486080
2018-01-05,13.7,13.8,13.45,13.6,17260770
2018-01-08,13.7,14.55,13.7,14.55,33849130
2018-01-09,15.05,15.25,14.6,14.85,36237040
2018-01-10,14.7,15.65,14.5,15.6,49555650
2018-01-11,15.4,16.5,15.2,16.25,24136660
2018-01-12,16.1,16.5,15.5,15.5,34240510
2018-01-15,15.35,15.6,14.95,15.35,37458060
2018-01-16,15.0,15.2,14.75,14.95,42132270
2018-01-17,14.95,14.95,14.95,14.95,0
2018-01-18,14.15,15.0,13.9,15.0,31286260
2018-01-19,15.1,15.6,14.9,15.45,28631100
2018-01-22,15.45,15.45,15.45,15.45,0
2018-01-23,15.45,15.45,15.45,15.45,0
2018-01-24,15.45,15.45,15.45,15.45,0
2018-01-25,15.2,15.9,14.85,15.4,48551070
2018-01-26,15.6,15.9,15.2,15.7,22848750
2018-01-29,15.8,16.75,15.75,16.75,34304980
2018-01-30,16.6,17.3,16.25,17.1,30030790
2018-01-31,17.2,17.2,16.25,16.25,26189160
2018-02-01,16.35,16.4,15.65,15.7,26002480
2018-02-02,15.8,16.4,15.55,16.25,13867670
2018-02-05,15.85,16.05,15.15,15.15,22169590
2018-02-06,14.1,15.4,14.1,15.4,32948840
2018-02-07,15.9,16.1,15.6,15.75,14286510
2018-02-08,15.35,15.7,14.9,14.9,8479180
2018-02-09,14.4,15.15,14.3,14.95,13411880
2018-02-12,15.4,15.9,15.2,15.9,9914870
2018-02-13,16.0,16.1,15.85,15.9,10209140
2018-02-14,15.9,15.9,15.9,15.9,0
2018-02-15,15.9,15.9,15.9,15.9,0
2018-02-16,15.9,15.9,15.9,15.9,0
2018-02-19,15.9,15.9,15.9,15.9,0
2018-02-20,15.9,15.9,15.9,15.9,0
2018-02-21,16.05,16.6,15.9,16.3,16316020
2018-02-22,16.1,16.7,16.0,16.1,18524560
2018-02-23,16.3,16.45,16.05,16.45,13291780
2018-02-26,16.75,16.8,16.05,16.05,19198360
2018-02-27,16.2,16.25,15.9,16.15,12575110
2018-02-28,16.15,16.15,16.15,16.15,0
2018-03-01,15.9,16.15,15.7,15.75,17478590
2018-03-02,15.5,15.8,15.45,15.7,11091610
2018-03-05,15.85,15.9,14.95,14.95,17426940
2018-03-06,15.2,15.45,15.0,15.3,12649080
2018-03-07,15.35,15.35,14.95,15.05,10579590
2018-03-08,15.1,15.3,15.0,15.2,6052260
2018-03-09,15.5,15.5,15.25,15.4,7217150
2018-03-12,15.55,16.15,15.45,15.95,17246770
2018-03-13,16.0,16.2,15.9,16.1,11565610
2018-03-14,16.2,16.45,16.05,16.05,16435110
2018-03-15,16.05,16.4,15.9,16.15,12448630
2018-03-16,16.4,16.55,16.25,16.3,22637590
2018-03-19,16.5,16.6,16.0,16.05,12281670
2018-03-20,15.9,16.05,15.9,16.0,12481130
2018-03-21,16.1,16.5,16.05,16.25,19142330
2018-03-22,16.3,16.45,15.95,16.0,13091770
2018-03-23,15.5,15.8,15.4,15.75,17462630
2018-03-26,15.5,15.75,15.4,15.65,10950260
2018-03-27,15.8,15.9,15.45,15.5,8281210
2018-03-28,15.45,15.5,15.3,15.35,6522170
2018-03-29,15.45,15.5,15.2,15.25,5936830
2018-03-30,15.3,15.55,15.2,15.5,5869030
2018-04-02,15.65,15.9,15.55,15.8,8270980
2018-04-03,15.7,15.85,15.6,15.7,6880570
2018-04-04,15.75,15.95,15.6,15.6,7381040
2018-04-05,15.65,15.75,15.55,15.7,6478900
2018-04-06,15.75,16.3,15.75,16.1,19585030
2018-04-09,16.2,16.5,16.1,16.4,14760890
2018-04-10,16.5,16.65,16.0,16.2,12994170
2018-04-11,16.2,16.3,15.55,15.65,16587330
2018-04-12,15.55,15.7,15.4,15.6,10108420
2018-04-13,15.75,15.8,15.35,15.45,8574840
2018-04-16,15.4,15.65,15.2,15.5,4935240
2018-04-17,15.5,15.8,15.5,15.8,4935860
2018-04-18,15.85,15.85,15.5,15.5,4805610
2018-04-19,15.5,15.55,15.0,15.0,9404240
2018-04-20,15.2,15.45,14.9,15.45,7856380
2018-04-23,15.45,15.5,14.4,14.4,11192640
2018-04-24,14.4,14.5,14.1,14.15,7281230
2018-04-25,14.15,14.15,14.15,14.15,0
2018-04-26,14.1,14.25,13.2,13.35,8527570
2018-04-27,13.35,13.95,13.3,13.85,5678620
2018-04-30,13.85,13.85,13.85,13.85,0
2018-05-01,13.85,13.85,13.85,13.85,0
2018-05-02,13.8,13.95,13.2,13.3,5157290
2018-05-03,13.3,13.7,12.65,13.7,7686450
2018-05-04,13.7,13.8,13.35,13.45,4008960
2018-05-07,13.5,13.95,13.4,13.95,4882230
2018-05-08,13.9,14.0,13.65,13.65,3345160
2018-05-09,13.6,13.75,13.45,13.5,2448570
2018-05-10,13.5,13.5,12.8,12.9,5838710
2018-05-11,12.9,13.15,12.7,13.1,5002790
2018-05-14,13.3,13.3,12.95,13.1,2829090
2018-05-15,13.0,13.3,13.0,13.1,3437030
2018-05-16,13.05,13.2,13.0,13.05,2502170
2018-05-17,13.05,13.1,12.75,12.75,2661130
2018-05-18,12.85,12.9,12.5,12.75,3843440
2018-05-21,12.8,12.95,12.6,12.6,3395120
2018-05-22,12.5,12.55,11.75,12.0,7441600
2018-05-23,12.0,12.25,11.8,12.15,4596350
2018-05-24,12.2,12.3,11.95,12.05,4270750
2018-05-25,12.0,12.1,11.65,11.65,3719300
2018-05-28,11.6,11.65,10.85,10.85,7851450
2018-05-29,10.9,11.6,10.9,11.6,7049880
2018-05-30,11.6,11.75,11.4,11.5,4355010
2018-05-31,11.45,11.85,11.4,11.75,3226080
2018-06-01,11.7,12.0,11.7,11.75,4314180
2018-06-04,12.0,12.55,12.0,12.55,7419940
2018-06-05,12.7,13.15,12.6,12.9,8107860
2018-06-06,12.8,13.45,12.7,13.3,8478470
2018-06-07,13.3,13.35,12.95,13.0,7106430
2018-06-08,13.0,13.1,12.85,12.9,3969030
2018-06-11,12.8,12.9,12.6,12.6,3756490
2018-06-12,12.5,12.95,12.35,12.8,8549820
2018-06-13,12.8,12.95,12.7,12.8,1814330
2018-06-14,12.75,12.8,12.5,12.55,2464740
2018-06-15,12.4,12.6,12.35,12.4,5462650
2018-06-18,12.4,12.55,11.85,12.0,3986380
2018-06-19,11.95,11.95,11.3,11.7,8280170
2018-06-20,11.75,12.0,11.6,12.0,3285750
2018-06-21,11.9,12.0,11.65,11.7,2488750
2018-06-22,11.6,12.05,11.6,12.0,3189890
2018-06-25,12.35,12.35,12.05,12.15,2825390
2018-06-26,11.9,12.05,11.85,12.0,2546840
2018-06-27,12.0,12.2,11.8,11.8,1747560
2018-06-28,11.8,11.85,11.4,11.55,3663730
2018-06-29,11.6,11.7,11.5,11.55,1885150
2018-07-02,11.55,11.55,11.1,11.1,3788190
2018-07-03,11.2,11.25,10.35,10.35,6648330
2018-07-04,10.5,10.65,10.25,10.3,6767270
2018-07-05,10.25,10.35,9.67,9.72,5658700
2018-07-06,9.8,10.4,9.7,10.4,8470650
2018-07-09,10.55,10.75,10.4,10.4,4717430
2018-07-10,10.4,10.6,10.4,10.4,2366070
2018-07-11,10.2,10.3,9.85,10.0,4815180
2018-07-12,10.0,10.45,10.0,10.15,3157170
2018-07-13,10.35,10.5,10.3,10.45,2839740
2018-07-16,10.55,10.7,10.45,10.5,3023400
2018-07-17,10.45,10.8,10.45,10.75,4090070
2018-07-18,10.85,11.2,10.8,11.2,5786780
2018-07-19,11.2,11.2,10.9,11.0,3335440
2018-07-20,10.95,11.1,10.8,11.0,4076100
2018-07-23,11.3,11.75,11.25,11.75,14236370
2018-07-24,11.75,11.75,11.75,11.75,0
2018-07-25,11.4,11.55,11.2,11.2,3150420
2018-07-26,11.2,11.35,11.05,11.25,4443590
2018-07-27,11.3,11.4,11.2,11.2,2794540
2018-07-30,11.3,11.55,11.25,11.5,5185990
2018-07-31,11.5,11.7,11.35,11.45,4228220
2018-08-01,11.45,11.55,11.3,11.3,2520310
2018-08-02,11.25,11.3,10.95,11.05,7584140
2018-08-03,11.25,11.3,11.05,11.05,2413580
2018-08-06,11.05,11.35,11.0,11.15,3133130
2018-08-07,11.2,11.25,11.05,11.15,2230630
2018-08-08,11.2,11.35,11.1,11.35,3476090
2018-08-09,11.4,11.65,11.2,11.3,8036140
2018-08-10,11.25,11.35,11.2,11.25,3197060
2018-08-13,11.25,11.8,11.2,11.8,10740690
2018-08-14,11.8,11.85,11.6,11.6,3492740
2018-08-15,11.7,11.75,11.35,11.4,5347120
2018-08-16,11.3,11.4,11.15,11.4,5988420
2018-08-17,11.55,11.6,11.2,11.2,3021220
2018-08-20,11.2,11.3,11.15,11.15,4785990
2018-08-21,11.15,11.3,11.15,11.2,5557070
2018-08-22,11.5,11.6,11.4,11.45,6524970
2018-08-23,11.45,11.5,11.35,11.4,3559200
2018-08-24,11.35,11.45,11.25,11.3,3585410
2018-08-27,11.4,11.55,11.35,11.4,4277920
2018-08-28,11.5,11.55,11.4,11.5,3742950
2018-08-29,11.5,11.55,11.35,11.4,2619380
2018-08-30,11.45,11.55,11.3,11.5,5942360
2018-08-31,11.55,11.55,11.35,11.35,6896940
2018-09-03,11.35,11.35,11.35,11.35,0
2018-09-04,11.35,11.4,11.2,11.25,4334470
2018-09-05,11.25,11.25,11.05,11.1,4077680
2018-09-06,11.15,11.2,11.0,11.05,3468930
2018-09-07,11.3,11.5,11.25,11.3,4700940
2018-09-10,11.35,11.8,11.35,11.75,18103700
2018-09-11,11.75,11.85,11.6,11.8,6153730
2018-09-12,12.0,12.3,11.9,12.1,13219870
2018-09-13,12.2,12.2,12.05,12.05,7446610
2018-09-14,12.1,12.2,11.95,12.0,5249010
2018-09-17,12.0,12.05,11.85,11.85,7063020
2018-09-18,11.8,12.4,11.65,12.4,9697580
2018-09-19,12.45,12.75,12.35,12.55,11799070
2018-09-20,12.55,12.65,12.5,12.65,4633490
2018-09-21,12.65,12.9,12.6,12.7,14011070
2018-09-24,12.8,12.85,12.5,12.55,7248540
2018-09-25,12.55,12.8,12.5,12.65,4617820
2018-09-26,12.6,12.9,12.6,12.7,6316740
2018-09-27,12.75,12.85,12.6,12.65,4737730
2018-09-28,12.7,13.5,12.65,13.5,27263660
2018-10-01,13.8,14.4,13.7,13.85,22126950
2018-10-02,13.9,14.05,13.7,13.9,9280400
2018-10-03,13.8,14.05,13.8,13.85,16349910
2018-10-04,13.9,13.95,13.8,13.85,8961930
2018-10-05,13.8,14.3,13.75,13.8,19475140
2018-10-08,13.65,13.95,13.6,13.85,17690010
2018-10-09,13.95,13.95,13.4,13.55,19464630
2018-10-10,13.5,13.6,13.3,13.4,9022660
2018-10-11,12.95,13.1,12.5,12.5,24729240
2018-10-12,12.4,13.1,12.3,13.05,14990250
2018-10-15,13.0,13.2,12.9,12.95,7832090
2018-10-16,13.0,13.6,13.0,13.6,9787750
2018-10-17,13.9,13.9,13.45,13.55,8921720
2018-10-18,13.35,13.85,13.35,13.5,14182290
2018-10-19,13.3,13.6,13.25,13.45,8314490
2018-10-22,13.35,13.5,12.95,12.95,8687300
2018-10-23,12.8,12.95,12.35,12.55,9767110
2018-10-24,12.6,12.85,12.55,12.6,6594420
2018-10-25,11.95,12.65,11.95,12.55,6170000
2018-10-26,12.75,12.75,12.3,12.3,5793540
2018-10-29,12.3,12.35,11.95,12.0,5707100
2018-10-30,11.95,12.3,11.9,11.95,5088100
2018-10-31,12.2,12.5,12.15,12.5,5142100
2018-11-01,12.55,12.6,12.2,12.2,3089540
2018-11-02,12.35,12.55,12.2,12.4,6058610
2018-11-05,12.3,12.4,12.2,12.35,3015460
2018-11-06,12.4,12.5,12.25,12.25,3477960
2018-11-07,12.25,12.8,12.15,12.7,11330740
2018-11-08,12.95,12.95,12.6,12.6,3120870
2018-11-09,12.55,12.65,12.35,12.35,3513330
2018-11-12,12.2,12.35,12.05,12.2,4618460
2018-11-13,12.0,12.2,11.95,12.0,5031020
2018-11-14,12.0,12.2,11.95,11.95,3232520
2018-11-15,12.0,12.05,11.85,12.0,3884920
2018-11-16,12.1,12.25,12.0,12.1,3925350
2018-11-19,12.25,12.35,12.1,12.3,3045270
2018-11-20,12.25,12.3,12.15,12.2,2691270
2018-11-21,12.05,12.25,12.05,12.25,2547880
2018-11-22,12.3,12.45,12.25,12.4,4899780
2018-11-23,12.3,12.4,12.25,12.25,2126820
2018-11-26,12.25,12.3,12.15,12.3,1556000
2018-11-27,12.3,12.4,12.15,12.15,2873780
2018-11-28,12.1,12.25,12.1,12.25,1972080
2018-11-29,12.3,12.35,12.15,12.15,3188990
2018-11-30,12.15,12.25,12.1,12.15,2724410
2018-12-03,12.4,12.8,12.3,12.8,10674800
2018-12-04,12.8,12.9,12.65,12.8,5838070
2018-12-05,12.55,12.85,12.55,12.7,6617680
2018-12-06,12.65,12.75,12.55,12.6,4741210
2018-12-07,12.65,12.85,12.6,12.65,5038420
2018-12-10,12.6,12.6,12.45,12.5,4481730
2018-12-11,12.55,12.6,12.45,12.5,2968290
2018-12-12,12.5,12.5,12.5,12.5,0
2018-12-13,12.8,13.1,12.75,12.9,8926020
2018-12-14,12.9,13.0,12.7,12.8,3741130
2018-12-17,12.65,12.7,12.5,12.5,3971510
2018-12-18,12.3,12.45,12.2,12.4,5276070
2018-12-19,12.45,12.45,12.2,12.45,3151380
2018-12-20,12.3,12.4,12.2,12.25,3411360
2018-12-21,12.15,12.3,12.1,12.1,3672880
2018-12-24,12.3,12.45,12.15,12.15,3321220
2018-12-25,12.0,12.1,11.7,11.95,6727130
2018-12-26,12.0,12.15,11.95,11.95,2469970
2018-12-27,12.2,12.25,12.0,12.0,2092380
2018-12-28,12.0,12.0,12.0,12.0,0
2018-12-31,12.0,12.0,12.0,12.0,0
2019-01-01,12.0,12.0,12.0,12.0,0
2019-01-02,12.0,12.05,11.6,11.6,3858970
2019-01-03,11.5,11.65,11.1,11.1,6284880
2019-01-04,11.0,11.35,10.9,11.15,3828780
2019-01-07,11.4,11.6,11.35,11.5,3702750
2019-01-08,11.5,11.5,11.3,11.35,1572220
2019-01-09,11.4,11.55,11.4,11.4,2633920
2019-01-10,11.5,11.5,11.35,11.4,2073630
2019-01-11,11.45,11.5,11.3,11.4,2169340
2019-01-14,11.4,11.45,11.2,11.2,1929220
2019-01-15,11.25,11.35,11.2,11.3,2159900
2019-01-16,11.4,11.45,11.3,11.3,2682420
2019-01-17,11.2,11.4,11.15,11.2,1740540
2019-01-18,11.25,11.3,11.05,11.25,2620140
2019-01-21,11.35,11.85,11.25,11.7,6690440
2019-01-22,11.85,11.85,11.7,11.75,4051900
2019-01-23,11.75,12.25,11.7,12.15,7824620
2019-01-24,12.1,12.2,12.0,12.2,3754610
2019-01-25,12.2,12.4,12.15,12.3,6422920
2019-01-28,12.35,12.35,12.1,12.25,2703010
2019-01-29,12.2,12.2,12.05,12.15,2870480
2019-01-30,12.15,12.2,12.0,12.0,2487300
2019-01-31,12.1,12.4,12.0,12.3,5064350
2019-02-01,12.3,12.4,12.2,12.4,3351230
2019-02-04,12.4,12.4,12.4,12.4,0
2019-02-05,12.4,12.4,12.4,12.4,0
2019-02-06,12.4,12.4,12.4,12.4,0
2019-02-07,12.4,12.4,12.4,12.4,0
2019-02-08,12.4,12.4,12.4,12.4,0
2019-02-11,12.6,12.95,12.45,12.95,6861770
2019-02-12,12.85,13.1,12.8,13.0,6462030
2019-02-13,13.0,13.1,12.95,13.0,6887720
2019-02-14,12.9,13.05,12.9,12.95,4821990
2019-02-15,12.9,13.05,12.75,13.0,4507890
2019-02-18,13.0,13.0,13.0,13.0,0
2019-02-19,13.15,13.15,12.8,12.8,5247880
2019-02-20,12.85,13.05,12.7,12.9,5454950
2019-02-21,12.95,13.0,12.8,13.0,4116800
2019-02-22,12.8,13.15,12.8,13.05,5726470
2019-02-25,13.1,13.15,12.9,12.9,6896200
2019-02-26,12.9,12.95,12.7,12.8,3764680
2019-02-27,12.8,12.9,12.7,12.7,2409880
2019-02-28,12.75,12.85,12.3,12.3,8437060
2019-03-01,12.5,12.65,12.45,12.65,2599200
2019-03-04,12.75,12.8,12.65,12.75,3063000
2019-03-05,12.75,12.9,12.65,12.7,4727110
2019-03-06,12.7,12.75,12.6,12.65,2020170
2019-03-07,12.65,12.9,12.65,12.8,3504640
2019-03-08,12.8,12.8,12.8,12.8,0
2019-03-11,12.6,12.65,12.45,12.55,2106880
2019-03-12,12.6,12.7,12.5,12.7,3782210
2019-03-13,12.75,12.95,12.75,12.8,6154040
2019-03-14,12.85,13.15,12.75,13.0,8475690
2019-03-15,13.0,13.05,12.85,12.95,4399800
2019-03-18,12.95,13.05,12.85,12.85,3314010
2019-03-19,12.8,12.9,12.7,12.7,4335960
2019-03-20,12.65,12.85,12.65,12.8,4222210
2019-03-21,12.85,12.9,12.5,12.5,4744360
2019-03-22,12.6,12.65,12.45,12.55,3001570
2019-03-25,12.3,12.45,12.15,12.25,3929770
2019-03-26,12.3,12.45,12.3,12.3,1684920
2019-03-27,12.35,12.4,12.3,12.35,1242070
2019-03-28,12.3,12.3,12.15,12.15,4031920
2019-03-29,12.2,12.35,12.15,12.2,3432790
2019-04-01,12.2,12.4,12.2,12.4,1685150
2019-04-02,12.45,12.5,12.2,12.2,1825870
2019-04-03,12.2,12.3,12.15,12.25,1428070
2019-04-04,12.3,12.3,12.2,12.3,1093530
2019-04-05,12.3,12.3,12.2,12.25,1143430
2019-04-08,12.25,12.3,12.15,12.25,1881280
2019-04-09,12.3,12.35,12.2,12.25,2722310
2019-04-10,12.2,12.25,12.05,12.1,1969270
2019-04-11,12.2,12.2,12.05,12.05,788760
2019-04-12,12.05,12.15,12.05,12.1,1541760
2019-04-15,12.1,12.1,12.1,12.1,0
2019-04-16,12.0,12.15,11.85,12.05,3054010
2019-04-17,12.15,12.2,11.9,11.9,1712260
2019-04-18,12.0,12.0,11.75,11.75,2439170
2019-04-19,11.8,11.9,11.75,11.75,1650400
2019-04-22,11.8,11.8,11.55,11.55,2430560
2019-04-23,11.6,12.2,11.55,12.05,4444940
2019-04-24,12.15,12.2,12.05,12.05,2009830
2019-04-25,12.05,12.05,11.8,11.85,2901000
2019-04-26,11.85,12.0,11.85,11.95,1503470
2019-04-29,11.95,11.95,11.95,11.95,0
2019-04-30,11.95,11.95,11.95,11.95,0
2019-05-01,11.95,11.95,11.95,11.95,0
2019-05-02,12.1,12.1,11.85,11.9,2096650
2019-05-03,11.9,12.4,11.9,12.35,8683660
2019-05-06,12.2,12.2,12.05,12.05,2757880
2019-05-07,12.15,12.2,12.05,12.1,3868150
2019-05-08,11.95,12.25,11.95,12.15,4254250
2019-05-09,12.15,12.2,11.85,11.9,6642650
2019-05-10,12.0,12.05,11.9,12.0,1969450
2019-05-13,11.95,12.05,11.85,11.95,1962990
2019-05-14,11.85,11.95,11.8,11.9,2992760
2019-05-15,12.0,12.15,11.95,12.05,3044590
2019-05-16,12.15,12.15,11.95,12.0,1844380
2019-05-17,11.95,12.05,11.95,11.95,1816710
2019-05-20,12.0,12.05,11.9,11.95,2869040
2019-05-21,12.0,12.2,11.95,12.05,5450380
2019-05-22,12.15,12.2,12.0,12.05,4453110
2019-05-23,12.05,12.15,11.95,12.0,1873810
2019-05-24,11.9,11.95,11.75,11.8,6040540
2019-05-27,11.8,11.9,11.75,11.8,1256990
2019-05-28,11.85,11.95,11.75,11.8,2307740
2019-05-29,11.85,11.85,11.75,11.75,1765170
2019-05-30,11.75,11.9,11.7,11.8,2100560
2019-05-31,11.75,11.9,11.7,11.75,1928870
2019-06-03,11.7,11.75,11.5,11.6,3847140
2019-06-04,11.65,11.7,11.55,11.6,2440450
2019-06-05,11.7,11.8,11.65,11.65,2401360
2019-06-06,11.65,11.7,11.55,11.55,1900010
2019-06-07,11.6,11.75,11.6,11.75,1429480
2019-06-10,11.75,11.85,11.75,11.8,3030830
2019-06-11,11.85,11.85,11.7,11.7,1201010
2019-06-12,11.7,11.8,11.65,11.65,556040
2019-06-13,11.65,11.7,11.6,11.6,1308500
2019-06-14,11.65,11.75,11.6,11.65,1135670
2019-06-17,11.65,11.7,11.45,11.45,2865290
2019-06-18,11.45,11.5,11.2,11.2,3530280
2019-06-19,11.35,11.4,11.25,11.3,1284560
2019-06-20,11.3,11.55,11.3,11.5,2744170
2019-06-21,11.6,11.6,11.4,11.45,15020810
2019-06-24,11.5,11.7,11.5,11.7,3159730
2019-06-25,11.7,11.8,11.6,11.65,2499830
2019-06-26,11.6,11.65,11.5,11.5,2815950
2019-06-27,11.55,11.55,11.3,11.3,3913270
2019-06-28,11.35,11.4,11.25,11.35,3056690
2019-07-01,11.45,11.6,11.45,11.55,4227550
2019-07-02,11.55,11.55,11.4,11.45,2530270
2019-07-03,11.5,11.5,11.35,11.35,2342120
2019-07-04,11.35,11.35,11.35,11.35,0
2019-07-05,11.35,11.35,11.35,11.35,0
2019-07-08,11.35,11.35,11.35,11.35,0
2019-07-09,11.35,11.35,11.35,11.35,0
2019-07-10,11.35,11.35,11.35,11.35,0
2019-07-11,11.35,11.35,11.35,11.35,0
2019-07-12,11.35,11.35,11.35,11.35,0
2019-07-15,11.35,11.35,11.35,11.35,0
2019-07-16,11.35,11.35,11.35,11.35,0
2019-07-17,11.45,11.65,11.4,11.55,7842600
2019-07-18,11.55,11.65,11.5,11.55,3647500
2019-07-19,11.55,11.75,11.55,11.7,4763810
2019-07-22,11.65,11.75,11.5,11.5,2825190
2019-07-23,11.55,11.6,11.5,11.5,1904960
2019-07-24,11.5,11.55,11.35,11.35,4401900
2019-07-25,11.35,11.35,11.35,11.35,0
2019-07-26,11.35,11.35,11.35,11.35,0
2019-07-29,11.35,11.35,11.35,11.35,0
2019-07-30,11.35,11.35,11.35,11.35,0
2019-07-31,10.9,10.9,10.6,10.7,3284590
2019-08-01,10.7,10.75,10.5,10.5,5005510
2019-08-02,10.4,10.8,10.35,10.6,3080950
2019-08-05,10.55,10.6,10.4,10.45,2081320
2019-08-06,10.45,10.45,10.45,10.45,0
2019-08-07,10.45,10.6,10.4,10.4,1977070
2019-08-08,10.4,10.45,10.35,10.45,1509710
2019-08-09,10.45,10.45,10.45,10.45,0
2019-08-12,10.4,10.45,10.3,10.35,1447220
2019-08-13,10.3,10.35,10.15,10.2,4097420
2019-08-14,10.35,10.35,10.15,10.15,3673350
2019-08-15,10.05,10.35,10.0,10.35,3229580
2019-08-16,10.35,10.35,10.35,10.35,0
2019-08-19,10.35,10.35,10.35,10.35,0
2019-08-20,10.35,10.35,10.35,10.35,0
2019-08-21,10.3,10.3,10.2,10.25,2443720
2019-08-22,10.25,10.4,10.25,10.3,2733650
2019-08-23,10.4,10.75,10.3,10.7,6009530
2019-08-26,10.5,10.65,10.45,10.55,3639220
2019-08-27,10.55,10.65,10.45,10.45,3932380
2019-08-28,10.5,10.5,10.35,10.35,2132130
2019-08-29,10.4,10.45,10.3,10.35,1731710
2019-08-30,10.35,10.4,10.3,10.4,1448930
2019-09-02,10.4,10.4,10.4,10.4,0
2019-09-03,10.4,10.4,10.2,10.2,3237800
2019-09-04,10.2,10.25,10.05,10.15,2860970
2019-09-05,10.15,10.3,10.1,10.15,2863620
2019-09-06,10.2,10.2,10.1,10.15,1276330
2019-09-09,10.25,10.25,10.1,10.1,1396010
2019-09-10,10.15,10.15,10.0,10.05,5125250
2019-09-11,10.0,10.1,10.0,10.05,1463100
2019-09-12,10.1,10.15,10.05,10.15,2176840
2019-09-13,10.15,10.35,10.1,10.35,4211290
2019-09-16,10.35,10.4,10.25,10.35,2484340
2019-09-17,10.25,10.35,10.15,10.2,3517780
2019-09-18,10.2,10.3,10.15,10.2,3453760
2019-09-19,10.2,10.55,10.15,10.55,8105240
2019-09-20,10.6,10.6,10.35,10.35,3594730
2019-09-23,10.35,10.75,10.35,10.55,10246570
2019-09-24,10.55,10.65,10.5,10.5,2859850
2019-09-25,10.45,10.65,10.45,10.6,2613640
2019-09-26,10.6,10.7,10.55,10.7,3308980
2019-09-27,10.7,10.75,10.6,10.65,4205060
2019-09-30,10.7,10.75,10.55,10.55,3901750
2019-10-01,10.55,10.6,10.45,10.5,3586610
2019-10-02,10.5,10.6,10.4,10.4,3177060
2019-10-03,10.35,10.5,10.3,10.5,2364630
2019-10-04,10.5,10.6,10.4,10.4,1576130
2019-10-07,10.45,10.6,10.4,10.5,2965990
2019-10-08,10.6,11.0,10.55,11.0,11682970
2019-10-09,11.0,11.1,10.85,10.9,5653080
2019-10-10,10.9,10.95,10.8,10.8,3374460
2019-10-11,10.8,11.25,10.8,11.0,8083600
2019-10-14,11.1,11.3,11.1,11.1,6856600
2019-10-15,11.1,11.2,11.0,11.05,2781510
2019-10-16,11.1,11.2,11.0,11.05,2388980
2019-10-17,11.05,11.05,10.9,10.9,3904920
2019-10-18,10.95,11.05,10.8,10.8,3235350
2019-10-21,10.85,10.95,10.7,10.95,2982590
2019-10-22,10.9,11.1,10.9,11.0,3812730
2019-10-23,11.0,11.1,10.95,11.0,1855200
2019-10-24,11.0,11.05,10.9,10.95,2084420
2019-10-25,10.95,11.0,10.85,10.9,1939620
2019-10-28,11.0,11.0,10.75,10.85,5437940
2019-10-29,10.8,10.9,10.65,10.65,4553070
2019-10-30,10.7,10.8,10.65,10.7,2781010
2019-10-31,10.8,10.85,10.65,10.8,3127620
2019-11-01,10.8,10.95,10.7,10.9,3145580
2019-11-04,10.9,11.1,10.85,10.9,6499460
2019-11-05,10.95,10.95,10.85,10.95,4411700
2019-11-06,10.95,11.05,10.9,11.0,4062650
2019-11-07,11.0,11.0,10.85,10.9,3848980
2019-11-08,10.9,11.0,10.85,10.85,2863990
2019-11-11,10.85,10.9,10.75,10.8,3088540
2019-11-12,10.85,10.85,10.75,10.75,1447030
2019-11-13,10.8,10.9,10.75,10.8,2249060
2019-11-14,10.8,10.85,10.65,10.7,2044260
2019-11-15,10.8,10.8,10.65,10.7,1610810
2019-11-18,10.75,10.8,10.6,10.6,2213290
2019-11-19,10.55,10.65,10.55,10.6,2332900
2019-11-20,10.6,10.6,10.35,10.4,4829400
2019-11-21,10.35,10.45,10.2,10.2,4304070
2019-11-22,10.3,10.4,10.1,10.25,3604040
2019-11-25,10.3,10.3,10.1,10.15,2010840
2019-11-26,10.2,10.25,10.1,10.15,3956940
2019-11-27,10.2,10.25,10.1,10.1,2201930
2019-11-28,10.1,10.2,10.05,10.1,2397650
2019-11-29,10.15,10.2,10.05,10.1,2157840
2019-12-02,10.1,10.15,10.0,10.0,3128820
2019-12-06,10.0,10.1,9.99,10.0,1579960
2019-12-09,10.0,10.05,9.92,9.95,1893020
2019-12-10,9.9,10.05,9.9,10.05,2040130
2019-12-11,10.05,10.1,9.95,10.05,1047810
2019-12-12,10.05,10.1,10.0,10.1,1650790
2019-12-13,10.15,10.2,10.05,10.05,1361390
2019-12-16,10.05,10.1,10.0,10.05,1601000
2019-12-17,10.1,10.1,9.99,10.05,2119490
2019-12-18,10.0,10.05,9.9,9.94,2113420
2019-12-19,10.05,10.05,9.9,9.93,2703230
2019-12-20,9.98,10.05,9.95,10.0,1537200
2019-12-23,10.1,10.3,10.1,10.2,3414120
2019-12-24,10.2,10.25,10.1,10.1,1559130
2019-12-25,10.2,10.25,10.1,10.1,1263440
2019-12-26,10.1,10.15,10.0,10.1,2335560
2019-12-27,10.1,10.2,10.0,10.15,2014010
2019-12-30,10.1,10.25,10.1,10.1,1960860
2019-12-31,10.1,10.2,10.05,10.05,1831670
2020-01-01,10.05,10.05,10.05,10.05,0
2020-01-02,10.1,10.3,10.0,10.2,2914530
2020-01-03,10.25,10.3,10.15,10.2,1975250
2020-01-06,10.1,10.15,10.0,10.05,2302490
2020-01-07,10.05,10.15,10.0,10.15,2154970
2020-01-08,10.05,10.1,9.97,9.98,4490220
2020-01-09,10.1,10.2,10.05,10.15,2443480
2020-01-10,10.15,10.5,10.15,10.5,10754160
2020-01-13,10.5,10.55,10.3,10.4,3390120
2020-01-14,10.4,10.45,10.3,10.3,1811340
2020-01-15,10.3,10.35,10.2,10.25,2479650
2020-01-16,10.3,10.55,10.3,10.4,9556920
2020-01-17,10.45,10.7,10.4,10.6,6094750
2020-01-20,10.5,10.75,10.5,10.7,4135740
2020-01-21,10.7,11.05,10.7,10.9,7604200
2020-01-22,10.9,10.95,10.75,10.9,7030700
2020-01-23,10.9,10.9,10.9,10.9,0
2020-01-24,10.9,10.9,10.9,10.9,0
2020-01-27,10.9,10.9,10.9,10.9,0
2020-01-28,10.9,10.9,10.9,10.9,0
2020-01-29,10.9,10.9,10.9,10.9,0
2020-01-30,10.8,10.8,10.2,10.35,8264520
2020-01-31,10.3,10.5,10.2,10.2,6261030
2020-02-03,10.0,10.4,9.82,10.25,7105100
2020-02-04,10.25,10.4,10.1,10.2,5433400
2020-02-05,10.35,10.45,10.25,10.25,3967950
2020-02-06,10.3,10.95,10.3,10.95,22697950
2020-02-07,11.0,11.45,10.95,11.15,14963660
2020-02-10,10.9,11.1,10.8,10.95,5335400
2020-02-11,10.95,11.45,10.9,11.35,14652800
2020-02-12,11.4,11.8,11.4,11.55,14679180
2020-02-13,11.5,11.6,11.3,11.5,7807880
2020-02-14,11.55,11.9,11.45,11.6,17826750
2020-02-17,11.65,11.85,11.5,11.65,8914870
2020-02-18,11.65,11.75,11.35,11.55,8502440
2020-02-19,11.4,11.55,11.3,11.4,6823570
2020-02-20,11.5,11.55,11.2,11.3,7140210
2020-02-21,11.25,11.5,11.2,11.3,7650810
2020-02-24,11.0,11.1,10.75,10.85,11765040
2020-02-25,10.7,11.15,10.7,11.15,5669010
2020-02-26,11.0,11.4,10.95,11.2,8381260
2020-02-27,11.3,11.7,11.15,11.65,13069630
2020-02-28,11.35,11.75,11.35,11.6,11942990
2020-03-02,11.8,12.4,11.75,12.35,27550640
2020-03-03,12.6,12.7,12.15,12.25,15552620
2020-03-05,12.65,12.7,12.2,12.2,17517480
2020-03-06,12.1,12.4,12.1,12.25,12062750
2020-03-09,11.5,11.7,11.4,11.4,17015340
2020-03-10,11.0,11.5,10.85,11.4,15319250
2020-03-11,11.45,11.5,10.65,10.65,18789590
2020-03-12,10.0,10.25,9.93,9.95,21362410
2020-03-13,9.3,10.55,9.28,10.4,16337900
2020-03-16,10.4,10.5,9.8,9.99,9159620
2020-03-17,9.9,10.2,9.56,10.2,8611390
2020-03-18,10.4,10.4,10.0,10.0,8306390
2020-03-19,9.9,9.96,9.6,9.75,7516500
2020-03-20,9.81,9.92,9.74,9.8,4889230
2020-03-23,9.3,9.5,9.12,9.12,10633200
2020-03-24,9.12,9.17,8.8,8.8,7815200
2020-03-25,9.15,9.26,8.9,9.11,9894240
2020-03-26,9.11,9.11,8.7,8.7,7221630
2020-03-27,8.75,8.75,8.21,8.21,11651840
2020-03-30,7.7,7.99,7.64,7.64,16130350
2020-03-31,7.86,7.86,7.12,7.3,12191270
2020-04-01,7.2,7.81,7.2,7.81,8807420
2020-04-02,7.81,7.81,7.81,7.81,0
2020-04-03,7.99,8.35,7.9,8.35,10672810
2020-04-06,8.9,8.93,8.61,8.93,12901110
2020-04-07,9.4,9.4,9.01,9.18,17284520
2020-04-08,9.0,9.29,8.8,9.28,8761230
2020-04-09,9.4,9.49,9.18,9.19,9821780
2020-04-10,9.15,9.23,8.95,9.01,10709980
2020-04-13,9.01,9.24,9.01,9.04,7684370
2020-04-14,9.1,9.16,8.94,9.16,8530630
2020-04-15,9.2,9.8,9.18,9.7,14857170
2020-04-16,9.5,9.95,9.5,9.72,7634020
2020-04-17,9.9,9.94,9.72,9.73,8375490
2020-04-20,9.7,9.85,9.54,9.55,11284390
2020-04-21,9.35,9.45,8.97,8.99,16193310
2020-04-22,8.73,9.29,8.73,9.17,8168410
2020-04-23,9.35,9.38,9.15,9.15,5414960
2020-04-24,9.15,9.2,9.04,9.1,4794810
2020-04-27,9.18,9.23,8.99,8.99,8059440
2020-04-28,9.08,9.12,8.94,8.98,7077710
2020-04-29,8.98,8.98,8.98,8.98,0
2020-04-30,8.98,8.98,8.98,8.98,0
2020-05-01,8.98,8.98,8.98,8.98,0
2020-05-04,9.1,9.1,8.98,8.98,4402500
2020-05-05,8.98,9.09,8.93,8.97,4803310
2020-05-06,9.0,9.14,8.93,9.14,8419490
2020-05-07,9.18,9.38,9.17,9.34,12175430
2020-05-08,9.4,9.77,9.4,9.52,15592700
2020-05-11,9.67,9.75,9.54,9.69,10595020
2020-05-12,9.69,9.75,9.46,9.7,11311610
2020-05-13,9.7,10.15,9.55,9.96,19002960
2020-05-14,9.88,10.3,9.79,10.05,12577730
2020-05-15,10.05,10.05,10.05,10.05,0
2020-05-18,10.05,10.05,10.05,10.05,0
2020-05-19,9.92,10.15,9.86,10.15,15436660
2020-05-20,10.15,10.15,10.15,10.15,0
2020-05-21,10.5,10.55,10.25,10.5,10196270
2020-05-22,10.3,10.6,10.2,10.2,14870140
2020-05-25,10.25,10.4,10.1,10.25,9448390
2020-05-26,10.3,10.45,10.3,10.45,9396730
2020-05-27,10.45,10.55,10.0,10.1,15368550
2020-05-28,10.1,10.6,10.05,10.3,16769210
2020-05-29,10.2,10.45,10.2,10.3,6856490
2020-06-01,10.4,10.75,10.35,10.75,18020090
2020-06-02,10.85,10.9,10.5,10.5,13896530
2020-06-03,10.6,10.7,10.5,10.65,8714660
2020-06-04,10.75,10.9,10.6,10.6,13972710
2020-06-05,10.6,10.6,10.6,10.6,0
2020-06-08,10.6,10.6,10.6,10.6,0
2020-06-09,10.6,10.6,10.6,10.6,0
2020-06-10,10.75,11.5,10.6,11.5,30775990
2020-06-11,12.15,12.3,11.05,11.05,38094150
2020-06-12,11.2,11.8,11.0,11.8,31670570
2020-06-15,12.1,12.6,11.75,12.05,31268310
2020-06-16,12.5,12.5,11.9,11.9,18761140
2020-06-17,11.85,11.95,11.55,11.6,15663170
2020-06-18,11.4,11.75,11.35,11.4,13243590
2020-06-19,11.55,11.95,11.4,11.9,15350170
2020-06-22,12.0,12.0,11.65,11.7,10790120
2020-06-23,11.65,11.8,11.4,11.55,12607230
2020-06-24,11.6,11.65,11.2,11.2,11843150
2020-06-25,11.15,11.5,10.95,11.45,10662480
2020-06-26,11.6,11.65,11.2,11.3,6481490
2020-06-29,11.3,11.3,10.9,10.95,13159470
2020-06-30,11.1,11.2,10.6,10.75,10862380
2020-07-01,10.8,11.35,10.75,11.2,9138780
2020-07-02,11.2,11.3,11.0,11.05,4903810
2020-07-03,11.15,11.2,11.0,11.0,3885370
2020-07-06,11.05,11.6,11.05,11.55,16285280
2020-07-07,11.6,11.7,11.4,11.45,8914970
2020-07-08,11.4,11.7,11.35,11.5,9193690
2020-07-09,11.7,11.85,11.5,11.8,14045940
2020-07-10,11.8,11.8,11.8,11.8,0
2020-07-13,11.65,11.7,11.45,11.45,6095670
2020-07-14,11.4,11.65,11.35,11.55,6750550
2020-07-15,11.55,11.55,11.55,11.55,0
2020-07-16,11.55,11.6,11.45,11.6,5104280
2020-07-17,11.6,11.75,11.5,11.6,9198320
2020-07-20,11.65,11.7,11.45,11.45,8089560
2020-07-21,11.45,11.6,11.4,11.5,7047320
2020-07-22,11.55,11.6,11.25,11.3,8504960
2020-07-23,11.35,11.4,11.1,11.25,8264440
2020-07-24,11.15,11.25,10.6,10.9,20162440
2020-07-27,10.4,10.65,10.15,10.15,26014460
2020-07-28,10.2,10.6,10.1,10.55,13933220
2020-07-29,10.25,10.35,9.95,10.15,14831390
2020-07-30,10.2,10.35,10.15,10.2,6312810
2020-07-31,9.9,10.25,9.9,10.1,5740090
2020-08-03,10.15,10.45,10.05,10.35,9792690
2020-08-04,10.5,10.5,10.35,10.5,6786090
2020-08-05,10.5,10.7,10.4,10.65,8289610
2020-08-06,10.6,10.7,10.5,10.5,5678190
2020-08-07,10.55,10.55,10.4,10.45,7123120
2020-08-10,10.55,10.8,10.55,10.6,11949300
2020-08-11,10.7,10.75,10.5,10.65,7719420
2020-08-12,10.65,10.8,10.6,10.75,8772530
2020-08-13,10.75,10.9,10.75,10.85,6495400
2020-08-14,10.85,10.85,10.65,10.7,8807480
2020-08-17,10.7,10.75,10.55,10.65,5192680
2020-08-18,10.65,10.8,10.6,10.75,5212200
2020-08-19,10.8,10.8,10.7,10.8,4210320
2020-08-20,10.75,10.85,10.65,10.65,6059540
2020-08-21,10.7,11.05,10.65,11.05,12934020
2020-08-24,11.1,11.4,11.1,11.3,14295580
2020-08-25,11.3,11.4,11.2,11.25,9624650
2020-08-26,11.25,11.3,11.1,11.2,9988740
2020-08-27,11.25,11.35,11.15,11.3,6803050
2020-08-28,11.4,11.45,11.3,11.35,10087760
2020-08-31,11.5,11.55,11.2,11.2,8672820
2020-09-01,11.2,11.35,11.15,11.3,4572030
2020-09-02,11.3,11.3,11.3,11.3,0
2020-09-03,11.4,11.45,11.3,11.4,11143030
2020-09-04,11.25,11.35,11.2,11.3,9881990
2020-09-07,11.4,11.4,11.2,11.2,6937040
2020-09-08,11.25,11.25,11.1,11.25,6011590
2020-09-09,11.15,11.3,11.05,11.3,8875270
2020-09-10,11.35,11.4,11.2,11.2,5248510
2020-09-11,11.15,11.25,11.1,11.15,5393090
2020-09-14,11.2,11.35,11.2,11.3,6799070
2020-09-15,11.35,11.8,11.25,11.6,24122170
2020-09-16,11.65,11.7,11.55,11.55,10179630
2020-09-17,11.55,11.7,11.45,11.45,11363380
2020-09-18,11.45,11.65,11.45,11.65,8721320
2020-09-21,11.8,12.05,11.75,11.75,17853730
2020-09-22,11.75,12.55,11.65,12.55,45707880
2020-09-23,12.7,13.25,12.5,12.65,24791380
2020-09-24,12.6,12.7,12.4,12.45,17728750
2020-09-25,12.45,13.3,12.4,13.3,39321600
2020-09-28,13.7,14.05,13.6,13.8,28883470
2020-09-29,13.8,13.95,13.3,13.3,22791400
2020-09-30,13.3,13.9,12.95,13.8,28314430
2020-10-01,14.0,14.2,13.65,13.75,13285440
2020-10-02,13.75,13.9,13.15,13.45,23206500
2020-10-05,13.65,13.8,13.4,13.7,22603020
2020-10-06,13.75,14.4,13.7,14.2,27112100
2020-10-07,14.05,14.3,13.7,13.7,19465920
2020-10-08,13.8,13.85,13.45,13.55,21328780
2020-10-09,13.6,13.8,13.45,13.55,12474800
2020-10-12,13.7,13.8,13.3,13.3,17962060
2020-10-13,13.3,13.6,13.2,13.45,12669050
2020-10-14,13.5,13.75,13.35,13.5,12364650
2020-10-15,13.6,14.0,13.45,13.85,20799860
2020-10-16,13.85,13.95,13.7,13.75,13048220
2020-10-19,13.8,14.3,13.75,14.1,20547610
2020-10-20,14.0,14.35,13.95,14.2,17698150
2020-10-21,14.35,14.75,14.3,14.4,25828950
2020-10-22,14.35,14.7,14.2,14.6,18152400
2020-10-23,14.8,14.8,14.5,14.55,13634620
2020-10-26,14.5,14.65,14.1,14.1,26821200
2020-10-27,14.1,14.2,13.3,13.3,37138550
2020-10-28,13.3,13.65,13.1,13.1,22628960
2020-10-29,13.0,13.5,13.0,13.5,13046030
2020-10-30,13.5,13.55,13.05,13.3,8184700
2020-11-02,13.4,13.45,13.25,13.45,5463810
2020-11-03,13.5,13.7,13.45,13.6,12021500
2020-11-04,13.7,13.9,13.5,13.65,9734960
2020-11-05,13.65,13.7,13.35,13.35,8295550
2020-11-06,13.5,13.5,13.25,13.35,6207220
2020-11-09,13.5,13.7,13.4,13.7,7874430
2020-11-10,13.95,14.0,13.6,13.6,9473760
2020-11-11,13.7,13.7,13.45,13.6,7954210
2020-11-12,13.6,13.75,13.6,13.7,6757380
2020-11-13,13.7,13.95,13.7,13.9,15076240
2020-11-16,14.05,14.1,13.65,13.65,12294300
2020-11-17,13.7,13.9,13.6,13.85,9076100
2020-11-18,13.85,14.4,13.8,14.2,22974320
2020-11-19,14.2,14.4,14.05,14.2,12623080
2020-11-20,14.25,14.25,14.05,14.15,9539770
2020-11-23,14.25,14.7,14.05,14.6,27268530
2020-11-24,14.6,14.65,14.2,14.5,16805930
2020-11-25,14.55,14.6,14.35,14.35,12055730
2020-11-26,14.35,14.65,14.35,14.5,21860890
2020-11-27,14.6,14.6,14.35,14.5,11455070
2020-11-30,14.55,15.0,14.5,14.65,18682960
2020-12-01,14.45,15.5,14.4,15.45,37839250
2020-12-02,15.45,15.8,15.15,15.4,21124570
2020-12-03,15.55,15.9,15.45,15.65,20877740
2020-12-04,15.7,16.1,15.5,15.6,24514030
2020-12-07,15.6,15.75,15.55,15.55,14994850
2020-12-08,15.65,15.9,15.5,15.85,19849710
2020-12-09,15.9,16.2,15.9,15.9,18897260
2020-12-10,15.95,16.05,15.45,15.55,21848500
2020-12-11,15.7,15.9,15.5,15.8,15443500
2020-12-14,15.95,16.1,15.8,15.95,15678170
2020-12-15,15.85,16.05,15.8,15.95,17651510
2020-12-16,16.3,16.8,16.25,16.6,23929920
2020-12-17,16.5,16.95,16.4,16.6,23515290
2020-12-18,16.8,17.15,16.65,17.0,25115670
2020-12-21,17.2,17.3,16.9,17.0,25779000
2020-12-22,17.0,17.0,17.0,17.0,0
2020-12-23,17.2,17.3,16.7,16.7,26091720
2020-12-24,16.8,16.85,15.8,16.5,29370800
2020-12-25,16.5,16.95,16.25,16.95,20824680
2020-12-28,17.05,17.1,16.55,16.75,23669440
2020-12-29,16.75,16.9,16.6,16.7,13078710
2020-12-30,17.0,17.25,16.8,16.8,35805500
2020-12-31,17.0,17.0,16.75,16.9,14969830
2021-01-01,16.9,16.9,16.9,16.9,0
2021-01-04,17.05,17.7,16.9,17.55,4680960
2021-01-05,17.55,17.95,17.45,17.7,2339950
2021-01-06,17.9,18.35,17.7,18.0,3119360
2021-01-07,18.05,18.45,17.85,18.45,3968350
2021-01-08,18.8,19.5,18.65,19.4,3488920
2021-01-11,20.0,20.4,19.8,20.1,3349310
2021-01-12,19.9,20.05,19.5,19.8,2723680
2021-01-13,19.8,20.05,19.4,19.5,2665000
2021-01-14,19.65,20.25,19.0,20.1,2746230
2021-01-15,20.5,21.5,20.5,21.1,5169260
2021-01-18,21.7,21.7,20.25,20.6,5965920
2021-01-19,20.35,20.45,19.2,19.2,4504570
2021-01-20,19.4,19.6,17.95,19.0,3442670
2021-01-21,19.4,20.0,18.85,20.0,3447710
2021-01-22,20.0,20.2,19.7,19.95,2996740
2021-01-25,19.7,19.9,19.35,19.35,2807170
2021-01-26,19.3,19.3,18.05,18.1,3230220
2021-01-27,17.8,18.65,17.0,17.25,3215850
2021-01-28,16.15,16.95,16.05,16.05,4505090
2021-01-29,15.5,17.15,15.5,16.9,3123040
2021-02-01,17.0,17.45,16.1,16.1,2312390
2021-02-02,16.4,17.2,16.0,17.15,2075640
2021-02-03,17.35,18.2,17.15,18.0,2710980
2021-02-04,17.9,18.15,17.55,17.6,1865100
2021-02-05,17.65,18.3,17.6,18.3,1806030
2021-02-08,18.3,18.45,17.1,17.4,2403730
2021-02-09,17.4,17.4,17.4,17.4,0
2021-02-10,17.4,17.4,17.4,17.4,0
2021-02-11,17.4,17.4,17.4,17.4,0
2021-02-12,17.4,17.4,17.4,17.4,0
2021-02-15,17.4,17.4,17.4,17.4,0
2021-02-16,17.4,17.4,17.4,17.4,0
2021-02-17,18.3,18.8,18.2,18.75,2103120
2021-02-18,18.7,18.8,18.45,18.6,2250390
2021-02-19,18.4,19.0,18.25,18.7,2259090
2021-02-22,18.8,19.2,18.55,18.6,2599100
2021-02-23,18.65,19.0,18.5,18.8,2489720
2021-02-24,18.8,18.8,18.8,18.8,0
2021-02-25,18.8,18.8,18.8,18.8,0
2021-02-26,18.25,18.55,18.2,18.35,1742110
2021-03-01,18.6,19.15,18.5,19.1,3578110
2021-03-02,19.6,19.6,19.05,19.15,2113790
2021-03-03,19.15,19.3,19.0,19.0,1662460
2021-03-04,19.05,19.15,18.3,18.35,2354350
2021-03-05,18.35,18.85,18.15,18.7,2486180
2021-03-08,19.0,19.15,18.5,18.6,1365310
2021-03-09,18.5,18.7,18.3,18.55,1477030
2021-03-10,18.65,18.9,18.4,18.7,1897000
2021-03-11,19.0,19.35,18.85,19.3,3459430
2021-03-12,19.4,19.5,19.0,19.2,1994150
2021-03-15,19.2,19.35,18.9,18.9,2295410
2021-03-16,18.95,19.15,18.75,18.9,2379940
2021-03-17,19.0,19.75,19.0,19.6,3832490
2021-03-18,19.85,19.95,19.6,19.7,1987740
2021-03-19,19.6,19.9,19.55,19.6,2432890
2021-03-22,19.7,19.7,19.15,19.2,3281630
2021-03-23,19.2,19.2,18.75,18.8,2529750
2021-03-24,18.55,18.85,18.3,18.4,2297320
2021-03-25,18.6,19.05,18.45,18.75,2872430
2021-03-26,18.75,19.1,18.3,18.95,2336510
2021-03-29,19.05,19.25,18.9,19.2,3699540
2021-03-30,19.25,20.5,19.0,20.5,9997850
2021-03-31,21.45,21.9,21.25,21.45,5667400
2021-04-01,21.4,21.65,21.1,21.6,3320280
2021-04-02,21.9,22.95,21.8,22.6,5603920
2021-04-05,23.0,23.3,22.6,23.15,4616380
2021-04-06,22.6,23.2,22.6,22.75,4237400
2021-04-07,22.3,22.6,22.1,22.3,5162580
2021-04-08,22.5,22.6,22.0,22.2,2666540
2021-04-09,22.2,22.9,22.2,22.7,2531720
2021-04-12,23.0,23.85,22.75,23.45,4931340
2021-04-13,23.45,23.55,22.6,22.7,4662780
2021-04-14,22.5,22.95,22.2,22.9,3510580
2021-04-15,23.0,23.0,22.2,22.35,3694740
2021-04-16,22.2,22.8,21.8,22.1,4148500
2021-04-19,22.3,22.9,22.0,22.9,2903210
2021-04-20,23.0,23.15,22.3,22.5,2974490
2021-04-21,22.5,22.5,22.5,22.5,0
2021-04-22,22.5,22.6,21.0,21.0,3545090
2021-04-23,21.3,22.45,20.9,22.45,4522700
2021-04-26,22.9,23.2,22.45,22.55,4162950
2021-04-27,22.55,23.25,22.3,23.1,4754650
2021-04-28,23.1,24.35,22.9,24.2,7112570
2021-04-29,24.25,24.6,23.85,23.9,3889340
2021-04-30,23.9,23.9,23.9,23.9,0
2021-05-03,23.9,23.9,23.9,23.9,0
2021-05-04,23.3,24.2,23.15,24.1,5430790
2021-05-05,24.15,25.1,24.05,24.7,5167730
2021-05-06,24.55,24.9,24.3,24.4,3426900
2021-05-07,24.25,24.55,23.8,24.0,4845830
2021-05-10,23.8,24.5,23.7,24.3,4148890
2021-05-11,24.45,25.45,24.45,24.65,5801200
2021-05-12,24.85,26.35,24.8,26.35,5947530
2021-05-13,26.05,27.15,26.05,26.3,4710530
2021-05-14,26.6,26.85,26.15,26.4,3274260
2021-05-17,26.5,26.7,25.85,25.95,3975210
2021-05-18,25.9,27.4,25.65,27.3,4474520
2021-05-19,27.3,28.7,27.3,28.5,4648420
2021-05-20,28.45,29.55,28.1,29.4,5726810
2021-05-21,29.25,29.8,28.8,28.85,4579280
2021-05-24,28.85,29.25,28.8,28.9,3159520
2021-05-25,28.95,29.75,28.9,29.35,2412310
2021-05-26,29.6,29.8,29.35,29.5,3148960
2021-05-27,29.55,30.3,29.0,29.8,4675150
2021-05-28,30.4,31.85,30.0,31.85,7383990
2021-05-31,32.15,33.9,31.9,33.8,4212880
2021-06-01,33.5,33.55,32.35,32.4,4706350
2021-06-02,31.6,32.4,31.2,32.2,5165730
2021-06-03,33.2,33.2,32.2,32.75,3095070
2021-06-04,32.2,33.0,31.8,32.15,3748190
2021-06-07,31.8,32.0,30.0,30.7,38824700
2021-06-08,30.7,30.7,30.7,30.7,0
2021-06-09,28.5,30.35,28.0,29.6,37519500
2021-06-10,29.6,30.05,28.8,28.9,23976800
2021-06-11,29.1,30.8,28.8,30.5,36442200
2021-06-14,30.7,31.3,30.4,30.8,26889200
2021-06-15,30.8,30.8,29.8,30.1,29659500
2021-06-16,29.6,30.2,29.0,29.2,30686500
2021-06-17,28.55,29.65,28.55,29.4,19581100
2021-06-18,29.9,30.1,29.5,29.65,16991300
2021-06-21,29.5,30.3,29.35,29.85,24072800
2021-06-22,30.15,30.75,29.85,30.2,25185700
2021-06-23,30.2,30.35,29.75,29.75,24112800
2021-06-24,29.75,29.9,28.85,29.0,21749700
2021-06-25,29.0,29.5,28.9,29.5,15572700
2021-06-28,29.8,30.4,29.45,30.2,19303900
2021-06-29,30.5,31.5,30.4,31.0,36074600
2021-06-30,30.95,31.4,30.5,30.6,16495700
2021-07-01,30.6,31.25,30.45,31.0,29589500
2021-07-02,31.1,31.95,31.1,31.5,41478500
2021-07-05,31.5,31.5,31.5,31.5,0
2021-07-06,31.5,31.5,31.5,31.5,0
2021-07-07,31.5,31.5,31.5,31.5,0
2021-07-08,31.5,31.5,31.5,31.5,0
2021-07-09,30.0,30.5,29.0,29.1,38413800
2021-07-12,29.1,29.1,29.1,29.1,0
2021-07-13,28.8,29.0,28.05,28.7,18442600
2021-07-14,28.7,28.7,28.7,28.7,0
2021-07-15,27.1,28.8,27.1,28.8,25368800
2021-07-16,28.8,28.8,28.8,28.8,0
2021-07-19,27.5,27.95,26.7,27.5,38557500
2021-07-20,27.8,28.1,27.2,28.1,23884800
2021-07-21,28.3,28.4,27.8,27.85,14144600
2021-07-22,27.85,28.15,27.65,28.0,16617400
2021-07-23,28.3,29.95,27.9,28.7,63584600
2021-07-26,28.9,29.3,28.35,28.7,15097600
2021-07-27,29.0,29.75,28.7,29.1,29764400
2021-07-28,28.9,29.45,28.7,28.9,17532900
2021-07-29,29.1,29.4,29.0,29.3,16102300
2021-07-30,29.4,30.35,29.25,29.9,32248600
2021-08-02,29.8,30.4,29.3,29.3,26509200
2021-08-03,29.4,29.8,29.25,29.8,26539400
2021-08-04,29.8,29.8,29.8,29.8,0
2021-08-05,30.6,31.25,30.3,31.05,30721500
2021-08-06,31.0,31.15,30.3,30.3,30921200
2021-08-09,30.3,30.8,30.1,30.7,20906000
2021-08-10,30.7,30.7,30.7,30.7,0
2021-08-11,30.5,30.85,30.35,30.4,26155800
2021-08-12,30.3,30.5,29.6,29.6,27936600
2021-08-13,29.6,29.8,29.15,29.7,22964600
2021-08-16,29.85,30.4,29.4,30.3,24095900
2021-08-17,30.3,30.3,30.3,30.3,0
2021-08-18,30.0,30.15,29.55,29.95,22196200
2021-08-19,29.8,30.05,29.6,29.95,16698400
2021-08-20,29.8,29.9,28.0,28.3,42106300
2021-08-23,28.2,28.5,27.0,27.0,29889700
2021-08-24,26.9,27.85,26.65,27.25,25860800
2021-08-25,27.35,27.55,27.1,27.35,8164000
2021-08-26,27.5,27.55,26.85,27.1,13170400
2021-08-27,27.0,27.3,26.55,27.3,16479200
2021-08-30,27.35,27.95,27.2,27.9,11734700
2021-08-31,28.0,28.0,27.3,27.35,11977600
2021-09-01,27.2,27.5,27.2,27.2,10287300
2021-09-02,27.2,27.2,27.2,27.2,0
2021-09-03,27.2,27.2,27.2,27.2,0
2021-09-06,27.2,27.85,27.1,27.55,16262200
2021-09-07,27.75,28.35,27.55,27.9,13779100
2021-09-08,27.9,27.9,27.9,27.9,0
2021-09-09,27.15,27.5,27.1,27.35,9342700
2021-09-10,27.5,27.6,27.15,27.2,10699600
2021-09-13,27.25,27.3,26.8,26.9,10646300
2021-09-14,26.9,27.2,26.65,26.65,12638800
2021-09-15,26.65,26.9,26.55,26.6,10157900
2021-09-16,26.9,26.95,26.6,26.75,5187000
2021-09-17,26.9,27.1,26.7,26.8,16365100
2021-09-20,27.0,27.5,26.9,27.1,17459500
2021-09-21,27.1,27.1,27.1,27.1,0
2021-09-22,27.1,27.1,27.1,27.1,0
2021-09-23,26.75,27.0,26.6,26.6,12776800
2021-09-24,26.7,27.2,26.7,26.75,1384940000
2021-09-27,27.0,27.1,26.5,26.5,10520000
2021-09-28,26.35,26.6,26.2,26.55,9950300
2021-09-29,26.5,26.55,25.7,25.8,19931200
2021-09-30,25.85,26.15,25.7,25.7,10103000
2021-10-01,25.65,25.65,24.5,24.7,24145000
2021-10-04,24.5,24.8,24.05,24.3,1574160000
2021-10-05,24.4,25.75,24.4,25.75,13478800
2021-10-06,25.75,25.75,25.75,25.75,0
2021-10-07,25.5,25.75,24.9,25.5,10015400
2021-10-08,25.5,25.5,25.5,25.5,0
2021-10-11,25.5,25.5,25.5,25.5,0
2021-10-12,26.75,26.8,26.35,26.6,11680000
2021-10-13,26.7,26.75,26.2,26.25,9597600
2021-10-14,26.25,26.25,26.25,26.25,0
2021-10-15,26.5,27.2,26.4,26.85,18823000
2021-10-18,26.85,26.85,26.85,26.85,0
2021-10-19,26.9,26.95,26.2,26.2,8316500
2021-10-20,26.4,26.75,25.65,26.3,14904000
2021-10-21,26.5,26.6,26.0,26.1,8665200
2021-10-22,26.4,26.4,26.0,26.2,6241800
2021-10-25,26.2,26.2,26.2,26.2,0
2021-10-26,26.2,26.2,26.2,26.2,0
2021-10-27,25.75,26.65,25.65,26.5,18102100
2021-10-28,26.6,26.7,26.0,26.7,11057400
2021-10-29,26.6,26.7,26.2,26.6,10004300
2021-11-01,26.6,26.6,26.6,26.6,0
2021-11-02,26.7,26.8,26.5,26.8,9856900
2021-11-03,26.8,28.45,26.5,27.9,416
2021-11-04,27.9,28.15,27.45,27.45,13509500
2021-11-05,27.5,27.75,27.35,27.65,9439300
2021-11-08,27.65,28.0,27.3,27.85,22636800
2021-11-09,28.05,28.8,27.3,28.1,26353000
2021-11-10,28.2,28.75,28.15,28.45,16093600
2021-11-11,28.55,28.6,27.7,27.7,22523900
2021-11-12,27.45,28.45,27.3,28.1,17017200
2021-11-15,28.4,28.4,27.65,27.95,12698200
2021-11-16,28.0,28.8,27.7,28.05,22035100
2021-11-17,28.1,28.3,27.6,28.0,10324800
2021-11-18,28.15,28.15,27.55,27.65,12176100
2021-11-19,27.7,28.45,27.0,27.9,22040300
2021-11-22,28.0,29.5,27.9,28.8,35710300
2021-11-23,28.95,28.95,28.3,28.5,10730300
2021-11-24,28.5,30.45,28.35,30.45,67319900
2021-11-25,31.0,31.25,30.35,30.65,28507400
2021-11-26,30.7,31.45,30.5,30.85,29138700
2021-11-29,30.1,30.6,29.8,29.9,38634400
2021-11-30,30.25,30.3,28.65,28.9,35420000
2021-12-01,28.8,29.9,28.75,29.9,19243000
2021-12-02,29.9,30.05,29.3,29.3,13458600
2021-12-03,29.4,29.55,28.0,28.0,23483000
2021-12-06,28.0,28.4,26.4,27.0,26472000
2021-12-07,27.3,28.1,26.9,28.05,12829200
2021-12-08,28.05,28.8,27.8,28.6,15748100
2021-12-09,28.5,28.9,28.4,28.85,11915400
2021-12-10,28.85,29.05,28.4,28.6,9892400
2021-12-13,28.6,29.0,28.35,28.65,10709100
2021-12-14,28.55,28.8,28.1,28.1,11426600
2021-12-15,28.1,28.9,27.7,28.35,15191400
2021-12-16,28.7,28.7,28.0,28.6,11084400
2021-12-17,28.65,28.7,28.0,28.3,9269300
2021-12-20,28.25,28.7,28.15,28.65,13058500
2021-12-21,28.65,28.8,28.2,28.2,9480400
2021-12-22,28.45,28.6,27.2,27.65,12051600
2021-12-23,27.6,27.8,26.9,27.4,14265800
2021-12-24,27.4,28.25,27.4,28.2,10410800
2021-12-27,28.45,28.45,27.85,28.1,7405300
2021-12-28,28.25,30.05,28.05,30.05,45046600
2021-12-29,30.5,30.8,29.5,29.5,16201800
2021-12-30,29.6,31.05,29.6,30.5,26157300
2021-12-31,30.7,32.3,30.5,31.5,35409200
2022-01-03,31.5,31.5,31.5,31.5,0
2022-01-04,32.0,32.85,31.7,32.1,32861600
2022-01-05,31.9,32.8,31.7,32.55,36939600
2022-01-06,32.5,33.9,32.4,32.7,38537500
2022-01-07,32.7,32.95,31.95,31.95,28165900
2022-01-10,31.95,32.95,31.15,31.6,28376500
2022-01-11,31.8,33.3,31.7,32.45,29595900
2022-01-12,32.5,34.7,31.65,34.7,62422400
2022-01-13,35.4,36.2,34.3,34.3,43947500
2022-01-14,33.8,35.45,33.75,35.0,26697800
2022-01-17,35.5,35.6,32.6,32.6,44370800
2022-01-18,32.6,34.5,32.55,33.9,39676700
2022-01-19,34.3,34.4,32.7,32.9,20802100
2022-01-20,32.6,33.9,31.8,33.8,30983900
2022-01-21,33.6,35.25,33.35,34.6,39140700
2022-01-24,34.4,34.95,33.0,33.3,30187300
2022-01-25,33.1,34.8,33.0,34.7,24092400
2022-01-26,35.0,36.5,34.8,35.55,48906400
2022-01-27,35.3,35.95,34.75,35.4,23697100
2022-01-28,35.2,36.2,35.2,35.55,22212200
2022-01-31,35.55,35.55,35.55,35.55,0
2022-02-01,35.55,35.55,35.55,35.55,0
2022-02-02,35.55,35.55,35.55,35.55,0
2022-02-03,35.55,35.55,35.55,35.55,0
2022-02-04,35.55,35.55,35.55,35.55,0
2022-02-07,36.0,36.3,35.45,35.6,18652400
2022-02-08,35.35,36.2,35.35,35.85,18823800
2022-02-09,36.0,36.7,35.0,35.05,32928900
2022-02-10,35.0,35.25,34.2,34.75,33959900
2022-02-11,34.75,35.35,34.45,35.3,18450500
2022-02-14,34.85,35.0,32.85,32.85,37421900
2022-02-15,32.85,32.85,32.85,32.85,0
2022-02-16,33.75,34.1,33.1,33.6,20057100
2022-02-17,33.6,34.25,33.45,33.9,15739300
2022-02-18,33.6,33.8,33.2,33.35,18494900
2022-02-21,33.35,33.55,32.8,33.2,21150600
2022-02-22,32.9,33.7,32.8,33.7,24415700
2022-02-23,33.9,33.95,33.6,33.6,13866100
2022-02-24,33.4,33.7,32.0,32.9,30479000
2022-02-25,33.1,33.55,32.9,33.0,17789600
2022-02-28,33.0,33.35,32.8,32.85,16458800
2022-03-01,33.0,33.0,32.65,32.65,16919600
2022-03-02,32.5,32.55,31.1,31.25,45276000
2022-03-03,31.55,31.9,31.1,31.85,19790900
2022-03-04,31.85,32.55,31.5,32.0,13257500
2022-03-07,31.2,32.0,31.2,31.5,16727500
2022-03-08,31.05,31.65,30.65,30.85,16477900
2022-03-09,31.0,31.3,30.5,31.1,14911000
2022-03-10,31.75,32.0,31.55,31.55,12219700
2022-03-11,31.4,32.45,31.3,32.05,15987700
2022-03-14,32.05,32.6,31.85,32.5,20978200
2022-03-15,32.5,33.15,32.35,32.7,17471800
2022-03-16,32.8,32.95,32.55,32.9,11148500
2022-03-17,33.0,33.15,32.65,32.8,10884800
2022-03-18,32.8,33.25,32.55,33.1,26734000
2022-03-21,33.1,33.45,32.8,33.1,12852100
2022-03-22,33.35,34.2,33.35,34.05,24584000
2022-03-23,34.0,34.3,33.65,34.0,15498400
2022-03-24,34.0,34.05,33.6,33.65,9921600
2022-03-25,33.6,34.0,33.6,33.65,11344100
2022-03-28,33.5,33.55,31.8,31.85,36749100
2022-03-29,32.1,32.35,31.75,32.3,12694700
2022-03-30,31.95,32.65,31.5,32.25,15931800
2022-03-31,32.1,32.45,31.7,31.7,9023400
2022-04-01,31.65,32.25,31.55,32.2,9156000
2022-04-04,32.5,32.7,32.15,32.2,10191000
2022-04-05,32.05,32.3,31.8,31.8,8729900
2022-04-06,31.8,32.6,31.55,32.35,12151500
2022-04-07,32.4,32.9,31.75,31.9,11478600
2022-04-08,31.9,31.95,30.9,31.0,18745300
2022-04-11,31.0,31.0,31.0,31.0,0
2022-04-12,31.15,31.45,30.5,30.8,9624800
2022-04-13,31.0,31.5,30.7,31.35,6924200
2022-04-14,31.35,31.5,30.75,30.8,6467600
2022-04-15,30.7,31.0,30.1,30.1,10461600
2022-04-18,30.1,30.2,29.0,29.0,14856200
2022-04-19,29.1,29.4,27.5,27.5,15852000
2022-04-20,27.8,28.2,27.45,27.55,12024300
2022-04-21,27.4,28.35,27.1,27.65,9902300
2022-04-22,28.1,29.0,27.8,28.8,11530600
2022-04-25,28.8,29.0,26.8,26.8,14386300
2022-04-26,26.6,27.5,25.65,27.4,11114800
2022-04-27,27.0,28.2,26.45,28.2,8593800
2022-04-28,27.85,28.2,27.4,27.7,6523900
2022-04-29,27.55,28.15,27.4,27.7,11168500
2022-05-02,27.7,27.7,27.7,27.7,0
2022-05-03,27.7,27.7,27.7,27.7,0
2022-05-04,27.7,27.7,26.7,26.75,8979400
2022-05-05,27.0,27.05,25.9,26.9,13505600
2022-05-06,26.0,26.6,25.4,25.5,15245000
2022-05-09,25.1,25.1,23.75,23.75,23972900
2022-05-10,22.55,23.9,22.55,23.9,18391700
2022-05-11,23.9,24.0,22.8,23.55,13068000
2022-05-12,23.45,23.45,21.95,21.95,24214900
2022-05-13,21.5,21.95,20.45,20.45,22537200
2022-05-16,21.1,21.3,19.05,19.05,35190100
2022-05-17,18.7,20.35,18.6,20.35,30818300
2022-05-18,20.95,21.75,20.7,21.75,27100600
2022-05-19,21.3,22.4,21.25,21.75,22221600
2022-05-20,21.75,22.05,21.5,21.6,14328800
2022-05-23,21.75,21.75,20.15,20.35,30824100
2022-05-24,20.35,21.75,20.1,21.75,17952200
2022-05-25,22.0,22.85,22.0,22.75,20351500
2022-05-26,22.6,22.75,22.3,22.4,15266200
2022-05-27,22.5,22.7,22.1,22.25,15040300
2022-05-30,22.45,23.0,22.25,22.8,16390500
2022-05-31,22.6,22.8,22.35,22.35,12812300
2022-06-01,22.3,22.6,22.0,22.25,14727100
2022-06-02,22.25,22.25,22.25,22.25,0
2022-06-03,21.5,21.7,20.95,21.15,12083400
2022-06-06,21.15,21.4,20.5,20.5,17162600
2022-06-07,20.5,20.55,19.8,20.2,16797600
2022-06-08,20.4,21.6,20.3,21.6,11493800
2022-06-09,22.25,22.35,21.7,22.3,16071100
2022-06-10,21.8,22.7,21.75,21.9,17446000
2022-06-13,21.05,21.6,20.5,20.6,16680200
2022-06-14,20.35,21.25,20.35,20.9,12472300
2022-06-15,21.0,21.05,19.95,20.7,13262200
2022-06-16,21.1,21.25,20.8,21.0,11245300
2022-06-17,20.5,20.5,19.8,20.25,12492500
2022-06-20,20.3,20.55,18.85,18.85,16894800
2022-06-21,18.85,19.6,18.7,19.2,10840400
2022-06-22,19.7,20.5,19.6,20.5,9689900
2022-06-23,20.15,21.7,20.15,21.3,15465200
2022-06-24,21.3,21.8,21.05,21.2,11596900
2022-06-27,21.4,21.75,21.15,21.5,9786600
2022-06-28,21.5,22.8,21.35,22.55,24887500
2022-06-29,22.1,23.3,22.1,22.6,13808600
2022-06-30,22.55,22.75,21.5,21.5,18789800
2022-07-01,21.4,22.05,20.7,22.0,16869800
2022-07-04,22.3,22.95,22.1,22.35,22132700
2022-07-05,22.4,23.6,22.35,23.05,30049300
2022-07-06,22.6,23.4,22.45,22.5,17725300
2022-07-07,22.5,23.15,22.1,22.6,15935900
2022-07-08,23.0,23.05,22.35,22.5,15739700
2022-07-11,22.25,22.45,21.65,22.05,21170600
2022-07-12,22.05,22.05,22.05,22.05,0
2022-07-13,22.6,23.4,22.6,23.05,17150700
2022-07-14,22.9,23.35,22.8,23.3,12876400
2022-07-15,23.4,23.75,22.95,23.0,16982600
2022-07-18,23.05,23.4,22.55,22.55,14305700
2022-07-19,22.55,23.15,22.45,22.95,11691000
2022-07-20,23.25,23.5,22.95,23.05,11199600
2022-07-21,23.05,23.6,23.0,23.1,17945400
2022-07-22,23.3,23.5,23.0,23.0,11581700
2022-07-25,23.0,23.3,22.8,22.85,6665200
2022-07-26,22.95,22.95,22.7,22.95,9279700
2022-07-27,22.85,23.05,22.75,23.05,9170900
2022-07-28,23.35,24.65,23.25,24.45,40238200
2022-07-29,24.65,24.9,24.3,24.7,17762000
2022-08-01,24.5,25.6,24.5,25.2,16701100
2022-08-02,25.0,25.5,24.85,24.95,18607500
2022-08-03,24.85,25.65,24.75,25.45,14338500
2022-08-04,25.65,25.7,25.1,25.2,13127200
2022-08-05,25.1,25.25,24.85,25.25,12665800
2022-08-08,25.25,25.65,25.1,25.3,7664100
2022-08-09,25.3,25.5,25.0,25.25,7863800
2022-08-10,25.2,25.3,24.9,24.9,8967800
2022-08-11,25.2,25.6,24.8,25.2,15664300
2022-08-12,25.05,25.65,25.05,25.65,8391200
2022-08-15,25.9,26.35,25.65,25.65,13671000
2022-08-16,25.8,25.8,25.35,25.55,9490900
2022-08-17,25.55,25.6,25.3,25.4,11130300
2022-08-18,25.2,25.65,25.0,25.2,12921000
2022-08-19,25.25,25.5,25.05,25.1,7722200
2022-08-22,25.0,25.2,24.7,24.7,9667900
2022-08-23,24.6,25.0,24.3,25.0,9877300
2022-08-24,25.1,25.55,24.8,25.4,13326500
2022-08-25,25.55,25.65,25.4,25.65,8891300
2022-08-26,25.7,25.8,25.1,25.1,10738200
2022-08-29,24.7,24.85,24.05,24.85,15059400
2022-08-30,24.9,25.1,24.65,24.65,8084200
2022-08-31,24.55,24.9,24.4,24.8,7673100
2022-09-01,24.8,24.8,24.8,24.8,0
2022-09-02,24.8,24.8,24.8,24.8,0
2022-09-05,24.7,24.85,24.6,24.7,5292400
2022-09-06,24.7,25.05,24.65,24.7,6307900
2022-09-07,24.7,25.45,24.35,24.35,22424200
2022-09-08,24.7,24.7,23.9,23.9,10363500
2022-09-09,24.0,24.05,22.65,23.75,21144800
2022-09-12,23.75,23.9,23.1,23.1,5734900
2022-09-13,23.0,23.45,23.0,23.05,6532800
2022-09-14,22.65,23.05,22.5,23.05,10170600
2022-09-15,23.25,23.35,22.8,23.05,8396500
2022-09-16,22.95,23.0,22.45,22.45,16349600
2022-09-19,22.6,22.65,21.6,21.6,10742400
2022-09-20,21.9,22.3,21.65,22.15,6368400
2022-09-21,22.05,22.1,21.75,21.75,3707700
2022-09-22,21.45,21.95,21.45,21.95,5220700
2022-09-23,21.8,22.0,21.45,21.45,6962300
2022-09-26,20.95,21.0,20.25,20.5,16606500
2022-09-27,20.8,20.8,20.4,20.5,5440900
2022-09-28,20.2,20.6,20.15,20.3,6498700
2022-09-29,20.6,20.7,19.7,19.7,7927300
2022-09-30,19.6,20.8,19.5,20.6,16490500
2022-10-03,20.3,20.4,19.2,19.2,14937100
2022-10-04,19.75,19.75,18.6,18.75,15971100
2022-10-05,19.35,19.5,19.0,19.25,10610300
2022-10-06,19.35,19.35,17.95,18.0,18656100
2022-10-07,17.6,17.6,16.75,16.75,40976500
2022-10-10,16.2,17.25,15.75,17.0,34119100
2022-10-11,16.95,17.0,15.85,15.85,24976900
2022-10-12,15.95,16.95,15.9,16.95,15160800
2022-10-13,17.05,17.7,16.95,17.65,16491000
2022-10-14,18.1,18.1,17.45,17.65,25065100
2022-10-17,17.45,18.15,17.3,18.15,12846000
2022-10-18,18.5,18.65,17.5,17.7,14148300
2022-10-19,17.75,17.85,16.9,17.3,17992600
2022-10-20,17.25,17.75,16.9,17.15,13245100
2022-10-21,17.1,17.25,15.95,15.95,22530300
2022-10-24,16.05,16.35,14.85,14.85,27147400
2022-10-25,14.9,15.85,14.05,14.9,22832700
2022-10-26,15.15,15.4,14.8,15.0,7624800
2022-10-27,15.0,16.05,15.0,16.05,21985200
2022-10-28,16.45,16.85,16.1,16.15,18824600
2022-10-31,16.2,16.5,15.6,16.15,16782900
2022-11-01,16.5,17.25,16.35,16.9,29458400
2022-11-02,16.9,17.3,16.75,16.9,19123400
2022-11-03,16.8,17.45,16.8,17.25,19534000
2022-11-04,17.05,17.25,16.05,16.6,32100600
2022-11-07,16.35,16.7,15.5,15.5,20698900
2022-11-08,15.5,16.55,15.3,16.45,22034700
2022-11-09,16.8,17.05,15.8,16.25,35899100
2022-11-10,16.0,16.25,15.15,15.15,37391500
2022-11-11,15.6,16.2,15.45,15.6,39517200
2022-11-14,15.45,16.1,14.85,15.85,36929800
2022-11-15,15.75,16.0,14.85,15.1,27646400
2022-11-16,14.8,16.15,14.45,16.15,29344400
2022-11-17,16.9,17.25,16.6,17.2,35148700
2022-11-18,16.95,17.65,16.45,17.1,32563700
2022-11-21,17.3,17.4,16.7,16.7,17502900
2022-11-22,16.6,17.85,16.6,16.9,30775500
2022-11-23,16.9,17.9,16.9,17.5,25665600
2022-11-24,17.3,18.2,16.9,18.2,18314400
2022-11-25,18.5,18.95,18.0,18.9,24962000
2022-11-28,19.1,19.75,19.05,19.7,28234200
2022-11-29,19.5,19.95,18.9,19.75,26282100
2022-11-30,19.55,20.2,19.15,20.0,25462700
2022-12-01,20.2,21.1,19.5,19.5,39125200
2022-12-02,19.8,20.85,19.5,20.85,27685300
2022-12-05,22.3,22.3,21.85,22.3,38505100
2022-12-06,22.25,22.65,20.75,20.75,49350900
2022-12-07,20.55,20.9,19.7,20.3,27772200
2022-12-08,20.75,21.7,20.75,21.7,20042500
2022-12-09,22.5,22.6,21.9,22.4,26467900
2022-12-12,22.5,22.6,21.3,21.3,20770500
2022-12-13,21.35,22.6,21.05,22.55,25986500
2022-12-14,23.0,23.5,22.7,23.25,21018800
2022-12-15,23.1,23.65,22.65,23.25,20332000
2022-12-16,22.85,23.2,22.55,22.8,25278700
2022-12-19,23.0,23.4,22.4,22.4,23175600
2022-12-20,22.0,22.45,21.25,22.45,28918700
2022-12-21,22.75,23.8,22.3,23.55,35449400
2022-12-22,23.75,24.15,23.1,23.4,17470200
2022-12-23,23.45,23.7,22.9,23.5,13227800
2022-12-26,23.45,23.55,21.9,21.9,20485300
2022-12-27,22.0,23.0,21.85,22.5,20842100
2022-12-28,22.6,23.0,22.05,22.9,15196800
2022-12-29,22.7,22.95,22.35,22.35,9448000
2022-12-30,22.6,22.7,22.2,22.5,10618600
2023-01-02,22.5,22.5,22.5,22.5,0
2023-01-03,22.5,23.6,22.5,23.5,16251000
2023-01-04,23.6,24.1,23.3,23.3,18036600
2023-01-05,23.4,24.25,23.4,24.2,19217000
2023-01-06,24.25,25.1,24.1,24.3,25666300
2023-01-09,24.6,25.0,24.2,24.65,13239000
2023-01-10,24.65,25.3,24.15,24.95,14761200
2023-01-11,25.25,25.4,24.7,24.7,10080600
2023-01-12,24.9,24.95,24.55,24.95,7154600
2023-01-13,25.15,25.45,24.95,25.3,13353500
2023-01-16,25.4,25.55,25.0,25.5,7925000
2023-01-17,25.5,26.55,25.5,26.55,14388000
2023-01-18,26.55,26.85,26.55,26.8,8512500
2023-01-19,26.55,27.0,26.5,26.8,12060500
2023-01-20,26.8,26.8,26.8,26.8,0
2023-01-23,26.8,26.8,26.8,26.8,0
2023-01-24,26.8,26.8,26.8,26.8,0
2023-01-25,26.8,26.8,26.8,26.8,0
2023-01-26,26.8,26.8,26.8,26.8,0
2023-01-27,27.1,27.4,26.65,26.65,8531800
2023-01-30,26.5,26.65,25.85,25.85,18539200
2023-01-31,25.85,27.1,25.15,27.1,25362500
2023-02-01,27.1,27.3,25.4,25.65,16199300
2023-02-02,25.7,26.35,25.4,26.15,18433700
2023-02-03,26.35,27.15,26.05,26.05,30634000
2023-02-06,26.1,26.4,25.6,25.7,19359900
2023-02-07,25.9,26.3,25.55,25.75,19755100
2023-02-08,25.9,25.95,25.0,25.0,28192600
2023-02-09,25.2,25.7,24.2,24.45,37343600
2023-02-10,24.5,24.8,23.65,23.65,16166300
2023-02-13,23.8,24.5,23.35,24.5,17392800
2023-02-14,24.5,24.85,24.05,24.4,9246400
2023-02-15,24.1,24.6,22.95,23.35,33356400
2023-02-16,23.75,24.25,23.45,23.9,15366000
2023-02-17,24.6,24.9,24.35,24.4,17975900
2023-02-20,24.3,25.7,24.2,25.7,20147300
2023-02-21,25.95,26.1,25.35,25.35,16561800
2023-02-22,25.1,25.5,24.7,24.7,18524900
2023-02-23,24.6,25.0,24.05,25.0,14252800
2023-02-24,25.05,25.05,24.3,24.3,8464100
2023-02-27,24.0,24.2,23.6,23.6,13398600
2023-02-28,23.95,24.0,23.6,23.75,6462100
2023-03-01,23.6,25.4,23.6,25.4,21605400
2023-03-02,25.4,25.7,25.2,25.6,11122900
2023-03-03,25.65,25.75,25.0,25.0,11814300
2023-03-06,25.25,25.6,24.7,24.9,18558000
2023-03-07,25.05,25.3,24.85,25.0,15476600
2023-03-08,24.85,25.35,24.85,25.35,13744200
2023-03-09,25.5,27.1,25.45,26.5,42575200
2023-03-10,26.5,26.85,25.95,26.0,23483500
2023-03-13,25.6,25.75,25.0,25.0,29609000
2023-03-14,24.9,25.05,24.1,24.4,25329600
2023-03-15,25.1,25.5,24.9,25.35,20097700
2023-03-16,24.8,24.95,24.5,24.6,19670500
2023-03-17,24.75,25.05,24.55,25.05,21263500
2023-03-20,25.0,25.05,24.2,24.2,16972100
2023-03-21,24.5,24.65,24.15,24.6,10858100
2023-03-22,24.75,25.25,24.6,24.8,16551000
2023-03-23,24.55,25.15,24.5,25.0,12242200
2023-03-24,25.25,25.55,25.05,25.05,16106400
2023-03-27,25.05,25.7,24.95,25.5,16704000
2023-03-28,25.9,26.0,25.3,25.4,17176400
2023-03-29,25.5,25.65,25.15,25.35,16807400
2023-03-30,25.7,26.45,25.4,26.0,39396200
2023-03-31,26.0,26.35,25.85,26.2,22409800
2023-04-03,26.6,27.05,26.5,26.75,25291900
2023-04-04,26.75,26.95,26.5,26.9,17729100
2023-04-05,26.9,26.9,25.9,26.25,39446300
2023-04-06,26.25,26.4,25.65,25.65,26271200
2023-04-07,25.75,26.0,25.5,26.0,15461800
2023-04-10,26.1,26.5,25.85,25.95,16465400
2023-04-11,25.9,25.95,25.6,25.95,13353600
2023-04-12,25.95,26.4,25.8,26.1,20359600
2023-04-13,26.2,26.55,26.05,26.45,16207400
2023-04-14,26.7,26.75,25.7,25.7,16397700
2023-04-17,25.8,26.05,25.65,25.9,10198100
2023-04-18,25.9,26.1,25.8,25.9,10113700
2023-04-19,26.0,26.0,25.5,25.5,14169900
2023-04-20,25.6,25.8,25.5,25.7,9010300
2023-04-21,25.7,25.8,25.5,25.6,8711200
2023-04-24,25.65,25.9,25.45,25.55,7659200
2023-04-25,25.75,25.9,24.9,25.05,15450700
2023-04-26,25.05,25.4,24.65,25.4,12437000
2023-04-27,25.4,25.5,25.15,25.15,6548900
2023-04-28,25.25,25.45,25.15,25.3,6775000
2023-05-01,25.3,25.3,25.3,25.3,0
2023-05-02,25.3,25.3,25.3,25.3,0
2023-05-03,25.3,25.3,25.3,25.3,0
2023-05-04,25.05,25.3,24.95,25.15,8447400
2023-05-05,25.05,25.25,24.85,24.95,7684600
2023-05-08,25.0,25.7,25.0,25.65,10204600
2023-05-09,25.65,25.9,25.6,25.75,7317100
2023-05-10,25.8,26.45,25.75,26.35,14508700
2023-05-11,26.4,26.75,26.3,26.4,14943800
2023-05-12,26.55,26.85,26.35,26.8,16486600
2023-05-15,27.0,27.6,26.9,27.0,29853900
2023-05-16,27.0,27.55,27.0,27.4,13149900
2023-05-17,27.4,27.5,26.9,27.0,17690100
2023-05-18,27.15,27.5,27.0,27.2,15189700
2023-05-19,27.35,27.95,27.2,27.85,24344500
2023-05-22,28.0,28.5,27.8,28.15,17738400
2023-05-23,28.2,28.3,27.7,27.95,17308100
2023-05-24,27.95,27.95,27.95,27.95,0
2023-05-25,27.2,27.5,26.85,27.0,35282200
2023-05-26,27.25,27.25,26.85,27.2,11437800
2023-05-29,27.4,27.7,27.3,27.7,9984100
2023-05-30,27.95,27.95,27.4,27.7,9099700
2023-05-31,27.7,27.9,27.55,27.7,15062400
2023-06-01,27.65,28.0,27.65,28.0,8842400
2023-06-02,28.2,28.8,28.15,28.3,17871000
2023-06-05,28.55,28.65,28.05,28.05,14176900
2023-06-06,28.05,28.3,27.75,28.3,17184500
2023-06-07,28.7,28.8,28.15,28.35,12976500
2023-06-08,28.3,28.4,27.6,27.6,20255700
2023-06-09,27.7,28.1,27.25,28.1,12851200
2023-06-12,28.15,28.2,27.5,28.2,11276200
2023-06-13,28.2,28.4,27.95,28.2,9048400
2023-06-14,28.25,28.45,27.8,27.8,16588600
2023-06-15,27.8,27.9,27.6,27.8,11049600
2023-06-16,28.05,29.6,28.0,29.0,44855200
2023-06-19,29.15,29.15,28.75,28.75,8516000
2023-06-20,28.9,29.25,28.7,29.25,10685100
2023-06-21,29.25,29.55,29.1,29.4,16888300
2023-06-22,29.4,29.4,29.4,29.4,0
2023-06-23,30.2,30.65,30.0,30.3,16889100
2023-06-26,30.2,30.25,29.25,29.6,31159200
2023-06-27,29.55,29.75,29.45,29.6,11224400
2023-06-28,29.7,30.0,29.55,29.9,13693600
2023-06-29,29.95,30.05,29.3,29.55,14837600
2023-06-30,29.55,29.8,29.3,29.8,8144800
2023-07-03,29.8,29.95,29.45,29.7,7045400
2023-07-04,29.7,29.85,29.3,29.85,17233800
2023-07-05,29.85,30.25,29.65,29.9,14555700
2023-07-06,29.85,29.9,29.1,29.1,26337200
2023-07-07,29.1,29.6,29.0,29.6,9708200
2023-07-10,29.8,29.95,29.5,29.85,11191900
2023-07-11,30.05,30.35,29.85,30.0,17902700
2023-07-12,29.8,29.9,29.3,29.8,32137800
2023-07-13,29.65,30.0,29.65,30.0,11703900
2023-07-14,30.2,30.2,27.9,29.0,74861900
2023-07-17,28.85,28.9,28.0,28.0,41707400
2023-07-18,28.0,28.45,27.9,28.45,23016500
2023-07-19,28.45,28.6,28.2,28.25,11967700
2023-07-20,28.25,28.3,27.6,27.85,27253400
2023-07-21,27.95,28.75,27.8,28.75,29526800
2023-07-24,28.75,28.9,28.45,28.7,17378100
2023-07-25,28.6,29.15,28.4,28.5,19697700
2023-07-26,28.5,28.5,28.2,28.3,13249800
2023-07-27,28.3,28.45,27.9,28.1,21100800
2023-07-28,28.1,28.75,28.1,28.65,19908800
2023-07-31,28.9,29.1,28.5,28.95,21200800
2023-08-01,29.1,29.7,28.9,28.95,41823000
2023-08-02,28.9,29.3,28.8,29.1,18419000
2023-08-03,29.15,29.2,28.6,28.6,20537400
2023-08-04,28.6,28.95,28.5,28.95,18096200
2023-08-07,29.05,30.25,29.05,30.05,49624600
2023-08-08,30.35,30.4,29.75,29.8,15546300
2023-08-09,29.85,31.2,29.65,31.2,37815900
2023-08-10,31.15,31.3,30.55,30.55,13398600
2023-08-11,30.75,32.1,30.55,31.85,33178800
2023-08-14,31.9,32.0,31.5,31.9,16893000
2023-08-15,31.9,32.0,31.45,31.5,16928700
2023-08-16,31.5,32.9,31.2,32.9,44953500
2023-08-17,32.6,32.8,32.25,32.35,14884100
2023-08-18,32.1,32.45,30.3,31.3,45150600
2023-08-21,31.6,32.7,31.3,31.8,35255100
2023-08-22,32.0,32.15,30.5,32.15,32920900
2023-08-23,32.1,32.2,30.75,30.9,38653900
2023-08-24,31.1,31.7,30.9,31.55,14088400
2023-08-25,31.3,31.5,30.95,31.1,17148500
2023-08-28,31.15,31.9,30.95,31.65,18709800
2023-08-29,31.8,31.9,31.35,31.75,17672400
2023-08-30,31.8,32.5,31.8,32.5,27237000
2023-08-31,32.5,32.65,32.35,32.65,18726700
2023-09-01,32.65,32.65,32.65,32.65,0
2023-09-04,32.65,32.65,32.65,32.65,0
2023-09-05,32.7,33.15,32.4,32.7,22518900
2023-09-06,32.6,33.05,32.15,33.05,23144500
2023-09-07,33.0,33.25,32.65,33.0,20729300
2023-09-08,32.8,32.95,32.5,32.5,18547100
2023-09-11,32.7,32.7,31.55,31.6,32699500
2023-09-12,31.8,32.35,31.35,32.35,14337200
2023-09-13,32.5,32.55,31.85,31.95,17037500
2023-09-14,32.0,32.45,31.8,31.8,14940900
2023-09-15,32.3,33.15,32.1,32.5,34137000
2023-09-18,32.3,33.05,32.3,32.6,15196000
2023-09-19,32.7,33.6,32.65,33.3,33669800
2023-09-20,33.3,33.55,33.2,33.25,10589700
2023-09-21,33.2,33.7,32.35,32.35,31019800
2023-09-22,32.0,33.0,31.35,32.9,35946000
2023-09-25,32.8,33.15,31.4,31.65,25662800
2023-09-26,31.95,32.2,31.35,31.35,17056300
2023-09-27,31.5,31.8,30.55,31.8,19340500
2023-09-28,31.7,31.7,30.45,30.75,29418900
2023-09-29,31.0,31.25,30.65,30.65,12280500
2023-10-02,30.75,31.1,30.6,30.85,10885000
2023-10-03,30.65,30.65,29.05,29.2,33380900
2023-10-04,28.9,30.6,28.85,30.2,20419400
2023-10-05,30.1,30.35,29.85,29.9,10308800
2023-10-06,29.85,30.95,29.65,30.95,13108100
2023-10-09,30.95,31.3,30.6,31.2,9199800
2023-10-10,31.35,31.65,31.25,31.25,11506300
2023-10-11,31.25,31.8,31.15,31.75,8374300
2023-10-12,31.95,31.95,31.3,31.6,8160500
2023-10-13,31.2,31.6,31.0,31.5,11308800
2023-10-16,31.4,31.45,30.2,30.2,25870900
2023-10-17,30.45,30.7,30.0,30.0,11770400
2023-10-18,30.1,30.3,29.35,29.7,20147600
2023-10-19,29.5,29.9,28.95,29.0,20421700
2023-10-20,29.0,30.3,28.85,30.1,18953900
2023-10-23,29.8,30.1,29.4,29.7,13702000
2023-10-24,30.0,30.2,29.75,30.0,11931200
2023-10-25,30.0,30.2,29.55,29.55,8074600
2023-10-26,29.0,29.2,27.7,28.1,40837400
2023-10-27,28.55,29.25,28.15,28.7,16878600
2023-10-30,28.75,28.8,27.0,27.0,21271700
2023-10-31,27.1,27.55,26.55,27.0,27998300
2023-11-01,27.5,27.7,27.1,27.65,8556100
2023-11-02,27.95,29.05,27.9,29.0,15521400
2023-11-03,29.2,29.2,28.4,28.5,18856700
2023-11-06,28.65,29.5,28.6,29.45,26745600
2023-11-07,29.15,29.3,28.9,29.0,11144900
2023-11-08,28.9,30.1,28.75,30.0,20906400
2023-11-09,30.05,30.3,29.65,29.65,22227400
2023-11-10,29.4,30.0,29.25,29.5,13739800
2023-11-13,29.5,29.6,29.0,29.25,15892800
2023-11-14,29.6,30.45,29.5,30.0,18566200
2023-11-15,30.6,30.7,29.8,30.0,16567100
2023-11-16,29.9,30.2,29.75,30.2,9783300
2023-11-17,30.25,30.4,29.05,29.35,22164800
2023-11-20,28.7,29.45,28.7,29.2,16240800
2023-11-21,29.55,29.6,29.1,29.3,7021500
2023-11-22,29.3,29.45,28.75,29.1,19080700
2023-11-23,29.15,29.3,28.2,28.2,16575800
2023-11-24,28.4,28.4,27.5,28.3,23863000
2023-11-27,28.2,28.2,27.4,27.4,19828300
2023-11-28,27.5,28.15,26.85,28.15,17252700
2023-11-29,28.05,28.25,27.8,27.8,12029500
2023-11-30,27.8,28.1,27.5,27.5,13608300
2023-12-01,27.5,27.65,27.05,27.5,13635000
2023-12-04,27.6,28.35,27.55,28.2,19614700
2023-12-05,28.15,28.3,27.8,27.8,12589600
2023-12-06,27.7,28.1,27.7,28.1,14176100
2023-12-07,28.3,28.95,28.05,28.55,29262200
2023-12-08,28.7,28.85,28.2,28.2,14678400
2023-12-11,28.3,28.4,27.85,27.85,14345000
2023-12-12,27.95,28.1,27.8,28.0,6953400
2023-12-13,28.0,28.2,27.45,27.45,20639100
2023-12-14,27.7,27.75,27.1,27.1,14265300
2023-12-15,27.1,27.45,27.05,27.1,12858200
2023-12-18,27.1,27.2,26.3,26.3,21729000
2023-12-19,26.3,26.6,25.85,26.6,18259600
2023-12-20,26.7,26.95,26.45,26.95,8217200
2023-12-21,26.75,26.85,26.5,26.6,10018700
2023-12-22,26.6,27.45,26.3,27.2,22251300
2023-12-25,27.25,27.8,27.25,27.5,12751000
2023-12-26,27.6,27.6,27.15,27.5,13847000
2023-12-27,27.5,27.65,27.35,27.4,10685200
2023-12-28,27.45,27.8,27.35,27.6,10407400
2023-12-29,27.65,28.1,27.6,27.95,16014900
2024-01-01,27.95,27.95,27.95,27.95,0
2024-01-02,28.0,28.15,27.75,27.75,14813300
2024-01-03,27.75,28.5,27.6,28.5,19990700
2024-01-04,28.6,29.55,28.5,28.6,31414000
2024-01-05,29.0,29.45,28.85,29.3,31291500
2024-01-08,29.6,29.65,29.0,29.2,15853600
2024-01-09,29.2,29.5,29.1,29.2,16760900
2024-01-10,29.1,29.8,29.1,29.45,25102500
2024-01-11,29.7,29.95,29.2,29.5,24449200
2024-01-12,29.3,30.15,29.1,29.9,41145100
2024-01-15,30.1,30.25,29.7,29.8,13057500
2024-01-16,29.75,29.9,29.6,29.9,13163500
2024-01-17,29.9,30.05,29.7,29.7,15239500
2024-01-18,29.75,30.25,29.65,29.8,14262500
2024-01-19,30.0,30.3,29.95,30.3,19382800
2024-01-22,30.5,30.6,30.15,30.25,13400000
2024-01-23,30.35,30.7,30.25,30.5,17926900
2024-01-24,30.45,31.25,30.4,30.75,24678500
2024-01-25,30.75,30.75,30.75,30.75,0
2024-01-26,30.7,30.7,30.2,30.3,15139100
2024-01-29,30.3,30.65,30.3,30.35,8935200
2024-01-30,30.35,30.7,30.3,30.7,11432400
2024-01-31,30.75,30.9,29.8,29.9,34436400
2024-02-01,29.9,30.15,29.7,29.8,10674100
2024-02-02,29.8,29.8,29.8,29.8,0
2024-02-05,30.0,30.85,29.85,30.6,20315900
2024-02-06,30.8,31.1,30.7,30.8,13437900
2024-02-07,30.75,31.2,30.75,31.1,12202200
2024-02-08,31.1,31.1,31.1,31.1,0
2024-02-09,31.1,31.1,31.1,31.1,0
2024-02-15,31.2,31.7,31.0,31.25,17188200
2024-02-16,31.3,31.4,30.75,30.8,20794300
2024-02-19,30.95,30.95,30.45,30.7,15780500
2024-02-20,30.7,31.05,30.55,30.7,16158900
2024-02-21,31.0,32.0,30.85,31.5,44463100
2024-02-22,31.4,31.5,31.0,31.05,15526000
2024-02-23,31.15,31.55,30.65,30.65,33551000
2024-02-26,30.65,30.75,30.15,30.5,24763200
2024-02-27,30.6,30.85,30.35,30.75,15451600
2024-02-28,30.85,31.5,30.75,31.4,28484800
2024-02-29,31.6,31.8,31.1,31.55,23713600
2024-03-01,31.75,32.2,31.7,31.95,27190200
2024-03-04,32.1,32.2,31.65,31.75,17157800
2024-03-05,31.75,31.95,31.55,31.9,12352400
2024-03-06,31.8,32.15,31.35,31.55,18418500
2024-03-07,31.55,31.6,31.15,31.3,17422800
2024-03-08,31.35,31.5,30.6,30.65,34885800
2024-03-11,30.6,30.7,30.1,30.2,20137400
2024-03-12,30.1,30.55,30.1,30.25,13195300
2024-03-13,30.3,30.85,30.15,30.85,16466100
2024-03-14,30.9,30.95,30.4,30.45,15812300
2024-03-15,30.45,30.75,30.2,30.5,17494500
2024-03-18,30.5,30.7,29.7,30.25,26184800
2024-03-19,30.3,30.55,29.9,30.4,13159300
2024-03-20,30.4,31.25,30.15,31.15,28145900
2024-03-21,31.25,31.5,31.1,31.5,15677800
2024-03-22,31.65,32.4,31.55,31.65,32805000
2024-03-25,31.6,31.7,30.8,30.85,25048000
2024-03-26,30.8,31.0,30.75,31.0,19270400
2024-03-27,31.0,31.2,30.65,30.9,15097000
2024-03-28,31.2,32.0,30.8,32.0,31997700
2024-03-29,32.25,32.6,31.6,31.6,34573900
2024-04-01,31.5,31.7,31.05,31.4,24131300
2024-04-02,30.5,30.95,29.6,30.2,105089800
2024-04-03,30.5,30.8,30.1,30.1,26957600
2024-04-04,30.1,30.2,29.65,29.7,30271800
2024-04-05,29.5,29.85,29.15,29.6,25456900
2024-04-08,29.3,29.45,28.95,29.0,26854100
2024-04-09,29.0,29.25,28.7,29.15,17950600
2024-04-10,29.3,29.45,29.1,29.1,14930400
2024-04-11,28.9,29.1,28.75,28.85,10462800
2024-04-12,29.1,29.4,28.9,29.1,15445100
2024-04-15,29.0,29.4,27.5,27.5,24337900
2024-04-16,27.65,27.8,27.2,27.3,22651800
2024-04-17,27.6,27.6,26.8,26.8,12961400
2024-04-19,26.4,28.0,26.15,26.8,23052500
2024-04-22,27.4,28.15,27.1,27.65,13422600
2024-04-23,27.55,28.15,27.55,27.8,18401000
2024-04-24,27.9,28.6,27.8,28.6,13991900
2024-04-25,28.6,28.65,28.2,28.45,9380100
2024-04-26,28.25,28.95,28.1,28.2,11932400
2024-04-29,28.2,28.2,28.2,28.2,0
2024-04-30,28.2,28.2,28.2,28.2,0
2024-05-02,28.35,28.35,27.5,27.6,10054400
2024-05-03,27.8,28.05,27.5,27.55,8851200
2024-05-06,27.95,28.15,27.65,28.1,8810000
2024-05-07,28.15,28.35,28.1,28.3,8560700
2024-05-08,28.3,28.35,27.85,27.95,9179100
2024-05-09,28.0,28.15,27.8,27.8,7552300
2024-05-10,27.9,28.0,27.6,27.6,6903400
2024-05-13,27.7,27.7,27.2,27.25,7861600
2024-05-14,27.3,27.55,27.2,27.25,7428600
2024-05-15,27.35,27.9,27.3,27.8,9801400
2024-05-16,28.1,28.65,28.1,28.4,16790800
2024-05-17,28.5,28.55,28.3,28.5,7138700
2024-05-20,28.75,28.75,28.2,28.3,10164400
2024-05-21,28.3,28.45,27.85,28.3,9961400
2024-05-22,28.3,28.4,27.95,28.0,7853200
2024-05-23,27.9,28.55,27.7,28.55,10710600
2024-05-24,28.45,29.25,28.3,28.7,28342000
2024-05-27,28.8,28.95,28.35,28.7,6564000
2024-05-28,28.8,29.0,28.6,28.85,9012300
2024-05-29,28.9,28.9,28.25,28.25,10808900
2024-05-30,28.0,28.25,27.6,27.85,16001700
2024-05-31,28.05,28.2,27.8,27.85,5567800
2024-06-03,27.85,27.85,27.85,27.85,0
2024-06-04,30.5,30.6,29.85,29.95,20232100
2024-06-05,30.0,30.4,29.6,29.6,15295100
2024-06-06,29.95,31.1,29.65,30.7,31379700
2024-06-07,30.7,31.1,30.7,30.75,12983500
2024-06-10,31.2,31.7,31.05,31.1,14942300
2024-06-11,31.2,31.35,30.7,31.2,14064100
2024-06-12,31.25,31.35,30.9,31.35,10808500
2024-06-13,31.5,31.9,31.25,31.65,19842400
2024-06-14,31.65,31.9,30.55,30.55,15865800
2024-06-17,30.4,30.8,30.25,30.5,14506900
2024-06-18,30.55,31.15,30.55,30.55,11579400
2024-06-19,30.6,31.2,30.45,30.9,13605100
2024-06-20,31.1,31.1,30.0,30.75,21298600
2024-06-21,30.7,31.35,30.45,30.65,11453900
2024-06-24,30.65,30.75,29.4,29.5,20293700
2024-06-25,29.7,29.8,29.25,29.6,11199300
2024-06-26,29.4,29.65,28.95,29.5,14572000
2024-06-27,29.3,29.5,29.1,29.2,6435800
2024-06-28,29.05,29.4,28.8,28.8,9182400
2024-07-01,29.0,29.35,28.8,29.3,5212400
2024-07-02,29.35,29.75,29.25,29.6,5431700
2024-07-03,29.55,30.1,29.55,29.9,6484600
2024-07-04,29.9,29.95,29.6,29.9,4385800
2024-07-05,29.9,30.15,29.6,30.1,6500200
2024-07-08,30.0,30.3,29.75,30.15,11712100
2024-07-09,30.15,30.4,29.95,30.35,11044600
2024-07-10,30.35,30.45,29.85,29.85,7896500
2024-07-11,30.0,30.15,29.85,29.85,5412300
2024-07-12,30.0,30.15,29.7,29.75,8716700
2024-07-15,29.8,29.95,29.6,29.75,3659300
2024-07-16,29.75,30.2,29.75,29.9,7816800
2024-07-17,30.1,31.2,29.95,30.4,25058400
2024-07-18,30.4,30.6,29.95,30.6,10719300
2024-07-19,30.55,30.85,30.15,30.3,8140200
2024-07-22,30.3,30.6,29.9,30.0,10809000
2024-07-23,30.1,30.3,29.0,29.0,11984600
2024-07-24,29.0,29.45,28.6,29.2,12412500
2024-07-25,29.15,29.15,28.6,28.8,8570900
2024-07-26,28.8,29.1,28.75,29.1,5366200
2024-07-29,29.2,29.4,28.8,29.1,5947800
2024-07-30,29.05,29.15,28.8,28.9,4458200
2024-07-31,29.0,29.25,28.85,29.0,6032600
2024-08-01,29.0,29.25,28.05,28.05,11998200
2024-08-02,28.0,28.55,27.95,28.4,10783600
2024-08-05,28.2,28.4,27.0,27.2,21028700
2024-08-06,27.55,28.45,27.3,28.4,8945400
2024-08-07,28.4,28.5,27.9,28.4,7957500
2024-08-08,28.05,28.6,28.0,28.25,5944200
2024-08-09,28.65,28.95,28.2,28.85,9925300
2024-08-12,28.85,29.35,28.6,29.2,9701500
2024-08-13,29.2,29.5,29.15,29.15,7059600
2024-08-14,29.25,29.4,29.2,29.2,5866500
2024-08-15,29.2,29.3,28.75,28.95,3730700
2024-08-16,28.95,29.45,28.95,29.35,8293900
2024-08-19,29.5,29.7,29.35,29.65,5992100
2024-08-20,29.65,29.8,29.5,29.65,6413400
2024-08-21,29.65,29.95,29.4,29.95,8881200
2024-08-22,30.0,30.05,29.8,29.9,4940600
2024-08-23,29.9,30.0,29.65,29.95,5876500
2024-08-26,30.05,30.2,29.75,29.75,7701300
2024-08-27,29.75,29.85,29.6,29.6,4245000
2024-08-28,29.7,29.85,29.55,29.55,4655800
2024-08-29,29.65,30.9,29.65,30.45,25193800
2024-08-30,30.55,30.65,30.35,30.55,5079700
2024-09-04,30.4,30.4,29.95,30.1,9433600
2024-09-05,30.1,30.15,29.4,29.6,10457600
2024-09-06,29.55,29.9,29.5,29.9,8550100
2024-09-09,29.65,29.75,29.5,29.5,4193600
2024-09-10,29.7,29.75,29.15,29.2,7772100
2024-09-11,29.15,29.7,29.1,29.6,6358300
2024-09-12,29.65,29.8,29.55,29.7,5852700
2024-09-13,29.7,29.95,29.55,29.8,6158600
2024-09-16,29.8,29.9,29.55,29.55,4878700
2024-09-17,29.65,29.85,29.45,29.85,5758400
2024-09-18,29.85,30.6,29.8,30.25,14764700
2024-09-19,30.35,30.6,30.3,30.5,7185600
2024-09-20,30.7,31.3,30.6,30.85,23258900
2024-09-23,30.9,31.3,30.8,30.8,6037200
2024-09-24,30.85,32.05,30.8,31.85,24839400
2024-09-25,32.0,32.7,31.85,32.7,28614000
2024-09-26,32.8,33.2,32.6,32.75,25838600
2024-09-27,32.9,33.65,32.8,33.6,22047200
2024-09-30,33.55,33.65,33.2,33.35,12432400
2024-10-01,33.4,34.4,33.4,33.5,16258900
2024-10-02,33.5,33.9,33.4,33.55,11383200
2024-10-03,33.55,34.2,33.55,33.75,19074200
2024-10-04,33.7,33.8,33.1,33.1,14347400
2024-10-07,33.4,34.15,33.35,33.8,14756600
2024-10-08,33.85,34.2,33.55,33.7,13909400
2024-10-09,33.7,34.3,33.6,34.15,17686600
2024-10-10,34.5,34.8,33.6,33.6,20748300
2024-10-11,33.65,33.8,33.4,33.8,7702400
2024-10-14,34.1,34.2,33.6,33.9,12932200
2024-10-15,33.95,34.2,33.6,33.7,12425100
2024-10-16,33.65,33.75,33.15,33.6,18409100
2024-10-17,33.7,34.6,33.25,34.6,27209600
2024-10-18,35.1,36.45,34.7,35.55,32868800
2024-10-21,35.65,36.1,35.25,35.25,13537800
2024-10-22,35.25,35.9,34.9,35.0,17680700
2024-10-23,35.1,35.8,34.65,35.8,12097200
2024-10-24,35.8,35.8,33.4,33.4,32157700
2024-10-25,33.65,34.0,33.3,33.45,19673700
2024-10-28,33.3,34.1,33.3,33.75,11423600
2024-10-29,33.85,34.3,33.8,34.05,10111000
2024-10-30,34.2,35.2,33.95,34.8,17096800
2024-10-31,34.8,35.7,34.6,35.2,17764700
2024-11-01,35.0,35.25,34.95,35.0,9112000
2024-11-04,35.0,35.35,34.65,34.9,11339100
2024-11-05,34.85,35.3,34.85,34.85,6852800
2024-11-06,35.0,35.5,34.8,35.5,6934000
2024-11-07,35.6,35.8,35.4,35.6,8231800
2024-11-08,35.85,36.0,35.0,35.5,9413400
2024-11-11,35.4,35.55,33.4,33.8,32893000
2024-11-12,33.8,33.9,33.25,33.55,14613800
2024-11-13,33.5,33.5,32.4,33.4,15006400
2024-11-14,33.55,33.55,32.5,32.5,9004900
2024-11-15,32.4,32.85,32.2,32.4,12216400
2024-11-18,32.55,32.7,31.9,32.6,10149900
2024-11-19,32.6,32.6,31.75,31.95,7271700
2024-11-20,31.7,32.75,31.3,32.4,8575900
2024-11-21,32.4,33.05,32.25,33.05,8026600
2024-11-22,33.0,33.15,32.6,32.65,5610500
2024-11-25,32.7,33.15,32.65,32.85,5082200
2024-11-26,33.0,33.35,32.95,33.2,6126800
2024-11-27,33.1,33.3,32.8,33.2,5196000
2024-11-28,33.2,33.6,32.95,33.15,8503500
2024-11-29,33.05,33.3,32.8,33.3,6626200
2024-12-02,33.4,33.4,32.85,33.1,5222300
2024-12-03,33.15,33.15,32.6,32.6,8715400
2024-12-04,32.55,32.6,32.15,32.4,5780600
2024-12-05,32.35,34.0,32.25,33.95,13198900
2024-12-06,33.9,33.95,33.6,33.8,5016000
2024-12-09,33.7,34.1,33.6,34.0,5819800
2024-12-10,34.05,34.2,33.5,33.5,5671300
2024-12-11,33.8,33.9,33.5,33.65,5182000
2024-12-12,33.65,34.1,33.65,33.8,4826000
2024-12-13,33.8,34.2,33.55,34.0,7644600
2024-12-16,34.0,34.1,33.85,34.1,4502700
2024-12-17,34.1,34.2,33.85,34.1,3703800
2024-12-18,34.1,34.2,33.85,34.2,4850900
2024-12-19,33.8,34.0,33.55,33.9,8676200
2024-12-20,33.75,33.95,33.5,33.85,7578900
2024-12-23,34.15,35.0,34.1,34.5,10898800
2024-12-24,34.55,34.75,34.35,34.7,6484800
2024-12-25,34.8,36.5,34.75,36.25,24376900
2024-12-26,36.45,37.4,36.35,37.1,16442000
2024-12-27,37.2,37.4,36.9,37.4,11145700
2024-12-30,37.35,37.85,36.8,37.85,10631900
2024-12-31,37.55,37.55,36.9,36.9,9388400
2025-01-02,36.95,37.2,36.6,37.0,5957100
2025-01-03,36.95,36.95,36.1,36.1,8642600
2025-01-06,36.1,36.6,36.05,36.25,9584000
2025-01-07,36.45,37.05,36.35,36.9,7377300
2025-01-08,36.7,36.9,36.5,36.7,6074100
2025-01-09,36.8,36.9,36.4,36.4,5593400
2025-01-10,36.4,36.55,35.2,35.2,15560200
2025-01-13,35.0,35.35,34.7,35.3,8382600
2025-01-14,35.3,35.4,34.9,35.4,4412700
2025-01-15,35.4,35.45,35.1,35.1,6977700
2025-01-16,35.4,35.45,35.1,35.1,6977700
2025-01-17,35.4,35.8,35.15,35.75,5715900
2025-01-20,35.85,36.35,35.75,35.95,6359200
2025-01-21,36.45,36.45,35.9,36.05,5396100
2025-01-22,36.2,36.65,36.15,36.35,7602200
2025-01-23,36.65,37.55,36.45,37.0,10155400
2025-01-24,37.3,37.35,36.9,37.0,4818200
2025-01-27,37.0,37.0,37.0,37.0,0
2025-01-28,37.0,37.0,37.0,37.0,0
2025-01-29,37.0,37.0,37.0,37.0,0
2025-01-30,37.0,37.0,37.0,37.0,0
2025-01-31,37.0,37.0,37.0,37.0,0
2025-02-03,36.8,36.9,36.3,36.55,9000500
2025-02-04,36.7,37.8,36.65,37.3,12650000
2025-02-05,37.45,37.5,37.0,37.25,5279300
2025-02-06,37.5,37.85,37.3,37.35,8268500
2025-02-07,37.35,38.1,37.2,37.45,11948300
2025-02-10,37.4,38.85,37.2,38.45,21128100
2025-02-11,38.4,38.7,38.15,38.5,5513100
2025-02-12,38.5,38.85,38.3,38.65,8553900
2025-02-13,38.5,38.8,38.4,38.8,4741600
2025-02-14,39.3,39.3,38.25,38.25,8007000
2025-02-17,38.25,38.5,38.1,38.3,6088300
2025-02-18,38.3,39.15,38.15,38.65,8042000
2025-02-19,38.65,39.1,38.5,38.75,7478000
2025-02-20,38.9,39.05,38.55,38.75,7041600
2025-02-21,38.75,38.95,38.3,38.85,8170200
2025-02-24,38.85,39.6,38.7,39.4,7261100
2025-02-25,39.5,39.7,39.25,39.25,6148600
2025-02-26,39.25,39.35,38.55,38.55,15149500
2025-02-27,38.55,38.65,38.1,38.3,12864400
2025-02-28,38.25,38.7,38.25,38.25,5601900
2025-03-03,38.35,38.85,38.35,38.85,5444600
2025-03-04,38.65,39.4,38.5,39.2,9150800
2025-03-05,39.3,39.7,38.8,38.8,9606400
2025-03-06,38.85,39.55,38.75,39.5,7514100
2025-03-07,39.65,39.9,39.4,39.75,11663800
2025-03-10,40.0,40.3,39.2,40.0,15036900
2025-03-11,39.4,39.9,39.4,39.9,5687100
2025-03-12,40.0,40.05,39.3,39.75,10908500
2025-03-13,39.65,39.7,38.95,39.0,16107200
2025-03-14,38.8,39.05,38.35,38.85,12595200
2025-03-17,39.0,39.2,38.5,38.85,5677600
2025-03-18,38.95,39.1,38.4,38.4,6627800
2025-03-19,38.4,38.6,37.9,38.4,12163700
2025-03-20,38.4,39.0,38.1,38.9,8974900
2025-03-21,38.95,39.0,38.35,38.65,6529400
2025-03-24,38.7,38.7,37.9,38.6,9208700
2025-03-25,38.75,38.8,38.35,38.65,5559800
2025-03-26,38.65,39.2,38.45,38.6,10412200
2025-03-27,38.4,38.6,38.15,38.25,5286900
2025-03-28,38.25,38.7,37.95,38.25,6500900
2025-03-31,38.0,38.75,37.95,38.3,7858700
2025-04-01,38.65,39.7,38.3,39.7,12024400
2025-04-02,39.65,39.75,39.25,39.25,8155200
2025-04-03,38.1,38.5,36.55,36.55,90990400
2025-04-04,34.1,37.5,34.1,37.4,38581000
2025-04-08,36.0,36.9,34.8,34.8,50377200
2025-04-09,33.0,36.0,32.4,33.1,30887500
2025-04-10,35.4,35.4,35.4,35.4,231100
2025-04-11,35.4,37.85,35.4,37.85,45803600
2025-04-14,37.95,38.5,37.55,37.8,12950500
2025-04-15,37.45,38.45,37.1,38.45,16839800
2025-04-16,38.6,38.85,38.05,38.15,9915900
2025-04-17,38.0,38.5,37.95,38.3,12994500
2025-04-18,38.6,39.15,38.5,38.55,14439400
2025-04-21,38.55,41.2,37.85,40.45,34146600
2025-04-22,40.45,40.65,37.65,40.65,32019500
2025-04-23,41.05,41.2,40.15,40.2,13621800
2025-04-24,40.2,40.45,39.5,40.2,13836900
2025-04-25,40.2,40.5,39.15,39.15,23650700
2025-04-28,39.25,39.3,38.75,39.25,9043800
2025-04-29,39.2,39.4,38.9,39.1,4551800
2025-04-30,39.1,39.1,39.1,39.1,0
2025-05-01,39.1,39.1,39.1,39.1,0
2025-05-02,39.1,39.1,39.1,39.1,0
2025-05-05,39.1,39.1,39.1,39.1,0
2025-05-06,39.2,39.65,38.95,39.5,5167000
2025-05-07,39.4,39.7,38.85,38.85,8137000
2025-05-08,38.95,39.15,38.55,38.85,9004500
2025-05-09,38.85,39.6,38.75,39.5,9549200
2025-05-12,39.5,39.5,39.5,39.5,0
2025-05-13,39.8,40.05,39.75,40.0,17745900
2025-05-14,40.35,40.4,39.6,40.1,13378200
2025-05-15,40.2,40.3,39.7,40.0,11857000
2025-05-16,40.2,41.1,40.05,40.7,18297100
2025-05-19,39.5,39.65,38.95,39.0,15035800
2025-05-20,39.5,39.65,38.95,39.0,15035800
2025-05-21,39.0,39.65,39.0,39.5,10361100
2025-05-22,39.5,42.25,39.5,41.8,39103400
2025-05-23,41.75,42.0,41.0,41.1,9149500
2025-05-26,41.5,41.75,40.3,41.55,10359000
2025-05-27,41.5,41.75,40.3,41.55,10359000
2025-05-28,41.55,42.1,41.1,41.5,8067700
2025-05-29,41.7,41.7,41.05,41.05,7824600
2025-05-30,41.15,41.4,40.75,41.3,7364400
2025-06-02,40.7,42.2,40.5,41.8,11981200
2025-06-03,40.7,42.2,40.5,41.8,11981200
2025-06-04,41.9,42.0,41.55,41.6,5967100
2025-06-05,41.7,41.75,41.0,41.0,7724000
2025-06-06,41.0,41.9,41.0,41.35,10652000
2025-06-09,41.95,42.2,41.6,41.95,7225300
2025-06-10,41.95,42.2,41.6,41.95,7225300
2025-06-11,42.1,44.0,42.0,42.9,15151600
2025-06-12,43.15,43.3,42.6,42.85,6729600
2025-06-13,43.2,45.75,43.2,45.0,20238200
2025-06-16,44.6,45.5,44.55,45.5,8042500
2025-06-17,44.6,45.5,44.55,45.5,8042500
2025-06-18,45.55,46.4,45.5,46.0,8798900
2025-06-19,46.0,47.8,45.7,47.2,12882100
2025-06-20,47.2,47.45,46.7,47.15,8489700
2025-06-23,46.25,47.2,46.15,46.45,6599000
2025-06-24,46.25,47.2,46.15,46.45,6599000
2025-06-25,46.85,47.2,46.15,46.5,10511600
2025-06-26,46.5,47.35,46.45,46.8,6595600
2025-06-27,47.0,47.2,46.2,46.8,9648600
2025-06-30,46.6,47.05,46.35,46.7,6019100
2025-07-01,46.6,47.05,46.35,46.7,6019100
2025-07-02,46.8,46.95,46.45,46.95,6104200
2025-07-03,47.3,48.1,47.0,47.55,9449300
2025-07-04,47.4,47.7,46.4,46.65,14989200
2025-07-07,47.1,48.5,47.1,47.55,8252600
2025-07-08,47.1,48.5,47.1,47.55,8252600
2025-07-09,47.7,48.05,47.2,47.65,6020400
2025-07-10,48.0,48.1,47.35,47.8,9776500
2025-07-11,47.9,47.9,47.25,47.65,8376100
2025-07-14,47.75,48.1,47.2,47.95,8661400
2025-07-15,47.75,48.1,47.2,47.95,8661400
2025-07-16,48.2,49.2,47.7,47.7,9831600
2025-07-17,47.8,48.15,47.25,47.8,9529800
2025-07-18,48.05,48.4,47.6,47.7,9050500
2025-07-21,50.7,50.8,49.15,49.5,10525200
2025-07-22,50.7,50.8,49.15,49.5,10525200
2025-07-23,49.2,49.5,48.7,49.5,9543900
2025-07-24,49.7,49.7,48.5,48.7,15205900
2025-07-25,48.8,49.5,48.5,49.0,10168300
2025-07-28,48.8,49.3,48.35,49.1,15097200
2025-07-29,48.8,49.3,48.35,49.1,15097200
2025-07-30,49.1,50.8,48.0,48.0,24137000
2025-07-31,48.85,50.3,48.1,49.3,17249500
2025-08-01,49.9,50.7,49.25,49.95,18161500
2025-08-04,48.9,50.0,48.5,50.0,10261900
2025-08-05,48.9,50.0,48.5,50.0,10261900
2025-08-06,50.4,53.5,49.65,51.7,34970000
2025-08-07,52.6,54.1,52.2,54.1,12203200
2025-08-08,54.8,55.2,52.9,54.6,14247000
2025-08-11,53.6,53.8,52.7,53.7,11099300
2025-08-12,53.6,53.8,52.7,53.7,11099300
2025-08-13,53.6,54.8,53.0,54.0,7085300
2025-08-14,54.4,54.4,52.9,53.9,8805500
2025-08-15,54.3,56.3,53.7,55.4,16179400
2025-08-18,53.9,53.9,52.2,52.8,12871600
2025-08-19,53.9,53.9,52.2,52.8,12871600
2025-08-20,52.7,53.9,52.3,53.2,10619300
2025-08-21,53.4,54.4,51.7,54.1,25005100
2025-08-22,54.8,57.8,54.7,57.8,26950700
2025-08-25,56.2,56.5,51.7,53.0,22715200
2025-08-26,56.2,56.5,51.7,53.0,22715200
2025-08-27,52.5,55.0,52.4,55.0,12289300
2025-08-28,55.3,56.4,54.1,55.6,15918500
2025-08-29,55.9,56.2,54.4,54.8,8394200
2025-09-01,54.8,54.8,54.8,54.8,0
2025-09-02,54.8,54.8,54.8,54.8,0
2025-09-03,56.0,56.3,55.2,56.3,7512300
2025-09-04,56.0,56.3,55.2,56.3,7512300
2025-09-05,56.7,56.8,55.7,56.4,7720900
2025-09-08,55.7,56.2,53.9,54.0,11396400
2025-09-09,55.7,56.2,53.9,54.0,11396400
2025-09-10,53.9,54.3,53.1,54.2,6237400
2025-09-11,54.5,54.9,53.4,53.9,7469300
2025-09-12,54.2,55.7,52.6,55.4,12854900
2025-09-15,55.2,56.0,54.5,56.0,8931100
2025-09-16,55.2,56.0,54.5,56.0,8931100
2025-09-17,56.4,56.9,55.9,56.1,6628000
2025-09-18,56.3,56.6,55.5,56.2,8281600
2025-09-19,56.5,57.3,55.8,57.0,8193300
2025-09-22,55.5,55.7,53.6,54.8,8456900
2025-09-23,55.5,55.7,53.6,54.8,8456900
2025-09-24,55.2,55.7,54.5,55.4,5215300
2025-09-25,55.4,57.0,54.5,57.0,6866400
2025-09-26,57.2,57.2,56.0,56.9,6594300
2025-09-29,56.5,56.6,55.4,56.6,5361700
2025-09-30,56.5,56.6,55.4,56.6,5361700
2025-10-01,56.6,57.1,56.0,56.9,8892800
2025-10-02,57.1,59.8,56.7,59.8,18440100
2025-10-03,60.0,60.3,58.0,58.7,8412100
2025-10-06,58.0,59.8,57.1,59.8,10349900
2025-10-07,58.0,59.8,57.1,59.8,10349900
2025-10-08,60.0,60.4,58.5,58.5,7496400
2025-10-09,58.6,60.0,58.5,59.9,10390300
2025-10-10,60.3,61.0,59.7,60.0,9593000
2025-10-13,59.9,61.0,59.3,61.0,7743200
2025-10-14,59.9,61.0,59.3,61.0,7743200
2025-10-15,61.1,61.3,60.1,60.6,7039200
2025-10-16,60.2,60.8,60.0,60.0,3805800
2025-10-17,60.1,60.4,58.5,59.5,10235300
2025-10-20,58.6,58.8,54.9,54.9,13295700
2025-10-21,58.6,58.8,54.9,54.9,13295700
2025-10-22,55.5,55.6,53.0,55.6,11955700
2025-10-23,55.7,55.7,53.5,55.4,5680600
2025-10-24,55.4,55.9,54.7,55.6,5822500
2025-10-27,54.5,55.3,53.5,54.6,4852600
2025-10-28,54.5,55.3,53.5,54.6,4852600
2025-10-29,54.4,56.8,53.6,56.8,6598200
2025-10-30,56.8,58.1,56.5,57.2,5986100
2025-10-31,57.2,57.3,56.4,56.9,3281900
2025-11-03,55.4,55.8,52.3,52.3,6619800
2025-11-04,52.0,54.8,51.7,53.9,11567100
2025-11-05,52.0,54.8,51.7,53.9,11567100
2025-11-06,53.5,53.8,51.9,51.9,7748900
2025-11-07,51.7,51.9,48.35,48.35,20318100
2025-11-10,48.5,49.4,48.35,48.5,8290900
2025-11-11,48.7,49.65,47.45,49.65,8621000
2025-11-12,49.7,50.6,48.85,50.6,8640000
2025-11-13,50.5,50.5,48.55,48.7,17041000
2025-11-14,48.6,48.65,47.4,48.05,14304600
2025-11-17,48.1,49.05,47.9,48.9,10169700
2025-11-18,48.9,49.65,48.5,49.5,8541600
2025-11-19,49.45,50.3,49.05,49.5,9515600
2025-11-20,49.5,49.8,49.1,49.5,5896100
2025-11-21,49.05,51.3,48.9,51.3,10132900
2025-11-24,51.5,51.5,50.0,50.0,6116900
2025-11-25,50.0,51.0,49.75,50.0,5219100
2025-11-26,50.1,51.2,49.95,49.95,7616300
2025-11-27,49.8,50.6,49.3,49.3,3672600
2025-11-28,49.0,49.55,48.6,48.6,4671200
2025-12-01,48.7,49.6,48.65,49.0,3344100
2025-12-02,49.0,49.65,49.0,49.4,5477800
2025-12-03,49.2,50.9,49.2,49.7,7311300
2025-12-04,49.2,50.9,49.2,49.7,7311300
2025-12-05,50.6,50.6,49.2,49.2,6092100
2025-12-08,49.2,49.25,48.7,48.7,4224200
2025-12-09,48.35,49.25,48.05,48.55,10646500
2025-12-10,48.45,48.65,48.4,48.6,5984100
2025-12-11,48.4,48.6,47.7,47.7,6162200
2025-12-12,47.7,48.5,46.0,46.0,8811500
2025-12-15,46.05,47.2,45.95,46.8,6054400
2025-12-16,46.5,48.2,46.5,47.05,5417200
2025-12-17,47.2,47.8,47.1,47.2,4055200
2025-12-18,47.2,47.8,47.1,47.2,4055200
2025-12-19,47.7,49.0,47.7,49.0,7229300
2025-12-22,49.3,52.4,48.6,52.4,13019000
2025-12-23,54.7,56.0,54.2,56.0,8408800
2025-12-24,58.8,58.8,56.6,58.7,19984100
2025-12-25,58.8,58.8,56.6,58.7,19984100
2025-12-26,55.5,57.5,53.1,57.5,17485500
2025-12-29,58.2,60.4,58.1,59.9,22403400
2025-12-30,60.3,60.8,58.5,60.0,19183500
2025-12-31,59.6,60.2,58.0,58.0,14589500
2026-01-01,58.0,58.0,58.0,58.0,0
2026-01-02,58.0,58.0,58.0,58.0,0
2026-01-05,58.2,58.3,56.0,57.9,18337600
2026-01-06,57.5,58.7,56.7,56.7,12705700
2026-01-07,55.6,55.9,52.8,53.4,53941300
2026-01-08,53.7,55.2,53.1,53.5,16488100
2026-01-09,53.6,54.3,51.5,51.8,21551500
2026-01-12,51.5,54.3,51.1,53.8,21181100
2026-01-13,53.8,55.2,53.7,54.1,18230000
2026-01-14,53.9,55.1,53.8,54.1,14857600
2026-01-15,53.8,57.8,53.7,57.8,23196000
2026-01-16,59.4,60.6,57.9,58.4,18237000
2026-01-19,58.0,58.7,57.6,58.3,8938300
2026-01-20,58.2,60.9,58.1,58.1,16114900
2026-01-21,57.6,62.1,57.2,62.1,25967900
2026-01-22,63.0,66.4,63.0,63.5,17206700
2026-01-23,63.2,66.1,62.6,62.6,16451000
2026-01-26,63.0,63.8,61.6,62.0,14884400
2026-01-27,62.0,63.3,61.0,61.9,12496700
2026-01-28,62.0,65.6,61.9,63.2,12810300
2026-01-29,64.0,64.4,62.6,62.8,7052500
2026-01-30,62.8,65.0,62.7,63.0,9372100
2026-02-02,63.0,64.0,62.0,63.5,12216000
2026-02-03,64.0,64.5,62.7,63.0,10152200
2026-02-04,62.8,64.6,62.6,63.8,11683400
2026-02-05,63.8,65.0,62.3,62.3,10907100
2026-02-06,61.8,62.4,60.8,61.5,14979600
2026-02-09,61.6,62.1,60.3,60.3,5613100
2026-02-10,60.3,60.7,59.0,59.5,15767700
2026-02-11,59.3,62.9,59.3,61.1,8440100
2026-02-12,61.2,62.7,61.1,61.1,4636600
2026-02-13,61.2,62.6,61.1,62.6,8998200
2026-02-16,62.6,62.6,62.6,62.6,0
2026-02-17,62.6,62.6,62.6,62.6,0
2026-02-18,62.6,62.6,62.6,62.6,0
2026-02-19,62.6,62.6,62.6,62.6,0
2026-02-20,62.6,62.6,62.6,62.6,0
2026-02-23,62.5,63.7,62.5,62.9,5818900
2026-02-24,63.2,64.2,63.0,63.4,7967200
2026-02-25,63.4,67.8,63.4,66.7,20065800
2026-02-26,66.8,67.3,65.6,67.0,8140000
2026-02-27,66.9,67.2,65.5,65.5,7079500
2026-03-02,65.1,70.0,64.1,67.0,22266500
2026-03-03,65.1,70.0,64.1,67.0,22266500
2026-03-04,67.6,68.1,65.3,66.7,15992100
2026-03-05,67.6,68.7,64.9,64.9,11705000
2026-03-06,64.9,65.4,62.6,63.8,9695500
2026-03-09,59.4,64.1,59.4,60.8,34718500
2026-03-10,63.0,65.0,62.6,65.0,21117100
2026-03-11,65.1,67.4,64.5,66.3,9254700
2026-03-12,65.6,67.1,65.1,65.7,6081700
2026-03-13,65.0,67.0,64.9,65.8,6921900
2026-03-16,65.7,68.9,65.6,66.6,10881400
2026-03-17,67.0,69.2,67.0,67.6,8825000
2026-03-18,67.7,68.8,62.9,63.3,33645200
2026-03-19,63.3,64.7,62.1,63.4,11631900
2026-03-20,63.1,64.0,62.7,63.4,9388100
2026-03-23,62.4,62.9,60.0,60.0,8986900
2026-03-24,61.1,62.0,60.5,60.8,6025600
2026-03-25,61.3,62.7,61.1,62.2,5688900
2026-03-26,62.0,62.1,60.3,60.6,5034300
2026-03-27,60.5,60.7,59.7,59.9,9368300
2026-03-30,58.9,63.4,58.1,61.2,7574900
2026-03-31,61.2,62.7,61.2,62.2,5233600
2026-04-01,62.8,63.7,62.2,62.2,3187200
2026-04-02,61.6,62.1,60.7,61.1,6494800
2026-04-03,60.8,62.3,60.6,60.8,4610800
2026-04-06,60.8,62.1,59.6,61.2,4204600
2026-04-07,61.5,62.0,61.0,61.7,2931800
2026-04-08,63.5,66.0,63.1,66.0,9822700
2026-04-09,65.9,68.8,65.5,66.3,11522600
2026-04-10,66.3,68.7,66.1,66.9,10148800
2026-04-13,66.3,68.7,66.0,67.3,5230900
2026-04-14,67.9,68.2,66.1,66.1,4179900
2026-04-15,66.4,66.5,64.3,64.3,6883400
2026-04-16,64.5,65.5,63.5,63.8,4595200
2026-04-17,64.0,65.2,63.9,64.0,3714500
2026-04-20,64.5,65.2,64.1,64.2,2566400
2026-04-21,68.0,68.6,66.9,67.7,14144000
2026-04-22,68.4,69.2,66.5,66.5,8519100
2026-04-23,66.7,67.0,65.2,65.4,7987700
2026-04-24,65.4,65.5,64.8,64.9,2756500
2026-04-27,64.9,64.9,64.9,64.9,0
2026-04-28,65.9,69.3,65.1,68.1,8214800
2026-04-29,67.8,68.9,67.3,67.5,4951500
2026-04-30,67.5,67.5,67.5,67.5,0
2026-05-01,67.5,67.5,67.5,67.5,0
2026-05-04,67.6,68.1,66.2,66.2,4121200
2026-05-05,66.2,67.0,65.8,66.6,3623900
2026-05-06,66.6,69.8,66.6,68.9,7606000
2026-05-07,69.0,73.7,68.4,73.7,18877100
2026-05-08,74.0,74.8,72.3,73.5,4750300
2026-05-11,73.0,73.3,71.9,72.2,3266700
2026-05-12,72.3,76.8,71.9,76.8,6934600
2026-05-13,76.0,76.6,73.5,73.5,10029200
2026-05-14,73.0,75.1,72.8,73.6,4387600
2026-05-15,73.9,74.4,72.8,72.9,3743400
2026-05-18,72.9,74.0,71.6,72.1,5605300
2026-05-19,72.1,73.3,71.6,72.3,4823500
2026-05-20,71.7,72.4,70.1,71.6,5903700
2026-05-21,71.8,72.8,70.7,70.8,5478500
2026-05-22,71.1,71.8,70.5,71.2,4564100
2026-05-25,71.2,72.0,70.0,70.0,4541800
2026-05-26,70.3,70.9,69.3,69.6,5384000
2026-05-27,70.0,70.5,68.3,68.3,5709900
2026-05-28,68.4,69.4,68.0,68.0,7107900
2026-05-29,68.0,68.8,68.0,68.0,2629200
2026-06-01,68.4,69.6,67.0,67.0,5044700
2026-06-02,67.2,67.6,66.3,66.6,6788500
2026-06-03,66.5,67.6,66.1,66.1,5310300
2026-06-04,66.3,70.5,66.2,70.4,10815200
2026-06-05,70.5,70.5,69.2,69.8,3820900
2026-06-08,69.2,71.0,68.6,69.8,4880800
2026-06-09,70.0,73.5,69.2,72.0,8269000
2026-06-10,72.1,72.3,70.6,70.6,3159300
2026-06-11,70.7,72.5,70.0,71.3,4074600
2026-06-12,71.5,73.0,70.9,70.9,5420000
2026-06-15,71.1,73.0,71.1,71.8,4486600
2026-06-16,72.1,73.0,71.3,71.3,2756600
2026-06-17,71.3,73.5,71.2,72.1,6158700
2026-06-18,72.5,72.5,70.9,70.9,3321200
2026-06-19,71.2,72.3,70.7,72.3,7599400
2026-06-22,72.2,72.8,71.2,71.2,1971200
2026-06-23,71.4,75.5,70.9,71.7,8901600
2026-06-24,71.8,73.6,71.2,71.2,3739700
2026-06-25,71.2,73.3,71.2,72.2,6085200
2026-06-26,72.0,75.0,72.0,73.7,6865100
2026-06-29,73.9,76.2,73.7,74.9,8809100
2026-06-30,74.9,75.6,73.7,73.8,2833300
2026-07-01,74.9,75.6,73.7,73.8,2833300
2026-07-02,73.0,74.1,72.6,72.6,2656100
2026-07-03,72.9,72.9,72.0,72.0,2644200
2026-07-06,72.3,72.6,70.8,70.8,3503000
2026-07-07,70.7,72.0,70.6,70.8,2796900
2026-07-08,71.4,72.0,70.9,70.9,2344200
2026-07-09,71.1,71.6,71.0,71.0,1550100
2026-07-10,71.2,71.8,70.1,70.1,2145300
2026-07-13,70.3,70.3,68.5,68.5,4346600
2026-07-14,68.3,71.1,68.3,70.4,4375100
2026-07-15,70.6,71.6,69.8,69.8,3008400
2026-07-16,69.5,72.5,69.5,71.8,7250100
2026-07-17,72.0,74.2,71.6,73.5,7097200
2026-07-20,72.7,73.8,69.0,73.0,5188900
2026-07-21,73.0,73.9,72.2,72.7,4771800
2026-07-22,72.9,73.7,71.0,71.0,8575100
2026-07-23,71.2,73.9,70.6,72.0,6397700
2026-07-24,73.0,74.0,71.7,73.5,6106500
2026-07-27,73.5,75.0,72.5,72.5,2395500
2026-07-28,72.4,73.6,71.8,72.5,1780100
2026-07-29,72.9,72.9,71.5,71.5,2832200
2026-07-30,71.7,73.0,71.0,71.6,2420000
2026-07-31,71.5,72.3,71.1,71.3,2789200
2026-08-03,71.8,72.5,71.3,71.5,3070900
2026-08-04,72.1,74.1,71.9,74.1,4940100
2026-08-05,74.5,74.9,73.2,73.2,2746300
2026-08-06,73.2,73.6,72.2,72.2,1486200
2026-08-07,72.5,76.1,72.4,74.6,6083800
2026-08-10,75.0,76.1,74.3,74.6,2084300
2026-08-11,74.9,75.3,74.2,74.3,1542200
2026-08-12,74.3,75.4,74.1,74.1,1566500
2026-08-13,74.7,74.8,73.1,73.1,2354000
2026-08-14,73.1,73.5,72.3,72.3,2386900
