{
  "model": "Parallel LSTM-GNN (knn graph)",
  "timestamp": "2026-06-22_084038",
  "architecture": "Parallel (LSTM temporal + GNN spatial) -> Concatenation fusion",
  "graph_method": "knn",
  "config": {
    "num_stocks": 30,
    "learning_rate": 0.005,
    "batch_size": 11,
    "num_epochs_trained": 5,
    "best_epoch": 4,
    "patience": 3,
    "weight_decay": 1e-05
  },
  "training_summary": {
    "num_epochs_trained": 5,
    "best_epoch": 4,
    "best_val_loss": 136117.53614683548,
    "total_time_minutes": 11.167945655186971
  },
  "test_metrics": {
    "mse": 7.014169568719808e-06,
    "rmse": 0.0026484277541061617,
    "mae": 0.0007156518986448646,
    "r2": 0.7129729688167572,
    "qlike": 0.561978816986084,
    "directional_accuracy": 68.01982085000952
  }
}